PDB,plddt,local_plddt,seq_count,5ond_rmsd,2lcl_rmsd
results_updated/RfaH/run1/divide_and_conquer/clades/clade_001/shuffle_01/group_003_unrelaxed_rank_001_alphafold2_ptm_model_1_seed_000.pdb,78.37604938271603,74.52315789473684,13,1.7226593,9.695592
results_updated/RfaH/run1/divide_and_conquer/clades/clade_001/shuffle_01/group_002_unrelaxed_rank_001_alphafold2_ptm_model_1_seed_000.pdb,74.63308641975307,67.18,13,1.8619257,9.760841
results_updated/RfaH/run1/divide_and_conquer/clades/clade_001/shuffle_01/group_006_unrelaxed_rank_001_alphafold2_ptm_model_1_seed_000.pdb,76.97111111111111,70.84052631578949,13,2.1952598,9.875525
results_updated/RfaH/run1/divide_and_conquer/clades/clade_001/shuffle_01/group_005_unrelaxed_rank_001_alphafold2_ptm_model_1_seed_000.pdb,72.70808641975309,57.225000000000016,13,3.3472877,8.789768
results_updated/RfaH/run1/divide_and_conquer/clades/clade_001/shuffle_01/group_008_unrelaxed_rank_001_alphafold2_ptm_model_1_seed_000.pdb,76.43543209876543,69.8271052631579,17,2.176778,9.725337
results_updated/RfaH/run1/divide_and_conquer/clades/clade_001/shuffle_01/group_007_unrelaxed_rank_001_alphafold2_ptm_model_1_seed_000.pdb,78.05543209876544,74.91263157894737,13,1.7691329,9.642032
results_updated/RfaH/run1/divide_and_conquer/clades/clade_001/shuffle_01/group_001_unrelaxed_rank_001_alphafold2_ptm_model_1_seed_000.pdb,76.85179012345678,71.41842105263157,13,1.9499106,9.730748
results_updated/RfaH/run1/divide_and_conquer/clades/clade_001/shuffle_01/group_004_unrelaxed_rank_001_alphafold2_ptm_model_1_seed_000.pdb,69.47246913580247,47.48631578947368,13,3.6531115,9.045217
results_updated/RfaH/run1/divide_and_conquer/clades/clade_001/shuffle_02/group_003_unrelaxed_rank_001_alphafold2_ptm_model_1_seed_000.pdb,69.93827160493827,44.26526315789474,13,8.166398,2.9904773
results_updated/RfaH/run1/divide_and_conquer/clades/clade_001/shuffle_02/group_002_unrelaxed_rank_001_alphafold2_ptm_model_1_seed_000.pdb,76.66216049382716,70.97,13,2.280454,9.851576
results_updated/RfaH/run1/divide_and_conquer/clades/clade_001/shuffle_02/group_006_unrelaxed_rank_001_alphafold2_ptm_model_1_seed_000.pdb,81.87024691358025,78.70342105263158,13,6.121198,12.225061
results_updated/RfaH/run1/divide_and_conquer/clades/clade_001/shuffle_02/group_005_unrelaxed_rank_001_alphafold2_ptm_model_1_seed_000.pdb,67.18944444444443,41.10368421052632,13,6.3232417,9.725454
results_updated/RfaH/run1/divide_and_conquer/clades/clade_001/shuffle_02/group_008_unrelaxed_rank_001_alphafold2_ptm_model_1_seed_000.pdb,76.49098765432099,71.04210526315791,17,1.8622963,9.822817
results_updated/RfaH/run1/divide_and_conquer/clades/clade_001/shuffle_02/group_007_unrelaxed_rank_001_alphafold2_ptm_model_1_seed_000.pdb,76.07253086419753,68.84684210526316,13,2.1925583,9.668823
results_updated/RfaH/run1/divide_and_conquer/clades/clade_001/shuffle_02/group_001_unrelaxed_rank_001_alphafold2_ptm_model_1_seed_000.pdb,75.48179012345679,67.36157894736844,13,1.8915777,9.806882
results_updated/RfaH/run1/divide_and_conquer/clades/clade_001/shuffle_02/group_004_unrelaxed_rank_001_alphafold2_ptm_model_1_seed_000.pdb,69.08524691358025,51.37263157894736,13,3.4469187,9.24778
results_updated/RfaH/run1/divide_and_conquer/clades/clade_001/shuffle_03/group_003_unrelaxed_rank_001_alphafold2_ptm_model_1_seed_000.pdb,77.48209876543208,71.12526315789474,13,2.2669961,9.707842
results_updated/RfaH/run1/divide_and_conquer/clades/clade_001/shuffle_03/group_002_unrelaxed_rank_001_alphafold2_ptm_model_1_seed_000.pdb,76.91962962962963,71.8092105263158,13,2.1215062,9.897118
results_updated/RfaH/run1/divide_and_conquer/clades/clade_001/shuffle_03/group_006_unrelaxed_rank_001_alphafold2_ptm_model_1_seed_000.pdb,69.6725925925926,52.10578947368421,13,3.4041839,8.681792
results_updated/RfaH/run1/divide_and_conquer/clades/clade_001/shuffle_03/group_005_unrelaxed_rank_001_alphafold2_ptm_model_1_seed_000.pdb,76.30148148148149,70.06078947368421,13,1.694089,9.707488
results_updated/RfaH/run1/divide_and_conquer/clades/clade_001/shuffle_03/group_008_unrelaxed_rank_001_alphafold2_ptm_model_1_seed_000.pdb,76.19648148148148,70.35210526315788,17,1.7996899,9.697865
results_updated/RfaH/run1/divide_and_conquer/clades/clade_001/shuffle_03/group_007_unrelaxed_rank_001_alphafold2_ptm_model_1_seed_000.pdb,76.86635802469135,69.6436842105263,13,3.432974,10.4219885
results_updated/RfaH/run1/divide_and_conquer/clades/clade_001/shuffle_03/group_001_unrelaxed_rank_001_alphafold2_ptm_model_1_seed_000.pdb,74.88283950617284,62.766315789473694,13,6.4409676,13.634476
results_updated/RfaH/run1/divide_and_conquer/clades/clade_001/shuffle_03/group_004_unrelaxed_rank_001_alphafold2_ptm_model_1_seed_000.pdb,75.58691358024691,65.09499999999998,13,5.895848,12.085971
results_updated/RfaH/run1/divide_and_conquer/clades/clade_001/shuffle_04/group_003_unrelaxed_rank_001_alphafold2_ptm_model_1_seed_000.pdb,77.1633950617284,70.23105263157895,13,3.4656923,10.606466
results_updated/RfaH/run1/divide_and_conquer/clades/clade_001/shuffle_04/group_002_unrelaxed_rank_001_alphafold2_ptm_model_1_seed_000.pdb,77.9787037037037,72.35499999999999,13,2.2564242,9.8937235
results_updated/RfaH/run1/divide_and_conquer/clades/clade_001/shuffle_04/group_006_unrelaxed_rank_001_alphafold2_ptm_model_1_seed_000.pdb,75.35932098765431,65.41868421052632,13,2.0331402,9.675581
results_updated/RfaH/run1/divide_and_conquer/clades/clade_001/shuffle_04/group_005_unrelaxed_rank_001_alphafold2_ptm_model_1_seed_000.pdb,77.97129629629632,71.32552631578949,13,2.1789596,9.713645
results_updated/RfaH/run1/divide_and_conquer/clades/clade_001/shuffle_04/group_008_unrelaxed_rank_001_alphafold2_ptm_model_1_seed_000.pdb,76.18962962962964,71.15947368421052,17,1.8513231,9.52939
results_updated/RfaH/run1/divide_and_conquer/clades/clade_001/shuffle_04/group_007_unrelaxed_rank_001_alphafold2_ptm_model_1_seed_000.pdb,75.62216049382717,67.76,13,2.020927,9.747806
results_updated/RfaH/run1/divide_and_conquer/clades/clade_001/shuffle_04/group_001_unrelaxed_rank_001_alphafold2_ptm_model_1_seed_000.pdb,78.4453086419753,75.24052631578947,13,1.9127097,9.7106905
results_updated/RfaH/run1/divide_and_conquer/clades/clade_001/shuffle_04/group_004_unrelaxed_rank_001_alphafold2_ptm_model_1_seed_000.pdb,75.89444444444443,70.94736842105263,13,1.9637554,9.63823
results_updated/RfaH/run1/divide_and_conquer/clades/clade_001/shuffle_05/group_003_unrelaxed_rank_001_alphafold2_ptm_model_1_seed_000.pdb,78.44154320987654,74.00026315789474,13,2.0088987,9.8035555
results_updated/RfaH/run1/divide_and_conquer/clades/clade_001/shuffle_05/group_002_unrelaxed_rank_001_alphafold2_ptm_model_1_seed_000.pdb,76.22611111111112,69.88394736842106,13,1.8706974,9.739297
results_updated/RfaH/run1/divide_and_conquer/clades/clade_001/shuffle_05/group_006_unrelaxed_rank_001_alphafold2_ptm_model_1_seed_000.pdb,75.4346913580247,68.37499999999999,13,2.282196,9.840534
results_updated/RfaH/run1/divide_and_conquer/clades/clade_001/shuffle_05/group_005_unrelaxed_rank_001_alphafold2_ptm_model_1_seed_000.pdb,74.42796296296295,61.160789473684225,13,6.655599,9.454748
results_updated/RfaH/run1/divide_and_conquer/clades/clade_001/shuffle_05/group_008_unrelaxed_rank_001_alphafold2_ptm_model_1_seed_000.pdb,72.73567901234568,50.997368421052634,17,8.504946,2.5002599
results_updated/RfaH/run1/divide_and_conquer/clades/clade_001/shuffle_05/group_007_unrelaxed_rank_001_alphafold2_ptm_model_1_seed_000.pdb,76.27833333333334,67.75552631578948,13,2.0934532,9.774282
results_updated/RfaH/run1/divide_and_conquer/clades/clade_001/shuffle_05/group_001_unrelaxed_rank_001_alphafold2_ptm_model_1_seed_000.pdb,75.48432098765431,69.97473684210524,13,1.9632312,9.696648
results_updated/RfaH/run1/divide_and_conquer/clades/clade_001/shuffle_05/group_004_unrelaxed_rank_001_alphafold2_ptm_model_1_seed_000.pdb,78.09512345679012,75.74894736842106,13,1.7995205,9.772998
results_updated/RfaH/run1/divide_and_conquer/clades/clade_001/shuffle_06/group_003_unrelaxed_rank_001_alphafold2_ptm_model_1_seed_000.pdb,76.77444444444446,70.70368421052633,13,2.0206947,9.633839
results_updated/RfaH/run1/divide_and_conquer/clades/clade_001/shuffle_06/group_002_unrelaxed_rank_001_alphafold2_ptm_model_1_seed_000.pdb,76.90771604938273,69.63394736842105,13,2.2894156,9.946953
results_updated/RfaH/run1/divide_and_conquer/clades/clade_001/shuffle_06/group_006_unrelaxed_rank_001_alphafold2_ptm_model_1_seed_000.pdb,76.38327160493827,71.36842105263156,13,2.1908917,9.774059
results_updated/RfaH/run1/divide_and_conquer/clades/clade_001/shuffle_06/group_005_unrelaxed_rank_001_alphafold2_ptm_model_1_seed_000.pdb,77.4391975308642,70.89631578947369,13,3.1527722,10.265363
results_updated/RfaH/run1/divide_and_conquer/clades/clade_001/shuffle_06/group_008_unrelaxed_rank_001_alphafold2_ptm_model_1_seed_000.pdb,65.65265432098765,41.443947368421064,17,3.7093146,9.236598
results_updated/RfaH/run1/divide_and_conquer/clades/clade_001/shuffle_06/group_007_unrelaxed_rank_001_alphafold2_ptm_model_1_seed_000.pdb,71.31623456790123,55.36447368421052,13,3.9527025,9.398076
results_updated/RfaH/run1/divide_and_conquer/clades/clade_001/shuffle_06/group_001_unrelaxed_rank_001_alphafold2_ptm_model_1_seed_000.pdb,75.07006172839505,62.873684210526314,13,5.8280725,11.963731
results_updated/RfaH/run1/divide_and_conquer/clades/clade_001/shuffle_06/group_004_unrelaxed_rank_001_alphafold2_ptm_model_1_seed_000.pdb,68.12925925925926,46.5307894736842,13,8.203301,2.786769
results_updated/RfaH/run1/divide_and_conquer/clades/clade_001/shuffle_07/group_003_unrelaxed_rank_001_alphafold2_ptm_model_1_seed_000.pdb,63.702716049382715,38.374210526315785,13,6.2834134,8.519169
results_updated/RfaH/run1/divide_and_conquer/clades/clade_001/shuffle_07/group_002_unrelaxed_rank_001_alphafold2_ptm_model_1_seed_000.pdb,68.04827160493826,45.679210526315785,13,6.166524,12.027583
results_updated/RfaH/run1/divide_and_conquer/clades/clade_001/shuffle_07/group_006_unrelaxed_rank_001_alphafold2_ptm_model_1_seed_000.pdb,73.33685185185185,62.14184210526315,13,7.6505947,13.610018
results_updated/RfaH/run1/divide_and_conquer/clades/clade_001/shuffle_07/group_005_unrelaxed_rank_001_alphafold2_ptm_model_1_seed_000.pdb,78.78061728395062,74.52052631578948,13,1.7879134,9.721519
results_updated/RfaH/run1/divide_and_conquer/clades/clade_001/shuffle_07/group_008_unrelaxed_rank_001_alphafold2_ptm_model_1_seed_000.pdb,78.89314814814814,71.42368421052632,17,6.363587,13.555236
results_updated/RfaH/run1/divide_and_conquer/clades/clade_001/shuffle_07/group_007_unrelaxed_rank_001_alphafold2_ptm_model_1_seed_000.pdb,79.94197530864197,76.63921052631578,13,1.747401,9.670231
results_updated/RfaH/run1/divide_and_conquer/clades/clade_001/shuffle_07/group_001_unrelaxed_rank_001_alphafold2_ptm_model_1_seed_000.pdb,77.1329012345679,72.70315789473685,13,1.8824611,9.801014
results_updated/RfaH/run1/divide_and_conquer/clades/clade_001/shuffle_07/group_004_unrelaxed_rank_001_alphafold2_ptm_model_1_seed_000.pdb,78.24962962962962,75.6042105263158,13,1.9074819,9.748367
results_updated/RfaH/run1/divide_and_conquer/clades/clade_001/shuffle_08/group_003_unrelaxed_rank_001_alphafold2_ptm_model_1_seed_000.pdb,76.97783950617284,69.52000000000001,13,6.4394317,12.499621
results_updated/RfaH/run1/divide_and_conquer/clades/clade_001/shuffle_08/group_002_unrelaxed_rank_001_alphafold2_ptm_model_1_seed_000.pdb,77.17864197530864,70.3621052631579,13,2.277932,9.825983
results_updated/RfaH/run1/divide_and_conquer/clades/clade_001/shuffle_08/group_006_unrelaxed_rank_001_alphafold2_ptm_model_1_seed_000.pdb,76.6801851851852,69.63157894736842,13,2.419365,9.878122
results_updated/RfaH/run1/divide_and_conquer/clades/clade_001/shuffle_08/group_005_unrelaxed_rank_001_alphafold2_ptm_model_1_seed_000.pdb,66.26037037037037,44.89394736842105,13,6.8513417,8.5471735
results_updated/RfaH/run1/divide_and_conquer/clades/clade_001/shuffle_08/group_008_unrelaxed_rank_001_alphafold2_ptm_model_1_seed_000.pdb,77.60456790123457,72.93763157894738,17,1.791487,9.643046
results_updated/RfaH/run1/divide_and_conquer/clades/clade_001/shuffle_08/group_007_unrelaxed_rank_001_alphafold2_ptm_model_1_seed_000.pdb,78.42043209876543,73.49473684210527,13,1.9119284,9.851516
results_updated/RfaH/run1/divide_and_conquer/clades/clade_001/shuffle_08/group_001_unrelaxed_rank_001_alphafold2_ptm_model_1_seed_000.pdb,75.38895061728394,68.37210526315789,13,2.3120005,9.893902
results_updated/RfaH/run1/divide_and_conquer/clades/clade_001/shuffle_08/group_004_unrelaxed_rank_001_alphafold2_ptm_model_1_seed_000.pdb,77.05055555555556,72.0621052631579,13,2.0692894,9.7048235
results_updated/RfaH/run1/divide_and_conquer/clades/clade_001/shuffle_09/group_003_unrelaxed_rank_001_alphafold2_ptm_model_1_seed_000.pdb,77.79956790123457,73.39263157894737,13,1.95357,9.70862
results_updated/RfaH/run1/divide_and_conquer/clades/clade_001/shuffle_09/group_002_unrelaxed_rank_001_alphafold2_ptm_model_1_seed_000.pdb,77.62944444444445,72.20763157894737,13,2.1921105,9.642317
results_updated/RfaH/run1/divide_and_conquer/clades/clade_001/shuffle_09/group_006_unrelaxed_rank_001_alphafold2_ptm_model_1_seed_000.pdb,76.99753086419754,73.40736842105264,13,1.9795359,9.71991
results_updated/RfaH/run1/divide_and_conquer/clades/clade_001/shuffle_09/group_005_unrelaxed_rank_001_alphafold2_ptm_model_1_seed_000.pdb,76.77179012345678,71.52263157894737,13,1.9853579,9.730744
results_updated/RfaH/run1/divide_and_conquer/clades/clade_001/shuffle_09/group_008_unrelaxed_rank_001_alphafold2_ptm_model_1_seed_000.pdb,75.11839506172839,66.57052631578948,17,1.9280396,9.627833
results_updated/RfaH/run1/divide_and_conquer/clades/clade_001/shuffle_09/group_007_unrelaxed_rank_001_alphafold2_ptm_model_1_seed_000.pdb,77.14271604938273,71.66131578947369,13,1.9926809,9.663027
results_updated/RfaH/run1/divide_and_conquer/clades/clade_001/shuffle_09/group_001_unrelaxed_rank_001_alphafold2_ptm_model_1_seed_000.pdb,74.40790123456792,63.159473684210525,13,6.2469697,12.175391
results_updated/RfaH/run1/divide_and_conquer/clades/clade_001/shuffle_09/group_004_unrelaxed_rank_001_alphafold2_ptm_model_1_seed_000.pdb,73.9895061728395,63.081578947368406,13,2.2535288,9.788714
results_updated/RfaH/run1/divide_and_conquer/clades/clade_001/shuffle_10/group_003_unrelaxed_rank_001_alphafold2_ptm_model_1_seed_000.pdb,68.36592592592594,45.677894736842106,13,7.7575383,12.973896
results_updated/RfaH/run1/divide_and_conquer/clades/clade_001/shuffle_10/group_002_unrelaxed_rank_001_alphafold2_ptm_model_1_seed_000.pdb,68.94067901234567,53.15736842105264,13,5.863771,11.976273
results_updated/RfaH/run1/divide_and_conquer/clades/clade_001/shuffle_10/group_006_unrelaxed_rank_001_alphafold2_ptm_model_1_seed_000.pdb,79.28512345679012,74.7557894736842,13,1.9479007,9.874487
results_updated/RfaH/run1/divide_and_conquer/clades/clade_001/shuffle_10/group_005_unrelaxed_rank_001_alphafold2_ptm_model_1_seed_000.pdb,70.9811111111111,55.24473684210528,13,3.3698568,8.764898
results_updated/RfaH/run1/divide_and_conquer/clades/clade_001/shuffle_10/group_008_unrelaxed_rank_001_alphafold2_ptm_model_1_seed_000.pdb,77.5079012345679,72.2121052631579,17,1.9046849,9.765196
results_updated/RfaH/run1/divide_and_conquer/clades/clade_001/shuffle_10/group_007_unrelaxed_rank_001_alphafold2_ptm_model_1_seed_000.pdb,76.37765432098766,70.09657894736843,13,1.8800273,9.691581
results_updated/RfaH/run1/divide_and_conquer/clades/clade_001/shuffle_10/group_001_unrelaxed_rank_001_alphafold2_ptm_model_1_seed_000.pdb,78.21932098765433,73.55026315789476,13,2.2103152,9.977754
results_updated/RfaH/run1/divide_and_conquer/clades/clade_001/shuffle_10/group_004_unrelaxed_rank_001_alphafold2_ptm_model_1_seed_000.pdb,72.63154320987654,56.755,13,8.194169,2.4500237
results_updated/RfaH/run1/divide_and_conquer/clades/clade_002/shuffle_01/group_003_unrelaxed_rank_001_alphafold2_ptm_model_1_seed_000.pdb,68.69932098765433,45.1578947368421,13,5.7619553,5.9763045
results_updated/RfaH/run1/divide_and_conquer/clades/clade_002/shuffle_01/group_002_unrelaxed_rank_001_alphafold2_ptm_model_1_seed_000.pdb,72.75006172839507,57.241842105263146,13,6.272422,8.885508
results_updated/RfaH/run1/divide_and_conquer/clades/clade_002/shuffle_01/group_006_unrelaxed_rank_001_alphafold2_ptm_model_1_seed_000.pdb,80.08456790123458,76.63736842105264,13,9.175946,1.4464364
results_updated/RfaH/run1/divide_and_conquer/clades/clade_002/shuffle_01/group_005_unrelaxed_rank_001_alphafold2_ptm_model_1_seed_000.pdb,73.80746913580248,54.52421052631578,13,8.895775,1.8053384
results_updated/RfaH/run1/divide_and_conquer/clades/clade_002/shuffle_01/group_008_unrelaxed_rank_001_alphafold2_ptm_model_1_seed_000.pdb,65.66148148148147,40.56921052631579,17,5.7472386,10.255533
results_updated/RfaH/run1/divide_and_conquer/clades/clade_002/shuffle_01/group_007_unrelaxed_rank_001_alphafold2_ptm_model_1_seed_000.pdb,79.25271604938271,80.78684210526316,13,15.531859,1.5045159
results_updated/RfaH/run1/divide_and_conquer/clades/clade_002/shuffle_01/group_001_unrelaxed_rank_001_alphafold2_ptm_model_1_seed_000.pdb,79.6632098765432,71.06605263157896,13,13.652839,1.6704711
results_updated/RfaH/run1/divide_and_conquer/clades/clade_002/shuffle_01/group_004_unrelaxed_rank_001_alphafold2_ptm_model_1_seed_000.pdb,80.36092592592593,81.65500000000002,13,16.41153,1.429252
results_updated/RfaH/run1/divide_and_conquer/clades/clade_002/shuffle_02/group_003_unrelaxed_rank_001_alphafold2_ptm_model_1_seed_000.pdb,68.77975308641975,42.774210526315784,13,6.2835684,5.629204
results_updated/RfaH/run1/divide_and_conquer/clades/clade_002/shuffle_02/group_002_unrelaxed_rank_001_alphafold2_ptm_model_1_seed_000.pdb,67.85771604938272,54.81184210526317,13,7.70688,1.8840219
results_updated/RfaH/run1/divide_and_conquer/clades/clade_002/shuffle_02/group_006_unrelaxed_rank_001_alphafold2_ptm_model_1_seed_000.pdb,67.55771604938272,40.47736842105263,13,7.9959903,10.04635
results_updated/RfaH/run1/divide_and_conquer/clades/clade_002/shuffle_02/group_005_unrelaxed_rank_001_alphafold2_ptm_model_1_seed_000.pdb,67.9895061728395,42.666842105263164,13,5.8162727,9.215819
results_updated/RfaH/run1/divide_and_conquer/clades/clade_002/shuffle_02/group_008_unrelaxed_rank_001_alphafold2_ptm_model_1_seed_000.pdb,56.63024691358025,41.23657894736842,17,10.436629,9.151277
results_updated/RfaH/run1/divide_and_conquer/clades/clade_002/shuffle_02/group_007_unrelaxed_rank_001_alphafold2_ptm_model_1_seed_000.pdb,76.62067901234568,60.72921052631579,13,8.321564,1.7405943
results_updated/RfaH/run1/divide_and_conquer/clades/clade_002/shuffle_02/group_001_unrelaxed_rank_001_alphafold2_ptm_model_1_seed_000.pdb,82.44858024691358,76.0971052631579,13,10.337636,1.6874436
results_updated/RfaH/run1/divide_and_conquer/clades/clade_002/shuffle_02/group_004_unrelaxed_rank_001_alphafold2_ptm_model_1_seed_000.pdb,82.50925925925925,77.52605263157895,13,13.269804,1.8000183
results_updated/RfaH/run1/divide_and_conquer/clades/clade_002/shuffle_03/group_003_unrelaxed_rank_001_alphafold2_ptm_model_1_seed_000.pdb,66.76685185185185,42.155,13,4.998514,10.770177
results_updated/RfaH/run1/divide_and_conquer/clades/clade_002/shuffle_03/group_002_unrelaxed_rank_001_alphafold2_ptm_model_1_seed_000.pdb,67.14364197530864,39.940789473684205,13,7.7893367,8.699012
results_updated/RfaH/run1/divide_and_conquer/clades/clade_002/shuffle_03/group_006_unrelaxed_rank_001_alphafold2_ptm_model_1_seed_000.pdb,81.70067901234567,78.71421052631581,13,13.431958,1.5236669
results_updated/RfaH/run1/divide_and_conquer/clades/clade_002/shuffle_03/group_005_unrelaxed_rank_001_alphafold2_ptm_model_1_seed_000.pdb,70.10012345679013,48.252631578947366,13,6.1396174,5.612216
results_updated/RfaH/run1/divide_and_conquer/clades/clade_002/shuffle_03/group_008_unrelaxed_rank_001_alphafold2_ptm_model_1_seed_000.pdb,74.37981481481481,60.71973684210526,17,7.2513866,1.8251002
results_updated/RfaH/run1/divide_and_conquer/clades/clade_002/shuffle_03/group_007_unrelaxed_rank_001_alphafold2_ptm_model_1_seed_000.pdb,72.83308641975309,49.78631578947369,13,7.6626034,2.748199
results_updated/RfaH/run1/divide_and_conquer/clades/clade_002/shuffle_03/group_001_unrelaxed_rank_001_alphafold2_ptm_model_1_seed_000.pdb,81.39283950617283,84.57552631578947,13,14.662275,1.6027687
results_updated/RfaH/run1/divide_and_conquer/clades/clade_002/shuffle_03/group_004_unrelaxed_rank_001_alphafold2_ptm_model_1_seed_000.pdb,82.41864197530865,75.72052631578947,13,13.519199,1.6360857
results_updated/RfaH/run1/divide_and_conquer/clades/clade_002/shuffle_04/group_003_unrelaxed_rank_001_alphafold2_ptm_model_1_seed_000.pdb,67.42271604938271,38.51368421052632,13,8.605993,9.204336
results_updated/RfaH/run1/divide_and_conquer/clades/clade_002/shuffle_04/group_002_unrelaxed_rank_001_alphafold2_ptm_model_1_seed_000.pdb,82.6948148148148,80.16842105263157,13,12.338118,1.4930341
results_updated/RfaH/run1/divide_and_conquer/clades/clade_002/shuffle_04/group_006_unrelaxed_rank_001_alphafold2_ptm_model_1_seed_000.pdb,82.99592592592593,82.50710526315791,13,15.353901,1.3985273
results_updated/RfaH/run1/divide_and_conquer/clades/clade_002/shuffle_04/group_005_unrelaxed_rank_001_alphafold2_ptm_model_1_seed_000.pdb,64.48722222222223,39.42105263157894,13,6.344436,6.7803783
results_updated/RfaH/run1/divide_and_conquer/clades/clade_002/shuffle_04/group_008_unrelaxed_rank_001_alphafold2_ptm_model_1_seed_000.pdb,69.7858024691358,44.91184210526316,17,7.675942,4.0784187
results_updated/RfaH/run1/divide_and_conquer/clades/clade_002/shuffle_04/group_007_unrelaxed_rank_001_alphafold2_ptm_model_1_seed_000.pdb,66.88635802469136,43.06894736842105,13,7.8841286,10.42613
results_updated/RfaH/run1/divide_and_conquer/clades/clade_002/shuffle_04/group_001_unrelaxed_rank_001_alphafold2_ptm_model_1_seed_000.pdb,68.00858024691358,51.907105263157895,13,8.725706,1.886513
results_updated/RfaH/run1/divide_and_conquer/clades/clade_002/shuffle_04/group_004_unrelaxed_rank_001_alphafold2_ptm_model_1_seed_000.pdb,70.03753086419754,46.09710526315789,13,6.934101,9.40717
results_updated/RfaH/run1/divide_and_conquer/clades/clade_002/shuffle_05/group_003_unrelaxed_rank_001_alphafold2_ptm_model_1_seed_000.pdb,67.04679012345679,41.02315789473685,13,7.5789313,9.510967
results_updated/RfaH/run1/divide_and_conquer/clades/clade_002/shuffle_05/group_002_unrelaxed_rank_001_alphafold2_ptm_model_1_seed_000.pdb,70.6054938271605,45.61578947368421,13,8.113723,9.052267
results_updated/RfaH/run1/divide_and_conquer/clades/clade_002/shuffle_05/group_006_unrelaxed_rank_001_alphafold2_ptm_model_1_seed_000.pdb,67.3196913580247,41.50999999999999,13,7.1559677,9.467979
results_updated/RfaH/run1/divide_and_conquer/clades/clade_002/shuffle_05/group_005_unrelaxed_rank_001_alphafold2_ptm_model_1_seed_000.pdb,77.05123456790123,64.76789473684211,13,9.257362,1.6922597
results_updated/RfaH/run1/divide_and_conquer/clades/clade_002/shuffle_05/group_008_unrelaxed_rank_001_alphafold2_ptm_model_1_seed_000.pdb,66.56425925925926,40.20447368421052,17,6.5055046,11.1176605
results_updated/RfaH/run1/divide_and_conquer/clades/clade_002/shuffle_05/group_007_unrelaxed_rank_001_alphafold2_ptm_model_1_seed_000.pdb,68.88685185185186,42.180526315789464,13,9.085698,8.362097
results_updated/RfaH/run1/divide_and_conquer/clades/clade_002/shuffle_05/group_001_unrelaxed_rank_001_alphafold2_ptm_model_1_seed_000.pdb,80.75611111111111,74.02815789473686,13,14.350986,1.6664491
results_updated/RfaH/run1/divide_and_conquer/clades/clade_002/shuffle_05/group_004_unrelaxed_rank_001_alphafold2_ptm_model_1_seed_000.pdb,73.68191358024693,54.851578947368424,13,11.432858,1.7601067
results_updated/RfaH/run1/divide_and_conquer/clades/clade_002/shuffle_06/group_003_unrelaxed_rank_001_alphafold2_ptm_model_1_seed_000.pdb,60.555802469135806,39.905789473684216,13,8.430609,9.63297
results_updated/RfaH/run1/divide_and_conquer/clades/clade_002/shuffle_06/group_002_unrelaxed_rank_001_alphafold2_ptm_model_1_seed_000.pdb,84.96549382716049,84.01657894736843,13,14.994883,1.4385041
results_updated/RfaH/run1/divide_and_conquer/clades/clade_002/shuffle_06/group_006_unrelaxed_rank_001_alphafold2_ptm_model_1_seed_000.pdb,66.5712962962963,40.268684210526324,13,8.919945,9.763064
results_updated/RfaH/run1/divide_and_conquer/clades/clade_002/shuffle_06/group_005_unrelaxed_rank_001_alphafold2_ptm_model_1_seed_000.pdb,78.3425925925926,71.52,13,8.568366,1.5599265
results_updated/RfaH/run1/divide_and_conquer/clades/clade_002/shuffle_06/group_008_unrelaxed_rank_001_alphafold2_ptm_model_1_seed_000.pdb,73.7695061728395,56.95210526315789,17,6.060623,9.667339
results_updated/RfaH/run1/divide_and_conquer/clades/clade_002/shuffle_06/group_007_unrelaxed_rank_001_alphafold2_ptm_model_1_seed_000.pdb,69.45672839506173,44.99736842105263,13,6.722629,5.2006803
results_updated/RfaH/run1/divide_and_conquer/clades/clade_002/shuffle_06/group_001_unrelaxed_rank_001_alphafold2_ptm_model_1_seed_000.pdb,68.02851851851851,41.7471052631579,13,8.693193,7.0745597
results_updated/RfaH/run1/divide_and_conquer/clades/clade_002/shuffle_06/group_004_unrelaxed_rank_001_alphafold2_ptm_model_1_seed_000.pdb,67.77907407407407,44.27368421052631,13,6.923053,6.1016974
results_updated/RfaH/run1/divide_and_conquer/clades/clade_002/shuffle_07/group_003_unrelaxed_rank_001_alphafold2_ptm_model_1_seed_000.pdb,66.42067901234569,39.41157894736842,13,9.430036,11.019738
results_updated/RfaH/run1/divide_and_conquer/clades/clade_002/shuffle_07/group_002_unrelaxed_rank_001_alphafold2_ptm_model_1_seed_000.pdb,68.76771604938271,44.56315789473685,13,6.876006,5.8073277
results_updated/RfaH/run1/divide_and_conquer/clades/clade_002/shuffle_07/group_006_unrelaxed_rank_001_alphafold2_ptm_model_1_seed_000.pdb,79.1670987654321,68.43552631578949,13,7.0073614,1.8091686
results_updated/RfaH/run1/divide_and_conquer/clades/clade_002/shuffle_07/group_005_unrelaxed_rank_001_alphafold2_ptm_model_1_seed_000.pdb,68.78876543209877,46.93342105263158,13,6.3363585,9.495842
results_updated/RfaH/run1/divide_and_conquer/clades/clade_002/shuffle_07/group_008_unrelaxed_rank_001_alphafold2_ptm_model_1_seed_000.pdb,74.03246913580247,52.8521052631579,17,8.408178,2.1888041
results_updated/RfaH/run1/divide_and_conquer/clades/clade_002/shuffle_07/group_007_unrelaxed_rank_001_alphafold2_ptm_model_1_seed_000.pdb,69.96506172839506,49.137368421052635,13,7.4728923,9.040037
results_updated/RfaH/run1/divide_and_conquer/clades/clade_002/shuffle_07/group_001_unrelaxed_rank_001_alphafold2_ptm_model_1_seed_000.pdb,78.69141975308644,79.28289473684212,13,9.132264,1.4652869
results_updated/RfaH/run1/divide_and_conquer/clades/clade_002/shuffle_07/group_004_unrelaxed_rank_001_alphafold2_ptm_model_1_seed_000.pdb,85.44907407407408,87.03315789473683,13,12.494733,1.45637
results_updated/RfaH/run1/divide_and_conquer/clades/clade_002/shuffle_08/group_003_unrelaxed_rank_001_alphafold2_ptm_model_1_seed_000.pdb,82.91907407407408,84.20105263157895,13,9.97238,1.4676582
results_updated/RfaH/run1/divide_and_conquer/clades/clade_002/shuffle_08/group_002_unrelaxed_rank_001_alphafold2_ptm_model_1_seed_000.pdb,70.20802469135802,48.61157894736843,13,6.081745,5.631246
results_updated/RfaH/run1/divide_and_conquer/clades/clade_002/shuffle_08/group_006_unrelaxed_rank_001_alphafold2_ptm_model_1_seed_000.pdb,66.15648148148148,40.32605263157895,13,8.125134,14.356969
results_updated/RfaH/run1/divide_and_conquer/clades/clade_002/shuffle_08/group_005_unrelaxed_rank_001_alphafold2_ptm_model_1_seed_000.pdb,64.55148148148149,37.30763157894737,13,8.87159,8.619732
results_updated/RfaH/run1/divide_and_conquer/clades/clade_002/shuffle_08/group_008_unrelaxed_rank_001_alphafold2_ptm_model_1_seed_000.pdb,66.91166666666668,39.82973684210527,17,8.086241,9.4393215
results_updated/RfaH/run1/divide_and_conquer/clades/clade_002/shuffle_08/group_007_unrelaxed_rank_001_alphafold2_ptm_model_1_seed_000.pdb,72.10679012345679,49.78473684210526,13,9.820536,2.0781364
results_updated/RfaH/run1/divide_and_conquer/clades/clade_002/shuffle_08/group_001_unrelaxed_rank_001_alphafold2_ptm_model_1_seed_000.pdb,68.24561728395062,41.58157894736843,13,7.838696,8.96623
results_updated/RfaH/run1/divide_and_conquer/clades/clade_002/shuffle_08/group_004_unrelaxed_rank_001_alphafold2_ptm_model_1_seed_000.pdb,80.9270987654321,73.55315789473686,13,10.165213,1.4294583
results_updated/RfaH/run1/divide_and_conquer/clades/clade_002/shuffle_09/group_003_unrelaxed_rank_001_alphafold2_ptm_model_1_seed_000.pdb,68.50981481481482,42.77131578947369,13,6.270798,8.296609
results_updated/RfaH/run1/divide_and_conquer/clades/clade_002/shuffle_09/group_002_unrelaxed_rank_001_alphafold2_ptm_model_1_seed_000.pdb,67.67037037037038,40.59921052631579,13,6.7910466,9.310948
results_updated/RfaH/run1/divide_and_conquer/clades/clade_002/shuffle_09/group_006_unrelaxed_rank_001_alphafold2_ptm_model_1_seed_000.pdb,84.02154320987653,84.68710526315789,13,15.446474,1.5006698
results_updated/RfaH/run1/divide_and_conquer/clades/clade_002/shuffle_09/group_005_unrelaxed_rank_001_alphafold2_ptm_model_1_seed_000.pdb,84.39629629629631,84.09447368421053,13,14.797342,1.5786093
results_updated/RfaH/run1/divide_and_conquer/clades/clade_002/shuffle_09/group_008_unrelaxed_rank_001_alphafold2_ptm_model_1_seed_000.pdb,82.81487654320986,79.43026315789473,17,13.955604,1.5776094
results_updated/RfaH/run1/divide_and_conquer/clades/clade_002/shuffle_09/group_007_unrelaxed_rank_001_alphafold2_ptm_model_1_seed_000.pdb,65.29364197530865,41.865526315789474,13,6.0404186,6.205353
results_updated/RfaH/run1/divide_and_conquer/clades/clade_002/shuffle_09/group_001_unrelaxed_rank_001_alphafold2_ptm_model_1_seed_000.pdb,64.50197530864197,34.892894736842116,13,9.319617,9.476268
results_updated/RfaH/run1/divide_and_conquer/clades/clade_002/shuffle_09/group_004_unrelaxed_rank_001_alphafold2_ptm_model_1_seed_000.pdb,67.5429012345679,42.45763157894736,13,8.187784,10.073246
results_updated/RfaH/run1/divide_and_conquer/clades/clade_002/shuffle_10/group_003_unrelaxed_rank_001_alphafold2_ptm_model_1_seed_000.pdb,82.58820987654322,80.54157894736844,13,14.177968,1.4715213
results_updated/RfaH/run1/divide_and_conquer/clades/clade_002/shuffle_10/group_002_unrelaxed_rank_001_alphafold2_ptm_model_1_seed_000.pdb,66.95086419753086,41.94499999999999,13,4.3389397,9.927824
results_updated/RfaH/run1/divide_and_conquer/clades/clade_002/shuffle_10/group_006_unrelaxed_rank_001_alphafold2_ptm_model_1_seed_000.pdb,66.15641975308642,38.973421052631586,13,6.2544684,9.465195
results_updated/RfaH/run1/divide_and_conquer/clades/clade_002/shuffle_10/group_005_unrelaxed_rank_001_alphafold2_ptm_model_1_seed_000.pdb,65.4120987654321,40.32131578947368,13,8.267794,10.795056
results_updated/RfaH/run1/divide_and_conquer/clades/clade_002/shuffle_10/group_008_unrelaxed_rank_001_alphafold2_ptm_model_1_seed_000.pdb,70.155987654321,45.778421052631586,17,6.0907955,5.862847
results_updated/RfaH/run1/divide_and_conquer/clades/clade_002/shuffle_10/group_007_unrelaxed_rank_001_alphafold2_ptm_model_1_seed_000.pdb,78.23197530864196,70.60342105263157,13,9.692543,1.6627842
results_updated/RfaH/run1/divide_and_conquer/clades/clade_002/shuffle_10/group_001_unrelaxed_rank_001_alphafold2_ptm_model_1_seed_000.pdb,68.7024074074074,46.33684210526316,13,7.4800353,8.144224
results_updated/RfaH/run1/divide_and_conquer/clades/clade_002/shuffle_10/group_004_unrelaxed_rank_001_alphafold2_ptm_model_1_seed_000.pdb,85.47364197530864,84.9621052631579,13,14.021095,1.4601681
results_updated/RfaH/run1/divide_and_conquer/clades/clade_003/shuffle_01/group_003_unrelaxed_rank_001_alphafold2_ptm_model_1_seed_000.pdb,64.43246913580246,42.41815789473684,13,4.418366,9.1231365
results_updated/RfaH/run1/divide_and_conquer/clades/clade_003/shuffle_01/group_002_unrelaxed_rank_001_alphafold2_ptm_model_1_seed_000.pdb,68.09401234567902,46.77947368421053,13,4.51638,10.260115
results_updated/RfaH/run1/divide_and_conquer/clades/clade_003/shuffle_01/group_006_unrelaxed_rank_001_alphafold2_ptm_model_1_seed_000.pdb,68.87154320987653,49.60184210526316,13,3.7753348,10.061316
results_updated/RfaH/run1/divide_and_conquer/clades/clade_003/shuffle_01/group_005_unrelaxed_rank_001_alphafold2_ptm_model_1_seed_000.pdb,70.22055555555555,52.84947368421052,13,6.915665,14.36834
results_updated/RfaH/run1/divide_and_conquer/clades/clade_003/shuffle_01/group_008_unrelaxed_rank_001_alphafold2_ptm_model_1_seed_000.pdb,69.8593827160494,54.95526315789474,16,2.1624193,9.642038
results_updated/RfaH/run1/divide_and_conquer/clades/clade_003/shuffle_01/group_007_unrelaxed_rank_001_alphafold2_ptm_model_1_seed_000.pdb,72.73197530864199,63.31684210526317,13,2.0794766,9.793036
results_updated/RfaH/run1/divide_and_conquer/clades/clade_003/shuffle_01/group_001_unrelaxed_rank_001_alphafold2_ptm_model_1_seed_000.pdb,71.60888888888888,58.51631578947367,13,5.464046,9.853669
results_updated/RfaH/run1/divide_and_conquer/clades/clade_003/shuffle_01/group_004_unrelaxed_rank_001_alphafold2_ptm_model_1_seed_000.pdb,82.9572839506173,79.28894736842105,13,11.427792,1.5007064
results_updated/RfaH/run1/divide_and_conquer/clades/clade_003/shuffle_02/group_003_unrelaxed_rank_001_alphafold2_ptm_model_1_seed_000.pdb,64.83981481481482,42.16473684210526,13,5.4975066,10.588595
results_updated/RfaH/run1/divide_and_conquer/clades/clade_003/shuffle_02/group_002_unrelaxed_rank_001_alphafold2_ptm_model_1_seed_000.pdb,68.28604938271604,47.174473684210525,13,7.344744,14.930067
results_updated/RfaH/run1/divide_and_conquer/clades/clade_003/shuffle_02/group_006_unrelaxed_rank_001_alphafold2_ptm_model_1_seed_000.pdb,69.72500000000001,52.31552631578947,13,4.452295,10.656546
results_updated/RfaH/run1/divide_and_conquer/clades/clade_003/shuffle_02/group_005_unrelaxed_rank_001_alphafold2_ptm_model_1_seed_000.pdb,67.60475308641975,47.33842105263158,13,5.253928,11.241173
results_updated/RfaH/run1/divide_and_conquer/clades/clade_003/shuffle_02/group_008_unrelaxed_rank_001_alphafold2_ptm_model_1_seed_000.pdb,68.59037037037037,51.642631578947366,16,3.8129792,9.100929
results_updated/RfaH/run1/divide_and_conquer/clades/clade_003/shuffle_02/group_007_unrelaxed_rank_001_alphafold2_ptm_model_1_seed_000.pdb,65.21228395061728,42.98973684210526,13,5.282342,10.765817
results_updated/RfaH/run1/divide_and_conquer/clades/clade_003/shuffle_02/group_001_unrelaxed_rank_001_alphafold2_ptm_model_1_seed_000.pdb,64.21845679012345,41.97631578947369,13,3.5795302,10.607331
results_updated/RfaH/run1/divide_and_conquer/clades/clade_003/shuffle_02/group_004_unrelaxed_rank_001_alphafold2_ptm_model_1_seed_000.pdb,65.97561728395061,46.58947368421052,13,4.1314344,8.46092
results_updated/RfaH/run1/divide_and_conquer/clades/clade_003/shuffle_03/group_003_unrelaxed_rank_001_alphafold2_ptm_model_1_seed_000.pdb,70.63771604938272,54.53578947368421,13,3.4458473,9.296786
results_updated/RfaH/run1/divide_and_conquer/clades/clade_003/shuffle_03/group_002_unrelaxed_rank_001_alphafold2_ptm_model_1_seed_000.pdb,65.40993827160494,45.24421052631578,13,4.159121,8.338066
results_updated/RfaH/run1/divide_and_conquer/clades/clade_003/shuffle_03/group_006_unrelaxed_rank_001_alphafold2_ptm_model_1_seed_000.pdb,69.57456790123457,53.55973684210527,13,5.115165,11.317385
results_updated/RfaH/run1/divide_and_conquer/clades/clade_003/shuffle_03/group_005_unrelaxed_rank_001_alphafold2_ptm_model_1_seed_000.pdb,76.95858024691358,69.38552631578948,13,6.2489214,12.309965
results_updated/RfaH/run1/divide_and_conquer/clades/clade_003/shuffle_03/group_008_unrelaxed_rank_001_alphafold2_ptm_model_1_seed_000.pdb,64.32524691358024,42.46578947368422,16,5.599927,9.988453
results_updated/RfaH/run1/divide_and_conquer/clades/clade_003/shuffle_03/group_007_unrelaxed_rank_001_alphafold2_ptm_model_1_seed_000.pdb,65.48598765432098,42.8742105263158,13,5.0740485,9.044749
results_updated/RfaH/run1/divide_and_conquer/clades/clade_003/shuffle_03/group_001_unrelaxed_rank_001_alphafold2_ptm_model_1_seed_000.pdb,63.93975308641974,36.67631578947369,13,7.0844045,4.5651016
results_updated/RfaH/run1/divide_and_conquer/clades/clade_003/shuffle_03/group_004_unrelaxed_rank_001_alphafold2_ptm_model_1_seed_000.pdb,65.85537037037037,44.49078947368422,13,3.6711426,9.592575
results_updated/RfaH/run1/divide_and_conquer/clades/clade_003/shuffle_04/group_003_unrelaxed_rank_001_alphafold2_ptm_model_1_seed_000.pdb,68.77913580246914,47.56,13,3.765826,9.293414
results_updated/RfaH/run1/divide_and_conquer/clades/clade_003/shuffle_04/group_002_unrelaxed_rank_001_alphafold2_ptm_model_1_seed_000.pdb,67.01679012345679,42.203421052631576,13,5.385828,10.828105
results_updated/RfaH/run1/divide_and_conquer/clades/clade_003/shuffle_04/group_006_unrelaxed_rank_001_alphafold2_ptm_model_1_seed_000.pdb,71.60925925925926,59.223684210526315,13,3.5284154,10.685704
results_updated/RfaH/run1/divide_and_conquer/clades/clade_003/shuffle_04/group_005_unrelaxed_rank_001_alphafold2_ptm_model_1_seed_000.pdb,62.85086419753087,41.985789473684214,13,5.8517942,9.84436
results_updated/RfaH/run1/divide_and_conquer/clades/clade_003/shuffle_04/group_008_unrelaxed_rank_001_alphafold2_ptm_model_1_seed_000.pdb,67.48074074074074,45.722631578947365,16,7.936351,13.478956
results_updated/RfaH/run1/divide_and_conquer/clades/clade_003/shuffle_04/group_007_unrelaxed_rank_001_alphafold2_ptm_model_1_seed_000.pdb,69.61759259259259,50.90052631578948,13,7.698816,15.013668
results_updated/RfaH/run1/divide_and_conquer/clades/clade_003/shuffle_04/group_001_unrelaxed_rank_001_alphafold2_ptm_model_1_seed_000.pdb,70.00956790123456,54.254210526315774,13,4.816345,10.199038
results_updated/RfaH/run1/divide_and_conquer/clades/clade_003/shuffle_04/group_004_unrelaxed_rank_001_alphafold2_ptm_model_1_seed_000.pdb,66.51913580246914,43.56526315789474,13,3.4677386,9.775191
results_updated/RfaH/run1/divide_and_conquer/clades/clade_003/shuffle_05/group_003_unrelaxed_rank_001_alphafold2_ptm_model_1_seed_000.pdb,68.04141975308642,45.1707894736842,13,7.839288,10.374108
results_updated/RfaH/run1/divide_and_conquer/clades/clade_003/shuffle_05/group_002_unrelaxed_rank_001_alphafold2_ptm_model_1_seed_000.pdb,72.94438271604939,63.99552631578947,13,3.3073337,9.577308
results_updated/RfaH/run1/divide_and_conquer/clades/clade_003/shuffle_05/group_006_unrelaxed_rank_001_alphafold2_ptm_model_1_seed_000.pdb,64.80314814814815,39.95526315789474,13,4.4253163,9.34979
results_updated/RfaH/run1/divide_and_conquer/clades/clade_003/shuffle_05/group_005_unrelaxed_rank_001_alphafold2_ptm_model_1_seed_000.pdb,68.63858024691359,49.49999999999999,13,6.2519183,7.953614
results_updated/RfaH/run1/divide_and_conquer/clades/clade_003/shuffle_05/group_008_unrelaxed_rank_001_alphafold2_ptm_model_1_seed_000.pdb,67.4666049382716,47.30526315789474,16,4.4228787,10.874816
results_updated/RfaH/run1/divide_and_conquer/clades/clade_003/shuffle_05/group_007_unrelaxed_rank_001_alphafold2_ptm_model_1_seed_000.pdb,68.68320987654322,48.73763157894737,13,5.786883,12.292368
results_updated/RfaH/run1/divide_and_conquer/clades/clade_003/shuffle_05/group_001_unrelaxed_rank_001_alphafold2_ptm_model_1_seed_000.pdb,64.48080246913581,43.557105263157894,13,4.1191835,9.087724
results_updated/RfaH/run1/divide_and_conquer/clades/clade_003/shuffle_05/group_004_unrelaxed_rank_001_alphafold2_ptm_model_1_seed_000.pdb,65.39277777777777,41.89447368421053,13,3.71126,11.569619
results_updated/RfaH/run1/divide_and_conquer/clades/clade_003/shuffle_06/group_003_unrelaxed_rank_001_alphafold2_ptm_model_1_seed_000.pdb,67.8458024691358,48.5521052631579,13,4.399084,9.109595
results_updated/RfaH/run1/divide_and_conquer/clades/clade_003/shuffle_06/group_002_unrelaxed_rank_001_alphafold2_ptm_model_1_seed_000.pdb,65.11506172839506,42.759473684210526,13,4.7443213,9.39137
results_updated/RfaH/run1/divide_and_conquer/clades/clade_003/shuffle_06/group_006_unrelaxed_rank_001_alphafold2_ptm_model_1_seed_000.pdb,65.16191358024692,43.135789473684206,13,3.8795097,8.949508
results_updated/RfaH/run1/divide_and_conquer/clades/clade_003/shuffle_06/group_005_unrelaxed_rank_001_alphafold2_ptm_model_1_seed_000.pdb,71.22222222222223,60.600789473684195,13,1.9750644,9.7188225
results_updated/RfaH/run1/divide_and_conquer/clades/clade_003/shuffle_06/group_008_unrelaxed_rank_001_alphafold2_ptm_model_1_seed_000.pdb,69.65481481481481,44.463157894736845,16,7.53752,14.278966
results_updated/RfaH/run1/divide_and_conquer/clades/clade_003/shuffle_06/group_007_unrelaxed_rank_001_alphafold2_ptm_model_1_seed_000.pdb,67.93938271604938,46.74842105263158,13,3.7451217,10.648496
results_updated/RfaH/run1/divide_and_conquer/clades/clade_003/shuffle_06/group_001_unrelaxed_rank_001_alphafold2_ptm_model_1_seed_000.pdb,67.815,40.76105263157894,13,9.947517,12.710439
results_updated/RfaH/run1/divide_and_conquer/clades/clade_003/shuffle_06/group_004_unrelaxed_rank_001_alphafold2_ptm_model_1_seed_000.pdb,63.949074074074076,39.594736842105256,13,4.3690414,10.18503
results_updated/RfaH/run1/divide_and_conquer/clades/clade_003/shuffle_07/group_003_unrelaxed_rank_001_alphafold2_ptm_model_1_seed_000.pdb,67.29623456790122,48.25342105263157,13,3.6144516,9.8921585
results_updated/RfaH/run1/divide_and_conquer/clades/clade_003/shuffle_07/group_002_unrelaxed_rank_001_alphafold2_ptm_model_1_seed_000.pdb,67.77740740740741,47.46078947368421,13,3.9636948,9.725593
results_updated/RfaH/run1/divide_and_conquer/clades/clade_003/shuffle_07/group_006_unrelaxed_rank_001_alphafold2_ptm_model_1_seed_000.pdb,67.75179012345679,50.02973684210526,13,6.156382,13.586514
results_updated/RfaH/run1/divide_and_conquer/clades/clade_003/shuffle_07/group_005_unrelaxed_rank_001_alphafold2_ptm_model_1_seed_000.pdb,70.93771604938271,53.84763157894737,13,3.4275365,9.163673
results_updated/RfaH/run1/divide_and_conquer/clades/clade_003/shuffle_07/group_008_unrelaxed_rank_001_alphafold2_ptm_model_1_seed_000.pdb,74.49641975308641,63.21868421052634,16,7.0476937,13.359508
results_updated/RfaH/run1/divide_and_conquer/clades/clade_003/shuffle_07/group_007_unrelaxed_rank_001_alphafold2_ptm_model_1_seed_000.pdb,69.29932098765433,47.16947368421053,13,5.978128,9.615226
results_updated/RfaH/run1/divide_and_conquer/clades/clade_003/shuffle_07/group_001_unrelaxed_rank_001_alphafold2_ptm_model_1_seed_000.pdb,65.54814814814814,42.518157894736845,13,6.41243,12.032789
results_updated/RfaH/run1/divide_and_conquer/clades/clade_003/shuffle_07/group_004_unrelaxed_rank_001_alphafold2_ptm_model_1_seed_000.pdb,67.33598765432097,52.15473684210527,13,3.646061,10.022919
results_updated/RfaH/run1/divide_and_conquer/clades/clade_003/shuffle_08/group_003_unrelaxed_rank_001_alphafold2_ptm_model_1_seed_000.pdb,68.16691358024691,49.4607894736842,13,6.078667,9.039902
results_updated/RfaH/run1/divide_and_conquer/clades/clade_003/shuffle_08/group_002_unrelaxed_rank_001_alphafold2_ptm_model_1_seed_000.pdb,64.49635802469136,40.06763157894737,13,4.4284654,9.433003
results_updated/RfaH/run1/divide_and_conquer/clades/clade_003/shuffle_08/group_006_unrelaxed_rank_001_alphafold2_ptm_model_1_seed_000.pdb,62.37827160493828,39.35763157894737,13,5.210008,9.283663
results_updated/RfaH/run1/divide_and_conquer/clades/clade_003/shuffle_08/group_005_unrelaxed_rank_001_alphafold2_ptm_model_1_seed_000.pdb,71.9516049382716,57.09657894736842,13,3.1569996,9.086875
results_updated/RfaH/run1/divide_and_conquer/clades/clade_003/shuffle_08/group_008_unrelaxed_rank_001_alphafold2_ptm_model_1_seed_000.pdb,64.8862962962963,43.96184210526316,16,3.6589427,8.837865
results_updated/RfaH/run1/divide_and_conquer/clades/clade_003/shuffle_08/group_007_unrelaxed_rank_001_alphafold2_ptm_model_1_seed_000.pdb,64.4187037037037,42.005,13,4.0200486,9.508379
results_updated/RfaH/run1/divide_and_conquer/clades/clade_003/shuffle_08/group_001_unrelaxed_rank_001_alphafold2_ptm_model_1_seed_000.pdb,78.3619135802469,70.2871052631579,13,6.3668456,13.059374
results_updated/RfaH/run1/divide_and_conquer/clades/clade_003/shuffle_08/group_004_unrelaxed_rank_001_alphafold2_ptm_model_1_seed_000.pdb,73.12617283950617,58.069736842105264,13,6.042324,12.022564
results_updated/RfaH/run1/divide_and_conquer/clades/clade_003/shuffle_09/group_003_unrelaxed_rank_001_alphafold2_ptm_model_1_seed_000.pdb,68.47746913580247,48.09605263157895,13,5.65664,12.153118
results_updated/RfaH/run1/divide_and_conquer/clades/clade_003/shuffle_09/group_002_unrelaxed_rank_001_alphafold2_ptm_model_1_seed_000.pdb,64.35037037037037,45.720789473684206,13,4.316711,10.748591
results_updated/RfaH/run1/divide_and_conquer/clades/clade_003/shuffle_09/group_006_unrelaxed_rank_001_alphafold2_ptm_model_1_seed_000.pdb,70.87654320987654,53.955526315789484,13,7.4393497,13.895569
results_updated/RfaH/run1/divide_and_conquer/clades/clade_003/shuffle_09/group_005_unrelaxed_rank_001_alphafold2_ptm_model_1_seed_000.pdb,73.07141975308642,62.296578947368424,13,2.5078473,9.83336
results_updated/RfaH/run1/divide_and_conquer/clades/clade_003/shuffle_09/group_008_unrelaxed_rank_001_alphafold2_ptm_model_1_seed_000.pdb,67.11135802469137,45.39815789473685,16,2.6859348,9.248508
results_updated/RfaH/run1/divide_and_conquer/clades/clade_003/shuffle_09/group_007_unrelaxed_rank_001_alphafold2_ptm_model_1_seed_000.pdb,72.71024691358025,63.0057894736842,13,4.471067,11.9789915
results_updated/RfaH/run1/divide_and_conquer/clades/clade_003/shuffle_09/group_001_unrelaxed_rank_001_alphafold2_ptm_model_1_seed_000.pdb,65.70617283950617,45.445263157894736,13,3.9440413,10.099949
results_updated/RfaH/run1/divide_and_conquer/clades/clade_003/shuffle_09/group_004_unrelaxed_rank_001_alphafold2_ptm_model_1_seed_000.pdb,66.9920987654321,48.193684210526314,13,3.4090044,9.4704485
results_updated/RfaH/run1/divide_and_conquer/clades/clade_003/shuffle_10/group_003_unrelaxed_rank_001_alphafold2_ptm_model_1_seed_000.pdb,72.47654320987655,60.790789473684214,13,3.358156,10.13837
results_updated/RfaH/run1/divide_and_conquer/clades/clade_003/shuffle_10/group_002_unrelaxed_rank_001_alphafold2_ptm_model_1_seed_000.pdb,68.27660493827162,48.85526315789474,13,4.7770834,7.424078
results_updated/RfaH/run1/divide_and_conquer/clades/clade_003/shuffle_10/group_006_unrelaxed_rank_001_alphafold2_ptm_model_1_seed_000.pdb,62.962283950617284,42.07657894736842,13,5.5466266,11.030734
results_updated/RfaH/run1/divide_and_conquer/clades/clade_003/shuffle_10/group_005_unrelaxed_rank_001_alphafold2_ptm_model_1_seed_000.pdb,71.20969135802467,54.9471052631579,13,3.1343544,8.927541
results_updated/RfaH/run1/divide_and_conquer/clades/clade_003/shuffle_10/group_008_unrelaxed_rank_001_alphafold2_ptm_model_1_seed_000.pdb,75.56709876543209,66.15684210526315,16,6.518437,12.648148
results_updated/RfaH/run1/divide_and_conquer/clades/clade_003/shuffle_10/group_007_unrelaxed_rank_001_alphafold2_ptm_model_1_seed_000.pdb,72.46518518518519,58.629736842105245,13,6.3027315,12.404507
results_updated/RfaH/run1/divide_and_conquer/clades/clade_003/shuffle_10/group_001_unrelaxed_rank_001_alphafold2_ptm_model_1_seed_000.pdb,67.14135802469137,46.41578947368421,13,5.7359385,9.487238
results_updated/RfaH/run1/divide_and_conquer/clades/clade_003/shuffle_10/group_004_unrelaxed_rank_001_alphafold2_ptm_model_1_seed_000.pdb,66.48932098765432,42.00631578947368,13,4.5532274,10.826236
results_updated/RfaH/run1/divide_and_conquer/clades/clade_004/shuffle_01/group_003_unrelaxed_rank_001_alphafold2_ptm_model_1_seed_000.pdb,68.67808641975309,52.51842105263158,13,3.1144211,9.145489
results_updated/RfaH/run1/divide_and_conquer/clades/clade_004/shuffle_01/group_002_unrelaxed_rank_001_alphafold2_ptm_model_1_seed_000.pdb,74.36154320987654,65.36315789473686,13,4.8420916,10.792816
results_updated/RfaH/run1/divide_and_conquer/clades/clade_004/shuffle_01/group_006_unrelaxed_rank_001_alphafold2_ptm_model_1_seed_000.pdb,69.03641975308642,48.852631578947374,13,6.683131,9.847508
results_updated/RfaH/run1/divide_and_conquer/clades/clade_004/shuffle_01/group_005_unrelaxed_rank_001_alphafold2_ptm_model_1_seed_000.pdb,64.48345679012345,41.97631578947368,13,6.9757442,3.849958
results_updated/RfaH/run1/divide_and_conquer/clades/clade_004/shuffle_01/group_008_unrelaxed_rank_001_alphafold2_ptm_model_1_seed_000.pdb,71.08043209876544,53.42421052631579,16,6.238675,8.801625
results_updated/RfaH/run1/divide_and_conquer/clades/clade_004/shuffle_01/group_007_unrelaxed_rank_001_alphafold2_ptm_model_1_seed_000.pdb,71.14993827160494,52.91342105263158,13,7.503588,9.193363
results_updated/RfaH/run1/divide_and_conquer/clades/clade_004/shuffle_01/group_001_unrelaxed_rank_001_alphafold2_ptm_model_1_seed_000.pdb,75.1661111111111,68.65026315789474,13,5.133231,11.020461
results_updated/RfaH/run1/divide_and_conquer/clades/clade_004/shuffle_01/group_004_unrelaxed_rank_001_alphafold2_ptm_model_1_seed_000.pdb,70.86537037037036,57.73184210526317,13,4.601937,10.699321
results_updated/RfaH/run1/divide_and_conquer/clades/clade_004/shuffle_02/group_003_unrelaxed_rank_001_alphafold2_ptm_model_1_seed_000.pdb,73.25561728395061,60.29315789473684,13,6.4095945,10.354343
results_updated/RfaH/run1/divide_and_conquer/clades/clade_004/shuffle_02/group_002_unrelaxed_rank_001_alphafold2_ptm_model_1_seed_000.pdb,67.21993827160495,49.15421052631578,13,3.826761,9.0482435
results_updated/RfaH/run1/divide_and_conquer/clades/clade_004/shuffle_02/group_006_unrelaxed_rank_001_alphafold2_ptm_model_1_seed_000.pdb,71.09703703703703,54.84499999999999,13,6.2347627,9.902085
results_updated/RfaH/run1/divide_and_conquer/clades/clade_004/shuffle_02/group_005_unrelaxed_rank_001_alphafold2_ptm_model_1_seed_000.pdb,67.28574074074075,41.919736842105266,13,6.4621572,9.553535
results_updated/RfaH/run1/divide_and_conquer/clades/clade_004/shuffle_02/group_008_unrelaxed_rank_001_alphafold2_ptm_model_1_seed_000.pdb,73.32333333333334,60.72684210526315,16,5.38798,11.024
results_updated/RfaH/run1/divide_and_conquer/clades/clade_004/shuffle_02/group_007_unrelaxed_rank_001_alphafold2_ptm_model_1_seed_000.pdb,66.74086419753087,44.32105263157895,13,3.433749,9.095121
results_updated/RfaH/run1/divide_and_conquer/clades/clade_004/shuffle_02/group_001_unrelaxed_rank_001_alphafold2_ptm_model_1_seed_000.pdb,68.68666666666667,50.892105263157895,13,4.5228996,9.713106
results_updated/RfaH/run1/divide_and_conquer/clades/clade_004/shuffle_02/group_004_unrelaxed_rank_001_alphafold2_ptm_model_1_seed_000.pdb,65.14648148148147,47.76631578947369,13,4.6253037,10.313629
results_updated/RfaH/run1/divide_and_conquer/clades/clade_004/shuffle_03/group_003_unrelaxed_rank_001_alphafold2_ptm_model_1_seed_000.pdb,70.18543209876543,53.39052631578947,13,6.3137774,9.690175
results_updated/RfaH/run1/divide_and_conquer/clades/clade_004/shuffle_03/group_002_unrelaxed_rank_001_alphafold2_ptm_model_1_seed_000.pdb,69.45370370370371,49.97631578947368,13,7.098345,9.068895
results_updated/RfaH/run1/divide_and_conquer/clades/clade_004/shuffle_03/group_006_unrelaxed_rank_001_alphafold2_ptm_model_1_seed_000.pdb,68.9625925925926,56.40078947368421,13,3.0134854,9.296195
results_updated/RfaH/run1/divide_and_conquer/clades/clade_004/shuffle_03/group_005_unrelaxed_rank_001_alphafold2_ptm_model_1_seed_000.pdb,66.20111111111112,46.30631578947368,13,3.8539336,9.000805
results_updated/RfaH/run1/divide_and_conquer/clades/clade_004/shuffle_03/group_008_unrelaxed_rank_001_alphafold2_ptm_model_1_seed_000.pdb,79.77641975308642,78.49631578947368,16,5.251456,11.268145
results_updated/RfaH/run1/divide_and_conquer/clades/clade_004/shuffle_03/group_007_unrelaxed_rank_001_alphafold2_ptm_model_1_seed_000.pdb,66.73574074074074,46.8642105263158,13,4.758145,10.484759
results_updated/RfaH/run1/divide_and_conquer/clades/clade_004/shuffle_03/group_001_unrelaxed_rank_001_alphafold2_ptm_model_1_seed_000.pdb,67.25987654320987,43.948157894736845,13,5.756629,8.822082
results_updated/RfaH/run1/divide_and_conquer/clades/clade_004/shuffle_03/group_004_unrelaxed_rank_001_alphafold2_ptm_model_1_seed_000.pdb,67.61030864197531,44.154210526315794,13,6.884339,9.252917
results_updated/RfaH/run1/divide_and_conquer/clades/clade_004/shuffle_04/group_003_unrelaxed_rank_001_alphafold2_ptm_model_1_seed_000.pdb,71.83827160493827,63.12026315789474,13,4.8310175,10.85139
results_updated/RfaH/run1/divide_and_conquer/clades/clade_004/shuffle_04/group_002_unrelaxed_rank_001_alphafold2_ptm_model_1_seed_000.pdb,75.24111111111111,70.73736842105264,13,4.713146,10.95861
results_updated/RfaH/run1/divide_and_conquer/clades/clade_004/shuffle_04/group_006_unrelaxed_rank_001_alphafold2_ptm_model_1_seed_000.pdb,70.4641975308642,52.67947368421053,13,7.2393603,9.34549
results_updated/RfaH/run1/divide_and_conquer/clades/clade_004/shuffle_04/group_005_unrelaxed_rank_001_alphafold2_ptm_model_1_seed_000.pdb,67.44111111111111,47.321578947368415,13,5.853034,8.391964
results_updated/RfaH/run1/divide_and_conquer/clades/clade_004/shuffle_04/group_008_unrelaxed_rank_001_alphafold2_ptm_model_1_seed_000.pdb,66.65679012345679,42.093947368421055,16,7.0542507,8.40366
results_updated/RfaH/run1/divide_and_conquer/clades/clade_004/shuffle_04/group_007_unrelaxed_rank_001_alphafold2_ptm_model_1_seed_000.pdb,69.37722222222223,46.424473684210525,13,7.445873,8.790818
results_updated/RfaH/run1/divide_and_conquer/clades/clade_004/shuffle_04/group_001_unrelaxed_rank_001_alphafold2_ptm_model_1_seed_000.pdb,71.05820987654322,53.41921052631579,13,5.3331485,10.135454
results_updated/RfaH/run1/divide_and_conquer/clades/clade_004/shuffle_04/group_004_unrelaxed_rank_001_alphafold2_ptm_model_1_seed_000.pdb,67.50308641975309,50.037368421052626,13,3.352677,9.348658
results_updated/RfaH/run1/divide_and_conquer/clades/clade_004/shuffle_05/group_003_unrelaxed_rank_001_alphafold2_ptm_model_1_seed_000.pdb,69.8416049382716,54.6028947368421,13,5.8344293,10.396315
results_updated/RfaH/run1/divide_and_conquer/clades/clade_004/shuffle_05/group_002_unrelaxed_rank_001_alphafold2_ptm_model_1_seed_000.pdb,63.726913580246915,38.672105263157896,13,7.218975,8.6397915
results_updated/RfaH/run1/divide_and_conquer/clades/clade_004/shuffle_05/group_006_unrelaxed_rank_001_alphafold2_ptm_model_1_seed_000.pdb,72.16407407407408,55.467105263157904,13,7.9765906,9.030561
results_updated/RfaH/run1/divide_and_conquer/clades/clade_004/shuffle_05/group_005_unrelaxed_rank_001_alphafold2_ptm_model_1_seed_000.pdb,69.14074074074074,54.12842105263158,13,5.2515326,11.197532
results_updated/RfaH/run1/divide_and_conquer/clades/clade_004/shuffle_05/group_008_unrelaxed_rank_001_alphafold2_ptm_model_1_seed_000.pdb,72.58092592592592,58.429736842105264,16,4.434884,10.446922
results_updated/RfaH/run1/divide_and_conquer/clades/clade_004/shuffle_05/group_007_unrelaxed_rank_001_alphafold2_ptm_model_1_seed_000.pdb,73.65820987654321,63.14473684210525,13,5.2810245,11.254271
results_updated/RfaH/run1/divide_and_conquer/clades/clade_004/shuffle_05/group_001_unrelaxed_rank_001_alphafold2_ptm_model_1_seed_000.pdb,72.39314814814814,63.01447368421053,13,5.2181673,11.158346
results_updated/RfaH/run1/divide_and_conquer/clades/clade_004/shuffle_05/group_004_unrelaxed_rank_001_alphafold2_ptm_model_1_seed_000.pdb,73.74814814814815,59.36842105263159,13,6.93548,10.816711
results_updated/RfaH/run1/divide_and_conquer/clades/clade_004/shuffle_06/group_003_unrelaxed_rank_001_alphafold2_ptm_model_1_seed_000.pdb,71.69407407407407,58.58473684210527,13,3.257848,9.219075
results_updated/RfaH/run1/divide_and_conquer/clades/clade_004/shuffle_06/group_002_unrelaxed_rank_001_alphafold2_ptm_model_1_seed_000.pdb,71.21932098765433,61.768947368421045,13,4.351527,10.1825905
results_updated/RfaH/run1/divide_and_conquer/clades/clade_004/shuffle_06/group_006_unrelaxed_rank_001_alphafold2_ptm_model_1_seed_000.pdb,75.62759259259258,66.29,13,6.202329,9.314875
results_updated/RfaH/run1/divide_and_conquer/clades/clade_004/shuffle_06/group_005_unrelaxed_rank_001_alphafold2_ptm_model_1_seed_000.pdb,69.65814814814816,53.836842105263166,13,4.7497697,10.423699
results_updated/RfaH/run1/divide_and_conquer/clades/clade_004/shuffle_06/group_008_unrelaxed_rank_001_alphafold2_ptm_model_1_seed_000.pdb,69.98308641975309,53.99815789473685,16,3.0409224,9.482209
results_updated/RfaH/run1/divide_and_conquer/clades/clade_004/shuffle_06/group_007_unrelaxed_rank_001_alphafold2_ptm_model_1_seed_000.pdb,63.942962962962966,46.755789473684224,13,2.9786856,9.419029
results_updated/RfaH/run1/divide_and_conquer/clades/clade_004/shuffle_06/group_001_unrelaxed_rank_001_alphafold2_ptm_model_1_seed_000.pdb,72.1238888888889,61.63552631578949,13,4.9494944,10.762692
results_updated/RfaH/run1/divide_and_conquer/clades/clade_004/shuffle_06/group_004_unrelaxed_rank_001_alphafold2_ptm_model_1_seed_000.pdb,67.67919753086419,42.64131578947368,13,6.6650286,7.5863967
results_updated/RfaH/run1/divide_and_conquer/clades/clade_004/shuffle_07/group_003_unrelaxed_rank_001_alphafold2_ptm_model_1_seed_000.pdb,67.51475308641974,44.84552631578948,13,3.6521568,9.41775
results_updated/RfaH/run1/divide_and_conquer/clades/clade_004/shuffle_07/group_002_unrelaxed_rank_001_alphafold2_ptm_model_1_seed_000.pdb,63.068580246913584,38.429736842105264,13,6.561044,7.9975996
results_updated/RfaH/run1/divide_and_conquer/clades/clade_004/shuffle_07/group_006_unrelaxed_rank_001_alphafold2_ptm_model_1_seed_000.pdb,72.21537037037037,61.69078947368421,13,2.9240131,9.321439
results_updated/RfaH/run1/divide_and_conquer/clades/clade_004/shuffle_07/group_005_unrelaxed_rank_001_alphafold2_ptm_model_1_seed_000.pdb,66.44086419753087,39.131052631578946,13,8.370276,3.644183
results_updated/RfaH/run1/divide_and_conquer/clades/clade_004/shuffle_07/group_008_unrelaxed_rank_001_alphafold2_ptm_model_1_seed_000.pdb,74.42771604938271,66.75078947368421,16,4.849666,11.066718
results_updated/RfaH/run1/divide_and_conquer/clades/clade_004/shuffle_07/group_007_unrelaxed_rank_001_alphafold2_ptm_model_1_seed_000.pdb,68.0575925925926,49.03105263157894,13,5.1126437,10.698117
results_updated/RfaH/run1/divide_and_conquer/clades/clade_004/shuffle_07/group_001_unrelaxed_rank_001_alphafold2_ptm_model_1_seed_000.pdb,69.72222222222223,49.64921052631579,13,7.244608,10.1542845
results_updated/RfaH/run1/divide_and_conquer/clades/clade_004/shuffle_07/group_004_unrelaxed_rank_001_alphafold2_ptm_model_1_seed_000.pdb,71.275987654321,57.66894736842105,13,4.4607053,10.484145
results_updated/RfaH/run1/divide_and_conquer/clades/clade_004/shuffle_08/group_003_unrelaxed_rank_001_alphafold2_ptm_model_1_seed_000.pdb,65.44808641975308,41.10473684210527,13,5.4086027,8.059753
results_updated/RfaH/run1/divide_and_conquer/clades/clade_004/shuffle_08/group_002_unrelaxed_rank_001_alphafold2_ptm_model_1_seed_000.pdb,67.87574074074074,54.21868421052631,13,2.8109803,9.361534
results_updated/RfaH/run1/divide_and_conquer/clades/clade_004/shuffle_08/group_006_unrelaxed_rank_001_alphafold2_ptm_model_1_seed_000.pdb,70.17351851851852,56.40184210526317,13,5.0412545,10.98072
results_updated/RfaH/run1/divide_and_conquer/clades/clade_004/shuffle_08/group_005_unrelaxed_rank_001_alphafold2_ptm_model_1_seed_000.pdb,68.60783950617285,53.08868421052632,13,3.2442086,9.376624
results_updated/RfaH/run1/divide_and_conquer/clades/clade_004/shuffle_08/group_008_unrelaxed_rank_001_alphafold2_ptm_model_1_seed_000.pdb,75.97166666666666,67.98763157894739,16,5.3317943,11.265302
results_updated/RfaH/run1/divide_and_conquer/clades/clade_004/shuffle_08/group_007_unrelaxed_rank_001_alphafold2_ptm_model_1_seed_000.pdb,68.79580246913581,48.964473684210525,13,5.2676663,11.483757
results_updated/RfaH/run1/divide_and_conquer/clades/clade_004/shuffle_08/group_001_unrelaxed_rank_001_alphafold2_ptm_model_1_seed_000.pdb,68.97944444444445,54.25315789473685,13,4.505936,10.753128
results_updated/RfaH/run1/divide_and_conquer/clades/clade_004/shuffle_08/group_004_unrelaxed_rank_001_alphafold2_ptm_model_1_seed_000.pdb,75.93456790123457,66.71947368421051,13,5.1411314,11.224513
results_updated/RfaH/run1/divide_and_conquer/clades/clade_004/shuffle_09/group_003_unrelaxed_rank_001_alphafold2_ptm_model_1_seed_000.pdb,70.77907407407407,54.72131578947368,13,6.3844743,9.048047
results_updated/RfaH/run1/divide_and_conquer/clades/clade_004/shuffle_09/group_002_unrelaxed_rank_001_alphafold2_ptm_model_1_seed_000.pdb,70.1758024691358,56.05184210526316,13,4.456193,10.243435
results_updated/RfaH/run1/divide_and_conquer/clades/clade_004/shuffle_09/group_006_unrelaxed_rank_001_alphafold2_ptm_model_1_seed_000.pdb,68.88456790123456,52.25447368421053,13,5.1675963,9.596991
results_updated/RfaH/run1/divide_and_conquer/clades/clade_004/shuffle_09/group_005_unrelaxed_rank_001_alphafold2_ptm_model_1_seed_000.pdb,71.9467901234568,59.36315789473684,13,5.789516,10.677754
results_updated/RfaH/run1/divide_and_conquer/clades/clade_004/shuffle_09/group_008_unrelaxed_rank_001_alphafold2_ptm_model_1_seed_000.pdb,63.091234567901225,35.23447368421053,16,6.9772863,8.219015
results_updated/RfaH/run1/divide_and_conquer/clades/clade_004/shuffle_09/group_007_unrelaxed_rank_001_alphafold2_ptm_model_1_seed_000.pdb,74.63067901234568,59.56263157894737,13,6.997591,8.311493
results_updated/RfaH/run1/divide_and_conquer/clades/clade_004/shuffle_09/group_001_unrelaxed_rank_001_alphafold2_ptm_model_1_seed_000.pdb,68.43802469135802,49.494736842105254,13,3.9714267,9.230247
results_updated/RfaH/run1/divide_and_conquer/clades/clade_004/shuffle_09/group_004_unrelaxed_rank_001_alphafold2_ptm_model_1_seed_000.pdb,75.65425925925926,68.03526315789473,13,5.5121284,11.549682
results_updated/RfaH/run1/divide_and_conquer/clades/clade_004/shuffle_10/group_003_unrelaxed_rank_001_alphafold2_ptm_model_1_seed_000.pdb,71.07037037037038,56.73947368421052,13,6.590386,9.909243
results_updated/RfaH/run1/divide_and_conquer/clades/clade_004/shuffle_10/group_002_unrelaxed_rank_001_alphafold2_ptm_model_1_seed_000.pdb,67.18055555555556,47.1771052631579,13,6.2902064,8.992299
results_updated/RfaH/run1/divide_and_conquer/clades/clade_004/shuffle_10/group_006_unrelaxed_rank_001_alphafold2_ptm_model_1_seed_000.pdb,62.41524691358024,42.3628947368421,13,3.4770622,9.029331
results_updated/RfaH/run1/divide_and_conquer/clades/clade_004/shuffle_10/group_005_unrelaxed_rank_001_alphafold2_ptm_model_1_seed_000.pdb,68.45061728395062,52.952368421052626,13,3.1260767,9.109018
results_updated/RfaH/run1/divide_and_conquer/clades/clade_004/shuffle_10/group_008_unrelaxed_rank_001_alphafold2_ptm_model_1_seed_000.pdb,63.74067901234568,38.15289473684211,16,7.639429,8.734275
results_updated/RfaH/run1/divide_and_conquer/clades/clade_004/shuffle_10/group_007_unrelaxed_rank_001_alphafold2_ptm_model_1_seed_000.pdb,67.22537037037037,46.99368421052632,13,6.51467,10.108968
results_updated/RfaH/run1/divide_and_conquer/clades/clade_004/shuffle_10/group_001_unrelaxed_rank_001_alphafold2_ptm_model_1_seed_000.pdb,72.8920987654321,61.13631578947367,13,5.28294,11.052375
results_updated/RfaH/run1/divide_and_conquer/clades/clade_004/shuffle_10/group_004_unrelaxed_rank_001_alphafold2_ptm_model_1_seed_000.pdb,74.73209876543211,65.33631578947367,13,5.844823,8.916783
results_updated/RfaH/run1/divide_and_conquer/clades/clade_005/shuffle_01/group_003_unrelaxed_rank_001_alphafold2_ptm_model_1_seed_000.pdb,81.16685185185186,82.14500000000001,13,13.616822,1.5468087
results_updated/RfaH/run1/divide_and_conquer/clades/clade_005/shuffle_01/group_002_unrelaxed_rank_001_alphafold2_ptm_model_1_seed_000.pdb,68.32685185185186,48.67789473684211,13,8.421678,10.04067
results_updated/RfaH/run1/divide_and_conquer/clades/clade_005/shuffle_01/group_006_unrelaxed_rank_001_alphafold2_ptm_model_1_seed_000.pdb,69.63296296296296,52.5521052631579,13,5.3091516,9.44273
results_updated/RfaH/run1/divide_and_conquer/clades/clade_005/shuffle_01/group_005_unrelaxed_rank_001_alphafold2_ptm_model_1_seed_000.pdb,66.54777777777777,48.10947368421053,13,7.0008106,2.8494542
results_updated/RfaH/run1/divide_and_conquer/clades/clade_005/shuffle_01/group_008_unrelaxed_rank_001_alphafold2_ptm_model_1_seed_000.pdb,67.54882716049383,52.23052631578947,14,6.270907,6.540814
results_updated/RfaH/run1/divide_and_conquer/clades/clade_005/shuffle_01/group_007_unrelaxed_rank_001_alphafold2_ptm_model_1_seed_000.pdb,79.39518518518517,81.98947368421054,13,16.594944,1.705607
results_updated/RfaH/run1/divide_and_conquer/clades/clade_005/shuffle_01/group_001_unrelaxed_rank_001_alphafold2_ptm_model_1_seed_000.pdb,81.3953086419753,83.67394736842104,13,16.005867,1.508421
results_updated/RfaH/run1/divide_and_conquer/clades/clade_005/shuffle_01/group_004_unrelaxed_rank_001_alphafold2_ptm_model_1_seed_000.pdb,80.41246913580247,79.80210526315788,13,15.27527,1.548078
results_updated/RfaH/run1/divide_and_conquer/clades/clade_005/shuffle_02/group_003_unrelaxed_rank_001_alphafold2_ptm_model_1_seed_000.pdb,74.42975308641975,66.19657894736842,13,8.189704,2.0683768
results_updated/RfaH/run1/divide_and_conquer/clades/clade_005/shuffle_02/group_002_unrelaxed_rank_001_alphafold2_ptm_model_1_seed_000.pdb,65.59376543209876,44.39657894736842,13,9.663925,9.638282
results_updated/RfaH/run1/divide_and_conquer/clades/clade_005/shuffle_02/group_006_unrelaxed_rank_001_alphafold2_ptm_model_1_seed_000.pdb,81.39043209876543,79.55342105263158,13,17.794033,1.8443675
results_updated/RfaH/run1/divide_and_conquer/clades/clade_005/shuffle_02/group_005_unrelaxed_rank_001_alphafold2_ptm_model_1_seed_000.pdb,70.43746913580247,58.102631578947374,13,6.7996497,2.0632732
results_updated/RfaH/run1/divide_and_conquer/clades/clade_005/shuffle_02/group_008_unrelaxed_rank_001_alphafold2_ptm_model_1_seed_000.pdb,82.2632098765432,84.11184210526315,14,14.569696,1.4822277
results_updated/RfaH/run1/divide_and_conquer/clades/clade_005/shuffle_02/group_007_unrelaxed_rank_001_alphafold2_ptm_model_1_seed_000.pdb,64.90716049382715,45.081315789473685,13,5.393779,7.380973
results_updated/RfaH/run1/divide_and_conquer/clades/clade_005/shuffle_02/group_001_unrelaxed_rank_001_alphafold2_ptm_model_1_seed_000.pdb,66.50024691358026,49.34368421052631,13,4.5518756,8.53876
results_updated/RfaH/run1/divide_and_conquer/clades/clade_005/shuffle_02/group_004_unrelaxed_rank_001_alphafold2_ptm_model_1_seed_000.pdb,64.40364197530864,36.49315789473684,13,7.309887,4.5372477
results_updated/RfaH/run1/divide_and_conquer/clades/clade_005/shuffle_03/group_003_unrelaxed_rank_001_alphafold2_ptm_model_1_seed_000.pdb,63.702222222222225,43.525,13,4.380493,8.250246
results_updated/RfaH/run1/divide_and_conquer/clades/clade_005/shuffle_03/group_002_unrelaxed_rank_001_alphafold2_ptm_model_1_seed_000.pdb,68.93617283950617,52.41210526315789,13,6.8604035,3.0767171
results_updated/RfaH/run1/divide_and_conquer/clades/clade_005/shuffle_03/group_006_unrelaxed_rank_001_alphafold2_ptm_model_1_seed_000.pdb,78.76043209876542,74.92184210526317,13,8.090479,1.6748914
results_updated/RfaH/run1/divide_and_conquer/clades/clade_005/shuffle_03/group_005_unrelaxed_rank_001_alphafold2_ptm_model_1_seed_000.pdb,63.81808641975308,43.300526315789476,13,5.285234,8.906152
results_updated/RfaH/run1/divide_and_conquer/clades/clade_005/shuffle_03/group_008_unrelaxed_rank_001_alphafold2_ptm_model_1_seed_000.pdb,80.37623456790122,82.79473684210525,14,16.432133,1.565502
results_updated/RfaH/run1/divide_and_conquer/clades/clade_005/shuffle_03/group_007_unrelaxed_rank_001_alphafold2_ptm_model_1_seed_000.pdb,69.08740740740741,53.966842105263154,13,9.567658,9.235444
results_updated/RfaH/run1/divide_and_conquer/clades/clade_005/shuffle_03/group_001_unrelaxed_rank_001_alphafold2_ptm_model_1_seed_000.pdb,66.64277777777778,45.12342105263158,13,9.799601,9.3996315
results_updated/RfaH/run1/divide_and_conquer/clades/clade_005/shuffle_03/group_004_unrelaxed_rank_001_alphafold2_ptm_model_1_seed_000.pdb,79.67129629629629,83.37,13,13.365431,1.5241205
results_updated/RfaH/run1/divide_and_conquer/clades/clade_005/shuffle_04/group_003_unrelaxed_rank_001_alphafold2_ptm_model_1_seed_000.pdb,64.96858024691358,37.1978947368421,13,7.324541,8.73627
results_updated/RfaH/run1/divide_and_conquer/clades/clade_005/shuffle_04/group_002_unrelaxed_rank_001_alphafold2_ptm_model_1_seed_000.pdb,69.76703703703703,52.47815789473684,13,9.504942,9.334097
results_updated/RfaH/run1/divide_and_conquer/clades/clade_005/shuffle_04/group_006_unrelaxed_rank_001_alphafold2_ptm_model_1_seed_000.pdb,81.9041975308642,84.86605263157895,13,16.664762,1.5649711
results_updated/RfaH/run1/divide_and_conquer/clades/clade_005/shuffle_04/group_005_unrelaxed_rank_001_alphafold2_ptm_model_1_seed_000.pdb,66.71135802469135,49.657105263157895,13,6.9515905,9.91973
results_updated/RfaH/run1/divide_and_conquer/clades/clade_005/shuffle_04/group_008_unrelaxed_rank_001_alphafold2_ptm_model_1_seed_000.pdb,79.38962962962962,82.50552631578947,14,13.410284,1.5711596
results_updated/RfaH/run1/divide_and_conquer/clades/clade_005/shuffle_04/group_007_unrelaxed_rank_001_alphafold2_ptm_model_1_seed_000.pdb,67.50604938271604,55.74631578947368,13,7.1121664,3.3310363
results_updated/RfaH/run1/divide_and_conquer/clades/clade_005/shuffle_04/group_001_unrelaxed_rank_001_alphafold2_ptm_model_1_seed_000.pdb,60.97907407407406,39.039736842105256,13,7.678086,10.044359
results_updated/RfaH/run1/divide_and_conquer/clades/clade_005/shuffle_04/group_004_unrelaxed_rank_001_alphafold2_ptm_model_1_seed_000.pdb,77.19259259259259,77.24131578947367,13,9.074084,1.5922661
results_updated/RfaH/run1/divide_and_conquer/clades/clade_005/shuffle_05/group_003_unrelaxed_rank_001_alphafold2_ptm_model_1_seed_000.pdb,64.53030864197531,40.86421052631578,13,5.300498,7.0394626
results_updated/RfaH/run1/divide_and_conquer/clades/clade_005/shuffle_05/group_002_unrelaxed_rank_001_alphafold2_ptm_model_1_seed_000.pdb,66.21956790123457,45.93552631578947,13,5.762205,7.2971334
results_updated/RfaH/run1/divide_and_conquer/clades/clade_005/shuffle_05/group_006_unrelaxed_rank_001_alphafold2_ptm_model_1_seed_000.pdb,63.26456790123456,42.14289473684211,13,9.504584,9.289007
results_updated/RfaH/run1/divide_and_conquer/clades/clade_005/shuffle_05/group_005_unrelaxed_rank_001_alphafold2_ptm_model_1_seed_000.pdb,80.53876543209877,81.94131578947368,13,15.766372,1.5153245
results_updated/RfaH/run1/divide_and_conquer/clades/clade_005/shuffle_05/group_008_unrelaxed_rank_001_alphafold2_ptm_model_1_seed_000.pdb,81.43518518518519,81.08684210526316,14,17.73874,1.9237452
results_updated/RfaH/run1/divide_and_conquer/clades/clade_005/shuffle_05/group_007_unrelaxed_rank_001_alphafold2_ptm_model_1_seed_000.pdb,66.01425925925926,53.21868421052631,13,7.2190995,2.1869226
results_updated/RfaH/run1/divide_and_conquer/clades/clade_005/shuffle_05/group_001_unrelaxed_rank_001_alphafold2_ptm_model_1_seed_000.pdb,64.83907407407408,43.703947368421055,13,7.993096,9.990799
results_updated/RfaH/run1/divide_and_conquer/clades/clade_005/shuffle_05/group_004_unrelaxed_rank_001_alphafold2_ptm_model_1_seed_000.pdb,67.25549382716049,49.87605263157895,13,3.9834843,8.808593
results_updated/RfaH/run1/divide_and_conquer/clades/clade_005/shuffle_06/group_003_unrelaxed_rank_001_alphafold2_ptm_model_1_seed_000.pdb,80.2712962962963,78.18315789473684,13,8.58875,2.0476754
results_updated/RfaH/run1/divide_and_conquer/clades/clade_005/shuffle_06/group_002_unrelaxed_rank_001_alphafold2_ptm_model_1_seed_000.pdb,81.87006172839507,85.7178947368421,13,15.929678,1.5525793
results_updated/RfaH/run1/divide_and_conquer/clades/clade_005/shuffle_06/group_006_unrelaxed_rank_001_alphafold2_ptm_model_1_seed_000.pdb,67.2929012345679,50.510000000000005,13,5.776857,9.425189
results_updated/RfaH/run1/divide_and_conquer/clades/clade_005/shuffle_06/group_005_unrelaxed_rank_001_alphafold2_ptm_model_1_seed_000.pdb,67.24537037037037,48.529999999999994,13,6.265109,9.527637
results_updated/RfaH/run1/divide_and_conquer/clades/clade_005/shuffle_06/group_008_unrelaxed_rank_001_alphafold2_ptm_model_1_seed_000.pdb,62.355308641975306,52.785526315789475,14,10.073802,11.028463
results_updated/RfaH/run1/divide_and_conquer/clades/clade_005/shuffle_06/group_007_unrelaxed_rank_001_alphafold2_ptm_model_1_seed_000.pdb,61.66135802469135,42.40026315789474,13,5.692174,8.485472
results_updated/RfaH/run1/divide_and_conquer/clades/clade_005/shuffle_06/group_001_unrelaxed_rank_001_alphafold2_ptm_model_1_seed_000.pdb,65.83,44.512631578947364,13,6.4871063,9.565499
results_updated/RfaH/run1/divide_and_conquer/clades/clade_005/shuffle_06/group_004_unrelaxed_rank_001_alphafold2_ptm_model_1_seed_000.pdb,68.0825925925926,51.54394736842105,13,5.77004,9.468547
results_updated/RfaH/run1/divide_and_conquer/clades/clade_005/shuffle_07/group_003_unrelaxed_rank_001_alphafold2_ptm_model_1_seed_000.pdb,65.62327160493827,47.84394736842105,13,5.746969,10.968496
results_updated/RfaH/run1/divide_and_conquer/clades/clade_005/shuffle_07/group_002_unrelaxed_rank_001_alphafold2_ptm_model_1_seed_000.pdb,65.61271604938271,44.97894736842105,13,7.0617223,7.2668705
results_updated/RfaH/run1/divide_and_conquer/clades/clade_005/shuffle_07/group_006_unrelaxed_rank_001_alphafold2_ptm_model_1_seed_000.pdb,76.41962962962963,74.76157894736843,13,8.580575,1.761105
results_updated/RfaH/run1/divide_and_conquer/clades/clade_005/shuffle_07/group_005_unrelaxed_rank_001_alphafold2_ptm_model_1_seed_000.pdb,66.94185185185187,47.806578947368415,13,6.856125,2.909062
results_updated/RfaH/run1/divide_and_conquer/clades/clade_005/shuffle_07/group_008_unrelaxed_rank_001_alphafold2_ptm_model_1_seed_000.pdb,65.30654320987654,42.235789473684214,14,5.4464493,7.078574
results_updated/RfaH/run1/divide_and_conquer/clades/clade_005/shuffle_07/group_007_unrelaxed_rank_001_alphafold2_ptm_model_1_seed_000.pdb,82.40376543209877,85.69815789473684,13,13.862621,1.5337687
results_updated/RfaH/run1/divide_and_conquer/clades/clade_005/shuffle_07/group_001_unrelaxed_rank_001_alphafold2_ptm_model_1_seed_000.pdb,69.94604938271605,59.44473684210525,13,11.699401,2.5000777
results_updated/RfaH/run1/divide_and_conquer/clades/clade_005/shuffle_07/group_004_unrelaxed_rank_001_alphafold2_ptm_model_1_seed_000.pdb,70.03722222222221,57.80026315789473,13,5.621576,9.515626
results_updated/RfaH/run1/divide_and_conquer/clades/clade_005/shuffle_08/group_003_unrelaxed_rank_001_alphafold2_ptm_model_1_seed_000.pdb,59.00530864197531,42.36473684210526,13,7.601269,8.614973
results_updated/RfaH/run1/divide_and_conquer/clades/clade_005/shuffle_08/group_002_unrelaxed_rank_001_alphafold2_ptm_model_1_seed_000.pdb,57.67901234567901,42.34894736842105,13,11.077885,10.261592
results_updated/RfaH/run1/divide_and_conquer/clades/clade_005/shuffle_08/group_006_unrelaxed_rank_001_alphafold2_ptm_model_1_seed_000.pdb,69.76475308641974,56.014736842105265,13,8.423475,1.8550253
results_updated/RfaH/run1/divide_and_conquer/clades/clade_005/shuffle_08/group_005_unrelaxed_rank_001_alphafold2_ptm_model_1_seed_000.pdb,80.62672839506172,81.87526315789474,13,14.381337,1.5618415
results_updated/RfaH/run1/divide_and_conquer/clades/clade_005/shuffle_08/group_008_unrelaxed_rank_001_alphafold2_ptm_model_1_seed_000.pdb,66.72185185185185,44.87184210526315,14,5.1548166,7.603542
results_updated/RfaH/run1/divide_and_conquer/clades/clade_005/shuffle_08/group_007_unrelaxed_rank_001_alphafold2_ptm_model_1_seed_000.pdb,59.162654320987656,37.64236842105263,13,5.102201,8.598077
results_updated/RfaH/run1/divide_and_conquer/clades/clade_005/shuffle_08/group_001_unrelaxed_rank_001_alphafold2_ptm_model_1_seed_000.pdb,79.70623456790123,81.71394736842107,13,14.361742,1.558711
results_updated/RfaH/run1/divide_and_conquer/clades/clade_005/shuffle_08/group_004_unrelaxed_rank_001_alphafold2_ptm_model_1_seed_000.pdb,77.355,76.30684210526316,13,7.964554,1.5882858
results_updated/RfaH/run1/divide_and_conquer/clades/clade_005/shuffle_09/group_003_unrelaxed_rank_001_alphafold2_ptm_model_1_seed_000.pdb,64.39808641975308,45.05078947368421,13,6.052638,9.25252
results_updated/RfaH/run1/divide_and_conquer/clades/clade_005/shuffle_09/group_002_unrelaxed_rank_001_alphafold2_ptm_model_1_seed_000.pdb,63.5791975308642,39.79973684210526,13,5.415027,7.002293
results_updated/RfaH/run1/divide_and_conquer/clades/clade_005/shuffle_09/group_006_unrelaxed_rank_001_alphafold2_ptm_model_1_seed_000.pdb,82.1617901234568,85.40631578947368,13,14.766549,1.5676911
results_updated/RfaH/run1/divide_and_conquer/clades/clade_005/shuffle_09/group_005_unrelaxed_rank_001_alphafold2_ptm_model_1_seed_000.pdb,75.82333333333334,84.7036842105263,13,17.041063,1.5805235
results_updated/RfaH/run1/divide_and_conquer/clades/clade_005/shuffle_09/group_008_unrelaxed_rank_001_alphafold2_ptm_model_1_seed_000.pdb,68.91802469135803,52.55657894736842,14,9.367557,9.286186
results_updated/RfaH/run1/divide_and_conquer/clades/clade_005/shuffle_09/group_007_unrelaxed_rank_001_alphafold2_ptm_model_1_seed_000.pdb,74.39327160493828,62.8292105263158,13,9.124638,1.7611412
results_updated/RfaH/run1/divide_and_conquer/clades/clade_005/shuffle_09/group_001_unrelaxed_rank_001_alphafold2_ptm_model_1_seed_000.pdb,58.36327160493828,39.922894736842096,13,11.123211,10.261578
results_updated/RfaH/run1/divide_and_conquer/clades/clade_005/shuffle_09/group_004_unrelaxed_rank_001_alphafold2_ptm_model_1_seed_000.pdb,69.45574074074074,47.80000000000001,13,8.660766,9.575038
results_updated/RfaH/run1/divide_and_conquer/clades/clade_005/shuffle_10/group_003_unrelaxed_rank_001_alphafold2_ptm_model_1_seed_000.pdb,54.59469135802469,38.10736842105263,13,10.814062,9.709594
results_updated/RfaH/run1/divide_and_conquer/clades/clade_005/shuffle_10/group_002_unrelaxed_rank_001_alphafold2_ptm_model_1_seed_000.pdb,65.30055555555555,46.01052631578946,13,4.3999352,8.511368
results_updated/RfaH/run1/divide_and_conquer/clades/clade_005/shuffle_10/group_006_unrelaxed_rank_001_alphafold2_ptm_model_1_seed_000.pdb,79.41098765432098,82.91894736842106,13,18.013464,1.4973074
results_updated/RfaH/run1/divide_and_conquer/clades/clade_005/shuffle_10/group_005_unrelaxed_rank_001_alphafold2_ptm_model_1_seed_000.pdb,64.20697530864197,39.1771052631579,13,7.017095,7.0584645
results_updated/RfaH/run1/divide_and_conquer/clades/clade_005/shuffle_10/group_008_unrelaxed_rank_001_alphafold2_ptm_model_1_seed_000.pdb,80.08981481481482,81.2357894736842,14,8.387013,1.4618975
results_updated/RfaH/run1/divide_and_conquer/clades/clade_005/shuffle_10/group_007_unrelaxed_rank_001_alphafold2_ptm_model_1_seed_000.pdb,67.11030864197531,47.416315789473686,13,3.6917574,8.759486
results_updated/RfaH/run1/divide_and_conquer/clades/clade_005/shuffle_10/group_001_unrelaxed_rank_001_alphafold2_ptm_model_1_seed_000.pdb,63.15802469135803,42.97552631578947,13,7.242819,2.789713
results_updated/RfaH/run1/divide_and_conquer/clades/clade_005/shuffle_10/group_004_unrelaxed_rank_001_alphafold2_ptm_model_1_seed_000.pdb,65.1220987654321,44.245263157894726,13,5.410851,8.028443
results_updated/RfaH/run1/divide_and_conquer/clades/clade_006/shuffle_01/group_003_unrelaxed_rank_001_alphafold2_ptm_model_1_seed_000.pdb,67.25216049382716,48.35947368421053,13,4.277524,9.997647
results_updated/RfaH/run1/divide_and_conquer/clades/clade_006/shuffle_01/group_002_unrelaxed_rank_001_alphafold2_ptm_model_1_seed_000.pdb,69.73450617283952,51.24763157894736,13,5.2801843,6.724193
results_updated/RfaH/run1/divide_and_conquer/clades/clade_006/shuffle_01/group_006_unrelaxed_rank_001_alphafold2_ptm_model_1_seed_000.pdb,67.16160493827161,44.711052631578944,13,4.181038,10.222919
results_updated/RfaH/run1/divide_and_conquer/clades/clade_006/shuffle_01/group_005_unrelaxed_rank_001_alphafold2_ptm_model_1_seed_000.pdb,68.14592592592592,47.412894736842105,13,5.404585,8.733351
results_updated/RfaH/run1/divide_and_conquer/clades/clade_006/shuffle_01/group_008_unrelaxed_rank_001_alphafold2_ptm_model_1_seed_000.pdb,65.76271604938272,43.90763157894737,14,3.889227,10.02506
results_updated/RfaH/run1/divide_and_conquer/clades/clade_006/shuffle_01/group_007_unrelaxed_rank_001_alphafold2_ptm_model_1_seed_000.pdb,68.55253086419752,49.48605263157895,13,4.167492,10.328012
results_updated/RfaH/run1/divide_and_conquer/clades/clade_006/shuffle_01/group_001_unrelaxed_rank_001_alphafold2_ptm_model_1_seed_000.pdb,67.22500000000001,43.74552631578947,13,6.063079,6.377693
results_updated/RfaH/run1/divide_and_conquer/clades/clade_006/shuffle_01/group_004_unrelaxed_rank_001_alphafold2_ptm_model_1_seed_000.pdb,66.58598765432099,46.75868421052631,13,5.238428,8.654693
results_updated/RfaH/run1/divide_and_conquer/clades/clade_006/shuffle_02/group_003_unrelaxed_rank_001_alphafold2_ptm_model_1_seed_000.pdb,66.83543209876544,42.10947368421053,13,5.114385,8.778316
results_updated/RfaH/run1/divide_and_conquer/clades/clade_006/shuffle_02/group_002_unrelaxed_rank_001_alphafold2_ptm_model_1_seed_000.pdb,69.1924074074074,50.811578947368425,13,3.7032068,11.14062
results_updated/RfaH/run1/divide_and_conquer/clades/clade_006/shuffle_02/group_006_unrelaxed_rank_001_alphafold2_ptm_model_1_seed_000.pdb,69.23654320987654,47.604210526315796,13,7.9411817,12.067756
results_updated/RfaH/run1/divide_and_conquer/clades/clade_006/shuffle_02/group_005_unrelaxed_rank_001_alphafold2_ptm_model_1_seed_000.pdb,65.85876543209876,42.318157894736835,13,6.77441,10.118253
results_updated/RfaH/run1/divide_and_conquer/clades/clade_006/shuffle_02/group_008_unrelaxed_rank_001_alphafold2_ptm_model_1_seed_000.pdb,67.84567901234568,47.541842105263164,14,5.5855865,6.0475316
results_updated/RfaH/run1/divide_and_conquer/clades/clade_006/shuffle_02/group_007_unrelaxed_rank_001_alphafold2_ptm_model_1_seed_000.pdb,67.02006172839506,45.69552631578947,13,5.0144486,8.178643
results_updated/RfaH/run1/divide_and_conquer/clades/clade_006/shuffle_02/group_001_unrelaxed_rank_001_alphafold2_ptm_model_1_seed_000.pdb,76.41197530864197,64.05315789473683,13,6.7156434,9.505618
results_updated/RfaH/run1/divide_and_conquer/clades/clade_006/shuffle_02/group_004_unrelaxed_rank_001_alphafold2_ptm_model_1_seed_000.pdb,69.1912962962963,50.481052631578955,13,5.868953,7.068619
results_updated/RfaH/run1/divide_and_conquer/clades/clade_006/shuffle_03/group_003_unrelaxed_rank_001_alphafold2_ptm_model_1_seed_000.pdb,70.97185185185187,51.05447368421053,13,6.5628853,9.179758
results_updated/RfaH/run1/divide_and_conquer/clades/clade_006/shuffle_03/group_002_unrelaxed_rank_001_alphafold2_ptm_model_1_seed_000.pdb,65.23123456790123,42.89868421052632,13,5.3559504,7.9521346
results_updated/RfaH/run1/divide_and_conquer/clades/clade_006/shuffle_03/group_006_unrelaxed_rank_001_alphafold2_ptm_model_1_seed_000.pdb,64.79061728395061,42.069736842105264,13,5.7551637,9.559994
results_updated/RfaH/run1/divide_and_conquer/clades/clade_006/shuffle_03/group_005_unrelaxed_rank_001_alphafold2_ptm_model_1_seed_000.pdb,68.61012345679012,49.47631578947369,13,5.3772173,10.360322
results_updated/RfaH/run1/divide_and_conquer/clades/clade_006/shuffle_03/group_008_unrelaxed_rank_001_alphafold2_ptm_model_1_seed_000.pdb,69.6233950617284,50.39236842105264,14,3.4387379,10.013137
results_updated/RfaH/run1/divide_and_conquer/clades/clade_006/shuffle_03/group_007_unrelaxed_rank_001_alphafold2_ptm_model_1_seed_000.pdb,68.38722222222222,48.39657894736841,13,5.903073,9.527633
results_updated/RfaH/run1/divide_and_conquer/clades/clade_006/shuffle_03/group_001_unrelaxed_rank_001_alphafold2_ptm_model_1_seed_000.pdb,68.36043209876543,48.44947368421052,13,4.4256835,8.49655
results_updated/RfaH/run1/divide_and_conquer/clades/clade_006/shuffle_03/group_004_unrelaxed_rank_001_alphafold2_ptm_model_1_seed_000.pdb,68.92074074074074,49.82473684210525,13,4.13882,9.778983
results_updated/RfaH/run1/divide_and_conquer/clades/clade_006/shuffle_04/group_003_unrelaxed_rank_001_alphafold2_ptm_model_1_seed_000.pdb,68.50648148148147,51.38684210526316,13,3.8943462,9.791493
results_updated/RfaH/run1/divide_and_conquer/clades/clade_006/shuffle_04/group_002_unrelaxed_rank_001_alphafold2_ptm_model_1_seed_000.pdb,66.79074074074074,45.305263157894736,13,6.9870872,9.746545
results_updated/RfaH/run1/divide_and_conquer/clades/clade_006/shuffle_04/group_006_unrelaxed_rank_001_alphafold2_ptm_model_1_seed_000.pdb,58.06191358024691,44.62289473684211,13,3.977442,10.6636
results_updated/RfaH/run1/divide_and_conquer/clades/clade_006/shuffle_04/group_005_unrelaxed_rank_001_alphafold2_ptm_model_1_seed_000.pdb,69.44802469135803,52.22868421052631,13,4.1550164,9.454183
results_updated/RfaH/run1/divide_and_conquer/clades/clade_006/shuffle_04/group_008_unrelaxed_rank_001_alphafold2_ptm_model_1_seed_000.pdb,73.25586419753087,57.25236842105264,14,6.26021,9.109868
results_updated/RfaH/run1/divide_and_conquer/clades/clade_006/shuffle_04/group_007_unrelaxed_rank_001_alphafold2_ptm_model_1_seed_000.pdb,71.08481481481482,52.37973684210526,13,4.149606,9.608373
results_updated/RfaH/run1/divide_and_conquer/clades/clade_006/shuffle_04/group_001_unrelaxed_rank_001_alphafold2_ptm_model_1_seed_000.pdb,48.25907407407407,40.161578947368426,13,10.445687,7.9076324
results_updated/RfaH/run1/divide_and_conquer/clades/clade_006/shuffle_04/group_004_unrelaxed_rank_001_alphafold2_ptm_model_1_seed_000.pdb,69.38703703703705,50.37605263157896,13,5.3038244,8.180727
results_updated/RfaH/run1/divide_and_conquer/clades/clade_006/shuffle_05/group_003_unrelaxed_rank_001_alphafold2_ptm_model_1_seed_000.pdb,67.57444444444445,46.79236842105263,13,4.629514,9.191944
results_updated/RfaH/run1/divide_and_conquer/clades/clade_006/shuffle_05/group_002_unrelaxed_rank_001_alphafold2_ptm_model_1_seed_000.pdb,69.64234567901235,48.98394736842104,13,5.912239,7.626121
results_updated/RfaH/run1/divide_and_conquer/clades/clade_006/shuffle_05/group_006_unrelaxed_rank_001_alphafold2_ptm_model_1_seed_000.pdb,68.5658024691358,48.39763157894737,13,7.3717184,10.596038
results_updated/RfaH/run1/divide_and_conquer/clades/clade_006/shuffle_05/group_005_unrelaxed_rank_001_alphafold2_ptm_model_1_seed_000.pdb,67.16345679012345,48.123157894736835,13,5.1021223,8.16232
results_updated/RfaH/run1/divide_and_conquer/clades/clade_006/shuffle_05/group_008_unrelaxed_rank_001_alphafold2_ptm_model_1_seed_000.pdb,68.4375925925926,50.523421052631576,14,4.0111384,9.628419
results_updated/RfaH/run1/divide_and_conquer/clades/clade_006/shuffle_05/group_007_unrelaxed_rank_001_alphafold2_ptm_model_1_seed_000.pdb,72.36987654320988,56.54342105263157,13,4.215695,9.075118
results_updated/RfaH/run1/divide_and_conquer/clades/clade_006/shuffle_05/group_001_unrelaxed_rank_001_alphafold2_ptm_model_1_seed_000.pdb,74.54351851851851,56.28342105263158,13,6.52866,9.331989
results_updated/RfaH/run1/divide_and_conquer/clades/clade_006/shuffle_05/group_004_unrelaxed_rank_001_alphafold2_ptm_model_1_seed_000.pdb,69.36895061728394,48.4142105263158,13,4.629588,10.011358
results_updated/RfaH/run1/divide_and_conquer/clades/clade_006/shuffle_06/group_003_unrelaxed_rank_001_alphafold2_ptm_model_1_seed_000.pdb,69.06154320987655,45.10368421052632,13,7.7763596,11.030305
results_updated/RfaH/run1/divide_and_conquer/clades/clade_006/shuffle_06/group_002_unrelaxed_rank_001_alphafold2_ptm_model_1_seed_000.pdb,64.77518518518518,46.37842105263157,13,5.5386558,7.498575
results_updated/RfaH/run1/divide_and_conquer/clades/clade_006/shuffle_06/group_006_unrelaxed_rank_001_alphafold2_ptm_model_1_seed_000.pdb,68.59833333333333,50.1571052631579,13,3.484713,9.505204
results_updated/RfaH/run1/divide_and_conquer/clades/clade_006/shuffle_06/group_005_unrelaxed_rank_001_alphafold2_ptm_model_1_seed_000.pdb,69.57358024691358,50.07526315789474,13,3.7144446,10.435899
results_updated/RfaH/run1/divide_and_conquer/clades/clade_006/shuffle_06/group_008_unrelaxed_rank_001_alphafold2_ptm_model_1_seed_000.pdb,67.11641975308642,48.5321052631579,14,5.329556,6.330739
results_updated/RfaH/run1/divide_and_conquer/clades/clade_006/shuffle_06/group_007_unrelaxed_rank_001_alphafold2_ptm_model_1_seed_000.pdb,66.81734567901235,46.39000000000001,13,4.971033,10.118166
results_updated/RfaH/run1/divide_and_conquer/clades/clade_006/shuffle_06/group_001_unrelaxed_rank_001_alphafold2_ptm_model_1_seed_000.pdb,68.78222222222223,49.12026315789473,13,6.107568,6.4131064
results_updated/RfaH/run1/divide_and_conquer/clades/clade_006/shuffle_06/group_004_unrelaxed_rank_001_alphafold2_ptm_model_1_seed_000.pdb,68.82679012345679,49.875789473684215,13,2.8674035,10.007938
results_updated/RfaH/run1/divide_and_conquer/clades/clade_006/shuffle_07/group_003_unrelaxed_rank_001_alphafold2_ptm_model_1_seed_000.pdb,70.53537037037037,50.897894736842105,13,3.3072739,10.2454815
results_updated/RfaH/run1/divide_and_conquer/clades/clade_006/shuffle_07/group_002_unrelaxed_rank_001_alphafold2_ptm_model_1_seed_000.pdb,73.44777777777779,57.67736842105264,13,6.3237925,9.697681
results_updated/RfaH/run1/divide_and_conquer/clades/clade_006/shuffle_07/group_006_unrelaxed_rank_001_alphafold2_ptm_model_1_seed_000.pdb,67.46172839506173,47.54263157894736,13,4.1792135,8.045386
results_updated/RfaH/run1/divide_and_conquer/clades/clade_006/shuffle_07/group_005_unrelaxed_rank_001_alphafold2_ptm_model_1_seed_000.pdb,69.60345679012347,54.01657894736842,13,3.388096,10.649711
results_updated/RfaH/run1/divide_and_conquer/clades/clade_006/shuffle_07/group_008_unrelaxed_rank_001_alphafold2_ptm_model_1_seed_000.pdb,71.40506172839507,54.76447368421053,14,3.0531788,9.682856
results_updated/RfaH/run1/divide_and_conquer/clades/clade_006/shuffle_07/group_007_unrelaxed_rank_001_alphafold2_ptm_model_1_seed_000.pdb,66.12839506172838,48.55263157894737,13,3.4402297,10.17585
results_updated/RfaH/run1/divide_and_conquer/clades/clade_006/shuffle_07/group_001_unrelaxed_rank_001_alphafold2_ptm_model_1_seed_000.pdb,67.11475308641975,46.7628947368421,13,6.8231688,8.990356
results_updated/RfaH/run1/divide_and_conquer/clades/clade_006/shuffle_07/group_004_unrelaxed_rank_001_alphafold2_ptm_model_1_seed_000.pdb,66.03327160493826,46.404999999999994,13,4.3430767,9.425581
results_updated/RfaH/run1/divide_and_conquer/clades/clade_006/shuffle_08/group_003_unrelaxed_rank_001_alphafold2_ptm_model_1_seed_000.pdb,67.83685185185185,47.85342105263159,13,7.1229916,12.118179
results_updated/RfaH/run1/divide_and_conquer/clades/clade_006/shuffle_08/group_002_unrelaxed_rank_001_alphafold2_ptm_model_1_seed_000.pdb,70.96104938271604,52.96657894736842,13,3.8447845,10.210592
results_updated/RfaH/run1/divide_and_conquer/clades/clade_006/shuffle_08/group_006_unrelaxed_rank_001_alphafold2_ptm_model_1_seed_000.pdb,67.12006172839507,47.9271052631579,13,4.816374,9.013142
results_updated/RfaH/run1/divide_and_conquer/clades/clade_006/shuffle_08/group_005_unrelaxed_rank_001_alphafold2_ptm_model_1_seed_000.pdb,65.18777777777778,44.11552631578947,13,4.4219503,9.551625
results_updated/RfaH/run1/divide_and_conquer/clades/clade_006/shuffle_08/group_008_unrelaxed_rank_001_alphafold2_ptm_model_1_seed_000.pdb,67.93944444444445,46.993947368421054,14,5.4864626,8.6112175
results_updated/RfaH/run1/divide_and_conquer/clades/clade_006/shuffle_08/group_007_unrelaxed_rank_001_alphafold2_ptm_model_1_seed_000.pdb,67.66333333333333,45.72842105263158,13,4.898377,8.159775
results_updated/RfaH/run1/divide_and_conquer/clades/clade_006/shuffle_08/group_001_unrelaxed_rank_001_alphafold2_ptm_model_1_seed_000.pdb,69.33024691358025,48.97736842105263,13,5.8393755,7.9490304
results_updated/RfaH/run1/divide_and_conquer/clades/clade_006/shuffle_08/group_004_unrelaxed_rank_001_alphafold2_ptm_model_1_seed_000.pdb,67.78154320987655,48.06263157894737,13,5.4900026,6.3321676
results_updated/RfaH/run1/divide_and_conquer/clades/clade_006/shuffle_09/group_003_unrelaxed_rank_001_alphafold2_ptm_model_1_seed_000.pdb,40.0941975308642,41.580789473684206,13,13.716112,9.373718
results_updated/RfaH/run1/divide_and_conquer/clades/clade_006/shuffle_09/group_002_unrelaxed_rank_001_alphafold2_ptm_model_1_seed_000.pdb,70.9612962962963,51.568684210526314,13,6.633479,9.467953
results_updated/RfaH/run1/divide_and_conquer/clades/clade_006/shuffle_09/group_006_unrelaxed_rank_001_alphafold2_ptm_model_1_seed_000.pdb,70.9845061728395,55.76026315789475,13,3.9534287,9.519098
results_updated/RfaH/run1/divide_and_conquer/clades/clade_006/shuffle_09/group_005_unrelaxed_rank_001_alphafold2_ptm_model_1_seed_000.pdb,67.54259259259258,47.63763157894737,13,3.5262165,10.456447
results_updated/RfaH/run1/divide_and_conquer/clades/clade_006/shuffle_09/group_008_unrelaxed_rank_001_alphafold2_ptm_model_1_seed_000.pdb,70.60932098765433,50.795,14,6.0094113,8.735904
results_updated/RfaH/run1/divide_and_conquer/clades/clade_006/shuffle_09/group_007_unrelaxed_rank_001_alphafold2_ptm_model_1_seed_000.pdb,69.0079012345679,50.25447368421053,13,4.873017,9.090263
results_updated/RfaH/run1/divide_and_conquer/clades/clade_006/shuffle_09/group_001_unrelaxed_rank_001_alphafold2_ptm_model_1_seed_000.pdb,67.47666666666667,47.32552631578947,13,5.3028674,9.850815
results_updated/RfaH/run1/divide_and_conquer/clades/clade_006/shuffle_09/group_004_unrelaxed_rank_001_alphafold2_ptm_model_1_seed_000.pdb,72.04592592592591,57.69526315789473,13,4.4909344,8.832975
results_updated/RfaH/run1/divide_and_conquer/clades/clade_006/shuffle_10/group_003_unrelaxed_rank_001_alphafold2_ptm_model_1_seed_000.pdb,68.61598765432099,47.12684210526316,13,5.223619,8.538691
results_updated/RfaH/run1/divide_and_conquer/clades/clade_006/shuffle_10/group_002_unrelaxed_rank_001_alphafold2_ptm_model_1_seed_000.pdb,68.62104938271605,49.012631578947364,13,5.471931,10.68442
results_updated/RfaH/run1/divide_and_conquer/clades/clade_006/shuffle_10/group_006_unrelaxed_rank_001_alphafold2_ptm_model_1_seed_000.pdb,54.74407407407408,46.26894736842105,13,5.196528,8.970214
results_updated/RfaH/run1/divide_and_conquer/clades/clade_006/shuffle_10/group_005_unrelaxed_rank_001_alphafold2_ptm_model_1_seed_000.pdb,70.37141975308643,53.619473684210526,13,6.4301505,10.5681715
results_updated/RfaH/run1/divide_and_conquer/clades/clade_006/shuffle_10/group_008_unrelaxed_rank_001_alphafold2_ptm_model_1_seed_000.pdb,69.92148148148148,50.14868421052632,14,4.2670145,9.064951
results_updated/RfaH/run1/divide_and_conquer/clades/clade_006/shuffle_10/group_007_unrelaxed_rank_001_alphafold2_ptm_model_1_seed_000.pdb,66.9779012345679,47.474736842105266,13,3.234419,9.9105
results_updated/RfaH/run1/divide_and_conquer/clades/clade_006/shuffle_10/group_001_unrelaxed_rank_001_alphafold2_ptm_model_1_seed_000.pdb,63.39407407407408,43.18842105263158,13,4.6702986,9.948465
results_updated/RfaH/run1/divide_and_conquer/clades/clade_006/shuffle_10/group_004_unrelaxed_rank_001_alphafold2_ptm_model_1_seed_000.pdb,56.33814814814815,40.90842105263158,13,8.818102,8.918683
results_updated/RfaH/run1/divide_and_conquer/clades/clade_007/shuffle_01/group_003_unrelaxed_rank_001_alphafold2_ptm_model_1_seed_000.pdb,64.87197530864198,42.54736842105263,13,10.711584,9.724296
results_updated/RfaH/run1/divide_and_conquer/clades/clade_007/shuffle_01/group_002_unrelaxed_rank_001_alphafold2_ptm_model_1_seed_000.pdb,67.75234567901235,45.07500000000001,13,9.738389,9.951519
results_updated/RfaH/run1/divide_and_conquer/clades/clade_007/shuffle_01/group_006_unrelaxed_rank_001_alphafold2_ptm_model_1_seed_000.pdb,67.40833333333333,44.46631578947368,13,9.75496,10.044913
results_updated/RfaH/run1/divide_and_conquer/clades/clade_007/shuffle_01/group_005_unrelaxed_rank_001_alphafold2_ptm_model_1_seed_000.pdb,71.78104938271605,46.06,13,9.1068125,10.074918
results_updated/RfaH/run1/divide_and_conquer/clades/clade_007/shuffle_01/group_008_unrelaxed_rank_001_alphafold2_ptm_model_1_seed_000.pdb,68.51753086419752,43.69921052631579,14,8.2025585,9.901517
results_updated/RfaH/run1/divide_and_conquer/clades/clade_007/shuffle_01/group_007_unrelaxed_rank_001_alphafold2_ptm_model_1_seed_000.pdb,65.49969135802469,41.94263157894736,13,10.845576,9.708203
results_updated/RfaH/run1/divide_and_conquer/clades/clade_007/shuffle_01/group_001_unrelaxed_rank_001_alphafold2_ptm_model_1_seed_000.pdb,67.18432098765433,54.54736842105264,13,6.9305634,9.812132
results_updated/RfaH/run1/divide_and_conquer/clades/clade_007/shuffle_01/group_004_unrelaxed_rank_001_alphafold2_ptm_model_1_seed_000.pdb,67.16938271604937,45.91657894736843,13,8.210224,10.6972475
results_updated/RfaH/run1/divide_and_conquer/clades/clade_007/shuffle_02/group_003_unrelaxed_rank_001_alphafold2_ptm_model_1_seed_000.pdb,68.44382716049383,50.43394736842105,13,10.586882,9.783199
results_updated/RfaH/run1/divide_and_conquer/clades/clade_007/shuffle_02/group_002_unrelaxed_rank_001_alphafold2_ptm_model_1_seed_000.pdb,67.32962962962962,43.915789473684214,13,10.450817,9.674611
results_updated/RfaH/run1/divide_and_conquer/clades/clade_007/shuffle_02/group_006_unrelaxed_rank_001_alphafold2_ptm_model_1_seed_000.pdb,65.76407407407407,44.54078947368421,13,9.651242,9.477249
results_updated/RfaH/run1/divide_and_conquer/clades/clade_007/shuffle_02/group_005_unrelaxed_rank_001_alphafold2_ptm_model_1_seed_000.pdb,73.57981481481481,66.57842105263158,13,1.6995043,9.814219
results_updated/RfaH/run1/divide_and_conquer/clades/clade_007/shuffle_02/group_008_unrelaxed_rank_001_alphafold2_ptm_model_1_seed_000.pdb,66.07086419753087,48.30947368421052,14,9.796229,9.667076
results_updated/RfaH/run1/divide_and_conquer/clades/clade_007/shuffle_02/group_007_unrelaxed_rank_001_alphafold2_ptm_model_1_seed_000.pdb,68.65228395061727,52.39394736842106,13,7.2705393,9.873457
results_updated/RfaH/run1/divide_and_conquer/clades/clade_007/shuffle_02/group_001_unrelaxed_rank_001_alphafold2_ptm_model_1_seed_000.pdb,74.57376543209877,57.53552631578948,13,5.4267635,9.834081
results_updated/RfaH/run1/divide_and_conquer/clades/clade_007/shuffle_02/group_004_unrelaxed_rank_001_alphafold2_ptm_model_1_seed_000.pdb,67.60716049382717,45.44052631578947,13,6.960069,10.127797
results_updated/RfaH/run1/divide_and_conquer/clades/clade_007/shuffle_03/group_003_unrelaxed_rank_001_alphafold2_ptm_model_1_seed_000.pdb,69.89506172839506,42.944736842105264,13,7.936046,9.889444
results_updated/RfaH/run1/divide_and_conquer/clades/clade_007/shuffle_03/group_002_unrelaxed_rank_001_alphafold2_ptm_model_1_seed_000.pdb,69.71691358024691,57.24684210526316,13,4.657913,9.773712
results_updated/RfaH/run1/divide_and_conquer/clades/clade_007/shuffle_03/group_006_unrelaxed_rank_001_alphafold2_ptm_model_1_seed_000.pdb,66.41296296296298,47.31263157894737,13,10.369035,9.746136
results_updated/RfaH/run1/divide_and_conquer/clades/clade_007/shuffle_03/group_005_unrelaxed_rank_001_alphafold2_ptm_model_1_seed_000.pdb,68.45672839506175,47.45026315789473,13,9.691768,9.459322
results_updated/RfaH/run1/divide_and_conquer/clades/clade_007/shuffle_03/group_008_unrelaxed_rank_001_alphafold2_ptm_model_1_seed_000.pdb,69.21839506172839,48.192894736842106,14,6.491575,9.852546
results_updated/RfaH/run1/divide_and_conquer/clades/clade_007/shuffle_03/group_007_unrelaxed_rank_001_alphafold2_ptm_model_1_seed_000.pdb,69.21185185185185,51.89131578947369,13,9.85097,9.606357
results_updated/RfaH/run1/divide_and_conquer/clades/clade_007/shuffle_03/group_001_unrelaxed_rank_001_alphafold2_ptm_model_1_seed_000.pdb,65.57604938271605,42.06210526315789,13,8.197052,10.087636
results_updated/RfaH/run1/divide_and_conquer/clades/clade_007/shuffle_03/group_004_unrelaxed_rank_001_alphafold2_ptm_model_1_seed_000.pdb,64.23796296296295,42.538157894736834,13,9.827218,9.92687
results_updated/RfaH/run1/divide_and_conquer/clades/clade_007/shuffle_04/group_003_unrelaxed_rank_001_alphafold2_ptm_model_1_seed_000.pdb,65.89611111111111,41.328421052631576,13,10.627043,9.677757
results_updated/RfaH/run1/divide_and_conquer/clades/clade_007/shuffle_04/group_002_unrelaxed_rank_001_alphafold2_ptm_model_1_seed_000.pdb,63.84469135802469,41.627631578947366,13,7.7178326,10.136817
results_updated/RfaH/run1/divide_and_conquer/clades/clade_007/shuffle_04/group_006_unrelaxed_rank_001_alphafold2_ptm_model_1_seed_000.pdb,67.50703703703704,50.244473684210526,13,5.182936,9.784482
results_updated/RfaH/run1/divide_and_conquer/clades/clade_007/shuffle_04/group_005_unrelaxed_rank_001_alphafold2_ptm_model_1_seed_000.pdb,71.24166666666666,44.70842105263158,13,9.926343,9.969672
results_updated/RfaH/run1/divide_and_conquer/clades/clade_007/shuffle_04/group_008_unrelaxed_rank_001_alphafold2_ptm_model_1_seed_000.pdb,77.66246913580247,72.9792105263158,14,1.5569799,9.754401
results_updated/RfaH/run1/divide_and_conquer/clades/clade_007/shuffle_04/group_007_unrelaxed_rank_001_alphafold2_ptm_model_1_seed_000.pdb,67.19265432098767,56.79763157894737,13,6.1998453,9.838316
results_updated/RfaH/run1/divide_and_conquer/clades/clade_007/shuffle_04/group_001_unrelaxed_rank_001_alphafold2_ptm_model_1_seed_000.pdb,68.65376543209877,48.56315789473684,13,9.767745,10.111004
results_updated/RfaH/run1/divide_and_conquer/clades/clade_007/shuffle_04/group_004_unrelaxed_rank_001_alphafold2_ptm_model_1_seed_000.pdb,62.57037037037037,31.622631578947363,13,11.030112,10.261521
results_updated/RfaH/run1/divide_and_conquer/clades/clade_007/shuffle_05/group_003_unrelaxed_rank_001_alphafold2_ptm_model_1_seed_000.pdb,66.27265432098766,45.64,13,9.622459,9.484054
results_updated/RfaH/run1/divide_and_conquer/clades/clade_007/shuffle_05/group_002_unrelaxed_rank_001_alphafold2_ptm_model_1_seed_000.pdb,67.77543209876542,50.11026315789474,13,2.2218292,9.672192
results_updated/RfaH/run1/divide_and_conquer/clades/clade_007/shuffle_05/group_006_unrelaxed_rank_001_alphafold2_ptm_model_1_seed_000.pdb,70.57407407407408,45.18684210526315,13,10.19757,9.928767
results_updated/RfaH/run1/divide_and_conquer/clades/clade_007/shuffle_05/group_005_unrelaxed_rank_001_alphafold2_ptm_model_1_seed_000.pdb,75.65413580246914,69.35315789473684,13,2.3757017,9.506331
results_updated/RfaH/run1/divide_and_conquer/clades/clade_007/shuffle_05/group_008_unrelaxed_rank_001_alphafold2_ptm_model_1_seed_000.pdb,66.25234567901234,45.63394736842105,14,7.5560613,10.029839
results_updated/RfaH/run1/divide_and_conquer/clades/clade_007/shuffle_05/group_007_unrelaxed_rank_001_alphafold2_ptm_model_1_seed_000.pdb,76.51876543209877,72.55657894736844,13,1.5107547,9.821119
results_updated/RfaH/run1/divide_and_conquer/clades/clade_007/shuffle_05/group_001_unrelaxed_rank_001_alphafold2_ptm_model_1_seed_000.pdb,68.31685185185185,45.942368421052635,13,7.3015676,9.80601
results_updated/RfaH/run1/divide_and_conquer/clades/clade_007/shuffle_05/group_004_unrelaxed_rank_001_alphafold2_ptm_model_1_seed_000.pdb,70.81901234567901,47.571052631578944,13,9.650501,9.482531
results_updated/RfaH/run1/divide_and_conquer/clades/clade_007/shuffle_06/group_003_unrelaxed_rank_001_alphafold2_ptm_model_1_seed_000.pdb,68.09135802469136,43.22473684210526,13,7.756042,10.024642
results_updated/RfaH/run1/divide_and_conquer/clades/clade_007/shuffle_06/group_002_unrelaxed_rank_001_alphafold2_ptm_model_1_seed_000.pdb,66.30487654320989,42.20789473684211,13,9.976314,10.002785
results_updated/RfaH/run1/divide_and_conquer/clades/clade_007/shuffle_06/group_006_unrelaxed_rank_001_alphafold2_ptm_model_1_seed_000.pdb,65.37475308641976,42.11526315789473,13,10.294391,9.739248
results_updated/RfaH/run1/divide_and_conquer/clades/clade_007/shuffle_06/group_005_unrelaxed_rank_001_alphafold2_ptm_model_1_seed_000.pdb,65.4162962962963,44.719210526315784,13,9.206274,10.006416
results_updated/RfaH/run1/divide_and_conquer/clades/clade_007/shuffle_06/group_008_unrelaxed_rank_001_alphafold2_ptm_model_1_seed_000.pdb,66.42123456790124,45.463157894736845,14,9.337801,10.438986
results_updated/RfaH/run1/divide_and_conquer/clades/clade_007/shuffle_06/group_007_unrelaxed_rank_001_alphafold2_ptm_model_1_seed_000.pdb,73.4237037037037,50.69157894736842,13,9.74858,9.629633
results_updated/RfaH/run1/divide_and_conquer/clades/clade_007/shuffle_06/group_001_unrelaxed_rank_001_alphafold2_ptm_model_1_seed_000.pdb,67.77925925925926,50.81657894736842,13,3.4770434,9.775031
results_updated/RfaH/run1/divide_and_conquer/clades/clade_007/shuffle_06/group_004_unrelaxed_rank_001_alphafold2_ptm_model_1_seed_000.pdb,64.66376543209877,42.79684210526315,13,5.8743777,10.070941
results_updated/RfaH/run1/divide_and_conquer/clades/clade_007/shuffle_07/group_003_unrelaxed_rank_001_alphafold2_ptm_model_1_seed_000.pdb,65.11425925925926,44.500263157894736,13,9.657349,9.739787
results_updated/RfaH/run1/divide_and_conquer/clades/clade_007/shuffle_07/group_002_unrelaxed_rank_001_alphafold2_ptm_model_1_seed_000.pdb,67.03067901234567,47.16342105263158,13,9.910852,9.878723
results_updated/RfaH/run1/divide_and_conquer/clades/clade_007/shuffle_07/group_006_unrelaxed_rank_001_alphafold2_ptm_model_1_seed_000.pdb,69.24475308641976,53.96473684210526,13,4.3281446,9.8083725
results_updated/RfaH/run1/divide_and_conquer/clades/clade_007/shuffle_07/group_005_unrelaxed_rank_001_alphafold2_ptm_model_1_seed_000.pdb,64.10086419753087,43.531842105263166,13,11.875253,10.104284
results_updated/RfaH/run1/divide_and_conquer/clades/clade_007/shuffle_07/group_008_unrelaxed_rank_001_alphafold2_ptm_model_1_seed_000.pdb,66.14277777777777,41.78289473684211,14,6.9496555,9.58891
results_updated/RfaH/run1/divide_and_conquer/clades/clade_007/shuffle_07/group_007_unrelaxed_rank_001_alphafold2_ptm_model_1_seed_000.pdb,66.22827160493827,51.505,13,5.7502327,9.8680315
results_updated/RfaH/run1/divide_and_conquer/clades/clade_007/shuffle_07/group_001_unrelaxed_rank_001_alphafold2_ptm_model_1_seed_000.pdb,69.29679012345679,47.025526315789484,13,9.711921,9.978301
results_updated/RfaH/run1/divide_and_conquer/clades/clade_007/shuffle_07/group_004_unrelaxed_rank_001_alphafold2_ptm_model_1_seed_000.pdb,62.59506172839506,31.502105263157894,13,7.221874,5.6924067
results_updated/RfaH/run1/divide_and_conquer/clades/clade_007/shuffle_08/group_003_unrelaxed_rank_001_alphafold2_ptm_model_1_seed_000.pdb,64.38407407407408,42.28105263157895,13,6.6669235,9.654232
results_updated/RfaH/run1/divide_and_conquer/clades/clade_007/shuffle_08/group_002_unrelaxed_rank_001_alphafold2_ptm_model_1_seed_000.pdb,67.21067901234568,44.474736842105266,13,10.627597,9.819719
results_updated/RfaH/run1/divide_and_conquer/clades/clade_007/shuffle_08/group_006_unrelaxed_rank_001_alphafold2_ptm_model_1_seed_000.pdb,69.00141975308642,45.76078947368422,13,6.097741,9.445572
results_updated/RfaH/run1/divide_and_conquer/clades/clade_007/shuffle_08/group_005_unrelaxed_rank_001_alphafold2_ptm_model_1_seed_000.pdb,69.7454938271605,46.36815789473685,13,9.766148,10.046707
results_updated/RfaH/run1/divide_and_conquer/clades/clade_007/shuffle_08/group_008_unrelaxed_rank_001_alphafold2_ptm_model_1_seed_000.pdb,71.99462962962964,60.46157894736843,14,5.659183,9.828664
results_updated/RfaH/run1/divide_and_conquer/clades/clade_007/shuffle_08/group_007_unrelaxed_rank_001_alphafold2_ptm_model_1_seed_000.pdb,67.3983950617284,44.14105263157895,13,9.678402,9.661452
results_updated/RfaH/run1/divide_and_conquer/clades/clade_007/shuffle_08/group_001_unrelaxed_rank_001_alphafold2_ptm_model_1_seed_000.pdb,67.25148148148148,43.51684210526316,13,10.179123,9.897033
results_updated/RfaH/run1/divide_and_conquer/clades/clade_007/shuffle_08/group_004_unrelaxed_rank_001_alphafold2_ptm_model_1_seed_000.pdb,75.99765432098766,65.09236842105265,13,7.5767446,9.897287
results_updated/RfaH/run1/divide_and_conquer/clades/clade_007/shuffle_09/group_003_unrelaxed_rank_001_alphafold2_ptm_model_1_seed_000.pdb,66.89808641975308,46.51736842105263,13,9.750915,9.970601
results_updated/RfaH/run1/divide_and_conquer/clades/clade_007/shuffle_09/group_002_unrelaxed_rank_001_alphafold2_ptm_model_1_seed_000.pdb,71.50833333333334,51.132105263157904,13,9.532557,9.3169
results_updated/RfaH/run1/divide_and_conquer/clades/clade_007/shuffle_09/group_006_unrelaxed_rank_001_alphafold2_ptm_model_1_seed_000.pdb,61.06679012345679,56.19763157894736,13,11.997477,9.694943
results_updated/RfaH/run1/divide_and_conquer/clades/clade_007/shuffle_09/group_005_unrelaxed_rank_001_alphafold2_ptm_model_1_seed_000.pdb,61.0983950617284,29.07473684210526,13,10.124135,10.897026
results_updated/RfaH/run1/divide_and_conquer/clades/clade_007/shuffle_09/group_008_unrelaxed_rank_001_alphafold2_ptm_model_1_seed_000.pdb,68.22555555555556,46.21131578947367,14,9.672771,9.513305
results_updated/RfaH/run1/divide_and_conquer/clades/clade_007/shuffle_09/group_007_unrelaxed_rank_001_alphafold2_ptm_model_1_seed_000.pdb,69.00376543209877,48.520526315789475,13,9.859075,9.874733
results_updated/RfaH/run1/divide_and_conquer/clades/clade_007/shuffle_09/group_001_unrelaxed_rank_001_alphafold2_ptm_model_1_seed_000.pdb,69.25283950617283,54.29526315789473,13,5.188622,9.845094
results_updated/RfaH/run1/divide_and_conquer/clades/clade_007/shuffle_09/group_004_unrelaxed_rank_001_alphafold2_ptm_model_1_seed_000.pdb,67.20740740740742,41.936315789473674,13,8.088196,10.37391
results_updated/RfaH/run1/divide_and_conquer/clades/clade_007/shuffle_10/group_003_unrelaxed_rank_001_alphafold2_ptm_model_1_seed_000.pdb,64.01574074074074,41.518947368421045,13,6.974746,9.887595
results_updated/RfaH/run1/divide_and_conquer/clades/clade_007/shuffle_10/group_002_unrelaxed_rank_001_alphafold2_ptm_model_1_seed_000.pdb,63.59018518518519,42.166842105263164,13,10.677603,9.741391
results_updated/RfaH/run1/divide_and_conquer/clades/clade_007/shuffle_10/group_006_unrelaxed_rank_001_alphafold2_ptm_model_1_seed_000.pdb,68.54555555555557,46.68842105263158,13,9.804064,9.636235
results_updated/RfaH/run1/divide_and_conquer/clades/clade_007/shuffle_10/group_005_unrelaxed_rank_001_alphafold2_ptm_model_1_seed_000.pdb,69.77530864197531,54.55894736842106,13,9.032637,8.306658
results_updated/RfaH/run1/divide_and_conquer/clades/clade_007/shuffle_10/group_008_unrelaxed_rank_001_alphafold2_ptm_model_1_seed_000.pdb,66.93364197530865,45.72815789473684,14,9.621162,9.435526
results_updated/RfaH/run1/divide_and_conquer/clades/clade_007/shuffle_10/group_007_unrelaxed_rank_001_alphafold2_ptm_model_1_seed_000.pdb,67.80845679012346,56.252631578947366,13,5.4220567,9.790371
results_updated/RfaH/run1/divide_and_conquer/clades/clade_007/shuffle_10/group_001_unrelaxed_rank_001_alphafold2_ptm_model_1_seed_000.pdb,78.0470987654321,78.73342105263157,13,1.5457168,9.821058
results_updated/RfaH/run1/divide_and_conquer/clades/clade_007/shuffle_10/group_004_unrelaxed_rank_001_alphafold2_ptm_model_1_seed_000.pdb,67.45975308641975,45.32842105263158,13,9.618996,9.463699
results_updated/RfaH/run1/divide_and_conquer/clades/clade_008/shuffle_01/group_003_unrelaxed_rank_001_alphafold2_ptm_model_1_seed_000.pdb,70.47820987654322,48.27526315789473,13,6.365767,12.920299
results_updated/RfaH/run1/divide_and_conquer/clades/clade_008/shuffle_01/group_002_unrelaxed_rank_001_alphafold2_ptm_model_1_seed_000.pdb,69.9437037037037,51.41052631578948,13,5.0101237,12.005253
results_updated/RfaH/run1/divide_and_conquer/clades/clade_008/shuffle_01/group_006_unrelaxed_rank_001_alphafold2_ptm_model_1_seed_000.pdb,67.01975308641975,43.797894736842096,13,10.264098,16.70614
results_updated/RfaH/run1/divide_and_conquer/clades/clade_008/shuffle_01/group_005_unrelaxed_rank_001_alphafold2_ptm_model_1_seed_000.pdb,65.0372839506173,44.43421052631579,13,4.133433,11.447155
results_updated/RfaH/run1/divide_and_conquer/clades/clade_008/shuffle_01/group_007_unrelaxed_rank_001_alphafold2_ptm_model_1_seed_000.pdb,60.846419753086415,50.37894736842105,18,8.947686,16.63359
results_updated/RfaH/run1/divide_and_conquer/clades/clade_008/shuffle_01/group_001_unrelaxed_rank_001_alphafold2_ptm_model_1_seed_000.pdb,76.69500000000001,66.2721052631579,13,3.5137546,11.513699
results_updated/RfaH/run1/divide_and_conquer/clades/clade_008/shuffle_01/group_004_unrelaxed_rank_001_alphafold2_ptm_model_1_seed_000.pdb,69.48086419753086,47.24315789473684,13,4.442258,8.737845
results_updated/RfaH/run1/divide_and_conquer/clades/clade_008/shuffle_02/group_003_unrelaxed_rank_001_alphafold2_ptm_model_1_seed_000.pdb,82.34345679012345,85.24184210526317,13,13.10571,1.56473
results_updated/RfaH/run1/divide_and_conquer/clades/clade_008/shuffle_02/group_002_unrelaxed_rank_001_alphafold2_ptm_model_1_seed_000.pdb,69.90395061728395,48.74236842105263,13,6.5525684,12.35424
results_updated/RfaH/run1/divide_and_conquer/clades/clade_008/shuffle_02/group_006_unrelaxed_rank_001_alphafold2_ptm_model_1_seed_000.pdb,74.1470987654321,53.282105263157895,13,10.447525,8.347274
results_updated/RfaH/run1/divide_and_conquer/clades/clade_008/shuffle_02/group_005_unrelaxed_rank_001_alphafold2_ptm_model_1_seed_000.pdb,70.13364197530863,54.048947368421054,13,5.6092186,9.178267
results_updated/RfaH/run1/divide_and_conquer/clades/clade_008/shuffle_02/group_007_unrelaxed_rank_001_alphafold2_ptm_model_1_seed_000.pdb,76.53858024691358,68.03973684210526,18,1.9738599,9.878878
results_updated/RfaH/run1/divide_and_conquer/clades/clade_008/shuffle_02/group_001_unrelaxed_rank_001_alphafold2_ptm_model_1_seed_000.pdb,66.7253086419753,42.8921052631579,13,5.8594933,11.336542
results_updated/RfaH/run1/divide_and_conquer/clades/clade_008/shuffle_02/group_004_unrelaxed_rank_001_alphafold2_ptm_model_1_seed_000.pdb,68.39716049382716,46.4478947368421,13,9.342776,16.174953
results_updated/RfaH/run1/divide_and_conquer/clades/clade_008/shuffle_03/group_003_unrelaxed_rank_001_alphafold2_ptm_model_1_seed_000.pdb,65.40253086419753,38.10605263157895,13,6.5096726,8.09966
results_updated/RfaH/run1/divide_and_conquer/clades/clade_008/shuffle_03/group_002_unrelaxed_rank_001_alphafold2_ptm_model_1_seed_000.pdb,73.64543209876544,58.92342105263157,13,5.931289,12.340122
results_updated/RfaH/run1/divide_and_conquer/clades/clade_008/shuffle_03/group_006_unrelaxed_rank_001_alphafold2_ptm_model_1_seed_000.pdb,58.22950617283951,40.98842105263158,13,9.835879,9.152711
results_updated/RfaH/run1/divide_and_conquer/clades/clade_008/shuffle_03/group_005_unrelaxed_rank_001_alphafold2_ptm_model_1_seed_000.pdb,67.01055555555556,40.01657894736842,13,10.887106,9.96852
results_updated/RfaH/run1/divide_and_conquer/clades/clade_008/shuffle_03/group_007_unrelaxed_rank_001_alphafold2_ptm_model_1_seed_000.pdb,69.82012345679013,48.97368421052633,18,7.641511,13.38938
results_updated/RfaH/run1/divide_and_conquer/clades/clade_008/shuffle_03/group_001_unrelaxed_rank_001_alphafold2_ptm_model_1_seed_000.pdb,69.7412962962963,48.43131578947369,13,7.402427,12.038106
results_updated/RfaH/run1/divide_and_conquer/clades/clade_008/shuffle_03/group_004_unrelaxed_rank_001_alphafold2_ptm_model_1_seed_000.pdb,68.81012345679012,50.13026315789474,13,5.1964226,11.781266
results_updated/RfaH/run1/divide_and_conquer/clades/clade_008/shuffle_04/group_003_unrelaxed_rank_001_alphafold2_ptm_model_1_seed_000.pdb,71.31364197530864,48.54078947368421,13,7.6702685,14.620697
results_updated/RfaH/run1/divide_and_conquer/clades/clade_008/shuffle_04/group_002_unrelaxed_rank_001_alphafold2_ptm_model_1_seed_000.pdb,71.56932098765431,46.625,13,7.1934114,10.39264
results_updated/RfaH/run1/divide_and_conquer/clades/clade_008/shuffle_04/group_006_unrelaxed_rank_001_alphafold2_ptm_model_1_seed_000.pdb,67.59012345679011,40.75052631578947,13,8.836861,5.7490115
results_updated/RfaH/run1/divide_and_conquer/clades/clade_008/shuffle_04/group_005_unrelaxed_rank_001_alphafold2_ptm_model_1_seed_000.pdb,66.45,51.711578947368416,13,9.340942,10.099592
results_updated/RfaH/run1/divide_and_conquer/clades/clade_008/shuffle_04/group_007_unrelaxed_rank_001_alphafold2_ptm_model_1_seed_000.pdb,70.88728395061729,50.23842105263159,18,4.8613315,11.071451
results_updated/RfaH/run1/divide_and_conquer/clades/clade_008/shuffle_04/group_001_unrelaxed_rank_001_alphafold2_ptm_model_1_seed_000.pdb,69.72753086419753,47.73131578947368,13,4.526154,11.4578085
results_updated/RfaH/run1/divide_and_conquer/clades/clade_008/shuffle_04/group_004_unrelaxed_rank_001_alphafold2_ptm_model_1_seed_000.pdb,69.96160493827159,48.346315789473685,13,8.163599,12.748212
results_updated/RfaH/run1/divide_and_conquer/clades/clade_008/shuffle_05/group_003_unrelaxed_rank_001_alphafold2_ptm_model_1_seed_000.pdb,58.73135802469135,40.75921052631579,13,9.077163,11.007055
results_updated/RfaH/run1/divide_and_conquer/clades/clade_008/shuffle_05/group_002_unrelaxed_rank_001_alphafold2_ptm_model_1_seed_000.pdb,69.20543209876543,47.69263157894736,13,8.84981,15.152293
results_updated/RfaH/run1/divide_and_conquer/clades/clade_008/shuffle_05/group_006_unrelaxed_rank_001_alphafold2_ptm_model_1_seed_000.pdb,72.8367901234568,52.72684210526315,13,5.300225,12.00486
results_updated/RfaH/run1/divide_and_conquer/clades/clade_008/shuffle_05/group_005_unrelaxed_rank_001_alphafold2_ptm_model_1_seed_000.pdb,68.13345679012345,41.610263157894735,13,6.4588137,7.344324
results_updated/RfaH/run1/divide_and_conquer/clades/clade_008/shuffle_05/group_007_unrelaxed_rank_001_alphafold2_ptm_model_1_seed_000.pdb,69.61216049382716,42.916842105263164,18,5.750143,8.542808
results_updated/RfaH/run1/divide_and_conquer/clades/clade_008/shuffle_05/group_001_unrelaxed_rank_001_alphafold2_ptm_model_1_seed_000.pdb,70.2545061728395,56.797368421052624,13,2.3426375,9.990609
results_updated/RfaH/run1/divide_and_conquer/clades/clade_008/shuffle_05/group_004_unrelaxed_rank_001_alphafold2_ptm_model_1_seed_000.pdb,76.28092592592591,68.02868421052631,13,2.048384,10.091302
results_updated/RfaH/run1/divide_and_conquer/clades/clade_008/shuffle_06/group_003_unrelaxed_rank_001_alphafold2_ptm_model_1_seed_000.pdb,79.87598765432098,66.40657894736842,13,14.642815,1.7233858
results_updated/RfaH/run1/divide_and_conquer/clades/clade_008/shuffle_06/group_002_unrelaxed_rank_001_alphafold2_ptm_model_1_seed_000.pdb,72.935,58.07947368421051,13,4.3375645,10.741935
results_updated/RfaH/run1/divide_and_conquer/clades/clade_008/shuffle_06/group_006_unrelaxed_rank_001_alphafold2_ptm_model_1_seed_000.pdb,69.08944444444444,45.99473684210526,13,4.414678,10.834838
results_updated/RfaH/run1/divide_and_conquer/clades/clade_008/shuffle_06/group_005_unrelaxed_rank_001_alphafold2_ptm_model_1_seed_000.pdb,72.65938271604938,56.4671052631579,13,3.9354575,10.373817
results_updated/RfaH/run1/divide_and_conquer/clades/clade_008/shuffle_06/group_007_unrelaxed_rank_001_alphafold2_ptm_model_1_seed_000.pdb,68.0624074074074,53.5057894736842,18,14.12745,10.514209
results_updated/RfaH/run1/divide_and_conquer/clades/clade_008/shuffle_06/group_001_unrelaxed_rank_001_alphafold2_ptm_model_1_seed_000.pdb,73.7625925925926,61.46078947368423,13,2.1272326,10.848806
results_updated/RfaH/run1/divide_and_conquer/clades/clade_008/shuffle_06/group_004_unrelaxed_rank_001_alphafold2_ptm_model_1_seed_000.pdb,68.18117283950617,41.30105263157894,13,6.50217,5.920024
results_updated/RfaH/run1/divide_and_conquer/clades/clade_008/shuffle_07/group_003_unrelaxed_rank_001_alphafold2_ptm_model_1_seed_000.pdb,58.78574074074075,41.11684210526317,13,8.365153,11.885824
results_updated/RfaH/run1/divide_and_conquer/clades/clade_008/shuffle_07/group_002_unrelaxed_rank_001_alphafold2_ptm_model_1_seed_000.pdb,70.26333333333334,49.36,13,8.203123,12.622931
results_updated/RfaH/run1/divide_and_conquer/clades/clade_008/shuffle_07/group_006_unrelaxed_rank_001_alphafold2_ptm_model_1_seed_000.pdb,72.52308641975308,47.13578947368421,13,12.94635,4.582727
results_updated/RfaH/run1/divide_and_conquer/clades/clade_008/shuffle_07/group_005_unrelaxed_rank_001_alphafold2_ptm_model_1_seed_000.pdb,69.60796296296296,46.29105263157894,13,10.779915,9.571669
results_updated/RfaH/run1/divide_and_conquer/clades/clade_008/shuffle_07/group_007_unrelaxed_rank_001_alphafold2_ptm_model_1_seed_000.pdb,72.45623456790123,51.69394736842105,18,8.586364,15.647228
results_updated/RfaH/run1/divide_and_conquer/clades/clade_008/shuffle_07/group_001_unrelaxed_rank_001_alphafold2_ptm_model_1_seed_000.pdb,76.6741975308642,63.00973684210525,13,4.0551324,10.575995
results_updated/RfaH/run1/divide_and_conquer/clades/clade_008/shuffle_07/group_004_unrelaxed_rank_001_alphafold2_ptm_model_1_seed_000.pdb,63.72296296296297,43.04921052631579,13,5.809071,11.267184
results_updated/RfaH/run1/divide_and_conquer/clades/clade_008/shuffle_08/group_003_unrelaxed_rank_001_alphafold2_ptm_model_1_seed_000.pdb,75.21055555555556,67.13026315789472,13,2.5917532,10.620948
results_updated/RfaH/run1/divide_and_conquer/clades/clade_008/shuffle_08/group_002_unrelaxed_rank_001_alphafold2_ptm_model_1_seed_000.pdb,74.30191358024692,58.35342105263159,13,6.9705415,1.5585785
results_updated/RfaH/run1/divide_and_conquer/clades/clade_008/shuffle_08/group_006_unrelaxed_rank_001_alphafold2_ptm_model_1_seed_000.pdb,69.96351851851853,42.411578947368426,13,7.801348,4.3937464
results_updated/RfaH/run1/divide_and_conquer/clades/clade_008/shuffle_08/group_005_unrelaxed_rank_001_alphafold2_ptm_model_1_seed_000.pdb,73.85277777777779,62.267894736842116,13,2.710326,10.352725
results_updated/RfaH/run1/divide_and_conquer/clades/clade_008/shuffle_08/group_007_unrelaxed_rank_001_alphafold2_ptm_model_1_seed_000.pdb,67.88141975308642,47.453421052631576,18,3.7672553,10.746299
results_updated/RfaH/run1/divide_and_conquer/clades/clade_008/shuffle_08/group_001_unrelaxed_rank_001_alphafold2_ptm_model_1_seed_000.pdb,72.6962962962963,56.512894736842114,13,3.6451087,9.695349
results_updated/RfaH/run1/divide_and_conquer/clades/clade_008/shuffle_08/group_004_unrelaxed_rank_001_alphafold2_ptm_model_1_seed_000.pdb,60.40216049382716,48.14421052631579,13,5.410344,11.290742
results_updated/RfaH/run1/divide_and_conquer/clades/clade_008/shuffle_09/group_003_unrelaxed_rank_001_alphafold2_ptm_model_1_seed_000.pdb,67.83500000000001,45.37105263157895,13,7.7969337,14.0338
results_updated/RfaH/run1/divide_and_conquer/clades/clade_008/shuffle_09/group_002_unrelaxed_rank_001_alphafold2_ptm_model_1_seed_000.pdb,60.363024691358035,46.1471052631579,13,9.692602,10.424861
results_updated/RfaH/run1/divide_and_conquer/clades/clade_008/shuffle_09/group_006_unrelaxed_rank_001_alphafold2_ptm_model_1_seed_000.pdb,69.40216049382717,53.60736842105263,13,3.479463,10.194047
results_updated/RfaH/run1/divide_and_conquer/clades/clade_008/shuffle_09/group_005_unrelaxed_rank_001_alphafold2_ptm_model_1_seed_000.pdb,70.91154320987653,54.49763157894736,13,4.8574495,9.854282
results_updated/RfaH/run1/divide_and_conquer/clades/clade_008/shuffle_09/group_007_unrelaxed_rank_001_alphafold2_ptm_model_1_seed_000.pdb,84.9112962962963,84.54710526315789,18,12.878166,1.514437
results_updated/RfaH/run1/divide_and_conquer/clades/clade_008/shuffle_09/group_001_unrelaxed_rank_001_alphafold2_ptm_model_1_seed_000.pdb,69.57746913580246,49.71657894736842,13,6.366909,13.224121
results_updated/RfaH/run1/divide_and_conquer/clades/clade_008/shuffle_09/group_004_unrelaxed_rank_001_alphafold2_ptm_model_1_seed_000.pdb,69.79746913580246,47.62315789473684,13,9.063042,15.670106
results_updated/RfaH/run1/divide_and_conquer/clades/clade_008/shuffle_10/group_003_unrelaxed_rank_001_alphafold2_ptm_model_1_seed_000.pdb,72.63253086419753,48.81473684210526,13,15.1180105,3.3822706
results_updated/RfaH/run1/divide_and_conquer/clades/clade_008/shuffle_10/group_002_unrelaxed_rank_001_alphafold2_ptm_model_1_seed_000.pdb,68.35037037037037,42.986315789473686,13,6.3868937,6.183307
results_updated/RfaH/run1/divide_and_conquer/clades/clade_008/shuffle_10/group_006_unrelaxed_rank_001_alphafold2_ptm_model_1_seed_000.pdb,66.21833333333333,39.97157894736842,13,11.022242,10.551892
results_updated/RfaH/run1/divide_and_conquer/clades/clade_008/shuffle_10/group_005_unrelaxed_rank_001_alphafold2_ptm_model_1_seed_000.pdb,71.17234567901235,53.651842105263164,13,5.235655,11.890681
results_updated/RfaH/run1/divide_and_conquer/clades/clade_008/shuffle_10/group_007_unrelaxed_rank_001_alphafold2_ptm_model_1_seed_000.pdb,69.45648148148149,43.29921052631579,18,10.24693,17.3857
results_updated/RfaH/run1/divide_and_conquer/clades/clade_008/shuffle_10/group_001_unrelaxed_rank_001_alphafold2_ptm_model_1_seed_000.pdb,72.37061728395061,54.27657894736843,13,6.7343874,11.776236
results_updated/RfaH/run1/divide_and_conquer/clades/clade_008/shuffle_10/group_004_unrelaxed_rank_001_alphafold2_ptm_model_1_seed_000.pdb,72.31728395061727,50.43763157894737,13,7.566326,14.931335
results_updated/RfaH/run1/divide_and_conquer/clades/clade_009/shuffle_01/group_003_unrelaxed_rank_001_alphafold2_ptm_model_1_seed_000.pdb,74.49925925925925,52.52894736842105,13,7.164913,2.899221
results_updated/RfaH/run1/divide_and_conquer/clades/clade_009/shuffle_01/group_002_unrelaxed_rank_001_alphafold2_ptm_model_1_seed_000.pdb,70.37364197530863,52.967368421052626,13,7.5206747,2.3427322
results_updated/RfaH/run1/divide_and_conquer/clades/clade_009/shuffle_01/group_006_unrelaxed_rank_001_alphafold2_ptm_model_1_seed_000.pdb,78.29783950617283,61.12815789473685,13,14.857457,1.9594887
results_updated/RfaH/run1/divide_and_conquer/clades/clade_009/shuffle_01/group_005_unrelaxed_rank_001_alphafold2_ptm_model_1_seed_000.pdb,74.28320987654321,56.815,13,7.02189,3.0557992
results_updated/RfaH/run1/divide_and_conquer/clades/clade_009/shuffle_01/group_007_unrelaxed_rank_001_alphafold2_ptm_model_1_seed_000.pdb,75.13327160493826,53.73552631578947,18,6.959856,2.5694404
results_updated/RfaH/run1/divide_and_conquer/clades/clade_009/shuffle_01/group_001_unrelaxed_rank_001_alphafold2_ptm_model_1_seed_000.pdb,74.01283950617284,56.656052631578945,13,10.724323,2.2988994
results_updated/RfaH/run1/divide_and_conquer/clades/clade_009/shuffle_01/group_004_unrelaxed_rank_001_alphafold2_ptm_model_1_seed_000.pdb,72.23876543209877,53.98973684210525,13,6.7483077,2.9533644
results_updated/RfaH/run1/divide_and_conquer/clades/clade_009/shuffle_02/group_003_unrelaxed_rank_001_alphafold2_ptm_model_1_seed_000.pdb,76.59222222222222,57.613157894736844,13,15.908577,2.446068
results_updated/RfaH/run1/divide_and_conquer/clades/clade_009/shuffle_02/group_002_unrelaxed_rank_001_alphafold2_ptm_model_1_seed_000.pdb,75.72654320987655,58.88421052631579,13,7.446434,2.375376
results_updated/RfaH/run1/divide_and_conquer/clades/clade_009/shuffle_02/group_006_unrelaxed_rank_001_alphafold2_ptm_model_1_seed_000.pdb,70.4353086419753,42.9178947368421,13,6.038227,7.795968
results_updated/RfaH/run1/divide_and_conquer/clades/clade_009/shuffle_02/group_005_unrelaxed_rank_001_alphafold2_ptm_model_1_seed_000.pdb,76.03141975308642,57.116842105263174,13,7.280045,3.0985973
results_updated/RfaH/run1/divide_and_conquer/clades/clade_009/shuffle_02/group_007_unrelaxed_rank_001_alphafold2_ptm_model_1_seed_000.pdb,75.75246913580247,55.31947368421052,18,7.749628,3.7126102
results_updated/RfaH/run1/divide_and_conquer/clades/clade_009/shuffle_02/group_001_unrelaxed_rank_001_alphafold2_ptm_model_1_seed_000.pdb,73.08611111111111,54.77815789473684,13,7.5886817,3.1615999
results_updated/RfaH/run1/divide_and_conquer/clades/clade_009/shuffle_02/group_004_unrelaxed_rank_001_alphafold2_ptm_model_1_seed_000.pdb,74.69709876543209,56.442105263157885,13,6.912199,2.6109936
results_updated/RfaH/run1/divide_and_conquer/clades/clade_009/shuffle_03/group_003_unrelaxed_rank_001_alphafold2_ptm_model_1_seed_000.pdb,72.3779012345679,51.30078947368421,13,6.974563,3.0818403
results_updated/RfaH/run1/divide_and_conquer/clades/clade_009/shuffle_03/group_002_unrelaxed_rank_001_alphafold2_ptm_model_1_seed_000.pdb,79.62932098765432,66.19394736842105,13,12.113866,1.8947356
results_updated/RfaH/run1/divide_and_conquer/clades/clade_009/shuffle_03/group_006_unrelaxed_rank_001_alphafold2_ptm_model_1_seed_000.pdb,75.71617283950617,55.387105263157885,13,7.057827,2.0387914
results_updated/RfaH/run1/divide_and_conquer/clades/clade_009/shuffle_03/group_005_unrelaxed_rank_001_alphafold2_ptm_model_1_seed_000.pdb,69.25308641975309,47.16473684210526,13,7.240878,3.0155714
results_updated/RfaH/run1/divide_and_conquer/clades/clade_009/shuffle_03/group_007_unrelaxed_rank_001_alphafold2_ptm_model_1_seed_000.pdb,79.33462962962962,59.624473684210535,18,14.884854,2.618815
results_updated/RfaH/run1/divide_and_conquer/clades/clade_009/shuffle_03/group_001_unrelaxed_rank_001_alphafold2_ptm_model_1_seed_000.pdb,71.67901234567901,51.93631578947368,13,7.3843203,3.0521944
results_updated/RfaH/run1/divide_and_conquer/clades/clade_009/shuffle_03/group_004_unrelaxed_rank_001_alphafold2_ptm_model_1_seed_000.pdb,69.38938271604937,49.38710526315789,13,7.4663715,3.2752542
results_updated/RfaH/run1/divide_and_conquer/clades/clade_009/shuffle_04/group_003_unrelaxed_rank_001_alphafold2_ptm_model_1_seed_000.pdb,78.18629629629629,63.97868421052632,13,16.80879,2.40203
results_updated/RfaH/run1/divide_and_conquer/clades/clade_009/shuffle_04/group_002_unrelaxed_rank_001_alphafold2_ptm_model_1_seed_000.pdb,78.05685185185185,61.163157894736834,13,17.301163,2.7994564
results_updated/RfaH/run1/divide_and_conquer/clades/clade_009/shuffle_04/group_006_unrelaxed_rank_001_alphafold2_ptm_model_1_seed_000.pdb,73.4932098765432,53.99657894736842,13,16.428398,2.2347698
results_updated/RfaH/run1/divide_and_conquer/clades/clade_009/shuffle_04/group_005_unrelaxed_rank_001_alphafold2_ptm_model_1_seed_000.pdb,71.51364197530863,53.04921052631579,13,4.600019,8.39636
results_updated/RfaH/run1/divide_and_conquer/clades/clade_009/shuffle_04/group_007_unrelaxed_rank_001_alphafold2_ptm_model_1_seed_000.pdb,82.38746913580248,73.06657894736841,18,13.600588,1.6382481
results_updated/RfaH/run1/divide_and_conquer/clades/clade_009/shuffle_04/group_001_unrelaxed_rank_001_alphafold2_ptm_model_1_seed_000.pdb,78.79765432098766,62.538947368421056,13,13.711488,2.2651968
results_updated/RfaH/run1/divide_and_conquer/clades/clade_009/shuffle_04/group_004_unrelaxed_rank_001_alphafold2_ptm_model_1_seed_000.pdb,66.21604938271605,38.068684210526314,13,7.2256627,8.459613
results_updated/RfaH/run1/divide_and_conquer/clades/clade_009/shuffle_05/group_003_unrelaxed_rank_001_alphafold2_ptm_model_1_seed_000.pdb,73.74555555555555,54.90973684210527,13,11.768835,2.059485
results_updated/RfaH/run1/divide_and_conquer/clades/clade_009/shuffle_05/group_002_unrelaxed_rank_001_alphafold2_ptm_model_1_seed_000.pdb,73.64351851851852,55.91500000000001,13,14.087667,2.5215347
results_updated/RfaH/run1/divide_and_conquer/clades/clade_009/shuffle_05/group_006_unrelaxed_rank_001_alphafold2_ptm_model_1_seed_000.pdb,75.08283950617285,54.39421052631579,13,12.422067,2.6692376
results_updated/RfaH/run1/divide_and_conquer/clades/clade_009/shuffle_05/group_005_unrelaxed_rank_001_alphafold2_ptm_model_1_seed_000.pdb,70.19234567901235,53.30447368421053,13,8.552642,9.875747
results_updated/RfaH/run1/divide_and_conquer/clades/clade_009/shuffle_05/group_007_unrelaxed_rank_001_alphafold2_ptm_model_1_seed_000.pdb,80.56932098765432,62.705789473684206,18,16.42753,2.2777956
results_updated/RfaH/run1/divide_and_conquer/clades/clade_009/shuffle_05/group_001_unrelaxed_rank_001_alphafold2_ptm_model_1_seed_000.pdb,73.15765432098765,53.8021052631579,13,7.1820583,3.1584609
results_updated/RfaH/run1/divide_and_conquer/clades/clade_009/shuffle_05/group_004_unrelaxed_rank_001_alphafold2_ptm_model_1_seed_000.pdb,72.58166666666666,49.16342105263158,13,7.9887667,2.7369087
results_updated/RfaH/run1/divide_and_conquer/clades/clade_009/shuffle_06/group_003_unrelaxed_rank_001_alphafold2_ptm_model_1_seed_000.pdb,73.90104938271605,54.83973684210526,13,6.6935606,2.4981253
results_updated/RfaH/run1/divide_and_conquer/clades/clade_009/shuffle_06/group_002_unrelaxed_rank_001_alphafold2_ptm_model_1_seed_000.pdb,82.90493827160493,79.66473684210527,13,15.362711,1.7334054
results_updated/RfaH/run1/divide_and_conquer/clades/clade_009/shuffle_06/group_006_unrelaxed_rank_001_alphafold2_ptm_model_1_seed_000.pdb,72.21765432098766,48.41684210526316,13,6.770939,2.312453
results_updated/RfaH/run1/divide_and_conquer/clades/clade_009/shuffle_06/group_005_unrelaxed_rank_001_alphafold2_ptm_model_1_seed_000.pdb,75.2296913580247,54.613157894736844,13,7.959639,2.8511941
results_updated/RfaH/run1/divide_and_conquer/clades/clade_009/shuffle_06/group_007_unrelaxed_rank_001_alphafold2_ptm_model_1_seed_000.pdb,74.26895061728395,53.826578947368425,18,7.375212,3.1193275
results_updated/RfaH/run1/divide_and_conquer/clades/clade_009/shuffle_06/group_001_unrelaxed_rank_001_alphafold2_ptm_model_1_seed_000.pdb,73.44030864197529,49.12736842105263,13,8.4290695,3.2179945
results_updated/RfaH/run1/divide_and_conquer/clades/clade_009/shuffle_06/group_004_unrelaxed_rank_001_alphafold2_ptm_model_1_seed_000.pdb,77.18679012345677,60.38947368421054,13,10.238267,2.5854654
results_updated/RfaH/run1/divide_and_conquer/clades/clade_009/shuffle_07/group_003_unrelaxed_rank_001_alphafold2_ptm_model_1_seed_000.pdb,74.32925925925926,58.65368421052631,13,7.233048,2.1775272
results_updated/RfaH/run1/divide_and_conquer/clades/clade_009/shuffle_07/group_002_unrelaxed_rank_001_alphafold2_ptm_model_1_seed_000.pdb,70.90364197530864,45.493947368421054,13,6.7862964,2.371298
results_updated/RfaH/run1/divide_and_conquer/clades/clade_009/shuffle_07/group_006_unrelaxed_rank_001_alphafold2_ptm_model_1_seed_000.pdb,78.82302469135803,62.88815789473686,13,15.477341,2.458717
results_updated/RfaH/run1/divide_and_conquer/clades/clade_009/shuffle_07/group_005_unrelaxed_rank_001_alphafold2_ptm_model_1_seed_000.pdb,72.17037037037038,50.37894736842105,13,7.152768,2.3996649
results_updated/RfaH/run1/divide_and_conquer/clades/clade_009/shuffle_07/group_007_unrelaxed_rank_001_alphafold2_ptm_model_1_seed_000.pdb,75.17759259259259,57.65368421052632,18,8.209694,2.9759002
results_updated/RfaH/run1/divide_and_conquer/clades/clade_009/shuffle_07/group_001_unrelaxed_rank_001_alphafold2_ptm_model_1_seed_000.pdb,68.1858024691358,46.12973684210526,13,6.4024134,9.282696
results_updated/RfaH/run1/divide_and_conquer/clades/clade_009/shuffle_07/group_004_unrelaxed_rank_001_alphafold2_ptm_model_1_seed_000.pdb,71.94462962962962,58.10078947368421,13,7.397659,2.8071456
results_updated/RfaH/run1/divide_and_conquer/clades/clade_009/shuffle_08/group_003_unrelaxed_rank_001_alphafold2_ptm_model_1_seed_000.pdb,79.67185185185186,68.1386842105263,13,12.82129,2.0059905
results_updated/RfaH/run1/divide_and_conquer/clades/clade_009/shuffle_08/group_002_unrelaxed_rank_001_alphafold2_ptm_model_1_seed_000.pdb,63.85469135802469,48.86236842105264,13,14.115192,2.3990266
results_updated/RfaH/run1/divide_and_conquer/clades/clade_009/shuffle_08/group_006_unrelaxed_rank_001_alphafold2_ptm_model_1_seed_000.pdb,78.81351851851852,62.46631578947369,13,15.130601,2.2038019
results_updated/RfaH/run1/divide_and_conquer/clades/clade_009/shuffle_08/group_005_unrelaxed_rank_001_alphafold2_ptm_model_1_seed_000.pdb,74.46753086419751,53.05026315789474,13,13.350446,2.711775
results_updated/RfaH/run1/divide_and_conquer/clades/clade_009/shuffle_08/group_007_unrelaxed_rank_001_alphafold2_ptm_model_1_seed_000.pdb,72.58456790123458,51.60368421052632,18,7.282365,3.047032
results_updated/RfaH/run1/divide_and_conquer/clades/clade_009/shuffle_08/group_001_unrelaxed_rank_001_alphafold2_ptm_model_1_seed_000.pdb,73.26462962962962,53.40394736842105,13,7.5421143,3.4068556
results_updated/RfaH/run1/divide_and_conquer/clades/clade_009/shuffle_08/group_004_unrelaxed_rank_001_alphafold2_ptm_model_1_seed_000.pdb,68.71216049382716,43.882894736842104,13,6.920831,2.4418674
results_updated/RfaH/run1/divide_and_conquer/clades/clade_009/shuffle_09/group_003_unrelaxed_rank_001_alphafold2_ptm_model_1_seed_000.pdb,80.20456790123457,64.4707894736842,13,14.891792,2.2342067
results_updated/RfaH/run1/divide_and_conquer/clades/clade_009/shuffle_09/group_002_unrelaxed_rank_001_alphafold2_ptm_model_1_seed_000.pdb,80.54753086419754,65.13552631578948,13,15.773204,2.1586487
results_updated/RfaH/run1/divide_and_conquer/clades/clade_009/shuffle_09/group_006_unrelaxed_rank_001_alphafold2_ptm_model_1_seed_000.pdb,77.26617283950618,58.578421052631576,13,14.059082,2.35033
results_updated/RfaH/run1/divide_and_conquer/clades/clade_009/shuffle_09/group_005_unrelaxed_rank_001_alphafold2_ptm_model_1_seed_000.pdb,75.16759259259258,58.10763157894736,13,7.8675737,2.1601188
results_updated/RfaH/run1/divide_and_conquer/clades/clade_009/shuffle_09/group_007_unrelaxed_rank_001_alphafold2_ptm_model_1_seed_000.pdb,73.62555555555555,55.89763157894737,18,7.610934,4.26419
results_updated/RfaH/run1/divide_and_conquer/clades/clade_009/shuffle_09/group_001_unrelaxed_rank_001_alphafold2_ptm_model_1_seed_000.pdb,76.77308641975307,55.151315789473685,13,14.589263,2.0965767
results_updated/RfaH/run1/divide_and_conquer/clades/clade_009/shuffle_09/group_004_unrelaxed_rank_001_alphafold2_ptm_model_1_seed_000.pdb,72.16753086419753,49.66105263157895,13,7.4368186,3.011356
results_updated/RfaH/run1/divide_and_conquer/clades/clade_009/shuffle_10/group_003_unrelaxed_rank_001_alphafold2_ptm_model_1_seed_000.pdb,77.68845679012347,60.171578947368424,13,10.626559,3.1439192
results_updated/RfaH/run1/divide_and_conquer/clades/clade_009/shuffle_10/group_002_unrelaxed_rank_001_alphafold2_ptm_model_1_seed_000.pdb,71.66179012345681,49.474999999999994,13,7.624465,11.815921
results_updated/RfaH/run1/divide_and_conquer/clades/clade_009/shuffle_10/group_006_unrelaxed_rank_001_alphafold2_ptm_model_1_seed_000.pdb,74.170987654321,58.48736842105263,13,7.068672,1.9908934
results_updated/RfaH/run1/divide_and_conquer/clades/clade_009/shuffle_10/group_005_unrelaxed_rank_001_alphafold2_ptm_model_1_seed_000.pdb,64.22740740740741,38.89263157894737,13,5.172049,7.8324466
results_updated/RfaH/run1/divide_and_conquer/clades/clade_009/shuffle_10/group_007_unrelaxed_rank_001_alphafold2_ptm_model_1_seed_000.pdb,87.54716049382716,88.35631578947368,18,13.239608,1.4676096
results_updated/RfaH/run1/divide_and_conquer/clades/clade_009/shuffle_10/group_001_unrelaxed_rank_001_alphafold2_ptm_model_1_seed_000.pdb,73.67462962962964,53.57605263157895,13,11.895292,2.5576425
results_updated/RfaH/run1/divide_and_conquer/clades/clade_009/shuffle_10/group_004_unrelaxed_rank_001_alphafold2_ptm_model_1_seed_000.pdb,74.20820987654321,52.63868421052632,13,13.602772,2.4125836
results_updated/RfaH/run1/divide_and_conquer/clades/clade_010/shuffle_01/group_003_unrelaxed_rank_001_alphafold2_ptm_model_1_seed_000.pdb,72.6454938271605,66.28578947368422,13,15.206518,1.6294607
results_updated/RfaH/run1/divide_and_conquer/clades/clade_010/shuffle_01/group_002_unrelaxed_rank_001_alphafold2_ptm_model_1_seed_000.pdb,76.22345679012346,65.46078947368419,13,6.1689105,12.651324
results_updated/RfaH/run1/divide_and_conquer/clades/clade_010/shuffle_01/group_006_unrelaxed_rank_001_alphafold2_ptm_model_1_seed_000.pdb,86.41012345679013,86.6378947368421,13,17.445171,1.4674032
results_updated/RfaH/run1/divide_and_conquer/clades/clade_010/shuffle_01/group_005_unrelaxed_rank_001_alphafold2_ptm_model_1_seed_000.pdb,69.05154320987653,46.151315789473685,13,7.986945,10.236196
results_updated/RfaH/run1/divide_and_conquer/clades/clade_010/shuffle_01/group_007_unrelaxed_rank_001_alphafold2_ptm_model_1_seed_000.pdb,74.07197530864198,63.05736842105263,16,12.823735,3.4678898
results_updated/RfaH/run1/divide_and_conquer/clades/clade_010/shuffle_01/group_001_unrelaxed_rank_001_alphafold2_ptm_model_1_seed_000.pdb,82.75858024691358,76.53578947368422,13,17.728336,1.6363196
results_updated/RfaH/run1/divide_and_conquer/clades/clade_010/shuffle_01/group_004_unrelaxed_rank_001_alphafold2_ptm_model_1_seed_000.pdb,81.26160493827162,73.90342105263157,13,15.535746,1.3961637
results_updated/RfaH/run1/divide_and_conquer/clades/clade_010/shuffle_02/group_003_unrelaxed_rank_001_alphafold2_ptm_model_1_seed_000.pdb,86.47851851851853,86.83710526315791,13,13.587565,1.4634132
results_updated/RfaH/run1/divide_and_conquer/clades/clade_010/shuffle_02/group_002_unrelaxed_rank_001_alphafold2_ptm_model_1_seed_000.pdb,70.13987654320988,45.85473684210526,13,5.201977,11.314076
results_updated/RfaH/run1/divide_and_conquer/clades/clade_010/shuffle_02/group_006_unrelaxed_rank_001_alphafold2_ptm_model_1_seed_000.pdb,67.90537037037036,43.60078947368421,13,8.30391,11.949425
results_updated/RfaH/run1/divide_and_conquer/clades/clade_010/shuffle_02/group_005_unrelaxed_rank_001_alphafold2_ptm_model_1_seed_000.pdb,71.05956790123457,54.20947368421053,13,6.3643026,10.378569
results_updated/RfaH/run1/divide_and_conquer/clades/clade_010/shuffle_02/group_007_unrelaxed_rank_001_alphafold2_ptm_model_1_seed_000.pdb,68.8582098765432,44.14763157894737,16,6.6344357,12.797799
results_updated/RfaH/run1/divide_and_conquer/clades/clade_010/shuffle_02/group_001_unrelaxed_rank_001_alphafold2_ptm_model_1_seed_000.pdb,74.62537037037036,64.11815789473684,13,6.183802,12.448976
results_updated/RfaH/run1/divide_and_conquer/clades/clade_010/shuffle_02/group_004_unrelaxed_rank_001_alphafold2_ptm_model_1_seed_000.pdb,58.23808641975308,35.108684210526306,13,7.71865,12.323545
results_updated/RfaH/run1/divide_and_conquer/clades/clade_010/shuffle_03/group_003_unrelaxed_rank_001_alphafold2_ptm_model_1_seed_000.pdb,81.61308641975309,73.61447368421054,13,12.511105,1.7691334
results_updated/RfaH/run1/divide_and_conquer/clades/clade_010/shuffle_03/group_002_unrelaxed_rank_001_alphafold2_ptm_model_1_seed_000.pdb,67.6061111111111,44.42421052631579,13,5.0207353,7.5526333
results_updated/RfaH/run1/divide_and_conquer/clades/clade_010/shuffle_03/group_006_unrelaxed_rank_001_alphafold2_ptm_model_1_seed_000.pdb,76.30481481481482,82.82184210526314,13,17.361645,1.4091588
results_updated/RfaH/run1/divide_and_conquer/clades/clade_010/shuffle_03/group_005_unrelaxed_rank_001_alphafold2_ptm_model_1_seed_000.pdb,79.18296296296297,75.21736842105264,13,16.179865,1.6973386
results_updated/RfaH/run1/divide_and_conquer/clades/clade_010/shuffle_03/group_007_unrelaxed_rank_001_alphafold2_ptm_model_1_seed_000.pdb,70.76734567901234,48.27289473684211,16,8.788879,11.288493
results_updated/RfaH/run1/divide_and_conquer/clades/clade_010/shuffle_03/group_001_unrelaxed_rank_001_alphafold2_ptm_model_1_seed_000.pdb,80.82944444444443,76.0771052631579,13,9.738261,1.483128
results_updated/RfaH/run1/divide_and_conquer/clades/clade_010/shuffle_03/group_004_unrelaxed_rank_001_alphafold2_ptm_model_1_seed_000.pdb,83.75783950617284,78.02026315789475,13,14.334093,1.4238749
results_updated/RfaH/run1/divide_and_conquer/clades/clade_010/shuffle_04/group_003_unrelaxed_rank_001_alphafold2_ptm_model_1_seed_000.pdb,74.72697530864198,61.6128947368421,13,6.586412,12.837217
results_updated/RfaH/run1/divide_and_conquer/clades/clade_010/shuffle_04/group_002_unrelaxed_rank_001_alphafold2_ptm_model_1_seed_000.pdb,83.68932098765433,76.20315789473685,13,14.326899,1.6355033
results_updated/RfaH/run1/divide_and_conquer/clades/clade_010/shuffle_04/group_006_unrelaxed_rank_001_alphafold2_ptm_model_1_seed_000.pdb,66.55808641975308,58.008947368421055,13,6.7934413,11.743793
results_updated/RfaH/run1/divide_and_conquer/clades/clade_010/shuffle_04/group_005_unrelaxed_rank_001_alphafold2_ptm_model_1_seed_000.pdb,65.42746913580247,47.207894736842114,13,8.388678,13.265829
results_updated/RfaH/run1/divide_and_conquer/clades/clade_010/shuffle_04/group_007_unrelaxed_rank_001_alphafold2_ptm_model_1_seed_000.pdb,70.47,48.11526315789474,16,6.2361445,12.214137
results_updated/RfaH/run1/divide_and_conquer/clades/clade_010/shuffle_04/group_001_unrelaxed_rank_001_alphafold2_ptm_model_1_seed_000.pdb,59.18234567901234,42.29921052631579,13,7.969201,11.5409975
results_updated/RfaH/run1/divide_and_conquer/clades/clade_010/shuffle_04/group_004_unrelaxed_rank_001_alphafold2_ptm_model_1_seed_000.pdb,69.31308641975309,45.39289473684211,13,7.3755913,5.7428455
results_updated/RfaH/run1/divide_and_conquer/clades/clade_010/shuffle_05/group_003_unrelaxed_rank_001_alphafold2_ptm_model_1_seed_000.pdb,71.34777777777778,52.441315789473684,13,6.1543264,13.137858
results_updated/RfaH/run1/divide_and_conquer/clades/clade_010/shuffle_05/group_002_unrelaxed_rank_001_alphafold2_ptm_model_1_seed_000.pdb,69.3022839506173,42.18236842105263,13,8.996479,10.607096
results_updated/RfaH/run1/divide_and_conquer/clades/clade_010/shuffle_05/group_006_unrelaxed_rank_001_alphafold2_ptm_model_1_seed_000.pdb,70.94160493827161,44.36421052631579,13,9.553681,11.738305
results_updated/RfaH/run1/divide_and_conquer/clades/clade_010/shuffle_05/group_005_unrelaxed_rank_001_alphafold2_ptm_model_1_seed_000.pdb,85.49012345679013,84.25684210526316,13,18.029625,1.4448817
results_updated/RfaH/run1/divide_and_conquer/clades/clade_010/shuffle_05/group_007_unrelaxed_rank_001_alphafold2_ptm_model_1_seed_000.pdb,84.58216049382717,80.55894736842106,16,12.946135,1.5473552
results_updated/RfaH/run1/divide_and_conquer/clades/clade_010/shuffle_05/group_001_unrelaxed_rank_001_alphafold2_ptm_model_1_seed_000.pdb,68.2570987654321,59.1907894736842,13,2.4035854,9.375751
results_updated/RfaH/run1/divide_and_conquer/clades/clade_010/shuffle_05/group_004_unrelaxed_rank_001_alphafold2_ptm_model_1_seed_000.pdb,57.67925925925926,34.780789473684216,13,12.207304,9.11252
results_updated/RfaH/run1/divide_and_conquer/clades/clade_010/shuffle_06/group_003_unrelaxed_rank_001_alphafold2_ptm_model_1_seed_000.pdb,69.58333333333333,47.1342105263158,13,7.6491084,11.5387125
results_updated/RfaH/run1/divide_and_conquer/clades/clade_010/shuffle_06/group_002_unrelaxed_rank_001_alphafold2_ptm_model_1_seed_000.pdb,71.73450617283952,51.51921052631579,13,8.886007,10.748298
results_updated/RfaH/run1/divide_and_conquer/clades/clade_010/shuffle_06/group_006_unrelaxed_rank_001_alphafold2_ptm_model_1_seed_000.pdb,86.31413580246914,85.26184210526317,13,16.715437,1.4275279
results_updated/RfaH/run1/divide_and_conquer/clades/clade_010/shuffle_06/group_005_unrelaxed_rank_001_alphafold2_ptm_model_1_seed_000.pdb,67.75654320987655,40.585789473684216,13,8.440909,11.929741
results_updated/RfaH/run1/divide_and_conquer/clades/clade_010/shuffle_06/group_007_unrelaxed_rank_001_alphafold2_ptm_model_1_seed_000.pdb,73.44524691358025,55.88,16,6.28841,9.479752
results_updated/RfaH/run1/divide_and_conquer/clades/clade_010/shuffle_06/group_001_unrelaxed_rank_001_alphafold2_ptm_model_1_seed_000.pdb,71.52018518518518,49.687894736842104,13,8.621917,2.770561
results_updated/RfaH/run1/divide_and_conquer/clades/clade_010/shuffle_06/group_004_unrelaxed_rank_001_alphafold2_ptm_model_1_seed_000.pdb,66.18895061728395,45.93842105263158,13,6.009896,5.497909
results_updated/RfaH/run1/divide_and_conquer/clades/clade_010/shuffle_07/group_003_unrelaxed_rank_001_alphafold2_ptm_model_1_seed_000.pdb,73.53981481481482,57.53026315789473,13,6.3564086,12.623026
results_updated/RfaH/run1/divide_and_conquer/clades/clade_010/shuffle_07/group_002_unrelaxed_rank_001_alphafold2_ptm_model_1_seed_000.pdb,57.388333333333335,34.8678947368421,13,11.882287,10.7976675
results_updated/RfaH/run1/divide_and_conquer/clades/clade_010/shuffle_07/group_006_unrelaxed_rank_001_alphafold2_ptm_model_1_seed_000.pdb,66.02030864197532,43.15447368421052,13,5.847759,5.3200116
results_updated/RfaH/run1/divide_and_conquer/clades/clade_010/shuffle_07/group_005_unrelaxed_rank_001_alphafold2_ptm_model_1_seed_000.pdb,68.63987654320988,46.5728947368421,13,6.8539605,11.731117
results_updated/RfaH/run1/divide_and_conquer/clades/clade_010/shuffle_07/group_007_unrelaxed_rank_001_alphafold2_ptm_model_1_seed_000.pdb,86.12302469135803,81.18789473684211,16,17.991695,1.441948
results_updated/RfaH/run1/divide_and_conquer/clades/clade_010/shuffle_07/group_001_unrelaxed_rank_001_alphafold2_ptm_model_1_seed_000.pdb,69.8617901234568,49.06657894736842,13,6.5016885,9.00547
results_updated/RfaH/run1/divide_and_conquer/clades/clade_010/shuffle_07/group_004_unrelaxed_rank_001_alphafold2_ptm_model_1_seed_000.pdb,67.67234567901234,44.930789473684214,13,3.9866326,8.22784
results_updated/RfaH/run1/divide_and_conquer/clades/clade_010/shuffle_08/group_003_unrelaxed_rank_001_alphafold2_ptm_model_1_seed_000.pdb,69.53382716049383,46.628684210526316,13,8.845314,11.615001
results_updated/RfaH/run1/divide_and_conquer/clades/clade_010/shuffle_08/group_002_unrelaxed_rank_001_alphafold2_ptm_model_1_seed_000.pdb,63.302839506172845,43.20894736842106,13,12.131022,11.623751
results_updated/RfaH/run1/divide_and_conquer/clades/clade_010/shuffle_08/group_006_unrelaxed_rank_001_alphafold2_ptm_model_1_seed_000.pdb,84.92320987654321,83.13631578947368,13,17.516665,1.4605511
results_updated/RfaH/run1/divide_and_conquer/clades/clade_010/shuffle_08/group_005_unrelaxed_rank_001_alphafold2_ptm_model_1_seed_000.pdb,75.94580246913581,55.071578947368415,13,8.485953,3.2734606
results_updated/RfaH/run1/divide_and_conquer/clades/clade_010/shuffle_08/group_007_unrelaxed_rank_001_alphafold2_ptm_model_1_seed_000.pdb,81.06537037037037,70.24973684210526,16,10.697882,1.6958181
results_updated/RfaH/run1/divide_and_conquer/clades/clade_010/shuffle_08/group_001_unrelaxed_rank_001_alphafold2_ptm_model_1_seed_000.pdb,71.4995061728395,56.35026315789474,13,6.2534804,11.211971
results_updated/RfaH/run1/divide_and_conquer/clades/clade_010/shuffle_08/group_004_unrelaxed_rank_001_alphafold2_ptm_model_1_seed_000.pdb,84.34345679012345,81.26289473684211,13,17.076197,1.4630635
results_updated/RfaH/run1/divide_and_conquer/clades/clade_010/shuffle_09/group_003_unrelaxed_rank_001_alphafold2_ptm_model_1_seed_000.pdb,71.00055555555555,52.77184210526316,13,4.195642,10.057366
results_updated/RfaH/run1/divide_and_conquer/clades/clade_010/shuffle_09/group_002_unrelaxed_rank_001_alphafold2_ptm_model_1_seed_000.pdb,67.2520987654321,40.18526315789474,13,7.394666,10.477129
results_updated/RfaH/run1/divide_and_conquer/clades/clade_010/shuffle_09/group_006_unrelaxed_rank_001_alphafold2_ptm_model_1_seed_000.pdb,69.74407407407406,51.72631578947368,13,3.5796618,9.604582
results_updated/RfaH/run1/divide_and_conquer/clades/clade_010/shuffle_09/group_005_unrelaxed_rank_001_alphafold2_ptm_model_1_seed_000.pdb,85.77827160493827,84.395,13,17.97593,1.4528713
results_updated/RfaH/run1/divide_and_conquer/clades/clade_010/shuffle_09/group_007_unrelaxed_rank_001_alphafold2_ptm_model_1_seed_000.pdb,69.72580246913581,45.072105263157894,16,6.7065225,9.659157
results_updated/RfaH/run1/divide_and_conquer/clades/clade_010/shuffle_09/group_001_unrelaxed_rank_001_alphafold2_ptm_model_1_seed_000.pdb,73.49716049382717,59.350526315789466,13,6.471672,12.543886
results_updated/RfaH/run1/divide_and_conquer/clades/clade_010/shuffle_09/group_004_unrelaxed_rank_001_alphafold2_ptm_model_1_seed_000.pdb,84.80117283950618,81.72500000000001,13,15.578737,1.3848573
results_updated/RfaH/run1/divide_and_conquer/clades/clade_010/shuffle_10/group_003_unrelaxed_rank_001_alphafold2_ptm_model_1_seed_000.pdb,72.38802469135803,53.93421052631579,13,7.0101,11.927183
results_updated/RfaH/run1/divide_and_conquer/clades/clade_010/shuffle_10/group_002_unrelaxed_rank_001_alphafold2_ptm_model_1_seed_000.pdb,76.72604938271604,56.26605263157895,13,12.49593,2.1316433
results_updated/RfaH/run1/divide_and_conquer/clades/clade_010/shuffle_10/group_006_unrelaxed_rank_001_alphafold2_ptm_model_1_seed_000.pdb,85.26734567901234,85.8113157894737,13,18.203293,1.4309683
results_updated/RfaH/run1/divide_and_conquer/clades/clade_010/shuffle_10/group_005_unrelaxed_rank_001_alphafold2_ptm_model_1_seed_000.pdb,69.35191358024692,49.296578947368424,13,4.746994,8.97692
results_updated/RfaH/run1/divide_and_conquer/clades/clade_010/shuffle_10/group_007_unrelaxed_rank_001_alphafold2_ptm_model_1_seed_000.pdb,85.73648148148149,81.84499999999998,16,14.166297,1.4803796
results_updated/RfaH/run1/divide_and_conquer/clades/clade_010/shuffle_10/group_001_unrelaxed_rank_001_alphafold2_ptm_model_1_seed_000.pdb,72.99222222222222,58.35552631578948,13,6.1608167,12.181698
results_updated/RfaH/run1/divide_and_conquer/clades/clade_010/shuffle_10/group_004_unrelaxed_rank_001_alphafold2_ptm_model_1_seed_000.pdb,67.24858024691358,41.77552631578947,13,7.4254174,12.534849
results_updated/RfaH/run1/divide_and_conquer/clades/clade_011/shuffle_01/group_003_unrelaxed_rank_001_alphafold2_ptm_model_1_seed_000.pdb,76.0158024691358,68.11131578947368,13,2.262229,9.897588
results_updated/RfaH/run1/divide_and_conquer/clades/clade_011/shuffle_01/group_002_unrelaxed_rank_001_alphafold2_ptm_model_1_seed_000.pdb,68.56864197530864,47.83973684210527,13,8.111584,14.744883
results_updated/RfaH/run1/divide_and_conquer/clades/clade_011/shuffle_01/group_006_unrelaxed_rank_001_alphafold2_ptm_model_1_seed_000.pdb,67.95845679012346,44.88421052631579,13,9.119324,13.666783
results_updated/RfaH/run1/divide_and_conquer/clades/clade_011/shuffle_01/group_005_unrelaxed_rank_001_alphafold2_ptm_model_1_seed_000.pdb,84.03864197530865,81.67631578947369,13,15.5226145,1.4948798
results_updated/RfaH/run1/divide_and_conquer/clades/clade_011/shuffle_01/group_007_unrelaxed_rank_001_alphafold2_ptm_model_1_seed_000.pdb,79.825,70.50763157894737,15,10.057088,2.803525
results_updated/RfaH/run1/divide_and_conquer/clades/clade_011/shuffle_01/group_001_unrelaxed_rank_001_alphafold2_ptm_model_1_seed_000.pdb,76.37469135802469,69.27499999999999,13,2.436251,10.029186
results_updated/RfaH/run1/divide_and_conquer/clades/clade_011/shuffle_01/group_004_unrelaxed_rank_001_alphafold2_ptm_model_1_seed_000.pdb,68.55895061728394,48.335,13,3.7740586,9.748926
results_updated/RfaH/run1/divide_and_conquer/clades/clade_011/shuffle_02/group_003_unrelaxed_rank_001_alphafold2_ptm_model_1_seed_000.pdb,83.43024691358023,78.09289473684211,13,15.507869,1.4209476
results_updated/RfaH/run1/divide_and_conquer/clades/clade_011/shuffle_02/group_002_unrelaxed_rank_001_alphafold2_ptm_model_1_seed_000.pdb,76.13882716049383,61.42736842105263,13,9.3190365,2.5657177
results_updated/RfaH/run1/divide_and_conquer/clades/clade_011/shuffle_02/group_006_unrelaxed_rank_001_alphafold2_ptm_model_1_seed_000.pdb,77.035987654321,69.54552631578947,13,2.0908184,9.983877
results_updated/RfaH/run1/divide_and_conquer/clades/clade_011/shuffle_02/group_005_unrelaxed_rank_001_alphafold2_ptm_model_1_seed_000.pdb,68.34753086419752,44.03473684210526,13,8.5314245,6.043795
results_updated/RfaH/run1/divide_and_conquer/clades/clade_011/shuffle_02/group_007_unrelaxed_rank_001_alphafold2_ptm_model_1_seed_000.pdb,69.78382716049383,47.02394736842104,15,7.828139,3.7053277
results_updated/RfaH/run1/divide_and_conquer/clades/clade_011/shuffle_02/group_001_unrelaxed_rank_001_alphafold2_ptm_model_1_seed_000.pdb,65.5412962962963,41.52421052631579,13,6.7583766,7.4656405
results_updated/RfaH/run1/divide_and_conquer/clades/clade_011/shuffle_02/group_004_unrelaxed_rank_001_alphafold2_ptm_model_1_seed_000.pdb,68.50827160493827,41.90394736842106,13,8.721262,7.8851004
results_updated/RfaH/run1/divide_and_conquer/clades/clade_011/shuffle_03/group_003_unrelaxed_rank_001_alphafold2_ptm_model_1_seed_000.pdb,76.55425925925927,73.32815789473683,13,2.0654902,9.7233
results_updated/RfaH/run1/divide_and_conquer/clades/clade_011/shuffle_03/group_002_unrelaxed_rank_001_alphafold2_ptm_model_1_seed_000.pdb,68.15586419753086,44.80157894736842,13,8.025953,9.225062
results_updated/RfaH/run1/divide_and_conquer/clades/clade_011/shuffle_03/group_006_unrelaxed_rank_001_alphafold2_ptm_model_1_seed_000.pdb,70.43067901234568,48.144473684210524,13,9.490204,7.7126675
results_updated/RfaH/run1/divide_and_conquer/clades/clade_011/shuffle_03/group_005_unrelaxed_rank_001_alphafold2_ptm_model_1_seed_000.pdb,78.64395061728395,71.03026315789472,13,9.636483,1.646159
results_updated/RfaH/run1/divide_and_conquer/clades/clade_011/shuffle_03/group_007_unrelaxed_rank_001_alphafold2_ptm_model_1_seed_000.pdb,65.31864197530864,46.46263157894736,15,4.948652,10.369624
results_updated/RfaH/run1/divide_and_conquer/clades/clade_011/shuffle_03/group_001_unrelaxed_rank_001_alphafold2_ptm_model_1_seed_000.pdb,73.21722222222222,58.609736842105264,13,8.052293,14.1342745
results_updated/RfaH/run1/divide_and_conquer/clades/clade_011/shuffle_03/group_004_unrelaxed_rank_001_alphafold2_ptm_model_1_seed_000.pdb,69.94623456790124,46.66184210526316,13,8.432109,9.735677
results_updated/RfaH/run1/divide_and_conquer/clades/clade_011/shuffle_04/group_003_unrelaxed_rank_001_alphafold2_ptm_model_1_seed_000.pdb,67.57666666666668,43.77552631578948,13,7.357194,7.914084
results_updated/RfaH/run1/divide_and_conquer/clades/clade_011/shuffle_04/group_002_unrelaxed_rank_001_alphafold2_ptm_model_1_seed_000.pdb,83.42611111111111,83.56263157894738,13,12.756025,1.3747408
results_updated/RfaH/run1/divide_and_conquer/clades/clade_011/shuffle_04/group_006_unrelaxed_rank_001_alphafold2_ptm_model_1_seed_000.pdb,73.76524691358023,56.168684210526315,13,8.832202,1.5811931
results_updated/RfaH/run1/divide_and_conquer/clades/clade_011/shuffle_04/group_005_unrelaxed_rank_001_alphafold2_ptm_model_1_seed_000.pdb,80.95228395061729,79.31973684210527,13,14.052259,1.4153794
results_updated/RfaH/run1/divide_and_conquer/clades/clade_011/shuffle_04/group_007_unrelaxed_rank_001_alphafold2_ptm_model_1_seed_000.pdb,69.63172839506173,54.47868421052632,15,3.1547117,9.161815
results_updated/RfaH/run1/divide_and_conquer/clades/clade_011/shuffle_04/group_001_unrelaxed_rank_001_alphafold2_ptm_model_1_seed_000.pdb,69.56685185185185,47.400263157894734,13,7.079184,2.8171725
results_updated/RfaH/run1/divide_and_conquer/clades/clade_011/shuffle_04/group_004_unrelaxed_rank_001_alphafold2_ptm_model_1_seed_000.pdb,73.1511111111111,52.76447368421053,13,7.8478713,8.421047
results_updated/RfaH/run1/divide_and_conquer/clades/clade_011/shuffle_05/group_003_unrelaxed_rank_001_alphafold2_ptm_model_1_seed_000.pdb,71.48222222222222,52.75078947368421,13,7.6238413,11.89614
results_updated/RfaH/run1/divide_and_conquer/clades/clade_011/shuffle_05/group_002_unrelaxed_rank_001_alphafold2_ptm_model_1_seed_000.pdb,63.967283950617286,44.79026315789474,13,7.712451,6.1062284
results_updated/RfaH/run1/divide_and_conquer/clades/clade_011/shuffle_05/group_006_unrelaxed_rank_001_alphafold2_ptm_model_1_seed_000.pdb,71.27209876543209,50.02421052631579,13,7.855066,3.7733824
results_updated/RfaH/run1/divide_and_conquer/clades/clade_011/shuffle_05/group_005_unrelaxed_rank_001_alphafold2_ptm_model_1_seed_000.pdb,68.71697530864198,51.5921052631579,13,3.7636962,9.563483
results_updated/RfaH/run1/divide_and_conquer/clades/clade_011/shuffle_05/group_007_unrelaxed_rank_001_alphafold2_ptm_model_1_seed_000.pdb,78.18518518518519,72.21526315789474,15,1.741907,9.77918
results_updated/RfaH/run1/divide_and_conquer/clades/clade_011/shuffle_05/group_001_unrelaxed_rank_001_alphafold2_ptm_model_1_seed_000.pdb,69.04882716049383,44.49342105263158,13,9.689015,9.363259
results_updated/RfaH/run1/divide_and_conquer/clades/clade_011/shuffle_05/group_004_unrelaxed_rank_001_alphafold2_ptm_model_1_seed_000.pdb,69.80654320987654,48.623157894736835,13,8.052369,3.1930687
results_updated/RfaH/run1/divide_and_conquer/clades/clade_011/shuffle_06/group_003_unrelaxed_rank_001_alphafold2_ptm_model_1_seed_000.pdb,77.7787037037037,67.92447368421051,13,14.226229,1.8013365
results_updated/RfaH/run1/divide_and_conquer/clades/clade_011/shuffle_06/group_002_unrelaxed_rank_001_alphafold2_ptm_model_1_seed_000.pdb,67.42024691358026,45.367894736842096,13,8.062063,13.352255
results_updated/RfaH/run1/divide_and_conquer/clades/clade_011/shuffle_06/group_006_unrelaxed_rank_001_alphafold2_ptm_model_1_seed_000.pdb,68.85135802469135,44.181578947368415,13,7.6524568,7.8890553
results_updated/RfaH/run1/divide_and_conquer/clades/clade_011/shuffle_06/group_005_unrelaxed_rank_001_alphafold2_ptm_model_1_seed_000.pdb,73.05728395061728,52.419210526315794,13,7.5486717,1.9363661
results_updated/RfaH/run1/divide_and_conquer/clades/clade_011/shuffle_06/group_007_unrelaxed_rank_001_alphafold2_ptm_model_1_seed_000.pdb,67.62518518518517,43.18342105263157,15,8.631768,13.292276
results_updated/RfaH/run1/divide_and_conquer/clades/clade_011/shuffle_06/group_001_unrelaxed_rank_001_alphafold2_ptm_model_1_seed_000.pdb,81.24185185185185,75.28210526315789,13,12.5543995,1.3768257
results_updated/RfaH/run1/divide_and_conquer/clades/clade_011/shuffle_06/group_004_unrelaxed_rank_001_alphafold2_ptm_model_1_seed_000.pdb,74.59925925925926,66.80263157894738,13,2.0726502,9.764555
results_updated/RfaH/run1/divide_and_conquer/clades/clade_011/shuffle_07/group_003_unrelaxed_rank_001_alphafold2_ptm_model_1_seed_000.pdb,68.88598765432099,46.15605263157894,13,7.9261537,11.945445
results_updated/RfaH/run1/divide_and_conquer/clades/clade_011/shuffle_07/group_002_unrelaxed_rank_001_alphafold2_ptm_model_1_seed_000.pdb,68.20271604938272,46.012368421052635,13,4.580114,10.264089
results_updated/RfaH/run1/divide_and_conquer/clades/clade_011/shuffle_07/group_006_unrelaxed_rank_001_alphafold2_ptm_model_1_seed_000.pdb,68.85475308641976,45.248157894736835,13,7.4045944,4.94767
results_updated/RfaH/run1/divide_and_conquer/clades/clade_011/shuffle_07/group_005_unrelaxed_rank_001_alphafold2_ptm_model_1_seed_000.pdb,68.78685185185185,43.17131578947368,13,8.292265,4.1835923
results_updated/RfaH/run1/divide_and_conquer/clades/clade_011/shuffle_07/group_007_unrelaxed_rank_001_alphafold2_ptm_model_1_seed_000.pdb,77.84074074074074,70.41921052631578,15,2.4470391,10.050335
results_updated/RfaH/run1/divide_and_conquer/clades/clade_011/shuffle_07/group_001_unrelaxed_rank_001_alphafold2_ptm_model_1_seed_000.pdb,72.22746913580247,51.488947368421044,13,8.504061,1.9578179
results_updated/RfaH/run1/divide_and_conquer/clades/clade_011/shuffle_07/group_004_unrelaxed_rank_001_alphafold2_ptm_model_1_seed_000.pdb,77.99240740740741,73.59394736842106,13,2.345676,10.030488
results_updated/RfaH/run1/divide_and_conquer/clades/clade_011/shuffle_08/group_003_unrelaxed_rank_001_alphafold2_ptm_model_1_seed_000.pdb,66.41438271604937,46.93578947368422,13,4.3279676,9.171204
results_updated/RfaH/run1/divide_and_conquer/clades/clade_011/shuffle_08/group_002_unrelaxed_rank_001_alphafold2_ptm_model_1_seed_000.pdb,69.44172839506172,48.385,13,8.154591,12.656813
results_updated/RfaH/run1/divide_and_conquer/clades/clade_011/shuffle_08/group_006_unrelaxed_rank_001_alphafold2_ptm_model_1_seed_000.pdb,71.87771604938271,56.585263157894744,13,8.519819,1.6260549
results_updated/RfaH/run1/divide_and_conquer/clades/clade_011/shuffle_08/group_005_unrelaxed_rank_001_alphafold2_ptm_model_1_seed_000.pdb,58.50216049382716,48.955000000000005,13,5.730186,8.479073
results_updated/RfaH/run1/divide_and_conquer/clades/clade_011/shuffle_08/group_007_unrelaxed_rank_001_alphafold2_ptm_model_1_seed_000.pdb,74.52271604938272,54.39473684210526,15,9.145918,10.158147
results_updated/RfaH/run1/divide_and_conquer/clades/clade_011/shuffle_08/group_001_unrelaxed_rank_001_alphafold2_ptm_model_1_seed_000.pdb,70.10055555555554,51.54894736842105,13,7.871261,13.791525
results_updated/RfaH/run1/divide_and_conquer/clades/clade_011/shuffle_08/group_004_unrelaxed_rank_001_alphafold2_ptm_model_1_seed_000.pdb,83.29246913580248,79.32473684210527,13,12.707502,1.6397836
results_updated/RfaH/run1/divide_and_conquer/clades/clade_011/shuffle_09/group_003_unrelaxed_rank_001_alphafold2_ptm_model_1_seed_000.pdb,71.11,51.968947368421055,13,8.37707,14.798387
results_updated/RfaH/run1/divide_and_conquer/clades/clade_011/shuffle_09/group_002_unrelaxed_rank_001_alphafold2_ptm_model_1_seed_000.pdb,77.48382716049383,71.10763157894738,13,2.2599375,10.010818
results_updated/RfaH/run1/divide_and_conquer/clades/clade_011/shuffle_09/group_006_unrelaxed_rank_001_alphafold2_ptm_model_1_seed_000.pdb,74.420987654321,57.97394736842106,13,8.6518,1.5126861
results_updated/RfaH/run1/divide_and_conquer/clades/clade_011/shuffle_09/group_005_unrelaxed_rank_001_alphafold2_ptm_model_1_seed_000.pdb,65.23808641975309,42.38631578947368,13,6.0852137,7.094132
results_updated/RfaH/run1/divide_and_conquer/clades/clade_011/shuffle_09/group_007_unrelaxed_rank_001_alphafold2_ptm_model_1_seed_000.pdb,84.01549382716051,81.46999999999998,15,15.665117,1.454618
results_updated/RfaH/run1/divide_and_conquer/clades/clade_011/shuffle_09/group_001_unrelaxed_rank_001_alphafold2_ptm_model_1_seed_000.pdb,71.07086419753087,45.79394736842105,13,9.98508,3.652431
results_updated/RfaH/run1/divide_and_conquer/clades/clade_011/shuffle_09/group_004_unrelaxed_rank_001_alphafold2_ptm_model_1_seed_000.pdb,74.4180864197531,58.150000000000006,13,9.887747,1.5896502
results_updated/RfaH/run1/divide_and_conquer/clades/clade_011/shuffle_10/group_003_unrelaxed_rank_001_alphafold2_ptm_model_1_seed_000.pdb,74.8062962962963,64.29526315789474,13,2.6533601,10.840879
results_updated/RfaH/run1/divide_and_conquer/clades/clade_011/shuffle_10/group_002_unrelaxed_rank_001_alphafold2_ptm_model_1_seed_000.pdb,84.85111111111111,84.99105263157894,13,16.381283,1.3803624
results_updated/RfaH/run1/divide_and_conquer/clades/clade_011/shuffle_10/group_006_unrelaxed_rank_001_alphafold2_ptm_model_1_seed_000.pdb,66.78839506172841,49.605,13,8.658574,8.832124
results_updated/RfaH/run1/divide_and_conquer/clades/clade_011/shuffle_10/group_005_unrelaxed_rank_001_alphafold2_ptm_model_1_seed_000.pdb,70.79043209876542,51.383684210526305,13,7.6014643,13.490777
results_updated/RfaH/run1/divide_and_conquer/clades/clade_011/shuffle_10/group_007_unrelaxed_rank_001_alphafold2_ptm_model_1_seed_000.pdb,67.65314814814816,42.61578947368421,15,9.809594,9.960459
results_updated/RfaH/run1/divide_and_conquer/clades/clade_011/shuffle_10/group_001_unrelaxed_rank_001_alphafold2_ptm_model_1_seed_000.pdb,70.04586419753086,48.214473684210525,13,8.105097,10.137263
results_updated/RfaH/run1/divide_and_conquer/clades/clade_011/shuffle_10/group_004_unrelaxed_rank_001_alphafold2_ptm_model_1_seed_000.pdb,65.50703703703704,42.810263157894745,13,9.052279,3.3736093
results_updated/RfaH/run1/divide_and_conquer/clades/clade_012/shuffle_01/group_003_unrelaxed_rank_001_alphafold2_ptm_model_1_seed_000.pdb,67.93135802469135,48.25105263157894,13,3.5464633,10.276373
results_updated/RfaH/run1/divide_and_conquer/clades/clade_012/shuffle_01/group_002_unrelaxed_rank_001_alphafold2_ptm_model_1_seed_000.pdb,74.76456790123457,50.345263157894735,13,9.967109,9.939998
results_updated/RfaH/run1/divide_and_conquer/clades/clade_012/shuffle_01/group_006_unrelaxed_rank_001_alphafold2_ptm_model_1_seed_000.pdb,84.10691358024691,79.67026315789474,13,16.17788,1.3987854
results_updated/RfaH/run1/divide_and_conquer/clades/clade_012/shuffle_01/group_005_unrelaxed_rank_001_alphafold2_ptm_model_1_seed_000.pdb,77.44734567901236,65.89078947368421,13,5.8355846,12.676923
results_updated/RfaH/run1/divide_and_conquer/clades/clade_012/shuffle_01/group_007_unrelaxed_rank_001_alphafold2_ptm_model_1_seed_000.pdb,70.10413580246914,49.65131578947368,15,3.4978364,10.183157
results_updated/RfaH/run1/divide_and_conquer/clades/clade_012/shuffle_01/group_001_unrelaxed_rank_001_alphafold2_ptm_model_1_seed_000.pdb,73.87277777777778,65.52868421052631,13,1.7772156,9.651845
results_updated/RfaH/run1/divide_and_conquer/clades/clade_012/shuffle_01/group_004_unrelaxed_rank_001_alphafold2_ptm_model_1_seed_000.pdb,68.21987654320986,47.010789473684206,13,3.7490587,9.471225
results_updated/RfaH/run1/divide_and_conquer/clades/clade_012/shuffle_02/group_003_unrelaxed_rank_001_alphafold2_ptm_model_1_seed_000.pdb,71.16666666666667,51.79578947368421,13,3.676933,9.988361
results_updated/RfaH/run1/divide_and_conquer/clades/clade_012/shuffle_02/group_002_unrelaxed_rank_001_alphafold2_ptm_model_1_seed_000.pdb,68.56549382716048,51.412105263157905,13,3.0683255,9.229645
results_updated/RfaH/run1/divide_and_conquer/clades/clade_012/shuffle_02/group_006_unrelaxed_rank_001_alphafold2_ptm_model_1_seed_000.pdb,66.93796296296297,43.815789473684205,13,3.4643917,9.638493
results_updated/RfaH/run1/divide_and_conquer/clades/clade_012/shuffle_02/group_005_unrelaxed_rank_001_alphafold2_ptm_model_1_seed_000.pdb,67.86685185185185,48.03131578947367,13,3.8052413,9.208311
results_updated/RfaH/run1/divide_and_conquer/clades/clade_012/shuffle_02/group_007_unrelaxed_rank_001_alphafold2_ptm_model_1_seed_000.pdb,68.24228395061728,46.32342105263158,15,6.1110015,4.254173
results_updated/RfaH/run1/divide_and_conquer/clades/clade_012/shuffle_02/group_001_unrelaxed_rank_001_alphafold2_ptm_model_1_seed_000.pdb,68.37839506172838,55.498157894736835,13,2.4946778,9.691397
results_updated/RfaH/run1/divide_and_conquer/clades/clade_012/shuffle_02/group_004_unrelaxed_rank_001_alphafold2_ptm_model_1_seed_000.pdb,70.38734567901234,50.71763157894737,13,3.439249,10.17426
results_updated/RfaH/run1/divide_and_conquer/clades/clade_012/shuffle_03/group_003_unrelaxed_rank_001_alphafold2_ptm_model_1_seed_000.pdb,73.05117283950618,61.26526315789472,13,5.7343326,12.580373
results_updated/RfaH/run1/divide_and_conquer/clades/clade_012/shuffle_03/group_002_unrelaxed_rank_001_alphafold2_ptm_model_1_seed_000.pdb,66.53814814814814,45.008947368421055,13,4.295359,8.192935
results_updated/RfaH/run1/divide_and_conquer/clades/clade_012/shuffle_03/group_006_unrelaxed_rank_001_alphafold2_ptm_model_1_seed_000.pdb,68.31185185185186,47.01157894736842,13,3.951329,9.471172
results_updated/RfaH/run1/divide_and_conquer/clades/clade_012/shuffle_03/group_005_unrelaxed_rank_001_alphafold2_ptm_model_1_seed_000.pdb,66.25561728395061,49.85815789473685,13,3.325005,9.543474
results_updated/RfaH/run1/divide_and_conquer/clades/clade_012/shuffle_03/group_007_unrelaxed_rank_001_alphafold2_ptm_model_1_seed_000.pdb,70.31586419753087,49.01763157894737,15,3.1636174,9.697054
results_updated/RfaH/run1/divide_and_conquer/clades/clade_012/shuffle_03/group_001_unrelaxed_rank_001_alphafold2_ptm_model_1_seed_000.pdb,70.40123456790124,52.08236842105264,13,5.1640196,7.3110156
results_updated/RfaH/run1/divide_and_conquer/clades/clade_012/shuffle_03/group_004_unrelaxed_rank_001_alphafold2_ptm_model_1_seed_000.pdb,65.45049382716049,43.60578947368421,13,5.1367874,9.166455
results_updated/RfaH/run1/divide_and_conquer/clades/clade_012/shuffle_04/group_003_unrelaxed_rank_001_alphafold2_ptm_model_1_seed_000.pdb,69.01987654320989,49.379210526315795,13,3.4236183,8.857204
results_updated/RfaH/run1/divide_and_conquer/clades/clade_012/shuffle_04/group_002_unrelaxed_rank_001_alphafold2_ptm_model_1_seed_000.pdb,70.04055555555556,54.563421052631575,13,6.600958,13.4925995
results_updated/RfaH/run1/divide_and_conquer/clades/clade_012/shuffle_04/group_006_unrelaxed_rank_001_alphafold2_ptm_model_1_seed_000.pdb,68.55358024691357,46.992631578947375,13,6.2225456,13.027913
results_updated/RfaH/run1/divide_and_conquer/clades/clade_012/shuffle_04/group_005_unrelaxed_rank_001_alphafold2_ptm_model_1_seed_000.pdb,67.84141975308641,45.34684210526316,13,4.830547,9.696731
results_updated/RfaH/run1/divide_and_conquer/clades/clade_012/shuffle_04/group_007_unrelaxed_rank_001_alphafold2_ptm_model_1_seed_000.pdb,75.40216049382717,58.32552631578947,15,3.9493954,8.175314
results_updated/RfaH/run1/divide_and_conquer/clades/clade_012/shuffle_04/group_001_unrelaxed_rank_001_alphafold2_ptm_model_1_seed_000.pdb,74.18604938271605,63.731578947368426,13,2.320305,10.539137
results_updated/RfaH/run1/divide_and_conquer/clades/clade_012/shuffle_04/group_004_unrelaxed_rank_001_alphafold2_ptm_model_1_seed_000.pdb,73.75574074074075,63.560263157894745,13,2.2385752,9.565532
results_updated/RfaH/run1/divide_and_conquer/clades/clade_012/shuffle_05/group_003_unrelaxed_rank_001_alphafold2_ptm_model_1_seed_000.pdb,70.46716049382717,53.020789473684204,13,3.1439097,9.099292
results_updated/RfaH/run1/divide_and_conquer/clades/clade_012/shuffle_05/group_002_unrelaxed_rank_001_alphafold2_ptm_model_1_seed_000.pdb,73.40993827160494,63.497368421052634,13,1.8138026,9.723518
results_updated/RfaH/run1/divide_and_conquer/clades/clade_012/shuffle_05/group_006_unrelaxed_rank_001_alphafold2_ptm_model_1_seed_000.pdb,72.95216049382717,58.33263157894734,13,5.7644877,10.333411
results_updated/RfaH/run1/divide_and_conquer/clades/clade_012/shuffle_05/group_005_unrelaxed_rank_001_alphafold2_ptm_model_1_seed_000.pdb,65.00907407407408,44.855526315789476,13,5.2573624,9.0622015
results_updated/RfaH/run1/divide_and_conquer/clades/clade_012/shuffle_05/group_007_unrelaxed_rank_001_alphafold2_ptm_model_1_seed_000.pdb,73.64666666666666,54.41842105263158,15,6.643407,8.236676
results_updated/RfaH/run1/divide_and_conquer/clades/clade_012/shuffle_05/group_001_unrelaxed_rank_001_alphafold2_ptm_model_1_seed_000.pdb,68.96358024691358,48.80157894736842,13,3.4292617,9.391773
results_updated/RfaH/run1/divide_and_conquer/clades/clade_012/shuffle_05/group_004_unrelaxed_rank_001_alphafold2_ptm_model_1_seed_000.pdb,67.45956790123458,47.1307894736842,13,3.2935472,8.852077
results_updated/RfaH/run1/divide_and_conquer/clades/clade_012/shuffle_06/group_003_unrelaxed_rank_001_alphafold2_ptm_model_1_seed_000.pdb,68.40302469135803,49.169736842105266,13,3.5549572,9.20248
results_updated/RfaH/run1/divide_and_conquer/clades/clade_012/shuffle_06/group_002_unrelaxed_rank_001_alphafold2_ptm_model_1_seed_000.pdb,72.78154320987655,63.999210526315785,13,2.03303,9.680143
results_updated/RfaH/run1/divide_and_conquer/clades/clade_012/shuffle_06/group_006_unrelaxed_rank_001_alphafold2_ptm_model_1_seed_000.pdb,66.35117283950616,44.96131578947369,13,3.0083082,9.564462
results_updated/RfaH/run1/divide_and_conquer/clades/clade_012/shuffle_06/group_005_unrelaxed_rank_001_alphafold2_ptm_model_1_seed_000.pdb,75.55999999999999,54.48500000000001,13,7.9279246,2.0177894
results_updated/RfaH/run1/divide_and_conquer/clades/clade_012/shuffle_06/group_007_unrelaxed_rank_001_alphafold2_ptm_model_1_seed_000.pdb,64.7258024691358,42.8728947368421,15,4.073317,8.803807
results_updated/RfaH/run1/divide_and_conquer/clades/clade_012/shuffle_06/group_001_unrelaxed_rank_001_alphafold2_ptm_model_1_seed_000.pdb,69.86376543209877,46.69868421052632,13,7.7467136,12.611856
results_updated/RfaH/run1/divide_and_conquer/clades/clade_012/shuffle_06/group_004_unrelaxed_rank_001_alphafold2_ptm_model_1_seed_000.pdb,67.7611111111111,47.45342105263158,13,4.90426,9.778812
results_updated/RfaH/run1/divide_and_conquer/clades/clade_012/shuffle_07/group_003_unrelaxed_rank_001_alphafold2_ptm_model_1_seed_000.pdb,67.5372839506173,47.47973684210526,13,3.514858,9.469308
results_updated/RfaH/run1/divide_and_conquer/clades/clade_012/shuffle_07/group_002_unrelaxed_rank_001_alphafold2_ptm_model_1_seed_000.pdb,83.45086419753088,74.51289473684211,13,18.016552,1.4756315
results_updated/RfaH/run1/divide_and_conquer/clades/clade_012/shuffle_07/group_006_unrelaxed_rank_001_alphafold2_ptm_model_1_seed_000.pdb,70.78777777777778,52.228421052631575,13,5.3489056,8.067862
results_updated/RfaH/run1/divide_and_conquer/clades/clade_012/shuffle_07/group_005_unrelaxed_rank_001_alphafold2_ptm_model_1_seed_000.pdb,65.12506172839507,41.38657894736841,13,3.9553363,9.790523
results_updated/RfaH/run1/divide_and_conquer/clades/clade_012/shuffle_07/group_007_unrelaxed_rank_001_alphafold2_ptm_model_1_seed_000.pdb,71.99506172839507,56.39763157894737,15,5.420997,11.940909
results_updated/RfaH/run1/divide_and_conquer/clades/clade_012/shuffle_07/group_001_unrelaxed_rank_001_alphafold2_ptm_model_1_seed_000.pdb,66.21993827160495,50.48210526315789,13,3.2512953,8.890634
results_updated/RfaH/run1/divide_and_conquer/clades/clade_012/shuffle_07/group_004_unrelaxed_rank_001_alphafold2_ptm_model_1_seed_000.pdb,67.25067901234569,44.31473684210527,13,4.0911245,8.325791
results_updated/RfaH/run1/divide_and_conquer/clades/clade_012/shuffle_08/group_003_unrelaxed_rank_001_alphafold2_ptm_model_1_seed_000.pdb,70.66469135802468,59.017368421052616,13,1.8193014,9.355501
results_updated/RfaH/run1/divide_and_conquer/clades/clade_012/shuffle_08/group_002_unrelaxed_rank_001_alphafold2_ptm_model_1_seed_000.pdb,77.3954938271605,69.36947368421052,13,5.9387445,13.336265
results_updated/RfaH/run1/divide_and_conquer/clades/clade_012/shuffle_08/group_006_unrelaxed_rank_001_alphafold2_ptm_model_1_seed_000.pdb,66.88006172839506,44.586578947368416,13,3.8657818,10.323508
results_updated/RfaH/run1/divide_and_conquer/clades/clade_012/shuffle_08/group_005_unrelaxed_rank_001_alphafold2_ptm_model_1_seed_000.pdb,71.33623456790123,53.815000000000005,13,6.4853306,9.532465
results_updated/RfaH/run1/divide_and_conquer/clades/clade_012/shuffle_08/group_007_unrelaxed_rank_001_alphafold2_ptm_model_1_seed_000.pdb,68.8141975308642,49.92078947368421,15,3.4763675,9.889494
results_updated/RfaH/run1/divide_and_conquer/clades/clade_012/shuffle_08/group_001_unrelaxed_rank_001_alphafold2_ptm_model_1_seed_000.pdb,67.14907407407408,45.03263157894736,13,4.8091035,9.899827
results_updated/RfaH/run1/divide_and_conquer/clades/clade_012/shuffle_08/group_004_unrelaxed_rank_001_alphafold2_ptm_model_1_seed_000.pdb,75.14777777777778,67.04394736842106,13,1.770143,9.7042465
results_updated/RfaH/run1/divide_and_conquer/clades/clade_012/shuffle_09/group_003_unrelaxed_rank_001_alphafold2_ptm_model_1_seed_000.pdb,69.03882716049384,48.39763157894737,13,6.207919,12.361976
results_updated/RfaH/run1/divide_and_conquer/clades/clade_012/shuffle_09/group_002_unrelaxed_rank_001_alphafold2_ptm_model_1_seed_000.pdb,72.2541975308642,57.132894736842125,13,3.1611645,9.249042
results_updated/RfaH/run1/divide_and_conquer/clades/clade_012/shuffle_09/group_006_unrelaxed_rank_001_alphafold2_ptm_model_1_seed_000.pdb,70.60771604938272,53.047105263157896,13,5.5116415,12.298412
results_updated/RfaH/run1/divide_and_conquer/clades/clade_012/shuffle_09/group_005_unrelaxed_rank_001_alphafold2_ptm_model_1_seed_000.pdb,67.06327160493827,47.80921052631579,13,2.272077,9.496456
results_updated/RfaH/run1/divide_and_conquer/clades/clade_012/shuffle_09/group_007_unrelaxed_rank_001_alphafold2_ptm_model_1_seed_000.pdb,70.6491975308642,57.969210526315784,15,1.8248355,9.402006
results_updated/RfaH/run1/divide_and_conquer/clades/clade_012/shuffle_09/group_001_unrelaxed_rank_001_alphafold2_ptm_model_1_seed_000.pdb,66.29555555555557,44.78710526315789,13,3.4524941,9.293197
results_updated/RfaH/run1/divide_and_conquer/clades/clade_012/shuffle_09/group_004_unrelaxed_rank_001_alphafold2_ptm_model_1_seed_000.pdb,70.32685185185186,48.56105263157894,13,3.0969954,9.679128
results_updated/RfaH/run1/divide_and_conquer/clades/clade_012/shuffle_10/group_003_unrelaxed_rank_001_alphafold2_ptm_model_1_seed_000.pdb,69.12833333333334,51.03105263157895,13,4.2783546,8.318131
results_updated/RfaH/run1/divide_and_conquer/clades/clade_012/shuffle_10/group_002_unrelaxed_rank_001_alphafold2_ptm_model_1_seed_000.pdb,77.98703703703704,66.71789473684211,13,5.6138644,11.525361
results_updated/RfaH/run1/divide_and_conquer/clades/clade_012/shuffle_10/group_006_unrelaxed_rank_001_alphafold2_ptm_model_1_seed_000.pdb,73.56154320987653,63.81999999999999,13,1.9565216,9.467241
results_updated/RfaH/run1/divide_and_conquer/clades/clade_012/shuffle_10/group_005_unrelaxed_rank_001_alphafold2_ptm_model_1_seed_000.pdb,75.6948148148148,65.49552631578949,13,1.8047906,9.734619
results_updated/RfaH/run1/divide_and_conquer/clades/clade_012/shuffle_10/group_007_unrelaxed_rank_001_alphafold2_ptm_model_1_seed_000.pdb,69.36148148148148,49.93868421052632,15,3.922739,9.676523
results_updated/RfaH/run1/divide_and_conquer/clades/clade_012/shuffle_10/group_001_unrelaxed_rank_001_alphafold2_ptm_model_1_seed_000.pdb,69.82018518518518,49.94973684210527,13,4.1658206,8.878254
results_updated/RfaH/run1/divide_and_conquer/clades/clade_012/shuffle_10/group_004_unrelaxed_rank_001_alphafold2_ptm_model_1_seed_000.pdb,64.06179012345679,41.694736842105264,13,3.6935935,10.098768
results_updated/RfaH/run1/divide_and_conquer/clades/clade_013/shuffle_01/group_003_unrelaxed_rank_001_alphafold2_ptm_model_1_seed_000.pdb,80.0133950617284,74.50868421052631,13,3.1369047,8.543348
results_updated/RfaH/run1/divide_and_conquer/clades/clade_013/shuffle_01/group_002_unrelaxed_rank_001_alphafold2_ptm_model_1_seed_000.pdb,56.776234567901234,43.353157894736846,13,7.6256175,10.743263
results_updated/RfaH/run1/divide_and_conquer/clades/clade_013/shuffle_01/group_006_unrelaxed_rank_001_alphafold2_ptm_model_1_seed_000.pdb,68.74623456790123,53.62447368421052,13,3.0527232,8.604271
results_updated/RfaH/run1/divide_and_conquer/clades/clade_013/shuffle_01/group_005_unrelaxed_rank_001_alphafold2_ptm_model_1_seed_000.pdb,74.53074074074074,60.62236842105262,13,6.0763025,12.64411
results_updated/RfaH/run1/divide_and_conquer/clades/clade_013/shuffle_01/group_007_unrelaxed_rank_001_alphafold2_ptm_model_1_seed_000.pdb,66.2796913580247,49.40368421052632,15,3.2679982,9.553264
results_updated/RfaH/run1/divide_and_conquer/clades/clade_013/shuffle_01/group_001_unrelaxed_rank_001_alphafold2_ptm_model_1_seed_000.pdb,68.73320987654321,50.11605263157895,13,3.6895587,9.676193
results_updated/RfaH/run1/divide_and_conquer/clades/clade_013/shuffle_01/group_004_unrelaxed_rank_001_alphafold2_ptm_model_1_seed_000.pdb,60.795061728395055,57.588947368421046,13,3.292731,9.848421
results_updated/RfaH/run1/divide_and_conquer/clades/clade_013/shuffle_02/group_003_unrelaxed_rank_001_alphafold2_ptm_model_1_seed_000.pdb,67.52327160493827,53.30552631578947,13,4.2446856,9.050316
results_updated/RfaH/run1/divide_and_conquer/clades/clade_013/shuffle_02/group_002_unrelaxed_rank_001_alphafold2_ptm_model_1_seed_000.pdb,72.0629012345679,56.40684210526316,13,3.3227727,9.1050825
results_updated/RfaH/run1/divide_and_conquer/clades/clade_013/shuffle_02/group_006_unrelaxed_rank_001_alphafold2_ptm_model_1_seed_000.pdb,65.5845061728395,48.164210526315784,13,5.5085683,7.688476
results_updated/RfaH/run1/divide_and_conquer/clades/clade_013/shuffle_02/group_005_unrelaxed_rank_001_alphafold2_ptm_model_1_seed_000.pdb,64.23358024691358,53.023684210526305,13,4.5033197,9.748723
results_updated/RfaH/run1/divide_and_conquer/clades/clade_013/shuffle_02/group_007_unrelaxed_rank_001_alphafold2_ptm_model_1_seed_000.pdb,67.96734567901235,46.15894736842105,15,5.548405,11.039472
results_updated/RfaH/run1/divide_and_conquer/clades/clade_013/shuffle_02/group_001_unrelaxed_rank_001_alphafold2_ptm_model_1_seed_000.pdb,73.02117283950618,59.13815789473684,13,4.570652,11.590973
results_updated/RfaH/run1/divide_and_conquer/clades/clade_013/shuffle_02/group_004_unrelaxed_rank_001_alphafold2_ptm_model_1_seed_000.pdb,68.44166666666668,60.28210526315789,13,3.0879579,8.459115
results_updated/RfaH/run1/divide_and_conquer/clades/clade_013/shuffle_03/group_003_unrelaxed_rank_001_alphafold2_ptm_model_1_seed_000.pdb,71.55728395061728,58.663947368421056,13,4.2417803,10.382082
results_updated/RfaH/run1/divide_and_conquer/clades/clade_013/shuffle_03/group_002_unrelaxed_rank_001_alphafold2_ptm_model_1_seed_000.pdb,68.05333333333333,48.551842105263155,13,3.2439728,8.766696
results_updated/RfaH/run1/divide_and_conquer/clades/clade_013/shuffle_03/group_006_unrelaxed_rank_001_alphafold2_ptm_model_1_seed_000.pdb,60.05592592592592,51.53052631578947,13,4.5048556,9.973571
results_updated/RfaH/run1/divide_and_conquer/clades/clade_013/shuffle_03/group_005_unrelaxed_rank_001_alphafold2_ptm_model_1_seed_000.pdb,67.84,46.99210526315789,13,3.542668,8.712694
results_updated/RfaH/run1/divide_and_conquer/clades/clade_013/shuffle_03/group_007_unrelaxed_rank_001_alphafold2_ptm_model_1_seed_000.pdb,72.21524691358024,57.91815789473685,15,3.564164,10.139101
results_updated/RfaH/run1/divide_and_conquer/clades/clade_013/shuffle_03/group_001_unrelaxed_rank_001_alphafold2_ptm_model_1_seed_000.pdb,67.7027777777778,46.75657894736842,13,3.31671,9.635473
results_updated/RfaH/run1/divide_and_conquer/clades/clade_013/shuffle_03/group_004_unrelaxed_rank_001_alphafold2_ptm_model_1_seed_000.pdb,68.33413580246915,52.794736842105266,13,3.1106129,8.486812
results_updated/RfaH/run1/divide_and_conquer/clades/clade_013/shuffle_04/group_003_unrelaxed_rank_001_alphafold2_ptm_model_1_seed_000.pdb,60.32679012345678,51.300526315789476,13,3.2795954,8.493194
results_updated/RfaH/run1/divide_and_conquer/clades/clade_013/shuffle_04/group_002_unrelaxed_rank_001_alphafold2_ptm_model_1_seed_000.pdb,68.61135802469137,52.60210526315789,13,3.030368,8.652438
results_updated/RfaH/run1/divide_and_conquer/clades/clade_013/shuffle_04/group_006_unrelaxed_rank_001_alphafold2_ptm_model_1_seed_000.pdb,60.006111111111096,54.99973684210527,13,4.417004,8.415388
results_updated/RfaH/run1/divide_and_conquer/clades/clade_013/shuffle_04/group_005_unrelaxed_rank_001_alphafold2_ptm_model_1_seed_000.pdb,57.845370370370375,49.19131578947368,13,3.8435955,9.362893
results_updated/RfaH/run1/divide_and_conquer/clades/clade_013/shuffle_04/group_007_unrelaxed_rank_001_alphafold2_ptm_model_1_seed_000.pdb,71.13740740740741,53.599736842105266,15,3.143313,9.219799
results_updated/RfaH/run1/divide_and_conquer/clades/clade_013/shuffle_04/group_001_unrelaxed_rank_001_alphafold2_ptm_model_1_seed_000.pdb,71.18604938271606,56.236315789473686,13,6.094242,12.235328
results_updated/RfaH/run1/divide_and_conquer/clades/clade_013/shuffle_04/group_004_unrelaxed_rank_001_alphafold2_ptm_model_1_seed_000.pdb,70.86802469135803,56.0457894736842,13,3.3613875,9.059814
results_updated/RfaH/run1/divide_and_conquer/clades/clade_013/shuffle_05/group_003_unrelaxed_rank_001_alphafold2_ptm_model_1_seed_000.pdb,70.08018518518517,54.37657894736841,13,3.0317023,8.486886
results_updated/RfaH/run1/divide_and_conquer/clades/clade_013/shuffle_05/group_002_unrelaxed_rank_001_alphafold2_ptm_model_1_seed_000.pdb,74.45043209876543,63.37973684210528,13,5.4700103,11.802561
results_updated/RfaH/run1/divide_and_conquer/clades/clade_013/shuffle_05/group_006_unrelaxed_rank_001_alphafold2_ptm_model_1_seed_000.pdb,56.626975308641974,49.32789473684211,13,4.016618,8.561872
results_updated/RfaH/run1/divide_and_conquer/clades/clade_013/shuffle_05/group_005_unrelaxed_rank_001_alphafold2_ptm_model_1_seed_000.pdb,67.04425925925925,47.969210526315784,13,3.1544156,8.51189
results_updated/RfaH/run1/divide_and_conquer/clades/clade_013/shuffle_05/group_007_unrelaxed_rank_001_alphafold2_ptm_model_1_seed_000.pdb,73.53104938271605,59.02894736842105,15,3.1929379,9.214473
results_updated/RfaH/run1/divide_and_conquer/clades/clade_013/shuffle_05/group_001_unrelaxed_rank_001_alphafold2_ptm_model_1_seed_000.pdb,61.29567901234568,50.6828947368421,13,4.07623,8.480003
results_updated/RfaH/run1/divide_and_conquer/clades/clade_013/shuffle_05/group_004_unrelaxed_rank_001_alphafold2_ptm_model_1_seed_000.pdb,67.08586419753087,46.021578947368425,13,3.5037625,8.537721
results_updated/RfaH/run1/divide_and_conquer/clades/clade_013/shuffle_06/group_003_unrelaxed_rank_001_alphafold2_ptm_model_1_seed_000.pdb,69.24499999999999,57.21157894736842,13,3.387593,10.247384
results_updated/RfaH/run1/divide_and_conquer/clades/clade_013/shuffle_06/group_002_unrelaxed_rank_001_alphafold2_ptm_model_1_seed_000.pdb,69.44302469135803,53.69868421052632,13,3.012926,8.679242
results_updated/RfaH/run1/divide_and_conquer/clades/clade_013/shuffle_06/group_006_unrelaxed_rank_001_alphafold2_ptm_model_1_seed_000.pdb,72.98444444444443,60.178947368421035,13,4.5698714,10.745137
results_updated/RfaH/run1/divide_and_conquer/clades/clade_013/shuffle_06/group_005_unrelaxed_rank_001_alphafold2_ptm_model_1_seed_000.pdb,67.08185185185184,46.71157894736842,13,3.328774,8.344371
results_updated/RfaH/run1/divide_and_conquer/clades/clade_013/shuffle_06/group_007_unrelaxed_rank_001_alphafold2_ptm_model_1_seed_000.pdb,68.7817901234568,53.0186842105263,15,3.1926122,9.00438
results_updated/RfaH/run1/divide_and_conquer/clades/clade_013/shuffle_06/group_001_unrelaxed_rank_001_alphafold2_ptm_model_1_seed_000.pdb,70.22432098765432,53.194210526315786,13,3.432686,9.993468
results_updated/RfaH/run1/divide_and_conquer/clades/clade_013/shuffle_06/group_004_unrelaxed_rank_001_alphafold2_ptm_model_1_seed_000.pdb,71.59345679012345,57.18789473684211,13,3.2996538,8.9729395
results_updated/RfaH/run1/divide_and_conquer/clades/clade_013/shuffle_07/group_003_unrelaxed_rank_001_alphafold2_ptm_model_1_seed_000.pdb,67.08864197530865,45.269473684210524,13,3.7381654,8.495899
results_updated/RfaH/run1/divide_and_conquer/clades/clade_013/shuffle_07/group_002_unrelaxed_rank_001_alphafold2_ptm_model_1_seed_000.pdb,70.79864197530864,51.62210526315789,13,6.5648904,12.954482
results_updated/RfaH/run1/divide_and_conquer/clades/clade_013/shuffle_07/group_006_unrelaxed_rank_001_alphafold2_ptm_model_1_seed_000.pdb,58.016604938271605,48.544736842105266,13,4.3951726,9.224032
results_updated/RfaH/run1/divide_and_conquer/clades/clade_013/shuffle_07/group_005_unrelaxed_rank_001_alphafold2_ptm_model_1_seed_000.pdb,69.33370370370369,49.60184210526315,13,3.846953,10.3487835
results_updated/RfaH/run1/divide_and_conquer/clades/clade_013/shuffle_07/group_007_unrelaxed_rank_001_alphafold2_ptm_model_1_seed_000.pdb,70.45037037037036,54.94157894736841,15,4.6124625,10.501415
results_updated/RfaH/run1/divide_and_conquer/clades/clade_013/shuffle_07/group_001_unrelaxed_rank_001_alphafold2_ptm_model_1_seed_000.pdb,67.44925925925925,46.88947368421052,13,4.702349,9.096469
results_updated/RfaH/run1/divide_and_conquer/clades/clade_013/shuffle_07/group_004_unrelaxed_rank_001_alphafold2_ptm_model_1_seed_000.pdb,70.55777777777779,57.4807894736842,13,2.9705184,8.984333
results_updated/RfaH/run1/divide_and_conquer/clades/clade_013/shuffle_08/group_003_unrelaxed_rank_001_alphafold2_ptm_model_1_seed_000.pdb,61.32277777777778,56.10368421052633,13,3.5176754,9.220037
results_updated/RfaH/run1/divide_and_conquer/clades/clade_013/shuffle_08/group_002_unrelaxed_rank_001_alphafold2_ptm_model_1_seed_000.pdb,65.80154320987654,41.573947368421045,13,4.3252773,9.544952
results_updated/RfaH/run1/divide_and_conquer/clades/clade_013/shuffle_08/group_006_unrelaxed_rank_001_alphafold2_ptm_model_1_seed_000.pdb,71.54858024691357,66.3507894736842,13,2.944682,9.857302
results_updated/RfaH/run1/divide_and_conquer/clades/clade_013/shuffle_08/group_005_unrelaxed_rank_001_alphafold2_ptm_model_1_seed_000.pdb,70.2479012345679,53.634473684210526,13,6.320013,12.365231
results_updated/RfaH/run1/divide_and_conquer/clades/clade_013/shuffle_08/group_007_unrelaxed_rank_001_alphafold2_ptm_model_1_seed_000.pdb,71.81253086419753,56.151052631578956,15,3.2460153,9.396339
results_updated/RfaH/run1/divide_and_conquer/clades/clade_013/shuffle_08/group_001_unrelaxed_rank_001_alphafold2_ptm_model_1_seed_000.pdb,67.08345679012346,49.13894736842105,13,3.8432176,9.680168
results_updated/RfaH/run1/divide_and_conquer/clades/clade_013/shuffle_08/group_004_unrelaxed_rank_001_alphafold2_ptm_model_1_seed_000.pdb,56.057592592592606,39.11263157894737,13,7.6404333,10.454204
results_updated/RfaH/run1/divide_and_conquer/clades/clade_013/shuffle_09/group_003_unrelaxed_rank_001_alphafold2_ptm_model_1_seed_000.pdb,73.45216049382717,59.214736842105275,13,3.4188254,10.05272
results_updated/RfaH/run1/divide_and_conquer/clades/clade_013/shuffle_09/group_002_unrelaxed_rank_001_alphafold2_ptm_model_1_seed_000.pdb,73.41833333333334,64.81526315789473,13,2.0611787,9.304779
results_updated/RfaH/run1/divide_and_conquer/clades/clade_013/shuffle_09/group_006_unrelaxed_rank_001_alphafold2_ptm_model_1_seed_000.pdb,76.53944444444444,67.72868421052631,13,5.859421,13.09295
results_updated/RfaH/run1/divide_and_conquer/clades/clade_013/shuffle_09/group_005_unrelaxed_rank_001_alphafold2_ptm_model_1_seed_000.pdb,68.68475308641976,54.11736842105263,13,3.0472655,8.620641
results_updated/RfaH/run1/divide_and_conquer/clades/clade_013/shuffle_09/group_007_unrelaxed_rank_001_alphafold2_ptm_model_1_seed_000.pdb,67.69932098765433,50.728421052631575,15,3.1127434,8.815855
results_updated/RfaH/run1/divide_and_conquer/clades/clade_013/shuffle_09/group_001_unrelaxed_rank_001_alphafold2_ptm_model_1_seed_000.pdb,70.60469135802468,52.69631578947369,13,3.2241733,9.595914
results_updated/RfaH/run1/divide_and_conquer/clades/clade_013/shuffle_09/group_004_unrelaxed_rank_001_alphafold2_ptm_model_1_seed_000.pdb,68.77722222222222,52.92447368421052,13,3.3192532,9.1520195
results_updated/RfaH/run1/divide_and_conquer/clades/clade_013/shuffle_10/group_003_unrelaxed_rank_001_alphafold2_ptm_model_1_seed_000.pdb,73.94413580246913,60.185,13,3.5491457,9.70776
results_updated/RfaH/run1/divide_and_conquer/clades/clade_013/shuffle_10/group_002_unrelaxed_rank_001_alphafold2_ptm_model_1_seed_000.pdb,64.65808641975309,42.68394736842106,13,4.108652,8.667586
results_updated/RfaH/run1/divide_and_conquer/clades/clade_013/shuffle_10/group_006_unrelaxed_rank_001_alphafold2_ptm_model_1_seed_000.pdb,65.27623456790124,51.356052631578955,13,3.8138797,9.482315
results_updated/RfaH/run1/divide_and_conquer/clades/clade_013/shuffle_10/group_005_unrelaxed_rank_001_alphafold2_ptm_model_1_seed_000.pdb,56.57104938271605,43.48894736842106,13,4.6362276,9.558662
results_updated/RfaH/run1/divide_and_conquer/clades/clade_013/shuffle_10/group_007_unrelaxed_rank_001_alphafold2_ptm_model_1_seed_000.pdb,60.48716049382716,49.36842105263158,15,4.644306,9.652895
results_updated/RfaH/run1/divide_and_conquer/clades/clade_013/shuffle_10/group_001_unrelaxed_rank_001_alphafold2_ptm_model_1_seed_000.pdb,64.7517901234568,50.954210526315784,13,3.384947,8.879408
results_updated/RfaH/run1/divide_and_conquer/clades/clade_013/shuffle_10/group_004_unrelaxed_rank_001_alphafold2_ptm_model_1_seed_000.pdb,57.160802469135795,47.521578947368425,13,4.628568,8.954519
results_updated/RfaH/run1/divide_and_conquer/clades/clade_014/shuffle_01/group_003_unrelaxed_rank_001_alphafold2_ptm_model_1_seed_000.pdb,68.36969135802468,42.12842105263158,13,7.6504445,12.574762
results_updated/RfaH/run1/divide_and_conquer/clades/clade_014/shuffle_01/group_002_unrelaxed_rank_001_alphafold2_ptm_model_1_seed_000.pdb,71.13006172839506,49.01157894736842,13,7.240621,12.435829
results_updated/RfaH/run1/divide_and_conquer/clades/clade_014/shuffle_01/group_006_unrelaxed_rank_001_alphafold2_ptm_model_1_seed_000.pdb,71.77141975308643,49.63026315789473,13,8.726919,13.803982
results_updated/RfaH/run1/divide_and_conquer/clades/clade_014/shuffle_01/group_005_unrelaxed_rank_001_alphafold2_ptm_model_1_seed_000.pdb,69.2212962962963,45.95552631578946,13,8.562662,13.005994
results_updated/RfaH/run1/divide_and_conquer/clades/clade_014/shuffle_01/group_007_unrelaxed_rank_001_alphafold2_ptm_model_1_seed_000.pdb,78.51796296296297,68.56947368421052,14,8.418569,1.4983517
results_updated/RfaH/run1/divide_and_conquer/clades/clade_014/shuffle_01/group_001_unrelaxed_rank_001_alphafold2_ptm_model_1_seed_000.pdb,70.07302469135803,46.04947368421053,13,8.682227,14.914938
results_updated/RfaH/run1/divide_and_conquer/clades/clade_014/shuffle_01/group_004_unrelaxed_rank_001_alphafold2_ptm_model_1_seed_000.pdb,70.44648148148148,49.2378947368421,13,7.4913926,12.695548
results_updated/RfaH/run1/divide_and_conquer/clades/clade_014/shuffle_02/group_003_unrelaxed_rank_001_alphafold2_ptm_model_1_seed_000.pdb,65.85401234567901,41.70263157894738,13,4.160361,9.057894
results_updated/RfaH/run1/divide_and_conquer/clades/clade_014/shuffle_02/group_002_unrelaxed_rank_001_alphafold2_ptm_model_1_seed_000.pdb,84.36537037037037,82.2321052631579,13,9.96964,1.7078733
results_updated/RfaH/run1/divide_and_conquer/clades/clade_014/shuffle_02/group_006_unrelaxed_rank_001_alphafold2_ptm_model_1_seed_000.pdb,70.86308641975309,51.788947368421056,13,3.4337885,10.38735
results_updated/RfaH/run1/divide_and_conquer/clades/clade_014/shuffle_02/group_005_unrelaxed_rank_001_alphafold2_ptm_model_1_seed_000.pdb,68.16296296296296,51.16447368421053,13,3.2585568,9.317834
results_updated/RfaH/run1/divide_and_conquer/clades/clade_014/shuffle_02/group_007_unrelaxed_rank_001_alphafold2_ptm_model_1_seed_000.pdb,74.28067901234567,61.4471052631579,14,5.778653,12.338283
results_updated/RfaH/run1/divide_and_conquer/clades/clade_014/shuffle_02/group_001_unrelaxed_rank_001_alphafold2_ptm_model_1_seed_000.pdb,76.85456790123456,66.51236842105264,13,6.183306,12.23031
results_updated/RfaH/run1/divide_and_conquer/clades/clade_014/shuffle_02/group_004_unrelaxed_rank_001_alphafold2_ptm_model_1_seed_000.pdb,71.24351851851853,44.79236842105262,13,10.104014,11.080337
results_updated/RfaH/run1/divide_and_conquer/clades/clade_014/shuffle_03/group_003_unrelaxed_rank_001_alphafold2_ptm_model_1_seed_000.pdb,87.40851851851852,88.68552631578946,13,13.132103,1.5484082
results_updated/RfaH/run1/divide_and_conquer/clades/clade_014/shuffle_03/group_002_unrelaxed_rank_001_alphafold2_ptm_model_1_seed_000.pdb,69.26104938271605,48.29999999999999,13,8.246545,12.859329
results_updated/RfaH/run1/divide_and_conquer/clades/clade_014/shuffle_03/group_006_unrelaxed_rank_001_alphafold2_ptm_model_1_seed_000.pdb,80.35617283950617,71.4942105263158,13,9.942389,1.6562506
results_updated/RfaH/run1/divide_and_conquer/clades/clade_014/shuffle_03/group_005_unrelaxed_rank_001_alphafold2_ptm_model_1_seed_000.pdb,71.42148148148148,53.738157894736844,13,6.490314,12.001589
results_updated/RfaH/run1/divide_and_conquer/clades/clade_014/shuffle_03/group_007_unrelaxed_rank_001_alphafold2_ptm_model_1_seed_000.pdb,65.01037037037037,48.22921052631578,14,9.994355,7.9273653
results_updated/RfaH/run1/divide_and_conquer/clades/clade_014/shuffle_03/group_001_unrelaxed_rank_001_alphafold2_ptm_model_1_seed_000.pdb,70.53648148148149,52.56,13,4.5222883,10.195199
results_updated/RfaH/run1/divide_and_conquer/clades/clade_014/shuffle_03/group_004_unrelaxed_rank_001_alphafold2_ptm_model_1_seed_000.pdb,72.15234567901234,50.52157894736841,13,9.153171,13.475302
results_updated/RfaH/run1/divide_and_conquer/clades/clade_014/shuffle_04/group_003_unrelaxed_rank_001_alphafold2_ptm_model_1_seed_000.pdb,77.23697530864197,62.15552631578947,13,9.988922,2.4535043
results_updated/RfaH/run1/divide_and_conquer/clades/clade_014/shuffle_04/group_002_unrelaxed_rank_001_alphafold2_ptm_model_1_seed_000.pdb,76.76123456790124,67.30999999999999,13,6.4503026,12.654014
results_updated/RfaH/run1/divide_and_conquer/clades/clade_014/shuffle_04/group_006_unrelaxed_rank_001_alphafold2_ptm_model_1_seed_000.pdb,73.66641975308642,56.363947368421066,13,7.051508,13.757475
results_updated/RfaH/run1/divide_and_conquer/clades/clade_014/shuffle_04/group_005_unrelaxed_rank_001_alphafold2_ptm_model_1_seed_000.pdb,86.32376543209877,85.95394736842105,13,14.03689,1.7031205
results_updated/RfaH/run1/divide_and_conquer/clades/clade_014/shuffle_04/group_007_unrelaxed_rank_001_alphafold2_ptm_model_1_seed_000.pdb,83.41450617283951,80.38815789473684,14,12.443504,1.6945347
results_updated/RfaH/run1/divide_and_conquer/clades/clade_014/shuffle_04/group_001_unrelaxed_rank_001_alphafold2_ptm_model_1_seed_000.pdb,80.25271604938271,81.08342105263156,13,13.42763,1.470111
results_updated/RfaH/run1/divide_and_conquer/clades/clade_014/shuffle_04/group_004_unrelaxed_rank_001_alphafold2_ptm_model_1_seed_000.pdb,67.37141975308641,43.835000000000015,13,4.22157,8.98628
results_updated/RfaH/run1/divide_and_conquer/clades/clade_014/shuffle_05/group_003_unrelaxed_rank_001_alphafold2_ptm_model_1_seed_000.pdb,82.97882716049382,79.54315789473684,13,11.664561,1.6255733
results_updated/RfaH/run1/divide_and_conquer/clades/clade_014/shuffle_05/group_002_unrelaxed_rank_001_alphafold2_ptm_model_1_seed_000.pdb,69.38172839506173,50.415526315789464,13,6.6772547,13.189203
results_updated/RfaH/run1/divide_and_conquer/clades/clade_014/shuffle_05/group_006_unrelaxed_rank_001_alphafold2_ptm_model_1_seed_000.pdb,68.80567901234568,44.34710526315789,13,6.0965977,5.224638
results_updated/RfaH/run1/divide_and_conquer/clades/clade_014/shuffle_05/group_005_unrelaxed_rank_001_alphafold2_ptm_model_1_seed_000.pdb,76.94820987654322,67.77526315789474,13,6.4912477,13.610315
results_updated/RfaH/run1/divide_and_conquer/clades/clade_014/shuffle_05/group_007_unrelaxed_rank_001_alphafold2_ptm_model_1_seed_000.pdb,72.44154320987654,53.31421052631578,14,6.073531,12.359232
results_updated/RfaH/run1/divide_and_conquer/clades/clade_014/shuffle_05/group_001_unrelaxed_rank_001_alphafold2_ptm_model_1_seed_000.pdb,73.98197530864198,58.276315789473685,13,7.413444,10.339766
results_updated/RfaH/run1/divide_and_conquer/clades/clade_014/shuffle_05/group_004_unrelaxed_rank_001_alphafold2_ptm_model_1_seed_000.pdb,70.03302469135802,44.50342105263158,13,8.843212,12.745211
results_updated/RfaH/run1/divide_and_conquer/clades/clade_014/shuffle_06/group_003_unrelaxed_rank_001_alphafold2_ptm_model_1_seed_000.pdb,74.9512962962963,61.000526315789465,13,6.97573,9.847368
results_updated/RfaH/run1/divide_and_conquer/clades/clade_014/shuffle_06/group_002_unrelaxed_rank_001_alphafold2_ptm_model_1_seed_000.pdb,73.0254938271605,54.94157894736843,13,7.825791,14.705133
results_updated/RfaH/run1/divide_and_conquer/clades/clade_014/shuffle_06/group_006_unrelaxed_rank_001_alphafold2_ptm_model_1_seed_000.pdb,69.99567901234568,42.78578947368421,13,9.15686,10.615677
results_updated/RfaH/run1/divide_and_conquer/clades/clade_014/shuffle_06/group_005_unrelaxed_rank_001_alphafold2_ptm_model_1_seed_000.pdb,86.79024691358025,87.8328947368421,13,11.485208,1.5738151
results_updated/RfaH/run1/divide_and_conquer/clades/clade_014/shuffle_06/group_007_unrelaxed_rank_001_alphafold2_ptm_model_1_seed_000.pdb,77.94216049382716,70.60052631578948,14,6.3431315,12.724687
results_updated/RfaH/run1/divide_and_conquer/clades/clade_014/shuffle_06/group_001_unrelaxed_rank_001_alphafold2_ptm_model_1_seed_000.pdb,70.03425925925926,47.04631578947368,13,7.1559687,11.975729
results_updated/RfaH/run1/divide_and_conquer/clades/clade_014/shuffle_06/group_004_unrelaxed_rank_001_alphafold2_ptm_model_1_seed_000.pdb,69.6508024691358,45.785789473684204,13,7.3646054,8.068214
results_updated/RfaH/run1/divide_and_conquer/clades/clade_014/shuffle_07/group_003_unrelaxed_rank_001_alphafold2_ptm_model_1_seed_000.pdb,72.23845679012346,57.511842105263156,13,4.6725388,9.464459
results_updated/RfaH/run1/divide_and_conquer/clades/clade_014/shuffle_07/group_002_unrelaxed_rank_001_alphafold2_ptm_model_1_seed_000.pdb,67.68987654320988,44.745000000000005,13,7.372282,9.145122
results_updated/RfaH/run1/divide_and_conquer/clades/clade_014/shuffle_07/group_006_unrelaxed_rank_001_alphafold2_ptm_model_1_seed_000.pdb,77.68592592592591,70.52842105263159,13,5.9406266,11.95356
results_updated/RfaH/run1/divide_and_conquer/clades/clade_014/shuffle_07/group_005_unrelaxed_rank_001_alphafold2_ptm_model_1_seed_000.pdb,68.59438271604938,42.16315789473684,13,9.14443,12.028232
results_updated/RfaH/run1/divide_and_conquer/clades/clade_014/shuffle_07/group_007_unrelaxed_rank_001_alphafold2_ptm_model_1_seed_000.pdb,67.32388888888889,41.72631578947368,14,4.0102057,9.265969
results_updated/RfaH/run1/divide_and_conquer/clades/clade_014/shuffle_07/group_001_unrelaxed_rank_001_alphafold2_ptm_model_1_seed_000.pdb,68.34364197530864,40.71289473684211,13,10.27136,11.010782
results_updated/RfaH/run1/divide_and_conquer/clades/clade_014/shuffle_07/group_004_unrelaxed_rank_001_alphafold2_ptm_model_1_seed_000.pdb,71.8070987654321,55.396842105263154,13,7.4689336,14.296952
results_updated/RfaH/run1/divide_and_conquer/clades/clade_014/shuffle_08/group_003_unrelaxed_rank_001_alphafold2_ptm_model_1_seed_000.pdb,85.6138888888889,87.1728947368421,13,13.329709,1.532086
results_updated/RfaH/run1/divide_and_conquer/clades/clade_014/shuffle_08/group_002_unrelaxed_rank_001_alphafold2_ptm_model_1_seed_000.pdb,66.28660493827161,39.57736842105263,13,8.132154,9.725982
results_updated/RfaH/run1/divide_and_conquer/clades/clade_014/shuffle_08/group_006_unrelaxed_rank_001_alphafold2_ptm_model_1_seed_000.pdb,72.56858024691358,49.915263157894735,13,9.6381855,12.657623
results_updated/RfaH/run1/divide_and_conquer/clades/clade_014/shuffle_08/group_005_unrelaxed_rank_001_alphafold2_ptm_model_1_seed_000.pdb,69.45987654320987,48.53710526315789,13,3.7413852,9.478591
results_updated/RfaH/run1/divide_and_conquer/clades/clade_014/shuffle_08/group_007_unrelaxed_rank_001_alphafold2_ptm_model_1_seed_000.pdb,85.23925925925926,84.3721052631579,14,12.809475,1.5122042
results_updated/RfaH/run1/divide_and_conquer/clades/clade_014/shuffle_08/group_001_unrelaxed_rank_001_alphafold2_ptm_model_1_seed_000.pdb,78.72901234567901,70.39157894736843,13,6.1468587,13.210151
results_updated/RfaH/run1/divide_and_conquer/clades/clade_014/shuffle_08/group_004_unrelaxed_rank_001_alphafold2_ptm_model_1_seed_000.pdb,60.809567901234566,42.76947368421053,13,8.576927,8.635432
results_updated/RfaH/run1/divide_and_conquer/clades/clade_014/shuffle_09/group_003_unrelaxed_rank_001_alphafold2_ptm_model_1_seed_000.pdb,72.87728395061728,56.70131578947369,13,6.282582,12.4218
results_updated/RfaH/run1/divide_and_conquer/clades/clade_014/shuffle_09/group_002_unrelaxed_rank_001_alphafold2_ptm_model_1_seed_000.pdb,72.71364197530865,53.01973684210526,13,7.3039627,12.741198
results_updated/RfaH/run1/divide_and_conquer/clades/clade_014/shuffle_09/group_006_unrelaxed_rank_001_alphafold2_ptm_model_1_seed_000.pdb,68.2966049382716,42.470789473684206,13,9.216668,14.991913
results_updated/RfaH/run1/divide_and_conquer/clades/clade_014/shuffle_09/group_005_unrelaxed_rank_001_alphafold2_ptm_model_1_seed_000.pdb,71.45185185185186,52.75342105263157,13,3.6060116,9.869032
results_updated/RfaH/run1/divide_and_conquer/clades/clade_014/shuffle_09/group_007_unrelaxed_rank_001_alphafold2_ptm_model_1_seed_000.pdb,82.06166666666667,78.8,14,12.335446,1.6541039
results_updated/RfaH/run1/divide_and_conquer/clades/clade_014/shuffle_09/group_001_unrelaxed_rank_001_alphafold2_ptm_model_1_seed_000.pdb,68.90901234567903,48.266052631578944,13,7.645947,12.364789
results_updated/RfaH/run1/divide_and_conquer/clades/clade_014/shuffle_09/group_004_unrelaxed_rank_001_alphafold2_ptm_model_1_seed_000.pdb,74.7558024691358,61.768157894736845,13,6.6239696,13.412957
results_updated/RfaH/run1/divide_and_conquer/clades/clade_014/shuffle_10/group_003_unrelaxed_rank_001_alphafold2_ptm_model_1_seed_000.pdb,69.28030864197531,48.41973684210526,13,7.551067,9.809153
results_updated/RfaH/run1/divide_and_conquer/clades/clade_014/shuffle_10/group_002_unrelaxed_rank_001_alphafold2_ptm_model_1_seed_000.pdb,69.15456790123457,47.5521052631579,13,6.372564,11.078417
results_updated/RfaH/run1/divide_and_conquer/clades/clade_014/shuffle_10/group_006_unrelaxed_rank_001_alphafold2_ptm_model_1_seed_000.pdb,77.69061728395062,67.26473684210526,13,5.7127047,11.934072
results_updated/RfaH/run1/divide_and_conquer/clades/clade_014/shuffle_10/group_005_unrelaxed_rank_001_alphafold2_ptm_model_1_seed_000.pdb,67.56641975308642,44.1242105263158,13,8.8696575,8.43316
results_updated/RfaH/run1/divide_and_conquer/clades/clade_014/shuffle_10/group_007_unrelaxed_rank_001_alphafold2_ptm_model_1_seed_000.pdb,86.00432098765432,85.25131578947368,14,15.792134,1.5164069
results_updated/RfaH/run1/divide_and_conquer/clades/clade_014/shuffle_10/group_001_unrelaxed_rank_001_alphafold2_ptm_model_1_seed_000.pdb,71.90888888888888,53.42578947368421,13,8.0403185,14.167324
results_updated/RfaH/run1/divide_and_conquer/clades/clade_014/shuffle_10/group_004_unrelaxed_rank_001_alphafold2_ptm_model_1_seed_000.pdb,74.86018518518517,59.58657894736842,13,8.549766,1.8843513
results_updated/RfaH/run1/divide_and_conquer/clades/clade_015/shuffle_01/group_003_unrelaxed_rank_001_alphafold2_ptm_model_1_seed_000.pdb,69.44333333333333,47.28868421052632,13,8.156345,3.0355232
results_updated/RfaH/run1/divide_and_conquer/clades/clade_015/shuffle_01/group_002_unrelaxed_rank_001_alphafold2_ptm_model_1_seed_000.pdb,66.22462962962963,37.70736842105263,13,6.9781246,11.778048
results_updated/RfaH/run1/divide_and_conquer/clades/clade_015/shuffle_01/group_006_unrelaxed_rank_001_alphafold2_ptm_model_1_seed_000.pdb,54.384753086419764,38.673421052631575,13,9.152162,8.530564
results_updated/RfaH/run1/divide_and_conquer/clades/clade_015/shuffle_01/group_005_unrelaxed_rank_001_alphafold2_ptm_model_1_seed_000.pdb,70.16296296296298,51.99236842105264,13,5.1180024,11.404082
results_updated/RfaH/run1/divide_and_conquer/clades/clade_015/shuffle_01/group_007_unrelaxed_rank_001_alphafold2_ptm_model_1_seed_000.pdb,61.69851851851852,47.18526315789474,14,11.345132,11.032697
results_updated/RfaH/run1/divide_and_conquer/clades/clade_015/shuffle_01/group_001_unrelaxed_rank_001_alphafold2_ptm_model_1_seed_000.pdb,75.6883950617284,56.45263157894736,13,12.631479,2.1334512
results_updated/RfaH/run1/divide_and_conquer/clades/clade_015/shuffle_01/group_004_unrelaxed_rank_001_alphafold2_ptm_model_1_seed_000.pdb,66.97617283950618,40.73026315789473,13,3.6412966,8.959846
results_updated/RfaH/run1/divide_and_conquer/clades/clade_015/shuffle_02/group_003_unrelaxed_rank_001_alphafold2_ptm_model_1_seed_000.pdb,74.27697530864197,62.000526315789486,13,5.767433,11.983405
results_updated/RfaH/run1/divide_and_conquer/clades/clade_015/shuffle_02/group_002_unrelaxed_rank_001_alphafold2_ptm_model_1_seed_000.pdb,63.002283950617276,37.85868421052633,13,4.638751,9.1458
results_updated/RfaH/run1/divide_and_conquer/clades/clade_015/shuffle_02/group_006_unrelaxed_rank_001_alphafold2_ptm_model_1_seed_000.pdb,67.17327160493826,47.40921052631579,13,4.2606573,10.164923
results_updated/RfaH/run1/divide_and_conquer/clades/clade_015/shuffle_02/group_005_unrelaxed_rank_001_alphafold2_ptm_model_1_seed_000.pdb,67.17067901234567,48.1578947368421,13,9.4167385,2.8130767
results_updated/RfaH/run1/divide_and_conquer/clades/clade_015/shuffle_02/group_007_unrelaxed_rank_001_alphafold2_ptm_model_1_seed_000.pdb,66.5461111111111,40.74026315789473,14,3.7819,8.991018
results_updated/RfaH/run1/divide_and_conquer/clades/clade_015/shuffle_02/group_001_unrelaxed_rank_001_alphafold2_ptm_model_1_seed_000.pdb,66.88456790123456,38.615526315789474,13,7.9194293,7.508843
results_updated/RfaH/run1/divide_and_conquer/clades/clade_015/shuffle_02/group_004_unrelaxed_rank_001_alphafold2_ptm_model_1_seed_000.pdb,70.27969135802469,48.251842105263165,13,6.774251,2.0608613
results_updated/RfaH/run1/divide_and_conquer/clades/clade_015/shuffle_03/group_003_unrelaxed_rank_001_alphafold2_ptm_model_1_seed_000.pdb,75.27574074074074,63.21631578947369,13,5.4766045,11.415551
results_updated/RfaH/run1/divide_and_conquer/clades/clade_015/shuffle_03/group_002_unrelaxed_rank_001_alphafold2_ptm_model_1_seed_000.pdb,65.68932098765433,36.707631578947364,13,8.129664,8.018093
results_updated/RfaH/run1/divide_and_conquer/clades/clade_015/shuffle_03/group_006_unrelaxed_rank_001_alphafold2_ptm_model_1_seed_000.pdb,65.45308641975308,43.014210526315786,13,3.6142983,9.869548
results_updated/RfaH/run1/divide_and_conquer/clades/clade_015/shuffle_03/group_005_unrelaxed_rank_001_alphafold2_ptm_model_1_seed_000.pdb,63.604197530864205,40.92815789473684,13,3.63002,8.930803
results_updated/RfaH/run1/divide_and_conquer/clades/clade_015/shuffle_03/group_007_unrelaxed_rank_001_alphafold2_ptm_model_1_seed_000.pdb,65.89858024691358,40.51026315789474,14,5.9872613,8.550579
results_updated/RfaH/run1/divide_and_conquer/clades/clade_015/shuffle_03/group_001_unrelaxed_rank_001_alphafold2_ptm_model_1_seed_000.pdb,76.19611111111111,55.495263157894726,13,11.052643,1.8745238
results_updated/RfaH/run1/divide_and_conquer/clades/clade_015/shuffle_03/group_004_unrelaxed_rank_001_alphafold2_ptm_model_1_seed_000.pdb,76.88864197530863,68.16026315789473,13,5.185888,11.260125
results_updated/RfaH/run1/divide_and_conquer/clades/clade_015/shuffle_04/group_003_unrelaxed_rank_001_alphafold2_ptm_model_1_seed_000.pdb,76.69092592592592,68.5113157894737,13,5.2560534,11.371353
results_updated/RfaH/run1/divide_and_conquer/clades/clade_015/shuffle_04/group_002_unrelaxed_rank_001_alphafold2_ptm_model_1_seed_000.pdb,72.9108024691358,50.23368421052632,13,9.062813,2.4961135
results_updated/RfaH/run1/divide_and_conquer/clades/clade_015/shuffle_04/group_006_unrelaxed_rank_001_alphafold2_ptm_model_1_seed_000.pdb,66.18382716049383,42.0921052631579,13,7.0995536,13.249356
results_updated/RfaH/run1/divide_and_conquer/clades/clade_015/shuffle_04/group_005_unrelaxed_rank_001_alphafold2_ptm_model_1_seed_000.pdb,65.7329012345679,52.02842105263157,13,10.709033,2.0776277
results_updated/RfaH/run1/divide_and_conquer/clades/clade_015/shuffle_04/group_007_unrelaxed_rank_001_alphafold2_ptm_model_1_seed_000.pdb,65.73820987654321,43.52026315789473,14,3.569873,9.024658
results_updated/RfaH/run1/divide_and_conquer/clades/clade_015/shuffle_04/group_001_unrelaxed_rank_001_alphafold2_ptm_model_1_seed_000.pdb,65.3124074074074,42.02710526315789,13,6.0221868,8.794165
results_updated/RfaH/run1/divide_and_conquer/clades/clade_015/shuffle_04/group_004_unrelaxed_rank_001_alphafold2_ptm_model_1_seed_000.pdb,65.05253086419754,41.23947368421053,13,5.263212,8.141275
results_updated/RfaH/run1/divide_and_conquer/clades/clade_015/shuffle_05/group_003_unrelaxed_rank_001_alphafold2_ptm_model_1_seed_000.pdb,67.45104938271605,37.53526315789475,13,6.495019,10.277385
results_updated/RfaH/run1/divide_and_conquer/clades/clade_015/shuffle_05/group_002_unrelaxed_rank_001_alphafold2_ptm_model_1_seed_000.pdb,68.25,49.28105263157895,13,3.4372299,9.092631
results_updated/RfaH/run1/divide_and_conquer/clades/clade_015/shuffle_05/group_006_unrelaxed_rank_001_alphafold2_ptm_model_1_seed_000.pdb,71.26814814814816,53.6578947368421,13,3.9964304,9.345837
results_updated/RfaH/run1/divide_and_conquer/clades/clade_015/shuffle_05/group_005_unrelaxed_rank_001_alphafold2_ptm_model_1_seed_000.pdb,55.41901234567902,35.72342105263158,13,10.900737,7.5055456
results_updated/RfaH/run1/divide_and_conquer/clades/clade_015/shuffle_05/group_007_unrelaxed_rank_001_alphafold2_ptm_model_1_seed_000.pdb,76.86265432098766,64.96631578947368,14,6.020843,10.177858
results_updated/RfaH/run1/divide_and_conquer/clades/clade_015/shuffle_05/group_001_unrelaxed_rank_001_alphafold2_ptm_model_1_seed_000.pdb,64.3367901234568,40.45131578947367,13,9.825027,8.945707
results_updated/RfaH/run1/divide_and_conquer/clades/clade_015/shuffle_05/group_004_unrelaxed_rank_001_alphafold2_ptm_model_1_seed_000.pdb,65.02574074074074,40.15921052631578,13,3.986729,9.508591
results_updated/RfaH/run1/divide_and_conquer/clades/clade_015/shuffle_06/group_003_unrelaxed_rank_001_alphafold2_ptm_model_1_seed_000.pdb,71.28950617283951,54.5321052631579,13,5.06222,10.699148
results_updated/RfaH/run1/divide_and_conquer/clades/clade_015/shuffle_06/group_002_unrelaxed_rank_001_alphafold2_ptm_model_1_seed_000.pdb,64.45197530864198,39.060526315789474,13,6.7158084,4.111709
results_updated/RfaH/run1/divide_and_conquer/clades/clade_015/shuffle_06/group_006_unrelaxed_rank_001_alphafold2_ptm_model_1_seed_000.pdb,68.67753086419754,46.47289473684211,13,5.716063,11.895464
results_updated/RfaH/run1/divide_and_conquer/clades/clade_015/shuffle_06/group_005_unrelaxed_rank_001_alphafold2_ptm_model_1_seed_000.pdb,65.69827160493827,45.02210526315789,13,10.402704,9.661368
results_updated/RfaH/run1/divide_and_conquer/clades/clade_015/shuffle_06/group_007_unrelaxed_rank_001_alphafold2_ptm_model_1_seed_000.pdb,74.79185185185185,59.716842105263154,14,9.304505,1.9546952
results_updated/RfaH/run1/divide_and_conquer/clades/clade_015/shuffle_06/group_001_unrelaxed_rank_001_alphafold2_ptm_model_1_seed_000.pdb,81.80518518518518,74.72368421052633,13,13.773817,1.3460165
results_updated/RfaH/run1/divide_and_conquer/clades/clade_015/shuffle_06/group_004_unrelaxed_rank_001_alphafold2_ptm_model_1_seed_000.pdb,72.43308641975308,51.70605263157895,13,8.586404,2.0205345
results_updated/RfaH/run1/divide_and_conquer/clades/clade_015/shuffle_07/group_003_unrelaxed_rank_001_alphafold2_ptm_model_1_seed_000.pdb,66.39753086419753,45.93973684210527,13,5.9095154,12.126475
results_updated/RfaH/run1/divide_and_conquer/clades/clade_015/shuffle_07/group_002_unrelaxed_rank_001_alphafold2_ptm_model_1_seed_000.pdb,64.70049382716049,40.763157894736835,13,5.1816525,9.864535
results_updated/RfaH/run1/divide_and_conquer/clades/clade_015/shuffle_07/group_006_unrelaxed_rank_001_alphafold2_ptm_model_1_seed_000.pdb,66.84123456790124,44.16078947368421,13,4.6796575,10.363056
results_updated/RfaH/run1/divide_and_conquer/clades/clade_015/shuffle_07/group_005_unrelaxed_rank_001_alphafold2_ptm_model_1_seed_000.pdb,62.3837037037037,41.698157894736845,13,4.0968437,9.13249
results_updated/RfaH/run1/divide_and_conquer/clades/clade_015/shuffle_07/group_007_unrelaxed_rank_001_alphafold2_ptm_model_1_seed_000.pdb,69.51172839506174,46.524736842105256,14,6.150212,10.911218
results_updated/RfaH/run1/divide_and_conquer/clades/clade_015/shuffle_07/group_001_unrelaxed_rank_001_alphafold2_ptm_model_1_seed_000.pdb,69.27981481481481,44.281578947368416,13,8.323912,3.2952147
results_updated/RfaH/run1/divide_and_conquer/clades/clade_015/shuffle_07/group_004_unrelaxed_rank_001_alphafold2_ptm_model_1_seed_000.pdb,53.657160493827156,37.715263157894746,13,9.993283,9.397912
results_updated/RfaH/run1/divide_and_conquer/clades/clade_015/shuffle_08/group_003_unrelaxed_rank_001_alphafold2_ptm_model_1_seed_000.pdb,65.56222222222222,41.23052631578947,13,7.3525453,3.810944
results_updated/RfaH/run1/divide_and_conquer/clades/clade_015/shuffle_08/group_002_unrelaxed_rank_001_alphafold2_ptm_model_1_seed_000.pdb,75.30759259259258,65.03815789473686,13,5.1761312,11.30445
results_updated/RfaH/run1/divide_and_conquer/clades/clade_015/shuffle_08/group_006_unrelaxed_rank_001_alphafold2_ptm_model_1_seed_000.pdb,67.68771604938271,50.31552631578948,13,3.0405912,9.1152525
results_updated/RfaH/run1/divide_and_conquer/clades/clade_015/shuffle_08/group_005_unrelaxed_rank_001_alphafold2_ptm_model_1_seed_000.pdb,66.23339506172839,39.04157894736843,13,9.132984,8.321144
results_updated/RfaH/run1/divide_and_conquer/clades/clade_015/shuffle_08/group_007_unrelaxed_rank_001_alphafold2_ptm_model_1_seed_000.pdb,64.33932098765432,36.51710526315789,14,10.444979,10.789189
results_updated/RfaH/run1/divide_and_conquer/clades/clade_015/shuffle_08/group_001_unrelaxed_rank_001_alphafold2_ptm_model_1_seed_000.pdb,69.595,43.0071052631579,13,8.31549,3.8166463
results_updated/RfaH/run1/divide_and_conquer/clades/clade_015/shuffle_08/group_004_unrelaxed_rank_001_alphafold2_ptm_model_1_seed_000.pdb,69.88604938271605,51.11105263157896,13,4.6942167,10.496104
results_updated/RfaH/run1/divide_and_conquer/clades/clade_015/shuffle_09/group_003_unrelaxed_rank_001_alphafold2_ptm_model_1_seed_000.pdb,68.50864197530865,40.353157894736846,13,11.44114,6.344267
results_updated/RfaH/run1/divide_and_conquer/clades/clade_015/shuffle_09/group_002_unrelaxed_rank_001_alphafold2_ptm_model_1_seed_000.pdb,66.74283950617284,41.51184210526316,13,4.573401,8.496605
results_updated/RfaH/run1/divide_and_conquer/clades/clade_015/shuffle_09/group_006_unrelaxed_rank_001_alphafold2_ptm_model_1_seed_000.pdb,64.49074074074075,40.160526315789475,13,4.9764986,9.830345
results_updated/RfaH/run1/divide_and_conquer/clades/clade_015/shuffle_09/group_005_unrelaxed_rank_001_alphafold2_ptm_model_1_seed_000.pdb,69.6654938271605,43.777368421052635,13,5.999331,6.0471315
results_updated/RfaH/run1/divide_and_conquer/clades/clade_015/shuffle_09/group_007_unrelaxed_rank_001_alphafold2_ptm_model_1_seed_000.pdb,63.496358024691354,36.832105263157885,14,6.207639,9.462692
results_updated/RfaH/run1/divide_and_conquer/clades/clade_015/shuffle_09/group_001_unrelaxed_rank_001_alphafold2_ptm_model_1_seed_000.pdb,64.0445061728395,41.77157894736842,13,3.626271,8.829065
results_updated/RfaH/run1/divide_and_conquer/clades/clade_015/shuffle_09/group_004_unrelaxed_rank_001_alphafold2_ptm_model_1_seed_000.pdb,69.14555555555556,49.45052631578947,13,5.705159,11.241258
results_updated/RfaH/run1/divide_and_conquer/clades/clade_015/shuffle_10/group_003_unrelaxed_rank_001_alphafold2_ptm_model_1_seed_000.pdb,65.48611111111111,36.46236842105263,13,4.8635144,6.9532514
results_updated/RfaH/run1/divide_and_conquer/clades/clade_015/shuffle_10/group_002_unrelaxed_rank_001_alphafold2_ptm_model_1_seed_000.pdb,75.73271604938272,66.54342105263159,13,4.853736,10.818526
results_updated/RfaH/run1/divide_and_conquer/clades/clade_015/shuffle_10/group_006_unrelaxed_rank_001_alphafold2_ptm_model_1_seed_000.pdb,68.9751851851852,42.833684210526314,13,8.063568,3.6730304
results_updated/RfaH/run1/divide_and_conquer/clades/clade_015/shuffle_10/group_005_unrelaxed_rank_001_alphafold2_ptm_model_1_seed_000.pdb,67.59197530864198,43.004736842105274,13,6.0779786,9.327227
results_updated/RfaH/run1/divide_and_conquer/clades/clade_015/shuffle_10/group_007_unrelaxed_rank_001_alphafold2_ptm_model_1_seed_000.pdb,66.76796296296297,55.333684210526314,14,9.225115,2.0797918
results_updated/RfaH/run1/divide_and_conquer/clades/clade_015/shuffle_10/group_001_unrelaxed_rank_001_alphafold2_ptm_model_1_seed_000.pdb,66.41617283950617,39.02105263157895,13,6.260787,4.7796164
results_updated/RfaH/run1/divide_and_conquer/clades/clade_015/shuffle_10/group_004_unrelaxed_rank_001_alphafold2_ptm_model_1_seed_000.pdb,57.11197530864197,39.262368421052635,13,8.96323,8.773422
results_updated/RfaH/run1/divide_and_conquer/clades/clade_016/shuffle_01/group_003_unrelaxed_rank_001_alphafold2_ptm_model_1_seed_000.pdb,69.34283950617285,52.75815789473684,13,3.2581224,9.877405
results_updated/RfaH/run1/divide_and_conquer/clades/clade_016/shuffle_01/group_002_unrelaxed_rank_001_alphafold2_ptm_model_1_seed_000.pdb,71.30524691358023,49.59315789473684,13,7.873614,2.6620915
results_updated/RfaH/run1/divide_and_conquer/clades/clade_016/shuffle_01/group_006_unrelaxed_rank_001_alphafold2_ptm_model_1_seed_000.pdb,70.5091975308642,53.95947368421053,13,3.1829665,9.668455
results_updated/RfaH/run1/divide_and_conquer/clades/clade_016/shuffle_01/group_005_unrelaxed_rank_001_alphafold2_ptm_model_1_seed_000.pdb,58.79271604938272,42.99289473684211,13,5.6602473,10.353332
results_updated/RfaH/run1/divide_and_conquer/clades/clade_016/shuffle_01/group_007_unrelaxed_rank_001_alphafold2_ptm_model_1_seed_000.pdb,61.2883950617284,43.06763157894736,13,7.9970202,11.627872
results_updated/RfaH/run1/divide_and_conquer/clades/clade_016/shuffle_01/group_001_unrelaxed_rank_001_alphafold2_ptm_model_1_seed_000.pdb,68.09425925925926,49.354473684210525,13,3.211786,9.183138
results_updated/RfaH/run1/divide_and_conquer/clades/clade_016/shuffle_01/group_004_unrelaxed_rank_001_alphafold2_ptm_model_1_seed_000.pdb,71.48555555555555,57.12210526315789,13,3.0764995,9.292103
results_updated/RfaH/run1/divide_and_conquer/clades/clade_016/shuffle_02/group_003_unrelaxed_rank_001_alphafold2_ptm_model_1_seed_000.pdb,58.97111111111111,41.054736842105264,13,10.517691,7.7624817
results_updated/RfaH/run1/divide_and_conquer/clades/clade_016/shuffle_02/group_002_unrelaxed_rank_001_alphafold2_ptm_model_1_seed_000.pdb,72.65845679012345,55.781052631578945,13,3.2231288,9.330285
results_updated/RfaH/run1/divide_and_conquer/clades/clade_016/shuffle_02/group_006_unrelaxed_rank_001_alphafold2_ptm_model_1_seed_000.pdb,63.025802469135805,45.08631578947368,13,3.7617114,10.061964
results_updated/RfaH/run1/divide_and_conquer/clades/clade_016/shuffle_02/group_005_unrelaxed_rank_001_alphafold2_ptm_model_1_seed_000.pdb,63.258086419753084,42.4421052631579,13,4.260885,9.362998
results_updated/RfaH/run1/divide_and_conquer/clades/clade_016/shuffle_02/group_007_unrelaxed_rank_001_alphafold2_ptm_model_1_seed_000.pdb,57.555370370370376,37.24526315789473,13,6.869268,12.403048
results_updated/RfaH/run1/divide_and_conquer/clades/clade_016/shuffle_02/group_001_unrelaxed_rank_001_alphafold2_ptm_model_1_seed_000.pdb,66.89679012345678,47.576842105263154,13,3.7698565,9.720345
results_updated/RfaH/run1/divide_and_conquer/clades/clade_016/shuffle_02/group_004_unrelaxed_rank_001_alphafold2_ptm_model_1_seed_000.pdb,68.68765432098766,47.105526315789476,13,7.0039015,13.55512
results_updated/RfaH/run1/divide_and_conquer/clades/clade_016/shuffle_03/group_003_unrelaxed_rank_001_alphafold2_ptm_model_1_seed_000.pdb,59.620679012345676,41.73842105263158,13,12.960095,10.165113
results_updated/RfaH/run1/divide_and_conquer/clades/clade_016/shuffle_03/group_002_unrelaxed_rank_001_alphafold2_ptm_model_1_seed_000.pdb,80.515,71.65078947368421,13,8.636749,1.4318105
results_updated/RfaH/run1/divide_and_conquer/clades/clade_016/shuffle_03/group_006_unrelaxed_rank_001_alphafold2_ptm_model_1_seed_000.pdb,61.280370370370385,45.14973684210526,13,7.664469,9.339807
results_updated/RfaH/run1/divide_and_conquer/clades/clade_016/shuffle_03/group_005_unrelaxed_rank_001_alphafold2_ptm_model_1_seed_000.pdb,66.66882716049382,46.02868421052631,13,3.1671424,8.92896
results_updated/RfaH/run1/divide_and_conquer/clades/clade_016/shuffle_03/group_007_unrelaxed_rank_001_alphafold2_ptm_model_1_seed_000.pdb,66.67858024691358,46.02394736842105,13,3.4868224,10.268658
results_updated/RfaH/run1/divide_and_conquer/clades/clade_016/shuffle_03/group_001_unrelaxed_rank_001_alphafold2_ptm_model_1_seed_000.pdb,66.24574074074074,44.40526315789474,13,5.4577365,9.129604
results_updated/RfaH/run1/divide_and_conquer/clades/clade_016/shuffle_03/group_004_unrelaxed_rank_001_alphafold2_ptm_model_1_seed_000.pdb,69.67716049382716,50.73894736842105,13,3.093251,9.09638
results_updated/RfaH/run1/divide_and_conquer/clades/clade_016/shuffle_04/group_003_unrelaxed_rank_001_alphafold2_ptm_model_1_seed_000.pdb,75.14487654320989,63.30657894736842,13,4.303843,10.297699
results_updated/RfaH/run1/divide_and_conquer/clades/clade_016/shuffle_04/group_002_unrelaxed_rank_001_alphafold2_ptm_model_1_seed_000.pdb,61.126851851851846,45.62184210526317,13,9.774099,9.60659
results_updated/RfaH/run1/divide_and_conquer/clades/clade_016/shuffle_04/group_006_unrelaxed_rank_001_alphafold2_ptm_model_1_seed_000.pdb,68.50876543209877,48.07052631578947,13,3.1294348,9.473916
results_updated/RfaH/run1/divide_and_conquer/clades/clade_016/shuffle_04/group_005_unrelaxed_rank_001_alphafold2_ptm_model_1_seed_000.pdb,67.7837037037037,45.51684210526315,13,4.97361,9.252842
results_updated/RfaH/run1/divide_and_conquer/clades/clade_016/shuffle_04/group_007_unrelaxed_rank_001_alphafold2_ptm_model_1_seed_000.pdb,58.88135802469135,41.53973684210527,13,7.0814657,9.965707
results_updated/RfaH/run1/divide_and_conquer/clades/clade_016/shuffle_04/group_001_unrelaxed_rank_001_alphafold2_ptm_model_1_seed_000.pdb,60.55691358024692,43.83631578947368,13,8.71725,7.052991
results_updated/RfaH/run1/divide_and_conquer/clades/clade_016/shuffle_04/group_004_unrelaxed_rank_001_alphafold2_ptm_model_1_seed_000.pdb,65.98697530864197,51.326052631578946,13,3.186048,10.069854
results_updated/RfaH/run1/divide_and_conquer/clades/clade_016/shuffle_05/group_003_unrelaxed_rank_001_alphafold2_ptm_model_1_seed_000.pdb,60.55913580246914,44.91105263157895,13,6.2567616,9.859712
results_updated/RfaH/run1/divide_and_conquer/clades/clade_016/shuffle_05/group_002_unrelaxed_rank_001_alphafold2_ptm_model_1_seed_000.pdb,60.778395061728396,46.36894736842106,13,7.4519053,9.223915
results_updated/RfaH/run1/divide_and_conquer/clades/clade_016/shuffle_05/group_006_unrelaxed_rank_001_alphafold2_ptm_model_1_seed_000.pdb,70.68950617283951,55.40473684210525,13,2.3113635,9.810336
results_updated/RfaH/run1/divide_and_conquer/clades/clade_016/shuffle_05/group_005_unrelaxed_rank_001_alphafold2_ptm_model_1_seed_000.pdb,72.0398148148148,55.09184210526316,13,4.2662735,9.896841
results_updated/RfaH/run1/divide_and_conquer/clades/clade_016/shuffle_05/group_007_unrelaxed_rank_001_alphafold2_ptm_model_1_seed_000.pdb,59.686419753086426,39.85894736842106,13,6.2055554,7.6364126
results_updated/RfaH/run1/divide_and_conquer/clades/clade_016/shuffle_05/group_001_unrelaxed_rank_001_alphafold2_ptm_model_1_seed_000.pdb,59.59469135802469,41.335,13,7.776528,8.766097
results_updated/RfaH/run1/divide_and_conquer/clades/clade_016/shuffle_05/group_004_unrelaxed_rank_001_alphafold2_ptm_model_1_seed_000.pdb,68.38901234567902,46.0778947368421,13,6.7481856,12.554324
results_updated/RfaH/run1/divide_and_conquer/clades/clade_016/shuffle_06/group_003_unrelaxed_rank_001_alphafold2_ptm_model_1_seed_000.pdb,69.62888888888888,46.27605263157895,13,6.954605,2.5783842
results_updated/RfaH/run1/divide_and_conquer/clades/clade_016/shuffle_06/group_002_unrelaxed_rank_001_alphafold2_ptm_model_1_seed_000.pdb,59.38111111111111,40.92447368421053,13,11.265296,12.237481
results_updated/RfaH/run1/divide_and_conquer/clades/clade_016/shuffle_06/group_006_unrelaxed_rank_001_alphafold2_ptm_model_1_seed_000.pdb,68.44351851851852,47.934736842105266,13,3.8056288,8.864428
results_updated/RfaH/run1/divide_and_conquer/clades/clade_016/shuffle_06/group_005_unrelaxed_rank_001_alphafold2_ptm_model_1_seed_000.pdb,68.83641975308642,45.99815789473684,13,7.7501035,13.988063
results_updated/RfaH/run1/divide_and_conquer/clades/clade_016/shuffle_06/group_007_unrelaxed_rank_001_alphafold2_ptm_model_1_seed_000.pdb,69.83975308641976,52.160000000000004,13,4.550031,10.629876
results_updated/RfaH/run1/divide_and_conquer/clades/clade_016/shuffle_06/group_001_unrelaxed_rank_001_alphafold2_ptm_model_1_seed_000.pdb,62.82283950617283,45.9678947368421,13,5.2243133,11.371331
results_updated/RfaH/run1/divide_and_conquer/clades/clade_016/shuffle_06/group_004_unrelaxed_rank_001_alphafold2_ptm_model_1_seed_000.pdb,69.16185185185186,52.48736842105263,13,3.060069,9.770976
results_updated/RfaH/run1/divide_and_conquer/clades/clade_016/shuffle_07/group_003_unrelaxed_rank_001_alphafold2_ptm_model_1_seed_000.pdb,69.36685185185185,51.00184210526316,13,3.3959377,9.517326
results_updated/RfaH/run1/divide_and_conquer/clades/clade_016/shuffle_07/group_002_unrelaxed_rank_001_alphafold2_ptm_model_1_seed_000.pdb,61.806913580246906,44.23710526315789,13,7.5048957,9.682452
results_updated/RfaH/run1/divide_and_conquer/clades/clade_016/shuffle_07/group_006_unrelaxed_rank_001_alphafold2_ptm_model_1_seed_000.pdb,83.43888888888888,83.63842105263159,13,11.965978,1.4265543
results_updated/RfaH/run1/divide_and_conquer/clades/clade_016/shuffle_07/group_005_unrelaxed_rank_001_alphafold2_ptm_model_1_seed_000.pdb,68.63487654320988,48.74078947368421,13,3.6370595,9.830165
results_updated/RfaH/run1/divide_and_conquer/clades/clade_016/shuffle_07/group_007_unrelaxed_rank_001_alphafold2_ptm_model_1_seed_000.pdb,57.81407407407408,40.236842105263165,13,11.421678,12.117018
results_updated/RfaH/run1/divide_and_conquer/clades/clade_016/shuffle_07/group_001_unrelaxed_rank_001_alphafold2_ptm_model_1_seed_000.pdb,67.61493827160493,49.90657894736842,13,3.2870994,9.255305
results_updated/RfaH/run1/divide_and_conquer/clades/clade_016/shuffle_07/group_004_unrelaxed_rank_001_alphafold2_ptm_model_1_seed_000.pdb,69.24265432098765,49.303421052631585,13,2.8296251,9.330392
results_updated/RfaH/run1/divide_and_conquer/clades/clade_016/shuffle_08/group_003_unrelaxed_rank_001_alphafold2_ptm_model_1_seed_000.pdb,69.57808641975308,52.629210526315795,13,3.6867435,9.762613
results_updated/RfaH/run1/divide_and_conquer/clades/clade_016/shuffle_08/group_002_unrelaxed_rank_001_alphafold2_ptm_model_1_seed_000.pdb,62.077283950617286,48.661578947368426,13,8.73215,7.6190243
results_updated/RfaH/run1/divide_and_conquer/clades/clade_016/shuffle_08/group_006_unrelaxed_rank_001_alphafold2_ptm_model_1_seed_000.pdb,77.46888888888888,60.20157894736843,13,14.04495,2.5210845
results_updated/RfaH/run1/divide_and_conquer/clades/clade_016/shuffle_08/group_005_unrelaxed_rank_001_alphafold2_ptm_model_1_seed_000.pdb,69.54586419753086,54.37157894736842,13,2.8924034,9.814439
results_updated/RfaH/run1/divide_and_conquer/clades/clade_016/shuffle_08/group_007_unrelaxed_rank_001_alphafold2_ptm_model_1_seed_000.pdb,61.54228395061729,40.39657894736842,13,4.223772,9.282862
results_updated/RfaH/run1/divide_and_conquer/clades/clade_016/shuffle_08/group_001_unrelaxed_rank_001_alphafold2_ptm_model_1_seed_000.pdb,59.32191358024692,39.964473684210525,13,8.007056,8.76862
results_updated/RfaH/run1/divide_and_conquer/clades/clade_016/shuffle_08/group_004_unrelaxed_rank_001_alphafold2_ptm_model_1_seed_000.pdb,72.90691358024692,51.677368421052634,13,8.082598,2.4531202
results_updated/RfaH/run1/divide_and_conquer/clades/clade_016/shuffle_09/group_003_unrelaxed_rank_001_alphafold2_ptm_model_1_seed_000.pdb,69.43771604938271,56.35078947368421,13,3.4586365,9.412927
results_updated/RfaH/run1/divide_and_conquer/clades/clade_016/shuffle_09/group_002_unrelaxed_rank_001_alphafold2_ptm_model_1_seed_000.pdb,60.600617283950626,45.03947368421053,13,7.9988313,10.983526
results_updated/RfaH/run1/divide_and_conquer/clades/clade_016/shuffle_09/group_006_unrelaxed_rank_001_alphafold2_ptm_model_1_seed_000.pdb,68.14827160493827,46.359736842105264,13,3.1238875,9.044167
results_updated/RfaH/run1/divide_and_conquer/clades/clade_016/shuffle_09/group_005_unrelaxed_rank_001_alphafold2_ptm_model_1_seed_000.pdb,58.45993827160494,38.80605263157895,13,11.083669,8.758425
results_updated/RfaH/run1/divide_and_conquer/clades/clade_016/shuffle_09/group_007_unrelaxed_rank_001_alphafold2_ptm_model_1_seed_000.pdb,63.86296296296296,41.313947368421054,13,3.6451473,9.645581
results_updated/RfaH/run1/divide_and_conquer/clades/clade_016/shuffle_09/group_001_unrelaxed_rank_001_alphafold2_ptm_model_1_seed_000.pdb,67.579012345679,44.5,13,3.1891859,8.886408
results_updated/RfaH/run1/divide_and_conquer/clades/clade_016/shuffle_09/group_004_unrelaxed_rank_001_alphafold2_ptm_model_1_seed_000.pdb,66.89,41.14868421052631,13,4.450228,9.844371
results_updated/RfaH/run1/divide_and_conquer/clades/clade_016/shuffle_10/group_003_unrelaxed_rank_001_alphafold2_ptm_model_1_seed_000.pdb,68.81845679012346,50.918684210526315,13,3.355807,9.409443
results_updated/RfaH/run1/divide_and_conquer/clades/clade_016/shuffle_10/group_002_unrelaxed_rank_001_alphafold2_ptm_model_1_seed_000.pdb,66.0808024691358,47.480526315789476,13,4.1082706,10.074131
results_updated/RfaH/run1/divide_and_conquer/clades/clade_016/shuffle_10/group_006_unrelaxed_rank_001_alphafold2_ptm_model_1_seed_000.pdb,69.27234567901235,53.13157894736842,13,3.0260668,10.061546
results_updated/RfaH/run1/divide_and_conquer/clades/clade_016/shuffle_10/group_005_unrelaxed_rank_001_alphafold2_ptm_model_1_seed_000.pdb,70.7612962962963,50.85631578947369,13,4.0160737,9.929147
results_updated/RfaH/run1/divide_and_conquer/clades/clade_016/shuffle_10/group_007_unrelaxed_rank_001_alphafold2_ptm_model_1_seed_000.pdb,69.28981481481482,48.64657894736842,13,5.8318605,12.034599
results_updated/RfaH/run1/divide_and_conquer/clades/clade_016/shuffle_10/group_001_unrelaxed_rank_001_alphafold2_ptm_model_1_seed_000.pdb,70.24512345679013,52.97263157894737,13,3.7203486,10.058699
results_updated/RfaH/run1/divide_and_conquer/clades/clade_016/shuffle_10/group_004_unrelaxed_rank_001_alphafold2_ptm_model_1_seed_000.pdb,64.72987654320988,46.26894736842107,13,3.4283853,9.233654
results_updated/RfaH/run1/divide_and_conquer/clades/clade_017/shuffle_01/group_003_unrelaxed_rank_001_alphafold2_ptm_model_1_seed_000.pdb,85.27333333333333,84.40368421052632,13,13.806512,1.576604
results_updated/RfaH/run1/divide_and_conquer/clades/clade_017/shuffle_01/group_002_unrelaxed_rank_001_alphafold2_ptm_model_1_seed_000.pdb,71.24734567901234,55.91684210526315,13,5.8459253,11.766557
results_updated/RfaH/run1/divide_and_conquer/clades/clade_017/shuffle_01/group_006_unrelaxed_rank_001_alphafold2_ptm_model_1_seed_000.pdb,83.2816049382716,83.27368421052631,13,17.299288,1.3995863
results_updated/RfaH/run1/divide_and_conquer/clades/clade_017/shuffle_01/group_005_unrelaxed_rank_001_alphafold2_ptm_model_1_seed_000.pdb,66.75500000000001,39.23736842105263,13,8.457189,8.310942
results_updated/RfaH/run1/divide_and_conquer/clades/clade_017/shuffle_01/group_007_unrelaxed_rank_001_alphafold2_ptm_model_1_seed_000.pdb,78.65222222222222,81.73263157894738,13,13.944593,1.9116735
results_updated/RfaH/run1/divide_and_conquer/clades/clade_017/shuffle_01/group_001_unrelaxed_rank_001_alphafold2_ptm_model_1_seed_000.pdb,65.85111111111112,39.90052631578948,13,6.6640587,10.150513
results_updated/RfaH/run1/divide_and_conquer/clades/clade_017/shuffle_01/group_004_unrelaxed_rank_001_alphafold2_ptm_model_1_seed_000.pdb,79.36833333333334,78.39210526315789,13,10.843785,1.392417
results_updated/RfaH/run1/divide_and_conquer/clades/clade_017/shuffle_02/group_003_unrelaxed_rank_001_alphafold2_ptm_model_1_seed_000.pdb,85.95598765432098,86.62210526315789,13,17.583685,1.3988354
results_updated/RfaH/run1/divide_and_conquer/clades/clade_017/shuffle_02/group_002_unrelaxed_rank_001_alphafold2_ptm_model_1_seed_000.pdb,82.57765432098765,75.66184210526315,13,12.245983,1.6458764
results_updated/RfaH/run1/divide_and_conquer/clades/clade_017/shuffle_02/group_006_unrelaxed_rank_001_alphafold2_ptm_model_1_seed_000.pdb,77.4675925925926,70.42394736842105,13,7.8937674,1.6318873
results_updated/RfaH/run1/divide_and_conquer/clades/clade_017/shuffle_02/group_005_unrelaxed_rank_001_alphafold2_ptm_model_1_seed_000.pdb,80.469012345679,77.50578947368422,13,14.063174,1.6851689
results_updated/RfaH/run1/divide_and_conquer/clades/clade_017/shuffle_02/group_007_unrelaxed_rank_001_alphafold2_ptm_model_1_seed_000.pdb,75.79246913580246,68.27526315789474,13,13.828914,1.7312776
results_updated/RfaH/run1/divide_and_conquer/clades/clade_017/shuffle_02/group_001_unrelaxed_rank_001_alphafold2_ptm_model_1_seed_000.pdb,79.24339506172839,78.42236842105264,13,15.194456,1.6417394
results_updated/RfaH/run1/divide_and_conquer/clades/clade_017/shuffle_02/group_004_unrelaxed_rank_001_alphafold2_ptm_model_1_seed_000.pdb,84.59888888888888,82.9342105263158,13,12.0304575,1.6669579
results_updated/RfaH/run1/divide_and_conquer/clades/clade_017/shuffle_03/group_003_unrelaxed_rank_001_alphafold2_ptm_model_1_seed_000.pdb,77.46623456790124,64.32921052631578,13,11.091156,1.8191494
results_updated/RfaH/run1/divide_and_conquer/clades/clade_017/shuffle_03/group_002_unrelaxed_rank_001_alphafold2_ptm_model_1_seed_000.pdb,84.25265432098766,87.94868421052632,13,14.660021,1.4407111
results_updated/RfaH/run1/divide_and_conquer/clades/clade_017/shuffle_03/group_006_unrelaxed_rank_001_alphafold2_ptm_model_1_seed_000.pdb,67.12141975308643,43.16763157894736,13,7.322685,9.779541
results_updated/RfaH/run1/divide_and_conquer/clades/clade_017/shuffle_03/group_005_unrelaxed_rank_001_alphafold2_ptm_model_1_seed_000.pdb,63.91518518518519,40.6621052631579,13,4.94795,10.424606
results_updated/RfaH/run1/divide_and_conquer/clades/clade_017/shuffle_03/group_007_unrelaxed_rank_001_alphafold2_ptm_model_1_seed_000.pdb,83.22549382716049,83.32605263157895,13,15.460603,1.5973806
results_updated/RfaH/run1/divide_and_conquer/clades/clade_017/shuffle_03/group_001_unrelaxed_rank_001_alphafold2_ptm_model_1_seed_000.pdb,69.44561728395061,50.348684210526315,13,5.3620405,11.827115
results_updated/RfaH/run1/divide_and_conquer/clades/clade_017/shuffle_03/group_004_unrelaxed_rank_001_alphafold2_ptm_model_1_seed_000.pdb,81.2601851851852,77.66736842105263,13,8.622764,1.4076447
results_updated/RfaH/run1/divide_and_conquer/clades/clade_017/shuffle_04/group_003_unrelaxed_rank_001_alphafold2_ptm_model_1_seed_000.pdb,81.58148148148149,72.37157894736842,13,16.88589,1.8426036
results_updated/RfaH/run1/divide_and_conquer/clades/clade_017/shuffle_04/group_002_unrelaxed_rank_001_alphafold2_ptm_model_1_seed_000.pdb,83.83907407407408,78.90078947368423,13,14.470782,1.950494
results_updated/RfaH/run1/divide_and_conquer/clades/clade_017/shuffle_04/group_006_unrelaxed_rank_001_alphafold2_ptm_model_1_seed_000.pdb,67.21981481481482,40.599210526315794,13,6.844645,10.519464
results_updated/RfaH/run1/divide_and_conquer/clades/clade_017/shuffle_04/group_005_unrelaxed_rank_001_alphafold2_ptm_model_1_seed_000.pdb,85.77506172839506,88.82263157894738,13,17.487535,1.4392878
results_updated/RfaH/run1/divide_and_conquer/clades/clade_017/shuffle_04/group_007_unrelaxed_rank_001_alphafold2_ptm_model_1_seed_000.pdb,70.0041975308642,60.024473684210534,13,9.606126,2.0472567
results_updated/RfaH/run1/divide_and_conquer/clades/clade_017/shuffle_04/group_001_unrelaxed_rank_001_alphafold2_ptm_model_1_seed_000.pdb,80.27388888888889,72.04789473684211,13,8.735154,1.872751
results_updated/RfaH/run1/divide_and_conquer/clades/clade_017/shuffle_04/group_004_unrelaxed_rank_001_alphafold2_ptm_model_1_seed_000.pdb,86.09882716049384,85.46552631578948,13,13.95759,1.4366941
results_updated/RfaH/run1/divide_and_conquer/clades/clade_017/shuffle_05/group_003_unrelaxed_rank_001_alphafold2_ptm_model_1_seed_000.pdb,64.20561728395063,38.099736842105266,13,6.0726757,9.562344
results_updated/RfaH/run1/divide_and_conquer/clades/clade_017/shuffle_05/group_002_unrelaxed_rank_001_alphafold2_ptm_model_1_seed_000.pdb,85.11117283950617,85.38131578947367,13,12.999788,1.4732237
results_updated/RfaH/run1/divide_and_conquer/clades/clade_017/shuffle_05/group_006_unrelaxed_rank_001_alphafold2_ptm_model_1_seed_000.pdb,77.68512345679014,71.14657894736841,13,6.028623,12.297993
results_updated/RfaH/run1/divide_and_conquer/clades/clade_017/shuffle_05/group_005_unrelaxed_rank_001_alphafold2_ptm_model_1_seed_000.pdb,85.77944444444444,87.10342105263157,13,18.601656,1.3974547
results_updated/RfaH/run1/divide_and_conquer/clades/clade_017/shuffle_05/group_007_unrelaxed_rank_001_alphafold2_ptm_model_1_seed_000.pdb,77.1558024691358,81.21947368421053,13,12.051043,1.9845879
results_updated/RfaH/run1/divide_and_conquer/clades/clade_017/shuffle_05/group_001_unrelaxed_rank_001_alphafold2_ptm_model_1_seed_000.pdb,81.87635802469136,76.05526315789473,13,17.05434,1.569583
results_updated/RfaH/run1/divide_and_conquer/clades/clade_017/shuffle_05/group_004_unrelaxed_rank_001_alphafold2_ptm_model_1_seed_000.pdb,68.29388888888889,40.18500000000001,13,6.1423807,5.984353
results_updated/RfaH/run1/divide_and_conquer/clades/clade_017/shuffle_06/group_003_unrelaxed_rank_001_alphafold2_ptm_model_1_seed_000.pdb,82.7474074074074,78.28263157894736,13,8.335701,1.5268674
results_updated/RfaH/run1/divide_and_conquer/clades/clade_017/shuffle_06/group_002_unrelaxed_rank_001_alphafold2_ptm_model_1_seed_000.pdb,83.83037037037037,81.8657894736842,13,17.120468,1.6802161
results_updated/RfaH/run1/divide_and_conquer/clades/clade_017/shuffle_06/group_006_unrelaxed_rank_001_alphafold2_ptm_model_1_seed_000.pdb,66.29487654320988,40.50631578947368,13,7.873434,9.145563
results_updated/RfaH/run1/divide_and_conquer/clades/clade_017/shuffle_06/group_005_unrelaxed_rank_001_alphafold2_ptm_model_1_seed_000.pdb,85.15722222222223,84.36368421052632,13,14.284646,1.6664866
results_updated/RfaH/run1/divide_and_conquer/clades/clade_017/shuffle_06/group_007_unrelaxed_rank_001_alphafold2_ptm_model_1_seed_000.pdb,79.79574074074074,69.88394736842106,13,9.175506,1.7647986
results_updated/RfaH/run1/divide_and_conquer/clades/clade_017/shuffle_06/group_001_unrelaxed_rank_001_alphafold2_ptm_model_1_seed_000.pdb,70.55876543209877,81.01315789473684,13,17.581347,1.6898471
results_updated/RfaH/run1/divide_and_conquer/clades/clade_017/shuffle_06/group_004_unrelaxed_rank_001_alphafold2_ptm_model_1_seed_000.pdb,65.78320987654321,82.70684210526315,13,14.389074,1.4952333
results_updated/RfaH/run1/divide_and_conquer/clades/clade_017/shuffle_07/group_003_unrelaxed_rank_001_alphafold2_ptm_model_1_seed_000.pdb,65.5404938271605,39.69210526315789,13,8.647751,9.719003
results_updated/RfaH/run1/divide_and_conquer/clades/clade_017/shuffle_07/group_002_unrelaxed_rank_001_alphafold2_ptm_model_1_seed_000.pdb,81.97697530864197,76.44000000000001,13,12.390463,1.8048916
results_updated/RfaH/run1/divide_and_conquer/clades/clade_017/shuffle_07/group_006_unrelaxed_rank_001_alphafold2_ptm_model_1_seed_000.pdb,80.32716049382717,76.96236842105263,13,10.777881,1.527516
results_updated/RfaH/run1/divide_and_conquer/clades/clade_017/shuffle_07/group_005_unrelaxed_rank_001_alphafold2_ptm_model_1_seed_000.pdb,85.50679012345681,83.46973684210528,13,15.955777,1.333094
results_updated/RfaH/run1/divide_and_conquer/clades/clade_017/shuffle_07/group_007_unrelaxed_rank_001_alphafold2_ptm_model_1_seed_000.pdb,68.3817901234568,50.96447368421053,13,3.424232,9.338171
results_updated/RfaH/run1/divide_and_conquer/clades/clade_017/shuffle_07/group_001_unrelaxed_rank_001_alphafold2_ptm_model_1_seed_000.pdb,78.70172839506174,66.16526315789473,13,10.771651,1.7940938
results_updated/RfaH/run1/divide_and_conquer/clades/clade_017/shuffle_07/group_004_unrelaxed_rank_001_alphafold2_ptm_model_1_seed_000.pdb,65.1211111111111,45.22815789473684,13,4.191028,9.998161
results_updated/RfaH/run1/divide_and_conquer/clades/clade_017/shuffle_08/group_003_unrelaxed_rank_001_alphafold2_ptm_model_1_seed_000.pdb,56.13518518518517,80.95210526315789,13,15.99951,1.6064546
results_updated/RfaH/run1/divide_and_conquer/clades/clade_017/shuffle_08/group_002_unrelaxed_rank_001_alphafold2_ptm_model_1_seed_000.pdb,70.10049382716049,51.15315789473684,13,5.575155,11.614334
results_updated/RfaH/run1/divide_and_conquer/clades/clade_017/shuffle_08/group_006_unrelaxed_rank_001_alphafold2_ptm_model_1_seed_000.pdb,80.3566049382716,80.83868421052631,13,13.369528,1.6876322
results_updated/RfaH/run1/divide_and_conquer/clades/clade_017/shuffle_08/group_005_unrelaxed_rank_001_alphafold2_ptm_model_1_seed_000.pdb,87.30006172839506,88.2136842105263,13,14.242534,1.4139668
results_updated/RfaH/run1/divide_and_conquer/clades/clade_017/shuffle_08/group_007_unrelaxed_rank_001_alphafold2_ptm_model_1_seed_000.pdb,85.01419753086421,86.09736842105264,13,15.395262,1.4392215
results_updated/RfaH/run1/divide_and_conquer/clades/clade_017/shuffle_08/group_001_unrelaxed_rank_001_alphafold2_ptm_model_1_seed_000.pdb,79.67888888888889,72.85578947368421,13,15.772111,2.2007203
results_updated/RfaH/run1/divide_and_conquer/clades/clade_017/shuffle_08/group_004_unrelaxed_rank_001_alphafold2_ptm_model_1_seed_000.pdb,66.19975308641976,41.502105263157894,13,4.117573,8.953836
results_updated/RfaH/run1/divide_and_conquer/clades/clade_017/shuffle_09/group_003_unrelaxed_rank_001_alphafold2_ptm_model_1_seed_000.pdb,68.64907407407408,44.748157894736835,13,9.26893,2.542376
results_updated/RfaH/run1/divide_and_conquer/clades/clade_017/shuffle_09/group_002_unrelaxed_rank_001_alphafold2_ptm_model_1_seed_000.pdb,82.07654320987655,76.76578947368421,13,14.827344,1.9148419
results_updated/RfaH/run1/divide_and_conquer/clades/clade_017/shuffle_09/group_006_unrelaxed_rank_001_alphafold2_ptm_model_1_seed_000.pdb,65.83320987654321,50.81368421052632,13,10.792941,1.9920936
results_updated/RfaH/run1/divide_and_conquer/clades/clade_017/shuffle_09/group_005_unrelaxed_rank_001_alphafold2_ptm_model_1_seed_000.pdb,84.23512345679012,81.65394736842106,13,13.336449,1.5328537
results_updated/RfaH/run1/divide_and_conquer/clades/clade_017/shuffle_09/group_007_unrelaxed_rank_001_alphafold2_ptm_model_1_seed_000.pdb,82.31919753086419,77.0421052631579,13,12.441454,1.5522751
results_updated/RfaH/run1/divide_and_conquer/clades/clade_017/shuffle_09/group_001_unrelaxed_rank_001_alphafold2_ptm_model_1_seed_000.pdb,77.4235802469136,73.04368421052631,13,11.905689,1.7543875
results_updated/RfaH/run1/divide_and_conquer/clades/clade_017/shuffle_09/group_004_unrelaxed_rank_001_alphafold2_ptm_model_1_seed_000.pdb,84.05197530864197,83.04736842105264,13,16.090448,1.6196386
results_updated/RfaH/run1/divide_and_conquer/clades/clade_017/shuffle_10/group_003_unrelaxed_rank_001_alphafold2_ptm_model_1_seed_000.pdb,76.95117283950617,65.38578947368421,13,7.6655455,1.6281608
results_updated/RfaH/run1/divide_and_conquer/clades/clade_017/shuffle_10/group_002_unrelaxed_rank_001_alphafold2_ptm_model_1_seed_000.pdb,63.752407407407404,39.538947368421056,13,6.4084315,6.8977914
results_updated/RfaH/run1/divide_and_conquer/clades/clade_017/shuffle_10/group_006_unrelaxed_rank_001_alphafold2_ptm_model_1_seed_000.pdb,82.93802469135804,78.82,13,8.776813,1.6334336
results_updated/RfaH/run1/divide_and_conquer/clades/clade_017/shuffle_10/group_005_unrelaxed_rank_001_alphafold2_ptm_model_1_seed_000.pdb,68.57240740740741,43.70473684210527,13,8.523328,9.637806
results_updated/RfaH/run1/divide_and_conquer/clades/clade_017/shuffle_10/group_007_unrelaxed_rank_001_alphafold2_ptm_model_1_seed_000.pdb,75.99487654320987,81.205,13,15.9948,1.9692125
results_updated/RfaH/run1/divide_and_conquer/clades/clade_017/shuffle_10/group_001_unrelaxed_rank_001_alphafold2_ptm_model_1_seed_000.pdb,79.66228395061728,82.17447368421051,13,14.751439,1.4230933
results_updated/RfaH/run1/divide_and_conquer/clades/clade_017/shuffle_10/group_004_unrelaxed_rank_001_alphafold2_ptm_model_1_seed_000.pdb,86.16555555555556,87.40657894736842,13,15.289236,1.4822887
results_updated/RfaH/run1/divide_and_conquer/clades/clade_018/shuffle_01/group_003_unrelaxed_rank_001_alphafold2_ptm_model_1_seed_000.pdb,59.042098765432094,45.590789473684204,13,5.5042067,11.252245
results_updated/RfaH/run1/divide_and_conquer/clades/clade_018/shuffle_01/group_002_unrelaxed_rank_001_alphafold2_ptm_model_1_seed_000.pdb,64.92777777777778,53.01210526315789,13,10.099741,9.338389
results_updated/RfaH/run1/divide_and_conquer/clades/clade_018/shuffle_01/group_006_unrelaxed_rank_001_alphafold2_ptm_model_1_seed_000.pdb,77.52030864197532,71.0786842105263,24,5.2211657,11.097063
results_updated/RfaH/run1/divide_and_conquer/clades/clade_018/shuffle_01/group_005_unrelaxed_rank_001_alphafold2_ptm_model_1_seed_000.pdb,75.57783950617284,64.45289473684211,13,2.9918041,8.819475
results_updated/RfaH/run1/divide_and_conquer/clades/clade_018/shuffle_01/group_001_unrelaxed_rank_001_alphafold2_ptm_model_1_seed_000.pdb,69.39012345679012,65.1657894736842,13,6.564027,8.659426
results_updated/RfaH/run1/divide_and_conquer/clades/clade_018/shuffle_01/group_004_unrelaxed_rank_001_alphafold2_ptm_model_1_seed_000.pdb,72.26851851851852,58.01157894736842,13,5.462206,11.574511
results_updated/RfaH/run1/divide_and_conquer/clades/clade_018/shuffle_02/group_003_unrelaxed_rank_001_alphafold2_ptm_model_1_seed_000.pdb,79.03623456790123,74.9292105263158,13,4.9278235,10.907237
results_updated/RfaH/run1/divide_and_conquer/clades/clade_018/shuffle_02/group_002_unrelaxed_rank_001_alphafold2_ptm_model_1_seed_000.pdb,67.17061728395062,44.2321052631579,13,8.228232,14.159899
results_updated/RfaH/run1/divide_and_conquer/clades/clade_018/shuffle_02/group_006_unrelaxed_rank_001_alphafold2_ptm_model_1_seed_000.pdb,76.01907407407407,61.13631578947368,24,6.2165875,8.640584
results_updated/RfaH/run1/divide_and_conquer/clades/clade_018/shuffle_02/group_005_unrelaxed_rank_001_alphafold2_ptm_model_1_seed_000.pdb,68.74777777777777,47.18394736842105,13,6.598762,7.752245
results_updated/RfaH/run1/divide_and_conquer/clades/clade_018/shuffle_02/group_001_unrelaxed_rank_001_alphafold2_ptm_model_1_seed_000.pdb,74.09296296296297,63.346842105263164,13,5.406572,11.218193
results_updated/RfaH/run1/divide_and_conquer/clades/clade_018/shuffle_02/group_004_unrelaxed_rank_001_alphafold2_ptm_model_1_seed_000.pdb,65.67074074074074,45.33421052631579,13,3.8496747,9.4979725
results_updated/RfaH/run1/divide_and_conquer/clades/clade_018/shuffle_03/group_003_unrelaxed_rank_001_alphafold2_ptm_model_1_seed_000.pdb,68.46543209876543,48.431578947368415,13,5.427571,11.245746
results_updated/RfaH/run1/divide_and_conquer/clades/clade_018/shuffle_03/group_002_unrelaxed_rank_001_alphafold2_ptm_model_1_seed_000.pdb,70.27932098765432,54.340263157894746,13,5.0592093,11.227813
results_updated/RfaH/run1/divide_and_conquer/clades/clade_018/shuffle_03/group_006_unrelaxed_rank_001_alphafold2_ptm_model_1_seed_000.pdb,80.5038888888889,70.0128947368421,24,6.3139887,8.651382
results_updated/RfaH/run1/divide_and_conquer/clades/clade_018/shuffle_03/group_005_unrelaxed_rank_001_alphafold2_ptm_model_1_seed_000.pdb,66.16462962962964,48.04552631578947,13,3.097573,9.449958
results_updated/RfaH/run1/divide_and_conquer/clades/clade_018/shuffle_03/group_001_unrelaxed_rank_001_alphafold2_ptm_model_1_seed_000.pdb,78.72981481481482,71.66894736842104,13,5.5244846,11.453752
results_updated/RfaH/run1/divide_and_conquer/clades/clade_018/shuffle_03/group_004_unrelaxed_rank_001_alphafold2_ptm_model_1_seed_000.pdb,69.3832098765432,48.997894736842106,13,6.394074,11.295419
results_updated/RfaH/run1/divide_and_conquer/clades/clade_018/shuffle_04/group_003_unrelaxed_rank_001_alphafold2_ptm_model_1_seed_000.pdb,67.50611111111112,45.17605263157895,13,6.5769186,2.6772068
results_updated/RfaH/run1/divide_and_conquer/clades/clade_018/shuffle_04/group_002_unrelaxed_rank_001_alphafold2_ptm_model_1_seed_000.pdb,64.79876543209876,44.45421052631579,13,4.292036,10.511089
results_updated/RfaH/run1/divide_and_conquer/clades/clade_018/shuffle_04/group_006_unrelaxed_rank_001_alphafold2_ptm_model_1_seed_000.pdb,79.22895061728396,74.1363157894737,24,5.5497165,11.442993
results_updated/RfaH/run1/divide_and_conquer/clades/clade_018/shuffle_04/group_005_unrelaxed_rank_001_alphafold2_ptm_model_1_seed_000.pdb,71.73913580246912,56.232105263157884,13,2.9043267,9.187031
results_updated/RfaH/run1/divide_and_conquer/clades/clade_018/shuffle_04/group_001_unrelaxed_rank_001_alphafold2_ptm_model_1_seed_000.pdb,70.88802469135803,48.525263157894734,13,8.556521,10.926751
results_updated/RfaH/run1/divide_and_conquer/clades/clade_018/shuffle_04/group_004_unrelaxed_rank_001_alphafold2_ptm_model_1_seed_000.pdb,71.18691358024692,54.70710526315789,13,7.5977325,9.428435
results_updated/RfaH/run1/divide_and_conquer/clades/clade_018/shuffle_05/group_003_unrelaxed_rank_001_alphafold2_ptm_model_1_seed_000.pdb,50.20827160493827,37.77,13,10.414212,8.007925
results_updated/RfaH/run1/divide_and_conquer/clades/clade_018/shuffle_05/group_002_unrelaxed_rank_001_alphafold2_ptm_model_1_seed_000.pdb,66.23166666666665,40.97973684210526,13,6.6030655,7.774076
results_updated/RfaH/run1/divide_and_conquer/clades/clade_018/shuffle_05/group_006_unrelaxed_rank_001_alphafold2_ptm_model_1_seed_000.pdb,80.35814814814815,74.73973684210527,24,5.2241488,11.246131
results_updated/RfaH/run1/divide_and_conquer/clades/clade_018/shuffle_05/group_005_unrelaxed_rank_001_alphafold2_ptm_model_1_seed_000.pdb,76.35339506172839,68.34684210526315,13,5.241194,11.22994
results_updated/RfaH/run1/divide_and_conquer/clades/clade_018/shuffle_05/group_001_unrelaxed_rank_001_alphafold2_ptm_model_1_seed_000.pdb,65.0087037037037,49.56552631578947,13,4.8812623,7.664238
results_updated/RfaH/run1/divide_and_conquer/clades/clade_018/shuffle_05/group_004_unrelaxed_rank_001_alphafold2_ptm_model_1_seed_000.pdb,67.86962962962964,49.34368421052632,13,5.9058895,11.259143
results_updated/RfaH/run1/divide_and_conquer/clades/clade_018/shuffle_06/group_003_unrelaxed_rank_001_alphafold2_ptm_model_1_seed_000.pdb,70.2735185185185,53.8871052631579,13,2.9303916,9.247612
results_updated/RfaH/run1/divide_and_conquer/clades/clade_018/shuffle_06/group_002_unrelaxed_rank_001_alphafold2_ptm_model_1_seed_000.pdb,75.67364197530866,67.9142105263158,13,5.214601,10.783626
results_updated/RfaH/run1/divide_and_conquer/clades/clade_018/shuffle_06/group_006_unrelaxed_rank_001_alphafold2_ptm_model_1_seed_000.pdb,74.24271604938271,62.329736842105284,24,5.287198,11.32939
results_updated/RfaH/run1/divide_and_conquer/clades/clade_018/shuffle_06/group_005_unrelaxed_rank_001_alphafold2_ptm_model_1_seed_000.pdb,64.62524691358026,40.182105263157894,13,4.838586,10.16734
results_updated/RfaH/run1/divide_and_conquer/clades/clade_018/shuffle_06/group_001_unrelaxed_rank_001_alphafold2_ptm_model_1_seed_000.pdb,66.95351851851852,45.42473684210526,13,9.6407995,10.272278
results_updated/RfaH/run1/divide_and_conquer/clades/clade_018/shuffle_06/group_004_unrelaxed_rank_001_alphafold2_ptm_model_1_seed_000.pdb,70.90234567901234,58.948157894736845,13,4.1799054,10.156873
results_updated/RfaH/run1/divide_and_conquer/clades/clade_018/shuffle_07/group_003_unrelaxed_rank_001_alphafold2_ptm_model_1_seed_000.pdb,78.54191358024691,71.24368421052633,13,5.553207,9.281044
results_updated/RfaH/run1/divide_and_conquer/clades/clade_018/shuffle_07/group_002_unrelaxed_rank_001_alphafold2_ptm_model_1_seed_000.pdb,72.26703703703704,55.74342105263159,13,6.8485394,10.7512245
results_updated/RfaH/run1/divide_and_conquer/clades/clade_018/shuffle_07/group_006_unrelaxed_rank_001_alphafold2_ptm_model_1_seed_000.pdb,78.36345679012346,70.87236842105263,24,5.2031503,11.334415
results_updated/RfaH/run1/divide_and_conquer/clades/clade_018/shuffle_07/group_005_unrelaxed_rank_001_alphafold2_ptm_model_1_seed_000.pdb,70.14135802469137,49.25815789473683,13,6.6654615,2.4824157
results_updated/RfaH/run1/divide_and_conquer/clades/clade_018/shuffle_07/group_001_unrelaxed_rank_001_alphafold2_ptm_model_1_seed_000.pdb,64.93253086419755,42.0721052631579,13,6.3000717,6.1852365
results_updated/RfaH/run1/divide_and_conquer/clades/clade_018/shuffle_07/group_004_unrelaxed_rank_001_alphafold2_ptm_model_1_seed_000.pdb,68.53753086419754,52.248684210526314,13,2.382586,9.411123
results_updated/RfaH/run1/divide_and_conquer/clades/clade_018/shuffle_08/group_003_unrelaxed_rank_001_alphafold2_ptm_model_1_seed_000.pdb,63.78358024691358,45.22105263157895,13,10.748915,9.431248
results_updated/RfaH/run1/divide_and_conquer/clades/clade_018/shuffle_08/group_002_unrelaxed_rank_001_alphafold2_ptm_model_1_seed_000.pdb,75.45481481481481,66.38868421052632,13,5.2433586,11.376499
results_updated/RfaH/run1/divide_and_conquer/clades/clade_018/shuffle_08/group_006_unrelaxed_rank_001_alphafold2_ptm_model_1_seed_000.pdb,72.56703703703704,53.30789473684211,24,5.389045,11.5541115
results_updated/RfaH/run1/divide_and_conquer/clades/clade_018/shuffle_08/group_005_unrelaxed_rank_001_alphafold2_ptm_model_1_seed_000.pdb,71.5241975308642,50.6142105263158,13,5.6849437,10.66068
results_updated/RfaH/run1/divide_and_conquer/clades/clade_018/shuffle_08/group_001_unrelaxed_rank_001_alphafold2_ptm_model_1_seed_000.pdb,75.35061728395061,65.74552631578948,13,5.122223,10.743106
results_updated/RfaH/run1/divide_and_conquer/clades/clade_018/shuffle_08/group_004_unrelaxed_rank_001_alphafold2_ptm_model_1_seed_000.pdb,73.90314814814815,60.625789473684215,13,4.9506927,10.982593
results_updated/RfaH/run1/divide_and_conquer/clades/clade_018/shuffle_09/group_003_unrelaxed_rank_001_alphafold2_ptm_model_1_seed_000.pdb,75.64333333333335,67.90552631578947,13,5.2633896,10.968521
results_updated/RfaH/run1/divide_and_conquer/clades/clade_018/shuffle_09/group_002_unrelaxed_rank_001_alphafold2_ptm_model_1_seed_000.pdb,61.30098765432099,39.30578947368421,13,10.953232,8.823754
results_updated/RfaH/run1/divide_and_conquer/clades/clade_018/shuffle_09/group_006_unrelaxed_rank_001_alphafold2_ptm_model_1_seed_000.pdb,75.79333333333334,65.46631578947367,24,5.515309,11.587657
results_updated/RfaH/run1/divide_and_conquer/clades/clade_018/shuffle_09/group_005_unrelaxed_rank_001_alphafold2_ptm_model_1_seed_000.pdb,80.59444444444443,77.00921052631578,13,5.4486194,11.414444
results_updated/RfaH/run1/divide_and_conquer/clades/clade_018/shuffle_09/group_001_unrelaxed_rank_001_alphafold2_ptm_model_1_seed_000.pdb,71.96172839506173,55.50026315789473,13,3.0235338,9.23182
results_updated/RfaH/run1/divide_and_conquer/clades/clade_018/shuffle_09/group_004_unrelaxed_rank_001_alphafold2_ptm_model_1_seed_000.pdb,73.49098765432099,50.597368421052636,13,7.762193,3.8388696
results_updated/RfaH/run1/divide_and_conquer/clades/clade_018/shuffle_10/group_003_unrelaxed_rank_001_alphafold2_ptm_model_1_seed_000.pdb,62.871358024691354,39.833684210526314,13,7.5493464,9.088767
results_updated/RfaH/run1/divide_and_conquer/clades/clade_018/shuffle_10/group_002_unrelaxed_rank_001_alphafold2_ptm_model_1_seed_000.pdb,58.79753086419753,42.39368421052632,13,10.48472,4.4689636
results_updated/RfaH/run1/divide_and_conquer/clades/clade_018/shuffle_10/group_006_unrelaxed_rank_001_alphafold2_ptm_model_1_seed_000.pdb,71.88888888888889,53.51921052631579,24,5.2687716,11.572586
results_updated/RfaH/run1/divide_and_conquer/clades/clade_018/shuffle_10/group_005_unrelaxed_rank_001_alphafold2_ptm_model_1_seed_000.pdb,75.30179012345678,65.50236842105265,13,5.5220256,11.624114
results_updated/RfaH/run1/divide_and_conquer/clades/clade_018/shuffle_10/group_001_unrelaxed_rank_001_alphafold2_ptm_model_1_seed_000.pdb,78.10907407407409,70.3807894736842,13,5.433832,11.456507
results_updated/RfaH/run1/divide_and_conquer/clades/clade_018/shuffle_10/group_004_unrelaxed_rank_001_alphafold2_ptm_model_1_seed_000.pdb,76.77617283950619,69.2163157894737,13,5.584223,11.413847
results_updated/RfaH/run1/divide_and_conquer/clades/clade_019/shuffle_01/group_003_unrelaxed_rank_001_alphafold2_ptm_model_1_seed_000.pdb,73.74111111111112,65.6607894736842,13,2.0773506,9.7706175
results_updated/RfaH/run1/divide_and_conquer/clades/clade_019/shuffle_01/group_002_unrelaxed_rank_001_alphafold2_ptm_model_1_seed_000.pdb,75.44697530864198,55.86710526315789,13,9.741196,2.470433
results_updated/RfaH/run1/divide_and_conquer/clades/clade_019/shuffle_01/group_006_unrelaxed_rank_001_alphafold2_ptm_model_1_seed_000.pdb,73.09858024691358,48.14921052631579,22,6.886173,2.7445276
results_updated/RfaH/run1/divide_and_conquer/clades/clade_019/shuffle_01/group_005_unrelaxed_rank_001_alphafold2_ptm_model_1_seed_000.pdb,56.892839506172834,42.16131578947369,13,8.250536,7.610324
results_updated/RfaH/run1/divide_and_conquer/clades/clade_019/shuffle_01/group_001_unrelaxed_rank_001_alphafold2_ptm_model_1_seed_000.pdb,68.24265432098765,45.95657894736843,13,6.4411407,2.7761743
results_updated/RfaH/run1/divide_and_conquer/clades/clade_019/shuffle_01/group_004_unrelaxed_rank_001_alphafold2_ptm_model_1_seed_000.pdb,68.19358024691358,50.95263157894737,13,3.6494353,9.188823
results_updated/RfaH/run1/divide_and_conquer/clades/clade_019/shuffle_02/group_003_unrelaxed_rank_001_alphafold2_ptm_model_1_seed_000.pdb,71.95469135802469,60.29526315789476,13,2.1634345,10.079407
results_updated/RfaH/run1/divide_and_conquer/clades/clade_019/shuffle_02/group_002_unrelaxed_rank_001_alphafold2_ptm_model_1_seed_000.pdb,74.20320987654321,66.5984210526316,13,2.0700715,9.563382
results_updated/RfaH/run1/divide_and_conquer/clades/clade_019/shuffle_02/group_006_unrelaxed_rank_001_alphafold2_ptm_model_1_seed_000.pdb,71.58191358024692,50.62105263157895,22,6.8401437,2.4974873
results_updated/RfaH/run1/divide_and_conquer/clades/clade_019/shuffle_02/group_005_unrelaxed_rank_001_alphafold2_ptm_model_1_seed_000.pdb,65.88962962962964,40.3778947368421,13,9.535004,10.194218
results_updated/RfaH/run1/divide_and_conquer/clades/clade_019/shuffle_02/group_001_unrelaxed_rank_001_alphafold2_ptm_model_1_seed_000.pdb,68.44561728395061,47.83684210526315,13,6.515846,7.7765493
results_updated/RfaH/run1/divide_and_conquer/clades/clade_019/shuffle_02/group_004_unrelaxed_rank_001_alphafold2_ptm_model_1_seed_000.pdb,69.36061728395063,46.98078947368422,13,6.6570697,2.7014327
results_updated/RfaH/run1/divide_and_conquer/clades/clade_019/shuffle_03/group_003_unrelaxed_rank_001_alphafold2_ptm_model_1_seed_000.pdb,66.10339506172839,47.68026315789474,13,4.3674273,9.436069
results_updated/RfaH/run1/divide_and_conquer/clades/clade_019/shuffle_03/group_002_unrelaxed_rank_001_alphafold2_ptm_model_1_seed_000.pdb,69.59932098765432,47.26368421052631,13,6.556604,2.6624384
results_updated/RfaH/run1/divide_and_conquer/clades/clade_019/shuffle_03/group_006_unrelaxed_rank_001_alphafold2_ptm_model_1_seed_000.pdb,70.87956790123455,53.52342105263158,22,5.915459,11.860537
results_updated/RfaH/run1/divide_and_conquer/clades/clade_019/shuffle_03/group_005_unrelaxed_rank_001_alphafold2_ptm_model_1_seed_000.pdb,63.611111111111114,39.59947368421052,13,9.295017,9.250313
results_updated/RfaH/run1/divide_and_conquer/clades/clade_019/shuffle_03/group_001_unrelaxed_rank_001_alphafold2_ptm_model_1_seed_000.pdb,69.00697530864198,45.46657894736842,13,4.8050275,8.458512
results_updated/RfaH/run1/divide_and_conquer/clades/clade_019/shuffle_03/group_004_unrelaxed_rank_001_alphafold2_ptm_model_1_seed_000.pdb,68.39228395061728,45.751842105263165,13,7.693059,2.719476
results_updated/RfaH/run1/divide_and_conquer/clades/clade_019/shuffle_04/group_003_unrelaxed_rank_001_alphafold2_ptm_model_1_seed_000.pdb,70.50395061728395,52.6028947368421,13,4.2003565,11.267854
results_updated/RfaH/run1/divide_and_conquer/clades/clade_019/shuffle_04/group_002_unrelaxed_rank_001_alphafold2_ptm_model_1_seed_000.pdb,69.7269135802469,48.58342105263157,13,6.9862,2.7606983
results_updated/RfaH/run1/divide_and_conquer/clades/clade_019/shuffle_04/group_006_unrelaxed_rank_001_alphafold2_ptm_model_1_seed_000.pdb,69.64333333333333,46.93447368421052,22,6.895026,2.634712
results_updated/RfaH/run1/divide_and_conquer/clades/clade_019/shuffle_04/group_005_unrelaxed_rank_001_alphafold2_ptm_model_1_seed_000.pdb,65.25043209876543,45.73289473684211,13,4.6583004,8.553282
results_updated/RfaH/run1/divide_and_conquer/clades/clade_019/shuffle_04/group_001_unrelaxed_rank_001_alphafold2_ptm_model_1_seed_000.pdb,69.83759259259259,52.93684210526315,13,5.3778195,7.791745
results_updated/RfaH/run1/divide_and_conquer/clades/clade_019/shuffle_04/group_004_unrelaxed_rank_001_alphafold2_ptm_model_1_seed_000.pdb,61.39691358024691,37.29526315789473,13,7.4741783,9.931555
results_updated/RfaH/run1/divide_and_conquer/clades/clade_019/shuffle_05/group_003_unrelaxed_rank_001_alphafold2_ptm_model_1_seed_000.pdb,66.06308641975309,47.63236842105264,13,3.3647773,9.508177
results_updated/RfaH/run1/divide_and_conquer/clades/clade_019/shuffle_05/group_002_unrelaxed_rank_001_alphafold2_ptm_model_1_seed_000.pdb,65.93160493827162,41.398421052631576,13,9.8793955,9.823435
results_updated/RfaH/run1/divide_and_conquer/clades/clade_019/shuffle_05/group_006_unrelaxed_rank_001_alphafold2_ptm_model_1_seed_000.pdb,70.30092592592591,52.38921052631579,22,5.6960907,11.705342
results_updated/RfaH/run1/divide_and_conquer/clades/clade_019/shuffle_05/group_005_unrelaxed_rank_001_alphafold2_ptm_model_1_seed_000.pdb,66.83586419753087,47.47447368421052,13,5.180203,7.7341466
results_updated/RfaH/run1/divide_and_conquer/clades/clade_019/shuffle_05/group_001_unrelaxed_rank_001_alphafold2_ptm_model_1_seed_000.pdb,65.53950617283951,38.56605263157895,13,6.1529574,8.816557
results_updated/RfaH/run1/divide_and_conquer/clades/clade_019/shuffle_05/group_004_unrelaxed_rank_001_alphafold2_ptm_model_1_seed_000.pdb,68.54524691358026,48.84342105263158,13,6.70792,9.994332
results_updated/RfaH/run1/divide_and_conquer/clades/clade_019/shuffle_06/group_003_unrelaxed_rank_001_alphafold2_ptm_model_1_seed_000.pdb,74.25833333333334,66.47263157894737,13,1.5967565,10.057404
results_updated/RfaH/run1/divide_and_conquer/clades/clade_019/shuffle_06/group_002_unrelaxed_rank_001_alphafold2_ptm_model_1_seed_000.pdb,69.3304938271605,49.50921052631579,13,6.6387777,10.392355
results_updated/RfaH/run1/divide_and_conquer/clades/clade_019/shuffle_06/group_006_unrelaxed_rank_001_alphafold2_ptm_model_1_seed_000.pdb,75.73654320987654,55.71,22,8.837009,2.6193235
results_updated/RfaH/run1/divide_and_conquer/clades/clade_019/shuffle_06/group_005_unrelaxed_rank_001_alphafold2_ptm_model_1_seed_000.pdb,73.16111111111111,64.87684210526317,13,2.0830421,9.438211
results_updated/RfaH/run1/divide_and_conquer/clades/clade_019/shuffle_06/group_001_unrelaxed_rank_001_alphafold2_ptm_model_1_seed_000.pdb,59.32907407407407,40.61105263157894,13,8.444704,8.599649
results_updated/RfaH/run1/divide_and_conquer/clades/clade_019/shuffle_06/group_004_unrelaxed_rank_001_alphafold2_ptm_model_1_seed_000.pdb,64.81185185185184,36.28605263157895,13,6.5063496,5.2680044
results_updated/RfaH/run1/divide_and_conquer/clades/clade_019/shuffle_07/group_003_unrelaxed_rank_001_alphafold2_ptm_model_1_seed_000.pdb,67.71882716049383,48.608421052631584,13,5.0261064,8.444638
results_updated/RfaH/run1/divide_and_conquer/clades/clade_019/shuffle_07/group_002_unrelaxed_rank_001_alphafold2_ptm_model_1_seed_000.pdb,68.91481481481482,46.99684210526316,13,6.431002,2.803124
results_updated/RfaH/run1/divide_and_conquer/clades/clade_019/shuffle_07/group_006_unrelaxed_rank_001_alphafold2_ptm_model_1_seed_000.pdb,72.12685185185185,51.17315789473684,22,7.4435925,2.6464765
results_updated/RfaH/run1/divide_and_conquer/clades/clade_019/shuffle_07/group_005_unrelaxed_rank_001_alphafold2_ptm_model_1_seed_000.pdb,66.76753086419752,45.511052631578956,13,5.3774247,7.6904774
results_updated/RfaH/run1/divide_and_conquer/clades/clade_019/shuffle_07/group_001_unrelaxed_rank_001_alphafold2_ptm_model_1_seed_000.pdb,65.85037037037037,40.53815789473684,13,4.087307,9.465876
results_updated/RfaH/run1/divide_and_conquer/clades/clade_019/shuffle_07/group_004_unrelaxed_rank_001_alphafold2_ptm_model_1_seed_000.pdb,65.80160493827161,48.42315789473684,13,9.437865,2.6517081
results_updated/RfaH/run1/divide_and_conquer/clades/clade_019/shuffle_08/group_003_unrelaxed_rank_001_alphafold2_ptm_model_1_seed_000.pdb,68.02166666666666,46.942894736842106,13,6.009127,12.526363
results_updated/RfaH/run1/divide_and_conquer/clades/clade_019/shuffle_08/group_002_unrelaxed_rank_001_alphafold2_ptm_model_1_seed_000.pdb,64.90851851851852,43.51052631578947,13,3.5696967,9.298933
results_updated/RfaH/run1/divide_and_conquer/clades/clade_019/shuffle_08/group_006_unrelaxed_rank_001_alphafold2_ptm_model_1_seed_000.pdb,74.19209876543209,53.86894736842106,22,8.088154,2.5614946
results_updated/RfaH/run1/divide_and_conquer/clades/clade_019/shuffle_08/group_005_unrelaxed_rank_001_alphafold2_ptm_model_1_seed_000.pdb,67.28265432098765,56.666842105263164,13,7.9249105,7.682242
results_updated/RfaH/run1/divide_and_conquer/clades/clade_019/shuffle_08/group_001_unrelaxed_rank_001_alphafold2_ptm_model_1_seed_000.pdb,64.05753086419753,40.01157894736841,13,9.630807,10.358737
results_updated/RfaH/run1/divide_and_conquer/clades/clade_019/shuffle_08/group_004_unrelaxed_rank_001_alphafold2_ptm_model_1_seed_000.pdb,68.2316049382716,47.12157894736843,13,6.5506725,2.9695985
results_updated/RfaH/run1/divide_and_conquer/clades/clade_019/shuffle_09/group_003_unrelaxed_rank_001_alphafold2_ptm_model_1_seed_000.pdb,68.25333333333334,49.611052631578936,13,3.5983458,9.308723
results_updated/RfaH/run1/divide_and_conquer/clades/clade_019/shuffle_09/group_002_unrelaxed_rank_001_alphafold2_ptm_model_1_seed_000.pdb,65.98641975308641,39.81394736842105,13,7.4230046,8.447624
results_updated/RfaH/run1/divide_and_conquer/clades/clade_019/shuffle_09/group_006_unrelaxed_rank_001_alphafold2_ptm_model_1_seed_000.pdb,73.55487654320987,58.53236842105263,22,7.520208,2.5275002
results_updated/RfaH/run1/divide_and_conquer/clades/clade_019/shuffle_09/group_005_unrelaxed_rank_001_alphafold2_ptm_model_1_seed_000.pdb,60.00703703703704,38.4992105263158,13,4.855293,9.5104265
results_updated/RfaH/run1/divide_and_conquer/clades/clade_019/shuffle_09/group_001_unrelaxed_rank_001_alphafold2_ptm_model_1_seed_000.pdb,68.46425925925926,47.46684210526316,13,6.563583,7.5792584
results_updated/RfaH/run1/divide_and_conquer/clades/clade_019/shuffle_09/group_004_unrelaxed_rank_001_alphafold2_ptm_model_1_seed_000.pdb,69.37549382716048,46.53631578947369,13,5.8488894,6.416372
results_updated/RfaH/run1/divide_and_conquer/clades/clade_019/shuffle_10/group_003_unrelaxed_rank_001_alphafold2_ptm_model_1_seed_000.pdb,69.00327160493828,47.9221052631579,13,6.887597,7.6762505
results_updated/RfaH/run1/divide_and_conquer/clades/clade_019/shuffle_10/group_002_unrelaxed_rank_001_alphafold2_ptm_model_1_seed_000.pdb,74.18870370370371,60.2228947368421,13,9.129692,2.3931644
results_updated/RfaH/run1/divide_and_conquer/clades/clade_019/shuffle_10/group_006_unrelaxed_rank_001_alphafold2_ptm_model_1_seed_000.pdb,69.89882716049384,51.17394736842105,22,7.1907825,10.804285
results_updated/RfaH/run1/divide_and_conquer/clades/clade_019/shuffle_10/group_005_unrelaxed_rank_001_alphafold2_ptm_model_1_seed_000.pdb,60.62487654320987,43.301052631578955,13,8.26498,8.166735
results_updated/RfaH/run1/divide_and_conquer/clades/clade_019/shuffle_10/group_001_unrelaxed_rank_001_alphafold2_ptm_model_1_seed_000.pdb,68.05956790123456,43.4157894736842,13,5.381796,6.6339045
results_updated/RfaH/run1/divide_and_conquer/clades/clade_019/shuffle_10/group_004_unrelaxed_rank_001_alphafold2_ptm_model_1_seed_000.pdb,73.20067901234567,50.92631578947368,13,8.761488,2.7013223
results_updated/RfaH/run1/divide_and_conquer/clades/clade_020/shuffle_01/group_003_unrelaxed_rank_001_alphafold2_ptm_model_1_seed_000.pdb,55.97432098765432,40.194473684210514,13,8.98458,6.0453176
results_updated/RfaH/run1/divide_and_conquer/clades/clade_020/shuffle_01/group_002_unrelaxed_rank_001_alphafold2_ptm_model_1_seed_000.pdb,66.34716049382716,43.799736842105254,13,6.412105,9.167286
results_updated/RfaH/run1/divide_and_conquer/clades/clade_020/shuffle_01/group_006_unrelaxed_rank_001_alphafold2_ptm_model_1_seed_000.pdb,78.10654320987653,60.617368421052646,19,12.2165785,1.9467536
results_updated/RfaH/run1/divide_and_conquer/clades/clade_020/shuffle_01/group_005_unrelaxed_rank_001_alphafold2_ptm_model_1_seed_000.pdb,69.13067901234568,43.35605263157895,13,6.393786,5.521505
results_updated/RfaH/run1/divide_and_conquer/clades/clade_020/shuffle_01/group_001_unrelaxed_rank_001_alphafold2_ptm_model_1_seed_000.pdb,67.9424074074074,45.65578947368421,13,8.59718,2.9906275
results_updated/RfaH/run1/divide_and_conquer/clades/clade_020/shuffle_01/group_004_unrelaxed_rank_001_alphafold2_ptm_model_1_seed_000.pdb,65.62246913580246,40.568157894736835,13,7.0681725,8.534873
results_updated/RfaH/run1/divide_and_conquer/clades/clade_020/shuffle_02/group_003_unrelaxed_rank_001_alphafold2_ptm_model_1_seed_000.pdb,64.15697530864198,39.5778947368421,13,6.49675,6.613613
results_updated/RfaH/run1/divide_and_conquer/clades/clade_020/shuffle_02/group_002_unrelaxed_rank_001_alphafold2_ptm_model_1_seed_000.pdb,65.49043209876542,46.675000000000004,13,4.5456457,10.025568
results_updated/RfaH/run1/divide_and_conquer/clades/clade_020/shuffle_02/group_006_unrelaxed_rank_001_alphafold2_ptm_model_1_seed_000.pdb,68.54567901234569,45.55157894736842,19,5.56921,8.666115
results_updated/RfaH/run1/divide_and_conquer/clades/clade_020/shuffle_02/group_005_unrelaxed_rank_001_alphafold2_ptm_model_1_seed_000.pdb,66.96901234567902,41.19342105263157,13,6.9464707,8.767807
results_updated/RfaH/run1/divide_and_conquer/clades/clade_020/shuffle_02/group_001_unrelaxed_rank_001_alphafold2_ptm_model_1_seed_000.pdb,76.05956790123457,67.44657894736842,13,12.101645,1.694059
results_updated/RfaH/run1/divide_and_conquer/clades/clade_020/shuffle_02/group_004_unrelaxed_rank_001_alphafold2_ptm_model_1_seed_000.pdb,64.20092592592592,38.41315789473685,13,6.638426,8.379399
results_updated/RfaH/run1/divide_and_conquer/clades/clade_020/shuffle_03/group_003_unrelaxed_rank_001_alphafold2_ptm_model_1_seed_000.pdb,70.56561728395063,66.5157894736842,13,8.965378,1.8218334
results_updated/RfaH/run1/divide_and_conquer/clades/clade_020/shuffle_03/group_002_unrelaxed_rank_001_alphafold2_ptm_model_1_seed_000.pdb,61.02746913580246,42.379473684210524,13,9.648802,7.2324514
results_updated/RfaH/run1/divide_and_conquer/clades/clade_020/shuffle_03/group_006_unrelaxed_rank_001_alphafold2_ptm_model_1_seed_000.pdb,72.69246913580247,46.43184210526316,19,7.987169,4.7852144
results_updated/RfaH/run1/divide_and_conquer/clades/clade_020/shuffle_03/group_005_unrelaxed_rank_001_alphafold2_ptm_model_1_seed_000.pdb,80.24024691358026,75.23657894736841,13,16.05592,1.633503
results_updated/RfaH/run1/divide_and_conquer/clades/clade_020/shuffle_03/group_001_unrelaxed_rank_001_alphafold2_ptm_model_1_seed_000.pdb,67.18796296296297,44.729210526315796,13,5.9362426,9.2801695
results_updated/RfaH/run1/divide_and_conquer/clades/clade_020/shuffle_03/group_004_unrelaxed_rank_001_alphafold2_ptm_model_1_seed_000.pdb,64.17462962962964,39.94605263157896,13,5.408562,8.157356
results_updated/RfaH/run1/divide_and_conquer/clades/clade_020/shuffle_04/group_003_unrelaxed_rank_001_alphafold2_ptm_model_1_seed_000.pdb,56.86716049382716,43.121315789473684,13,9.25421,11.627276
results_updated/RfaH/run1/divide_and_conquer/clades/clade_020/shuffle_04/group_002_unrelaxed_rank_001_alphafold2_ptm_model_1_seed_000.pdb,75.58234567901235,71.97736842105263,13,13.213038,1.8154408
results_updated/RfaH/run1/divide_and_conquer/clades/clade_020/shuffle_04/group_006_unrelaxed_rank_001_alphafold2_ptm_model_1_seed_000.pdb,70.69253086419754,64.42921052631579,19,8.4625,1.6907477
results_updated/RfaH/run1/divide_and_conquer/clades/clade_020/shuffle_04/group_005_unrelaxed_rank_001_alphafold2_ptm_model_1_seed_000.pdb,68.32419753086418,44.512894736842114,13,7.0722756,9.774812
results_updated/RfaH/run1/divide_and_conquer/clades/clade_020/shuffle_04/group_001_unrelaxed_rank_001_alphafold2_ptm_model_1_seed_000.pdb,64.57549382716049,41.87184210526317,13,5.519584,8.956122
results_updated/RfaH/run1/divide_and_conquer/clades/clade_020/shuffle_04/group_004_unrelaxed_rank_001_alphafold2_ptm_model_1_seed_000.pdb,59.68888888888888,42.16368421052631,13,8.046927,8.493167
results_updated/RfaH/run1/divide_and_conquer/clades/clade_020/shuffle_05/group_003_unrelaxed_rank_001_alphafold2_ptm_model_1_seed_000.pdb,57.86993827160494,41.07631578947369,13,9.114298,8.699698
results_updated/RfaH/run1/divide_and_conquer/clades/clade_020/shuffle_05/group_002_unrelaxed_rank_001_alphafold2_ptm_model_1_seed_000.pdb,81.958024691358,78.23657894736841,13,15.143824,1.6468014
results_updated/RfaH/run1/divide_and_conquer/clades/clade_020/shuffle_05/group_006_unrelaxed_rank_001_alphafold2_ptm_model_1_seed_000.pdb,72.22123456790123,46.34447368421053,19,6.951015,2.711703
results_updated/RfaH/run1/divide_and_conquer/clades/clade_020/shuffle_05/group_005_unrelaxed_rank_001_alphafold2_ptm_model_1_seed_000.pdb,63.557469135802464,42.30210526315789,13,6.241944,10.182119
results_updated/RfaH/run1/divide_and_conquer/clades/clade_020/shuffle_05/group_001_unrelaxed_rank_001_alphafold2_ptm_model_1_seed_000.pdb,68.50703703703704,46.77394736842105,13,5.841125,8.639545
results_updated/RfaH/run1/divide_and_conquer/clades/clade_020/shuffle_05/group_004_unrelaxed_rank_001_alphafold2_ptm_model_1_seed_000.pdb,72.24734567901234,56.202631578947376,13,8.688486,2.340113
results_updated/RfaH/run1/divide_and_conquer/clades/clade_020/shuffle_06/group_003_unrelaxed_rank_001_alphafold2_ptm_model_1_seed_000.pdb,64.26876543209876,41.564473684210526,13,6.279248,8.121216
results_updated/RfaH/run1/divide_and_conquer/clades/clade_020/shuffle_06/group_002_unrelaxed_rank_001_alphafold2_ptm_model_1_seed_000.pdb,68.89956790123456,43.25078947368421,13,8.116627,6.7558236
results_updated/RfaH/run1/divide_and_conquer/clades/clade_020/shuffle_06/group_006_unrelaxed_rank_001_alphafold2_ptm_model_1_seed_000.pdb,72.12876543209877,52.51921052631579,19,6.927301,2.650839
results_updated/RfaH/run1/divide_and_conquer/clades/clade_020/shuffle_06/group_005_unrelaxed_rank_001_alphafold2_ptm_model_1_seed_000.pdb,58.125802469135806,39.357368421052634,13,11.431148,13.472627
results_updated/RfaH/run1/divide_and_conquer/clades/clade_020/shuffle_06/group_001_unrelaxed_rank_001_alphafold2_ptm_model_1_seed_000.pdb,63.44858024691358,44.4971052631579,13,3.5695553,8.667367
results_updated/RfaH/run1/divide_and_conquer/clades/clade_020/shuffle_06/group_004_unrelaxed_rank_001_alphafold2_ptm_model_1_seed_000.pdb,66.12722222222223,42.59473684210526,13,7.549562,9.097713
results_updated/RfaH/run1/divide_and_conquer/clades/clade_020/shuffle_07/group_003_unrelaxed_rank_001_alphafold2_ptm_model_1_seed_000.pdb,68.0954938271605,48.70552631578946,13,6.481584,10.258657
results_updated/RfaH/run1/divide_and_conquer/clades/clade_020/shuffle_07/group_002_unrelaxed_rank_001_alphafold2_ptm_model_1_seed_000.pdb,64.80259259259259,39.82894736842106,13,4.9955835,8.808829
results_updated/RfaH/run1/divide_and_conquer/clades/clade_020/shuffle_07/group_006_unrelaxed_rank_001_alphafold2_ptm_model_1_seed_000.pdb,66.1041975308642,42.08078947368421,19,5.7166286,7.8712206
results_updated/RfaH/run1/divide_and_conquer/clades/clade_020/shuffle_07/group_005_unrelaxed_rank_001_alphafold2_ptm_model_1_seed_000.pdb,81.11851851851853,79.69815789473685,13,12.954941,1.5479537
results_updated/RfaH/run1/divide_and_conquer/clades/clade_020/shuffle_07/group_001_unrelaxed_rank_001_alphafold2_ptm_model_1_seed_000.pdb,73.76870370370371,58.35736842105263,13,8.4939,2.6205525
results_updated/RfaH/run1/divide_and_conquer/clades/clade_020/shuffle_07/group_004_unrelaxed_rank_001_alphafold2_ptm_model_1_seed_000.pdb,67.67864197530865,44.03026315789474,13,6.2619843,8.277937
results_updated/RfaH/run1/divide_and_conquer/clades/clade_020/shuffle_08/group_003_unrelaxed_rank_001_alphafold2_ptm_model_1_seed_000.pdb,67.67438271604938,48.83263157894738,13,6.824568,10.113738
results_updated/RfaH/run1/divide_and_conquer/clades/clade_020/shuffle_08/group_002_unrelaxed_rank_001_alphafold2_ptm_model_1_seed_000.pdb,68.40277777777777,44.24710526315789,13,8.554313,11.941317
results_updated/RfaH/run1/divide_and_conquer/clades/clade_020/shuffle_08/group_006_unrelaxed_rank_001_alphafold2_ptm_model_1_seed_000.pdb,73.74716049382715,53.39236842105263,19,6.776473,2.8365486
results_updated/RfaH/run1/divide_and_conquer/clades/clade_020/shuffle_08/group_005_unrelaxed_rank_001_alphafold2_ptm_model_1_seed_000.pdb,58.41851851851851,38.22210526315789,13,8.947812,9.134367
results_updated/RfaH/run1/divide_and_conquer/clades/clade_020/shuffle_08/group_001_unrelaxed_rank_001_alphafold2_ptm_model_1_seed_000.pdb,68.81604938271605,43.21052631578947,13,6.342377,9.188073
results_updated/RfaH/run1/divide_and_conquer/clades/clade_020/shuffle_08/group_004_unrelaxed_rank_001_alphafold2_ptm_model_1_seed_000.pdb,66.36074074074074,42.97105263157894,13,6.2655196,10.104352
results_updated/RfaH/run1/divide_and_conquer/clades/clade_020/shuffle_09/group_003_unrelaxed_rank_001_alphafold2_ptm_model_1_seed_000.pdb,67.07617283950617,45.55315789473684,13,6.7076817,9.558647
results_updated/RfaH/run1/divide_and_conquer/clades/clade_020/shuffle_09/group_002_unrelaxed_rank_001_alphafold2_ptm_model_1_seed_000.pdb,68.67993827160494,47.74947368421053,13,6.7932825,2.6696956
results_updated/RfaH/run1/divide_and_conquer/clades/clade_020/shuffle_09/group_006_unrelaxed_rank_001_alphafold2_ptm_model_1_seed_000.pdb,68.3091975308642,47.51894736842105,19,5.907546,5.2669015
results_updated/RfaH/run1/divide_and_conquer/clades/clade_020/shuffle_09/group_005_unrelaxed_rank_001_alphafold2_ptm_model_1_seed_000.pdb,67.26432098765432,41.37842105263159,13,9.01779,8.843986
results_updated/RfaH/run1/divide_and_conquer/clades/clade_020/shuffle_09/group_001_unrelaxed_rank_001_alphafold2_ptm_model_1_seed_000.pdb,69.60259259259259,51.854473684210525,13,7.532787,3.4379928
results_updated/RfaH/run1/divide_and_conquer/clades/clade_020/shuffle_09/group_004_unrelaxed_rank_001_alphafold2_ptm_model_1_seed_000.pdb,62.71635802469135,39.3671052631579,13,7.721572,7.9642906
results_updated/RfaH/run1/divide_and_conquer/clades/clade_020/shuffle_10/group_003_unrelaxed_rank_001_alphafold2_ptm_model_1_seed_000.pdb,65.12203703703705,39.513421052631585,13,7.177009,9.885233
results_updated/RfaH/run1/divide_and_conquer/clades/clade_020/shuffle_10/group_002_unrelaxed_rank_001_alphafold2_ptm_model_1_seed_000.pdb,69.12376543209878,44.971578947368414,13,6.5924697,10.867285
results_updated/RfaH/run1/divide_and_conquer/clades/clade_020/shuffle_10/group_006_unrelaxed_rank_001_alphafold2_ptm_model_1_seed_000.pdb,73.8416049382716,52.78210526315789,19,6.360652,1.7092952
results_updated/RfaH/run1/divide_and_conquer/clades/clade_020/shuffle_10/group_005_unrelaxed_rank_001_alphafold2_ptm_model_1_seed_000.pdb,68.72074074074075,51.16368421052631,13,7.645133,1.882961
results_updated/RfaH/run1/divide_and_conquer/clades/clade_020/shuffle_10/group_001_unrelaxed_rank_001_alphafold2_ptm_model_1_seed_000.pdb,76.3887037037037,78.13026315789475,13,14.863413,1.5052744
results_updated/RfaH/run1/divide_and_conquer/clades/clade_020/shuffle_10/group_004_unrelaxed_rank_001_alphafold2_ptm_model_1_seed_000.pdb,62.17512345679012,40.05973684210526,13,5.255992,9.883831
results_updated/RfaH/run1/divide_and_conquer/clades/clade_021/shuffle_01/group_003_unrelaxed_rank_001_alphafold2_ptm_model_1_seed_000.pdb,64.53598765432099,49.07578947368421,13,7.1085224,11.041208
results_updated/RfaH/run1/divide_and_conquer/clades/clade_021/shuffle_01/group_002_unrelaxed_rank_001_alphafold2_ptm_model_1_seed_000.pdb,65.87006172839507,45.13605263157894,13,7.662926,9.003848
results_updated/RfaH/run1/divide_and_conquer/clades/clade_021/shuffle_01/group_006_unrelaxed_rank_001_alphafold2_ptm_model_1_seed_000.pdb,65.95351851851852,43.242368421052625,15,5.2643375,8.154364
results_updated/RfaH/run1/divide_and_conquer/clades/clade_021/shuffle_01/group_005_unrelaxed_rank_001_alphafold2_ptm_model_1_seed_000.pdb,55.42388888888889,37.87763157894737,13,10.403994,10.485444
results_updated/RfaH/run1/divide_and_conquer/clades/clade_021/shuffle_01/group_001_unrelaxed_rank_001_alphafold2_ptm_model_1_seed_000.pdb,70.55876543209877,52.239736842105266,13,6.8663993,8.32702
results_updated/RfaH/run1/divide_and_conquer/clades/clade_021/shuffle_01/group_004_unrelaxed_rank_001_alphafold2_ptm_model_1_seed_000.pdb,65.50753086419752,43.35394736842106,13,5.029809,8.563868
results_updated/RfaH/run1/divide_and_conquer/clades/clade_021/shuffle_02/group_003_unrelaxed_rank_001_alphafold2_ptm_model_1_seed_000.pdb,70.55728395061728,49.27605263157895,13,8.506916,12.079373
results_updated/RfaH/run1/divide_and_conquer/clades/clade_021/shuffle_02/group_002_unrelaxed_rank_001_alphafold2_ptm_model_1_seed_000.pdb,71.59265432098766,48.231842105263155,13,9.368691,11.876788
results_updated/RfaH/run1/divide_and_conquer/clades/clade_021/shuffle_02/group_006_unrelaxed_rank_001_alphafold2_ptm_model_1_seed_000.pdb,63.798148148148144,47.89526315789473,15,5.841207,12.738449
results_updated/RfaH/run1/divide_and_conquer/clades/clade_021/shuffle_02/group_005_unrelaxed_rank_001_alphafold2_ptm_model_1_seed_000.pdb,68.14981481481482,47.264736842105265,13,6.4737487,11.081066
results_updated/RfaH/run1/divide_and_conquer/clades/clade_021/shuffle_02/group_001_unrelaxed_rank_001_alphafold2_ptm_model_1_seed_000.pdb,65.44265432098764,36.99710526315789,13,6.361695,9.428256
results_updated/RfaH/run1/divide_and_conquer/clades/clade_021/shuffle_02/group_004_unrelaxed_rank_001_alphafold2_ptm_model_1_seed_000.pdb,68.43666666666667,45.66657894736842,13,5.28238,8.425991
results_updated/RfaH/run1/divide_and_conquer/clades/clade_021/shuffle_03/group_003_unrelaxed_rank_001_alphafold2_ptm_model_1_seed_000.pdb,65.75432098765431,40.57736842105262,13,7.731198,13.898515
results_updated/RfaH/run1/divide_and_conquer/clades/clade_021/shuffle_03/group_002_unrelaxed_rank_001_alphafold2_ptm_model_1_seed_000.pdb,61.21913580246913,43.56657894736841,13,8.7706785,12.006735
results_updated/RfaH/run1/divide_and_conquer/clades/clade_021/shuffle_03/group_006_unrelaxed_rank_001_alphafold2_ptm_model_1_seed_000.pdb,68.53586419753087,48.83763157894736,15,7.3957615,11.547025
results_updated/RfaH/run1/divide_and_conquer/clades/clade_021/shuffle_03/group_005_unrelaxed_rank_001_alphafold2_ptm_model_1_seed_000.pdb,68.44981481481481,53.49552631578947,13,5.484541,7.996948
results_updated/RfaH/run1/divide_and_conquer/clades/clade_021/shuffle_03/group_001_unrelaxed_rank_001_alphafold2_ptm_model_1_seed_000.pdb,68.0222839506173,47.706315789473685,13,4.589837,8.909892
results_updated/RfaH/run1/divide_and_conquer/clades/clade_021/shuffle_03/group_004_unrelaxed_rank_001_alphafold2_ptm_model_1_seed_000.pdb,64.58734567901236,44.84947368421053,13,5.3372293,8.2603655
results_updated/RfaH/run1/divide_and_conquer/clades/clade_021/shuffle_04/group_003_unrelaxed_rank_001_alphafold2_ptm_model_1_seed_000.pdb,65.51722222222223,43.224999999999994,13,4.7573333,9.805042
results_updated/RfaH/run1/divide_and_conquer/clades/clade_021/shuffle_04/group_002_unrelaxed_rank_001_alphafold2_ptm_model_1_seed_000.pdb,69.84092592592593,54.26315789473684,13,5.3394437,8.404233
results_updated/RfaH/run1/divide_and_conquer/clades/clade_021/shuffle_04/group_006_unrelaxed_rank_001_alphafold2_ptm_model_1_seed_000.pdb,69.73611111111111,50.91631578947368,15,8.049962,11.31444
results_updated/RfaH/run1/divide_and_conquer/clades/clade_021/shuffle_04/group_005_unrelaxed_rank_001_alphafold2_ptm_model_1_seed_000.pdb,56.72006172839506,41.80342105263158,13,12.516759,13.0552635
results_updated/RfaH/run1/divide_and_conquer/clades/clade_021/shuffle_04/group_001_unrelaxed_rank_001_alphafold2_ptm_model_1_seed_000.pdb,66.45197530864196,43.335789473684216,13,8.770362,12.372613
results_updated/RfaH/run1/divide_and_conquer/clades/clade_021/shuffle_04/group_004_unrelaxed_rank_001_alphafold2_ptm_model_1_seed_000.pdb,68.17814814814815,51.06921052631579,13,2.7721434,9.514822
results_updated/RfaH/run1/divide_and_conquer/clades/clade_021/shuffle_05/group_003_unrelaxed_rank_001_alphafold2_ptm_model_1_seed_000.pdb,57.910740740740735,43.263684210526314,13,7.434186,10.312457
results_updated/RfaH/run1/divide_and_conquer/clades/clade_021/shuffle_05/group_002_unrelaxed_rank_001_alphafold2_ptm_model_1_seed_000.pdb,66.45277777777778,44.44421052631579,13,5.028728,8.276795
results_updated/RfaH/run1/divide_and_conquer/clades/clade_021/shuffle_05/group_006_unrelaxed_rank_001_alphafold2_ptm_model_1_seed_000.pdb,67.09469135802469,42.82552631578948,15,8.083079,11.318637
results_updated/RfaH/run1/divide_and_conquer/clades/clade_021/shuffle_05/group_005_unrelaxed_rank_001_alphafold2_ptm_model_1_seed_000.pdb,70.33191358024692,55.1521052631579,13,4.1582813,10.3157835
results_updated/RfaH/run1/divide_and_conquer/clades/clade_021/shuffle_05/group_001_unrelaxed_rank_001_alphafold2_ptm_model_1_seed_000.pdb,68.66117283950616,47.25684210526316,13,6.3504004,9.941133
results_updated/RfaH/run1/divide_and_conquer/clades/clade_021/shuffle_05/group_004_unrelaxed_rank_001_alphafold2_ptm_model_1_seed_000.pdb,65.44907407407408,42.03815789473684,13,7.3611083,10.395342
results_updated/RfaH/run1/divide_and_conquer/clades/clade_021/shuffle_06/group_003_unrelaxed_rank_001_alphafold2_ptm_model_1_seed_000.pdb,58.86617283950617,44.94631578947369,13,10.181174,8.304886
results_updated/RfaH/run1/divide_and_conquer/clades/clade_021/shuffle_06/group_002_unrelaxed_rank_001_alphafold2_ptm_model_1_seed_000.pdb,67.94876543209877,46.02026315789474,13,6.7957764,11.027336
results_updated/RfaH/run1/divide_and_conquer/clades/clade_021/shuffle_06/group_006_unrelaxed_rank_001_alphafold2_ptm_model_1_seed_000.pdb,69.7793827160494,47.384473684210526,15,5.782461,8.438829
results_updated/RfaH/run1/divide_and_conquer/clades/clade_021/shuffle_06/group_005_unrelaxed_rank_001_alphafold2_ptm_model_1_seed_000.pdb,71.56901234567901,50.62184210526316,13,5.9119744,9.300429
results_updated/RfaH/run1/divide_and_conquer/clades/clade_021/shuffle_06/group_001_unrelaxed_rank_001_alphafold2_ptm_model_1_seed_000.pdb,70.96771604938272,55.606578947368426,13,5.2603455,11.58449
results_updated/RfaH/run1/divide_and_conquer/clades/clade_021/shuffle_06/group_004_unrelaxed_rank_001_alphafold2_ptm_model_1_seed_000.pdb,68.24327160493829,46.97657894736841,13,6.4884753,12.178033
results_updated/RfaH/run1/divide_and_conquer/clades/clade_021/shuffle_07/group_003_unrelaxed_rank_001_alphafold2_ptm_model_1_seed_000.pdb,68.93370370370371,45.89184210526316,13,8.646527,10.135167
results_updated/RfaH/run1/divide_and_conquer/clades/clade_021/shuffle_07/group_002_unrelaxed_rank_001_alphafold2_ptm_model_1_seed_000.pdb,69.37833333333334,48.31289473684211,13,5.7145963,9.874961
results_updated/RfaH/run1/divide_and_conquer/clades/clade_021/shuffle_07/group_006_unrelaxed_rank_001_alphafold2_ptm_model_1_seed_000.pdb,68.62851851851852,48.80868421052632,15,8.902906,13.057086
results_updated/RfaH/run1/divide_and_conquer/clades/clade_021/shuffle_07/group_005_unrelaxed_rank_001_alphafold2_ptm_model_1_seed_000.pdb,68.4458024691358,46.61868421052631,13,5.063494,8.7015915
results_updated/RfaH/run1/divide_and_conquer/clades/clade_021/shuffle_07/group_001_unrelaxed_rank_001_alphafold2_ptm_model_1_seed_000.pdb,67.78771604938271,45.27815789473685,13,4.4667463,9.188847
results_updated/RfaH/run1/divide_and_conquer/clades/clade_021/shuffle_07/group_004_unrelaxed_rank_001_alphafold2_ptm_model_1_seed_000.pdb,68.54648148148148,47.7778947368421,13,6.6853867,13.220136
results_updated/RfaH/run1/divide_and_conquer/clades/clade_021/shuffle_08/group_003_unrelaxed_rank_001_alphafold2_ptm_model_1_seed_000.pdb,69.1629012345679,52.53394736842105,13,4.369972,10.267309
results_updated/RfaH/run1/divide_and_conquer/clades/clade_021/shuffle_08/group_002_unrelaxed_rank_001_alphafold2_ptm_model_1_seed_000.pdb,69.8203086419753,50.56052631578947,13,5.328555,8.461912
results_updated/RfaH/run1/divide_and_conquer/clades/clade_021/shuffle_08/group_006_unrelaxed_rank_001_alphafold2_ptm_model_1_seed_000.pdb,71.56370370370371,49.830263157894734,15,8.310166,8.781524
results_updated/RfaH/run1/divide_and_conquer/clades/clade_021/shuffle_08/group_005_unrelaxed_rank_001_alphafold2_ptm_model_1_seed_000.pdb,65.57765432098766,44.97894736842105,13,5.6179852,8.660686
results_updated/RfaH/run1/divide_and_conquer/clades/clade_021/shuffle_08/group_001_unrelaxed_rank_001_alphafold2_ptm_model_1_seed_000.pdb,66.99537037037037,41.92605263157895,13,8.27139,11.174818
results_updated/RfaH/run1/divide_and_conquer/clades/clade_021/shuffle_08/group_004_unrelaxed_rank_001_alphafold2_ptm_model_1_seed_000.pdb,65.35561728395062,45.32473684210526,13,5.4344554,8.591777
results_updated/RfaH/run1/divide_and_conquer/clades/clade_021/shuffle_09/group_003_unrelaxed_rank_001_alphafold2_ptm_model_1_seed_000.pdb,65.2387037037037,47.406578947368416,13,5.6468997,9.123049
results_updated/RfaH/run1/divide_and_conquer/clades/clade_021/shuffle_09/group_002_unrelaxed_rank_001_alphafold2_ptm_model_1_seed_000.pdb,70.65716049382716,55.46394736842105,13,5.4862165,12.301871
results_updated/RfaH/run1/divide_and_conquer/clades/clade_021/shuffle_09/group_006_unrelaxed_rank_001_alphafold2_ptm_model_1_seed_000.pdb,70.27197530864197,50.40052631578948,15,6.488586,12.550165
results_updated/RfaH/run1/divide_and_conquer/clades/clade_021/shuffle_09/group_005_unrelaxed_rank_001_alphafold2_ptm_model_1_seed_000.pdb,66.8882098765432,44.41052631578948,13,5.2995725,8.64534
results_updated/RfaH/run1/divide_and_conquer/clades/clade_021/shuffle_09/group_001_unrelaxed_rank_001_alphafold2_ptm_model_1_seed_000.pdb,69.65895061728395,47.85736842105263,13,5.336643,7.9795976
results_updated/RfaH/run1/divide_and_conquer/clades/clade_021/shuffle_09/group_004_unrelaxed_rank_001_alphafold2_ptm_model_1_seed_000.pdb,65.5633950617284,43.968421052631584,13,9.297972,13.859381
results_updated/RfaH/run1/divide_and_conquer/clades/clade_021/shuffle_10/group_003_unrelaxed_rank_001_alphafold2_ptm_model_1_seed_000.pdb,67.29827160493826,44.29315789473684,13,5.2900267,8.562058
results_updated/RfaH/run1/divide_and_conquer/clades/clade_021/shuffle_10/group_002_unrelaxed_rank_001_alphafold2_ptm_model_1_seed_000.pdb,67.56592592592592,44.96947368421053,13,7.2873106,11.426334
results_updated/RfaH/run1/divide_and_conquer/clades/clade_021/shuffle_10/group_006_unrelaxed_rank_001_alphafold2_ptm_model_1_seed_000.pdb,69.07203703703702,46.70789473684211,15,5.221941,8.503535
results_updated/RfaH/run1/divide_and_conquer/clades/clade_021/shuffle_10/group_005_unrelaxed_rank_001_alphafold2_ptm_model_1_seed_000.pdb,68.35962962962962,50.05815789473684,13,3.404835,10.111392
results_updated/RfaH/run1/divide_and_conquer/clades/clade_021/shuffle_10/group_001_unrelaxed_rank_001_alphafold2_ptm_model_1_seed_000.pdb,70.16808641975308,54.97263157894737,13,5.1311097,10.982604
results_updated/RfaH/run1/divide_and_conquer/clades/clade_021/shuffle_10/group_004_unrelaxed_rank_001_alphafold2_ptm_model_1_seed_000.pdb,71.02697530864197,55.88868421052633,13,5.086919,7.8143206
results_updated/RfaH/run1/divide_and_conquer/clades/clade_022/shuffle_01/group_003_unrelaxed_rank_001_alphafold2_ptm_model_1_seed_000.pdb,57.27814814814815,43.9457894736842,13,6.756595,7.2490177
results_updated/RfaH/run1/divide_and_conquer/clades/clade_022/shuffle_01/group_002_unrelaxed_rank_001_alphafold2_ptm_model_1_seed_000.pdb,58.21308641975309,41.71342105263159,13,5.4736156,7.0011034
results_updated/RfaH/run1/divide_and_conquer/clades/clade_022/shuffle_01/group_006_unrelaxed_rank_001_alphafold2_ptm_model_1_seed_000.pdb,64.0575925925926,56.70368421052632,13,2.7505581,10.91667
results_updated/RfaH/run1/divide_and_conquer/clades/clade_022/shuffle_01/group_005_unrelaxed_rank_001_alphafold2_ptm_model_1_seed_000.pdb,59.78141975308642,55.429210526315785,13,3.6522412,9.913218
results_updated/RfaH/run1/divide_and_conquer/clades/clade_022/shuffle_01/group_001_unrelaxed_rank_001_alphafold2_ptm_model_1_seed_000.pdb,60.60635802469137,51.93842105263158,13,3.818879,9.989495
results_updated/RfaH/run1/divide_and_conquer/clades/clade_022/shuffle_01/group_004_unrelaxed_rank_001_alphafold2_ptm_model_1_seed_000.pdb,52.95944444444444,42.349210526315794,13,4.8413615,9.394983
results_updated/RfaH/run1/divide_and_conquer/clades/clade_022/shuffle_02/group_003_unrelaxed_rank_001_alphafold2_ptm_model_1_seed_000.pdb,66.27141975308642,62.64868421052633,13,4.2778535,8.437764
results_updated/RfaH/run1/divide_and_conquer/clades/clade_022/shuffle_02/group_002_unrelaxed_rank_001_alphafold2_ptm_model_1_seed_000.pdb,55.09864197530864,41.66947368421053,13,5.3629174,10.161999
results_updated/RfaH/run1/divide_and_conquer/clades/clade_022/shuffle_02/group_006_unrelaxed_rank_001_alphafold2_ptm_model_1_seed_000.pdb,57.66098765432099,49.4128947368421,13,3.5354319,10.077474
results_updated/RfaH/run1/divide_and_conquer/clades/clade_022/shuffle_02/group_005_unrelaxed_rank_001_alphafold2_ptm_model_1_seed_000.pdb,55.43543209876544,38.80447368421053,13,9.634493,11.031541
results_updated/RfaH/run1/divide_and_conquer/clades/clade_022/shuffle_02/group_001_unrelaxed_rank_001_alphafold2_ptm_model_1_seed_000.pdb,63.985493827160504,41.666315789473686,13,6.6161337,8.234274
results_updated/RfaH/run1/divide_and_conquer/clades/clade_022/shuffle_02/group_004_unrelaxed_rank_001_alphafold2_ptm_model_1_seed_000.pdb,65.54956790123457,41.228947368421046,13,4.593058,7.571527
results_updated/RfaH/run1/divide_and_conquer/clades/clade_022/shuffle_03/group_003_unrelaxed_rank_001_alphafold2_ptm_model_1_seed_000.pdb,58.79018518518517,42.74105263157895,13,8.045126,10.254402
results_updated/RfaH/run1/divide_and_conquer/clades/clade_022/shuffle_03/group_002_unrelaxed_rank_001_alphafold2_ptm_model_1_seed_000.pdb,66.855,57.40605263157895,13,3.7666676,10.118389
results_updated/RfaH/run1/divide_and_conquer/clades/clade_022/shuffle_03/group_006_unrelaxed_rank_001_alphafold2_ptm_model_1_seed_000.pdb,58.75623456790124,57.25236842105264,13,8.233152,9.934162
results_updated/RfaH/run1/divide_and_conquer/clades/clade_022/shuffle_03/group_005_unrelaxed_rank_001_alphafold2_ptm_model_1_seed_000.pdb,63.67617283950618,40.248157894736835,13,8.542294,9.551314
results_updated/RfaH/run1/divide_and_conquer/clades/clade_022/shuffle_03/group_001_unrelaxed_rank_001_alphafold2_ptm_model_1_seed_000.pdb,60.94222222222222,39.913947368421056,13,5.122725,9.272629
results_updated/RfaH/run1/divide_and_conquer/clades/clade_022/shuffle_03/group_004_unrelaxed_rank_001_alphafold2_ptm_model_1_seed_000.pdb,57.96685185185185,43.61736842105263,13,5.6918416,6.9432464
results_updated/RfaH/run1/divide_and_conquer/clades/clade_022/shuffle_04/group_003_unrelaxed_rank_001_alphafold2_ptm_model_1_seed_000.pdb,63.18,40.22026315789473,13,6.914068,9.109266
results_updated/RfaH/run1/divide_and_conquer/clades/clade_022/shuffle_04/group_002_unrelaxed_rank_001_alphafold2_ptm_model_1_seed_000.pdb,56.19623456790124,46.05868421052631,13,3.9996326,11.211186
results_updated/RfaH/run1/divide_and_conquer/clades/clade_022/shuffle_04/group_006_unrelaxed_rank_001_alphafold2_ptm_model_1_seed_000.pdb,54.95222222222223,46.53552631578947,13,7.543737,9.411377
results_updated/RfaH/run1/divide_and_conquer/clades/clade_022/shuffle_04/group_005_unrelaxed_rank_001_alphafold2_ptm_model_1_seed_000.pdb,75.0156172839506,65.24631578947368,13,3.9090085,10.879854
results_updated/RfaH/run1/divide_and_conquer/clades/clade_022/shuffle_04/group_001_unrelaxed_rank_001_alphafold2_ptm_model_1_seed_000.pdb,59.9058024691358,53.7521052631579,13,4.2809606,9.255487
results_updated/RfaH/run1/divide_and_conquer/clades/clade_022/shuffle_04/group_004_unrelaxed_rank_001_alphafold2_ptm_model_1_seed_000.pdb,72.41796296296296,60.453947368421076,13,2.6952267,9.412826
results_updated/RfaH/run1/divide_and_conquer/clades/clade_022/shuffle_05/group_003_unrelaxed_rank_001_alphafold2_ptm_model_1_seed_000.pdb,73.33382716049383,62.063421052631575,13,4.5265074,11.447337
results_updated/RfaH/run1/divide_and_conquer/clades/clade_022/shuffle_05/group_002_unrelaxed_rank_001_alphafold2_ptm_model_1_seed_000.pdb,61.4958024691358,42.2028947368421,13,6.1457553,8.113595
results_updated/RfaH/run1/divide_and_conquer/clades/clade_022/shuffle_05/group_006_unrelaxed_rank_001_alphafold2_ptm_model_1_seed_000.pdb,68.40635802469137,56.87842105263158,13,7.1163454,9.840174
results_updated/RfaH/run1/divide_and_conquer/clades/clade_022/shuffle_05/group_005_unrelaxed_rank_001_alphafold2_ptm_model_1_seed_000.pdb,65.3906172839506,56.070263157894736,13,4.687309,9.268491
results_updated/RfaH/run1/divide_and_conquer/clades/clade_022/shuffle_05/group_001_unrelaxed_rank_001_alphafold2_ptm_model_1_seed_000.pdb,66.15018518518518,40.39789473684211,13,7.5543637,9.164129
results_updated/RfaH/run1/divide_and_conquer/clades/clade_022/shuffle_05/group_004_unrelaxed_rank_001_alphafold2_ptm_model_1_seed_000.pdb,52.995246913580246,41.836842105263166,13,7.6102962,9.689257
results_updated/RfaH/run1/divide_and_conquer/clades/clade_022/shuffle_06/group_003_unrelaxed_rank_001_alphafold2_ptm_model_1_seed_000.pdb,58.40216049382716,35.97052631578947,13,7.65285,8.487327
results_updated/RfaH/run1/divide_and_conquer/clades/clade_022/shuffle_06/group_002_unrelaxed_rank_001_alphafold2_ptm_model_1_seed_000.pdb,66.06376543209876,46.980000000000004,13,4.007861,9.588605
results_updated/RfaH/run1/divide_and_conquer/clades/clade_022/shuffle_06/group_006_unrelaxed_rank_001_alphafold2_ptm_model_1_seed_000.pdb,59.74993827160494,41.59526315789474,13,17.18839,9.291069
results_updated/RfaH/run1/divide_and_conquer/clades/clade_022/shuffle_06/group_005_unrelaxed_rank_001_alphafold2_ptm_model_1_seed_000.pdb,67.28395061728395,47.23263157894737,13,3.9143214,9.326374
results_updated/RfaH/run1/divide_and_conquer/clades/clade_022/shuffle_06/group_001_unrelaxed_rank_001_alphafold2_ptm_model_1_seed_000.pdb,64.14648148148147,46.25526315789474,13,7.0065293,7.665661
results_updated/RfaH/run1/divide_and_conquer/clades/clade_022/shuffle_06/group_004_unrelaxed_rank_001_alphafold2_ptm_model_1_seed_000.pdb,66.99117283950618,55.619473684210526,13,4.3370614,12.015181
results_updated/RfaH/run1/divide_and_conquer/clades/clade_022/shuffle_07/group_003_unrelaxed_rank_001_alphafold2_ptm_model_1_seed_000.pdb,62.852716049382714,55.68421052631579,13,3.6896656,9.080233
results_updated/RfaH/run1/divide_and_conquer/clades/clade_022/shuffle_07/group_002_unrelaxed_rank_001_alphafold2_ptm_model_1_seed_000.pdb,73.12234567901234,62.68973684210526,13,3.4793854,10.818176
results_updated/RfaH/run1/divide_and_conquer/clades/clade_022/shuffle_07/group_006_unrelaxed_rank_001_alphafold2_ptm_model_1_seed_000.pdb,56.87777777777778,46.51526315789474,13,4.677714,8.639905
results_updated/RfaH/run1/divide_and_conquer/clades/clade_022/shuffle_07/group_005_unrelaxed_rank_001_alphafold2_ptm_model_1_seed_000.pdb,59.42493827160494,47.495526315789476,13,5.162447,7.153205
results_updated/RfaH/run1/divide_and_conquer/clades/clade_022/shuffle_07/group_001_unrelaxed_rank_001_alphafold2_ptm_model_1_seed_000.pdb,54.52888888888889,38.09657894736842,13,4.100319,10.381239
results_updated/RfaH/run1/divide_and_conquer/clades/clade_022/shuffle_07/group_004_unrelaxed_rank_001_alphafold2_ptm_model_1_seed_000.pdb,59.79234567901235,51.758684210526305,13,5.2237453,9.507402
results_updated/RfaH/run1/divide_and_conquer/clades/clade_022/shuffle_08/group_003_unrelaxed_rank_001_alphafold2_ptm_model_1_seed_000.pdb,72.63722222222222,60.36447368421052,13,3.3401577,9.3407345
results_updated/RfaH/run1/divide_and_conquer/clades/clade_022/shuffle_08/group_002_unrelaxed_rank_001_alphafold2_ptm_model_1_seed_000.pdb,46.64549382716049,39.58421052631579,13,6.3050017,7.111433
results_updated/RfaH/run1/divide_and_conquer/clades/clade_022/shuffle_08/group_006_unrelaxed_rank_001_alphafold2_ptm_model_1_seed_000.pdb,58.22574074074074,44.916578947368414,13,7.811754,9.510822
results_updated/RfaH/run1/divide_and_conquer/clades/clade_022/shuffle_08/group_005_unrelaxed_rank_001_alphafold2_ptm_model_1_seed_000.pdb,63.745432098765434,51.16684210526316,13,5.250992,11.201052
results_updated/RfaH/run1/divide_and_conquer/clades/clade_022/shuffle_08/group_001_unrelaxed_rank_001_alphafold2_ptm_model_1_seed_000.pdb,59.70259259259259,50.87684210526316,13,4.4502387,8.460684
results_updated/RfaH/run1/divide_and_conquer/clades/clade_022/shuffle_08/group_004_unrelaxed_rank_001_alphafold2_ptm_model_1_seed_000.pdb,64.10469135802468,53.389210526315786,13,4.5694795,9.35812
results_updated/RfaH/run1/divide_and_conquer/clades/clade_022/shuffle_09/group_003_unrelaxed_rank_001_alphafold2_ptm_model_1_seed_000.pdb,54.36358024691358,46.53210526315789,13,8.442608,9.459569
results_updated/RfaH/run1/divide_and_conquer/clades/clade_022/shuffle_09/group_002_unrelaxed_rank_001_alphafold2_ptm_model_1_seed_000.pdb,73.56617283950618,61.762894736842114,13,3.6641867,9.100298
results_updated/RfaH/run1/divide_and_conquer/clades/clade_022/shuffle_09/group_006_unrelaxed_rank_001_alphafold2_ptm_model_1_seed_000.pdb,63.49216049382716,54.81184210526317,13,4.5980797,8.924482
results_updated/RfaH/run1/divide_and_conquer/clades/clade_022/shuffle_09/group_005_unrelaxed_rank_001_alphafold2_ptm_model_1_seed_000.pdb,55.674876543209876,49.742105263157896,13,8.220281,8.543071
results_updated/RfaH/run1/divide_and_conquer/clades/clade_022/shuffle_09/group_001_unrelaxed_rank_001_alphafold2_ptm_model_1_seed_000.pdb,54.56777777777778,46.58421052631579,13,4.1365404,9.661055
results_updated/RfaH/run1/divide_and_conquer/clades/clade_022/shuffle_09/group_004_unrelaxed_rank_001_alphafold2_ptm_model_1_seed_000.pdb,69.60320987654322,55.988947368421066,13,7.2307334,7.258047
results_updated/RfaH/run1/divide_and_conquer/clades/clade_022/shuffle_10/group_003_unrelaxed_rank_001_alphafold2_ptm_model_1_seed_000.pdb,60.36358024691359,37.96684210526316,13,6.8237457,8.070514
results_updated/RfaH/run1/divide_and_conquer/clades/clade_022/shuffle_10/group_002_unrelaxed_rank_001_alphafold2_ptm_model_1_seed_000.pdb,54.67981481481482,41.572105263157894,13,7.30677,7.840557
results_updated/RfaH/run1/divide_and_conquer/clades/clade_022/shuffle_10/group_006_unrelaxed_rank_001_alphafold2_ptm_model_1_seed_000.pdb,68.98179012345679,61.26973684210529,13,16.759443,2.5959198
results_updated/RfaH/run1/divide_and_conquer/clades/clade_022/shuffle_10/group_005_unrelaxed_rank_001_alphafold2_ptm_model_1_seed_000.pdb,73.07277777777779,60.12736842105264,13,5.6943355,11.514252
results_updated/RfaH/run1/divide_and_conquer/clades/clade_022/shuffle_10/group_001_unrelaxed_rank_001_alphafold2_ptm_model_1_seed_000.pdb,64.5762962962963,54.032631578947374,13,4.3814063,9.242102
results_updated/RfaH/run1/divide_and_conquer/clades/clade_022/shuffle_10/group_004_unrelaxed_rank_001_alphafold2_ptm_model_1_seed_000.pdb,59.12055555555556,53.51973684210526,13,3.2371502,10.322306
results_updated/RfaH/run1/divide_and_conquer/clades/clade_023/shuffle_01/group_003_unrelaxed_rank_001_alphafold2_ptm_model_1_seed_000.pdb,62.22944444444443,46.152368421052635,13,8.837177,4.8912425
results_updated/RfaH/run1/divide_and_conquer/clades/clade_023/shuffle_01/group_002_unrelaxed_rank_001_alphafold2_ptm_model_1_seed_000.pdb,62.96802469135803,36.05578947368421,13,7.5080023,7.805715
results_updated/RfaH/run1/divide_and_conquer/clades/clade_023/shuffle_01/group_006_unrelaxed_rank_001_alphafold2_ptm_model_1_seed_000.pdb,71.38512345679013,50.22921052631578,14,15.586868,4.793554
results_updated/RfaH/run1/divide_and_conquer/clades/clade_023/shuffle_01/group_005_unrelaxed_rank_001_alphafold2_ptm_model_1_seed_000.pdb,68.68950617283951,42.415000000000006,13,8.200144,5.407209
results_updated/RfaH/run1/divide_and_conquer/clades/clade_023/shuffle_01/group_001_unrelaxed_rank_001_alphafold2_ptm_model_1_seed_000.pdb,83.6438888888889,79.31157894736843,13,18.362074,1.8476776
results_updated/RfaH/run1/divide_and_conquer/clades/clade_023/shuffle_01/group_004_unrelaxed_rank_001_alphafold2_ptm_model_1_seed_000.pdb,71.26407407407409,48.89236842105263,13,11.488238,11.882476
results_updated/RfaH/run1/divide_and_conquer/clades/clade_023/shuffle_02/group_003_unrelaxed_rank_001_alphafold2_ptm_model_1_seed_000.pdb,75.11074074074074,54.64184210526315,13,17.278887,2.7561975
results_updated/RfaH/run1/divide_and_conquer/clades/clade_023/shuffle_02/group_002_unrelaxed_rank_001_alphafold2_ptm_model_1_seed_000.pdb,78.01956790123457,61.6571052631579,13,17.466747,2.6644132
results_updated/RfaH/run1/divide_and_conquer/clades/clade_023/shuffle_02/group_006_unrelaxed_rank_001_alphafold2_ptm_model_1_seed_000.pdb,77.93561728395062,60.99342105263158,14,18.630547,3.373194
results_updated/RfaH/run1/divide_and_conquer/clades/clade_023/shuffle_02/group_005_unrelaxed_rank_001_alphafold2_ptm_model_1_seed_000.pdb,70.49061728395063,52.56263157894737,13,18.903149,10.43365
results_updated/RfaH/run1/divide_and_conquer/clades/clade_023/shuffle_02/group_001_unrelaxed_rank_001_alphafold2_ptm_model_1_seed_000.pdb,70.53314814814814,48.36921052631579,13,12.344896,3.3378017
results_updated/RfaH/run1/divide_and_conquer/clades/clade_023/shuffle_02/group_004_unrelaxed_rank_001_alphafold2_ptm_model_1_seed_000.pdb,78.9691975308642,66.86500000000001,13,15.857901,1.9062061
results_updated/RfaH/run1/divide_and_conquer/clades/clade_023/shuffle_03/group_003_unrelaxed_rank_001_alphafold2_ptm_model_1_seed_000.pdb,69.67740740740742,77.2728947368421,13,18.455326,1.7537527
results_updated/RfaH/run1/divide_and_conquer/clades/clade_023/shuffle_03/group_002_unrelaxed_rank_001_alphafold2_ptm_model_1_seed_000.pdb,71.82592592592592,52.95894736842105,13,9.801938,9.920172
results_updated/RfaH/run1/divide_and_conquer/clades/clade_023/shuffle_03/group_006_unrelaxed_rank_001_alphafold2_ptm_model_1_seed_000.pdb,84.36728395061728,82.11815789473683,14,17.628157,1.762904
results_updated/RfaH/run1/divide_and_conquer/clades/clade_023/shuffle_03/group_005_unrelaxed_rank_001_alphafold2_ptm_model_1_seed_000.pdb,68.52401234567903,44.72736842105263,13,8.698183,6.11093
results_updated/RfaH/run1/divide_and_conquer/clades/clade_023/shuffle_03/group_001_unrelaxed_rank_001_alphafold2_ptm_model_1_seed_000.pdb,75.7291975308642,57.76131578947369,13,17.314417,2.5487447
results_updated/RfaH/run1/divide_and_conquer/clades/clade_023/shuffle_03/group_004_unrelaxed_rank_001_alphafold2_ptm_model_1_seed_000.pdb,77.16462962962963,57.08157894736843,13,18.500761,3.311889
results_updated/RfaH/run1/divide_and_conquer/clades/clade_023/shuffle_04/group_003_unrelaxed_rank_001_alphafold2_ptm_model_1_seed_000.pdb,67.68296296296296,65.64815789473685,13,13.939167,1.8245053
results_updated/RfaH/run1/divide_and_conquer/clades/clade_023/shuffle_04/group_002_unrelaxed_rank_001_alphafold2_ptm_model_1_seed_000.pdb,76.5932098765432,62.079736842105255,13,14.007378,2.2557364
results_updated/RfaH/run1/divide_and_conquer/clades/clade_023/shuffle_04/group_006_unrelaxed_rank_001_alphafold2_ptm_model_1_seed_000.pdb,70.64876543209877,55.973684210526315,14,19.397669,2.844869
results_updated/RfaH/run1/divide_and_conquer/clades/clade_023/shuffle_04/group_005_unrelaxed_rank_001_alphafold2_ptm_model_1_seed_000.pdb,66.34703703703703,43.2,13,4.3953915,8.803544
results_updated/RfaH/run1/divide_and_conquer/clades/clade_023/shuffle_04/group_001_unrelaxed_rank_001_alphafold2_ptm_model_1_seed_000.pdb,78.11654320987655,67.33394736842106,13,17.686821,9.588907
results_updated/RfaH/run1/divide_and_conquer/clades/clade_023/shuffle_04/group_004_unrelaxed_rank_001_alphafold2_ptm_model_1_seed_000.pdb,78.32006172839507,65.87131578947367,13,13.75035,1.6701045
results_updated/RfaH/run1/divide_and_conquer/clades/clade_023/shuffle_05/group_003_unrelaxed_rank_001_alphafold2_ptm_model_1_seed_000.pdb,81.85172839506173,76.71263157894735,13,14.398646,1.6064527
results_updated/RfaH/run1/divide_and_conquer/clades/clade_023/shuffle_05/group_002_unrelaxed_rank_001_alphafold2_ptm_model_1_seed_000.pdb,80.65197530864198,66.31921052631579,13,18.237698,1.7818856
results_updated/RfaH/run1/divide_and_conquer/clades/clade_023/shuffle_05/group_006_unrelaxed_rank_001_alphafold2_ptm_model_1_seed_000.pdb,69.37635802469137,48.66236842105263,14,7.7498574,3.8960447
results_updated/RfaH/run1/divide_and_conquer/clades/clade_023/shuffle_05/group_005_unrelaxed_rank_001_alphafold2_ptm_model_1_seed_000.pdb,62.496728395061716,49.846578947368414,13,18.612541,3.211178
results_updated/RfaH/run1/divide_and_conquer/clades/clade_023/shuffle_05/group_001_unrelaxed_rank_001_alphafold2_ptm_model_1_seed_000.pdb,77.59197530864198,60.16763157894738,13,18.284527,3.2666001
results_updated/RfaH/run1/divide_and_conquer/clades/clade_023/shuffle_05/group_004_unrelaxed_rank_001_alphafold2_ptm_model_1_seed_000.pdb,67.76666666666667,43.373157894736835,13,9.43465,12.164947
results_updated/RfaH/run1/divide_and_conquer/clades/clade_023/shuffle_06/group_003_unrelaxed_rank_001_alphafold2_ptm_model_1_seed_000.pdb,81.5741975308642,73.81342105263157,13,16.446745,1.9290645
results_updated/RfaH/run1/divide_and_conquer/clades/clade_023/shuffle_06/group_002_unrelaxed_rank_001_alphafold2_ptm_model_1_seed_000.pdb,70.35481481481482,44.754210526315795,13,8.998904,5.674798
results_updated/RfaH/run1/divide_and_conquer/clades/clade_023/shuffle_06/group_006_unrelaxed_rank_001_alphafold2_ptm_model_1_seed_000.pdb,68.10592592592593,44.061052631578946,14,6.7082767,11.795484
results_updated/RfaH/run1/divide_and_conquer/clades/clade_023/shuffle_06/group_005_unrelaxed_rank_001_alphafold2_ptm_model_1_seed_000.pdb,80.959012345679,82.125,13,17.199274,1.7171392
results_updated/RfaH/run1/divide_and_conquer/clades/clade_023/shuffle_06/group_001_unrelaxed_rank_001_alphafold2_ptm_model_1_seed_000.pdb,68.32172839506173,41.106052631578955,13,11.184912,9.589858
results_updated/RfaH/run1/divide_and_conquer/clades/clade_023/shuffle_06/group_004_unrelaxed_rank_001_alphafold2_ptm_model_1_seed_000.pdb,72.5124074074074,60.152105263157914,13,16.077736,2.10786
results_updated/RfaH/run1/divide_and_conquer/clades/clade_023/shuffle_07/group_003_unrelaxed_rank_001_alphafold2_ptm_model_1_seed_000.pdb,74.91833333333334,63.61736842105262,13,17.373108,3.3759422
results_updated/RfaH/run1/divide_and_conquer/clades/clade_023/shuffle_07/group_002_unrelaxed_rank_001_alphafold2_ptm_model_1_seed_000.pdb,71.48882716049381,48.24131578947369,13,14.805015,2.8186889
results_updated/RfaH/run1/divide_and_conquer/clades/clade_023/shuffle_07/group_006_unrelaxed_rank_001_alphafold2_ptm_model_1_seed_000.pdb,83.8029012345679,82.42894736842105,14,15.159741,1.7882587
results_updated/RfaH/run1/divide_and_conquer/clades/clade_023/shuffle_07/group_005_unrelaxed_rank_001_alphafold2_ptm_model_1_seed_000.pdb,81.83123456790123,80.44026315789473,13,18.254004,1.8077725
results_updated/RfaH/run1/divide_and_conquer/clades/clade_023/shuffle_07/group_001_unrelaxed_rank_001_alphafold2_ptm_model_1_seed_000.pdb,79.23370370370371,76.79315789473685,13,16.31314,1.7077852
results_updated/RfaH/run1/divide_and_conquer/clades/clade_023/shuffle_07/group_004_unrelaxed_rank_001_alphafold2_ptm_model_1_seed_000.pdb,76.28475308641974,58.45447368421053,13,14.840913,3.47026
results_updated/RfaH/run1/divide_and_conquer/clades/clade_023/shuffle_08/group_003_unrelaxed_rank_001_alphafold2_ptm_model_1_seed_000.pdb,79.24141975308642,64.41,13,17.904194,2.7515743
results_updated/RfaH/run1/divide_and_conquer/clades/clade_023/shuffle_08/group_002_unrelaxed_rank_001_alphafold2_ptm_model_1_seed_000.pdb,83.89469135802469,81.58868421052631,13,17.63493,1.6108698
results_updated/RfaH/run1/divide_and_conquer/clades/clade_023/shuffle_08/group_006_unrelaxed_rank_001_alphafold2_ptm_model_1_seed_000.pdb,66.95320987654321,39.82394736842105,14,11.038359,15.847033
results_updated/RfaH/run1/divide_and_conquer/clades/clade_023/shuffle_08/group_005_unrelaxed_rank_001_alphafold2_ptm_model_1_seed_000.pdb,79.2783950617284,74.04973684210526,13,16.713453,1.4826972
results_updated/RfaH/run1/divide_and_conquer/clades/clade_023/shuffle_08/group_001_unrelaxed_rank_001_alphafold2_ptm_model_1_seed_000.pdb,73.63962962962965,54.865526315789474,13,13.787112,3.048482
results_updated/RfaH/run1/divide_and_conquer/clades/clade_023/shuffle_08/group_004_unrelaxed_rank_001_alphafold2_ptm_model_1_seed_000.pdb,69.2541975308642,42.364210526315794,13,8.906249,4.240664
results_updated/RfaH/run1/divide_and_conquer/clades/clade_023/shuffle_09/group_003_unrelaxed_rank_001_alphafold2_ptm_model_1_seed_000.pdb,68.66820987654322,47.24289473684211,13,7.79456,3.2710261
results_updated/RfaH/run1/divide_and_conquer/clades/clade_023/shuffle_09/group_002_unrelaxed_rank_001_alphafold2_ptm_model_1_seed_000.pdb,69.49388888888888,46.702894736842104,13,10.47183,2.5493755
results_updated/RfaH/run1/divide_and_conquer/clades/clade_023/shuffle_09/group_006_unrelaxed_rank_001_alphafold2_ptm_model_1_seed_000.pdb,75.47740740740741,59.64210526315791,14,15.423485,2.909031
results_updated/RfaH/run1/divide_and_conquer/clades/clade_023/shuffle_09/group_005_unrelaxed_rank_001_alphafold2_ptm_model_1_seed_000.pdb,62.477098765432096,30.501052631578954,13,8.1980095,9.569692
results_updated/RfaH/run1/divide_and_conquer/clades/clade_023/shuffle_09/group_001_unrelaxed_rank_001_alphafold2_ptm_model_1_seed_000.pdb,70.13401234567903,44.38473684210527,13,10.541014,18.47117
results_updated/RfaH/run1/divide_and_conquer/clades/clade_023/shuffle_09/group_004_unrelaxed_rank_001_alphafold2_ptm_model_1_seed_000.pdb,58.17327160493827,43.48210526315789,13,11.324673,5.383679
results_updated/RfaH/run1/divide_and_conquer/clades/clade_023/shuffle_10/group_003_unrelaxed_rank_001_alphafold2_ptm_model_1_seed_000.pdb,72.68808641975309,71.61921052631578,13,17.404419,1.6540478
results_updated/RfaH/run1/divide_and_conquer/clades/clade_023/shuffle_10/group_002_unrelaxed_rank_001_alphafold2_ptm_model_1_seed_000.pdb,71.20617283950617,44.27578947368421,13,10.652187,10.059363
results_updated/RfaH/run1/divide_and_conquer/clades/clade_023/shuffle_10/group_006_unrelaxed_rank_001_alphafold2_ptm_model_1_seed_000.pdb,77.84469135802469,74.72684210526317,14,15.647959,1.5572435
results_updated/RfaH/run1/divide_and_conquer/clades/clade_023/shuffle_10/group_005_unrelaxed_rank_001_alphafold2_ptm_model_1_seed_000.pdb,83.22234567901235,77.67894736842105,13,15.988079,1.6551789
results_updated/RfaH/run1/divide_and_conquer/clades/clade_023/shuffle_10/group_001_unrelaxed_rank_001_alphafold2_ptm_model_1_seed_000.pdb,70.50524691358024,50.287894736842105,13,9.711297,14.7
results_updated/RfaH/run1/divide_and_conquer/clades/clade_023/shuffle_10/group_004_unrelaxed_rank_001_alphafold2_ptm_model_1_seed_000.pdb,74.0241975308642,52.103157894736846,13,15.540842,3.153426
results_updated/RfaH/run1/divide_and_conquer/clades/clade_024/shuffle_01/group_003_unrelaxed_rank_001_alphafold2_ptm_model_1_seed_000.pdb,66.76148148148148,42.697631578947366,13,6.0029435,11.444999
results_updated/RfaH/run1/divide_and_conquer/clades/clade_024/shuffle_01/group_002_unrelaxed_rank_001_alphafold2_ptm_model_1_seed_000.pdb,70.51432098765432,51.4992105263158,13,4.5442653,10.587648
results_updated/RfaH/run1/divide_and_conquer/clades/clade_024/shuffle_01/group_005_unrelaxed_rank_001_alphafold2_ptm_model_1_seed_000.pdb,70.12191358024691,46.83026315789474,24,6.9426584,12.895978
results_updated/RfaH/run1/divide_and_conquer/clades/clade_024/shuffle_01/group_001_unrelaxed_rank_001_alphafold2_ptm_model_1_seed_000.pdb,62.72296296296297,37.84657894736842,13,5.580139,10.164898
results_updated/RfaH/run1/divide_and_conquer/clades/clade_024/shuffle_01/group_004_unrelaxed_rank_001_alphafold2_ptm_model_1_seed_000.pdb,69.09623456790123,49.42578947368421,13,6.297418,11.574675
results_updated/RfaH/run1/divide_and_conquer/clades/clade_024/shuffle_02/group_003_unrelaxed_rank_001_alphafold2_ptm_model_1_seed_000.pdb,61.73586419753086,36.34184210526315,13,4.2333755,10.617268
results_updated/RfaH/run1/divide_and_conquer/clades/clade_024/shuffle_02/group_002_unrelaxed_rank_001_alphafold2_ptm_model_1_seed_000.pdb,67.97012345679012,43.09052631578947,13,8.992893,11.336154
results_updated/RfaH/run1/divide_and_conquer/clades/clade_024/shuffle_02/group_005_unrelaxed_rank_001_alphafold2_ptm_model_1_seed_000.pdb,74.04783950617283,57.39315789473683,24,7.0992055,13.829121
results_updated/RfaH/run1/divide_and_conquer/clades/clade_024/shuffle_02/group_001_unrelaxed_rank_001_alphafold2_ptm_model_1_seed_000.pdb,66.06253086419754,43.481842105263155,13,4.341339,10.593056
results_updated/RfaH/run1/divide_and_conquer/clades/clade_024/shuffle_02/group_004_unrelaxed_rank_001_alphafold2_ptm_model_1_seed_000.pdb,64.20753086419754,42.77473684210527,13,8.158666,8.969205
results_updated/RfaH/run1/divide_and_conquer/clades/clade_024/shuffle_03/group_003_unrelaxed_rank_001_alphafold2_ptm_model_1_seed_000.pdb,73.56302469135802,56.78684210526316,13,6.3099437,13.529568
results_updated/RfaH/run1/divide_and_conquer/clades/clade_024/shuffle_03/group_002_unrelaxed_rank_001_alphafold2_ptm_model_1_seed_000.pdb,66.78456790123457,46.02157894736843,13,6.880555,9.297885
results_updated/RfaH/run1/divide_and_conquer/clades/clade_024/shuffle_03/group_005_unrelaxed_rank_001_alphafold2_ptm_model_1_seed_000.pdb,73.67851851851852,62.519736842105274,24,2.1153975,10.137421
results_updated/RfaH/run1/divide_and_conquer/clades/clade_024/shuffle_03/group_001_unrelaxed_rank_001_alphafold2_ptm_model_1_seed_000.pdb,66.36685185185185,44.680526315789464,13,4.437043,10.366348
results_updated/RfaH/run1/divide_and_conquer/clades/clade_024/shuffle_03/group_004_unrelaxed_rank_001_alphafold2_ptm_model_1_seed_000.pdb,65.93012345679013,42.83473684210527,13,4.006452,10.639282
results_updated/RfaH/run1/divide_and_conquer/clades/clade_024/shuffle_04/group_003_unrelaxed_rank_001_alphafold2_ptm_model_1_seed_000.pdb,66.77512345679013,40.68447368421052,13,6.8186617,8.965644
results_updated/RfaH/run1/divide_and_conquer/clades/clade_024/shuffle_04/group_002_unrelaxed_rank_001_alphafold2_ptm_model_1_seed_000.pdb,75.58802469135803,66.3478947368421,13,3.7181044,10.589742
results_updated/RfaH/run1/divide_and_conquer/clades/clade_024/shuffle_04/group_005_unrelaxed_rank_001_alphafold2_ptm_model_1_seed_000.pdb,72.78012345679014,55.32315789473684,24,6.464268,11.703751
results_updated/RfaH/run1/divide_and_conquer/clades/clade_024/shuffle_04/group_001_unrelaxed_rank_001_alphafold2_ptm_model_1_seed_000.pdb,58.229876543209876,41.605789473684204,13,6.5243506,11.539639
results_updated/RfaH/run1/divide_and_conquer/clades/clade_024/shuffle_04/group_004_unrelaxed_rank_001_alphafold2_ptm_model_1_seed_000.pdb,67.41419753086421,39.87105263157895,13,11.067848,14.288629
results_updated/RfaH/run1/divide_and_conquer/clades/clade_024/shuffle_05/group_003_unrelaxed_rank_001_alphafold2_ptm_model_1_seed_000.pdb,66.25598765432099,44.46289473684211,13,5.54315,11.275163
results_updated/RfaH/run1/divide_and_conquer/clades/clade_024/shuffle_05/group_002_unrelaxed_rank_001_alphafold2_ptm_model_1_seed_000.pdb,69.02604938271605,44.464473684210525,13,8.494674,11.871247
results_updated/RfaH/run1/divide_and_conquer/clades/clade_024/shuffle_05/group_005_unrelaxed_rank_001_alphafold2_ptm_model_1_seed_000.pdb,69.2879012345679,46.25684210526316,24,5.041246,11.612445
results_updated/RfaH/run1/divide_and_conquer/clades/clade_024/shuffle_05/group_001_unrelaxed_rank_001_alphafold2_ptm_model_1_seed_000.pdb,67.62956790123458,43.30842105263158,13,8.509699,11.043623
results_updated/RfaH/run1/divide_and_conquer/clades/clade_024/shuffle_05/group_004_unrelaxed_rank_001_alphafold2_ptm_model_1_seed_000.pdb,66.00111111111111,44.98657894736843,13,3.6484413,10.251299
results_updated/RfaH/run1/divide_and_conquer/clades/clade_024/shuffle_06/group_003_unrelaxed_rank_001_alphafold2_ptm_model_1_seed_000.pdb,66.59944444444444,44.13157894736842,13,6.5789866,11.139043
results_updated/RfaH/run1/divide_and_conquer/clades/clade_024/shuffle_06/group_002_unrelaxed_rank_001_alphafold2_ptm_model_1_seed_000.pdb,64.64574074074075,42.26605263157895,13,5.381673,11.496437
results_updated/RfaH/run1/divide_and_conquer/clades/clade_024/shuffle_06/group_005_unrelaxed_rank_001_alphafold2_ptm_model_1_seed_000.pdb,70.19685185185186,43.88,24,6.2170563,13.024193
results_updated/RfaH/run1/divide_and_conquer/clades/clade_024/shuffle_06/group_001_unrelaxed_rank_001_alphafold2_ptm_model_1_seed_000.pdb,67.52895061728394,44.08394736842106,13,7.6035404,12.535465
results_updated/RfaH/run1/divide_and_conquer/clades/clade_024/shuffle_06/group_004_unrelaxed_rank_001_alphafold2_ptm_model_1_seed_000.pdb,70.82228395061728,51.150263157894734,13,6.211983,12.61437
results_updated/RfaH/run1/divide_and_conquer/clades/clade_024/shuffle_07/group_003_unrelaxed_rank_001_alphafold2_ptm_model_1_seed_000.pdb,66.98802469135802,44.730263157894726,13,7.1596675,11.726072
results_updated/RfaH/run1/divide_and_conquer/clades/clade_024/shuffle_07/group_002_unrelaxed_rank_001_alphafold2_ptm_model_1_seed_000.pdb,67.23512345679012,43.89052631578947,13,3.8035274,10.114988
results_updated/RfaH/run1/divide_and_conquer/clades/clade_024/shuffle_07/group_005_unrelaxed_rank_001_alphafold2_ptm_model_1_seed_000.pdb,69.13419753086418,45.70657894736841,24,6.419268,11.97296
results_updated/RfaH/run1/divide_and_conquer/clades/clade_024/shuffle_07/group_001_unrelaxed_rank_001_alphafold2_ptm_model_1_seed_000.pdb,68.24901234567902,43.014736842105265,13,6.788974,10.981065
results_updated/RfaH/run1/divide_and_conquer/clades/clade_024/shuffle_07/group_004_unrelaxed_rank_001_alphafold2_ptm_model_1_seed_000.pdb,67.25623456790123,48.41,13,6.4873533,8.378615
results_updated/RfaH/run1/divide_and_conquer/clades/clade_024/shuffle_08/group_003_unrelaxed_rank_001_alphafold2_ptm_model_1_seed_000.pdb,66.34154320987653,42.80578947368421,13,4.3022337,9.797047
results_updated/RfaH/run1/divide_and_conquer/clades/clade_024/shuffle_08/group_002_unrelaxed_rank_001_alphafold2_ptm_model_1_seed_000.pdb,78.83172839506173,68.50342105263158,13,5.970836,12.857914
results_updated/RfaH/run1/divide_and_conquer/clades/clade_024/shuffle_08/group_005_unrelaxed_rank_001_alphafold2_ptm_model_1_seed_000.pdb,68.3062962962963,45.85578947368421,24,6.660578,12.786559
results_updated/RfaH/run1/divide_and_conquer/clades/clade_024/shuffle_08/group_001_unrelaxed_rank_001_alphafold2_ptm_model_1_seed_000.pdb,75.56679012345678,61.58499999999999,13,6.310488,13.097147
results_updated/RfaH/run1/divide_and_conquer/clades/clade_024/shuffle_08/group_004_unrelaxed_rank_001_alphafold2_ptm_model_1_seed_000.pdb,69.48759259259259,47.53263157894736,13,7.7246513,13.977967
results_updated/RfaH/run1/divide_and_conquer/clades/clade_024/shuffle_09/group_003_unrelaxed_rank_001_alphafold2_ptm_model_1_seed_000.pdb,65.83432098765432,42.169999999999995,13,6.8858624,13.2943
results_updated/RfaH/run1/divide_and_conquer/clades/clade_024/shuffle_09/group_002_unrelaxed_rank_001_alphafold2_ptm_model_1_seed_000.pdb,69.88475308641976,47.80236842105264,13,7.0215898,13.253674
results_updated/RfaH/run1/divide_and_conquer/clades/clade_024/shuffle_09/group_005_unrelaxed_rank_001_alphafold2_ptm_model_1_seed_000.pdb,69.59345679012345,49.15894736842105,24,7.1090374,13.85609
results_updated/RfaH/run1/divide_and_conquer/clades/clade_024/shuffle_09/group_001_unrelaxed_rank_001_alphafold2_ptm_model_1_seed_000.pdb,66.43364197530865,41.92473684210526,13,6.857351,10.452637
results_updated/RfaH/run1/divide_and_conquer/clades/clade_024/shuffle_09/group_004_unrelaxed_rank_001_alphafold2_ptm_model_1_seed_000.pdb,67.49858024691358,47.453947368421055,13,5.7369566,9.90355
results_updated/RfaH/run1/divide_and_conquer/clades/clade_024/shuffle_10/group_003_unrelaxed_rank_001_alphafold2_ptm_model_1_seed_000.pdb,64.25469135802469,38.77473684210526,13,6.090762,8.505028
results_updated/RfaH/run1/divide_and_conquer/clades/clade_024/shuffle_10/group_002_unrelaxed_rank_001_alphafold2_ptm_model_1_seed_000.pdb,71.82469135802468,58.39710526315789,13,2.9237142,9.378159
results_updated/RfaH/run1/divide_and_conquer/clades/clade_024/shuffle_10/group_005_unrelaxed_rank_001_alphafold2_ptm_model_1_seed_000.pdb,69.10493827160494,42.97105263157894,24,7.492905,12.76106
results_updated/RfaH/run1/divide_and_conquer/clades/clade_024/shuffle_10/group_001_unrelaxed_rank_001_alphafold2_ptm_model_1_seed_000.pdb,70.28117283950617,50.148421052631576,13,7.678281,10.0893545
results_updated/RfaH/run1/divide_and_conquer/clades/clade_024/shuffle_10/group_004_unrelaxed_rank_001_alphafold2_ptm_model_1_seed_000.pdb,68.64302469135801,47.92763157894737,13,5.1407485,11.31071
results_updated/RfaH/run1/divide_and_conquer/clades/clade_025/shuffle_01/group_003_unrelaxed_rank_001_alphafold2_ptm_model_1_seed_000.pdb,68.53333333333335,63.925000000000004,13,2.5039144,9.821976
results_updated/RfaH/run1/divide_and_conquer/clades/clade_025/shuffle_01/group_002_unrelaxed_rank_001_alphafold2_ptm_model_1_seed_000.pdb,63.263888888888886,41.23736842105262,13,5.683412,9.087561
results_updated/RfaH/run1/divide_and_conquer/clades/clade_025/shuffle_01/group_005_unrelaxed_rank_001_alphafold2_ptm_model_1_seed_000.pdb,62.998456790123456,54.18763157894736,24,4.835191,9.96246
results_updated/RfaH/run1/divide_and_conquer/clades/clade_025/shuffle_01/group_001_unrelaxed_rank_001_alphafold2_ptm_model_1_seed_000.pdb,80.39246913580247,70.69289473684209,13,13.378622,1.4288372
results_updated/RfaH/run1/divide_and_conquer/clades/clade_025/shuffle_01/group_004_unrelaxed_rank_001_alphafold2_ptm_model_1_seed_000.pdb,71.4253086419753,56.27684210526316,13,14.142934,8.539733
results_updated/RfaH/run1/divide_and_conquer/clades/clade_025/shuffle_02/group_003_unrelaxed_rank_001_alphafold2_ptm_model_1_seed_000.pdb,71.9048148148148,47.44842105263158,13,16.094534,5.799489
results_updated/RfaH/run1/divide_and_conquer/clades/clade_025/shuffle_02/group_002_unrelaxed_rank_001_alphafold2_ptm_model_1_seed_000.pdb,58.46746913580247,43.943421052631585,13,3.6871824,9.075188
results_updated/RfaH/run1/divide_and_conquer/clades/clade_025/shuffle_02/group_005_unrelaxed_rank_001_alphafold2_ptm_model_1_seed_000.pdb,70.86018518518519,51.61263157894737,24,5.9632654,12.498284
results_updated/RfaH/run1/divide_and_conquer/clades/clade_025/shuffle_02/group_001_unrelaxed_rank_001_alphafold2_ptm_model_1_seed_000.pdb,55.531913580246915,39.29763157894737,13,12.6177845,8.47166
results_updated/RfaH/run1/divide_and_conquer/clades/clade_025/shuffle_02/group_004_unrelaxed_rank_001_alphafold2_ptm_model_1_seed_000.pdb,60.370679012345676,54.51263157894737,13,3.0153546,9.897023
results_updated/RfaH/run1/divide_and_conquer/clades/clade_025/shuffle_03/group_003_unrelaxed_rank_001_alphafold2_ptm_model_1_seed_000.pdb,68.56771604938271,47.90052631578947,13,3.1208594,8.985226
results_updated/RfaH/run1/divide_and_conquer/clades/clade_025/shuffle_03/group_002_unrelaxed_rank_001_alphafold2_ptm_model_1_seed_000.pdb,55.622283950617295,42.09684210526316,13,11.0042305,12.896833
results_updated/RfaH/run1/divide_and_conquer/clades/clade_025/shuffle_03/group_005_unrelaxed_rank_001_alphafold2_ptm_model_1_seed_000.pdb,66.33962962962963,53.21657894736842,24,3.2417657,9.030267
results_updated/RfaH/run1/divide_and_conquer/clades/clade_025/shuffle_03/group_001_unrelaxed_rank_001_alphafold2_ptm_model_1_seed_000.pdb,60.96969135802469,40.641842105263166,13,8.074772,9.831933
results_updated/RfaH/run1/divide_and_conquer/clades/clade_025/shuffle_03/group_004_unrelaxed_rank_001_alphafold2_ptm_model_1_seed_000.pdb,67.31172839506173,45.82973684210526,13,9.506998,15.316983
results_updated/RfaH/run1/divide_and_conquer/clades/clade_025/shuffle_04/group_003_unrelaxed_rank_001_alphafold2_ptm_model_1_seed_000.pdb,56.77851851851851,41.65684210526316,13,6.7086453,7.1688023
results_updated/RfaH/run1/divide_and_conquer/clades/clade_025/shuffle_04/group_002_unrelaxed_rank_001_alphafold2_ptm_model_1_seed_000.pdb,54.361543209876544,41.19552631578947,13,8.340402,9.589788
results_updated/RfaH/run1/divide_and_conquer/clades/clade_025/shuffle_04/group_005_unrelaxed_rank_001_alphafold2_ptm_model_1_seed_000.pdb,82.44351851851852,79.22447368421054,24,15.355929,1.4123287
results_updated/RfaH/run1/divide_and_conquer/clades/clade_025/shuffle_04/group_001_unrelaxed_rank_001_alphafold2_ptm_model_1_seed_000.pdb,69.4941975308642,44.20947368421052,13,9.152022,10.611382
results_updated/RfaH/run1/divide_and_conquer/clades/clade_025/shuffle_04/group_004_unrelaxed_rank_001_alphafold2_ptm_model_1_seed_000.pdb,69.59487654320986,52.055,13,3.6104677,9.109794
results_updated/RfaH/run1/divide_and_conquer/clades/clade_025/shuffle_05/group_003_unrelaxed_rank_001_alphafold2_ptm_model_1_seed_000.pdb,60.483827160493824,41.93736842105263,13,5.751644,6.682559
results_updated/RfaH/run1/divide_and_conquer/clades/clade_025/shuffle_05/group_002_unrelaxed_rank_001_alphafold2_ptm_model_1_seed_000.pdb,51.5816049382716,45.18184210526315,13,4.7382827,9.111603
results_updated/RfaH/run1/divide_and_conquer/clades/clade_025/shuffle_05/group_005_unrelaxed_rank_001_alphafold2_ptm_model_1_seed_000.pdb,73.53771604938272,66.135,24,2.06654,9.414225
results_updated/RfaH/run1/divide_and_conquer/clades/clade_025/shuffle_05/group_001_unrelaxed_rank_001_alphafold2_ptm_model_1_seed_000.pdb,67.44407407407407,45.3078947368421,13,3.2476606,9.361593
results_updated/RfaH/run1/divide_and_conquer/clades/clade_025/shuffle_05/group_004_unrelaxed_rank_001_alphafold2_ptm_model_1_seed_000.pdb,70.15820987654321,61.883157894736854,13,2.8150957,10.135324
results_updated/RfaH/run1/divide_and_conquer/clades/clade_025/shuffle_06/group_003_unrelaxed_rank_001_alphafold2_ptm_model_1_seed_000.pdb,69.15024691358025,51.85394736842106,13,3.0529432,9.888047
results_updated/RfaH/run1/divide_and_conquer/clades/clade_025/shuffle_06/group_002_unrelaxed_rank_001_alphafold2_ptm_model_1_seed_000.pdb,75.63135802469137,69.26078947368421,13,1.9998283,9.38384
results_updated/RfaH/run1/divide_and_conquer/clades/clade_025/shuffle_06/group_005_unrelaxed_rank_001_alphafold2_ptm_model_1_seed_000.pdb,69.8172839506173,41.16552631578947,24,9.079037,13.832038
results_updated/RfaH/run1/divide_and_conquer/clades/clade_025/shuffle_06/group_001_unrelaxed_rank_001_alphafold2_ptm_model_1_seed_000.pdb,66.79425925925926,50.765,13,3.360528,9.02013
results_updated/RfaH/run1/divide_and_conquer/clades/clade_025/shuffle_06/group_004_unrelaxed_rank_001_alphafold2_ptm_model_1_seed_000.pdb,54.34851851851851,40.060526315789474,13,7.881656,6.836372
results_updated/RfaH/run1/divide_and_conquer/clades/clade_025/shuffle_07/group_003_unrelaxed_rank_001_alphafold2_ptm_model_1_seed_000.pdb,69.47765432098764,48.93947368421053,13,6.1750607,7.1735153
results_updated/RfaH/run1/divide_and_conquer/clades/clade_025/shuffle_07/group_002_unrelaxed_rank_001_alphafold2_ptm_model_1_seed_000.pdb,53.80648148148148,40.89973684210526,13,11.005957,13.071199
results_updated/RfaH/run1/divide_and_conquer/clades/clade_025/shuffle_07/group_005_unrelaxed_rank_001_alphafold2_ptm_model_1_seed_000.pdb,70.56425925925926,59.400263157894734,24,2.275789,9.347769
results_updated/RfaH/run1/divide_and_conquer/clades/clade_025/shuffle_07/group_001_unrelaxed_rank_001_alphafold2_ptm_model_1_seed_000.pdb,70.67561728395061,47.2128947368421,13,7.4625473,6.275201
results_updated/RfaH/run1/divide_and_conquer/clades/clade_025/shuffle_07/group_004_unrelaxed_rank_001_alphafold2_ptm_model_1_seed_000.pdb,71.00530864197532,59.05368421052631,13,2.2250469,9.541588
results_updated/RfaH/run1/divide_and_conquer/clades/clade_025/shuffle_08/group_003_unrelaxed_rank_001_alphafold2_ptm_model_1_seed_000.pdb,43.07820987654321,47.88315789473684,13,13.260671,8.412533
results_updated/RfaH/run1/divide_and_conquer/clades/clade_025/shuffle_08/group_002_unrelaxed_rank_001_alphafold2_ptm_model_1_seed_000.pdb,41.41456790123457,37.12552631578947,13,15.6649065,6.1141796
results_updated/RfaH/run1/divide_and_conquer/clades/clade_025/shuffle_08/group_005_unrelaxed_rank_001_alphafold2_ptm_model_1_seed_000.pdb,69.99876543209876,46.8621052631579,24,7.5962944,13.4725275
results_updated/RfaH/run1/divide_and_conquer/clades/clade_025/shuffle_08/group_001_unrelaxed_rank_001_alphafold2_ptm_model_1_seed_000.pdb,73.54709876543211,66.36763157894737,13,2.1052103,9.574045
results_updated/RfaH/run1/divide_and_conquer/clades/clade_025/shuffle_08/group_004_unrelaxed_rank_001_alphafold2_ptm_model_1_seed_000.pdb,68.55938271604937,46.335789473684216,13,3.6081553,8.9696245
results_updated/RfaH/run1/divide_and_conquer/clades/clade_025/shuffle_09/group_003_unrelaxed_rank_001_alphafold2_ptm_model_1_seed_000.pdb,68.58277777777778,51.763684210526314,13,3.3428574,8.968014
results_updated/RfaH/run1/divide_and_conquer/clades/clade_025/shuffle_09/group_002_unrelaxed_rank_001_alphafold2_ptm_model_1_seed_000.pdb,56.27827160493827,43.75526315789473,13,3.801019,8.622121
results_updated/RfaH/run1/divide_and_conquer/clades/clade_025/shuffle_09/group_005_unrelaxed_rank_001_alphafold2_ptm_model_1_seed_000.pdb,76.38962962962962,64.26815789473685,24,6.099852,11.939382
results_updated/RfaH/run1/divide_and_conquer/clades/clade_025/shuffle_09/group_001_unrelaxed_rank_001_alphafold2_ptm_model_1_seed_000.pdb,58.77061728395062,54.52736842105263,13,2.6944356,9.463012
results_updated/RfaH/run1/divide_and_conquer/clades/clade_025/shuffle_09/group_004_unrelaxed_rank_001_alphafold2_ptm_model_1_seed_000.pdb,43.44561728395062,40.01157894736841,13,14.613598,9.245327
results_updated/RfaH/run1/divide_and_conquer/clades/clade_025/shuffle_10/group_003_unrelaxed_rank_001_alphafold2_ptm_model_1_seed_000.pdb,56.008148148148145,43.39947368421052,13,7.0486603,7.0765076
results_updated/RfaH/run1/divide_and_conquer/clades/clade_025/shuffle_10/group_002_unrelaxed_rank_001_alphafold2_ptm_model_1_seed_000.pdb,65.47543209876544,46.06131578947369,13,14.043391,6.7416253
results_updated/RfaH/run1/divide_and_conquer/clades/clade_025/shuffle_10/group_005_unrelaxed_rank_001_alphafold2_ptm_model_1_seed_000.pdb,70.04858024691359,47.01157894736841,24,8.884846,14.899565
results_updated/RfaH/run1/divide_and_conquer/clades/clade_025/shuffle_10/group_001_unrelaxed_rank_001_alphafold2_ptm_model_1_seed_000.pdb,68.7343827160494,49.67947368421052,13,6.7402697,12.207913
results_updated/RfaH/run1/divide_and_conquer/clades/clade_025/shuffle_10/group_004_unrelaxed_rank_001_alphafold2_ptm_model_1_seed_000.pdb,66.99950617283949,48.98499999999999,13,3.0156298,9.0667
results_updated/RfaH/run1/divide_and_conquer/clades/clade_026/shuffle_01/group_003_unrelaxed_rank_001_alphafold2_ptm_model_1_seed_000.pdb,54.84074074074074,45.291315789473686,13,7.073331,1.9753455
results_updated/RfaH/run1/divide_and_conquer/clades/clade_026/shuffle_01/group_002_unrelaxed_rank_001_alphafold2_ptm_model_1_seed_000.pdb,65.2704938271605,44.42263157894736,13,6.719605,9.253821
results_updated/RfaH/run1/divide_and_conquer/clades/clade_026/shuffle_01/group_005_unrelaxed_rank_001_alphafold2_ptm_model_1_seed_000.pdb,66.30567901234568,41.725263157894744,24,7.4958196,12.658792
results_updated/RfaH/run1/divide_and_conquer/clades/clade_026/shuffle_01/group_001_unrelaxed_rank_001_alphafold2_ptm_model_1_seed_000.pdb,58.864567901234565,43.03078947368421,13,8.82325,8.725931
results_updated/RfaH/run1/divide_and_conquer/clades/clade_026/shuffle_01/group_004_unrelaxed_rank_001_alphafold2_ptm_model_1_seed_000.pdb,57.01413580246914,37.91315789473684,13,8.13611,9.941554
results_updated/RfaH/run1/divide_and_conquer/clades/clade_026/shuffle_02/group_003_unrelaxed_rank_001_alphafold2_ptm_model_1_seed_000.pdb,60.558703703703706,40.102631578947374,13,8.08651,7.214687
results_updated/RfaH/run1/divide_and_conquer/clades/clade_026/shuffle_02/group_002_unrelaxed_rank_001_alphafold2_ptm_model_1_seed_000.pdb,66.31314814814814,48.20026315789473,13,7.423523,11.208507
results_updated/RfaH/run1/divide_and_conquer/clades/clade_026/shuffle_02/group_005_unrelaxed_rank_001_alphafold2_ptm_model_1_seed_000.pdb,67.9187037037037,49.508421052631576,24,5.2953057,11.237132
results_updated/RfaH/run1/divide_and_conquer/clades/clade_026/shuffle_02/group_001_unrelaxed_rank_001_alphafold2_ptm_model_1_seed_000.pdb,67.03524691358025,41.19684210526315,13,6.77098,8.138169
results_updated/RfaH/run1/divide_and_conquer/clades/clade_026/shuffle_02/group_004_unrelaxed_rank_001_alphafold2_ptm_model_1_seed_000.pdb,64.13679012345679,44.18578947368421,13,7.805199,8.780759
results_updated/RfaH/run1/divide_and_conquer/clades/clade_026/shuffle_03/group_003_unrelaxed_rank_001_alphafold2_ptm_model_1_seed_000.pdb,56.51932098765432,36.46105263157895,13,9.928647,9.977996
results_updated/RfaH/run1/divide_and_conquer/clades/clade_026/shuffle_03/group_002_unrelaxed_rank_001_alphafold2_ptm_model_1_seed_000.pdb,58.496358024691354,42.68526315789474,13,10.371045,8.365542
results_updated/RfaH/run1/divide_and_conquer/clades/clade_026/shuffle_03/group_005_unrelaxed_rank_001_alphafold2_ptm_model_1_seed_000.pdb,68.00753086419752,44.245789473684205,24,8.303688,10.569403
results_updated/RfaH/run1/divide_and_conquer/clades/clade_026/shuffle_03/group_001_unrelaxed_rank_001_alphafold2_ptm_model_1_seed_000.pdb,63.97407407407408,45.52105263157894,13,7.55818,9.283511
results_updated/RfaH/run1/divide_and_conquer/clades/clade_026/shuffle_03/group_004_unrelaxed_rank_001_alphafold2_ptm_model_1_seed_000.pdb,64.65820987654321,49.68736842105263,13,9.426137,7.793251
results_updated/RfaH/run1/divide_and_conquer/clades/clade_026/shuffle_04/group_003_unrelaxed_rank_001_alphafold2_ptm_model_1_seed_000.pdb,63.97135802469136,43.765526315789465,13,7.0189657,8.14874
results_updated/RfaH/run1/divide_and_conquer/clades/clade_026/shuffle_04/group_002_unrelaxed_rank_001_alphafold2_ptm_model_1_seed_000.pdb,65.32246913580246,40.32578947368421,13,6.1310525,8.927443
results_updated/RfaH/run1/divide_and_conquer/clades/clade_026/shuffle_04/group_005_unrelaxed_rank_001_alphafold2_ptm_model_1_seed_000.pdb,73.03604938271604,65.13447368421052,24,9.316695,1.6517944
results_updated/RfaH/run1/divide_and_conquer/clades/clade_026/shuffle_04/group_001_unrelaxed_rank_001_alphafold2_ptm_model_1_seed_000.pdb,51.287160493827166,39.52157894736842,13,9.764434,7.6734715
results_updated/RfaH/run1/divide_and_conquer/clades/clade_026/shuffle_04/group_004_unrelaxed_rank_001_alphafold2_ptm_model_1_seed_000.pdb,73.76388888888889,61.84105263157895,13,5.937731,12.28791
results_updated/RfaH/run1/divide_and_conquer/clades/clade_026/shuffle_05/group_003_unrelaxed_rank_001_alphafold2_ptm_model_1_seed_000.pdb,69.62462962962964,44.88421052631579,13,9.6812525,10.989029
results_updated/RfaH/run1/divide_and_conquer/clades/clade_026/shuffle_05/group_002_unrelaxed_rank_001_alphafold2_ptm_model_1_seed_000.pdb,62.318827160493825,45.13,13,3.548657,9.300737
results_updated/RfaH/run1/divide_and_conquer/clades/clade_026/shuffle_05/group_005_unrelaxed_rank_001_alphafold2_ptm_model_1_seed_000.pdb,76.57876543209875,67.45263157894736,24,5.7072186,12.574446
results_updated/RfaH/run1/divide_and_conquer/clades/clade_026/shuffle_05/group_001_unrelaxed_rank_001_alphafold2_ptm_model_1_seed_000.pdb,63.39783950617284,41.946842105263165,13,7.4279485,8.96857
results_updated/RfaH/run1/divide_and_conquer/clades/clade_026/shuffle_05/group_004_unrelaxed_rank_001_alphafold2_ptm_model_1_seed_000.pdb,64.75141975308642,48.511315789473684,13,5.678167,11.411401
results_updated/RfaH/run1/divide_and_conquer/clades/clade_026/shuffle_06/group_003_unrelaxed_rank_001_alphafold2_ptm_model_1_seed_000.pdb,61.114320987654324,45.834210526315786,13,7.1685596,8.380145
results_updated/RfaH/run1/divide_and_conquer/clades/clade_026/shuffle_06/group_002_unrelaxed_rank_001_alphafold2_ptm_model_1_seed_000.pdb,65.27283950617284,41.167368421052636,13,7.4679484,8.955634
results_updated/RfaH/run1/divide_and_conquer/clades/clade_026/shuffle_06/group_005_unrelaxed_rank_001_alphafold2_ptm_model_1_seed_000.pdb,75.61327160493826,67.36,24,5.456764,11.583795
results_updated/RfaH/run1/divide_and_conquer/clades/clade_026/shuffle_06/group_001_unrelaxed_rank_001_alphafold2_ptm_model_1_seed_000.pdb,54.06351851851852,37.669473684210516,13,8.92084,9.891147
results_updated/RfaH/run1/divide_and_conquer/clades/clade_026/shuffle_06/group_004_unrelaxed_rank_001_alphafold2_ptm_model_1_seed_000.pdb,66.10672839506174,45.24552631578947,13,7.0951214,8.460631
results_updated/RfaH/run1/divide_and_conquer/clades/clade_026/shuffle_07/group_003_unrelaxed_rank_001_alphafold2_ptm_model_1_seed_000.pdb,68.05592592592592,44.427894736842106,13,7.72113,13.958429
results_updated/RfaH/run1/divide_and_conquer/clades/clade_026/shuffle_07/group_002_unrelaxed_rank_001_alphafold2_ptm_model_1_seed_000.pdb,60.458580246913584,41.24684210526316,13,4.830302,9.69557
results_updated/RfaH/run1/divide_and_conquer/clades/clade_026/shuffle_07/group_005_unrelaxed_rank_001_alphafold2_ptm_model_1_seed_000.pdb,71.99271604938271,53.071315789473694,24,6.621667,13.2591715
results_updated/RfaH/run1/divide_and_conquer/clades/clade_026/shuffle_07/group_001_unrelaxed_rank_001_alphafold2_ptm_model_1_seed_000.pdb,63.18166666666667,39.965526315789475,13,6.88468,7.9710593
results_updated/RfaH/run1/divide_and_conquer/clades/clade_026/shuffle_07/group_004_unrelaxed_rank_001_alphafold2_ptm_model_1_seed_000.pdb,56.3279012345679,40.41552631578947,13,8.205301,7.864435
results_updated/RfaH/run1/divide_and_conquer/clades/clade_026/shuffle_08/group_003_unrelaxed_rank_001_alphafold2_ptm_model_1_seed_000.pdb,67.08907407407408,46.41605263157895,13,7.7370224,9.312791
results_updated/RfaH/run1/divide_and_conquer/clades/clade_026/shuffle_08/group_002_unrelaxed_rank_001_alphafold2_ptm_model_1_seed_000.pdb,65.5708024691358,43.07236842105263,13,6.9449553,8.901887
results_updated/RfaH/run1/divide_and_conquer/clades/clade_026/shuffle_08/group_005_unrelaxed_rank_001_alphafold2_ptm_model_1_seed_000.pdb,68.42197530864198,44.13263157894737,24,4.5043693,9.911942
results_updated/RfaH/run1/divide_and_conquer/clades/clade_026/shuffle_08/group_001_unrelaxed_rank_001_alphafold2_ptm_model_1_seed_000.pdb,60.11320987654321,42.97736842105263,13,3.9341242,9.625192
results_updated/RfaH/run1/divide_and_conquer/clades/clade_026/shuffle_08/group_004_unrelaxed_rank_001_alphafold2_ptm_model_1_seed_000.pdb,80.78104938271605,77.1521052631579,13,11.258302,1.4839504
results_updated/RfaH/run1/divide_and_conquer/clades/clade_026/shuffle_09/group_003_unrelaxed_rank_001_alphafold2_ptm_model_1_seed_000.pdb,63.67388888888889,42.096578947368414,13,6.082433,7.702818
results_updated/RfaH/run1/divide_and_conquer/clades/clade_026/shuffle_09/group_002_unrelaxed_rank_001_alphafold2_ptm_model_1_seed_000.pdb,64.05925925925926,40.09947368421053,13,5.3040037,8.558656
results_updated/RfaH/run1/divide_and_conquer/clades/clade_026/shuffle_09/group_005_unrelaxed_rank_001_alphafold2_ptm_model_1_seed_000.pdb,69.88765432098765,49.169736842105266,24,3.4289184,9.482087
results_updated/RfaH/run1/divide_and_conquer/clades/clade_026/shuffle_09/group_001_unrelaxed_rank_001_alphafold2_ptm_model_1_seed_000.pdb,57.69864197530865,39.70605263157895,13,11.347537,9.16879
results_updated/RfaH/run1/divide_and_conquer/clades/clade_026/shuffle_09/group_004_unrelaxed_rank_001_alphafold2_ptm_model_1_seed_000.pdb,65.17481481481481,42.97263157894737,13,11.070564,17.294186
results_updated/RfaH/run1/divide_and_conquer/clades/clade_026/shuffle_10/group_003_unrelaxed_rank_001_alphafold2_ptm_model_1_seed_000.pdb,68.27925925925926,49.247105263157884,13,5.829394,6.086044
results_updated/RfaH/run1/divide_and_conquer/clades/clade_026/shuffle_10/group_002_unrelaxed_rank_001_alphafold2_ptm_model_1_seed_000.pdb,66.80654320987654,44.95315789473684,13,7.1079383,9.703429
results_updated/RfaH/run1/divide_and_conquer/clades/clade_026/shuffle_10/group_005_unrelaxed_rank_001_alphafold2_ptm_model_1_seed_000.pdb,69.41123456790123,47.672105263157896,24,7.499295,14.021126
results_updated/RfaH/run1/divide_and_conquer/clades/clade_026/shuffle_10/group_001_unrelaxed_rank_001_alphafold2_ptm_model_1_seed_000.pdb,55.51179012345679,41.77368421052632,13,5.242024,9.579615
results_updated/RfaH/run1/divide_and_conquer/clades/clade_026/shuffle_10/group_004_unrelaxed_rank_001_alphafold2_ptm_model_1_seed_000.pdb,66.70629629629629,47.76157894736842,13,5.261987,12.042959
results_updated/RfaH/run1/divide_and_conquer/clades/clade_027/shuffle_01/group_003_unrelaxed_rank_001_alphafold2_ptm_model_1_seed_000.pdb,83.0091975308642,78.76763157894736,13,13.482633,1.5468838
results_updated/RfaH/run1/divide_and_conquer/clades/clade_027/shuffle_01/group_002_unrelaxed_rank_001_alphafold2_ptm_model_1_seed_000.pdb,87.24037037037037,88.26763157894736,13,15.776809,1.5080075
results_updated/RfaH/run1/divide_and_conquer/clades/clade_027/shuffle_01/group_005_unrelaxed_rank_001_alphafold2_ptm_model_1_seed_000.pdb,85.72407407407407,82.54815789473683,23,12.234609,1.4926658
results_updated/RfaH/run1/divide_and_conquer/clades/clade_027/shuffle_01/group_001_unrelaxed_rank_001_alphafold2_ptm_model_1_seed_000.pdb,69.97666666666666,47.31052631578947,13,6.6787767,5.378737
results_updated/RfaH/run1/divide_and_conquer/clades/clade_027/shuffle_01/group_004_unrelaxed_rank_001_alphafold2_ptm_model_1_seed_000.pdb,67.24703703703705,41.41105263157895,13,6.9620404,8.120219
results_updated/RfaH/run1/divide_and_conquer/clades/clade_027/shuffle_02/group_003_unrelaxed_rank_001_alphafold2_ptm_model_1_seed_000.pdb,77.2032098765432,88.82973684210526,13,13.96402,1.5079131
results_updated/RfaH/run1/divide_and_conquer/clades/clade_027/shuffle_02/group_002_unrelaxed_rank_001_alphafold2_ptm_model_1_seed_000.pdb,78.69604938271605,68.70394736842105,13,10.668639,1.4942659
results_updated/RfaH/run1/divide_and_conquer/clades/clade_027/shuffle_02/group_005_unrelaxed_rank_001_alphafold2_ptm_model_1_seed_000.pdb,88.86265432098766,88.95947368421054,23,15.216043,1.5031328
results_updated/RfaH/run1/divide_and_conquer/clades/clade_027/shuffle_02/group_001_unrelaxed_rank_001_alphafold2_ptm_model_1_seed_000.pdb,68.00135802469136,43.696052631578944,13,5.8508654,10.13642
results_updated/RfaH/run1/divide_and_conquer/clades/clade_027/shuffle_02/group_004_unrelaxed_rank_001_alphafold2_ptm_model_1_seed_000.pdb,78.44648148148148,83.20526315789475,13,14.983049,1.5554856
results_updated/RfaH/run1/divide_and_conquer/clades/clade_027/shuffle_03/group_003_unrelaxed_rank_001_alphafold2_ptm_model_1_seed_000.pdb,78.25358024691357,62.172105263157896,13,12.9924135,1.9619914
results_updated/RfaH/run1/divide_and_conquer/clades/clade_027/shuffle_03/group_002_unrelaxed_rank_001_alphafold2_ptm_model_1_seed_000.pdb,74.2708024691358,52.45368421052632,13,8.452561,3.279005
results_updated/RfaH/run1/divide_and_conquer/clades/clade_027/shuffle_03/group_005_unrelaxed_rank_001_alphafold2_ptm_model_1_seed_000.pdb,85.39314814814816,80.95552631578947,23,12.791274,1.4364834
results_updated/RfaH/run1/divide_and_conquer/clades/clade_027/shuffle_03/group_001_unrelaxed_rank_001_alphafold2_ptm_model_1_seed_000.pdb,85.99216049382716,87.38394736842105,13,13.243807,1.5120597
results_updated/RfaH/run1/divide_and_conquer/clades/clade_027/shuffle_03/group_004_unrelaxed_rank_001_alphafold2_ptm_model_1_seed_000.pdb,81.74592592592593,80.44605263157895,13,10.985362,1.6609704
results_updated/RfaH/run1/divide_and_conquer/clades/clade_027/shuffle_04/group_003_unrelaxed_rank_001_alphafold2_ptm_model_1_seed_000.pdb,86.5895061728395,88.34710526315789,13,12.838713,1.5173122
results_updated/RfaH/run1/divide_and_conquer/clades/clade_027/shuffle_04/group_002_unrelaxed_rank_001_alphafold2_ptm_model_1_seed_000.pdb,69.46407407407408,46.4057894736842,13,7.2737746,3.7437427
results_updated/RfaH/run1/divide_and_conquer/clades/clade_027/shuffle_04/group_005_unrelaxed_rank_001_alphafold2_ptm_model_1_seed_000.pdb,83.89623456790123,75.6828947368421,23,14.5773,1.4583293
results_updated/RfaH/run1/divide_and_conquer/clades/clade_027/shuffle_04/group_001_unrelaxed_rank_001_alphafold2_ptm_model_1_seed_000.pdb,84.9453086419753,85.61631578947367,13,14.135935,1.5255289
results_updated/RfaH/run1/divide_and_conquer/clades/clade_027/shuffle_04/group_004_unrelaxed_rank_001_alphafold2_ptm_model_1_seed_000.pdb,85.30932098765433,84.3415789473684,13,13.190474,1.5530035
results_updated/RfaH/run1/divide_and_conquer/clades/clade_027/shuffle_05/group_003_unrelaxed_rank_001_alphafold2_ptm_model_1_seed_000.pdb,73.39049382716048,60.39710526315789,13,2.237307,9.715612
results_updated/RfaH/run1/divide_and_conquer/clades/clade_027/shuffle_05/group_002_unrelaxed_rank_001_alphafold2_ptm_model_1_seed_000.pdb,83.27006172839506,78.9021052631579,13,14.850364,1.4532535
results_updated/RfaH/run1/divide_and_conquer/clades/clade_027/shuffle_05/group_005_unrelaxed_rank_001_alphafold2_ptm_model_1_seed_000.pdb,86.66148148148147,85.99342105263158,23,16.410807,1.4743067
results_updated/RfaH/run1/divide_and_conquer/clades/clade_027/shuffle_05/group_001_unrelaxed_rank_001_alphafold2_ptm_model_1_seed_000.pdb,67.84123456790124,42.560526315789474,13,5.8948617,5.6834903
results_updated/RfaH/run1/divide_and_conquer/clades/clade_027/shuffle_05/group_004_unrelaxed_rank_001_alphafold2_ptm_model_1_seed_000.pdb,70.49993827160493,48.45657894736842,13,7.797257,4.1449113
results_updated/RfaH/run1/divide_and_conquer/clades/clade_027/shuffle_06/group_003_unrelaxed_rank_001_alphafold2_ptm_model_1_seed_000.pdb,67.38759259259258,44.33947368421053,13,6.5874925,7.6744466
results_updated/RfaH/run1/divide_and_conquer/clades/clade_027/shuffle_06/group_002_unrelaxed_rank_001_alphafold2_ptm_model_1_seed_000.pdb,79.09518518518519,65.01315789473684,13,13.370373,1.876295
results_updated/RfaH/run1/divide_and_conquer/clades/clade_027/shuffle_06/group_005_unrelaxed_rank_001_alphafold2_ptm_model_1_seed_000.pdb,74.71666666666667,78.62184210526316,23,9.707813,1.6320398
results_updated/RfaH/run1/divide_and_conquer/clades/clade_027/shuffle_06/group_001_unrelaxed_rank_001_alphafold2_ptm_model_1_seed_000.pdb,59.437283950617285,35.955000000000005,13,10.555231,10.2387705
results_updated/RfaH/run1/divide_and_conquer/clades/clade_027/shuffle_06/group_004_unrelaxed_rank_001_alphafold2_ptm_model_1_seed_000.pdb,84.68783950617284,84.15605263157894,13,12.840623,1.5651047
results_updated/RfaH/run1/divide_and_conquer/clades/clade_027/shuffle_07/group_003_unrelaxed_rank_001_alphafold2_ptm_model_1_seed_000.pdb,67.69160493827161,45.983157894736834,13,5.594687,7.5002923
results_updated/RfaH/run1/divide_and_conquer/clades/clade_027/shuffle_07/group_002_unrelaxed_rank_001_alphafold2_ptm_model_1_seed_000.pdb,71.48246913580248,49.79526315789472,13,8.014368,4.0833
results_updated/RfaH/run1/divide_and_conquer/clades/clade_027/shuffle_07/group_005_unrelaxed_rank_001_alphafold2_ptm_model_1_seed_000.pdb,89.34191358024692,90.38342105263159,23,13.412909,1.4522128
results_updated/RfaH/run1/divide_and_conquer/clades/clade_027/shuffle_07/group_001_unrelaxed_rank_001_alphafold2_ptm_model_1_seed_000.pdb,84.24975308641974,81.85973684210526,13,15.508752,1.4253316
results_updated/RfaH/run1/divide_and_conquer/clades/clade_027/shuffle_07/group_004_unrelaxed_rank_001_alphafold2_ptm_model_1_seed_000.pdb,67.23296296296294,40.355000000000004,13,6.6677847,7.48616
results_updated/RfaH/run1/divide_and_conquer/clades/clade_027/shuffle_08/group_003_unrelaxed_rank_001_alphafold2_ptm_model_1_seed_000.pdb,85.57296296296296,85.04289473684211,13,14.04435,1.499791
results_updated/RfaH/run1/divide_and_conquer/clades/clade_027/shuffle_08/group_002_unrelaxed_rank_001_alphafold2_ptm_model_1_seed_000.pdb,65.39987654320988,39.40289473684211,13,7.7035627,8.777875
results_updated/RfaH/run1/divide_and_conquer/clades/clade_027/shuffle_08/group_005_unrelaxed_rank_001_alphafold2_ptm_model_1_seed_000.pdb,85.26882716049383,82.0592105263158,23,14.387586,1.46761
results_updated/RfaH/run1/divide_and_conquer/clades/clade_027/shuffle_08/group_001_unrelaxed_rank_001_alphafold2_ptm_model_1_seed_000.pdb,86.84296296296297,86.83947368421053,13,14.805166,1.4844575
results_updated/RfaH/run1/divide_and_conquer/clades/clade_027/shuffle_08/group_004_unrelaxed_rank_001_alphafold2_ptm_model_1_seed_000.pdb,66.01814814814816,39.523684210526305,13,6.540173,6.3340783
results_updated/RfaH/run1/divide_and_conquer/clades/clade_027/shuffle_09/group_003_unrelaxed_rank_001_alphafold2_ptm_model_1_seed_000.pdb,87.31660493827161,89.14684210526316,13,14.1446705,1.4438938
results_updated/RfaH/run1/divide_and_conquer/clades/clade_027/shuffle_09/group_002_unrelaxed_rank_001_alphafold2_ptm_model_1_seed_000.pdb,69.92401234567902,46.19842105263158,13,8.047159,4.353426
results_updated/RfaH/run1/divide_and_conquer/clades/clade_027/shuffle_09/group_005_unrelaxed_rank_001_alphafold2_ptm_model_1_seed_000.pdb,87.89913580246913,88.33526315789474,23,12.944836,1.5011171
results_updated/RfaH/run1/divide_and_conquer/clades/clade_027/shuffle_09/group_001_unrelaxed_rank_001_alphafold2_ptm_model_1_seed_000.pdb,85.74518518518519,85.71684210526315,13,17.801563,1.4703462
results_updated/RfaH/run1/divide_and_conquer/clades/clade_027/shuffle_09/group_004_unrelaxed_rank_001_alphafold2_ptm_model_1_seed_000.pdb,75.46246913580248,61.04684210526315,13,7.108923,1.6171924
results_updated/RfaH/run1/divide_and_conquer/clades/clade_027/shuffle_10/group_003_unrelaxed_rank_001_alphafold2_ptm_model_1_seed_000.pdb,85.09598765432098,85.2571052631579,13,15.49093,1.4488446
results_updated/RfaH/run1/divide_and_conquer/clades/clade_027/shuffle_10/group_002_unrelaxed_rank_001_alphafold2_ptm_model_1_seed_000.pdb,84.40604938271605,83.41105263157894,13,13.011781,1.5479339
results_updated/RfaH/run1/divide_and_conquer/clades/clade_027/shuffle_10/group_005_unrelaxed_rank_001_alphafold2_ptm_model_1_seed_000.pdb,87.89617283950616,85.00131578947368,23,15.40981,1.4399889
results_updated/RfaH/run1/divide_and_conquer/clades/clade_027/shuffle_10/group_001_unrelaxed_rank_001_alphafold2_ptm_model_1_seed_000.pdb,70.01456790123457,66.26815789473685,13,7.60608,1.7142127
results_updated/RfaH/run1/divide_and_conquer/clades/clade_027/shuffle_10/group_004_unrelaxed_rank_001_alphafold2_ptm_model_1_seed_000.pdb,65.03314814814814,39.4328947368421,13,5.906604,6.9441032
results_updated/RfaH/run1/divide_and_conquer/clades/clade_028/shuffle_01/group_003_unrelaxed_rank_001_alphafold2_ptm_model_1_seed_000.pdb,52.62759259259259,36.430789473684214,13,5.4450836,9.271149
results_updated/RfaH/run1/divide_and_conquer/clades/clade_028/shuffle_01/group_002_unrelaxed_rank_001_alphafold2_ptm_model_1_seed_000.pdb,70.46765432098766,42.21631578947368,13,9.357586,8.932615
results_updated/RfaH/run1/divide_and_conquer/clades/clade_028/shuffle_01/group_005_unrelaxed_rank_001_alphafold2_ptm_model_1_seed_000.pdb,68.79413580246914,45.95131578947368,20,7.584883,11.815394
results_updated/RfaH/run1/divide_and_conquer/clades/clade_028/shuffle_01/group_001_unrelaxed_rank_001_alphafold2_ptm_model_1_seed_000.pdb,72.68037037037038,61.11894736842104,13,4.9448986,8.88297
results_updated/RfaH/run1/divide_and_conquer/clades/clade_028/shuffle_01/group_004_unrelaxed_rank_001_alphafold2_ptm_model_1_seed_000.pdb,71.73530864197531,58.96184210526315,13,5.2809606,9.56951
results_updated/RfaH/run1/divide_and_conquer/clades/clade_028/shuffle_02/group_003_unrelaxed_rank_001_alphafold2_ptm_model_1_seed_000.pdb,72.0719135802469,58.904736842105265,13,5.4090586,8.492135
results_updated/RfaH/run1/divide_and_conquer/clades/clade_028/shuffle_02/group_002_unrelaxed_rank_001_alphafold2_ptm_model_1_seed_000.pdb,70.87012345679011,58.17447368421053,13,3.4064937,10.208543
results_updated/RfaH/run1/divide_and_conquer/clades/clade_028/shuffle_02/group_005_unrelaxed_rank_001_alphafold2_ptm_model_1_seed_000.pdb,74.79672839506172,53.588421052631574,20,13.401817,1.6593943
results_updated/RfaH/run1/divide_and_conquer/clades/clade_028/shuffle_02/group_001_unrelaxed_rank_001_alphafold2_ptm_model_1_seed_000.pdb,84.17432098765433,84.66631578947369,13,16.312262,1.4074162
results_updated/RfaH/run1/divide_and_conquer/clades/clade_028/shuffle_02/group_004_unrelaxed_rank_001_alphafold2_ptm_model_1_seed_000.pdb,66.7204938271605,56.98026315789474,13,3.1150703,10.518622
results_updated/RfaH/run1/divide_and_conquer/clades/clade_028/shuffle_03/group_003_unrelaxed_rank_001_alphafold2_ptm_model_1_seed_000.pdb,81.3691975308642,84.71763157894736,13,15.80123,1.3825239
results_updated/RfaH/run1/divide_and_conquer/clades/clade_028/shuffle_03/group_002_unrelaxed_rank_001_alphafold2_ptm_model_1_seed_000.pdb,61.9883950617284,42.85526315789474,13,4.8194523,9.328469
results_updated/RfaH/run1/divide_and_conquer/clades/clade_028/shuffle_03/group_005_unrelaxed_rank_001_alphafold2_ptm_model_1_seed_000.pdb,75.66512345679013,65.08105263157894,20,2.928436,9.996478
results_updated/RfaH/run1/divide_and_conquer/clades/clade_028/shuffle_03/group_001_unrelaxed_rank_001_alphafold2_ptm_model_1_seed_000.pdb,67.29802469135802,47.46473684210526,13,6.0489626,12.079457
results_updated/RfaH/run1/divide_and_conquer/clades/clade_028/shuffle_03/group_004_unrelaxed_rank_001_alphafold2_ptm_model_1_seed_000.pdb,66.3004938271605,42.19868421052632,13,7.7125435,10.26876
results_updated/RfaH/run1/divide_and_conquer/clades/clade_028/shuffle_04/group_003_unrelaxed_rank_001_alphafold2_ptm_model_1_seed_000.pdb,83.13253086419752,78.57815789473683,13,14.799844,1.5037881
results_updated/RfaH/run1/divide_and_conquer/clades/clade_028/shuffle_04/group_002_unrelaxed_rank_001_alphafold2_ptm_model_1_seed_000.pdb,67.44253086419754,48.058157894736844,13,4.769706,9.616565
results_updated/RfaH/run1/divide_and_conquer/clades/clade_028/shuffle_04/group_005_unrelaxed_rank_001_alphafold2_ptm_model_1_seed_000.pdb,72.39814814814815,62.624473684210514,20,3.420574,9.602175
results_updated/RfaH/run1/divide_and_conquer/clades/clade_028/shuffle_04/group_001_unrelaxed_rank_001_alphafold2_ptm_model_1_seed_000.pdb,72.98209876543208,59.64394736842106,13,5.13521,9.142651
results_updated/RfaH/run1/divide_and_conquer/clades/clade_028/shuffle_04/group_004_unrelaxed_rank_001_alphafold2_ptm_model_1_seed_000.pdb,63.80802469135802,42.943421052631585,13,8.733629,11.299304
results_updated/RfaH/run1/divide_and_conquer/clades/clade_028/shuffle_05/group_003_unrelaxed_rank_001_alphafold2_ptm_model_1_seed_000.pdb,52.664382716049374,38.66000000000001,13,5.401143,9.5999365
results_updated/RfaH/run1/divide_and_conquer/clades/clade_028/shuffle_05/group_002_unrelaxed_rank_001_alphafold2_ptm_model_1_seed_000.pdb,71.67234567901235,61.56999999999999,13,3.1553133,10.284493
results_updated/RfaH/run1/divide_and_conquer/clades/clade_028/shuffle_05/group_005_unrelaxed_rank_001_alphafold2_ptm_model_1_seed_000.pdb,74.04092592592592,64.89052631578947,20,3.346771,10.039946
results_updated/RfaH/run1/divide_and_conquer/clades/clade_028/shuffle_05/group_001_unrelaxed_rank_001_alphafold2_ptm_model_1_seed_000.pdb,67.1829012345679,49.15973684210527,13,6.208149,12.606165
results_updated/RfaH/run1/divide_and_conquer/clades/clade_028/shuffle_05/group_004_unrelaxed_rank_001_alphafold2_ptm_model_1_seed_000.pdb,79.78444444444445,70.63184210526316,13,15.1657715,1.3881874
results_updated/RfaH/run1/divide_and_conquer/clades/clade_028/shuffle_06/group_003_unrelaxed_rank_001_alphafold2_ptm_model_1_seed_000.pdb,67.79882716049383,47.44736842105262,13,4.505716,9.158258
results_updated/RfaH/run1/divide_and_conquer/clades/clade_028/shuffle_06/group_002_unrelaxed_rank_001_alphafold2_ptm_model_1_seed_000.pdb,58.96358024691357,46.64947368421052,13,7.0152597,11.525583
results_updated/RfaH/run1/divide_and_conquer/clades/clade_028/shuffle_06/group_005_unrelaxed_rank_001_alphafold2_ptm_model_1_seed_000.pdb,84.43098765432099,81.51026315789473,20,14.691735,1.4374459
results_updated/RfaH/run1/divide_and_conquer/clades/clade_028/shuffle_06/group_001_unrelaxed_rank_001_alphafold2_ptm_model_1_seed_000.pdb,75.62024691358025,83.80815789473684,13,16.110838,1.3925737
results_updated/RfaH/run1/divide_and_conquer/clades/clade_028/shuffle_06/group_004_unrelaxed_rank_001_alphafold2_ptm_model_1_seed_000.pdb,71.0254938271605,60.695789473684215,13,3.0214322,10.455629
results_updated/RfaH/run1/divide_and_conquer/clades/clade_028/shuffle_07/group_003_unrelaxed_rank_001_alphafold2_ptm_model_1_seed_000.pdb,73.13716049382715,60.75789473684208,13,4.546343,10.233562
results_updated/RfaH/run1/divide_and_conquer/clades/clade_028/shuffle_07/group_002_unrelaxed_rank_001_alphafold2_ptm_model_1_seed_000.pdb,63.352283950617284,45.0671052631579,13,4.263686,10.290931
results_updated/RfaH/run1/divide_and_conquer/clades/clade_028/shuffle_07/group_005_unrelaxed_rank_001_alphafold2_ptm_model_1_seed_000.pdb,60.400864197530865,52.25868421052631,20,4.3711567,10.388266
results_updated/RfaH/run1/divide_and_conquer/clades/clade_028/shuffle_07/group_001_unrelaxed_rank_001_alphafold2_ptm_model_1_seed_000.pdb,72.11746913580248,51.36947368421052,13,9.13609,11.650616
results_updated/RfaH/run1/divide_and_conquer/clades/clade_028/shuffle_07/group_004_unrelaxed_rank_001_alphafold2_ptm_model_1_seed_000.pdb,80.51185185185186,82.41947368421053,13,15.449949,1.4327937
results_updated/RfaH/run1/divide_and_conquer/clades/clade_028/shuffle_08/group_003_unrelaxed_rank_001_alphafold2_ptm_model_1_seed_000.pdb,56.01851851851852,54.02736842105263,13,3.9057372,10.228362
results_updated/RfaH/run1/divide_and_conquer/clades/clade_028/shuffle_08/group_002_unrelaxed_rank_001_alphafold2_ptm_model_1_seed_000.pdb,72.89975308641975,58.030789473684216,13,6.952784,12.3564415
results_updated/RfaH/run1/divide_and_conquer/clades/clade_028/shuffle_08/group_005_unrelaxed_rank_001_alphafold2_ptm_model_1_seed_000.pdb,71.78648148148147,61.54842105263157,20,3.6758292,9.841734
results_updated/RfaH/run1/divide_and_conquer/clades/clade_028/shuffle_08/group_001_unrelaxed_rank_001_alphafold2_ptm_model_1_seed_000.pdb,72.27135802469135,59.76815789473682,13,3.3367,9.934259
results_updated/RfaH/run1/divide_and_conquer/clades/clade_028/shuffle_08/group_004_unrelaxed_rank_001_alphafold2_ptm_model_1_seed_000.pdb,83.49438271604939,83.00342105263158,13,14.745506,1.4566357
results_updated/RfaH/run1/divide_and_conquer/clades/clade_028/shuffle_09/group_003_unrelaxed_rank_001_alphafold2_ptm_model_1_seed_000.pdb,69.03395061728395,46.72763157894737,13,5.867958,11.196554
results_updated/RfaH/run1/divide_and_conquer/clades/clade_028/shuffle_09/group_002_unrelaxed_rank_001_alphafold2_ptm_model_1_seed_000.pdb,72.28981481481482,59.43157894736842,13,4.19962,10.123942
results_updated/RfaH/run1/divide_and_conquer/clades/clade_028/shuffle_09/group_005_unrelaxed_rank_001_alphafold2_ptm_model_1_seed_000.pdb,84.48302469135803,82.74710526315789,20,15.590763,1.6061702
results_updated/RfaH/run1/divide_and_conquer/clades/clade_028/shuffle_09/group_001_unrelaxed_rank_001_alphafold2_ptm_model_1_seed_000.pdb,62.236358024691356,41.65894736842105,13,5.0494504,8.897236
results_updated/RfaH/run1/divide_and_conquer/clades/clade_028/shuffle_09/group_004_unrelaxed_rank_001_alphafold2_ptm_model_1_seed_000.pdb,69.6029012345679,48.92605263157895,13,6.9857373,8.936399
results_updated/RfaH/run1/divide_and_conquer/clades/clade_028/shuffle_10/group_003_unrelaxed_rank_001_alphafold2_ptm_model_1_seed_000.pdb,71.86500000000001,61.22052631578949,13,3.092483,10.453945
results_updated/RfaH/run1/divide_and_conquer/clades/clade_028/shuffle_10/group_002_unrelaxed_rank_001_alphafold2_ptm_model_1_seed_000.pdb,72.50697530864198,60.95631578947368,13,4.6527767,9.763014
results_updated/RfaH/run1/divide_and_conquer/clades/clade_028/shuffle_10/group_005_unrelaxed_rank_001_alphafold2_ptm_model_1_seed_000.pdb,61.14598765432098,56.92236842105264,20,4.5944505,9.445908
results_updated/RfaH/run1/divide_and_conquer/clades/clade_028/shuffle_10/group_001_unrelaxed_rank_001_alphafold2_ptm_model_1_seed_000.pdb,63.61246913580248,58.516842105263144,13,3.0477588,10.635399
results_updated/RfaH/run1/divide_and_conquer/clades/clade_028/shuffle_10/group_004_unrelaxed_rank_001_alphafold2_ptm_model_1_seed_000.pdb,76.94512345679013,86.02394736842105,13,15.755912,1.4389362
results_updated/RfaH/run1/divide_and_conquer/clades/clade_029/shuffle_01/group_003_unrelaxed_rank_001_alphafold2_ptm_model_1_seed_000.pdb,69.25407407407407,44.97157894736842,13,6.409882,11.032748
results_updated/RfaH/run1/divide_and_conquer/clades/clade_029/shuffle_01/group_002_unrelaxed_rank_001_alphafold2_ptm_model_1_seed_000.pdb,68.54364197530865,42.89631578947369,13,7.9782925,12.182088
results_updated/RfaH/run1/divide_and_conquer/clades/clade_029/shuffle_01/group_005_unrelaxed_rank_001_alphafold2_ptm_model_1_seed_000.pdb,68.89425925925926,42.099736842105266,20,9.640063,13.956356
results_updated/RfaH/run1/divide_and_conquer/clades/clade_029/shuffle_01/group_001_unrelaxed_rank_001_alphafold2_ptm_model_1_seed_000.pdb,72.61728395061728,52.870789473684205,13,7.753828,9.552226
results_updated/RfaH/run1/divide_and_conquer/clades/clade_029/shuffle_01/group_004_unrelaxed_rank_001_alphafold2_ptm_model_1_seed_000.pdb,69.88098765432099,46.406052631578945,13,6.5949397,11.054817
results_updated/RfaH/run1/divide_and_conquer/clades/clade_029/shuffle_02/group_003_unrelaxed_rank_001_alphafold2_ptm_model_1_seed_000.pdb,70.68876543209876,49.5607894736842,13,4.249667,9.505949
results_updated/RfaH/run1/divide_and_conquer/clades/clade_029/shuffle_02/group_002_unrelaxed_rank_001_alphafold2_ptm_model_1_seed_000.pdb,67.46537037037037,41.98026315789474,13,6.601553,9.71271
results_updated/RfaH/run1/divide_and_conquer/clades/clade_029/shuffle_02/group_005_unrelaxed_rank_001_alphafold2_ptm_model_1_seed_000.pdb,69.7704938271605,47.724736842105266,20,7.9139657,9.853552
results_updated/RfaH/run1/divide_and_conquer/clades/clade_029/shuffle_02/group_001_unrelaxed_rank_001_alphafold2_ptm_model_1_seed_000.pdb,70.28148148148148,44.661578947368426,13,8.263885,10.585208
results_updated/RfaH/run1/divide_and_conquer/clades/clade_029/shuffle_02/group_004_unrelaxed_rank_001_alphafold2_ptm_model_1_seed_000.pdb,69.45216049382717,42.06921052631579,13,9.169259,12.196917
results_updated/RfaH/run1/divide_and_conquer/clades/clade_029/shuffle_03/group_003_unrelaxed_rank_001_alphafold2_ptm_model_1_seed_000.pdb,67.24592592592593,38.14605263157895,13,11.819845,10.931021
results_updated/RfaH/run1/divide_and_conquer/clades/clade_029/shuffle_03/group_002_unrelaxed_rank_001_alphafold2_ptm_model_1_seed_000.pdb,80.44197530864197,71.72736842105263,13,10.563158,1.5508615
results_updated/RfaH/run1/divide_and_conquer/clades/clade_029/shuffle_03/group_005_unrelaxed_rank_001_alphafold2_ptm_model_1_seed_000.pdb,77.8819135802469,63.6321052631579,20,6.4520693,8.668968
results_updated/RfaH/run1/divide_and_conquer/clades/clade_029/shuffle_03/group_001_unrelaxed_rank_001_alphafold2_ptm_model_1_seed_000.pdb,70.99481481481482,47.239999999999995,13,7.70044,9.841771
results_updated/RfaH/run1/divide_and_conquer/clades/clade_029/shuffle_03/group_004_unrelaxed_rank_001_alphafold2_ptm_model_1_seed_000.pdb,83.12382716049383,81.6642105263158,13,9.869344,1.5164397
results_updated/RfaH/run1/divide_and_conquer/clades/clade_029/shuffle_04/group_003_unrelaxed_rank_001_alphafold2_ptm_model_1_seed_000.pdb,68.2853086419753,42.93342105263158,13,8.313887,8.755024
results_updated/RfaH/run1/divide_and_conquer/clades/clade_029/shuffle_04/group_002_unrelaxed_rank_001_alphafold2_ptm_model_1_seed_000.pdb,69.7262962962963,48.26736842105263,13,6.922957,10.553335
results_updated/RfaH/run1/divide_and_conquer/clades/clade_029/shuffle_04/group_005_unrelaxed_rank_001_alphafold2_ptm_model_1_seed_000.pdb,71.8262962962963,51.708157894736836,20,7.3859673,10.15684
results_updated/RfaH/run1/divide_and_conquer/clades/clade_029/shuffle_04/group_001_unrelaxed_rank_001_alphafold2_ptm_model_1_seed_000.pdb,67.08320987654321,41.75026315789473,13,6.3502274,9.8936205
results_updated/RfaH/run1/divide_and_conquer/clades/clade_029/shuffle_04/group_004_unrelaxed_rank_001_alphafold2_ptm_model_1_seed_000.pdb,69.2475925925926,48.255,13,5.562852,10.583818
results_updated/RfaH/run1/divide_and_conquer/clades/clade_029/shuffle_05/group_003_unrelaxed_rank_001_alphafold2_ptm_model_1_seed_000.pdb,83.83345679012346,85.85552631578946,13,17.210157,1.4235773
results_updated/RfaH/run1/divide_and_conquer/clades/clade_029/shuffle_05/group_002_unrelaxed_rank_001_alphafold2_ptm_model_1_seed_000.pdb,69.98475308641974,49.68526315789474,13,5.55878,11.590852
results_updated/RfaH/run1/divide_and_conquer/clades/clade_029/shuffle_05/group_005_unrelaxed_rank_001_alphafold2_ptm_model_1_seed_000.pdb,70.9837037037037,41.682631578947365,20,9.587802,12.427994
results_updated/RfaH/run1/divide_and_conquer/clades/clade_029/shuffle_05/group_001_unrelaxed_rank_001_alphafold2_ptm_model_1_seed_000.pdb,71.70833333333333,47.56421052631579,13,7.3871603,9.459569
results_updated/RfaH/run1/divide_and_conquer/clades/clade_029/shuffle_05/group_004_unrelaxed_rank_001_alphafold2_ptm_model_1_seed_000.pdb,66.35685185185186,44.475789473684216,13,5.2465167,8.408422
results_updated/RfaH/run1/divide_and_conquer/clades/clade_029/shuffle_06/group_003_unrelaxed_rank_001_alphafold2_ptm_model_1_seed_000.pdb,71.84061728395062,45.555263157894736,13,7.2401032,2.074662
results_updated/RfaH/run1/divide_and_conquer/clades/clade_029/shuffle_06/group_002_unrelaxed_rank_001_alphafold2_ptm_model_1_seed_000.pdb,69.94635802469135,43.584473684210515,13,7.3875294,10.028833
results_updated/RfaH/run1/divide_and_conquer/clades/clade_029/shuffle_06/group_005_unrelaxed_rank_001_alphafold2_ptm_model_1_seed_000.pdb,68.14703703703704,43.66394736842106,20,8.032568,11.821541
results_updated/RfaH/run1/divide_and_conquer/clades/clade_029/shuffle_06/group_001_unrelaxed_rank_001_alphafold2_ptm_model_1_seed_000.pdb,66.06129629629629,40.96684210526316,13,10.338697,10.233535
results_updated/RfaH/run1/divide_and_conquer/clades/clade_029/shuffle_06/group_004_unrelaxed_rank_001_alphafold2_ptm_model_1_seed_000.pdb,67.9717901234568,48.63263157894737,13,7.551681,2.3053067
results_updated/RfaH/run1/divide_and_conquer/clades/clade_029/shuffle_07/group_003_unrelaxed_rank_001_alphafold2_ptm_model_1_seed_000.pdb,70.8991975308642,46.21578947368422,13,6.549715,10.06887
results_updated/RfaH/run1/divide_and_conquer/clades/clade_029/shuffle_07/group_002_unrelaxed_rank_001_alphafold2_ptm_model_1_seed_000.pdb,58.1337037037037,40.91263157894737,13,7.779239,9.322462
results_updated/RfaH/run1/divide_and_conquer/clades/clade_029/shuffle_07/group_005_unrelaxed_rank_001_alphafold2_ptm_model_1_seed_000.pdb,75.78333333333333,63.183947368421045,20,6.4707427,9.982977
results_updated/RfaH/run1/divide_and_conquer/clades/clade_029/shuffle_07/group_001_unrelaxed_rank_001_alphafold2_ptm_model_1_seed_000.pdb,65.34592592592593,38.62421052631579,13,8.60916,9.684571
results_updated/RfaH/run1/divide_and_conquer/clades/clade_029/shuffle_07/group_004_unrelaxed_rank_001_alphafold2_ptm_model_1_seed_000.pdb,68.68456790123457,42.000263157894736,13,7.284742,10.65062
results_updated/RfaH/run1/divide_and_conquer/clades/clade_029/shuffle_08/group_003_unrelaxed_rank_001_alphafold2_ptm_model_1_seed_000.pdb,68.56154320987653,45.44868421052632,13,6.4527435,10.061597
results_updated/RfaH/run1/divide_and_conquer/clades/clade_029/shuffle_08/group_002_unrelaxed_rank_001_alphafold2_ptm_model_1_seed_000.pdb,65.67228395061728,40.1178947368421,13,6.7833776,5.215379
results_updated/RfaH/run1/divide_and_conquer/clades/clade_029/shuffle_08/group_005_unrelaxed_rank_001_alphafold2_ptm_model_1_seed_000.pdb,58.90530864197531,47.88947368421052,20,7.4285164,10.138439
results_updated/RfaH/run1/divide_and_conquer/clades/clade_029/shuffle_08/group_001_unrelaxed_rank_001_alphafold2_ptm_model_1_seed_000.pdb,71.645,47.771578947368425,13,9.39487,10.62793
results_updated/RfaH/run1/divide_and_conquer/clades/clade_029/shuffle_08/group_004_unrelaxed_rank_001_alphafold2_ptm_model_1_seed_000.pdb,70.45413580246914,46.73789473684211,13,6.7638707,11.021071
results_updated/RfaH/run1/divide_and_conquer/clades/clade_029/shuffle_09/group_003_unrelaxed_rank_001_alphafold2_ptm_model_1_seed_000.pdb,71.94148148148149,54.60842105263159,13,6.704611,9.342983
results_updated/RfaH/run1/divide_and_conquer/clades/clade_029/shuffle_09/group_002_unrelaxed_rank_001_alphafold2_ptm_model_1_seed_000.pdb,68.78660493827161,48.31868421052631,13,6.367664,8.372681
results_updated/RfaH/run1/divide_and_conquer/clades/clade_029/shuffle_09/group_005_unrelaxed_rank_001_alphafold2_ptm_model_1_seed_000.pdb,67.22604938271606,44.01263157894737,20,6.3474627,10.234052
results_updated/RfaH/run1/divide_and_conquer/clades/clade_029/shuffle_09/group_001_unrelaxed_rank_001_alphafold2_ptm_model_1_seed_000.pdb,67.90222222222222,44.81,13,6.63824,9.734194
results_updated/RfaH/run1/divide_and_conquer/clades/clade_029/shuffle_09/group_004_unrelaxed_rank_001_alphafold2_ptm_model_1_seed_000.pdb,71.4795061728395,48.144473684210524,13,6.247611,11.472792
results_updated/RfaH/run1/divide_and_conquer/clades/clade_029/shuffle_10/group_003_unrelaxed_rank_001_alphafold2_ptm_model_1_seed_000.pdb,58.53666666666667,44.71315789473684,13,6.5138884,12.566783
results_updated/RfaH/run1/divide_and_conquer/clades/clade_029/shuffle_10/group_002_unrelaxed_rank_001_alphafold2_ptm_model_1_seed_000.pdb,68.07203703703703,41.356842105263155,13,6.098509,7.39258
results_updated/RfaH/run1/divide_and_conquer/clades/clade_029/shuffle_10/group_005_unrelaxed_rank_001_alphafold2_ptm_model_1_seed_000.pdb,73.40228395061729,49.82236842105264,20,5.991602,9.872652
results_updated/RfaH/run1/divide_and_conquer/clades/clade_029/shuffle_10/group_001_unrelaxed_rank_001_alphafold2_ptm_model_1_seed_000.pdb,71.20413580246914,53.70657894736843,13,6.835572,8.99915
results_updated/RfaH/run1/divide_and_conquer/clades/clade_029/shuffle_10/group_004_unrelaxed_rank_001_alphafold2_ptm_model_1_seed_000.pdb,69.25518518518518,48.800789473684205,13,4.6927214,8.779994
results_updated/RfaH/run1/divide_and_conquer/clades/clade_030/shuffle_01/group_003_unrelaxed_rank_001_alphafold2_ptm_model_1_seed_000.pdb,68.3833950617284,41.80394736842105,13,6.9580503,6.3139353
results_updated/RfaH/run1/divide_and_conquer/clades/clade_030/shuffle_01/group_002_unrelaxed_rank_001_alphafold2_ptm_model_1_seed_000.pdb,64.39481481481482,42.43342105263159,13,6.4666834,6.1539903
results_updated/RfaH/run1/divide_and_conquer/clades/clade_030/shuffle_01/group_005_unrelaxed_rank_001_alphafold2_ptm_model_1_seed_000.pdb,75.20351851851852,60.904210526315794,20,6.619619,12.785135
results_updated/RfaH/run1/divide_and_conquer/clades/clade_030/shuffle_01/group_001_unrelaxed_rank_001_alphafold2_ptm_model_1_seed_000.pdb,80.59382716049383,71.17078947368421,13,9.6896305,1.4739027
results_updated/RfaH/run1/divide_and_conquer/clades/clade_030/shuffle_01/group_004_unrelaxed_rank_001_alphafold2_ptm_model_1_seed_000.pdb,67.76283950617282,45.75105263157894,13,8.449708,12.520627
results_updated/RfaH/run1/divide_and_conquer/clades/clade_030/shuffle_02/group_003_unrelaxed_rank_001_alphafold2_ptm_model_1_seed_000.pdb,67.54833333333333,58.83868421052631,13,9.288307,2.0176704
results_updated/RfaH/run1/divide_and_conquer/clades/clade_030/shuffle_02/group_002_unrelaxed_rank_001_alphafold2_ptm_model_1_seed_000.pdb,70.92061728395062,49.42,13,6.8741817,5.379206
results_updated/RfaH/run1/divide_and_conquer/clades/clade_030/shuffle_02/group_005_unrelaxed_rank_001_alphafold2_ptm_model_1_seed_000.pdb,67.0004938271605,46.07815789473684,20,7.989874,12.369658
results_updated/RfaH/run1/divide_and_conquer/clades/clade_030/shuffle_02/group_001_unrelaxed_rank_001_alphafold2_ptm_model_1_seed_000.pdb,80.30635802469136,75.84263157894736,13,12.062001,1.7549154
results_updated/RfaH/run1/divide_and_conquer/clades/clade_030/shuffle_02/group_004_unrelaxed_rank_001_alphafold2_ptm_model_1_seed_000.pdb,78.75327160493826,71.95368421052632,13,6.6920757,12.932234
results_updated/RfaH/run1/divide_and_conquer/clades/clade_030/shuffle_03/group_003_unrelaxed_rank_001_alphafold2_ptm_model_1_seed_000.pdb,76.36851851851853,64.20552631578947,13,8.567916,1.7832165
results_updated/RfaH/run1/divide_and_conquer/clades/clade_030/shuffle_03/group_002_unrelaxed_rank_001_alphafold2_ptm_model_1_seed_000.pdb,70.83401234567901,56.745789473684205,13,6.6037316,12.610281
results_updated/RfaH/run1/divide_and_conquer/clades/clade_030/shuffle_03/group_005_unrelaxed_rank_001_alphafold2_ptm_model_1_seed_000.pdb,75.41777777777777,61.696578947368415,20,6.888261,12.942796
results_updated/RfaH/run1/divide_and_conquer/clades/clade_030/shuffle_03/group_001_unrelaxed_rank_001_alphafold2_ptm_model_1_seed_000.pdb,59.50277777777777,43.0821052631579,13,8.208912,8.557913
results_updated/RfaH/run1/divide_and_conquer/clades/clade_030/shuffle_03/group_004_unrelaxed_rank_001_alphafold2_ptm_model_1_seed_000.pdb,83.19561728395063,80.48236842105263,13,10.281467,1.5266963
results_updated/RfaH/run1/divide_and_conquer/clades/clade_030/shuffle_04/group_003_unrelaxed_rank_001_alphafold2_ptm_model_1_seed_000.pdb,67.16567901234568,41.57631578947369,13,6.5101643,10.050923
results_updated/RfaH/run1/divide_and_conquer/clades/clade_030/shuffle_04/group_002_unrelaxed_rank_001_alphafold2_ptm_model_1_seed_000.pdb,76.4001851851852,67.80342105263158,13,6.267241,12.664402
results_updated/RfaH/run1/divide_and_conquer/clades/clade_030/shuffle_04/group_005_unrelaxed_rank_001_alphafold2_ptm_model_1_seed_000.pdb,80.85228395061728,71.30447368421054,20,8.376634,1.8316507
results_updated/RfaH/run1/divide_and_conquer/clades/clade_030/shuffle_04/group_001_unrelaxed_rank_001_alphafold2_ptm_model_1_seed_000.pdb,68.41888888888889,49.264210526315786,13,5.8922453,12.263503
results_updated/RfaH/run1/divide_and_conquer/clades/clade_030/shuffle_04/group_004_unrelaxed_rank_001_alphafold2_ptm_model_1_seed_000.pdb,79.24000000000001,74.30236842105262,13,7.27428,1.6072372
results_updated/RfaH/run1/divide_and_conquer/clades/clade_030/shuffle_05/group_003_unrelaxed_rank_001_alphafold2_ptm_model_1_seed_000.pdb,81.06074074074074,79.62184210526316,13,10.193715,1.4690361
results_updated/RfaH/run1/divide_and_conquer/clades/clade_030/shuffle_05/group_002_unrelaxed_rank_001_alphafold2_ptm_model_1_seed_000.pdb,67.6496913580247,45.71078947368422,13,7.4161153,12.848976
results_updated/RfaH/run1/divide_and_conquer/clades/clade_030/shuffle_05/group_005_unrelaxed_rank_001_alphafold2_ptm_model_1_seed_000.pdb,74.37493827160495,56.310789473684224,20,5.9415097,11.579493
results_updated/RfaH/run1/divide_and_conquer/clades/clade_030/shuffle_05/group_001_unrelaxed_rank_001_alphafold2_ptm_model_1_seed_000.pdb,86.90987654320988,88.42236842105264,13,12.316859,1.4679017
results_updated/RfaH/run1/divide_and_conquer/clades/clade_030/shuffle_05/group_004_unrelaxed_rank_001_alphafold2_ptm_model_1_seed_000.pdb,68.2204938271605,43.94578947368421,13,8.010719,10.689538
results_updated/RfaH/run1/divide_and_conquer/clades/clade_030/shuffle_06/group_003_unrelaxed_rank_001_alphafold2_ptm_model_1_seed_000.pdb,86.14654320987654,89.77026315789473,13,11.675208,1.6354518
results_updated/RfaH/run1/divide_and_conquer/clades/clade_030/shuffle_06/group_002_unrelaxed_rank_001_alphafold2_ptm_model_1_seed_000.pdb,68.10339506172839,41.996842105263156,13,9.058966,10.851377
results_updated/RfaH/run1/divide_and_conquer/clades/clade_030/shuffle_06/group_005_unrelaxed_rank_001_alphafold2_ptm_model_1_seed_000.pdb,63.52777777777778,49.24263157894737,20,7.574002,3.0477858
results_updated/RfaH/run1/divide_and_conquer/clades/clade_030/shuffle_06/group_001_unrelaxed_rank_001_alphafold2_ptm_model_1_seed_000.pdb,69.2356172839506,43.53368421052632,13,8.806752,14.612301
results_updated/RfaH/run1/divide_and_conquer/clades/clade_030/shuffle_06/group_004_unrelaxed_rank_001_alphafold2_ptm_model_1_seed_000.pdb,67.14592592592594,40.94921052631578,13,7.7235303,11.133078
results_updated/RfaH/run1/divide_and_conquer/clades/clade_030/shuffle_07/group_003_unrelaxed_rank_001_alphafold2_ptm_model_1_seed_000.pdb,66.80765432098765,41.31736842105264,13,5.4638376,9.3180685
results_updated/RfaH/run1/divide_and_conquer/clades/clade_030/shuffle_07/group_002_unrelaxed_rank_001_alphafold2_ptm_model_1_seed_000.pdb,72.09506172839507,55.852105263157895,13,6.7999473,12.350164
results_updated/RfaH/run1/divide_and_conquer/clades/clade_030/shuffle_07/group_005_unrelaxed_rank_001_alphafold2_ptm_model_1_seed_000.pdb,89.10339506172838,89.82263157894737,20,11.987685,1.5213047
results_updated/RfaH/run1/divide_and_conquer/clades/clade_030/shuffle_07/group_001_unrelaxed_rank_001_alphafold2_ptm_model_1_seed_000.pdb,55.13203703703704,35.034473684210525,13,10.919842,9.401724
results_updated/RfaH/run1/divide_and_conquer/clades/clade_030/shuffle_07/group_004_unrelaxed_rank_001_alphafold2_ptm_model_1_seed_000.pdb,73.77901234567902,54.703947368421055,13,8.137991,2.5276127
results_updated/RfaH/run1/divide_and_conquer/clades/clade_030/shuffle_08/group_003_unrelaxed_rank_001_alphafold2_ptm_model_1_seed_000.pdb,69.55,49.21815789473685,13,2.9778755,9.404308
results_updated/RfaH/run1/divide_and_conquer/clades/clade_030/shuffle_08/group_002_unrelaxed_rank_001_alphafold2_ptm_model_1_seed_000.pdb,86.97925925925925,88.5,13,12.58228,1.4685639
results_updated/RfaH/run1/divide_and_conquer/clades/clade_030/shuffle_08/group_005_unrelaxed_rank_001_alphafold2_ptm_model_1_seed_000.pdb,72.66314814814815,55.56763157894737,20,5.2283006,10.672946
results_updated/RfaH/run1/divide_and_conquer/clades/clade_030/shuffle_08/group_001_unrelaxed_rank_001_alphafold2_ptm_model_1_seed_000.pdb,83.35277777777777,81.62210526315789,13,11.240685,1.5712517
results_updated/RfaH/run1/divide_and_conquer/clades/clade_030/shuffle_08/group_004_unrelaxed_rank_001_alphafold2_ptm_model_1_seed_000.pdb,59.897037037037045,38.90947368421053,13,7.362015,9.091138
results_updated/RfaH/run1/divide_and_conquer/clades/clade_030/shuffle_09/group_003_unrelaxed_rank_001_alphafold2_ptm_model_1_seed_000.pdb,67.64586419753086,40.90605263157895,13,9.382939,12.109626
results_updated/RfaH/run1/divide_and_conquer/clades/clade_030/shuffle_09/group_002_unrelaxed_rank_001_alphafold2_ptm_model_1_seed_000.pdb,59.122407407407415,42.51026315789474,13,8.850464,7.467049
results_updated/RfaH/run1/divide_and_conquer/clades/clade_030/shuffle_09/group_005_unrelaxed_rank_001_alphafold2_ptm_model_1_seed_000.pdb,80.33820987654322,72.52000000000001,20,6.4508305,12.535622
results_updated/RfaH/run1/divide_and_conquer/clades/clade_030/shuffle_09/group_001_unrelaxed_rank_001_alphafold2_ptm_model_1_seed_000.pdb,72.18648148148148,52.6728947368421,13,8.31272,3.4180787
results_updated/RfaH/run1/divide_and_conquer/clades/clade_030/shuffle_09/group_004_unrelaxed_rank_001_alphafold2_ptm_model_1_seed_000.pdb,67.79987654320988,42.16078947368422,13,5.7161555,7.7028713
results_updated/RfaH/run1/divide_and_conquer/clades/clade_030/shuffle_10/group_003_unrelaxed_rank_001_alphafold2_ptm_model_1_seed_000.pdb,74.29067901234568,58.68263157894736,13,8.508851,2.5015244
results_updated/RfaH/run1/divide_and_conquer/clades/clade_030/shuffle_10/group_002_unrelaxed_rank_001_alphafold2_ptm_model_1_seed_000.pdb,68.70191358024691,42.870789473684205,13,6.5015845,9.166713
results_updated/RfaH/run1/divide_and_conquer/clades/clade_030/shuffle_10/group_005_unrelaxed_rank_001_alphafold2_ptm_model_1_seed_000.pdb,79.41339506172841,74.16999999999999,20,10.544451,1.6709437
results_updated/RfaH/run1/divide_and_conquer/clades/clade_030/shuffle_10/group_001_unrelaxed_rank_001_alphafold2_ptm_model_1_seed_000.pdb,69.67882716049384,50.78026315789474,13,6.621594,12.546704
results_updated/RfaH/run1/divide_and_conquer/clades/clade_030/shuffle_10/group_004_unrelaxed_rank_001_alphafold2_ptm_model_1_seed_000.pdb,80.90259259259258,74.46868421052632,13,9.15697,1.7275248
results_updated/RfaH/run1/divide_and_conquer/clades/clade_031/shuffle_01/group_003_unrelaxed_rank_001_alphafold2_ptm_model_1_seed_000.pdb,65.36944444444444,43.43947368421053,13,5.49158,7.9889207
results_updated/RfaH/run1/divide_and_conquer/clades/clade_031/shuffle_01/group_002_unrelaxed_rank_001_alphafold2_ptm_model_1_seed_000.pdb,63.12895061728395,41.08342105263157,13,7.493658,10.848405
results_updated/RfaH/run1/divide_and_conquer/clades/clade_031/shuffle_01/group_005_unrelaxed_rank_001_alphafold2_ptm_model_1_seed_000.pdb,71.02827160493827,54.108157894736834,19,9.395299,2.238832
results_updated/RfaH/run1/divide_and_conquer/clades/clade_031/shuffle_01/group_001_unrelaxed_rank_001_alphafold2_ptm_model_1_seed_000.pdb,68.18697530864198,44.09710526315789,13,8.12231,11.800478
results_updated/RfaH/run1/divide_and_conquer/clades/clade_031/shuffle_01/group_004_unrelaxed_rank_001_alphafold2_ptm_model_1_seed_000.pdb,80.10000000000001,76.97342105263158,13,15.11064,1.4565922
results_updated/RfaH/run1/divide_and_conquer/clades/clade_031/shuffle_02/group_003_unrelaxed_rank_001_alphafold2_ptm_model_1_seed_000.pdb,68.62882716049383,45.91184210526316,13,7.2095714,1.8837088
results_updated/RfaH/run1/divide_and_conquer/clades/clade_031/shuffle_02/group_002_unrelaxed_rank_001_alphafold2_ptm_model_1_seed_000.pdb,70.08376543209876,51.03131578947368,13,6.2412715,12.087777
results_updated/RfaH/run1/divide_and_conquer/clades/clade_031/shuffle_02/group_005_unrelaxed_rank_001_alphafold2_ptm_model_1_seed_000.pdb,65.73648148148149,43.09394736842105,19,5.553856,8.391852
results_updated/RfaH/run1/divide_and_conquer/clades/clade_031/shuffle_02/group_001_unrelaxed_rank_001_alphafold2_ptm_model_1_seed_000.pdb,82.86716049382716,81.48921052631579,13,14.3910055,1.5060762
results_updated/RfaH/run1/divide_and_conquer/clades/clade_031/shuffle_02/group_004_unrelaxed_rank_001_alphafold2_ptm_model_1_seed_000.pdb,68.48203703703703,47.58157894736842,13,7.5769653,12.383656
results_updated/RfaH/run1/divide_and_conquer/clades/clade_031/shuffle_03/group_003_unrelaxed_rank_001_alphafold2_ptm_model_1_seed_000.pdb,64.20191358024691,44.263684210526314,13,4.984205,10.282002
results_updated/RfaH/run1/divide_and_conquer/clades/clade_031/shuffle_03/group_002_unrelaxed_rank_001_alphafold2_ptm_model_1_seed_000.pdb,83.1017901234568,81.30973684210528,13,16.011734,1.4727778
results_updated/RfaH/run1/divide_and_conquer/clades/clade_031/shuffle_03/group_005_unrelaxed_rank_001_alphafold2_ptm_model_1_seed_000.pdb,68.36759259259259,43.53315789473684,19,8.820991,12.580379
results_updated/RfaH/run1/divide_and_conquer/clades/clade_031/shuffle_03/group_001_unrelaxed_rank_001_alphafold2_ptm_model_1_seed_000.pdb,72.69777777777779,50.70473684210527,13,15.897801,11.009964
results_updated/RfaH/run1/divide_and_conquer/clades/clade_031/shuffle_03/group_004_unrelaxed_rank_001_alphafold2_ptm_model_1_seed_000.pdb,65.66148148148147,41.346315789473685,13,6.374083,9.985559
results_updated/RfaH/run1/divide_and_conquer/clades/clade_031/shuffle_04/group_003_unrelaxed_rank_001_alphafold2_ptm_model_1_seed_000.pdb,80.53086419753086,71.52210526315788,13,14.260467,1.8931618
results_updated/RfaH/run1/divide_and_conquer/clades/clade_031/shuffle_04/group_002_unrelaxed_rank_001_alphafold2_ptm_model_1_seed_000.pdb,83.63172839506173,84.57263157894738,13,14.629986,1.5765129
results_updated/RfaH/run1/divide_and_conquer/clades/clade_031/shuffle_04/group_005_unrelaxed_rank_001_alphafold2_ptm_model_1_seed_000.pdb,64.35981481481483,42.0321052631579,19,4.3313828,10.804339
results_updated/RfaH/run1/divide_and_conquer/clades/clade_031/shuffle_04/group_001_unrelaxed_rank_001_alphafold2_ptm_model_1_seed_000.pdb,67.54703703703704,46.02368421052631,13,9.100005,12.013243
results_updated/RfaH/run1/divide_and_conquer/clades/clade_031/shuffle_04/group_004_unrelaxed_rank_001_alphafold2_ptm_model_1_seed_000.pdb,79.56629629629629,78.07342105263157,13,11.327778,1.3773792
results_updated/RfaH/run1/divide_and_conquer/clades/clade_031/shuffle_05/group_003_unrelaxed_rank_001_alphafold2_ptm_model_1_seed_000.pdb,70.07833333333333,48.7,13,8.932878,13.275218
results_updated/RfaH/run1/divide_and_conquer/clades/clade_031/shuffle_05/group_002_unrelaxed_rank_001_alphafold2_ptm_model_1_seed_000.pdb,65.54950617283951,38.85578947368421,13,9.419511,12.416192
results_updated/RfaH/run1/divide_and_conquer/clades/clade_031/shuffle_05/group_005_unrelaxed_rank_001_alphafold2_ptm_model_1_seed_000.pdb,84.24401234567901,82.89289473684211,19,13.841948,1.3971258
results_updated/RfaH/run1/divide_and_conquer/clades/clade_031/shuffle_05/group_001_unrelaxed_rank_001_alphafold2_ptm_model_1_seed_000.pdb,67.15975308641976,44.87552631578948,13,5.8164206,7.9519835
results_updated/RfaH/run1/divide_and_conquer/clades/clade_031/shuffle_05/group_004_unrelaxed_rank_001_alphafold2_ptm_model_1_seed_000.pdb,63.62518518518519,38.56263157894737,13,7.1871076,6.44266
results_updated/RfaH/run1/divide_and_conquer/clades/clade_031/shuffle_06/group_003_unrelaxed_rank_001_alphafold2_ptm_model_1_seed_000.pdb,66.07203703703703,43.17131578947368,13,7.9746127,14.185272
results_updated/RfaH/run1/divide_and_conquer/clades/clade_031/shuffle_06/group_002_unrelaxed_rank_001_alphafold2_ptm_model_1_seed_000.pdb,67.49432098765432,41.36868421052632,13,14.854509,3.4999678
results_updated/RfaH/run1/divide_and_conquer/clades/clade_031/shuffle_06/group_005_unrelaxed_rank_001_alphafold2_ptm_model_1_seed_000.pdb,83.99469135802471,83.69,19,14.77733,1.464306
results_updated/RfaH/run1/divide_and_conquer/clades/clade_031/shuffle_06/group_001_unrelaxed_rank_001_alphafold2_ptm_model_1_seed_000.pdb,66.10462962962963,44.08184210526316,13,6.1343317,9.903009
results_updated/RfaH/run1/divide_and_conquer/clades/clade_031/shuffle_06/group_004_unrelaxed_rank_001_alphafold2_ptm_model_1_seed_000.pdb,68.92574074074075,48.405526315789466,13,7.6599283,12.653569
results_updated/RfaH/run1/divide_and_conquer/clades/clade_031/shuffle_07/group_003_unrelaxed_rank_001_alphafold2_ptm_model_1_seed_000.pdb,65.76654320987655,42.199999999999996,13,3.9338877,10.8476305
results_updated/RfaH/run1/divide_and_conquer/clades/clade_031/shuffle_07/group_002_unrelaxed_rank_001_alphafold2_ptm_model_1_seed_000.pdb,66.06666666666666,43.00631578947368,13,5.5880637,9.008822
results_updated/RfaH/run1/divide_and_conquer/clades/clade_031/shuffle_07/group_005_unrelaxed_rank_001_alphafold2_ptm_model_1_seed_000.pdb,80.5696913580247,78.13184210526315,19,14.040769,1.4677377
results_updated/RfaH/run1/divide_and_conquer/clades/clade_031/shuffle_07/group_001_unrelaxed_rank_001_alphafold2_ptm_model_1_seed_000.pdb,80.36901234567901,75.95394736842105,13,13.174371,1.5935078
results_updated/RfaH/run1/divide_and_conquer/clades/clade_031/shuffle_07/group_004_unrelaxed_rank_001_alphafold2_ptm_model_1_seed_000.pdb,65.76777777777778,44.26552631578948,13,6.0381107,9.238339
results_updated/RfaH/run1/divide_and_conquer/clades/clade_031/shuffle_08/group_003_unrelaxed_rank_001_alphafold2_ptm_model_1_seed_000.pdb,70.62314814814815,52.89157894736842,13,7.9936466,11.097319
results_updated/RfaH/run1/divide_and_conquer/clades/clade_031/shuffle_08/group_002_unrelaxed_rank_001_alphafold2_ptm_model_1_seed_000.pdb,65.18919753086419,42.316052631578955,13,5.363832,9.031042
results_updated/RfaH/run1/divide_and_conquer/clades/clade_031/shuffle_08/group_005_unrelaxed_rank_001_alphafold2_ptm_model_1_seed_000.pdb,66.73734567901235,43.862894736842115,19,7.783064,12.370868
results_updated/RfaH/run1/divide_and_conquer/clades/clade_031/shuffle_08/group_001_unrelaxed_rank_001_alphafold2_ptm_model_1_seed_000.pdb,71.38512345679013,52.514736842105265,13,6.716525,11.8096075
results_updated/RfaH/run1/divide_and_conquer/clades/clade_031/shuffle_08/group_004_unrelaxed_rank_001_alphafold2_ptm_model_1_seed_000.pdb,66.04814814814814,47.77394736842105,13,5.472288,7.0444155
results_updated/RfaH/run1/divide_and_conquer/clades/clade_031/shuffle_09/group_003_unrelaxed_rank_001_alphafold2_ptm_model_1_seed_000.pdb,71.0420987654321,47.72552631578948,13,9.249282,11.451781
results_updated/RfaH/run1/divide_and_conquer/clades/clade_031/shuffle_09/group_002_unrelaxed_rank_001_alphafold2_ptm_model_1_seed_000.pdb,75.21648148148148,55.82736842105263,13,13.951918,2.8701038
results_updated/RfaH/run1/divide_and_conquer/clades/clade_031/shuffle_09/group_005_unrelaxed_rank_001_alphafold2_ptm_model_1_seed_000.pdb,67.20611111111111,47.18789473684211,19,4.8456116,10.222209
results_updated/RfaH/run1/divide_and_conquer/clades/clade_031/shuffle_09/group_001_unrelaxed_rank_001_alphafold2_ptm_model_1_seed_000.pdb,83.41703703703702,82.94026315789472,13,15.628643,1.4976358
results_updated/RfaH/run1/divide_and_conquer/clades/clade_031/shuffle_09/group_004_unrelaxed_rank_001_alphafold2_ptm_model_1_seed_000.pdb,64.88796296296296,43.98342105263159,13,4.170504,8.726449
results_updated/RfaH/run1/divide_and_conquer/clades/clade_031/shuffle_10/group_003_unrelaxed_rank_001_alphafold2_ptm_model_1_seed_000.pdb,68.51024691358025,49.01526315789474,13,3.4942596,9.491149
results_updated/RfaH/run1/divide_and_conquer/clades/clade_031/shuffle_10/group_002_unrelaxed_rank_001_alphafold2_ptm_model_1_seed_000.pdb,64.75061728395062,43.26026315789474,13,4.6883173,9.214305
results_updated/RfaH/run1/divide_and_conquer/clades/clade_031/shuffle_10/group_005_unrelaxed_rank_001_alphafold2_ptm_model_1_seed_000.pdb,86.42117283950616,86.57736842105263,19,16.231983,1.4347048
results_updated/RfaH/run1/divide_and_conquer/clades/clade_031/shuffle_10/group_001_unrelaxed_rank_001_alphafold2_ptm_model_1_seed_000.pdb,64.8474074074074,40.05894736842105,13,5.9659834,7.1968966
results_updated/RfaH/run1/divide_and_conquer/clades/clade_031/shuffle_10/group_004_unrelaxed_rank_001_alphafold2_ptm_model_1_seed_000.pdb,68.80561728395062,49.18447368421053,13,8.407689,13.959439
results_updated/RfaH/run1/divide_and_conquer/clades/clade_032/shuffle_01/group_003_unrelaxed_rank_001_alphafold2_ptm_model_1_seed_000.pdb,66.98382716049383,43.15921052631579,13,6.5681186,10.310198
results_updated/RfaH/run1/divide_and_conquer/clades/clade_032/shuffle_01/group_002_unrelaxed_rank_001_alphafold2_ptm_model_1_seed_000.pdb,61.977345679012345,45.05894736842106,13,6.158698,9.884177
results_updated/RfaH/run1/divide_and_conquer/clades/clade_032/shuffle_01/group_005_unrelaxed_rank_001_alphafold2_ptm_model_1_seed_000.pdb,67.80876543209877,42.06552631578948,19,8.492574,10.105043
results_updated/RfaH/run1/divide_and_conquer/clades/clade_032/shuffle_01/group_001_unrelaxed_rank_001_alphafold2_ptm_model_1_seed_000.pdb,67.21191358024691,45.13842105263157,13,8.779336,9.681883
results_updated/RfaH/run1/divide_and_conquer/clades/clade_032/shuffle_01/group_004_unrelaxed_rank_001_alphafold2_ptm_model_1_seed_000.pdb,73.16327160493827,61.11421052631578,13,6.601091,10.39854
results_updated/RfaH/run1/divide_and_conquer/clades/clade_032/shuffle_02/group_003_unrelaxed_rank_001_alphafold2_ptm_model_1_seed_000.pdb,66.4745061728395,46.55026315789475,13,7.3404956,11.38522
results_updated/RfaH/run1/divide_and_conquer/clades/clade_032/shuffle_02/group_002_unrelaxed_rank_001_alphafold2_ptm_model_1_seed_000.pdb,73.47067901234568,62.29499999999999,13,6.623317,10.74637
results_updated/RfaH/run1/divide_and_conquer/clades/clade_032/shuffle_02/group_005_unrelaxed_rank_001_alphafold2_ptm_model_1_seed_000.pdb,68.34746913580247,42.81657894736843,19,8.291117,9.418148
results_updated/RfaH/run1/divide_and_conquer/clades/clade_032/shuffle_02/group_001_unrelaxed_rank_001_alphafold2_ptm_model_1_seed_000.pdb,63.053209876543214,48.60342105263158,13,7.2862062,11.309599
results_updated/RfaH/run1/divide_and_conquer/clades/clade_032/shuffle_02/group_004_unrelaxed_rank_001_alphafold2_ptm_model_1_seed_000.pdb,67.60858024691358,49.24263157894736,13,5.7179236,11.287835
results_updated/RfaH/run1/divide_and_conquer/clades/clade_032/shuffle_03/group_003_unrelaxed_rank_001_alphafold2_ptm_model_1_seed_000.pdb,67.64487654320989,45.268947368421045,13,6.571462,3.0851977
results_updated/RfaH/run1/divide_and_conquer/clades/clade_032/shuffle_03/group_002_unrelaxed_rank_001_alphafold2_ptm_model_1_seed_000.pdb,66.10012345679013,47.85157894736841,13,5.6715627,8.144548
results_updated/RfaH/run1/divide_and_conquer/clades/clade_032/shuffle_03/group_005_unrelaxed_rank_001_alphafold2_ptm_model_1_seed_000.pdb,69.48530864197531,51.95789473684211,19,6.8943963,10.361626
results_updated/RfaH/run1/divide_and_conquer/clades/clade_032/shuffle_03/group_001_unrelaxed_rank_001_alphafold2_ptm_model_1_seed_000.pdb,69.56561728395062,49.703947368421055,13,7.7755227,9.875661
results_updated/RfaH/run1/divide_and_conquer/clades/clade_032/shuffle_03/group_004_unrelaxed_rank_001_alphafold2_ptm_model_1_seed_000.pdb,74.84882716049383,63.089736842105275,13,5.862351,10.903396
results_updated/RfaH/run1/divide_and_conquer/clades/clade_032/shuffle_04/group_003_unrelaxed_rank_001_alphafold2_ptm_model_1_seed_000.pdb,75.40808641975309,64.96157894736842,13,6.614493,9.922992
results_updated/RfaH/run1/divide_and_conquer/clades/clade_032/shuffle_04/group_002_unrelaxed_rank_001_alphafold2_ptm_model_1_seed_000.pdb,66.2817901234568,41.75868421052631,13,7.321939,9.826763
results_updated/RfaH/run1/divide_and_conquer/clades/clade_032/shuffle_04/group_005_unrelaxed_rank_001_alphafold2_ptm_model_1_seed_000.pdb,83.59123456790124,79.85710526315789,19,12.966346,1.4702855
results_updated/RfaH/run1/divide_and_conquer/clades/clade_032/shuffle_04/group_001_unrelaxed_rank_001_alphafold2_ptm_model_1_seed_000.pdb,65.03512345679012,42.15815789473684,13,5.929986,7.696739
results_updated/RfaH/run1/divide_and_conquer/clades/clade_032/shuffle_04/group_004_unrelaxed_rank_001_alphafold2_ptm_model_1_seed_000.pdb,68.8924074074074,51.83315789473684,13,7.5376205,10.910256
results_updated/RfaH/run1/divide_and_conquer/clades/clade_032/shuffle_05/group_003_unrelaxed_rank_001_alphafold2_ptm_model_1_seed_000.pdb,65.34703703703703,42.946052631578944,13,5.5799623,8.554261
results_updated/RfaH/run1/divide_and_conquer/clades/clade_032/shuffle_05/group_002_unrelaxed_rank_001_alphafold2_ptm_model_1_seed_000.pdb,67.21820987654323,43.65868421052631,13,7.7745695,8.959188
results_updated/RfaH/run1/divide_and_conquer/clades/clade_032/shuffle_05/group_005_unrelaxed_rank_001_alphafold2_ptm_model_1_seed_000.pdb,75.34092592592593,64.61342105263158,19,6.3079205,9.732254
results_updated/RfaH/run1/divide_and_conquer/clades/clade_032/shuffle_05/group_001_unrelaxed_rank_001_alphafold2_ptm_model_1_seed_000.pdb,64.48469135802469,40.52684210526316,13,7.8032537,9.557986
results_updated/RfaH/run1/divide_and_conquer/clades/clade_032/shuffle_05/group_004_unrelaxed_rank_001_alphafold2_ptm_model_1_seed_000.pdb,79.63771604938272,79.50947368421053,13,12.301658,1.4901553
results_updated/RfaH/run1/divide_and_conquer/clades/clade_032/shuffle_06/group_003_unrelaxed_rank_001_alphafold2_ptm_model_1_seed_000.pdb,67.89641975308643,48.47736842105263,13,6.5234857,9.660041
results_updated/RfaH/run1/divide_and_conquer/clades/clade_032/shuffle_06/group_002_unrelaxed_rank_001_alphafold2_ptm_model_1_seed_000.pdb,70.81191358024691,54.576052631578946,13,6.5929804,9.66262
results_updated/RfaH/run1/divide_and_conquer/clades/clade_032/shuffle_06/group_005_unrelaxed_rank_001_alphafold2_ptm_model_1_seed_000.pdb,80.37154320987655,72.61368421052632,19,15.167628,1.6649404
results_updated/RfaH/run1/divide_and_conquer/clades/clade_032/shuffle_06/group_001_unrelaxed_rank_001_alphafold2_ptm_model_1_seed_000.pdb,63.864135802469136,44.545789473684216,13,6.1657267,9.891492
results_updated/RfaH/run1/divide_and_conquer/clades/clade_032/shuffle_06/group_004_unrelaxed_rank_001_alphafold2_ptm_model_1_seed_000.pdb,66.23166666666667,42.57131578947369,13,7.5566816,10.520753
results_updated/RfaH/run1/divide_and_conquer/clades/clade_032/shuffle_07/group_003_unrelaxed_rank_001_alphafold2_ptm_model_1_seed_000.pdb,64.17765432098766,43.77263157894737,13,7.1368127,10.492693
results_updated/RfaH/run1/divide_and_conquer/clades/clade_032/shuffle_07/group_002_unrelaxed_rank_001_alphafold2_ptm_model_1_seed_000.pdb,69.38685185185184,45.28263157894737,13,8.103545,9.363088
results_updated/RfaH/run1/divide_and_conquer/clades/clade_032/shuffle_07/group_005_unrelaxed_rank_001_alphafold2_ptm_model_1_seed_000.pdb,68.66895061728395,44.6471052631579,19,6.690154,10.111949
results_updated/RfaH/run1/divide_and_conquer/clades/clade_032/shuffle_07/group_001_unrelaxed_rank_001_alphafold2_ptm_model_1_seed_000.pdb,67.7696913580247,48.05736842105263,13,7.0662694,10.267441
results_updated/RfaH/run1/divide_and_conquer/clades/clade_032/shuffle_07/group_004_unrelaxed_rank_001_alphafold2_ptm_model_1_seed_000.pdb,56.48104938271605,44.088421052631574,13,6.926074,9.842667
results_updated/RfaH/run1/divide_and_conquer/clades/clade_032/shuffle_08/group_003_unrelaxed_rank_001_alphafold2_ptm_model_1_seed_000.pdb,76.52617283950617,66.44526315789474,13,6.918991,1.639879
results_updated/RfaH/run1/divide_and_conquer/clades/clade_032/shuffle_08/group_002_unrelaxed_rank_001_alphafold2_ptm_model_1_seed_000.pdb,68.02253086419753,44.38342105263157,13,5.5390353,11.41289
results_updated/RfaH/run1/divide_and_conquer/clades/clade_032/shuffle_08/group_005_unrelaxed_rank_001_alphafold2_ptm_model_1_seed_000.pdb,71.62358024691358,51.70657894736843,19,5.230901,8.51949
results_updated/RfaH/run1/divide_and_conquer/clades/clade_032/shuffle_08/group_001_unrelaxed_rank_001_alphafold2_ptm_model_1_seed_000.pdb,67.46648148148148,50.41184210526315,13,7.037199,10.868529
results_updated/RfaH/run1/divide_and_conquer/clades/clade_032/shuffle_08/group_004_unrelaxed_rank_001_alphafold2_ptm_model_1_seed_000.pdb,65.9422839506173,41.51263157894738,13,6.2482815,7.999324
results_updated/RfaH/run1/divide_and_conquer/clades/clade_032/shuffle_09/group_003_unrelaxed_rank_001_alphafold2_ptm_model_1_seed_000.pdb,67.01475308641974,46.95052631578948,13,8.471139,12.493509
results_updated/RfaH/run1/divide_and_conquer/clades/clade_032/shuffle_09/group_002_unrelaxed_rank_001_alphafold2_ptm_model_1_seed_000.pdb,66.87339506172839,39.36999999999999,13,7.6950464,8.77927
results_updated/RfaH/run1/divide_and_conquer/clades/clade_032/shuffle_09/group_005_unrelaxed_rank_001_alphafold2_ptm_model_1_seed_000.pdb,69.51814814814814,50.280789473684216,19,6.1974683,10.760461
results_updated/RfaH/run1/divide_and_conquer/clades/clade_032/shuffle_09/group_001_unrelaxed_rank_001_alphafold2_ptm_model_1_seed_000.pdb,66.90845679012345,45.75263157894737,13,5.613982,8.87163
results_updated/RfaH/run1/divide_and_conquer/clades/clade_032/shuffle_09/group_004_unrelaxed_rank_001_alphafold2_ptm_model_1_seed_000.pdb,84.09820987654321,85.13842105263157,13,10.701147,1.4633099
results_updated/RfaH/run1/divide_and_conquer/clades/clade_032/shuffle_10/group_003_unrelaxed_rank_001_alphafold2_ptm_model_1_seed_000.pdb,54.76790123456791,41.127631578947366,13,7.7424374,8.653579
results_updated/RfaH/run1/divide_and_conquer/clades/clade_032/shuffle_10/group_002_unrelaxed_rank_001_alphafold2_ptm_model_1_seed_000.pdb,67.05592592592592,44.33631578947368,13,7.316552,9.0906515
results_updated/RfaH/run1/divide_and_conquer/clades/clade_032/shuffle_10/group_005_unrelaxed_rank_001_alphafold2_ptm_model_1_seed_000.pdb,66.17956790123456,45.87447368421053,19,6.848752,11.183039
results_updated/RfaH/run1/divide_and_conquer/clades/clade_032/shuffle_10/group_001_unrelaxed_rank_001_alphafold2_ptm_model_1_seed_000.pdb,82.66172839506173,81.28631578947369,13,11.50406,1.47105
results_updated/RfaH/run1/divide_and_conquer/clades/clade_032/shuffle_10/group_004_unrelaxed_rank_001_alphafold2_ptm_model_1_seed_000.pdb,66.51246913580248,46.450263157894746,13,5.911085,7.81581
results_updated/RfaH/run1/divide_and_conquer/clades/clade_033/shuffle_01/group_003_unrelaxed_rank_001_alphafold2_ptm_model_1_seed_000.pdb,66.56,42.80315789473685,13,6.574056,12.509003
results_updated/RfaH/run1/divide_and_conquer/clades/clade_033/shuffle_01/group_002_unrelaxed_rank_001_alphafold2_ptm_model_1_seed_000.pdb,67.4717901234568,44.264210526315786,13,7.149697,10.266938
results_updated/RfaH/run1/divide_and_conquer/clades/clade_033/shuffle_01/group_005_unrelaxed_rank_001_alphafold2_ptm_model_1_seed_000.pdb,66.06888888888889,43.35921052631579,16,4.5132766,9.639271
results_updated/RfaH/run1/divide_and_conquer/clades/clade_033/shuffle_01/group_001_unrelaxed_rank_001_alphafold2_ptm_model_1_seed_000.pdb,70.69413580246913,58.46052631578947,13,3.099334,10.023022
results_updated/RfaH/run1/divide_and_conquer/clades/clade_033/shuffle_01/group_004_unrelaxed_rank_001_alphafold2_ptm_model_1_seed_000.pdb,67.39141975308642,45.94,13,7.988811,12.21266
results_updated/RfaH/run1/divide_and_conquer/clades/clade_033/shuffle_02/group_003_unrelaxed_rank_001_alphafold2_ptm_model_1_seed_000.pdb,67.67382716049383,45.376578947368415,13,8.467879,9.359707
results_updated/RfaH/run1/divide_and_conquer/clades/clade_033/shuffle_02/group_002_unrelaxed_rank_001_alphafold2_ptm_model_1_seed_000.pdb,74.90061728395061,65.51368421052632,13,1.9498622,10.023068
results_updated/RfaH/run1/divide_and_conquer/clades/clade_033/shuffle_02/group_005_unrelaxed_rank_001_alphafold2_ptm_model_1_seed_000.pdb,68.17469135802469,45.92842105263158,16,5.0776343,8.729345
results_updated/RfaH/run1/divide_and_conquer/clades/clade_033/shuffle_02/group_001_unrelaxed_rank_001_alphafold2_ptm_model_1_seed_000.pdb,68.3538888888889,47.217894736842105,13,7.5452456,9.665297
results_updated/RfaH/run1/divide_and_conquer/clades/clade_033/shuffle_02/group_004_unrelaxed_rank_001_alphafold2_ptm_model_1_seed_000.pdb,73.81456790123457,65.45631578947369,13,2.126049,9.415174
results_updated/RfaH/run1/divide_and_conquer/clades/clade_033/shuffle_03/group_003_unrelaxed_rank_001_alphafold2_ptm_model_1_seed_000.pdb,66.56265432098765,41.2292105263158,13,7.968704,11.231246
results_updated/RfaH/run1/divide_and_conquer/clades/clade_033/shuffle_03/group_002_unrelaxed_rank_001_alphafold2_ptm_model_1_seed_000.pdb,73.67018518518519,65.13315789473685,13,2.210259,9.94533
results_updated/RfaH/run1/divide_and_conquer/clades/clade_033/shuffle_03/group_005_unrelaxed_rank_001_alphafold2_ptm_model_1_seed_000.pdb,65.3817901234568,45.004999999999995,16,7.1162663,9.992088
results_updated/RfaH/run1/divide_and_conquer/clades/clade_033/shuffle_03/group_001_unrelaxed_rank_001_alphafold2_ptm_model_1_seed_000.pdb,69.24722222222222,48.09342105263158,13,4.5164804,9.891055
results_updated/RfaH/run1/divide_and_conquer/clades/clade_033/shuffle_03/group_004_unrelaxed_rank_001_alphafold2_ptm_model_1_seed_000.pdb,71.61358024691357,53.154210526315794,13,5.9224453,11.930976
results_updated/RfaH/run1/divide_and_conquer/clades/clade_033/shuffle_04/group_003_unrelaxed_rank_001_alphafold2_ptm_model_1_seed_000.pdb,67.54728395061728,43.18184210526315,13,7.2278314,12.178381
results_updated/RfaH/run1/divide_and_conquer/clades/clade_033/shuffle_04/group_002_unrelaxed_rank_001_alphafold2_ptm_model_1_seed_000.pdb,66.5124074074074,44.4528947368421,13,5.087389,8.891524
results_updated/RfaH/run1/divide_and_conquer/clades/clade_033/shuffle_04/group_005_unrelaxed_rank_001_alphafold2_ptm_model_1_seed_000.pdb,68.65024691358025,47.350789473684216,16,7.285338,3.1831303
results_updated/RfaH/run1/divide_and_conquer/clades/clade_033/shuffle_04/group_001_unrelaxed_rank_001_alphafold2_ptm_model_1_seed_000.pdb,69.11296296296297,48.69552631578947,13,8.083514,9.002564
results_updated/RfaH/run1/divide_and_conquer/clades/clade_033/shuffle_04/group_004_unrelaxed_rank_001_alphafold2_ptm_model_1_seed_000.pdb,71.35382716049382,54.27263157894736,13,3.8834877,9.761637
results_updated/RfaH/run1/divide_and_conquer/clades/clade_033/shuffle_05/group_003_unrelaxed_rank_001_alphafold2_ptm_model_1_seed_000.pdb,65.6504938271605,45.16631578947367,13,5.673194,6.8961735
results_updated/RfaH/run1/divide_and_conquer/clades/clade_033/shuffle_05/group_002_unrelaxed_rank_001_alphafold2_ptm_model_1_seed_000.pdb,65.01956790123457,45.07921052631579,13,7.7284636,10.116435
results_updated/RfaH/run1/divide_and_conquer/clades/clade_033/shuffle_05/group_005_unrelaxed_rank_001_alphafold2_ptm_model_1_seed_000.pdb,67.96098765432099,44.522368421052626,16,5.873253,9.991263
results_updated/RfaH/run1/divide_and_conquer/clades/clade_033/shuffle_05/group_001_unrelaxed_rank_001_alphafold2_ptm_model_1_seed_000.pdb,70.31851851851852,53.50973684210526,13,2.560327,10.78233
results_updated/RfaH/run1/divide_and_conquer/clades/clade_033/shuffle_05/group_004_unrelaxed_rank_001_alphafold2_ptm_model_1_seed_000.pdb,69.41314814814815,51.08184210526316,13,5.270933,8.01915
results_updated/RfaH/run1/divide_and_conquer/clades/clade_033/shuffle_06/group_003_unrelaxed_rank_001_alphafold2_ptm_model_1_seed_000.pdb,65.90932098765431,43.67815789473684,13,3.7875423,9.186428
results_updated/RfaH/run1/divide_and_conquer/clades/clade_033/shuffle_06/group_002_unrelaxed_rank_001_alphafold2_ptm_model_1_seed_000.pdb,74.04580246913581,61.880526315789474,13,7.0012584,13.653984
results_updated/RfaH/run1/divide_and_conquer/clades/clade_033/shuffle_06/group_005_unrelaxed_rank_001_alphafold2_ptm_model_1_seed_000.pdb,66.35302469135802,42.58657894736842,16,5.5675864,11.055624
results_updated/RfaH/run1/divide_and_conquer/clades/clade_033/shuffle_06/group_001_unrelaxed_rank_001_alphafold2_ptm_model_1_seed_000.pdb,66.01074074074074,41.890789473684215,13,8.510976,13.590052
results_updated/RfaH/run1/divide_and_conquer/clades/clade_033/shuffle_06/group_004_unrelaxed_rank_001_alphafold2_ptm_model_1_seed_000.pdb,69.3004938271605,49.788421052631584,13,3.8291204,10.099597
results_updated/RfaH/run1/divide_and_conquer/clades/clade_033/shuffle_07/group_003_unrelaxed_rank_001_alphafold2_ptm_model_1_seed_000.pdb,67.14024691358026,46.167631578947365,13,7.3592086,10.243452
results_updated/RfaH/run1/divide_and_conquer/clades/clade_033/shuffle_07/group_002_unrelaxed_rank_001_alphafold2_ptm_model_1_seed_000.pdb,67.8353086419753,51.31210526315789,13,3.5640872,9.280317
results_updated/RfaH/run1/divide_and_conquer/clades/clade_033/shuffle_07/group_005_unrelaxed_rank_001_alphafold2_ptm_model_1_seed_000.pdb,67.3337037037037,43.518157894736845,16,8.569477,11.33503
results_updated/RfaH/run1/divide_and_conquer/clades/clade_033/shuffle_07/group_001_unrelaxed_rank_001_alphafold2_ptm_model_1_seed_000.pdb,66.14259259259259,41.305789473684214,13,5.4986825,10.740829
results_updated/RfaH/run1/divide_and_conquer/clades/clade_033/shuffle_07/group_004_unrelaxed_rank_001_alphafold2_ptm_model_1_seed_000.pdb,71.5069135802469,51.535526315789475,13,7.6535926,13.272848
results_updated/RfaH/run1/divide_and_conquer/clades/clade_033/shuffle_08/group_003_unrelaxed_rank_001_alphafold2_ptm_model_1_seed_000.pdb,75.06253086419753,66.3463157894737,13,2.5015163,9.928087
results_updated/RfaH/run1/divide_and_conquer/clades/clade_033/shuffle_08/group_002_unrelaxed_rank_001_alphafold2_ptm_model_1_seed_000.pdb,63.50950617283951,38.25947368421053,13,6.521929,12.0494375
results_updated/RfaH/run1/divide_and_conquer/clades/clade_033/shuffle_08/group_005_unrelaxed_rank_001_alphafold2_ptm_model_1_seed_000.pdb,71.0770987654321,55.26605263157894,16,3.2409015,9.09082
results_updated/RfaH/run1/divide_and_conquer/clades/clade_033/shuffle_08/group_001_unrelaxed_rank_001_alphafold2_ptm_model_1_seed_000.pdb,74.4612962962963,63.71184210526315,13,2.520799,10.125786
results_updated/RfaH/run1/divide_and_conquer/clades/clade_033/shuffle_08/group_004_unrelaxed_rank_001_alphafold2_ptm_model_1_seed_000.pdb,66.90864197530864,44.17763157894737,13,7.4430995,9.777338
results_updated/RfaH/run1/divide_and_conquer/clades/clade_033/shuffle_09/group_003_unrelaxed_rank_001_alphafold2_ptm_model_1_seed_000.pdb,67.24092592592592,43.44263157894737,13,7.1863675,9.572238
results_updated/RfaH/run1/divide_and_conquer/clades/clade_033/shuffle_09/group_002_unrelaxed_rank_001_alphafold2_ptm_model_1_seed_000.pdb,72.18037037037037,59.935263157894724,13,2.7775238,11.05227
results_updated/RfaH/run1/divide_and_conquer/clades/clade_033/shuffle_09/group_005_unrelaxed_rank_001_alphafold2_ptm_model_1_seed_000.pdb,67.18265432098765,42.72184210526316,16,7.865372,10.936269
results_updated/RfaH/run1/divide_and_conquer/clades/clade_033/shuffle_09/group_001_unrelaxed_rank_001_alphafold2_ptm_model_1_seed_000.pdb,71.34648148148148,54.30763157894737,13,3.4351315,9.368233
results_updated/RfaH/run1/divide_and_conquer/clades/clade_033/shuffle_09/group_004_unrelaxed_rank_001_alphafold2_ptm_model_1_seed_000.pdb,68.86376543209877,51.99210526315789,13,2.7649121,11.001307
results_updated/RfaH/run1/divide_and_conquer/clades/clade_033/shuffle_10/group_003_unrelaxed_rank_001_alphafold2_ptm_model_1_seed_000.pdb,67.76141975308641,46.33342105263157,13,6.1298895,9.350199
results_updated/RfaH/run1/divide_and_conquer/clades/clade_033/shuffle_10/group_002_unrelaxed_rank_001_alphafold2_ptm_model_1_seed_000.pdb,68.76666666666667,47.57973684210526,13,7.439483,12.589661
results_updated/RfaH/run1/divide_and_conquer/clades/clade_033/shuffle_10/group_005_unrelaxed_rank_001_alphafold2_ptm_model_1_seed_000.pdb,73.49141975308642,55.25447368421054,16,5.1809964,11.614492
results_updated/RfaH/run1/divide_and_conquer/clades/clade_033/shuffle_10/group_001_unrelaxed_rank_001_alphafold2_ptm_model_1_seed_000.pdb,64.24012345679012,44.21078947368421,13,4.188158,10.484085
results_updated/RfaH/run1/divide_and_conquer/clades/clade_033/shuffle_10/group_004_unrelaxed_rank_001_alphafold2_ptm_model_1_seed_000.pdb,73.04179012345679,64.13157894736841,13,2.3995786,9.615844
results_updated/RfaH/run1/divide_and_conquer/clades/clade_034/shuffle_01/group_003_unrelaxed_rank_001_alphafold2_ptm_model_1_seed_000.pdb,66.64197530864197,45.95078947368421,13,7.1181183,10.620833
results_updated/RfaH/run1/divide_and_conquer/clades/clade_034/shuffle_01/group_002_unrelaxed_rank_001_alphafold2_ptm_model_1_seed_000.pdb,59.96783950617284,45.35394736842105,13,12.54436,10.750923
results_updated/RfaH/run1/divide_and_conquer/clades/clade_034/shuffle_01/group_005_unrelaxed_rank_001_alphafold2_ptm_model_1_seed_000.pdb,70.61277777777778,49.56736842105263,15,6.778485,12.098789
results_updated/RfaH/run1/divide_and_conquer/clades/clade_034/shuffle_01/group_001_unrelaxed_rank_001_alphafold2_ptm_model_1_seed_000.pdb,65.52456790123456,44.62999999999999,13,4.3355427,9.099188
results_updated/RfaH/run1/divide_and_conquer/clades/clade_034/shuffle_01/group_004_unrelaxed_rank_001_alphafold2_ptm_model_1_seed_000.pdb,83.49462962962964,82.1271052631579,13,15.600266,1.4314711
results_updated/RfaH/run1/divide_and_conquer/clades/clade_034/shuffle_02/group_003_unrelaxed_rank_001_alphafold2_ptm_model_1_seed_000.pdb,85.755,86.04789473684211,13,15.25513,1.3337034
results_updated/RfaH/run1/divide_and_conquer/clades/clade_034/shuffle_02/group_002_unrelaxed_rank_001_alphafold2_ptm_model_1_seed_000.pdb,68.23635802469137,46.94631578947368,13,7.796538,11.008399
results_updated/RfaH/run1/divide_and_conquer/clades/clade_034/shuffle_02/group_005_unrelaxed_rank_001_alphafold2_ptm_model_1_seed_000.pdb,65.56432098765433,40.056315789473686,15,5.546172,11.59951
results_updated/RfaH/run1/divide_and_conquer/clades/clade_034/shuffle_02/group_001_unrelaxed_rank_001_alphafold2_ptm_model_1_seed_000.pdb,58.16987654320988,43.75815789473685,13,6.450925,9.622853
results_updated/RfaH/run1/divide_and_conquer/clades/clade_034/shuffle_02/group_004_unrelaxed_rank_001_alphafold2_ptm_model_1_seed_000.pdb,67.41839506172839,45.69447368421053,13,6.423701,10.034119
results_updated/RfaH/run1/divide_and_conquer/clades/clade_034/shuffle_03/group_003_unrelaxed_rank_001_alphafold2_ptm_model_1_seed_000.pdb,80.47882716049382,86.08315789473684,13,14.547665,1.3773602
results_updated/RfaH/run1/divide_and_conquer/clades/clade_034/shuffle_03/group_002_unrelaxed_rank_001_alphafold2_ptm_model_1_seed_000.pdb,71.4941975308642,54.39736842105262,13,6.591818,13.247153
results_updated/RfaH/run1/divide_and_conquer/clades/clade_034/shuffle_03/group_005_unrelaxed_rank_001_alphafold2_ptm_model_1_seed_000.pdb,67.34820987654321,44.25763157894737,15,6.6300116,11.131371
results_updated/RfaH/run1/divide_and_conquer/clades/clade_034/shuffle_03/group_001_unrelaxed_rank_001_alphafold2_ptm_model_1_seed_000.pdb,71.7909259259259,56.180263157894736,13,3.4341917,10.198166
results_updated/RfaH/run1/divide_and_conquer/clades/clade_034/shuffle_03/group_004_unrelaxed_rank_001_alphafold2_ptm_model_1_seed_000.pdb,84.58444444444444,81.66000000000001,13,15.670103,1.4564068
results_updated/RfaH/run1/divide_and_conquer/clades/clade_034/shuffle_04/group_003_unrelaxed_rank_001_alphafold2_ptm_model_1_seed_000.pdb,83.22086419753086,76.59815789473684,13,15.995341,1.6511183
results_updated/RfaH/run1/divide_and_conquer/clades/clade_034/shuffle_04/group_002_unrelaxed_rank_001_alphafold2_ptm_model_1_seed_000.pdb,68.38685185185186,45.922105263157896,13,6.359629,12.655369
results_updated/RfaH/run1/divide_and_conquer/clades/clade_034/shuffle_04/group_005_unrelaxed_rank_001_alphafold2_ptm_model_1_seed_000.pdb,68.2645061728395,43.71078947368421,15,6.890093,11.81921
results_updated/RfaH/run1/divide_and_conquer/clades/clade_034/shuffle_04/group_001_unrelaxed_rank_001_alphafold2_ptm_model_1_seed_000.pdb,83.92574074074075,83.94,13,15.5127125,1.3519673
results_updated/RfaH/run1/divide_and_conquer/clades/clade_034/shuffle_04/group_004_unrelaxed_rank_001_alphafold2_ptm_model_1_seed_000.pdb,69.8841975308642,56.352105263157895,13,5.1577954,10.57751
results_updated/RfaH/run1/divide_and_conquer/clades/clade_034/shuffle_05/group_003_unrelaxed_rank_001_alphafold2_ptm_model_1_seed_000.pdb,84.06012345679012,84.48210526315789,13,16.031773,1.438794
results_updated/RfaH/run1/divide_and_conquer/clades/clade_034/shuffle_05/group_002_unrelaxed_rank_001_alphafold2_ptm_model_1_seed_000.pdb,68.72382716049383,47.78447368421053,13,8.217166,10.747189
results_updated/RfaH/run1/divide_and_conquer/clades/clade_034/shuffle_05/group_005_unrelaxed_rank_001_alphafold2_ptm_model_1_seed_000.pdb,78.54358024691358,69.51973684210526,15,6.706128,13.066174
results_updated/RfaH/run1/divide_and_conquer/clades/clade_034/shuffle_05/group_001_unrelaxed_rank_001_alphafold2_ptm_model_1_seed_000.pdb,71.22024691358025,63.70236842105263,13,2.2757685,9.228809
results_updated/RfaH/run1/divide_and_conquer/clades/clade_034/shuffle_05/group_004_unrelaxed_rank_001_alphafold2_ptm_model_1_seed_000.pdb,86.07919753086419,86.29473684210527,13,16.896896,1.432815
results_updated/RfaH/run1/divide_and_conquer/clades/clade_034/shuffle_06/group_003_unrelaxed_rank_001_alphafold2_ptm_model_1_seed_000.pdb,71.79067901234568,55.728421052631575,13,5.4561553,11.142726
results_updated/RfaH/run1/divide_and_conquer/clades/clade_034/shuffle_06/group_002_unrelaxed_rank_001_alphafold2_ptm_model_1_seed_000.pdb,83.08302469135803,77.91052631578948,13,15.55069,1.382567
results_updated/RfaH/run1/divide_and_conquer/clades/clade_034/shuffle_06/group_005_unrelaxed_rank_001_alphafold2_ptm_model_1_seed_000.pdb,61.547592592592586,52.00263157894737,15,8.432008,15.857868
results_updated/RfaH/run1/divide_and_conquer/clades/clade_034/shuffle_06/group_001_unrelaxed_rank_001_alphafold2_ptm_model_1_seed_000.pdb,69.57975308641977,52.16552631578949,13,6.607878,11.618494
results_updated/RfaH/run1/divide_and_conquer/clades/clade_034/shuffle_06/group_004_unrelaxed_rank_001_alphafold2_ptm_model_1_seed_000.pdb,68.32320987654322,49.04921052631579,13,6.9934645,10.606902
results_updated/RfaH/run1/divide_and_conquer/clades/clade_034/shuffle_07/group_003_unrelaxed_rank_001_alphafold2_ptm_model_1_seed_000.pdb,65.09833333333333,43.613157894736844,13,6.4349318,13.619093
results_updated/RfaH/run1/divide_and_conquer/clades/clade_034/shuffle_07/group_002_unrelaxed_rank_001_alphafold2_ptm_model_1_seed_000.pdb,62.88882716049384,48.445,13,5.2945056,9.719819
results_updated/RfaH/run1/divide_and_conquer/clades/clade_034/shuffle_07/group_005_unrelaxed_rank_001_alphafold2_ptm_model_1_seed_000.pdb,73.21746913580246,64.98921052631579,15,2.3377743,9.384208
results_updated/RfaH/run1/divide_and_conquer/clades/clade_034/shuffle_07/group_001_unrelaxed_rank_001_alphafold2_ptm_model_1_seed_000.pdb,67.90407407407407,43.198157894736845,13,7.124142,11.46657
results_updated/RfaH/run1/divide_and_conquer/clades/clade_034/shuffle_07/group_004_unrelaxed_rank_001_alphafold2_ptm_model_1_seed_000.pdb,70.70450617283952,51.11263157894737,13,6.262234,10.436773
results_updated/RfaH/run1/divide_and_conquer/clades/clade_034/shuffle_08/group_003_unrelaxed_rank_001_alphafold2_ptm_model_1_seed_000.pdb,67.60833333333333,44.86605263157895,13,7.2602367,12.345401
results_updated/RfaH/run1/divide_and_conquer/clades/clade_034/shuffle_08/group_002_unrelaxed_rank_001_alphafold2_ptm_model_1_seed_000.pdb,64.91376543209877,42.693157894736835,13,5.2901406,11.611085
results_updated/RfaH/run1/divide_and_conquer/clades/clade_034/shuffle_08/group_005_unrelaxed_rank_001_alphafold2_ptm_model_1_seed_000.pdb,83.66450617283951,78.71342105263157,15,14.9912405,1.6275702
results_updated/RfaH/run1/divide_and_conquer/clades/clade_034/shuffle_08/group_001_unrelaxed_rank_001_alphafold2_ptm_model_1_seed_000.pdb,68.5354938271605,48.989473684210516,13,7.0461626,10.939594
results_updated/RfaH/run1/divide_and_conquer/clades/clade_034/shuffle_08/group_004_unrelaxed_rank_001_alphafold2_ptm_model_1_seed_000.pdb,85.79228395061727,86.73605263157896,13,15.645121,1.4371772
results_updated/RfaH/run1/divide_and_conquer/clades/clade_034/shuffle_09/group_003_unrelaxed_rank_001_alphafold2_ptm_model_1_seed_000.pdb,64.39833333333333,45.2042105263158,13,5.7257533,9.587085
results_updated/RfaH/run1/divide_and_conquer/clades/clade_034/shuffle_09/group_002_unrelaxed_rank_001_alphafold2_ptm_model_1_seed_000.pdb,85.50524691358025,87.59026315789474,13,15.291594,1.4081529
results_updated/RfaH/run1/divide_and_conquer/clades/clade_034/shuffle_09/group_005_unrelaxed_rank_001_alphafold2_ptm_model_1_seed_000.pdb,72.37172839506174,55.08631578947369,15,4.40553,9.326163
results_updated/RfaH/run1/divide_and_conquer/clades/clade_034/shuffle_09/group_001_unrelaxed_rank_001_alphafold2_ptm_model_1_seed_000.pdb,69.02216049382716,51.46447368421053,13,5.456187,11.407382
results_updated/RfaH/run1/divide_and_conquer/clades/clade_034/shuffle_09/group_004_unrelaxed_rank_001_alphafold2_ptm_model_1_seed_000.pdb,70.91401234567901,51.33736842105264,13,5.8351197,12.658457
results_updated/RfaH/run1/divide_and_conquer/clades/clade_034/shuffle_10/group_003_unrelaxed_rank_001_alphafold2_ptm_model_1_seed_000.pdb,68.69512345679013,51.2771052631579,13,6.204037,12.411479
results_updated/RfaH/run1/divide_and_conquer/clades/clade_034/shuffle_10/group_002_unrelaxed_rank_001_alphafold2_ptm_model_1_seed_000.pdb,85.93123456790124,87.65052631578948,13,15.228155,1.4513847
results_updated/RfaH/run1/divide_and_conquer/clades/clade_034/shuffle_10/group_005_unrelaxed_rank_001_alphafold2_ptm_model_1_seed_000.pdb,71.88524691358025,56.20710526315789,15,8.196054,12.538196
results_updated/RfaH/run1/divide_and_conquer/clades/clade_034/shuffle_10/group_001_unrelaxed_rank_001_alphafold2_ptm_model_1_seed_000.pdb,67.7820987654321,42.80263157894737,13,4.9258046,10.251672
results_updated/RfaH/run1/divide_and_conquer/clades/clade_034/shuffle_10/group_004_unrelaxed_rank_001_alphafold2_ptm_model_1_seed_000.pdb,69.6866049382716,50.133947368421055,13,4.8899016,8.058224
results_updated/RfaH/run1/divide_and_conquer/clades/clade_035/shuffle_01/group_003_unrelaxed_rank_001_alphafold2_ptm_model_1_seed_000.pdb,67.13944444444445,44.386315789473684,13,7.260426,10.2324915
results_updated/RfaH/run1/divide_and_conquer/clades/clade_035/shuffle_01/group_002_unrelaxed_rank_001_alphafold2_ptm_model_1_seed_000.pdb,65.18314814814815,42.816842105263156,13,6.9901724,9.363083
results_updated/RfaH/run1/divide_and_conquer/clades/clade_035/shuffle_01/group_001_unrelaxed_rank_001_alphafold2_ptm_model_1_seed_000.pdb,61.05370370370371,38.617105263157896,13,7.019696,9.60632
results_updated/RfaH/run1/divide_and_conquer/clades/clade_035/shuffle_01/group_004_unrelaxed_rank_001_alphafold2_ptm_model_1_seed_000.pdb,71.89246913580247,53.530789473684216,23,4.7994843,10.0030575
results_updated/RfaH/run1/divide_and_conquer/clades/clade_035/shuffle_02/group_003_unrelaxed_rank_001_alphafold2_ptm_model_1_seed_000.pdb,65.97067901234568,42.994473684210526,13,7.593608,11.082729
results_updated/RfaH/run1/divide_and_conquer/clades/clade_035/shuffle_02/group_002_unrelaxed_rank_001_alphafold2_ptm_model_1_seed_000.pdb,62.63320987654322,43.826052631578946,13,7.6544256,8.656249
results_updated/RfaH/run1/divide_and_conquer/clades/clade_035/shuffle_02/group_001_unrelaxed_rank_001_alphafold2_ptm_model_1_seed_000.pdb,65.62234567901234,43.600789473684216,13,7.351617,8.27928
results_updated/RfaH/run1/divide_and_conquer/clades/clade_035/shuffle_02/group_004_unrelaxed_rank_001_alphafold2_ptm_model_1_seed_000.pdb,73.6469135802469,54.905789473684216,23,5.773054,9.364233
results_updated/RfaH/run1/divide_and_conquer/clades/clade_035/shuffle_03/group_003_unrelaxed_rank_001_alphafold2_ptm_model_1_seed_000.pdb,62.95092592592592,42.369736842105254,13,5.6601,7.5801525
results_updated/RfaH/run1/divide_and_conquer/clades/clade_035/shuffle_03/group_002_unrelaxed_rank_001_alphafold2_ptm_model_1_seed_000.pdb,66.98024691358025,42.9842105263158,13,5.4105897,8.845461
results_updated/RfaH/run1/divide_and_conquer/clades/clade_035/shuffle_03/group_001_unrelaxed_rank_001_alphafold2_ptm_model_1_seed_000.pdb,62.95141975308643,45.118421052631575,13,6.018188,10.344863
results_updated/RfaH/run1/divide_and_conquer/clades/clade_035/shuffle_03/group_004_unrelaxed_rank_001_alphafold2_ptm_model_1_seed_000.pdb,77.79135802469136,70.31421052631578,23,14.535838,1.6426523
results_updated/RfaH/run1/divide_and_conquer/clades/clade_035/shuffle_04/group_003_unrelaxed_rank_001_alphafold2_ptm_model_1_seed_000.pdb,66.55895061728395,42.172631578947374,13,7.4390626,8.898074
results_updated/RfaH/run1/divide_and_conquer/clades/clade_035/shuffle_04/group_002_unrelaxed_rank_001_alphafold2_ptm_model_1_seed_000.pdb,64.49993827160495,39.97131578947367,13,5.6101055,8.132888
results_updated/RfaH/run1/divide_and_conquer/clades/clade_035/shuffle_04/group_001_unrelaxed_rank_001_alphafold2_ptm_model_1_seed_000.pdb,64.1169135802469,42.86105263157894,13,5.646573,8.44398
results_updated/RfaH/run1/divide_and_conquer/clades/clade_035/shuffle_04/group_004_unrelaxed_rank_001_alphafold2_ptm_model_1_seed_000.pdb,54.06512345679012,40.77052631578948,23,5.4608645,8.3855915
results_updated/RfaH/run1/divide_and_conquer/clades/clade_035/shuffle_05/group_003_unrelaxed_rank_001_alphafold2_ptm_model_1_seed_000.pdb,70.64049382716048,52.43,13,7.796719,2.4696772
results_updated/RfaH/run1/divide_and_conquer/clades/clade_035/shuffle_05/group_002_unrelaxed_rank_001_alphafold2_ptm_model_1_seed_000.pdb,57.38648148148148,49.671578947368424,13,8.855169,9.45549
results_updated/RfaH/run1/divide_and_conquer/clades/clade_035/shuffle_05/group_001_unrelaxed_rank_001_alphafold2_ptm_model_1_seed_000.pdb,64.34308641975309,44.289736842105256,13,5.698221,7.751418
results_updated/RfaH/run1/divide_and_conquer/clades/clade_035/shuffle_05/group_004_unrelaxed_rank_001_alphafold2_ptm_model_1_seed_000.pdb,84.3791975308642,81.5392105263158,23,14.598356,1.5145426
results_updated/RfaH/run1/divide_and_conquer/clades/clade_035/shuffle_06/group_003_unrelaxed_rank_001_alphafold2_ptm_model_1_seed_000.pdb,67.10617283950617,47.109736842105264,13,5.9476852,6.6189322
results_updated/RfaH/run1/divide_and_conquer/clades/clade_035/shuffle_06/group_002_unrelaxed_rank_001_alphafold2_ptm_model_1_seed_000.pdb,63.63987654320987,40.00236842105263,13,4.2536063,9.02492
results_updated/RfaH/run1/divide_and_conquer/clades/clade_035/shuffle_06/group_001_unrelaxed_rank_001_alphafold2_ptm_model_1_seed_000.pdb,75.719012345679,62.98289473684211,13,9.099172,1.8890915
results_updated/RfaH/run1/divide_and_conquer/clades/clade_035/shuffle_06/group_004_unrelaxed_rank_001_alphafold2_ptm_model_1_seed_000.pdb,67.39222222222223,43.46526315789473,23,5.7869673,8.45763
results_updated/RfaH/run1/divide_and_conquer/clades/clade_035/shuffle_07/group_003_unrelaxed_rank_001_alphafold2_ptm_model_1_seed_000.pdb,66.66814814814815,44.60947368421053,13,7.9726963,11.836268
results_updated/RfaH/run1/divide_and_conquer/clades/clade_035/shuffle_07/group_002_unrelaxed_rank_001_alphafold2_ptm_model_1_seed_000.pdb,64.77098765432099,46.38631578947369,13,4.994125,8.742201
results_updated/RfaH/run1/divide_and_conquer/clades/clade_035/shuffle_07/group_001_unrelaxed_rank_001_alphafold2_ptm_model_1_seed_000.pdb,65.86141975308641,46.725,13,6.10624,9.621009
results_updated/RfaH/run1/divide_and_conquer/clades/clade_035/shuffle_07/group_004_unrelaxed_rank_001_alphafold2_ptm_model_1_seed_000.pdb,83.20148148148148,81.08973684210527,23,9.633884,1.461163
results_updated/RfaH/run1/divide_and_conquer/clades/clade_035/shuffle_08/group_003_unrelaxed_rank_001_alphafold2_ptm_model_1_seed_000.pdb,63.78296296296296,40.40578947368421,13,5.7006903,7.3969297
results_updated/RfaH/run1/divide_and_conquer/clades/clade_035/shuffle_08/group_002_unrelaxed_rank_001_alphafold2_ptm_model_1_seed_000.pdb,67.47413580246914,43.068421052631585,13,5.5738864,9.570173
results_updated/RfaH/run1/divide_and_conquer/clades/clade_035/shuffle_08/group_001_unrelaxed_rank_001_alphafold2_ptm_model_1_seed_000.pdb,64.25734567901235,39.057631578947365,13,6.399988,8.788023
results_updated/RfaH/run1/divide_and_conquer/clades/clade_035/shuffle_08/group_004_unrelaxed_rank_001_alphafold2_ptm_model_1_seed_000.pdb,68.06703703703704,49.808947368421045,23,5.4379234,10.208412
results_updated/RfaH/run1/divide_and_conquer/clades/clade_035/shuffle_09/group_003_unrelaxed_rank_001_alphafold2_ptm_model_1_seed_000.pdb,66.77216049382716,40.843157894736834,13,8.343355,9.616013
results_updated/RfaH/run1/divide_and_conquer/clades/clade_035/shuffle_09/group_002_unrelaxed_rank_001_alphafold2_ptm_model_1_seed_000.pdb,77.93679012345677,68.43131578947369,13,13.303067,1.6975636
results_updated/RfaH/run1/divide_and_conquer/clades/clade_035/shuffle_09/group_001_unrelaxed_rank_001_alphafold2_ptm_model_1_seed_000.pdb,59.91092592592592,52.363684210526316,13,7.9604716,1.9791696
results_updated/RfaH/run1/divide_and_conquer/clades/clade_035/shuffle_09/group_004_unrelaxed_rank_001_alphafold2_ptm_model_1_seed_000.pdb,81.87753086419752,83.88157894736842,23,14.686006,1.506551
results_updated/RfaH/run1/divide_and_conquer/clades/clade_035/shuffle_10/group_003_unrelaxed_rank_001_alphafold2_ptm_model_1_seed_000.pdb,72.00197530864197,50.50868421052632,13,6.103634,6.9392576
results_updated/RfaH/run1/divide_and_conquer/clades/clade_035/shuffle_10/group_002_unrelaxed_rank_001_alphafold2_ptm_model_1_seed_000.pdb,62.79493827160494,39.390263157894736,13,5.0686493,8.625791
results_updated/RfaH/run1/divide_and_conquer/clades/clade_035/shuffle_10/group_001_unrelaxed_rank_001_alphafold2_ptm_model_1_seed_000.pdb,81.48771604938271,80.06447368421053,13,10.095656,1.4443961
results_updated/RfaH/run1/divide_and_conquer/clades/clade_035/shuffle_10/group_004_unrelaxed_rank_001_alphafold2_ptm_model_1_seed_000.pdb,66.45351851851852,42.34526315789472,23,7.871573,8.654894
results_updated/RfaH/run1/divide_and_conquer/clades/clade_036/shuffle_01/group_003_unrelaxed_rank_001_alphafold2_ptm_model_1_seed_000.pdb,68.32191358024691,49.33921052631579,13,4.2270136,10.014459
results_updated/RfaH/run1/divide_and_conquer/clades/clade_036/shuffle_01/group_002_unrelaxed_rank_001_alphafold2_ptm_model_1_seed_000.pdb,69.4087037037037,46.602105263157895,13,5.39475,8.434028
results_updated/RfaH/run1/divide_and_conquer/clades/clade_036/shuffle_01/group_001_unrelaxed_rank_001_alphafold2_ptm_model_1_seed_000.pdb,66.08932098765432,42.45078947368421,13,6.2017255,3.3610275
results_updated/RfaH/run1/divide_and_conquer/clades/clade_036/shuffle_01/group_004_unrelaxed_rank_001_alphafold2_ptm_model_1_seed_000.pdb,78.36907407407408,71.66868421052631,23,4.923953,10.821951
results_updated/RfaH/run1/divide_and_conquer/clades/clade_036/shuffle_02/group_003_unrelaxed_rank_001_alphafold2_ptm_model_1_seed_000.pdb,67.57425925925925,45.39394736842105,13,3.746208,8.380048
results_updated/RfaH/run1/divide_and_conquer/clades/clade_036/shuffle_02/group_002_unrelaxed_rank_001_alphafold2_ptm_model_1_seed_000.pdb,69.34932098765432,49.11263157894737,13,3.2352095,9.014405
results_updated/RfaH/run1/divide_and_conquer/clades/clade_036/shuffle_02/group_001_unrelaxed_rank_001_alphafold2_ptm_model_1_seed_000.pdb,67.26777777777778,46.67657894736843,13,3.9016945,8.706518
results_updated/RfaH/run1/divide_and_conquer/clades/clade_036/shuffle_02/group_004_unrelaxed_rank_001_alphafold2_ptm_model_1_seed_000.pdb,71.72771604938272,50.279736842105265,23,6.740499,10.39447
results_updated/RfaH/run1/divide_and_conquer/clades/clade_036/shuffle_03/group_003_unrelaxed_rank_001_alphafold2_ptm_model_1_seed_000.pdb,68.7758024691358,43.59894736842105,13,10.886077,9.654339
results_updated/RfaH/run1/divide_and_conquer/clades/clade_036/shuffle_03/group_002_unrelaxed_rank_001_alphafold2_ptm_model_1_seed_000.pdb,71.13771604938272,55.649473684210534,13,5.1914687,10.857409
results_updated/RfaH/run1/divide_and_conquer/clades/clade_036/shuffle_03/group_001_unrelaxed_rank_001_alphafold2_ptm_model_1_seed_000.pdb,56.42895061728396,44.46894736842105,13,4.4127645,8.497703
results_updated/RfaH/run1/divide_and_conquer/clades/clade_036/shuffle_03/group_004_unrelaxed_rank_001_alphafold2_ptm_model_1_seed_000.pdb,75.2975925925926,65.42657894736844,23,4.72994,10.542231
results_updated/RfaH/run1/divide_and_conquer/clades/clade_036/shuffle_04/group_003_unrelaxed_rank_001_alphafold2_ptm_model_1_seed_000.pdb,64.99932098765431,40.03763157894736,13,6.8505,10.031566
results_updated/RfaH/run1/divide_and_conquer/clades/clade_036/shuffle_04/group_002_unrelaxed_rank_001_alphafold2_ptm_model_1_seed_000.pdb,66.36271604938271,45.099210526315794,13,3.3995337,9.029362
results_updated/RfaH/run1/divide_and_conquer/clades/clade_036/shuffle_04/group_001_unrelaxed_rank_001_alphafold2_ptm_model_1_seed_000.pdb,62.715370370370366,41.61868421052632,13,5.6308827,5.991715
results_updated/RfaH/run1/divide_and_conquer/clades/clade_036/shuffle_04/group_004_unrelaxed_rank_001_alphafold2_ptm_model_1_seed_000.pdb,79.28074074074074,71.8678947368421,23,4.955207,10.81362
results_updated/RfaH/run1/divide_and_conquer/clades/clade_036/shuffle_05/group_003_unrelaxed_rank_001_alphafold2_ptm_model_1_seed_000.pdb,70.62827160493826,53.7528947368421,13,3.0151668,9.1065035
results_updated/RfaH/run1/divide_and_conquer/clades/clade_036/shuffle_05/group_002_unrelaxed_rank_001_alphafold2_ptm_model_1_seed_000.pdb,68.97802469135802,43.62131578947369,13,5.6440907,9.355081
results_updated/RfaH/run1/divide_and_conquer/clades/clade_036/shuffle_05/group_001_unrelaxed_rank_001_alphafold2_ptm_model_1_seed_000.pdb,75.74456790123456,64.91263157894736,13,5.6696754,11.628287
results_updated/RfaH/run1/divide_and_conquer/clades/clade_036/shuffle_05/group_004_unrelaxed_rank_001_alphafold2_ptm_model_1_seed_000.pdb,75.09049382716049,63.17447368421053,23,4.2907615,10.160642
results_updated/RfaH/run1/divide_and_conquer/clades/clade_036/shuffle_06/group_003_unrelaxed_rank_001_alphafold2_ptm_model_1_seed_000.pdb,77.92820987654322,72.53289473684212,13,5.111913,11.172479
results_updated/RfaH/run1/divide_and_conquer/clades/clade_036/shuffle_06/group_002_unrelaxed_rank_001_alphafold2_ptm_model_1_seed_000.pdb,77.81333333333333,70.90842105263158,13,5.6308303,11.414912
results_updated/RfaH/run1/divide_and_conquer/clades/clade_036/shuffle_06/group_001_unrelaxed_rank_001_alphafold2_ptm_model_1_seed_000.pdb,57.10203703703703,36.96736842105263,13,7.883753,11.213427
results_updated/RfaH/run1/divide_and_conquer/clades/clade_036/shuffle_06/group_004_unrelaxed_rank_001_alphafold2_ptm_model_1_seed_000.pdb,69.58611111111111,43.879210526315795,23,6.024551,8.925395
results_updated/RfaH/run1/divide_and_conquer/clades/clade_036/shuffle_07/group_003_unrelaxed_rank_001_alphafold2_ptm_model_1_seed_000.pdb,64.80697530864197,43.76052631578948,13,10.276711,11.828614
results_updated/RfaH/run1/divide_and_conquer/clades/clade_036/shuffle_07/group_002_unrelaxed_rank_001_alphafold2_ptm_model_1_seed_000.pdb,71.91814814814816,58.24894736842106,13,4.130589,9.85403
results_updated/RfaH/run1/divide_and_conquer/clades/clade_036/shuffle_07/group_001_unrelaxed_rank_001_alphafold2_ptm_model_1_seed_000.pdb,68.76370370370371,44.73868421052631,13,4.2777033,9.094511
results_updated/RfaH/run1/divide_and_conquer/clades/clade_036/shuffle_07/group_004_unrelaxed_rank_001_alphafold2_ptm_model_1_seed_000.pdb,76.2032098765432,63.74684210526315,23,6.2878094,8.188697
results_updated/RfaH/run1/divide_and_conquer/clades/clade_036/shuffle_08/group_003_unrelaxed_rank_001_alphafold2_ptm_model_1_seed_000.pdb,69.97166666666666,45.578947368421055,13,7.4822187,2.9951253
results_updated/RfaH/run1/divide_and_conquer/clades/clade_036/shuffle_08/group_002_unrelaxed_rank_001_alphafold2_ptm_model_1_seed_000.pdb,70.04753086419754,49.59263157894736,13,3.7306979,8.740408
results_updated/RfaH/run1/divide_and_conquer/clades/clade_036/shuffle_08/group_001_unrelaxed_rank_001_alphafold2_ptm_model_1_seed_000.pdb,64.13987654320988,45.13710526315789,13,9.677378,10.618177
results_updated/RfaH/run1/divide_and_conquer/clades/clade_036/shuffle_08/group_004_unrelaxed_rank_001_alphafold2_ptm_model_1_seed_000.pdb,74.13932098765433,59.39684210526317,23,3.0741665,8.90574
results_updated/RfaH/run1/divide_and_conquer/clades/clade_036/shuffle_09/group_003_unrelaxed_rank_001_alphafold2_ptm_model_1_seed_000.pdb,69.86277777777778,49.11710526315789,13,3.2969213,8.584705
results_updated/RfaH/run1/divide_and_conquer/clades/clade_036/shuffle_09/group_002_unrelaxed_rank_001_alphafold2_ptm_model_1_seed_000.pdb,66.44913580246913,43.972631578947365,13,9.80788,11.077334
results_updated/RfaH/run1/divide_and_conquer/clades/clade_036/shuffle_09/group_001_unrelaxed_rank_001_alphafold2_ptm_model_1_seed_000.pdb,76.32314814814815,66.84868421052629,13,5.133215,10.882598
results_updated/RfaH/run1/divide_and_conquer/clades/clade_036/shuffle_09/group_004_unrelaxed_rank_001_alphafold2_ptm_model_1_seed_000.pdb,67.00697530864197,40.65447368421052,23,6.990494,10.062423
results_updated/RfaH/run1/divide_and_conquer/clades/clade_036/shuffle_10/group_003_unrelaxed_rank_001_alphafold2_ptm_model_1_seed_000.pdb,66.35851851851851,41.50105263157894,13,5.3737664,10.436835
results_updated/RfaH/run1/divide_and_conquer/clades/clade_036/shuffle_10/group_002_unrelaxed_rank_001_alphafold2_ptm_model_1_seed_000.pdb,66.53981481481482,44.10815789473685,13,3.6061077,8.493804
results_updated/RfaH/run1/divide_and_conquer/clades/clade_036/shuffle_10/group_001_unrelaxed_rank_001_alphafold2_ptm_model_1_seed_000.pdb,66.76864197530864,41.363684210526316,13,4.7540226,9.173853
results_updated/RfaH/run1/divide_and_conquer/clades/clade_036/shuffle_10/group_004_unrelaxed_rank_001_alphafold2_ptm_model_1_seed_000.pdb,71.68518518518519,54.74236842105263,23,4.505108,10.18416
results_updated/RfaH/run1/divide_and_conquer/clades/clade_037/shuffle_01/group_003_unrelaxed_rank_001_alphafold2_ptm_model_1_seed_000.pdb,66.0229012345679,44.073684210526324,13,6.683632,3.1489537
results_updated/RfaH/run1/divide_and_conquer/clades/clade_037/shuffle_01/group_002_unrelaxed_rank_001_alphafold2_ptm_model_1_seed_000.pdb,65.58765432098765,42.514210526315786,13,5.1600013,8.20445
results_updated/RfaH/run1/divide_and_conquer/clades/clade_037/shuffle_01/group_001_unrelaxed_rank_001_alphafold2_ptm_model_1_seed_000.pdb,65.37191358024691,47.87473684210526,13,3.1962204,9.393264
results_updated/RfaH/run1/divide_and_conquer/clades/clade_037/shuffle_01/group_004_unrelaxed_rank_001_alphafold2_ptm_model_1_seed_000.pdb,63.95006172839506,38.92842105263158,22,5.642403,7.239223
results_updated/RfaH/run1/divide_and_conquer/clades/clade_037/shuffle_02/group_003_unrelaxed_rank_001_alphafold2_ptm_model_1_seed_000.pdb,64.87969135802469,41.363684210526316,13,3.7855325,8.614772
results_updated/RfaH/run1/divide_and_conquer/clades/clade_037/shuffle_02/group_002_unrelaxed_rank_001_alphafold2_ptm_model_1_seed_000.pdb,69.72216049382718,53.538947368421056,13,2.7135472,9.30426
results_updated/RfaH/run1/divide_and_conquer/clades/clade_037/shuffle_02/group_001_unrelaxed_rank_001_alphafold2_ptm_model_1_seed_000.pdb,67.61765432098765,41.700526315789475,13,6.152775,5.9289584
results_updated/RfaH/run1/divide_and_conquer/clades/clade_037/shuffle_02/group_004_unrelaxed_rank_001_alphafold2_ptm_model_1_seed_000.pdb,78.44111111111111,73.49263157894738,22,12.063157,1.4661758
results_updated/RfaH/run1/divide_and_conquer/clades/clade_037/shuffle_03/group_003_unrelaxed_rank_001_alphafold2_ptm_model_1_seed_000.pdb,77.10654320987656,67.55263157894737,13,8.835974,1.64849
results_updated/RfaH/run1/divide_and_conquer/clades/clade_037/shuffle_03/group_002_unrelaxed_rank_001_alphafold2_ptm_model_1_seed_000.pdb,67.5156172839506,41.34,13,8.271582,8.722848
results_updated/RfaH/run1/divide_and_conquer/clades/clade_037/shuffle_03/group_001_unrelaxed_rank_001_alphafold2_ptm_model_1_seed_000.pdb,71.09253086419753,58.35605263157894,13,2.6372552,10.227565
results_updated/RfaH/run1/divide_and_conquer/clades/clade_037/shuffle_03/group_004_unrelaxed_rank_001_alphafold2_ptm_model_1_seed_000.pdb,68.10845679012345,50.42815789473685,22,3.167277,8.923122
results_updated/RfaH/run1/divide_and_conquer/clades/clade_037/shuffle_04/group_003_unrelaxed_rank_001_alphafold2_ptm_model_1_seed_000.pdb,63.721419753086415,39.069736842105264,13,6.227274,9.375057
results_updated/RfaH/run1/divide_and_conquer/clades/clade_037/shuffle_04/group_002_unrelaxed_rank_001_alphafold2_ptm_model_1_seed_000.pdb,67.14759259259259,51.321578947368415,13,3.239547,9.172357
results_updated/RfaH/run1/divide_and_conquer/clades/clade_037/shuffle_04/group_001_unrelaxed_rank_001_alphafold2_ptm_model_1_seed_000.pdb,68.92962962962963,55.06789473684211,13,2.464031,9.412791
results_updated/RfaH/run1/divide_and_conquer/clades/clade_037/shuffle_04/group_004_unrelaxed_rank_001_alphafold2_ptm_model_1_seed_000.pdb,65.11345679012345,42.89131578947369,22,4.226706,9.038741
results_updated/RfaH/run1/divide_and_conquer/clades/clade_037/shuffle_05/group_003_unrelaxed_rank_001_alphafold2_ptm_model_1_seed_000.pdb,67.13,46.81999999999999,13,6.7698507,3.0655904
results_updated/RfaH/run1/divide_and_conquer/clades/clade_037/shuffle_05/group_002_unrelaxed_rank_001_alphafold2_ptm_model_1_seed_000.pdb,66.36604938271604,44.22894736842106,13,5.0649056,6.4762955
results_updated/RfaH/run1/divide_and_conquer/clades/clade_037/shuffle_05/group_001_unrelaxed_rank_001_alphafold2_ptm_model_1_seed_000.pdb,69.7462962962963,46.70026315789474,13,6.7266874,3.9346569
results_updated/RfaH/run1/divide_and_conquer/clades/clade_037/shuffle_05/group_004_unrelaxed_rank_001_alphafold2_ptm_model_1_seed_000.pdb,66.19444444444444,42.921052631578945,22,4.559745,7.107781
results_updated/RfaH/run1/divide_and_conquer/clades/clade_037/shuffle_06/group_003_unrelaxed_rank_001_alphafold2_ptm_model_1_seed_000.pdb,63.29672839506173,37.79631578947368,13,6.8996234,8.048462
results_updated/RfaH/run1/divide_and_conquer/clades/clade_037/shuffle_06/group_002_unrelaxed_rank_001_alphafold2_ptm_model_1_seed_000.pdb,79.78518518518518,72.0786842105263,13,12.871109,1.4522732
results_updated/RfaH/run1/divide_and_conquer/clades/clade_037/shuffle_06/group_001_unrelaxed_rank_001_alphafold2_ptm_model_1_seed_000.pdb,67.18253086419753,45.85105263157895,13,7.7660394,8.114826
results_updated/RfaH/run1/divide_and_conquer/clades/clade_037/shuffle_06/group_004_unrelaxed_rank_001_alphafold2_ptm_model_1_seed_000.pdb,70.72827160493827,56.03842105263158,22,3.783356,8.609394
results_updated/RfaH/run1/divide_and_conquer/clades/clade_037/shuffle_07/group_003_unrelaxed_rank_001_alphafold2_ptm_model_1_seed_000.pdb,60.2117901234568,41.07263157894737,13,6.5047007,8.367152
results_updated/RfaH/run1/divide_and_conquer/clades/clade_037/shuffle_07/group_002_unrelaxed_rank_001_alphafold2_ptm_model_1_seed_000.pdb,76.39506172839506,63.49368421052631,13,10.517515,1.4448385
results_updated/RfaH/run1/divide_and_conquer/clades/clade_037/shuffle_07/group_001_unrelaxed_rank_001_alphafold2_ptm_model_1_seed_000.pdb,69.9758024691358,48.28684210526316,13,8.92668,1.8823819
results_updated/RfaH/run1/divide_and_conquer/clades/clade_037/shuffle_07/group_004_unrelaxed_rank_001_alphafold2_ptm_model_1_seed_000.pdb,83.20302469135802,76.12868421052633,22,13.540328,1.4183834
results_updated/RfaH/run1/divide_and_conquer/clades/clade_037/shuffle_08/group_003_unrelaxed_rank_001_alphafold2_ptm_model_1_seed_000.pdb,68.11790123456791,51.97,13,3.102317,9.221389
results_updated/RfaH/run1/divide_and_conquer/clades/clade_037/shuffle_08/group_002_unrelaxed_rank_001_alphafold2_ptm_model_1_seed_000.pdb,78.82993827160495,67.95289473684211,13,13.547018,1.5022808
results_updated/RfaH/run1/divide_and_conquer/clades/clade_037/shuffle_08/group_001_unrelaxed_rank_001_alphafold2_ptm_model_1_seed_000.pdb,67.12407407407409,50.274210526315784,13,2.471042,9.467522
results_updated/RfaH/run1/divide_and_conquer/clades/clade_037/shuffle_08/group_004_unrelaxed_rank_001_alphafold2_ptm_model_1_seed_000.pdb,72.785,55.83,22,7.3851137,1.853264
results_updated/RfaH/run1/divide_and_conquer/clades/clade_037/shuffle_09/group_003_unrelaxed_rank_001_alphafold2_ptm_model_1_seed_000.pdb,70.7816049382716,50.585526315789465,13,7.5151796,2.9822247
results_updated/RfaH/run1/divide_and_conquer/clades/clade_037/shuffle_09/group_002_unrelaxed_rank_001_alphafold2_ptm_model_1_seed_000.pdb,69.18623456790124,43.96473684210526,13,9.051828,9.593934
results_updated/RfaH/run1/divide_and_conquer/clades/clade_037/shuffle_09/group_001_unrelaxed_rank_001_alphafold2_ptm_model_1_seed_000.pdb,65.96407407407408,44.47342105263157,13,5.3659053,7.887474
results_updated/RfaH/run1/divide_and_conquer/clades/clade_037/shuffle_09/group_004_unrelaxed_rank_001_alphafold2_ptm_model_1_seed_000.pdb,70.08574074074073,49.78999999999999,22,5.0897923,7.11731
results_updated/RfaH/run1/divide_and_conquer/clades/clade_037/shuffle_10/group_003_unrelaxed_rank_001_alphafold2_ptm_model_1_seed_000.pdb,67.11796296296296,48.80868421052631,13,3.3571846,9.929942
results_updated/RfaH/run1/divide_and_conquer/clades/clade_037/shuffle_10/group_002_unrelaxed_rank_001_alphafold2_ptm_model_1_seed_000.pdb,60.53592592592592,43.66026315789473,13,7.329296,7.737228
results_updated/RfaH/run1/divide_and_conquer/clades/clade_037/shuffle_10/group_001_unrelaxed_rank_001_alphafold2_ptm_model_1_seed_000.pdb,81.91234567901235,80.91947368421053,13,13.223201,1.5185645
results_updated/RfaH/run1/divide_and_conquer/clades/clade_037/shuffle_10/group_004_unrelaxed_rank_001_alphafold2_ptm_model_1_seed_000.pdb,68.59950617283951,48.07473684210527,22,3.6403348,8.58755
results_updated/RfaH/run1/divide_and_conquer/clades/clade_038/shuffle_01/group_003_unrelaxed_rank_001_alphafold2_ptm_model_1_seed_000.pdb,67.85055555555556,44.58605263157896,13,5.07438,7.753798
results_updated/RfaH/run1/divide_and_conquer/clades/clade_038/shuffle_01/group_002_unrelaxed_rank_001_alphafold2_ptm_model_1_seed_000.pdb,69.04067901234568,47.28605263157894,13,5.371845,8.708854
results_updated/RfaH/run1/divide_and_conquer/clades/clade_038/shuffle_01/group_001_unrelaxed_rank_001_alphafold2_ptm_model_1_seed_000.pdb,66.17351851851852,41.961052631578944,13,5.288498,10.682904
results_updated/RfaH/run1/divide_and_conquer/clades/clade_038/shuffle_01/group_004_unrelaxed_rank_001_alphafold2_ptm_model_1_seed_000.pdb,76.96172839506173,70.83184210526316,21,11.6168,1.4616712
results_updated/RfaH/run1/divide_and_conquer/clades/clade_038/shuffle_02/group_003_unrelaxed_rank_001_alphafold2_ptm_model_1_seed_000.pdb,83.2308024691358,80.33500000000001,13,13.399505,1.566179
results_updated/RfaH/run1/divide_and_conquer/clades/clade_038/shuffle_02/group_002_unrelaxed_rank_001_alphafold2_ptm_model_1_seed_000.pdb,68.56993827160494,44.175263157894726,13,6.962114,12.038017
results_updated/RfaH/run1/divide_and_conquer/clades/clade_038/shuffle_02/group_001_unrelaxed_rank_001_alphafold2_ptm_model_1_seed_000.pdb,84.25253086419752,86.54052631578948,13,13.324591,1.4791188
results_updated/RfaH/run1/divide_and_conquer/clades/clade_038/shuffle_02/group_004_unrelaxed_rank_001_alphafold2_ptm_model_1_seed_000.pdb,67.88481481481482,46.94763157894737,21,6.699198,9.895106
results_updated/RfaH/run1/divide_and_conquer/clades/clade_038/shuffle_03/group_003_unrelaxed_rank_001_alphafold2_ptm_model_1_seed_000.pdb,65.69913580246914,43.76526315789474,13,6.000878,10.020064
results_updated/RfaH/run1/divide_and_conquer/clades/clade_038/shuffle_03/group_002_unrelaxed_rank_001_alphafold2_ptm_model_1_seed_000.pdb,66.57401234567902,44.402368421052635,13,4.5174575,10.105695
results_updated/RfaH/run1/divide_and_conquer/clades/clade_038/shuffle_03/group_001_unrelaxed_rank_001_alphafold2_ptm_model_1_seed_000.pdb,66.20246913580246,46.82236842105263,13,7.119605,10.132701
results_updated/RfaH/run1/divide_and_conquer/clades/clade_038/shuffle_03/group_004_unrelaxed_rank_001_alphafold2_ptm_model_1_seed_000.pdb,75.50512345679012,52.72157894736842,21,6.908488,2.837308
results_updated/RfaH/run1/divide_and_conquer/clades/clade_038/shuffle_04/group_003_unrelaxed_rank_001_alphafold2_ptm_model_1_seed_000.pdb,66.62487654320988,47.26105263157896,13,3.287988,8.980775
results_updated/RfaH/run1/divide_and_conquer/clades/clade_038/shuffle_04/group_002_unrelaxed_rank_001_alphafold2_ptm_model_1_seed_000.pdb,81.77549382716049,80.17894736842106,13,10.731455,1.4516375
results_updated/RfaH/run1/divide_and_conquer/clades/clade_038/shuffle_04/group_001_unrelaxed_rank_001_alphafold2_ptm_model_1_seed_000.pdb,64.37938271604938,40.366578947368424,13,5.6971583,9.691393
results_updated/RfaH/run1/divide_and_conquer/clades/clade_038/shuffle_04/group_004_unrelaxed_rank_001_alphafold2_ptm_model_1_seed_000.pdb,70.05679012345679,45.99342105263158,21,6.6959,10.276941
results_updated/RfaH/run1/divide_and_conquer/clades/clade_038/shuffle_05/group_003_unrelaxed_rank_001_alphafold2_ptm_model_1_seed_000.pdb,67.19438271604939,49.97368421052632,13,3.1668127,8.847811
results_updated/RfaH/run1/divide_and_conquer/clades/clade_038/shuffle_05/group_002_unrelaxed_rank_001_alphafold2_ptm_model_1_seed_000.pdb,68.48141975308641,44.03184210526315,13,8.185348,11.048999
results_updated/RfaH/run1/divide_and_conquer/clades/clade_038/shuffle_05/group_001_unrelaxed_rank_001_alphafold2_ptm_model_1_seed_000.pdb,63.43481481481482,42.097368421052636,13,5.566643,8.951439
results_updated/RfaH/run1/divide_and_conquer/clades/clade_038/shuffle_05/group_004_unrelaxed_rank_001_alphafold2_ptm_model_1_seed_000.pdb,76.5579012345679,66.01605263157894,21,6.8743553,1.519832
results_updated/RfaH/run1/divide_and_conquer/clades/clade_038/shuffle_06/group_003_unrelaxed_rank_001_alphafold2_ptm_model_1_seed_000.pdb,65.82407407407408,43.49947368421053,13,5.654032,7.310143
results_updated/RfaH/run1/divide_and_conquer/clades/clade_038/shuffle_06/group_002_unrelaxed_rank_001_alphafold2_ptm_model_1_seed_000.pdb,63.358024691358025,41.716315789473676,13,6.13902,9.83244
results_updated/RfaH/run1/divide_and_conquer/clades/clade_038/shuffle_06/group_001_unrelaxed_rank_001_alphafold2_ptm_model_1_seed_000.pdb,69.47327160493826,48.514736842105265,13,6.9264216,12.146456
results_updated/RfaH/run1/divide_and_conquer/clades/clade_038/shuffle_06/group_004_unrelaxed_rank_001_alphafold2_ptm_model_1_seed_000.pdb,67.88802469135801,44.6428947368421,21,5.868308,6.6495037
results_updated/RfaH/run1/divide_and_conquer/clades/clade_038/shuffle_07/group_003_unrelaxed_rank_001_alphafold2_ptm_model_1_seed_000.pdb,66.43567901234567,44.493421052631575,13,5.6227136,8.125125
results_updated/RfaH/run1/divide_and_conquer/clades/clade_038/shuffle_07/group_002_unrelaxed_rank_001_alphafold2_ptm_model_1_seed_000.pdb,67.86969135802468,47.82026315789474,13,6.1284337,12.3876295
results_updated/RfaH/run1/divide_and_conquer/clades/clade_038/shuffle_07/group_001_unrelaxed_rank_001_alphafold2_ptm_model_1_seed_000.pdb,67.84530864197531,42.951052631578946,13,7.957121,11.656673
results_updated/RfaH/run1/divide_and_conquer/clades/clade_038/shuffle_07/group_004_unrelaxed_rank_001_alphafold2_ptm_model_1_seed_000.pdb,56.428518518518516,49.93157894736842,21,7.088332,12.055473
results_updated/RfaH/run1/divide_and_conquer/clades/clade_038/shuffle_08/group_003_unrelaxed_rank_001_alphafold2_ptm_model_1_seed_000.pdb,83.47253086419752,81.67342105263157,13,13.131216,1.4333507
results_updated/RfaH/run1/divide_and_conquer/clades/clade_038/shuffle_08/group_002_unrelaxed_rank_001_alphafold2_ptm_model_1_seed_000.pdb,47.852592592592586,38.923421052631575,13,7.6500316,8.121505
results_updated/RfaH/run1/divide_and_conquer/clades/clade_038/shuffle_08/group_001_unrelaxed_rank_001_alphafold2_ptm_model_1_seed_000.pdb,65.55802469135803,42.43184210526315,13,4.172812,10.833017
results_updated/RfaH/run1/divide_and_conquer/clades/clade_038/shuffle_08/group_004_unrelaxed_rank_001_alphafold2_ptm_model_1_seed_000.pdb,66.53450617283951,44.84736842105263,21,6.4121704,9.784157
results_updated/RfaH/run1/divide_and_conquer/clades/clade_038/shuffle_09/group_003_unrelaxed_rank_001_alphafold2_ptm_model_1_seed_000.pdb,68.09425925925926,42.08289473684211,13,7.0834208,10.053614
results_updated/RfaH/run1/divide_and_conquer/clades/clade_038/shuffle_09/group_002_unrelaxed_rank_001_alphafold2_ptm_model_1_seed_000.pdb,66.47462962962963,40.48815789473684,13,9.611863,11.095974
results_updated/RfaH/run1/divide_and_conquer/clades/clade_038/shuffle_09/group_001_unrelaxed_rank_001_alphafold2_ptm_model_1_seed_000.pdb,66.87697530864197,43.8971052631579,13,3.9281816,10.352246
results_updated/RfaH/run1/divide_and_conquer/clades/clade_038/shuffle_09/group_004_unrelaxed_rank_001_alphafold2_ptm_model_1_seed_000.pdb,66.72481481481482,47.34868421052632,21,3.611752,9.737396
results_updated/RfaH/run1/divide_and_conquer/clades/clade_038/shuffle_10/group_003_unrelaxed_rank_001_alphafold2_ptm_model_1_seed_000.pdb,69.4120987654321,44.82631578947369,13,7.069635,10.463283
results_updated/RfaH/run1/divide_and_conquer/clades/clade_038/shuffle_10/group_002_unrelaxed_rank_001_alphafold2_ptm_model_1_seed_000.pdb,63.237037037037034,42.21131578947368,13,4.0350018,9.768949
results_updated/RfaH/run1/divide_and_conquer/clades/clade_038/shuffle_10/group_001_unrelaxed_rank_001_alphafold2_ptm_model_1_seed_000.pdb,82.77567901234568,83.71,13,12.361694,1.4483962
results_updated/RfaH/run1/divide_and_conquer/clades/clade_038/shuffle_10/group_004_unrelaxed_rank_001_alphafold2_ptm_model_1_seed_000.pdb,67.30234567901235,44.8378947368421,21,6.11669,9.7976885
results_updated/RfaH/run1/divide_and_conquer/clades/clade_039/shuffle_01/group_003_unrelaxed_rank_001_alphafold2_ptm_model_1_seed_000.pdb,66.27604938271604,42.92078947368421,13,6.7541714,12.6776905
results_updated/RfaH/run1/divide_and_conquer/clades/clade_039/shuffle_01/group_002_unrelaxed_rank_001_alphafold2_ptm_model_1_seed_000.pdb,85.18592592592591,84.7057894736842,13,16.845541,1.3917323
results_updated/RfaH/run1/divide_and_conquer/clades/clade_039/shuffle_01/group_001_unrelaxed_rank_001_alphafold2_ptm_model_1_seed_000.pdb,67.92512345679012,58.74605263157895,13,5.556048,9.822448
results_updated/RfaH/run1/divide_and_conquer/clades/clade_039/shuffle_01/group_004_unrelaxed_rank_001_alphafold2_ptm_model_1_seed_000.pdb,85.51512345679012,85.62842105263157,21,13.988288,1.4130034
results_updated/RfaH/run1/divide_and_conquer/clades/clade_039/shuffle_02/group_003_unrelaxed_rank_001_alphafold2_ptm_model_1_seed_000.pdb,80.87777777777778,80.94736842105263,13,13.797826,1.4403255
results_updated/RfaH/run1/divide_and_conquer/clades/clade_039/shuffle_02/group_002_unrelaxed_rank_001_alphafold2_ptm_model_1_seed_000.pdb,76.63234567901235,60.236315789473686,13,14.865121,2.9334428
results_updated/RfaH/run1/divide_and_conquer/clades/clade_039/shuffle_02/group_001_unrelaxed_rank_001_alphafold2_ptm_model_1_seed_000.pdb,78.61030864197531,68.73894736842105,13,14.123426,1.4841627
results_updated/RfaH/run1/divide_and_conquer/clades/clade_039/shuffle_02/group_004_unrelaxed_rank_001_alphafold2_ptm_model_1_seed_000.pdb,85.6758024691358,86.87052631578949,21,16.192783,1.398849
results_updated/RfaH/run1/divide_and_conquer/clades/clade_039/shuffle_03/group_003_unrelaxed_rank_001_alphafold2_ptm_model_1_seed_000.pdb,85.8111111111111,87.03184210526315,13,17.06692,1.4284116
results_updated/RfaH/run1/divide_and_conquer/clades/clade_039/shuffle_03/group_002_unrelaxed_rank_001_alphafold2_ptm_model_1_seed_000.pdb,81.57962962962962,78.61657894736841,13,16.755447,1.8590902
results_updated/RfaH/run1/divide_and_conquer/clades/clade_039/shuffle_03/group_001_unrelaxed_rank_001_alphafold2_ptm_model_1_seed_000.pdb,67.98104938271605,48.08657894736842,13,5.727374,7.7202587
results_updated/RfaH/run1/divide_and_conquer/clades/clade_039/shuffle_03/group_004_unrelaxed_rank_001_alphafold2_ptm_model_1_seed_000.pdb,85.59475308641974,87.3357894736842,21,16.346888,1.4403224
results_updated/RfaH/run1/divide_and_conquer/clades/clade_039/shuffle_04/group_003_unrelaxed_rank_001_alphafold2_ptm_model_1_seed_000.pdb,85.57672839506174,87.64815789473684,13,16.95474,1.4679036
results_updated/RfaH/run1/divide_and_conquer/clades/clade_039/shuffle_04/group_002_unrelaxed_rank_001_alphafold2_ptm_model_1_seed_000.pdb,65.97481481481482,43.891052631578944,13,3.928901,10.008799
results_updated/RfaH/run1/divide_and_conquer/clades/clade_039/shuffle_04/group_001_unrelaxed_rank_001_alphafold2_ptm_model_1_seed_000.pdb,82.1875925925926,80.43526315789474,13,12.222305,1.4251453
results_updated/RfaH/run1/divide_and_conquer/clades/clade_039/shuffle_04/group_004_unrelaxed_rank_001_alphafold2_ptm_model_1_seed_000.pdb,85.48666666666666,85.15684210526315,21,11.891133,1.4573414
results_updated/RfaH/run1/divide_and_conquer/clades/clade_039/shuffle_05/group_003_unrelaxed_rank_001_alphafold2_ptm_model_1_seed_000.pdb,83.12216049382715,83.52710526315789,13,15.423669,1.4112816
results_updated/RfaH/run1/divide_and_conquer/clades/clade_039/shuffle_05/group_002_unrelaxed_rank_001_alphafold2_ptm_model_1_seed_000.pdb,73.54191358024691,60.90473684210528,13,3.009862,10.267258
results_updated/RfaH/run1/divide_and_conquer/clades/clade_039/shuffle_05/group_001_unrelaxed_rank_001_alphafold2_ptm_model_1_seed_000.pdb,85.46833333333333,87.44052631578947,13,14.364975,1.4326384
results_updated/RfaH/run1/divide_and_conquer/clades/clade_039/shuffle_05/group_004_unrelaxed_rank_001_alphafold2_ptm_model_1_seed_000.pdb,66.44148148148149,40.89921052631579,21,5.2432947,9.908672
results_updated/RfaH/run1/divide_and_conquer/clades/clade_039/shuffle_06/group_003_unrelaxed_rank_001_alphafold2_ptm_model_1_seed_000.pdb,80.98061728395062,77.34210526315789,13,8.464511,1.4654601
results_updated/RfaH/run1/divide_and_conquer/clades/clade_039/shuffle_06/group_002_unrelaxed_rank_001_alphafold2_ptm_model_1_seed_000.pdb,84.62518518518517,84.5278947368421,13,16.385153,1.4832034
results_updated/RfaH/run1/divide_and_conquer/clades/clade_039/shuffle_06/group_001_unrelaxed_rank_001_alphafold2_ptm_model_1_seed_000.pdb,82.91327160493827,81.7728947368421,13,15.446578,1.5291085
results_updated/RfaH/run1/divide_and_conquer/clades/clade_039/shuffle_06/group_004_unrelaxed_rank_001_alphafold2_ptm_model_1_seed_000.pdb,86.12401234567902,86.835,21,16.491009,1.395245
results_updated/RfaH/run1/divide_and_conquer/clades/clade_039/shuffle_07/group_003_unrelaxed_rank_001_alphafold2_ptm_model_1_seed_000.pdb,84.46876543209876,86.56210526315789,13,15.636971,1.4382707
results_updated/RfaH/run1/divide_and_conquer/clades/clade_039/shuffle_07/group_002_unrelaxed_rank_001_alphafold2_ptm_model_1_seed_000.pdb,83.89302469135802,82.14263157894739,13,15.363262,1.483842
results_updated/RfaH/run1/divide_and_conquer/clades/clade_039/shuffle_07/group_001_unrelaxed_rank_001_alphafold2_ptm_model_1_seed_000.pdb,85.52956790123457,84.96368421052632,13,17.875025,1.451966
results_updated/RfaH/run1/divide_and_conquer/clades/clade_039/shuffle_07/group_004_unrelaxed_rank_001_alphafold2_ptm_model_1_seed_000.pdb,86.39722222222223,88.15289473684209,21,15.362035,1.3988514
results_updated/RfaH/run1/divide_and_conquer/clades/clade_039/shuffle_08/group_003_unrelaxed_rank_001_alphafold2_ptm_model_1_seed_000.pdb,81.60191358024692,86.10157894736842,13,16.263142,1.4330128
results_updated/RfaH/run1/divide_and_conquer/clades/clade_039/shuffle_08/group_002_unrelaxed_rank_001_alphafold2_ptm_model_1_seed_000.pdb,86.7533950617284,88.45763157894737,13,17.369812,1.4363002
results_updated/RfaH/run1/divide_and_conquer/clades/clade_039/shuffle_08/group_001_unrelaxed_rank_001_alphafold2_ptm_model_1_seed_000.pdb,79.76746913580249,73.08026315789475,13,15.514282,1.8342599
results_updated/RfaH/run1/divide_and_conquer/clades/clade_039/shuffle_08/group_004_unrelaxed_rank_001_alphafold2_ptm_model_1_seed_000.pdb,83.05691358024693,77.95842105263158,21,15.960926,1.5109913
results_updated/RfaH/run1/divide_and_conquer/clades/clade_039/shuffle_09/group_003_unrelaxed_rank_001_alphafold2_ptm_model_1_seed_000.pdb,82.37882716049383,81.87789473684211,13,12.428799,1.431193
results_updated/RfaH/run1/divide_and_conquer/clades/clade_039/shuffle_09/group_002_unrelaxed_rank_001_alphafold2_ptm_model_1_seed_000.pdb,85.3704938271605,88.50605263157895,13,14.503797,1.4454509
results_updated/RfaH/run1/divide_and_conquer/clades/clade_039/shuffle_09/group_001_unrelaxed_rank_001_alphafold2_ptm_model_1_seed_000.pdb,74.8520987654321,61.48868421052632,13,7.103124,1.7580006
results_updated/RfaH/run1/divide_and_conquer/clades/clade_039/shuffle_09/group_004_unrelaxed_rank_001_alphafold2_ptm_model_1_seed_000.pdb,86.24512345679011,87.07736842105264,21,18.106283,1.4271863
results_updated/RfaH/run1/divide_and_conquer/clades/clade_039/shuffle_10/group_003_unrelaxed_rank_001_alphafold2_ptm_model_1_seed_000.pdb,84.10518518518519,83.02947368421053,13,14.639046,1.4398198
results_updated/RfaH/run1/divide_and_conquer/clades/clade_039/shuffle_10/group_002_unrelaxed_rank_001_alphafold2_ptm_model_1_seed_000.pdb,78.81179012345679,80.84131578947368,13,12.665388,1.429686
results_updated/RfaH/run1/divide_and_conquer/clades/clade_039/shuffle_10/group_001_unrelaxed_rank_001_alphafold2_ptm_model_1_seed_000.pdb,72.50320987654321,56.252631578947366,13,7.008712,2.2326977
results_updated/RfaH/run1/divide_and_conquer/clades/clade_039/shuffle_10/group_004_unrelaxed_rank_001_alphafold2_ptm_model_1_seed_000.pdb,85.05456790123456,84.99052631578945,21,16.670387,1.3890152
results_updated/RfaH/run1/divide_and_conquer/clades/clade_040/shuffle_01/group_003_unrelaxed_rank_001_alphafold2_ptm_model_1_seed_000.pdb,69.89345679012347,45.571052631578944,13,6.9024386,2.1503072
results_updated/RfaH/run1/divide_and_conquer/clades/clade_040/shuffle_01/group_002_unrelaxed_rank_001_alphafold2_ptm_model_1_seed_000.pdb,71.45685185185184,54.168684210526315,13,7.746665,14.462879
results_updated/RfaH/run1/divide_and_conquer/clades/clade_040/shuffle_01/group_001_unrelaxed_rank_001_alphafold2_ptm_model_1_seed_000.pdb,83.39672839506173,81.88578947368421,13,15.068805,1.524968
results_updated/RfaH/run1/divide_and_conquer/clades/clade_040/shuffle_01/group_004_unrelaxed_rank_001_alphafold2_ptm_model_1_seed_000.pdb,70.90981481481481,53.80921052631579,20,6.825572,13.500182
results_updated/RfaH/run1/divide_and_conquer/clades/clade_040/shuffle_02/group_003_unrelaxed_rank_001_alphafold2_ptm_model_1_seed_000.pdb,73.45296296296297,62.32263157894736,13,1.811336,9.329141
results_updated/RfaH/run1/divide_and_conquer/clades/clade_040/shuffle_02/group_002_unrelaxed_rank_001_alphafold2_ptm_model_1_seed_000.pdb,70.9995061728395,54.737105263157886,13,7.701966,2.2032964
results_updated/RfaH/run1/divide_and_conquer/clades/clade_040/shuffle_02/group_001_unrelaxed_rank_001_alphafold2_ptm_model_1_seed_000.pdb,74.90827160493826,64.99657894736845,13,6.036974,12.136366
results_updated/RfaH/run1/divide_and_conquer/clades/clade_040/shuffle_02/group_004_unrelaxed_rank_001_alphafold2_ptm_model_1_seed_000.pdb,69.82098765432099,49.34105263157895,20,7.240872,14.175237
results_updated/RfaH/run1/divide_and_conquer/clades/clade_040/shuffle_03/group_003_unrelaxed_rank_001_alphafold2_ptm_model_1_seed_000.pdb,69.32530864197531,50.92263157894737,13,6.7339735,12.880519
results_updated/RfaH/run1/divide_and_conquer/clades/clade_040/shuffle_03/group_002_unrelaxed_rank_001_alphafold2_ptm_model_1_seed_000.pdb,71.80277777777778,53.06710526315789,13,7.9145103,14.790107
results_updated/RfaH/run1/divide_and_conquer/clades/clade_040/shuffle_03/group_001_unrelaxed_rank_001_alphafold2_ptm_model_1_seed_000.pdb,70.90246913580248,48.12657894736842,13,6.5236006,5.281376
results_updated/RfaH/run1/divide_and_conquer/clades/clade_040/shuffle_03/group_004_unrelaxed_rank_001_alphafold2_ptm_model_1_seed_000.pdb,82.58574074074073,78.5392105263158,20,15.3496065,1.4244746
results_updated/RfaH/run1/divide_and_conquer/clades/clade_040/shuffle_04/group_003_unrelaxed_rank_001_alphafold2_ptm_model_1_seed_000.pdb,70.58938271604939,48.21368421052631,13,8.313898,14.368039
results_updated/RfaH/run1/divide_and_conquer/clades/clade_040/shuffle_04/group_002_unrelaxed_rank_001_alphafold2_ptm_model_1_seed_000.pdb,83.56049382716049,82.36447368421052,13,15.675049,1.4456751
results_updated/RfaH/run1/divide_and_conquer/clades/clade_040/shuffle_04/group_001_unrelaxed_rank_001_alphafold2_ptm_model_1_seed_000.pdb,64.86765432098765,42.32500000000001,13,9.773365,9.263785
results_updated/RfaH/run1/divide_and_conquer/clades/clade_040/shuffle_04/group_004_unrelaxed_rank_001_alphafold2_ptm_model_1_seed_000.pdb,69.65302469135803,49.47342105263157,20,6.9867725,13.699979
results_updated/RfaH/run1/divide_and_conquer/clades/clade_040/shuffle_05/group_003_unrelaxed_rank_001_alphafold2_ptm_model_1_seed_000.pdb,70.75876543209877,51.558947368421045,13,7.699646,14.532385
results_updated/RfaH/run1/divide_and_conquer/clades/clade_040/shuffle_05/group_002_unrelaxed_rank_001_alphafold2_ptm_model_1_seed_000.pdb,70.56148148148148,51.6157894736842,13,6.9155173,14.185055
results_updated/RfaH/run1/divide_and_conquer/clades/clade_040/shuffle_05/group_001_unrelaxed_rank_001_alphafold2_ptm_model_1_seed_000.pdb,73.27456790123456,53.19552631578947,13,12.212725,9.014326
results_updated/RfaH/run1/divide_and_conquer/clades/clade_040/shuffle_05/group_004_unrelaxed_rank_001_alphafold2_ptm_model_1_seed_000.pdb,73.72882716049382,53.34315789473684,20,6.7908297,3.203998
results_updated/RfaH/run1/divide_and_conquer/clades/clade_040/shuffle_06/group_003_unrelaxed_rank_001_alphafold2_ptm_model_1_seed_000.pdb,67.58030864197531,52.05131578947368,13,2.0655,9.289476
results_updated/RfaH/run1/divide_and_conquer/clades/clade_040/shuffle_06/group_002_unrelaxed_rank_001_alphafold2_ptm_model_1_seed_000.pdb,70.93506172839506,52.61736842105263,13,7.4823794,14.323351
results_updated/RfaH/run1/divide_and_conquer/clades/clade_040/shuffle_06/group_001_unrelaxed_rank_001_alphafold2_ptm_model_1_seed_000.pdb,67.30259259259259,48.03947368421052,13,7.4501185,14.236122
results_updated/RfaH/run1/divide_and_conquer/clades/clade_040/shuffle_06/group_004_unrelaxed_rank_001_alphafold2_ptm_model_1_seed_000.pdb,70.15395061728394,46.85052631578947,20,7.817863,14.045041
results_updated/RfaH/run1/divide_and_conquer/clades/clade_040/shuffle_07/group_003_unrelaxed_rank_001_alphafold2_ptm_model_1_seed_000.pdb,70.04123456790124,51.660789473684204,13,6.1395106,12.724816
results_updated/RfaH/run1/divide_and_conquer/clades/clade_040/shuffle_07/group_002_unrelaxed_rank_001_alphafold2_ptm_model_1_seed_000.pdb,77.37493827160493,65.16236842105263,13,13.616616,1.7233447
results_updated/RfaH/run1/divide_and_conquer/clades/clade_040/shuffle_07/group_001_unrelaxed_rank_001_alphafold2_ptm_model_1_seed_000.pdb,83.660987654321,84.38763157894736,13,15.176999,1.4264338
results_updated/RfaH/run1/divide_and_conquer/clades/clade_040/shuffle_07/group_004_unrelaxed_rank_001_alphafold2_ptm_model_1_seed_000.pdb,70.28796296296295,44.97868421052631,20,9.293302,11.601232
results_updated/RfaH/run1/divide_and_conquer/clades/clade_040/shuffle_08/group_003_unrelaxed_rank_001_alphafold2_ptm_model_1_seed_000.pdb,73.15666666666667,58.73605263157896,13,6.7879615,13.404394
results_updated/RfaH/run1/divide_and_conquer/clades/clade_040/shuffle_08/group_002_unrelaxed_rank_001_alphafold2_ptm_model_1_seed_000.pdb,76.87320987654321,61.46157894736842,13,14.820652,9.481266
results_updated/RfaH/run1/divide_and_conquer/clades/clade_040/shuffle_08/group_001_unrelaxed_rank_001_alphafold2_ptm_model_1_seed_000.pdb,67.43962962962962,50.17394736842106,13,6.3639145,13.068262
results_updated/RfaH/run1/divide_and_conquer/clades/clade_040/shuffle_08/group_004_unrelaxed_rank_001_alphafold2_ptm_model_1_seed_000.pdb,82.56617283950618,78.51868421052632,20,15.108,1.4251986
results_updated/RfaH/run1/divide_and_conquer/clades/clade_040/shuffle_09/group_003_unrelaxed_rank_001_alphafold2_ptm_model_1_seed_000.pdb,68.19549382716049,45.64078947368422,13,7.6188707,11.403684
results_updated/RfaH/run1/divide_and_conquer/clades/clade_040/shuffle_09/group_002_unrelaxed_rank_001_alphafold2_ptm_model_1_seed_000.pdb,82.95938271604939,81.78210526315789,13,14.708085,1.5310719
results_updated/RfaH/run1/divide_and_conquer/clades/clade_040/shuffle_09/group_001_unrelaxed_rank_001_alphafold2_ptm_model_1_seed_000.pdb,83.89290123456792,85.08868421052631,13,13.820367,1.4462186
results_updated/RfaH/run1/divide_and_conquer/clades/clade_040/shuffle_09/group_004_unrelaxed_rank_001_alphafold2_ptm_model_1_seed_000.pdb,74.7120987654321,57.07368421052631,20,9.790876,10.352384
results_updated/RfaH/run1/divide_and_conquer/clades/clade_040/shuffle_10/group_003_unrelaxed_rank_001_alphafold2_ptm_model_1_seed_000.pdb,71.71617283950617,57.51315789473684,13,6.2947893,13.222508
results_updated/RfaH/run1/divide_and_conquer/clades/clade_040/shuffle_10/group_002_unrelaxed_rank_001_alphafold2_ptm_model_1_seed_000.pdb,67.78530864197532,50.92815789473684,13,3.1691658,10.054979
results_updated/RfaH/run1/divide_and_conquer/clades/clade_040/shuffle_10/group_001_unrelaxed_rank_001_alphafold2_ptm_model_1_seed_000.pdb,71.3961111111111,57.806052631578936,13,6.74832,13.058196
results_updated/RfaH/run1/divide_and_conquer/clades/clade_040/shuffle_10/group_004_unrelaxed_rank_001_alphafold2_ptm_model_1_seed_000.pdb,85.7270987654321,86.51736842105262,20,14.635569,1.4583626
results_updated/RfaH/run1/divide_and_conquer/clades/clade_041/shuffle_01/group_003_unrelaxed_rank_001_alphafold2_ptm_model_1_seed_000.pdb,56.106172839506165,40.97526315789474,13,10.619197,9.515748
results_updated/RfaH/run1/divide_and_conquer/clades/clade_041/shuffle_01/group_002_unrelaxed_rank_001_alphafold2_ptm_model_1_seed_000.pdb,59.9141975308642,51.62026315789474,13,10.840882,7.854399
results_updated/RfaH/run1/divide_and_conquer/clades/clade_041/shuffle_01/group_001_unrelaxed_rank_001_alphafold2_ptm_model_1_seed_000.pdb,62.11283950617285,40.99526315789473,13,7.4153214,10.587298
results_updated/RfaH/run1/divide_and_conquer/clades/clade_041/shuffle_01/group_004_unrelaxed_rank_001_alphafold2_ptm_model_1_seed_000.pdb,51.47432098765432,37.09842105263158,20,11.879561,8.845156
results_updated/RfaH/run1/divide_and_conquer/clades/clade_041/shuffle_02/group_003_unrelaxed_rank_001_alphafold2_ptm_model_1_seed_000.pdb,57.585061728395054,38.500789473684215,13,5.7902203,8.870164
results_updated/RfaH/run1/divide_and_conquer/clades/clade_041/shuffle_02/group_002_unrelaxed_rank_001_alphafold2_ptm_model_1_seed_000.pdb,57.82481481481482,41.31078947368421,13,5.2945395,8.8125725
results_updated/RfaH/run1/divide_and_conquer/clades/clade_041/shuffle_02/group_001_unrelaxed_rank_001_alphafold2_ptm_model_1_seed_000.pdb,48.76574074074074,36.64105263157896,13,12.210294,8.992609
results_updated/RfaH/run1/divide_and_conquer/clades/clade_041/shuffle_02/group_004_unrelaxed_rank_001_alphafold2_ptm_model_1_seed_000.pdb,68.47635802469136,46.584736842105265,20,7.7451167,6.517663
results_updated/RfaH/run1/divide_and_conquer/clades/clade_041/shuffle_03/group_003_unrelaxed_rank_001_alphafold2_ptm_model_1_seed_000.pdb,56.49512345679012,35.97,13,8.592755,9.471104
results_updated/RfaH/run1/divide_and_conquer/clades/clade_041/shuffle_03/group_002_unrelaxed_rank_001_alphafold2_ptm_model_1_seed_000.pdb,51.123148148148154,35.46368421052631,13,11.676964,8.321629
results_updated/RfaH/run1/divide_and_conquer/clades/clade_041/shuffle_03/group_001_unrelaxed_rank_001_alphafold2_ptm_model_1_seed_000.pdb,71.67938271604939,55.89105263157894,13,6.0811725,13.381715
results_updated/RfaH/run1/divide_and_conquer/clades/clade_041/shuffle_03/group_004_unrelaxed_rank_001_alphafold2_ptm_model_1_seed_000.pdb,53.79703703703703,39.771578947368425,20,11.176192,8.947976
results_updated/RfaH/run1/divide_and_conquer/clades/clade_041/shuffle_04/group_003_unrelaxed_rank_001_alphafold2_ptm_model_1_seed_000.pdb,49.26524691358024,35.96973684210526,13,11.603537,7.6780343
results_updated/RfaH/run1/divide_and_conquer/clades/clade_041/shuffle_04/group_002_unrelaxed_rank_001_alphafold2_ptm_model_1_seed_000.pdb,51.03598765432099,36.74973684210528,13,11.767378,8.407684
results_updated/RfaH/run1/divide_and_conquer/clades/clade_041/shuffle_04/group_001_unrelaxed_rank_001_alphafold2_ptm_model_1_seed_000.pdb,56.70827160493827,39.2321052631579,13,10.129182,8.526588
results_updated/RfaH/run1/divide_and_conquer/clades/clade_041/shuffle_04/group_004_unrelaxed_rank_001_alphafold2_ptm_model_1_seed_000.pdb,68.20302469135802,45.58105263157895,20,8.440004,12.436252
results_updated/RfaH/run1/divide_and_conquer/clades/clade_041/shuffle_05/group_003_unrelaxed_rank_001_alphafold2_ptm_model_1_seed_000.pdb,61.36012345679013,42.476315789473674,13,8.770198,15.672669
results_updated/RfaH/run1/divide_and_conquer/clades/clade_041/shuffle_05/group_002_unrelaxed_rank_001_alphafold2_ptm_model_1_seed_000.pdb,69.22253086419752,54.224736842105266,13,6.957836,5.826462
results_updated/RfaH/run1/divide_and_conquer/clades/clade_041/shuffle_05/group_001_unrelaxed_rank_001_alphafold2_ptm_model_1_seed_000.pdb,63.35327160493827,45.02684210526316,13,6.5925307,10.1127205
results_updated/RfaH/run1/divide_and_conquer/clades/clade_041/shuffle_05/group_004_unrelaxed_rank_001_alphafold2_ptm_model_1_seed_000.pdb,59.10623456790123,40.583684210526314,20,6.2498894,8.734888
results_updated/RfaH/run1/divide_and_conquer/clades/clade_041/shuffle_06/group_003_unrelaxed_rank_001_alphafold2_ptm_model_1_seed_000.pdb,53.33703703703703,37.477631578947374,13,11.082493,7.909293
results_updated/RfaH/run1/divide_and_conquer/clades/clade_041/shuffle_06/group_002_unrelaxed_rank_001_alphafold2_ptm_model_1_seed_000.pdb,59.36987654320988,42.535,13,6.8290114,11.499107
results_updated/RfaH/run1/divide_and_conquer/clades/clade_041/shuffle_06/group_001_unrelaxed_rank_001_alphafold2_ptm_model_1_seed_000.pdb,56.89746913580247,45.83736842105264,13,9.856619,6.752003
results_updated/RfaH/run1/divide_and_conquer/clades/clade_041/shuffle_06/group_004_unrelaxed_rank_001_alphafold2_ptm_model_1_seed_000.pdb,60.816111111111105,40.25842105263158,20,9.326795,10.486649
results_updated/RfaH/run1/divide_and_conquer/clades/clade_041/shuffle_07/group_003_unrelaxed_rank_001_alphafold2_ptm_model_1_seed_000.pdb,64.54246913580248,44.65368421052633,13,7.226755,9.164736
results_updated/RfaH/run1/divide_and_conquer/clades/clade_041/shuffle_07/group_002_unrelaxed_rank_001_alphafold2_ptm_model_1_seed_000.pdb,37.45518518518519,42.18236842105264,13,16.047293,12.786526
results_updated/RfaH/run1/divide_and_conquer/clades/clade_041/shuffle_07/group_001_unrelaxed_rank_001_alphafold2_ptm_model_1_seed_000.pdb,65.05043209876543,44.16973684210526,13,6.9859233,10.211124
results_updated/RfaH/run1/divide_and_conquer/clades/clade_041/shuffle_07/group_004_unrelaxed_rank_001_alphafold2_ptm_model_1_seed_000.pdb,62.101851851851855,41.942105263157885,20,6.081176,8.752781
results_updated/RfaH/run1/divide_and_conquer/clades/clade_041/shuffle_08/group_003_unrelaxed_rank_001_alphafold2_ptm_model_1_seed_000.pdb,35.423641975308634,30.11368421052632,13,15.76521,15.113071
results_updated/RfaH/run1/divide_and_conquer/clades/clade_041/shuffle_08/group_002_unrelaxed_rank_001_alphafold2_ptm_model_1_seed_000.pdb,51.79932098765432,39.4078947368421,13,8.097168,11.063243
results_updated/RfaH/run1/divide_and_conquer/clades/clade_041/shuffle_08/group_001_unrelaxed_rank_001_alphafold2_ptm_model_1_seed_000.pdb,53.99734567901234,39.66605263157894,13,11.638949,8.272655
results_updated/RfaH/run1/divide_and_conquer/clades/clade_041/shuffle_08/group_004_unrelaxed_rank_001_alphafold2_ptm_model_1_seed_000.pdb,53.45203703703704,37.15184210526316,20,11.436265,6.493371
results_updated/RfaH/run1/divide_and_conquer/clades/clade_041/shuffle_09/group_003_unrelaxed_rank_001_alphafold2_ptm_model_1_seed_000.pdb,61.24327160493827,43.63868421052632,13,7.1513133,12.390706
results_updated/RfaH/run1/divide_and_conquer/clades/clade_041/shuffle_09/group_002_unrelaxed_rank_001_alphafold2_ptm_model_1_seed_000.pdb,57.400802469135805,39.11394736842106,13,11.250174,8.803007
results_updated/RfaH/run1/divide_and_conquer/clades/clade_041/shuffle_09/group_001_unrelaxed_rank_001_alphafold2_ptm_model_1_seed_000.pdb,51.065370370370374,35.231052631578955,13,12.62824,8.114243
results_updated/RfaH/run1/divide_and_conquer/clades/clade_041/shuffle_09/group_004_unrelaxed_rank_001_alphafold2_ptm_model_1_seed_000.pdb,63.531913580246915,42.69736842105262,20,9.300154,7.6888814
results_updated/RfaH/run1/divide_and_conquer/clades/clade_041/shuffle_10/group_003_unrelaxed_rank_001_alphafold2_ptm_model_1_seed_000.pdb,51.49012345679013,33.887631578947364,13,12.104969,10.108722
results_updated/RfaH/run1/divide_and_conquer/clades/clade_041/shuffle_10/group_002_unrelaxed_rank_001_alphafold2_ptm_model_1_seed_000.pdb,64.53913580246913,49.36894736842106,13,6.1294956,9.371544
results_updated/RfaH/run1/divide_and_conquer/clades/clade_041/shuffle_10/group_001_unrelaxed_rank_001_alphafold2_ptm_model_1_seed_000.pdb,54.22407407407407,39.83315789473684,13,14.081163,15.074237
results_updated/RfaH/run1/divide_and_conquer/clades/clade_041/shuffle_10/group_004_unrelaxed_rank_001_alphafold2_ptm_model_1_seed_000.pdb,51.29481481481481,38.89578947368421,20,10.591867,8.488578
results_updated/RfaH/run1/divide_and_conquer/clades/clade_042/shuffle_01/group_003_unrelaxed_rank_001_alphafold2_ptm_model_1_seed_000.pdb,64.1532098765432,47.572105263157894,13,4.905794,11.513132
results_updated/RfaH/run1/divide_and_conquer/clades/clade_042/shuffle_01/group_002_unrelaxed_rank_001_alphafold2_ptm_model_1_seed_000.pdb,83.159012345679,79.52026315789473,13,12.417923,1.5057539
results_updated/RfaH/run1/divide_and_conquer/clades/clade_042/shuffle_01/group_001_unrelaxed_rank_001_alphafold2_ptm_model_1_seed_000.pdb,79.31382716049383,73.4213157894737,13,11.569042,1.6232835
results_updated/RfaH/run1/divide_and_conquer/clades/clade_042/shuffle_01/group_004_unrelaxed_rank_001_alphafold2_ptm_model_1_seed_000.pdb,80.894012345679,75.34236842105264,20,15.757582,1.5836585
results_updated/RfaH/run1/divide_and_conquer/clades/clade_042/shuffle_02/group_003_unrelaxed_rank_001_alphafold2_ptm_model_1_seed_000.pdb,83.12555555555555,81.43736842105262,13,14.90055,1.5458058
results_updated/RfaH/run1/divide_and_conquer/clades/clade_042/shuffle_02/group_002_unrelaxed_rank_001_alphafold2_ptm_model_1_seed_000.pdb,67.4845061728395,42.926842105263155,13,9.256247,12.619425
results_updated/RfaH/run1/divide_and_conquer/clades/clade_042/shuffle_02/group_001_unrelaxed_rank_001_alphafold2_ptm_model_1_seed_000.pdb,56.724567901234565,38.43763157894737,13,6.5010624,8.694713
results_updated/RfaH/run1/divide_and_conquer/clades/clade_042/shuffle_02/group_004_unrelaxed_rank_001_alphafold2_ptm_model_1_seed_000.pdb,73.92253086419754,58.08631578947368,20,8.3754,1.9348445
results_updated/RfaH/run1/divide_and_conquer/clades/clade_042/shuffle_03/group_003_unrelaxed_rank_001_alphafold2_ptm_model_1_seed_000.pdb,82.2358024691358,78.16947368421053,13,11.679119,1.6144059
results_updated/RfaH/run1/divide_and_conquer/clades/clade_042/shuffle_03/group_002_unrelaxed_rank_001_alphafold2_ptm_model_1_seed_000.pdb,64.35771604938272,38.555,13,8.870865,12.482041
results_updated/RfaH/run1/divide_and_conquer/clades/clade_042/shuffle_03/group_001_unrelaxed_rank_001_alphafold2_ptm_model_1_seed_000.pdb,65.62555555555555,40.13894736842106,13,4.523247,9.850654
results_updated/RfaH/run1/divide_and_conquer/clades/clade_042/shuffle_03/group_004_unrelaxed_rank_001_alphafold2_ptm_model_1_seed_000.pdb,74.08475308641975,57.42289473684211,20,10.913962,1.7910621
results_updated/RfaH/run1/divide_and_conquer/clades/clade_042/shuffle_04/group_003_unrelaxed_rank_001_alphafold2_ptm_model_1_seed_000.pdb,76.8308024691358,66.69105263157893,13,8.826875,1.5776182
results_updated/RfaH/run1/divide_and_conquer/clades/clade_042/shuffle_04/group_002_unrelaxed_rank_001_alphafold2_ptm_model_1_seed_000.pdb,76.08722222222222,63.76263157894737,13,11.0260315,2.0111282
results_updated/RfaH/run1/divide_and_conquer/clades/clade_042/shuffle_04/group_001_unrelaxed_rank_001_alphafold2_ptm_model_1_seed_000.pdb,75.43641975308641,78.41736842105263,13,15.12435,1.5460399
results_updated/RfaH/run1/divide_and_conquer/clades/clade_042/shuffle_04/group_004_unrelaxed_rank_001_alphafold2_ptm_model_1_seed_000.pdb,64.1508024691358,54.24868421052632,20,7.238235,1.985973
results_updated/RfaH/run1/divide_and_conquer/clades/clade_042/shuffle_05/group_003_unrelaxed_rank_001_alphafold2_ptm_model_1_seed_000.pdb,68.7032098765432,45.17552631578946,13,7.97901,4.0598526
results_updated/RfaH/run1/divide_and_conquer/clades/clade_042/shuffle_05/group_002_unrelaxed_rank_001_alphafold2_ptm_model_1_seed_000.pdb,84.14864197530865,83.16736842105263,13,13.118745,1.4623815
results_updated/RfaH/run1/divide_and_conquer/clades/clade_042/shuffle_05/group_001_unrelaxed_rank_001_alphafold2_ptm_model_1_seed_000.pdb,82.3767901234568,80.16736842105263,13,8.836298,1.4001158
results_updated/RfaH/run1/divide_and_conquer/clades/clade_042/shuffle_05/group_004_unrelaxed_rank_001_alphafold2_ptm_model_1_seed_000.pdb,76.4888888888889,73.78973684210527,20,10.168778,1.5897299
results_updated/RfaH/run1/divide_and_conquer/clades/clade_042/shuffle_06/group_003_unrelaxed_rank_001_alphafold2_ptm_model_1_seed_000.pdb,81.24296296296295,80.1121052631579,13,8.258588,1.5043651
results_updated/RfaH/run1/divide_and_conquer/clades/clade_042/shuffle_06/group_002_unrelaxed_rank_001_alphafold2_ptm_model_1_seed_000.pdb,72.31049382716049,53.05763157894737,13,7.3029404,2.0654728
results_updated/RfaH/run1/divide_and_conquer/clades/clade_042/shuffle_06/group_001_unrelaxed_rank_001_alphafold2_ptm_model_1_seed_000.pdb,81.55117283950617,79.31973684210526,13,14.44617,1.5494583
results_updated/RfaH/run1/divide_and_conquer/clades/clade_042/shuffle_06/group_004_unrelaxed_rank_001_alphafold2_ptm_model_1_seed_000.pdb,75.30759259259258,61.124210526315785,20,11.096369,2.02811
results_updated/RfaH/run1/divide_and_conquer/clades/clade_042/shuffle_07/group_003_unrelaxed_rank_001_alphafold2_ptm_model_1_seed_000.pdb,65.01333333333334,41.03578947368421,13,9.638414,11.374426
results_updated/RfaH/run1/divide_and_conquer/clades/clade_042/shuffle_07/group_002_unrelaxed_rank_001_alphafold2_ptm_model_1_seed_000.pdb,73.23919753086419,70.02842105263157,13,10.496209,1.5699855
results_updated/RfaH/run1/divide_and_conquer/clades/clade_042/shuffle_07/group_001_unrelaxed_rank_001_alphafold2_ptm_model_1_seed_000.pdb,78.17104938271605,72.53184210526315,13,8.160843,1.8795751
results_updated/RfaH/run1/divide_and_conquer/clades/clade_042/shuffle_07/group_004_unrelaxed_rank_001_alphafold2_ptm_model_1_seed_000.pdb,80.43296296296296,81.79657894736843,20,14.903649,1.4076223
results_updated/RfaH/run1/divide_and_conquer/clades/clade_042/shuffle_08/group_003_unrelaxed_rank_001_alphafold2_ptm_model_1_seed_000.pdb,81.23530864197531,80.44921052631578,13,12.266767,1.5886725
results_updated/RfaH/run1/divide_and_conquer/clades/clade_042/shuffle_08/group_002_unrelaxed_rank_001_alphafold2_ptm_model_1_seed_000.pdb,79.12740740740742,69.84473684210528,13,12.42764,1.730015
results_updated/RfaH/run1/divide_and_conquer/clades/clade_042/shuffle_08/group_001_unrelaxed_rank_001_alphafold2_ptm_model_1_seed_000.pdb,68.38913580246914,58.946315789473694,13,15.905108,1.7329469
results_updated/RfaH/run1/divide_and_conquer/clades/clade_042/shuffle_08/group_004_unrelaxed_rank_001_alphafold2_ptm_model_1_seed_000.pdb,68.71530864197531,43.47868421052632,20,7.743266,4.361615
results_updated/RfaH/run1/divide_and_conquer/clades/clade_042/shuffle_09/group_003_unrelaxed_rank_001_alphafold2_ptm_model_1_seed_000.pdb,82.10074074074073,79.20026315789474,13,10.815021,1.5434705
results_updated/RfaH/run1/divide_and_conquer/clades/clade_042/shuffle_09/group_002_unrelaxed_rank_001_alphafold2_ptm_model_1_seed_000.pdb,75.40234567901234,75.91131578947369,13,9.969874,1.656077
results_updated/RfaH/run1/divide_and_conquer/clades/clade_042/shuffle_09/group_001_unrelaxed_rank_001_alphafold2_ptm_model_1_seed_000.pdb,81.55024691358024,78.07,13,13.018268,1.5434916
results_updated/RfaH/run1/divide_and_conquer/clades/clade_042/shuffle_09/group_004_unrelaxed_rank_001_alphafold2_ptm_model_1_seed_000.pdb,74.94456790123456,80.52921052631578,20,15.875036,1.4100554
results_updated/RfaH/run1/divide_and_conquer/clades/clade_042/shuffle_10/group_003_unrelaxed_rank_001_alphafold2_ptm_model_1_seed_000.pdb,65.84049382716049,43.47894736842106,13,5.588406,11.413205
results_updated/RfaH/run1/divide_and_conquer/clades/clade_042/shuffle_10/group_002_unrelaxed_rank_001_alphafold2_ptm_model_1_seed_000.pdb,80.58654320987655,76.96789473684211,13,14.532583,1.5857736
results_updated/RfaH/run1/divide_and_conquer/clades/clade_042/shuffle_10/group_001_unrelaxed_rank_001_alphafold2_ptm_model_1_seed_000.pdb,82.7658024691358,80.9821052631579,13,9.441161,1.5857598
results_updated/RfaH/run1/divide_and_conquer/clades/clade_042/shuffle_10/group_004_unrelaxed_rank_001_alphafold2_ptm_model_1_seed_000.pdb,68.46808641975309,47.64315789473685,20,4.0881004,10.659864
results_updated/RfaH/run1/divide_and_conquer/clades/clade_043/shuffle_01/group_003_unrelaxed_rank_001_alphafold2_ptm_model_1_seed_000.pdb,75.45771604938273,63.25394736842105,13,6.9071617,10.070992
results_updated/RfaH/run1/divide_and_conquer/clades/clade_043/shuffle_01/group_002_unrelaxed_rank_001_alphafold2_ptm_model_1_seed_000.pdb,70.08351851851852,54.8442105263158,13,4.10128,8.686137
results_updated/RfaH/run1/divide_and_conquer/clades/clade_043/shuffle_01/group_001_unrelaxed_rank_001_alphafold2_ptm_model_1_seed_000.pdb,63.26765432098766,38.54552631578947,13,5.0521235,7.36803
results_updated/RfaH/run1/divide_and_conquer/clades/clade_043/shuffle_01/group_004_unrelaxed_rank_001_alphafold2_ptm_model_1_seed_000.pdb,85.645,87.51973684210525,19,15.702303,1.4604414
results_updated/RfaH/run1/divide_and_conquer/clades/clade_043/shuffle_02/group_003_unrelaxed_rank_001_alphafold2_ptm_model_1_seed_000.pdb,62.93827160493827,38.735789473684214,13,7.8825765,8.994663
results_updated/RfaH/run1/divide_and_conquer/clades/clade_043/shuffle_02/group_002_unrelaxed_rank_001_alphafold2_ptm_model_1_seed_000.pdb,74.68191358024693,60.90736842105263,13,6.6604977,10.630423
results_updated/RfaH/run1/divide_and_conquer/clades/clade_043/shuffle_02/group_001_unrelaxed_rank_001_alphafold2_ptm_model_1_seed_000.pdb,70.2841975308642,53.56499999999999,13,6.8546734,10.467685
results_updated/RfaH/run1/divide_and_conquer/clades/clade_043/shuffle_02/group_004_unrelaxed_rank_001_alphafold2_ptm_model_1_seed_000.pdb,81.2295061728395,77.25763157894737,19,13.517546,1.4085475
results_updated/RfaH/run1/divide_and_conquer/clades/clade_043/shuffle_03/group_003_unrelaxed_rank_001_alphafold2_ptm_model_1_seed_000.pdb,67.53265432098766,47.17078947368421,13,4.944411,8.599786
results_updated/RfaH/run1/divide_and_conquer/clades/clade_043/shuffle_03/group_002_unrelaxed_rank_001_alphafold2_ptm_model_1_seed_000.pdb,68.10475308641975,46.473157894736836,13,7.214416,9.507378
results_updated/RfaH/run1/divide_and_conquer/clades/clade_043/shuffle_03/group_001_unrelaxed_rank_001_alphafold2_ptm_model_1_seed_000.pdb,76.64024691358024,63.77684210526316,13,6.742027,9.643378
results_updated/RfaH/run1/divide_and_conquer/clades/clade_043/shuffle_03/group_004_unrelaxed_rank_001_alphafold2_ptm_model_1_seed_000.pdb,67.53796296296298,47.540263157894735,19,7.149247,9.303451
results_updated/RfaH/run1/divide_and_conquer/clades/clade_043/shuffle_04/group_003_unrelaxed_rank_001_alphafold2_ptm_model_1_seed_000.pdb,73.79185185185186,64.44842105263157,13,2.1741393,9.440037
results_updated/RfaH/run1/divide_and_conquer/clades/clade_043/shuffle_04/group_002_unrelaxed_rank_001_alphafold2_ptm_model_1_seed_000.pdb,79.35771604938272,70.0613157894737,13,7.072885,9.871688
results_updated/RfaH/run1/divide_and_conquer/clades/clade_043/shuffle_04/group_001_unrelaxed_rank_001_alphafold2_ptm_model_1_seed_000.pdb,53.68672839506173,40.110263157894735,13,4.8126516,7.483597
results_updated/RfaH/run1/divide_and_conquer/clades/clade_043/shuffle_04/group_004_unrelaxed_rank_001_alphafold2_ptm_model_1_seed_000.pdb,71.6858024691358,54.183684210526316,19,8.584066,1.6920208
results_updated/RfaH/run1/divide_and_conquer/clades/clade_043/shuffle_05/group_003_unrelaxed_rank_001_alphafold2_ptm_model_1_seed_000.pdb,50.04623456790123,38.4392105263158,13,11.747117,3.9555902
results_updated/RfaH/run1/divide_and_conquer/clades/clade_043/shuffle_05/group_002_unrelaxed_rank_001_alphafold2_ptm_model_1_seed_000.pdb,63.413024691358025,41.652631578947364,13,3.6329055,9.728261
results_updated/RfaH/run1/divide_and_conquer/clades/clade_043/shuffle_05/group_001_unrelaxed_rank_001_alphafold2_ptm_model_1_seed_000.pdb,65.20271604938272,42.49131578947369,13,5.5872784,10.442071
results_updated/RfaH/run1/divide_and_conquer/clades/clade_043/shuffle_05/group_004_unrelaxed_rank_001_alphafold2_ptm_model_1_seed_000.pdb,86.29913580246912,85.72421052631579,19,16.465004,1.4439507
results_updated/RfaH/run1/divide_and_conquer/clades/clade_043/shuffle_06/group_003_unrelaxed_rank_001_alphafold2_ptm_model_1_seed_000.pdb,86.29222222222222,87.2742105263158,13,16.174255,1.4581119
results_updated/RfaH/run1/divide_and_conquer/clades/clade_043/shuffle_06/group_002_unrelaxed_rank_001_alphafold2_ptm_model_1_seed_000.pdb,85.52067901234567,85.74000000000001,13,15.133042,1.4098514
results_updated/RfaH/run1/divide_and_conquer/clades/clade_043/shuffle_06/group_001_unrelaxed_rank_001_alphafold2_ptm_model_1_seed_000.pdb,68.21024691358024,51.20605263157895,13,4.3572416,10.487553
results_updated/RfaH/run1/divide_and_conquer/clades/clade_043/shuffle_06/group_004_unrelaxed_rank_001_alphafold2_ptm_model_1_seed_000.pdb,75.13876543209877,59.87236842105262,19,13.529834,1.5570178
results_updated/RfaH/run1/divide_and_conquer/clades/clade_043/shuffle_07/group_003_unrelaxed_rank_001_alphafold2_ptm_model_1_seed_000.pdb,77.68376543209877,60.784736842105254,13,17.219961,1.8592384
results_updated/RfaH/run1/divide_and_conquer/clades/clade_043/shuffle_07/group_002_unrelaxed_rank_001_alphafold2_ptm_model_1_seed_000.pdb,63.31327160493827,37.94921052631579,13,8.781155,9.835496
results_updated/RfaH/run1/divide_and_conquer/clades/clade_043/shuffle_07/group_001_unrelaxed_rank_001_alphafold2_ptm_model_1_seed_000.pdb,68.63716049382715,55.138684210526314,13,5.1360235,8.369482
results_updated/RfaH/run1/divide_and_conquer/clades/clade_043/shuffle_07/group_004_unrelaxed_rank_001_alphafold2_ptm_model_1_seed_000.pdb,86.63493827160494,87.40763157894737,19,16.642843,1.3778938
results_updated/RfaH/run1/divide_and_conquer/clades/clade_043/shuffle_08/group_003_unrelaxed_rank_001_alphafold2_ptm_model_1_seed_000.pdb,82.98135802469136,81.76026315789473,13,14.048644,1.4550229
results_updated/RfaH/run1/divide_and_conquer/clades/clade_043/shuffle_08/group_002_unrelaxed_rank_001_alphafold2_ptm_model_1_seed_000.pdb,86.08339506172838,86.2513157894737,13,16.34589,1.3626747
results_updated/RfaH/run1/divide_and_conquer/clades/clade_043/shuffle_08/group_001_unrelaxed_rank_001_alphafold2_ptm_model_1_seed_000.pdb,69.92358024691359,51.44657894736842,13,5.4196897,8.615776
results_updated/RfaH/run1/divide_and_conquer/clades/clade_043/shuffle_08/group_004_unrelaxed_rank_001_alphafold2_ptm_model_1_seed_000.pdb,69.62827160493826,49.650263157894734,19,5.9068494,11.820036
results_updated/RfaH/run1/divide_and_conquer/clades/clade_043/shuffle_09/group_003_unrelaxed_rank_001_alphafold2_ptm_model_1_seed_000.pdb,71.90586419753086,62.42736842105263,13,2.1732686,9.325017
results_updated/RfaH/run1/divide_and_conquer/clades/clade_043/shuffle_09/group_002_unrelaxed_rank_001_alphafold2_ptm_model_1_seed_000.pdb,68.48462962962962,49.794999999999995,13,6.748832,10.008127
results_updated/RfaH/run1/divide_and_conquer/clades/clade_043/shuffle_09/group_001_unrelaxed_rank_001_alphafold2_ptm_model_1_seed_000.pdb,70.045,54.868947368421054,13,4.31407,7.731367
results_updated/RfaH/run1/divide_and_conquer/clades/clade_043/shuffle_09/group_004_unrelaxed_rank_001_alphafold2_ptm_model_1_seed_000.pdb,67.59339506172839,46.86684210526315,19,5.739782,9.430963
results_updated/RfaH/run1/divide_and_conquer/clades/clade_043/shuffle_10/group_003_unrelaxed_rank_001_alphafold2_ptm_model_1_seed_000.pdb,70.26487654320988,57.35578947368421,13,4.1562643,8.561902
results_updated/RfaH/run1/divide_and_conquer/clades/clade_043/shuffle_10/group_002_unrelaxed_rank_001_alphafold2_ptm_model_1_seed_000.pdb,66.80512345679013,46.95973684210526,13,6.578418,11.033191
results_updated/RfaH/run1/divide_and_conquer/clades/clade_043/shuffle_10/group_001_unrelaxed_rank_001_alphafold2_ptm_model_1_seed_000.pdb,83.86,83.37289473684211,13,12.495502,1.7270455
results_updated/RfaH/run1/divide_and_conquer/clades/clade_043/shuffle_10/group_004_unrelaxed_rank_001_alphafold2_ptm_model_1_seed_000.pdb,75.27067901234568,65.18947368421054,19,6.452784,10.680791
results_updated/RfaH/run1/divide_and_conquer/clades/clade_044/shuffle_01/group_003_unrelaxed_rank_001_alphafold2_ptm_model_1_seed_000.pdb,69.07543209876543,54.87999999999999,13,6.5862246,12.676849
results_updated/RfaH/run1/divide_and_conquer/clades/clade_044/shuffle_01/group_002_unrelaxed_rank_001_alphafold2_ptm_model_1_seed_000.pdb,69.63895061728394,51.64157894736841,13,6.800471,13.124221
results_updated/RfaH/run1/divide_and_conquer/clades/clade_044/shuffle_01/group_001_unrelaxed_rank_001_alphafold2_ptm_model_1_seed_000.pdb,72.43123456790124,57.121578947368405,13,8.043044,14.809621
results_updated/RfaH/run1/divide_and_conquer/clades/clade_044/shuffle_01/group_004_unrelaxed_rank_001_alphafold2_ptm_model_1_seed_000.pdb,84.33648148148147,84.51289473684211,19,13.429948,1.3895131
results_updated/RfaH/run1/divide_and_conquer/clades/clade_044/shuffle_02/group_003_unrelaxed_rank_001_alphafold2_ptm_model_1_seed_000.pdb,68.88969135802469,46.44421052631579,13,8.560414,11.976373
results_updated/RfaH/run1/divide_and_conquer/clades/clade_044/shuffle_02/group_002_unrelaxed_rank_001_alphafold2_ptm_model_1_seed_000.pdb,65.53617283950618,45.99447368421053,13,3.4757311,9.083566
results_updated/RfaH/run1/divide_and_conquer/clades/clade_044/shuffle_02/group_001_unrelaxed_rank_001_alphafold2_ptm_model_1_seed_000.pdb,67.0195061728395,48.32,13,7.7480054,13.389867
results_updated/RfaH/run1/divide_and_conquer/clades/clade_044/shuffle_02/group_004_unrelaxed_rank_001_alphafold2_ptm_model_1_seed_000.pdb,84.35265432098765,82.39342105263158,19,13.93319,1.4458956
results_updated/RfaH/run1/divide_and_conquer/clades/clade_044/shuffle_03/group_003_unrelaxed_rank_001_alphafold2_ptm_model_1_seed_000.pdb,69.23777777777778,46.88868421052631,13,8.648289,13.864669
results_updated/RfaH/run1/divide_and_conquer/clades/clade_044/shuffle_03/group_002_unrelaxed_rank_001_alphafold2_ptm_model_1_seed_000.pdb,84.51462962962964,83.8371052631579,13,16.889418,1.436147
results_updated/RfaH/run1/divide_and_conquer/clades/clade_044/shuffle_03/group_001_unrelaxed_rank_001_alphafold2_ptm_model_1_seed_000.pdb,84.5312962962963,85.0478947368421,13,14.497943,1.4872651
results_updated/RfaH/run1/divide_and_conquer/clades/clade_044/shuffle_03/group_004_unrelaxed_rank_001_alphafold2_ptm_model_1_seed_000.pdb,82.44574074074073,78.41105263157894,19,13.451985,1.5975602
results_updated/RfaH/run1/divide_and_conquer/clades/clade_044/shuffle_04/group_003_unrelaxed_rank_001_alphafold2_ptm_model_1_seed_000.pdb,58.06944444444444,43.58552631578947,13,6.3770757,10.176003
results_updated/RfaH/run1/divide_and_conquer/clades/clade_044/shuffle_04/group_002_unrelaxed_rank_001_alphafold2_ptm_model_1_seed_000.pdb,67.66962962962964,47.48710526315789,13,8.227211,14.007252
results_updated/RfaH/run1/divide_and_conquer/clades/clade_044/shuffle_04/group_001_unrelaxed_rank_001_alphafold2_ptm_model_1_seed_000.pdb,72.01790123456792,80.63315789473683,13,11.289195,1.5947661
results_updated/RfaH/run1/divide_and_conquer/clades/clade_044/shuffle_04/group_004_unrelaxed_rank_001_alphafold2_ptm_model_1_seed_000.pdb,84.6925925925926,84.34052631578948,19,15.699577,1.4103538
results_updated/RfaH/run1/divide_and_conquer/clades/clade_044/shuffle_05/group_003_unrelaxed_rank_001_alphafold2_ptm_model_1_seed_000.pdb,71.86265432098766,62.409473684210525,13,2.4514377,9.5821905
results_updated/RfaH/run1/divide_and_conquer/clades/clade_044/shuffle_05/group_002_unrelaxed_rank_001_alphafold2_ptm_model_1_seed_000.pdb,83.91043209876543,86.92947368421054,13,15.094974,1.6009223
results_updated/RfaH/run1/divide_and_conquer/clades/clade_044/shuffle_05/group_001_unrelaxed_rank_001_alphafold2_ptm_model_1_seed_000.pdb,74.69864197530863,82.82736842105264,13,13.383596,1.3981136
results_updated/RfaH/run1/divide_and_conquer/clades/clade_044/shuffle_05/group_004_unrelaxed_rank_001_alphafold2_ptm_model_1_seed_000.pdb,85.29438271604937,84.3771052631579,19,16.325447,1.5327704
results_updated/RfaH/run1/divide_and_conquer/clades/clade_044/shuffle_06/group_003_unrelaxed_rank_001_alphafold2_ptm_model_1_seed_000.pdb,67.44759259259258,44.798157894736846,13,7.900119,14.013051
results_updated/RfaH/run1/divide_and_conquer/clades/clade_044/shuffle_06/group_002_unrelaxed_rank_001_alphafold2_ptm_model_1_seed_000.pdb,83.20432098765433,80.61789473684209,13,16.153019,1.3998802
results_updated/RfaH/run1/divide_and_conquer/clades/clade_044/shuffle_06/group_001_unrelaxed_rank_001_alphafold2_ptm_model_1_seed_000.pdb,83.76228395061727,80.33105263157893,13,15.471948,1.4207135
results_updated/RfaH/run1/divide_and_conquer/clades/clade_044/shuffle_06/group_004_unrelaxed_rank_001_alphafold2_ptm_model_1_seed_000.pdb,81.84956790123458,79.9107894736842,19,14.744161,1.408433
results_updated/RfaH/run1/divide_and_conquer/clades/clade_044/shuffle_07/group_003_unrelaxed_rank_001_alphafold2_ptm_model_1_seed_000.pdb,68.58216049382715,45.973421052631586,13,8.082257,9.391973
results_updated/RfaH/run1/divide_and_conquer/clades/clade_044/shuffle_07/group_002_unrelaxed_rank_001_alphafold2_ptm_model_1_seed_000.pdb,68.53648148148147,49.82499999999999,13,4.844641,10.471776
results_updated/RfaH/run1/divide_and_conquer/clades/clade_044/shuffle_07/group_001_unrelaxed_rank_001_alphafold2_ptm_model_1_seed_000.pdb,66.36537037037036,40.25,13,7.9427953,10.120597
results_updated/RfaH/run1/divide_and_conquer/clades/clade_044/shuffle_07/group_004_unrelaxed_rank_001_alphafold2_ptm_model_1_seed_000.pdb,78.97246913580247,69.10578947368421,19,14.349187,1.4164076
results_updated/RfaH/run1/divide_and_conquer/clades/clade_044/shuffle_08/group_003_unrelaxed_rank_001_alphafold2_ptm_model_1_seed_000.pdb,66.93314814814816,44.598684210526315,13,7.034408,12.714944
results_updated/RfaH/run1/divide_and_conquer/clades/clade_044/shuffle_08/group_002_unrelaxed_rank_001_alphafold2_ptm_model_1_seed_000.pdb,68.33543209876544,49.094210526315784,13,7.391024,14.034592
results_updated/RfaH/run1/divide_and_conquer/clades/clade_044/shuffle_08/group_001_unrelaxed_rank_001_alphafold2_ptm_model_1_seed_000.pdb,85.72037037037038,84.90815789473685,13,14.005839,1.4521904
results_updated/RfaH/run1/divide_and_conquer/clades/clade_044/shuffle_08/group_004_unrelaxed_rank_001_alphafold2_ptm_model_1_seed_000.pdb,81.66512345679014,76.585,19,13.986461,1.4151658
results_updated/RfaH/run1/divide_and_conquer/clades/clade_044/shuffle_09/group_003_unrelaxed_rank_001_alphafold2_ptm_model_1_seed_000.pdb,69.0233950617284,42.171578947368424,13,10.561261,16.011623
results_updated/RfaH/run1/divide_and_conquer/clades/clade_044/shuffle_09/group_002_unrelaxed_rank_001_alphafold2_ptm_model_1_seed_000.pdb,68.5938888888889,51.755,13,6.2638736,12.131961
results_updated/RfaH/run1/divide_and_conquer/clades/clade_044/shuffle_09/group_001_unrelaxed_rank_001_alphafold2_ptm_model_1_seed_000.pdb,70.41086419753086,52.976052631578945,13,5.6265745,11.291802
results_updated/RfaH/run1/divide_and_conquer/clades/clade_044/shuffle_09/group_004_unrelaxed_rank_001_alphafold2_ptm_model_1_seed_000.pdb,84.37160493827162,83.99710526315789,19,15.550963,1.5859448
results_updated/RfaH/run1/divide_and_conquer/clades/clade_044/shuffle_10/group_003_unrelaxed_rank_001_alphafold2_ptm_model_1_seed_000.pdb,69.57123456790124,50.16000000000001,13,8.155528,13.967142
results_updated/RfaH/run1/divide_and_conquer/clades/clade_044/shuffle_10/group_002_unrelaxed_rank_001_alphafold2_ptm_model_1_seed_000.pdb,81.95925925925926,76.39052631578949,13,14.60911,1.3977827
results_updated/RfaH/run1/divide_and_conquer/clades/clade_044/shuffle_10/group_001_unrelaxed_rank_001_alphafold2_ptm_model_1_seed_000.pdb,72.11691358024692,55.941315789473684,13,17.572264,2.521983
results_updated/RfaH/run1/divide_and_conquer/clades/clade_044/shuffle_10/group_004_unrelaxed_rank_001_alphafold2_ptm_model_1_seed_000.pdb,83.09524691358025,82.19552631578948,19,14.626135,1.5451173
results_updated/RfaH/run1/divide_and_conquer/clades/clade_045/shuffle_01/group_003_unrelaxed_rank_001_alphafold2_ptm_model_1_seed_000.pdb,72.96617283950617,61.530789473684216,13,2.1677763,10.48371
results_updated/RfaH/run1/divide_and_conquer/clades/clade_045/shuffle_01/group_002_unrelaxed_rank_001_alphafold2_ptm_model_1_seed_000.pdb,72.93555555555557,61.22631578947368,13,2.4707155,9.581203
results_updated/RfaH/run1/divide_and_conquer/clades/clade_045/shuffle_01/group_001_unrelaxed_rank_001_alphafold2_ptm_model_1_seed_000.pdb,75.38882716049383,60.617368421052646,13,15.807118,8.761252
results_updated/RfaH/run1/divide_and_conquer/clades/clade_045/shuffle_01/group_004_unrelaxed_rank_001_alphafold2_ptm_model_1_seed_000.pdb,75.04604938271605,66.57052631578948,17,2.2432055,9.917842
results_updated/RfaH/run1/divide_and_conquer/clades/clade_045/shuffle_02/group_003_unrelaxed_rank_001_alphafold2_ptm_model_1_seed_000.pdb,71.61623456790123,60.468684210526305,13,2.279286,9.741079
results_updated/RfaH/run1/divide_and_conquer/clades/clade_045/shuffle_02/group_002_unrelaxed_rank_001_alphafold2_ptm_model_1_seed_000.pdb,74.34574074074074,67.02368421052631,13,2.2141013,9.799366
results_updated/RfaH/run1/divide_and_conquer/clades/clade_045/shuffle_02/group_001_unrelaxed_rank_001_alphafold2_ptm_model_1_seed_000.pdb,77.25469135802469,61.574210526315795,13,19.78551,9.673096
results_updated/RfaH/run1/divide_and_conquer/clades/clade_045/shuffle_02/group_004_unrelaxed_rank_001_alphafold2_ptm_model_1_seed_000.pdb,69.51944444444445,50.13210526315789,17,3.295605,10.00865
results_updated/RfaH/run1/divide_and_conquer/clades/clade_045/shuffle_03/group_003_unrelaxed_rank_001_alphafold2_ptm_model_1_seed_000.pdb,73.22543209876544,65.06842105263159,13,2.293529,10.182552
results_updated/RfaH/run1/divide_and_conquer/clades/clade_045/shuffle_03/group_002_unrelaxed_rank_001_alphafold2_ptm_model_1_seed_000.pdb,75.59703703703704,67.14342105263158,13,1.762312,9.817209
results_updated/RfaH/run1/divide_and_conquer/clades/clade_045/shuffle_03/group_001_unrelaxed_rank_001_alphafold2_ptm_model_1_seed_000.pdb,76.7245061728395,63.31921052631579,13,16.868664,10.3662405
results_updated/RfaH/run1/divide_and_conquer/clades/clade_045/shuffle_03/group_004_unrelaxed_rank_001_alphafold2_ptm_model_1_seed_000.pdb,72.7879012345679,60.9507894736842,17,2.80351,9.527714
results_updated/RfaH/run1/divide_and_conquer/clades/clade_045/shuffle_04/group_003_unrelaxed_rank_001_alphafold2_ptm_model_1_seed_000.pdb,70.01969135802469,58.765263157894736,13,3.218055,9.148036
results_updated/RfaH/run1/divide_and_conquer/clades/clade_045/shuffle_04/group_002_unrelaxed_rank_001_alphafold2_ptm_model_1_seed_000.pdb,83.02012345679013,85.62315789473685,13,16.762268,1.2930214
results_updated/RfaH/run1/divide_and_conquer/clades/clade_045/shuffle_04/group_001_unrelaxed_rank_001_alphafold2_ptm_model_1_seed_000.pdb,78.75740740740741,67.95447368421053,13,16.170313,9.544834
results_updated/RfaH/run1/divide_and_conquer/clades/clade_045/shuffle_04/group_004_unrelaxed_rank_001_alphafold2_ptm_model_1_seed_000.pdb,72.96246913580246,63.34236842105264,17,2.1234882,9.817347
results_updated/RfaH/run1/divide_and_conquer/clades/clade_045/shuffle_05/group_003_unrelaxed_rank_001_alphafold2_ptm_model_1_seed_000.pdb,73.58999999999999,64.78947368421053,13,2.1289427,9.738582
results_updated/RfaH/run1/divide_and_conquer/clades/clade_045/shuffle_05/group_002_unrelaxed_rank_001_alphafold2_ptm_model_1_seed_000.pdb,76.029012345679,67.95263157894738,13,1.8507334,9.941738
results_updated/RfaH/run1/divide_and_conquer/clades/clade_045/shuffle_05/group_001_unrelaxed_rank_001_alphafold2_ptm_model_1_seed_000.pdb,75.31888888888889,61.635000000000005,13,14.27615,9.803607
results_updated/RfaH/run1/divide_and_conquer/clades/clade_045/shuffle_05/group_004_unrelaxed_rank_001_alphafold2_ptm_model_1_seed_000.pdb,69.87160493827162,50.367631578947375,17,3.3960278,9.528693
results_updated/RfaH/run1/divide_and_conquer/clades/clade_045/shuffle_06/group_003_unrelaxed_rank_001_alphafold2_ptm_model_1_seed_000.pdb,71.83777777777777,61.66526315789473,13,2.123839,9.828432
results_updated/RfaH/run1/divide_and_conquer/clades/clade_045/shuffle_06/group_002_unrelaxed_rank_001_alphafold2_ptm_model_1_seed_000.pdb,73.50018518518517,66.0557894736842,13,2.1631157,9.772328
results_updated/RfaH/run1/divide_and_conquer/clades/clade_045/shuffle_06/group_001_unrelaxed_rank_001_alphafold2_ptm_model_1_seed_000.pdb,71.23222222222222,58.45000000000001,13,3.3379993,9.395783
results_updated/RfaH/run1/divide_and_conquer/clades/clade_045/shuffle_06/group_004_unrelaxed_rank_001_alphafold2_ptm_model_1_seed_000.pdb,78.02888888888889,65.88052631578948,17,19.034105,9.48849
results_updated/RfaH/run1/divide_and_conquer/clades/clade_045/shuffle_07/group_003_unrelaxed_rank_001_alphafold2_ptm_model_1_seed_000.pdb,73.05907407407408,66.17842105263158,13,1.6672983,9.657661
results_updated/RfaH/run1/divide_and_conquer/clades/clade_045/shuffle_07/group_002_unrelaxed_rank_001_alphafold2_ptm_model_1_seed_000.pdb,75.61172839506173,69.10289473684213,13,2.0161767,9.589482
results_updated/RfaH/run1/divide_and_conquer/clades/clade_045/shuffle_07/group_001_unrelaxed_rank_001_alphafold2_ptm_model_1_seed_000.pdb,73.94067901234567,54.745263157894726,13,17.282629,8.405371
results_updated/RfaH/run1/divide_and_conquer/clades/clade_045/shuffle_07/group_004_unrelaxed_rank_001_alphafold2_ptm_model_1_seed_000.pdb,74.87925925925926,67.5115789473684,17,1.8956999,9.939202
results_updated/RfaH/run1/divide_and_conquer/clades/clade_045/shuffle_08/group_003_unrelaxed_rank_001_alphafold2_ptm_model_1_seed_000.pdb,73.94716049382717,64.41315789473684,13,1.9991164,9.903277
results_updated/RfaH/run1/divide_and_conquer/clades/clade_045/shuffle_08/group_002_unrelaxed_rank_001_alphafold2_ptm_model_1_seed_000.pdb,72.32191358024693,58.65052631578947,13,3.741852,10.379928
results_updated/RfaH/run1/divide_and_conquer/clades/clade_045/shuffle_08/group_001_unrelaxed_rank_001_alphafold2_ptm_model_1_seed_000.pdb,73.80753086419753,66.41473684210527,13,1.9209476,9.753589
results_updated/RfaH/run1/divide_and_conquer/clades/clade_045/shuffle_08/group_004_unrelaxed_rank_001_alphafold2_ptm_model_1_seed_000.pdb,75.68222222222222,63.465789473684204,17,3.6693635,9.082405
results_updated/RfaH/run1/divide_and_conquer/clades/clade_045/shuffle_09/group_003_unrelaxed_rank_001_alphafold2_ptm_model_1_seed_000.pdb,75.42586419753087,60.30263157894738,13,18.70631,9.323686
results_updated/RfaH/run1/divide_and_conquer/clades/clade_045/shuffle_09/group_002_unrelaxed_rank_001_alphafold2_ptm_model_1_seed_000.pdb,73.81993827160494,67.07947368421051,13,2.0381525,9.866418
results_updated/RfaH/run1/divide_and_conquer/clades/clade_045/shuffle_09/group_001_unrelaxed_rank_001_alphafold2_ptm_model_1_seed_000.pdb,77.45197530864198,63.7042105263158,13,18.335464,9.0549345
results_updated/RfaH/run1/divide_and_conquer/clades/clade_045/shuffle_09/group_004_unrelaxed_rank_001_alphafold2_ptm_model_1_seed_000.pdb,77.22932098765432,64.96394736842106,17,18.956152,10.434684
results_updated/RfaH/run1/divide_and_conquer/clades/clade_045/shuffle_10/group_003_unrelaxed_rank_001_alphafold2_ptm_model_1_seed_000.pdb,75.38771604938272,68.53552631578948,13,2.1264858,9.821075
results_updated/RfaH/run1/divide_and_conquer/clades/clade_045/shuffle_10/group_002_unrelaxed_rank_001_alphafold2_ptm_model_1_seed_000.pdb,74.29401234567901,56.66368421052631,13,18.810171,9.452943
results_updated/RfaH/run1/divide_and_conquer/clades/clade_045/shuffle_10/group_001_unrelaxed_rank_001_alphafold2_ptm_model_1_seed_000.pdb,79.69697530864198,70.275,13,17.90803,9.422254
results_updated/RfaH/run1/divide_and_conquer/clades/clade_045/shuffle_10/group_004_unrelaxed_rank_001_alphafold2_ptm_model_1_seed_000.pdb,69.19703703703703,50.023421052631576,17,2.8331337,9.348949
results_updated/RfaH/run1/divide_and_conquer/clades/clade_046/shuffle_01/group_003_unrelaxed_rank_001_alphafold2_ptm_model_1_seed_000.pdb,72.12246913580248,51.07605263157895,13,8.31605,4.3030334
results_updated/RfaH/run1/divide_and_conquer/clades/clade_046/shuffle_01/group_002_unrelaxed_rank_001_alphafold2_ptm_model_1_seed_000.pdb,64.36691358024692,38.03973684210526,13,6.146567,7.610973
results_updated/RfaH/run1/divide_and_conquer/clades/clade_046/shuffle_01/group_001_unrelaxed_rank_001_alphafold2_ptm_model_1_seed_000.pdb,82.35277777777777,80.98,13,14.136105,1.3855757
results_updated/RfaH/run1/divide_and_conquer/clades/clade_046/shuffle_01/group_004_unrelaxed_rank_001_alphafold2_ptm_model_1_seed_000.pdb,72.81475308641976,53.74842105263158,17,7.367628,3.5592701
results_updated/RfaH/run1/divide_and_conquer/clades/clade_046/shuffle_02/group_003_unrelaxed_rank_001_alphafold2_ptm_model_1_seed_000.pdb,73.97685185185185,57.801578947368434,13,14.609183,2.46509
results_updated/RfaH/run1/divide_and_conquer/clades/clade_046/shuffle_02/group_002_unrelaxed_rank_001_alphafold2_ptm_model_1_seed_000.pdb,71.95407407407409,48.061315789473674,13,7.5367103,3.18768
results_updated/RfaH/run1/divide_and_conquer/clades/clade_046/shuffle_02/group_001_unrelaxed_rank_001_alphafold2_ptm_model_1_seed_000.pdb,70.60456790123456,53.97421052631579,13,6.7285657,2.8909526
results_updated/RfaH/run1/divide_and_conquer/clades/clade_046/shuffle_02/group_004_unrelaxed_rank_001_alphafold2_ptm_model_1_seed_000.pdb,73.54938271604938,54.696052631578944,17,7.746482,5.346203
results_updated/RfaH/run1/divide_and_conquer/clades/clade_046/shuffle_03/group_003_unrelaxed_rank_001_alphafold2_ptm_model_1_seed_000.pdb,76.19753086419753,61.79473684210527,13,9.656471,3.1299038
results_updated/RfaH/run1/divide_and_conquer/clades/clade_046/shuffle_03/group_002_unrelaxed_rank_001_alphafold2_ptm_model_1_seed_000.pdb,73.0953086419753,63.76552631578948,13,6.9118724,3.1459105
results_updated/RfaH/run1/divide_and_conquer/clades/clade_046/shuffle_03/group_001_unrelaxed_rank_001_alphafold2_ptm_model_1_seed_000.pdb,66.13074074074075,43.88710526315789,13,6.4930387,3.4870536
results_updated/RfaH/run1/divide_and_conquer/clades/clade_046/shuffle_03/group_004_unrelaxed_rank_001_alphafold2_ptm_model_1_seed_000.pdb,66.38543209876542,51.355,17,7.2772985,3.7702842
results_updated/RfaH/run1/divide_and_conquer/clades/clade_046/shuffle_04/group_003_unrelaxed_rank_001_alphafold2_ptm_model_1_seed_000.pdb,71.49413580246913,51.579210526315784,13,7.3372912,3.8044832
results_updated/RfaH/run1/divide_and_conquer/clades/clade_046/shuffle_04/group_002_unrelaxed_rank_001_alphafold2_ptm_model_1_seed_000.pdb,76.0237037037037,58.735789473684214,13,10.799698,5.684668
results_updated/RfaH/run1/divide_and_conquer/clades/clade_046/shuffle_04/group_001_unrelaxed_rank_001_alphafold2_ptm_model_1_seed_000.pdb,64.59574074074074,48.21184210526316,13,4.00471,8.597729
results_updated/RfaH/run1/divide_and_conquer/clades/clade_046/shuffle_04/group_004_unrelaxed_rank_001_alphafold2_ptm_model_1_seed_000.pdb,74.23086419753086,61.717368421052626,17,6.979689,1.8928431
results_updated/RfaH/run1/divide_and_conquer/clades/clade_046/shuffle_05/group_003_unrelaxed_rank_001_alphafold2_ptm_model_1_seed_000.pdb,59.75086419753086,49.1178947368421,13,3.9366224,8.824157
results_updated/RfaH/run1/divide_and_conquer/clades/clade_046/shuffle_05/group_002_unrelaxed_rank_001_alphafold2_ptm_model_1_seed_000.pdb,71.65487654320988,48.46605263157894,13,7.180281,2.3405006
results_updated/RfaH/run1/divide_and_conquer/clades/clade_046/shuffle_05/group_001_unrelaxed_rank_001_alphafold2_ptm_model_1_seed_000.pdb,68.57956790123457,47.696578947368415,13,6.887638,3.261158
results_updated/RfaH/run1/divide_and_conquer/clades/clade_046/shuffle_05/group_004_unrelaxed_rank_001_alphafold2_ptm_model_1_seed_000.pdb,74.72425925925926,53.329473684210534,17,10.915223,3.572126
results_updated/RfaH/run1/divide_and_conquer/clades/clade_046/shuffle_06/group_003_unrelaxed_rank_001_alphafold2_ptm_model_1_seed_000.pdb,74.1901851851852,56.681052631578936,13,7.448181,5.020518
results_updated/RfaH/run1/divide_and_conquer/clades/clade_046/shuffle_06/group_002_unrelaxed_rank_001_alphafold2_ptm_model_1_seed_000.pdb,70.82111111111111,54.36868421052632,13,7.0298405,2.6441436
results_updated/RfaH/run1/divide_and_conquer/clades/clade_046/shuffle_06/group_001_unrelaxed_rank_001_alphafold2_ptm_model_1_seed_000.pdb,64.5587037037037,48.11236842105262,13,7.367579,4.5272517
results_updated/RfaH/run1/divide_and_conquer/clades/clade_046/shuffle_06/group_004_unrelaxed_rank_001_alphafold2_ptm_model_1_seed_000.pdb,67.07716049382717,38.169473684210516,17,5.956844,7.1800075
results_updated/RfaH/run1/divide_and_conquer/clades/clade_046/shuffle_07/group_003_unrelaxed_rank_001_alphafold2_ptm_model_1_seed_000.pdb,78.22401234567901,68.13947368421053,13,7.8084426,2.9843166
results_updated/RfaH/run1/divide_and_conquer/clades/clade_046/shuffle_07/group_002_unrelaxed_rank_001_alphafold2_ptm_model_1_seed_000.pdb,67.13358024691358,49.52105263157896,13,3.8455594,8.965552
results_updated/RfaH/run1/divide_and_conquer/clades/clade_046/shuffle_07/group_001_unrelaxed_rank_001_alphafold2_ptm_model_1_seed_000.pdb,71.25098765432098,52.602105263157895,13,7.164945,2.9721432
results_updated/RfaH/run1/divide_and_conquer/clades/clade_046/shuffle_07/group_004_unrelaxed_rank_001_alphafold2_ptm_model_1_seed_000.pdb,74.26271604938272,54.70605263157895,17,6.627348,2.9754922
results_updated/RfaH/run1/divide_and_conquer/clades/clade_046/shuffle_08/group_003_unrelaxed_rank_001_alphafold2_ptm_model_1_seed_000.pdb,69.86833333333334,44.28157894736843,13,4.732125,7.48425
results_updated/RfaH/run1/divide_and_conquer/clades/clade_046/shuffle_08/group_002_unrelaxed_rank_001_alphafold2_ptm_model_1_seed_000.pdb,69.97277777777778,56.84105263157895,13,3.9595182,8.661187
results_updated/RfaH/run1/divide_and_conquer/clades/clade_046/shuffle_08/group_001_unrelaxed_rank_001_alphafold2_ptm_model_1_seed_000.pdb,73.10728395061729,51.35105263157895,13,11.225398,3.7605796
results_updated/RfaH/run1/divide_and_conquer/clades/clade_046/shuffle_08/group_004_unrelaxed_rank_001_alphafold2_ptm_model_1_seed_000.pdb,68.45814814814815,52.3821052631579,17,6.836864,2.793837
results_updated/RfaH/run1/divide_and_conquer/clades/clade_046/shuffle_09/group_003_unrelaxed_rank_001_alphafold2_ptm_model_1_seed_000.pdb,70.87938271604938,50.249210526315785,13,7.505333,3.5904725
results_updated/RfaH/run1/divide_and_conquer/clades/clade_046/shuffle_09/group_002_unrelaxed_rank_001_alphafold2_ptm_model_1_seed_000.pdb,64.35907407407406,50.33026315789474,13,4.0134025,8.765656
results_updated/RfaH/run1/divide_and_conquer/clades/clade_046/shuffle_09/group_001_unrelaxed_rank_001_alphafold2_ptm_model_1_seed_000.pdb,62.06012345679012,44.18289473684211,13,6.770678,3.088919
results_updated/RfaH/run1/divide_and_conquer/clades/clade_046/shuffle_09/group_004_unrelaxed_rank_001_alphafold2_ptm_model_1_seed_000.pdb,70.71203703703704,53.21368421052631,17,7.8445244,5.1101623
results_updated/RfaH/run1/divide_and_conquer/clades/clade_046/shuffle_10/group_003_unrelaxed_rank_001_alphafold2_ptm_model_1_seed_000.pdb,62.27524691358025,48.800000000000004,13,8.856433,5.668438
results_updated/RfaH/run1/divide_and_conquer/clades/clade_046/shuffle_10/group_002_unrelaxed_rank_001_alphafold2_ptm_model_1_seed_000.pdb,70.03679012345678,45.87394736842106,13,7.746087,4.1809
results_updated/RfaH/run1/divide_and_conquer/clades/clade_046/shuffle_10/group_001_unrelaxed_rank_001_alphafold2_ptm_model_1_seed_000.pdb,63.75876543209876,40.542894736842115,13,7.7184167,7.8647375
results_updated/RfaH/run1/divide_and_conquer/clades/clade_046/shuffle_10/group_004_unrelaxed_rank_001_alphafold2_ptm_model_1_seed_000.pdb,71.52265432098767,49.18026315789473,17,7.1049304,3.836687
results_updated/RfaH/run1/divide_and_conquer/clades/clade_047/shuffle_01/group_003_unrelaxed_rank_001_alphafold2_ptm_model_1_seed_000.pdb,63.449629629629634,46.179736842105264,13,5.771123,8.683775
results_updated/RfaH/run1/divide_and_conquer/clades/clade_047/shuffle_01/group_002_unrelaxed_rank_001_alphafold2_ptm_model_1_seed_000.pdb,56.65864197530865,40.38184210526316,13,11.562174,10.931105
results_updated/RfaH/run1/divide_and_conquer/clades/clade_047/shuffle_01/group_001_unrelaxed_rank_001_alphafold2_ptm_model_1_seed_000.pdb,63.641913580246914,45.348684210526315,13,4.910114,8.730591
results_updated/RfaH/run1/divide_and_conquer/clades/clade_047/shuffle_01/group_004_unrelaxed_rank_001_alphafold2_ptm_model_1_seed_000.pdb,66.89092592592594,44.57236842105262,16,6.7376075,10.237243
results_updated/RfaH/run1/divide_and_conquer/clades/clade_047/shuffle_02/group_003_unrelaxed_rank_001_alphafold2_ptm_model_1_seed_000.pdb,66.50654320987654,43.068684210526314,13,5.424114,7.6812763
results_updated/RfaH/run1/divide_and_conquer/clades/clade_047/shuffle_02/group_002_unrelaxed_rank_001_alphafold2_ptm_model_1_seed_000.pdb,55.8579012345679,39.76526315789474,13,12.907791,12.524146
results_updated/RfaH/run1/divide_and_conquer/clades/clade_047/shuffle_02/group_001_unrelaxed_rank_001_alphafold2_ptm_model_1_seed_000.pdb,64.51728395061728,46.98552631578948,13,5.6568108,8.391396
results_updated/RfaH/run1/divide_and_conquer/clades/clade_047/shuffle_02/group_004_unrelaxed_rank_001_alphafold2_ptm_model_1_seed_000.pdb,68.53024691358026,47.27394736842106,16,5.881607,8.507076
results_updated/RfaH/run1/divide_and_conquer/clades/clade_047/shuffle_03/group_003_unrelaxed_rank_001_alphafold2_ptm_model_1_seed_000.pdb,64.62216049382717,42.96131578947368,13,5.529671,8.676595
results_updated/RfaH/run1/divide_and_conquer/clades/clade_047/shuffle_03/group_002_unrelaxed_rank_001_alphafold2_ptm_model_1_seed_000.pdb,67.03191358024691,43.96315789473684,13,5.685285,8.120135
results_updated/RfaH/run1/divide_and_conquer/clades/clade_047/shuffle_03/group_001_unrelaxed_rank_001_alphafold2_ptm_model_1_seed_000.pdb,65.5156172839506,41.287368421052626,13,7.2434015,8.714644
results_updated/RfaH/run1/divide_and_conquer/clades/clade_047/shuffle_03/group_004_unrelaxed_rank_001_alphafold2_ptm_model_1_seed_000.pdb,67.96975308641976,49.659473684210525,16,5.8142214,8.853893
results_updated/RfaH/run1/divide_and_conquer/clades/clade_047/shuffle_04/group_003_unrelaxed_rank_001_alphafold2_ptm_model_1_seed_000.pdb,66.96740740740742,48.08973684210527,13,5.502045,8.377958
results_updated/RfaH/run1/divide_and_conquer/clades/clade_047/shuffle_04/group_002_unrelaxed_rank_001_alphafold2_ptm_model_1_seed_000.pdb,61.843888888888884,46.76973684210526,13,11.917446,7.9738708
results_updated/RfaH/run1/divide_and_conquer/clades/clade_047/shuffle_04/group_001_unrelaxed_rank_001_alphafold2_ptm_model_1_seed_000.pdb,62.043024691358035,44.61868421052632,13,5.4682055,8.250775
results_updated/RfaH/run1/divide_and_conquer/clades/clade_047/shuffle_04/group_004_unrelaxed_rank_001_alphafold2_ptm_model_1_seed_000.pdb,62.78561728395061,38.835263157894744,16,10.855193,15.432815
results_updated/RfaH/run1/divide_and_conquer/clades/clade_047/shuffle_05/group_003_unrelaxed_rank_001_alphafold2_ptm_model_1_seed_000.pdb,65.28154320987655,44.32131578947369,13,6.8676815,12.115823
results_updated/RfaH/run1/divide_and_conquer/clades/clade_047/shuffle_05/group_002_unrelaxed_rank_001_alphafold2_ptm_model_1_seed_000.pdb,64.91166666666668,41.84157894736842,13,5.3679085,8.485776
results_updated/RfaH/run1/divide_and_conquer/clades/clade_047/shuffle_05/group_001_unrelaxed_rank_001_alphafold2_ptm_model_1_seed_000.pdb,63.013765432098765,39.85894736842105,13,5.4235353,8.529383
results_updated/RfaH/run1/divide_and_conquer/clades/clade_047/shuffle_05/group_004_unrelaxed_rank_001_alphafold2_ptm_model_1_seed_000.pdb,67.88561728395062,50.956315789473685,16,3.8052225,9.8152685
results_updated/RfaH/run1/divide_and_conquer/clades/clade_047/shuffle_06/group_003_unrelaxed_rank_001_alphafold2_ptm_model_1_seed_000.pdb,52.51635802469136,40.13184210526316,13,11.60391,10.428343
results_updated/RfaH/run1/divide_and_conquer/clades/clade_047/shuffle_06/group_002_unrelaxed_rank_001_alphafold2_ptm_model_1_seed_000.pdb,66.73845679012345,46.09789473684211,13,7.2568088,11.298511
results_updated/RfaH/run1/divide_and_conquer/clades/clade_047/shuffle_06/group_001_unrelaxed_rank_001_alphafold2_ptm_model_1_seed_000.pdb,61.712283950617284,42.69131578947368,13,5.775679,7.958026
results_updated/RfaH/run1/divide_and_conquer/clades/clade_047/shuffle_06/group_004_unrelaxed_rank_001_alphafold2_ptm_model_1_seed_000.pdb,66.13135802469137,43.80026315789473,16,5.914489,9.232071
results_updated/RfaH/run1/divide_and_conquer/clades/clade_047/shuffle_07/group_003_unrelaxed_rank_001_alphafold2_ptm_model_1_seed_000.pdb,60.48067901234568,38.19657894736842,13,5.3078117,8.569375
results_updated/RfaH/run1/divide_and_conquer/clades/clade_047/shuffle_07/group_002_unrelaxed_rank_001_alphafold2_ptm_model_1_seed_000.pdb,66.77845679012346,45.664210526315784,13,6.6308784,10.730188
results_updated/RfaH/run1/divide_and_conquer/clades/clade_047/shuffle_07/group_001_unrelaxed_rank_001_alphafold2_ptm_model_1_seed_000.pdb,64.7603086419753,42.72131578947368,13,5.7857156,9.136771
results_updated/RfaH/run1/divide_and_conquer/clades/clade_047/shuffle_07/group_004_unrelaxed_rank_001_alphafold2_ptm_model_1_seed_000.pdb,66.97635802469135,49.53342105263158,16,5.912819,10.435766
results_updated/RfaH/run1/divide_and_conquer/clades/clade_047/shuffle_08/group_003_unrelaxed_rank_001_alphafold2_ptm_model_1_seed_000.pdb,66.85296296296296,45.4,13,5.8508964,9.037563
results_updated/RfaH/run1/divide_and_conquer/clades/clade_047/shuffle_08/group_002_unrelaxed_rank_001_alphafold2_ptm_model_1_seed_000.pdb,64.0167901234568,41.06,13,9.19087,13.172352
results_updated/RfaH/run1/divide_and_conquer/clades/clade_047/shuffle_08/group_001_unrelaxed_rank_001_alphafold2_ptm_model_1_seed_000.pdb,64.12283950617285,41.507105263157904,13,4.6802654,10.596539
results_updated/RfaH/run1/divide_and_conquer/clades/clade_047/shuffle_08/group_004_unrelaxed_rank_001_alphafold2_ptm_model_1_seed_000.pdb,66.92277777777778,46.05921052631579,16,6.882739,10.328614
results_updated/RfaH/run1/divide_and_conquer/clades/clade_047/shuffle_09/group_003_unrelaxed_rank_001_alphafold2_ptm_model_1_seed_000.pdb,65.17067901234569,43.19552631578947,13,5.631842,8.093043
results_updated/RfaH/run1/divide_and_conquer/clades/clade_047/shuffle_09/group_002_unrelaxed_rank_001_alphafold2_ptm_model_1_seed_000.pdb,65.26623456790124,45.685,13,5.488426,8.400838
results_updated/RfaH/run1/divide_and_conquer/clades/clade_047/shuffle_09/group_001_unrelaxed_rank_001_alphafold2_ptm_model_1_seed_000.pdb,61.06981481481481,42.33763157894737,13,8.118355,11.994329
results_updated/RfaH/run1/divide_and_conquer/clades/clade_047/shuffle_09/group_004_unrelaxed_rank_001_alphafold2_ptm_model_1_seed_000.pdb,60.0041975308642,44.84894736842105,16,12.209064,9.183508
results_updated/RfaH/run1/divide_and_conquer/clades/clade_047/shuffle_10/group_003_unrelaxed_rank_001_alphafold2_ptm_model_1_seed_000.pdb,67.50296296296295,45.83157894736841,13,7.910163,9.662824
results_updated/RfaH/run1/divide_and_conquer/clades/clade_047/shuffle_10/group_002_unrelaxed_rank_001_alphafold2_ptm_model_1_seed_000.pdb,66.79654320987653,47.43315789473684,13,4.9841704,10.932
results_updated/RfaH/run1/divide_and_conquer/clades/clade_047/shuffle_10/group_001_unrelaxed_rank_001_alphafold2_ptm_model_1_seed_000.pdb,64.04765432098766,46.63447368421052,13,5.7279863,8.758223
results_updated/RfaH/run1/divide_and_conquer/clades/clade_047/shuffle_10/group_004_unrelaxed_rank_001_alphafold2_ptm_model_1_seed_000.pdb,65.075987654321,43.56052631578948,16,4.579609,10.410535
results_updated/RfaH/run1/divide_and_conquer/clades/clade_048/shuffle_01/group_003_unrelaxed_rank_001_alphafold2_ptm_model_1_seed_000.pdb,68.68166666666667,47.4292105263158,13,10.305841,9.87423
results_updated/RfaH/run1/divide_and_conquer/clades/clade_048/shuffle_01/group_002_unrelaxed_rank_001_alphafold2_ptm_model_1_seed_000.pdb,71.23166666666665,51.232894736842105,13,9.341841,9.317527
results_updated/RfaH/run1/divide_and_conquer/clades/clade_048/shuffle_01/group_001_unrelaxed_rank_001_alphafold2_ptm_model_1_seed_000.pdb,68.285,42.13578947368421,13,9.504626,9.565527
results_updated/RfaH/run1/divide_and_conquer/clades/clade_048/shuffle_01/group_004_unrelaxed_rank_001_alphafold2_ptm_model_1_seed_000.pdb,62.849135802469135,43.37947368421053,16,10.71401,10.734783
results_updated/RfaH/run1/divide_and_conquer/clades/clade_048/shuffle_02/group_003_unrelaxed_rank_001_alphafold2_ptm_model_1_seed_000.pdb,67.18845679012345,46.00631578947369,13,9.43029,9.325818
results_updated/RfaH/run1/divide_and_conquer/clades/clade_048/shuffle_02/group_002_unrelaxed_rank_001_alphafold2_ptm_model_1_seed_000.pdb,69.78141975308642,52.36710526315791,13,10.576749,9.926077
results_updated/RfaH/run1/divide_and_conquer/clades/clade_048/shuffle_02/group_001_unrelaxed_rank_001_alphafold2_ptm_model_1_seed_000.pdb,66.47444444444444,40.863684210526316,13,8.995136,10.429608
results_updated/RfaH/run1/divide_and_conquer/clades/clade_048/shuffle_02/group_004_unrelaxed_rank_001_alphafold2_ptm_model_1_seed_000.pdb,68.08746913580246,46.25894736842105,16,9.5388365,9.388621
results_updated/RfaH/run1/divide_and_conquer/clades/clade_048/shuffle_03/group_003_unrelaxed_rank_001_alphafold2_ptm_model_1_seed_000.pdb,57.009938271604945,35.46973684210527,13,7.239676,9.928185
results_updated/RfaH/run1/divide_and_conquer/clades/clade_048/shuffle_03/group_002_unrelaxed_rank_001_alphafold2_ptm_model_1_seed_000.pdb,59.3670987654321,39.738157894736844,13,10.705243,10.255431
results_updated/RfaH/run1/divide_and_conquer/clades/clade_048/shuffle_03/group_001_unrelaxed_rank_001_alphafold2_ptm_model_1_seed_000.pdb,71.94104938271606,49.245789473684205,13,9.453293,9.421137
results_updated/RfaH/run1/divide_and_conquer/clades/clade_048/shuffle_03/group_004_unrelaxed_rank_001_alphafold2_ptm_model_1_seed_000.pdb,67.32265432098765,45.37657894736842,16,9.3979225,9.304639
results_updated/RfaH/run1/divide_and_conquer/clades/clade_048/shuffle_04/group_003_unrelaxed_rank_001_alphafold2_ptm_model_1_seed_000.pdb,66.71104938271606,47.23263157894737,13,9.398023,9.28242
results_updated/RfaH/run1/divide_and_conquer/clades/clade_048/shuffle_04/group_002_unrelaxed_rank_001_alphafold2_ptm_model_1_seed_000.pdb,69.22104938271606,50.397368421052626,13,9.307999,9.216628
results_updated/RfaH/run1/divide_and_conquer/clades/clade_048/shuffle_04/group_001_unrelaxed_rank_001_alphafold2_ptm_model_1_seed_000.pdb,70.80728395061728,48.62868421052632,13,9.469627,9.391551
results_updated/RfaH/run1/divide_and_conquer/clades/clade_048/shuffle_04/group_004_unrelaxed_rank_001_alphafold2_ptm_model_1_seed_000.pdb,66.74444444444444,44.76631578947369,16,10.407859,9.86715
results_updated/RfaH/run1/divide_and_conquer/clades/clade_048/shuffle_05/group_003_unrelaxed_rank_001_alphafold2_ptm_model_1_seed_000.pdb,75.8806790123457,62.251315789473686,13,3.0507092,9.631703
results_updated/RfaH/run1/divide_and_conquer/clades/clade_048/shuffle_05/group_002_unrelaxed_rank_001_alphafold2_ptm_model_1_seed_000.pdb,66.74117283950618,40.291842105263164,13,8.477054,10.288318
results_updated/RfaH/run1/divide_and_conquer/clades/clade_048/shuffle_05/group_001_unrelaxed_rank_001_alphafold2_ptm_model_1_seed_000.pdb,64.88592592592593,45.9871052631579,13,10.900283,10.102202
results_updated/RfaH/run1/divide_and_conquer/clades/clade_048/shuffle_05/group_004_unrelaxed_rank_001_alphafold2_ptm_model_1_seed_000.pdb,69.35629629629629,49.025263157894734,16,3.6868846,9.697734
results_updated/RfaH/run1/divide_and_conquer/clades/clade_048/shuffle_06/group_003_unrelaxed_rank_001_alphafold2_ptm_model_1_seed_000.pdb,57.86179012345679,39.45552631578948,13,10.743167,10.686096
results_updated/RfaH/run1/divide_and_conquer/clades/clade_048/shuffle_06/group_002_unrelaxed_rank_001_alphafold2_ptm_model_1_seed_000.pdb,65.46123456790123,41.421578947368424,13,9.931653,9.701921
results_updated/RfaH/run1/divide_and_conquer/clades/clade_048/shuffle_06/group_001_unrelaxed_rank_001_alphafold2_ptm_model_1_seed_000.pdb,58.086111111111116,38.97868421052631,13,11.115433,11.071492
results_updated/RfaH/run1/divide_and_conquer/clades/clade_048/shuffle_06/group_004_unrelaxed_rank_001_alphafold2_ptm_model_1_seed_000.pdb,66.98771604938271,41.03657894736843,16,10.4357815,9.904231
results_updated/RfaH/run1/divide_and_conquer/clades/clade_048/shuffle_07/group_003_unrelaxed_rank_001_alphafold2_ptm_model_1_seed_000.pdb,66.3046913580247,43.469736842105256,13,10.089181,10.042499
results_updated/RfaH/run1/divide_and_conquer/clades/clade_048/shuffle_07/group_002_unrelaxed_rank_001_alphafold2_ptm_model_1_seed_000.pdb,60.60308641975309,39.96684210526316,13,10.352743,10.460731
results_updated/RfaH/run1/divide_and_conquer/clades/clade_048/shuffle_07/group_001_unrelaxed_rank_001_alphafold2_ptm_model_1_seed_000.pdb,60.95783950617284,43.71236842105262,13,10.917829,10.303705
results_updated/RfaH/run1/divide_and_conquer/clades/clade_048/shuffle_07/group_004_unrelaxed_rank_001_alphafold2_ptm_model_1_seed_000.pdb,68.4583950617284,45.71657894736842,16,9.03477,10.067462
results_updated/RfaH/run1/divide_and_conquer/clades/clade_048/shuffle_08/group_003_unrelaxed_rank_001_alphafold2_ptm_model_1_seed_000.pdb,65.0716049382716,47.11894736842106,13,10.870911,10.343782
results_updated/RfaH/run1/divide_and_conquer/clades/clade_048/shuffle_08/group_002_unrelaxed_rank_001_alphafold2_ptm_model_1_seed_000.pdb,70.08993827160494,51.54789473684211,13,9.272342,9.301218
results_updated/RfaH/run1/divide_and_conquer/clades/clade_048/shuffle_08/group_001_unrelaxed_rank_001_alphafold2_ptm_model_1_seed_000.pdb,72.85345679012347,51.79973684210527,13,9.39831,9.350619
results_updated/RfaH/run1/divide_and_conquer/clades/clade_048/shuffle_08/group_004_unrelaxed_rank_001_alphafold2_ptm_model_1_seed_000.pdb,67.32462962962963,45.73078947368421,16,4.4739437,9.4189005
results_updated/RfaH/run1/divide_and_conquer/clades/clade_048/shuffle_09/group_003_unrelaxed_rank_001_alphafold2_ptm_model_1_seed_000.pdb,68.66425925925927,45.86289473684211,13,9.44347,9.460319
results_updated/RfaH/run1/divide_and_conquer/clades/clade_048/shuffle_09/group_002_unrelaxed_rank_001_alphafold2_ptm_model_1_seed_000.pdb,68.37703703703703,48.506842105263146,13,9.390866,9.365427
results_updated/RfaH/run1/divide_and_conquer/clades/clade_048/shuffle_09/group_001_unrelaxed_rank_001_alphafold2_ptm_model_1_seed_000.pdb,63.504938271604935,45.133421052631576,13,11.082259,9.922203
results_updated/RfaH/run1/divide_and_conquer/clades/clade_048/shuffle_09/group_004_unrelaxed_rank_001_alphafold2_ptm_model_1_seed_000.pdb,67.97030864197531,45.281052631578945,16,10.35044,9.889105
results_updated/RfaH/run1/divide_and_conquer/clades/clade_048/shuffle_10/group_003_unrelaxed_rank_001_alphafold2_ptm_model_1_seed_000.pdb,67.40030864197531,45.598157894736836,13,9.401591,9.343015
results_updated/RfaH/run1/divide_and_conquer/clades/clade_048/shuffle_10/group_002_unrelaxed_rank_001_alphafold2_ptm_model_1_seed_000.pdb,59.89685185185185,41.07052631578947,13,11.008749,10.014728
results_updated/RfaH/run1/divide_and_conquer/clades/clade_048/shuffle_10/group_001_unrelaxed_rank_001_alphafold2_ptm_model_1_seed_000.pdb,72.81006172839506,52.56815789473685,13,9.419785,9.361653
results_updated/RfaH/run1/divide_and_conquer/clades/clade_048/shuffle_10/group_004_unrelaxed_rank_001_alphafold2_ptm_model_1_seed_000.pdb,67.75339506172838,42.56605263157895,16,9.06976,10.239471
results_updated/RfaH/run1/divide_and_conquer/clades/clade_049/shuffle_01/group_003_unrelaxed_rank_001_alphafold2_ptm_model_1_seed_000.pdb,69.26055555555556,49.31052631578948,13,4.381669,9.184576
results_updated/RfaH/run1/divide_and_conquer/clades/clade_049/shuffle_01/group_002_unrelaxed_rank_001_alphafold2_ptm_model_1_seed_000.pdb,70.28203703703703,53.196052631578944,13,4.172556,8.853187
results_updated/RfaH/run1/divide_and_conquer/clades/clade_049/shuffle_01/group_001_unrelaxed_rank_001_alphafold2_ptm_model_1_seed_000.pdb,67.54401234567901,51.083421052631586,13,6.718974,13.483226
results_updated/RfaH/run1/divide_and_conquer/clades/clade_049/shuffle_01/group_004_unrelaxed_rank_001_alphafold2_ptm_model_1_seed_000.pdb,71.06216049382716,51.14868421052631,14,6.999105,9.938512
results_updated/RfaH/run1/divide_and_conquer/clades/clade_049/shuffle_02/group_003_unrelaxed_rank_001_alphafold2_ptm_model_1_seed_000.pdb,63.92561728395062,45.76973684210526,13,7.765604,9.493823
results_updated/RfaH/run1/divide_and_conquer/clades/clade_049/shuffle_02/group_002_unrelaxed_rank_001_alphafold2_ptm_model_1_seed_000.pdb,64.40166666666667,39.56947368421052,13,3.409877,10.0194435
results_updated/RfaH/run1/divide_and_conquer/clades/clade_049/shuffle_02/group_001_unrelaxed_rank_001_alphafold2_ptm_model_1_seed_000.pdb,69.66512345679013,53.74236842105264,13,5.40479,8.394599
results_updated/RfaH/run1/divide_and_conquer/clades/clade_049/shuffle_02/group_004_unrelaxed_rank_001_alphafold2_ptm_model_1_seed_000.pdb,64.73666666666666,46.17763157894738,14,5.4923563,8.143028
results_updated/RfaH/run1/divide_and_conquer/clades/clade_049/shuffle_03/group_003_unrelaxed_rank_001_alphafold2_ptm_model_1_seed_000.pdb,71.5970987654321,58.250000000000014,13,3.4932537,8.548755
results_updated/RfaH/run1/divide_and_conquer/clades/clade_049/shuffle_03/group_002_unrelaxed_rank_001_alphafold2_ptm_model_1_seed_000.pdb,72.6027160493827,60.40263157894737,13,3.185002,9.482572
results_updated/RfaH/run1/divide_and_conquer/clades/clade_049/shuffle_03/group_001_unrelaxed_rank_001_alphafold2_ptm_model_1_seed_000.pdb,67.78154320987655,57.250526315789486,13,4.5070944,9.848084
results_updated/RfaH/run1/divide_and_conquer/clades/clade_049/shuffle_03/group_004_unrelaxed_rank_001_alphafold2_ptm_model_1_seed_000.pdb,72.33407407407407,59.64447368421052,14,3.0772014,9.734775
results_updated/RfaH/run1/divide_and_conquer/clades/clade_049/shuffle_04/group_003_unrelaxed_rank_001_alphafold2_ptm_model_1_seed_000.pdb,69.84012345679011,53.61131578947368,13,4.467962,9.9802065
results_updated/RfaH/run1/divide_and_conquer/clades/clade_049/shuffle_04/group_002_unrelaxed_rank_001_alphafold2_ptm_model_1_seed_000.pdb,64.34253086419753,38.00710526315788,13,9.181067,9.293527
results_updated/RfaH/run1/divide_and_conquer/clades/clade_049/shuffle_04/group_001_unrelaxed_rank_001_alphafold2_ptm_model_1_seed_000.pdb,68.39327160493828,48.089999999999996,13,7.73497,9.577618
results_updated/RfaH/run1/divide_and_conquer/clades/clade_049/shuffle_04/group_004_unrelaxed_rank_001_alphafold2_ptm_model_1_seed_000.pdb,71.06648148148149,58.380789473684196,14,3.141238,9.181308
results_updated/RfaH/run1/divide_and_conquer/clades/clade_049/shuffle_05/group_003_unrelaxed_rank_001_alphafold2_ptm_model_1_seed_000.pdb,71.24814814814815,49.26105263157894,13,8.2499695,7.8223014
results_updated/RfaH/run1/divide_and_conquer/clades/clade_049/shuffle_05/group_002_unrelaxed_rank_001_alphafold2_ptm_model_1_seed_000.pdb,69.35456790123459,50.87815789473685,13,4.4907727,9.427744
results_updated/RfaH/run1/divide_and_conquer/clades/clade_049/shuffle_05/group_001_unrelaxed_rank_001_alphafold2_ptm_model_1_seed_000.pdb,65.82296296296296,49.283684210526324,13,4.178026,9.411023
results_updated/RfaH/run1/divide_and_conquer/clades/clade_049/shuffle_05/group_004_unrelaxed_rank_001_alphafold2_ptm_model_1_seed_000.pdb,70.43308641975308,56.83342105263159,14,2.7490542,9.955013
results_updated/RfaH/run1/divide_and_conquer/clades/clade_049/shuffle_06/group_003_unrelaxed_rank_001_alphafold2_ptm_model_1_seed_000.pdb,68.59067901234567,51.76499999999999,13,3.5546892,9.108589
results_updated/RfaH/run1/divide_and_conquer/clades/clade_049/shuffle_06/group_002_unrelaxed_rank_001_alphafold2_ptm_model_1_seed_000.pdb,72.25259259259258,59.25499999999999,13,2.8912365,9.600046
results_updated/RfaH/run1/divide_and_conquer/clades/clade_049/shuffle_06/group_001_unrelaxed_rank_001_alphafold2_ptm_model_1_seed_000.pdb,72.47574074074073,60.13710526315787,13,3.3036366,9.518241
results_updated/RfaH/run1/divide_and_conquer/clades/clade_049/shuffle_06/group_004_unrelaxed_rank_001_alphafold2_ptm_model_1_seed_000.pdb,73.29296296296296,60.00078947368419,14,3.1572738,9.803109
results_updated/RfaH/run1/divide_and_conquer/clades/clade_049/shuffle_07/group_003_unrelaxed_rank_001_alphafold2_ptm_model_1_seed_000.pdb,74.44765432098765,63.48421052631578,13,3.0287504,9.410435
results_updated/RfaH/run1/divide_and_conquer/clades/clade_049/shuffle_07/group_002_unrelaxed_rank_001_alphafold2_ptm_model_1_seed_000.pdb,69.0006172839506,57.80842105263159,13,5.3621593,8.229443
results_updated/RfaH/run1/divide_and_conquer/clades/clade_049/shuffle_07/group_001_unrelaxed_rank_001_alphafold2_ptm_model_1_seed_000.pdb,65.0137037037037,42.537631578947355,13,6.389398,10.272293
results_updated/RfaH/run1/divide_and_conquer/clades/clade_049/shuffle_07/group_004_unrelaxed_rank_001_alphafold2_ptm_model_1_seed_000.pdb,69.2795061728395,52.21684210526316,14,3.994122,9.126428
results_updated/RfaH/run1/divide_and_conquer/clades/clade_049/shuffle_08/group_003_unrelaxed_rank_001_alphafold2_ptm_model_1_seed_000.pdb,58.23672839506173,42.93236842105263,13,10.576443,7.87143
results_updated/RfaH/run1/divide_and_conquer/clades/clade_049/shuffle_08/group_002_unrelaxed_rank_001_alphafold2_ptm_model_1_seed_000.pdb,70.45308641975309,55.942105263157885,13,4.1712894,9.132167
results_updated/RfaH/run1/divide_and_conquer/clades/clade_049/shuffle_08/group_001_unrelaxed_rank_001_alphafold2_ptm_model_1_seed_000.pdb,63.71024691358026,42.939736842105255,13,5.076313,9.263936
results_updated/RfaH/run1/divide_and_conquer/clades/clade_049/shuffle_08/group_004_unrelaxed_rank_001_alphafold2_ptm_model_1_seed_000.pdb,62.47524691358024,38.824210526315795,14,4.88825,11.342923
results_updated/RfaH/run1/divide_and_conquer/clades/clade_049/shuffle_09/group_003_unrelaxed_rank_001_alphafold2_ptm_model_1_seed_000.pdb,41.64345679012346,44.57473684210525,13,18.119642,5.3909607
results_updated/RfaH/run1/divide_and_conquer/clades/clade_049/shuffle_09/group_002_unrelaxed_rank_001_alphafold2_ptm_model_1_seed_000.pdb,64.72932098765432,41.38842105263158,13,5.1548924,10.975285
results_updated/RfaH/run1/divide_and_conquer/clades/clade_049/shuffle_09/group_001_unrelaxed_rank_001_alphafold2_ptm_model_1_seed_000.pdb,73.63901234567902,62.2321052631579,13,4.091842,8.605654
results_updated/RfaH/run1/divide_and_conquer/clades/clade_049/shuffle_09/group_004_unrelaxed_rank_001_alphafold2_ptm_model_1_seed_000.pdb,67.91888888888889,50.77552631578947,14,4.7752814,9.665186
results_updated/RfaH/run1/divide_and_conquer/clades/clade_049/shuffle_10/group_003_unrelaxed_rank_001_alphafold2_ptm_model_1_seed_000.pdb,67.40537037037038,46.016052631578944,13,6.808946,9.378128
results_updated/RfaH/run1/divide_and_conquer/clades/clade_049/shuffle_10/group_002_unrelaxed_rank_001_alphafold2_ptm_model_1_seed_000.pdb,66.09141975308641,43.53894736842105,13,4.625348,9.527486
results_updated/RfaH/run1/divide_and_conquer/clades/clade_049/shuffle_10/group_001_unrelaxed_rank_001_alphafold2_ptm_model_1_seed_000.pdb,70.59783950617285,57.987105263157886,13,2.7316017,10.134959
results_updated/RfaH/run1/divide_and_conquer/clades/clade_049/shuffle_10/group_004_unrelaxed_rank_001_alphafold2_ptm_model_1_seed_000.pdb,72.37876543209877,56.99368421052631,14,7.294937,11.701424
results_updated/RfaH/run1/divide_and_conquer/clades/clade_050/shuffle_01/group_003_unrelaxed_rank_001_alphafold2_ptm_model_1_seed_000.pdb,59.95024691358025,45.6907894736842,13,9.755365,9.55693
results_updated/RfaH/run1/divide_and_conquer/clades/clade_050/shuffle_01/group_002_unrelaxed_rank_001_alphafold2_ptm_model_1_seed_000.pdb,69.45265432098765,53.53394736842105,13,6.3727064,9.363682
results_updated/RfaH/run1/divide_and_conquer/clades/clade_050/shuffle_01/group_001_unrelaxed_rank_001_alphafold2_ptm_model_1_seed_000.pdb,66.94024691358024,46.78263157894737,13,6.376082,10.031996
results_updated/RfaH/run1/divide_and_conquer/clades/clade_050/shuffle_01/group_004_unrelaxed_rank_001_alphafold2_ptm_model_1_seed_000.pdb,69.17506172839506,50.921578947368424,14,6.834722,10.991865
results_updated/RfaH/run1/divide_and_conquer/clades/clade_050/shuffle_02/group_003_unrelaxed_rank_001_alphafold2_ptm_model_1_seed_000.pdb,69.39351851851852,53.88815789473685,13,6.370174,10.906368
results_updated/RfaH/run1/divide_and_conquer/clades/clade_050/shuffle_02/group_002_unrelaxed_rank_001_alphafold2_ptm_model_1_seed_000.pdb,70.64481481481481,52.44842105263158,13,5.5870337,8.445387
results_updated/RfaH/run1/divide_and_conquer/clades/clade_050/shuffle_02/group_001_unrelaxed_rank_001_alphafold2_ptm_model_1_seed_000.pdb,66.37864197530864,50.79684210526316,13,6.1204534,8.896009
results_updated/RfaH/run1/divide_and_conquer/clades/clade_050/shuffle_02/group_004_unrelaxed_rank_001_alphafold2_ptm_model_1_seed_000.pdb,61.33432098765432,46.143421052631574,14,10.8068075,10.990382
results_updated/RfaH/run1/divide_and_conquer/clades/clade_050/shuffle_03/group_003_unrelaxed_rank_001_alphafold2_ptm_model_1_seed_000.pdb,60.85265432098766,42.45473684210526,13,10.565603,10.290945
results_updated/RfaH/run1/divide_and_conquer/clades/clade_050/shuffle_03/group_002_unrelaxed_rank_001_alphafold2_ptm_model_1_seed_000.pdb,58.78320987654322,42.74052631578947,13,9.700388,15.972631
results_updated/RfaH/run1/divide_and_conquer/clades/clade_050/shuffle_03/group_001_unrelaxed_rank_001_alphafold2_ptm_model_1_seed_000.pdb,76.2058024691358,66.12578947368421,13,5.185324,11.88239
results_updated/RfaH/run1/divide_and_conquer/clades/clade_050/shuffle_03/group_004_unrelaxed_rank_001_alphafold2_ptm_model_1_seed_000.pdb,60.77061728395062,46.53184210526315,14,7.1177826,10.034622
results_updated/RfaH/run1/divide_and_conquer/clades/clade_050/shuffle_04/group_003_unrelaxed_rank_001_alphafold2_ptm_model_1_seed_000.pdb,72.00055555555555,54.88763157894737,13,7.2818747,11.7859535
results_updated/RfaH/run1/divide_and_conquer/clades/clade_050/shuffle_04/group_002_unrelaxed_rank_001_alphafold2_ptm_model_1_seed_000.pdb,74.66302469135802,61.76500000000001,13,6.215838,12.096609
results_updated/RfaH/run1/divide_and_conquer/clades/clade_050/shuffle_04/group_001_unrelaxed_rank_001_alphafold2_ptm_model_1_seed_000.pdb,69.01901234567902,50.282105263157895,13,6.1912656,10.833413
results_updated/RfaH/run1/divide_and_conquer/clades/clade_050/shuffle_04/group_004_unrelaxed_rank_001_alphafold2_ptm_model_1_seed_000.pdb,66.8922839506173,46.802894736842106,14,7.271004,10.032954
results_updated/RfaH/run1/divide_and_conquer/clades/clade_050/shuffle_05/group_003_unrelaxed_rank_001_alphafold2_ptm_model_1_seed_000.pdb,70.35537037037037,53.336842105263166,13,6.441507,10.603101
results_updated/RfaH/run1/divide_and_conquer/clades/clade_050/shuffle_05/group_002_unrelaxed_rank_001_alphafold2_ptm_model_1_seed_000.pdb,66.46104938271604,50.53289473684211,13,6.7406287,10.288427
results_updated/RfaH/run1/divide_and_conquer/clades/clade_050/shuffle_05/group_001_unrelaxed_rank_001_alphafold2_ptm_model_1_seed_000.pdb,69.7333950617284,51.64131578947367,13,6.6241655,10.412519
results_updated/RfaH/run1/divide_and_conquer/clades/clade_050/shuffle_05/group_004_unrelaxed_rank_001_alphafold2_ptm_model_1_seed_000.pdb,69.38018518518518,49.99078947368421,14,7.3680696,11.899482
results_updated/RfaH/run1/divide_and_conquer/clades/clade_050/shuffle_06/group_003_unrelaxed_rank_001_alphafold2_ptm_model_1_seed_000.pdb,63.58475308641975,46.868421052631575,13,10.624586,10.350589
results_updated/RfaH/run1/divide_and_conquer/clades/clade_050/shuffle_06/group_002_unrelaxed_rank_001_alphafold2_ptm_model_1_seed_000.pdb,67.33265432098766,47.60973684210526,13,6.5268307,9.944952
results_updated/RfaH/run1/divide_and_conquer/clades/clade_050/shuffle_06/group_001_unrelaxed_rank_001_alphafold2_ptm_model_1_seed_000.pdb,67.82956790123457,48.18342105263158,13,4.9125957,8.156023
results_updated/RfaH/run1/divide_and_conquer/clades/clade_050/shuffle_06/group_004_unrelaxed_rank_001_alphafold2_ptm_model_1_seed_000.pdb,68.86265432098766,49.33052631578948,14,6.729371,10.530037
results_updated/RfaH/run1/divide_and_conquer/clades/clade_050/shuffle_07/group_003_unrelaxed_rank_001_alphafold2_ptm_model_1_seed_000.pdb,61.254938271604935,53.05763157894737,13,7.2893734,10.39195
results_updated/RfaH/run1/divide_and_conquer/clades/clade_050/shuffle_07/group_002_unrelaxed_rank_001_alphafold2_ptm_model_1_seed_000.pdb,66.41358024691358,46.31552631578948,13,6.7083774,11.281246
results_updated/RfaH/run1/divide_and_conquer/clades/clade_050/shuffle_07/group_001_unrelaxed_rank_001_alphafold2_ptm_model_1_seed_000.pdb,64.98135802469136,52.08921052631579,13,10.73663,10.746465
results_updated/RfaH/run1/divide_and_conquer/clades/clade_050/shuffle_07/group_004_unrelaxed_rank_001_alphafold2_ptm_model_1_seed_000.pdb,79.62820987654321,73.91315789473683,14,5.746892,11.869648
results_updated/RfaH/run1/divide_and_conquer/clades/clade_050/shuffle_08/group_003_unrelaxed_rank_001_alphafold2_ptm_model_1_seed_000.pdb,64.1882098765432,51.0792105263158,13,9.828776,9.566137
results_updated/RfaH/run1/divide_and_conquer/clades/clade_050/shuffle_08/group_002_unrelaxed_rank_001_alphafold2_ptm_model_1_seed_000.pdb,59.647469135802474,43.05789473684211,13,10.80889,11.136986
results_updated/RfaH/run1/divide_and_conquer/clades/clade_050/shuffle_08/group_001_unrelaxed_rank_001_alphafold2_ptm_model_1_seed_000.pdb,67.64407407407407,50.56184210526315,13,5.8856626,9.507305
results_updated/RfaH/run1/divide_and_conquer/clades/clade_050/shuffle_08/group_004_unrelaxed_rank_001_alphafold2_ptm_model_1_seed_000.pdb,67.88648148148148,56.26500000000001,14,6.5096583,10.781871
results_updated/RfaH/run1/divide_and_conquer/clades/clade_050/shuffle_09/group_003_unrelaxed_rank_001_alphafold2_ptm_model_1_seed_000.pdb,62.85777777777777,48.45394736842105,13,10.047129,9.836124
results_updated/RfaH/run1/divide_and_conquer/clades/clade_050/shuffle_09/group_002_unrelaxed_rank_001_alphafold2_ptm_model_1_seed_000.pdb,79.8412962962963,67.58236842105264,13,16.896442,1.7508613
results_updated/RfaH/run1/divide_and_conquer/clades/clade_050/shuffle_09/group_001_unrelaxed_rank_001_alphafold2_ptm_model_1_seed_000.pdb,60.89925925925926,44.73552631578948,13,9.018693,9.745037
results_updated/RfaH/run1/divide_and_conquer/clades/clade_050/shuffle_09/group_004_unrelaxed_rank_001_alphafold2_ptm_model_1_seed_000.pdb,63.50358024691357,40.696578947368415,14,8.3246975,10.3566475
results_updated/RfaH/run1/divide_and_conquer/clades/clade_050/shuffle_10/group_003_unrelaxed_rank_001_alphafold2_ptm_model_1_seed_000.pdb,62.15351851851851,45.494736842105254,13,10.275829,10.137755
results_updated/RfaH/run1/divide_and_conquer/clades/clade_050/shuffle_10/group_002_unrelaxed_rank_001_alphafold2_ptm_model_1_seed_000.pdb,66.15845679012347,47.90894736842106,13,5.9418473,9.782034
results_updated/RfaH/run1/divide_and_conquer/clades/clade_050/shuffle_10/group_001_unrelaxed_rank_001_alphafold2_ptm_model_1_seed_000.pdb,71.27382716049384,54.737105263157886,13,7.0425334,11.462814
results_updated/RfaH/run1/divide_and_conquer/clades/clade_050/shuffle_10/group_004_unrelaxed_rank_001_alphafold2_ptm_model_1_seed_000.pdb,72.46870370370371,57.63368421052629,14,7.335895,10.969679
results_updated/RfaH/run1/divide_and_conquer/clades/clade_051/shuffle_01/group_003_unrelaxed_rank_001_alphafold2_ptm_model_1_seed_000.pdb,69.30901234567901,51.1028947368421,13,3.4500287,8.421493
results_updated/RfaH/run1/divide_and_conquer/clades/clade_051/shuffle_01/group_002_unrelaxed_rank_001_alphafold2_ptm_model_1_seed_000.pdb,70.80648148148148,52.06131578947369,13,6.1076775,6.7748256
results_updated/RfaH/run1/divide_and_conquer/clades/clade_051/shuffle_01/group_001_unrelaxed_rank_001_alphafold2_ptm_model_1_seed_000.pdb,67.54388888888889,47.80368421052632,13,4.595503,8.723415
results_updated/RfaH/run1/divide_and_conquer/clades/clade_051/shuffle_01/group_004_unrelaxed_rank_001_alphafold2_ptm_model_1_seed_000.pdb,65.76716049382715,54.65184210526316,13,3.766703,9.072706
results_updated/RfaH/run1/divide_and_conquer/clades/clade_051/shuffle_02/group_003_unrelaxed_rank_001_alphafold2_ptm_model_1_seed_000.pdb,68.74679012345679,56.15894736842105,13,2.9035327,8.937106
results_updated/RfaH/run1/divide_and_conquer/clades/clade_051/shuffle_02/group_002_unrelaxed_rank_001_alphafold2_ptm_model_1_seed_000.pdb,66.78222222222222,43.20026315789473,13,5.1579885,7.3480053
results_updated/RfaH/run1/divide_and_conquer/clades/clade_051/shuffle_02/group_001_unrelaxed_rank_001_alphafold2_ptm_model_1_seed_000.pdb,61.706728395061724,42.3821052631579,13,9.977763,10.5497055
results_updated/RfaH/run1/divide_and_conquer/clades/clade_051/shuffle_02/group_004_unrelaxed_rank_001_alphafold2_ptm_model_1_seed_000.pdb,71.18117283950616,52.77078947368421,13,7.222496,9.938626
results_updated/RfaH/run1/divide_and_conquer/clades/clade_051/shuffle_03/group_003_unrelaxed_rank_001_alphafold2_ptm_model_1_seed_000.pdb,73.68179012345679,64.53526315789475,13,1.9363934,9.698401
results_updated/RfaH/run1/divide_and_conquer/clades/clade_051/shuffle_03/group_002_unrelaxed_rank_001_alphafold2_ptm_model_1_seed_000.pdb,70.89814814814815,55.6521052631579,13,3.9847488,10.498054
results_updated/RfaH/run1/divide_and_conquer/clades/clade_051/shuffle_03/group_001_unrelaxed_rank_001_alphafold2_ptm_model_1_seed_000.pdb,82.20333333333333,76.56526315789473,13,16.44019,1.8067111
results_updated/RfaH/run1/divide_and_conquer/clades/clade_051/shuffle_03/group_004_unrelaxed_rank_001_alphafold2_ptm_model_1_seed_000.pdb,68.99648148148148,53.503684210526316,13,4.7193418,8.491167
results_updated/RfaH/run1/divide_and_conquer/clades/clade_051/shuffle_04/group_003_unrelaxed_rank_001_alphafold2_ptm_model_1_seed_000.pdb,67.06771604938272,46.879473684210524,13,4.896511,6.963758
results_updated/RfaH/run1/divide_and_conquer/clades/clade_051/shuffle_04/group_002_unrelaxed_rank_001_alphafold2_ptm_model_1_seed_000.pdb,62.120370370370374,43.86210526315789,13,8.776306,11.097866
results_updated/RfaH/run1/divide_and_conquer/clades/clade_051/shuffle_04/group_001_unrelaxed_rank_001_alphafold2_ptm_model_1_seed_000.pdb,73.24524691358025,64.89815789473684,13,1.9528207,9.553853
results_updated/RfaH/run1/divide_and_conquer/clades/clade_051/shuffle_04/group_004_unrelaxed_rank_001_alphafold2_ptm_model_1_seed_000.pdb,74.9467901234568,54.66605263157896,13,14.826211,9.370992
results_updated/RfaH/run1/divide_and_conquer/clades/clade_051/shuffle_05/group_003_unrelaxed_rank_001_alphafold2_ptm_model_1_seed_000.pdb,65.97067901234568,49.949473684210524,13,4.4887333,8.351666
results_updated/RfaH/run1/divide_and_conquer/clades/clade_051/shuffle_05/group_002_unrelaxed_rank_001_alphafold2_ptm_model_1_seed_000.pdb,63.28734567901234,48.72552631578949,13,6.07654,6.4312434
results_updated/RfaH/run1/divide_and_conquer/clades/clade_051/shuffle_05/group_001_unrelaxed_rank_001_alphafold2_ptm_model_1_seed_000.pdb,70.95808641975309,58.27315789473685,13,2.3141673,8.969809
results_updated/RfaH/run1/divide_and_conquer/clades/clade_051/shuffle_05/group_004_unrelaxed_rank_001_alphafold2_ptm_model_1_seed_000.pdb,56.850308641975296,44.29763157894737,13,5.9507537,9.36727
results_updated/RfaH/run1/divide_and_conquer/clades/clade_051/shuffle_06/group_003_unrelaxed_rank_001_alphafold2_ptm_model_1_seed_000.pdb,69.10407407407406,55.47447368421053,13,2.5813892,10.14953
results_updated/RfaH/run1/divide_and_conquer/clades/clade_051/shuffle_06/group_002_unrelaxed_rank_001_alphafold2_ptm_model_1_seed_000.pdb,70.33074074074074,53.501578947368415,13,3.2672124,9.699756
results_updated/RfaH/run1/divide_and_conquer/clades/clade_051/shuffle_06/group_001_unrelaxed_rank_001_alphafold2_ptm_model_1_seed_000.pdb,67.24604938271605,48.41315789473684,13,3.324736,8.722874
results_updated/RfaH/run1/divide_and_conquer/clades/clade_051/shuffle_06/group_004_unrelaxed_rank_001_alphafold2_ptm_model_1_seed_000.pdb,73.40037037037037,65.47921052631578,13,1.9362435,9.694101
results_updated/RfaH/run1/divide_and_conquer/clades/clade_051/shuffle_07/group_003_unrelaxed_rank_001_alphafold2_ptm_model_1_seed_000.pdb,50.887962962962966,40.93,13,5.3366656,8.865323
results_updated/RfaH/run1/divide_and_conquer/clades/clade_051/shuffle_07/group_002_unrelaxed_rank_001_alphafold2_ptm_model_1_seed_000.pdb,59.70141975308643,46.34763157894737,13,6.540326,7.015134
results_updated/RfaH/run1/divide_and_conquer/clades/clade_051/shuffle_07/group_001_unrelaxed_rank_001_alphafold2_ptm_model_1_seed_000.pdb,70.60827160493828,47.954736842105255,13,5.5485826,5.877838
results_updated/RfaH/run1/divide_and_conquer/clades/clade_051/shuffle_07/group_004_unrelaxed_rank_001_alphafold2_ptm_model_1_seed_000.pdb,66.37987654320989,48.63105263157894,13,3.75261,7.788172
results_updated/RfaH/run1/divide_and_conquer/clades/clade_051/shuffle_08/group_003_unrelaxed_rank_001_alphafold2_ptm_model_1_seed_000.pdb,67.41753086419754,44.071052631578944,13,5.6021695,6.2974477
results_updated/RfaH/run1/divide_and_conquer/clades/clade_051/shuffle_08/group_002_unrelaxed_rank_001_alphafold2_ptm_model_1_seed_000.pdb,53.34728395061728,47.511842105263156,13,8.893315,9.052658
results_updated/RfaH/run1/divide_and_conquer/clades/clade_051/shuffle_08/group_001_unrelaxed_rank_001_alphafold2_ptm_model_1_seed_000.pdb,75.38043209876544,69.2128947368421,13,1.8410224,9.653016
results_updated/RfaH/run1/divide_and_conquer/clades/clade_051/shuffle_08/group_004_unrelaxed_rank_001_alphafold2_ptm_model_1_seed_000.pdb,63.5462962962963,45.43394736842105,13,5.481326,7.4946017
results_updated/RfaH/run1/divide_and_conquer/clades/clade_051/shuffle_09/group_003_unrelaxed_rank_001_alphafold2_ptm_model_1_seed_000.pdb,69.32561728395062,50.264210526315786,13,5.778995,7.4617953
results_updated/RfaH/run1/divide_and_conquer/clades/clade_051/shuffle_09/group_002_unrelaxed_rank_001_alphafold2_ptm_model_1_seed_000.pdb,58.293888888888894,46.832368421052635,13,4.1624427,9.822736
results_updated/RfaH/run1/divide_and_conquer/clades/clade_051/shuffle_09/group_001_unrelaxed_rank_001_alphafold2_ptm_model_1_seed_000.pdb,60.581296296296294,50.69736842105264,13,4.721424,9.467888
results_updated/RfaH/run1/divide_and_conquer/clades/clade_051/shuffle_09/group_004_unrelaxed_rank_001_alphafold2_ptm_model_1_seed_000.pdb,72.71913580246914,62.58394736842106,13,2.4692876,9.810642
results_updated/RfaH/run1/divide_and_conquer/clades/clade_051/shuffle_10/group_003_unrelaxed_rank_001_alphafold2_ptm_model_1_seed_000.pdb,69.51882716049383,54.755,13,3.5880976,10.295722
results_updated/RfaH/run1/divide_and_conquer/clades/clade_051/shuffle_10/group_002_unrelaxed_rank_001_alphafold2_ptm_model_1_seed_000.pdb,68.00759259259259,51.20973684210527,13,2.602911,8.938736
results_updated/RfaH/run1/divide_and_conquer/clades/clade_051/shuffle_10/group_001_unrelaxed_rank_001_alphafold2_ptm_model_1_seed_000.pdb,65.20055555555555,44.57973684210526,13,4.9562006,6.4982543
results_updated/RfaH/run1/divide_and_conquer/clades/clade_051/shuffle_10/group_004_unrelaxed_rank_001_alphafold2_ptm_model_1_seed_000.pdb,73.70302469135802,62.57631578947369,13,2.4235725,9.543978
results_updated/RfaH/run1/divide_and_conquer/clades/clade_052/shuffle_01/group_003_unrelaxed_rank_001_alphafold2_ptm_model_1_seed_000.pdb,65.52617283950617,43.61605263157895,13,8.582162,11.762346
results_updated/RfaH/run1/divide_and_conquer/clades/clade_052/shuffle_01/group_002_unrelaxed_rank_001_alphafold2_ptm_model_1_seed_000.pdb,81.96814814814815,80.865,13,16.543362,1.3645525
results_updated/RfaH/run1/divide_and_conquer/clades/clade_052/shuffle_01/group_001_unrelaxed_rank_001_alphafold2_ptm_model_1_seed_000.pdb,68.30493827160494,46.38789473684211,13,6.940156,12.781175
results_updated/RfaH/run1/divide_and_conquer/clades/clade_052/shuffle_01/group_004_unrelaxed_rank_001_alphafold2_ptm_model_1_seed_000.pdb,82.37987654320989,81.11631578947367,13,10.397501,1.4396657
results_updated/RfaH/run1/divide_and_conquer/clades/clade_052/shuffle_02/group_003_unrelaxed_rank_001_alphafold2_ptm_model_1_seed_000.pdb,67.06901234567901,48.078421052631576,13,6.652244,11.407109
results_updated/RfaH/run1/divide_and_conquer/clades/clade_052/shuffle_02/group_002_unrelaxed_rank_001_alphafold2_ptm_model_1_seed_000.pdb,68.66487654320987,47.125,13,7.679343,9.846326
results_updated/RfaH/run1/divide_and_conquer/clades/clade_052/shuffle_02/group_001_unrelaxed_rank_001_alphafold2_ptm_model_1_seed_000.pdb,65.4756790123457,42.65500000000001,13,7.1838493,11.441751
results_updated/RfaH/run1/divide_and_conquer/clades/clade_052/shuffle_02/group_004_unrelaxed_rank_001_alphafold2_ptm_model_1_seed_000.pdb,68.49524691358025,42.43473684210526,13,9.392993,13.4024
results_updated/RfaH/run1/divide_and_conquer/clades/clade_052/shuffle_03/group_003_unrelaxed_rank_001_alphafold2_ptm_model_1_seed_000.pdb,76.24104938271604,67.98473684210526,13,7.912361,1.6756297
results_updated/RfaH/run1/divide_and_conquer/clades/clade_052/shuffle_03/group_002_unrelaxed_rank_001_alphafold2_ptm_model_1_seed_000.pdb,67.99814814814815,48.50131578947369,13,7.1386795,11.410867
results_updated/RfaH/run1/divide_and_conquer/clades/clade_052/shuffle_03/group_001_unrelaxed_rank_001_alphafold2_ptm_model_1_seed_000.pdb,66.22938271604939,43.86368421052632,13,6.3959455,10.260865
results_updated/RfaH/run1/divide_and_conquer/clades/clade_052/shuffle_03/group_004_unrelaxed_rank_001_alphafold2_ptm_model_1_seed_000.pdb,69.12672839506172,46.70131578947369,13,7.8336124,11.645391
results_updated/RfaH/run1/divide_and_conquer/clades/clade_052/shuffle_04/group_003_unrelaxed_rank_001_alphafold2_ptm_model_1_seed_000.pdb,75.29586419753086,62.93447368421052,13,9.488116,1.4834701
results_updated/RfaH/run1/divide_and_conquer/clades/clade_052/shuffle_04/group_002_unrelaxed_rank_001_alphafold2_ptm_model_1_seed_000.pdb,67.78135802469136,43.595000000000006,13,7.9156094,12.397753
results_updated/RfaH/run1/divide_and_conquer/clades/clade_052/shuffle_04/group_001_unrelaxed_rank_001_alphafold2_ptm_model_1_seed_000.pdb,64.94932098765432,39.845000000000006,13,6.965931,10.77751
results_updated/RfaH/run1/divide_and_conquer/clades/clade_052/shuffle_04/group_004_unrelaxed_rank_001_alphafold2_ptm_model_1_seed_000.pdb,61.01771604938271,49.923157894736846,13,11.585126,13.08927
results_updated/RfaH/run1/divide_and_conquer/clades/clade_052/shuffle_05/group_003_unrelaxed_rank_001_alphafold2_ptm_model_1_seed_000.pdb,69.74475308641976,52.95789473684211,13,6.917248,9.945663
results_updated/RfaH/run1/divide_and_conquer/clades/clade_052/shuffle_05/group_002_unrelaxed_rank_001_alphafold2_ptm_model_1_seed_000.pdb,68.12993827160493,46.79631578947368,13,8.072335,9.73775
results_updated/RfaH/run1/divide_and_conquer/clades/clade_052/shuffle_05/group_001_unrelaxed_rank_001_alphafold2_ptm_model_1_seed_000.pdb,64.20308641975308,45.68236842105264,13,5.938332,9.757961
results_updated/RfaH/run1/divide_and_conquer/clades/clade_052/shuffle_05/group_004_unrelaxed_rank_001_alphafold2_ptm_model_1_seed_000.pdb,66.18191358024693,39.95578947368421,13,6.916743,10.453549
results_updated/RfaH/run1/divide_and_conquer/clades/clade_052/shuffle_06/group_003_unrelaxed_rank_001_alphafold2_ptm_model_1_seed_000.pdb,66.46530864197531,42.988157894736844,13,6.186022,9.497493
results_updated/RfaH/run1/divide_and_conquer/clades/clade_052/shuffle_06/group_002_unrelaxed_rank_001_alphafold2_ptm_model_1_seed_000.pdb,64.70401234567902,44.81921052631579,13,6.9746833,11.039615
results_updated/RfaH/run1/divide_and_conquer/clades/clade_052/shuffle_06/group_001_unrelaxed_rank_001_alphafold2_ptm_model_1_seed_000.pdb,70.87648148148146,54.238157894736844,13,7.356489,10.004622
results_updated/RfaH/run1/divide_and_conquer/clades/clade_052/shuffle_06/group_004_unrelaxed_rank_001_alphafold2_ptm_model_1_seed_000.pdb,71.83938271604939,77.77131578947369,13,16.203455,1.5745656
results_updated/RfaH/run1/divide_and_conquer/clades/clade_052/shuffle_07/group_003_unrelaxed_rank_001_alphafold2_ptm_model_1_seed_000.pdb,67.10283950617284,43.1407894736842,13,8.184561,11.91304
results_updated/RfaH/run1/divide_and_conquer/clades/clade_052/shuffle_07/group_002_unrelaxed_rank_001_alphafold2_ptm_model_1_seed_000.pdb,66.2562962962963,42.333421052631586,13,10.018463,13.438748
results_updated/RfaH/run1/divide_and_conquer/clades/clade_052/shuffle_07/group_001_unrelaxed_rank_001_alphafold2_ptm_model_1_seed_000.pdb,65.39753086419753,42.78105263157896,13,6.0902567,9.520959
results_updated/RfaH/run1/divide_and_conquer/clades/clade_052/shuffle_07/group_004_unrelaxed_rank_001_alphafold2_ptm_model_1_seed_000.pdb,66.17833333333334,43.08157894736843,13,6.652308,10.719884
results_updated/RfaH/run1/divide_and_conquer/clades/clade_052/shuffle_08/group_003_unrelaxed_rank_001_alphafold2_ptm_model_1_seed_000.pdb,67.69024691358024,47.16315789473684,13,7.9769945,12.095953
results_updated/RfaH/run1/divide_and_conquer/clades/clade_052/shuffle_08/group_002_unrelaxed_rank_001_alphafold2_ptm_model_1_seed_000.pdb,56.05790123456789,39.4813157894737,13,8.430063,14.166409
results_updated/RfaH/run1/divide_and_conquer/clades/clade_052/shuffle_08/group_001_unrelaxed_rank_001_alphafold2_ptm_model_1_seed_000.pdb,69.44882716049382,47.759473684210526,13,8.598732,10.369284
results_updated/RfaH/run1/divide_and_conquer/clades/clade_052/shuffle_08/group_004_unrelaxed_rank_001_alphafold2_ptm_model_1_seed_000.pdb,85.89135802469136,88.20210526315789,13,16.956682,1.446742
results_updated/RfaH/run1/divide_and_conquer/clades/clade_052/shuffle_09/group_003_unrelaxed_rank_001_alphafold2_ptm_model_1_seed_000.pdb,74.91055555555555,58.4942105263158,13,8.14028,1.4284593
results_updated/RfaH/run1/divide_and_conquer/clades/clade_052/shuffle_09/group_002_unrelaxed_rank_001_alphafold2_ptm_model_1_seed_000.pdb,65.89660493827161,41.90210526315789,13,5.54466,9.34462
results_updated/RfaH/run1/divide_and_conquer/clades/clade_052/shuffle_09/group_001_unrelaxed_rank_001_alphafold2_ptm_model_1_seed_000.pdb,56.747530864197536,44.8821052631579,13,9.19904,12.006267
results_updated/RfaH/run1/divide_and_conquer/clades/clade_052/shuffle_09/group_004_unrelaxed_rank_001_alphafold2_ptm_model_1_seed_000.pdb,71.00604938271604,47.32236842105263,13,9.622037,12.199424
results_updated/RfaH/run1/divide_and_conquer/clades/clade_052/shuffle_10/group_003_unrelaxed_rank_001_alphafold2_ptm_model_1_seed_000.pdb,69.6653086419753,46.87552631578947,13,8.540239,12.621054
results_updated/RfaH/run1/divide_and_conquer/clades/clade_052/shuffle_10/group_002_unrelaxed_rank_001_alphafold2_ptm_model_1_seed_000.pdb,65.80623456790124,42.6192105263158,13,8.699911,12.776294
results_updated/RfaH/run1/divide_and_conquer/clades/clade_052/shuffle_10/group_001_unrelaxed_rank_001_alphafold2_ptm_model_1_seed_000.pdb,62.8770987654321,38.64000000000001,13,4.9283905,9.316287
results_updated/RfaH/run1/divide_and_conquer/clades/clade_052/shuffle_10/group_004_unrelaxed_rank_001_alphafold2_ptm_model_1_seed_000.pdb,66.04382716049383,41.06815789473685,13,8.664583,11.712328
results_updated/RfaH/run1/divide_and_conquer/clades/clade_053/shuffle_01/group_003_unrelaxed_rank_001_alphafold2_ptm_model_1_seed_000.pdb,66.69567901234568,47.00842105263157,13,7.4985123,11.166563
results_updated/RfaH/run1/divide_and_conquer/clades/clade_053/shuffle_01/group_002_unrelaxed_rank_001_alphafold2_ptm_model_1_seed_000.pdb,60.44123456790123,35.71473684210527,13,8.346314,7.77028
results_updated/RfaH/run1/divide_and_conquer/clades/clade_053/shuffle_01/group_001_unrelaxed_rank_001_alphafold2_ptm_model_1_seed_000.pdb,46.57271604938272,35.70947368421053,13,11.881888,10.128596
results_updated/RfaH/run1/divide_and_conquer/clades/clade_053/shuffle_01/group_004_unrelaxed_rank_001_alphafold2_ptm_model_1_seed_000.pdb,64.89148148148148,43.916315789473686,13,9.93253,9.59483
results_updated/RfaH/run1/divide_and_conquer/clades/clade_053/shuffle_02/group_003_unrelaxed_rank_001_alphafold2_ptm_model_1_seed_000.pdb,35.33734567901235,37.74763157894736,13,15.808177,9.436624
results_updated/RfaH/run1/divide_and_conquer/clades/clade_053/shuffle_02/group_002_unrelaxed_rank_001_alphafold2_ptm_model_1_seed_000.pdb,33.121419753086414,32.751315789473686,13,14.775779,10.870908
results_updated/RfaH/run1/divide_and_conquer/clades/clade_053/shuffle_02/group_001_unrelaxed_rank_001_alphafold2_ptm_model_1_seed_000.pdb,50.68932098765432,37.9,13,12.107347,11.518349
results_updated/RfaH/run1/divide_and_conquer/clades/clade_053/shuffle_02/group_004_unrelaxed_rank_001_alphafold2_ptm_model_1_seed_000.pdb,65.82839506172839,40.68710526315788,13,7.6114006,10.9590845
results_updated/RfaH/run1/divide_and_conquer/clades/clade_053/shuffle_03/group_003_unrelaxed_rank_001_alphafold2_ptm_model_1_seed_000.pdb,61.47790123456789,41.692894736842106,13,9.885191,11.165361
results_updated/RfaH/run1/divide_and_conquer/clades/clade_053/shuffle_03/group_002_unrelaxed_rank_001_alphafold2_ptm_model_1_seed_000.pdb,63.69814814814815,39.95473684210526,13,9.358817,10.701003
results_updated/RfaH/run1/divide_and_conquer/clades/clade_053/shuffle_03/group_001_unrelaxed_rank_001_alphafold2_ptm_model_1_seed_000.pdb,43.928395061728395,40.19210526315789,13,9.948739,9.554313
results_updated/RfaH/run1/divide_and_conquer/clades/clade_053/shuffle_03/group_004_unrelaxed_rank_001_alphafold2_ptm_model_1_seed_000.pdb,37.9158024691358,33.52184210526316,13,13.919027,11.632757
results_updated/RfaH/run1/divide_and_conquer/clades/clade_053/shuffle_04/group_003_unrelaxed_rank_001_alphafold2_ptm_model_1_seed_000.pdb,36.25314814814815,30.86973684210526,13,14.334565,12.308633
results_updated/RfaH/run1/divide_and_conquer/clades/clade_053/shuffle_04/group_002_unrelaxed_rank_001_alphafold2_ptm_model_1_seed_000.pdb,35.58154320987654,39.616315789473674,13,14.050187,10.045356
results_updated/RfaH/run1/divide_and_conquer/clades/clade_053/shuffle_04/group_001_unrelaxed_rank_001_alphafold2_ptm_model_1_seed_000.pdb,59.75481481481481,41.198684210526324,13,7.300069,7.7848907
results_updated/RfaH/run1/divide_and_conquer/clades/clade_053/shuffle_04/group_004_unrelaxed_rank_001_alphafold2_ptm_model_1_seed_000.pdb,62.770802469135795,39.506052631578946,13,7.861144,8.499572
results_updated/RfaH/run1/divide_and_conquer/clades/clade_053/shuffle_05/group_003_unrelaxed_rank_001_alphafold2_ptm_model_1_seed_000.pdb,35.38092592592592,33.576578947368425,13,15.881461,10.077071
results_updated/RfaH/run1/divide_and_conquer/clades/clade_053/shuffle_05/group_002_unrelaxed_rank_001_alphafold2_ptm_model_1_seed_000.pdb,55.2262962962963,38.693157894736835,13,10.089594,9.090016
results_updated/RfaH/run1/divide_and_conquer/clades/clade_053/shuffle_05/group_001_unrelaxed_rank_001_alphafold2_ptm_model_1_seed_000.pdb,37.852654320987654,41.088421052631574,13,13.288166,9.247348
results_updated/RfaH/run1/divide_and_conquer/clades/clade_053/shuffle_05/group_004_unrelaxed_rank_001_alphafold2_ptm_model_1_seed_000.pdb,57.90938271604938,37.1228947368421,13,9.895713,9.330752
results_updated/RfaH/run1/divide_and_conquer/clades/clade_053/shuffle_06/group_003_unrelaxed_rank_001_alphafold2_ptm_model_1_seed_000.pdb,64.7354938271605,53.25578947368421,13,4.023615,10.239666
results_updated/RfaH/run1/divide_and_conquer/clades/clade_053/shuffle_06/group_002_unrelaxed_rank_001_alphafold2_ptm_model_1_seed_000.pdb,62.38598765432098,39.616578947368424,13,7.529753,9.859908
results_updated/RfaH/run1/divide_and_conquer/clades/clade_053/shuffle_06/group_001_unrelaxed_rank_001_alphafold2_ptm_model_1_seed_000.pdb,63.700123456790124,47.76342105263158,13,5.077153,7.5793757
results_updated/RfaH/run1/divide_and_conquer/clades/clade_053/shuffle_06/group_004_unrelaxed_rank_001_alphafold2_ptm_model_1_seed_000.pdb,61.05104938271605,49.00973684210527,13,3.672199,9.4352455
results_updated/RfaH/run1/divide_and_conquer/clades/clade_053/shuffle_07/group_003_unrelaxed_rank_001_alphafold2_ptm_model_1_seed_000.pdb,37.72216049382717,38.2157894736842,13,10.873452,9.414733
results_updated/RfaH/run1/divide_and_conquer/clades/clade_053/shuffle_07/group_002_unrelaxed_rank_001_alphafold2_ptm_model_1_seed_000.pdb,59.10703703703704,40.779999999999994,13,7.829342,7.640485
results_updated/RfaH/run1/divide_and_conquer/clades/clade_053/shuffle_07/group_001_unrelaxed_rank_001_alphafold2_ptm_model_1_seed_000.pdb,59.58253086419754,39.55552631578948,13,5.5244274,9.388836
results_updated/RfaH/run1/divide_and_conquer/clades/clade_053/shuffle_07/group_004_unrelaxed_rank_001_alphafold2_ptm_model_1_seed_000.pdb,53.64969135802469,36.24578947368421,13,4.3589873,10.735979
results_updated/RfaH/run1/divide_and_conquer/clades/clade_053/shuffle_08/group_003_unrelaxed_rank_001_alphafold2_ptm_model_1_seed_000.pdb,46.355740740740735,44.763684210526314,13,10.907669,8.257586
results_updated/RfaH/run1/divide_and_conquer/clades/clade_053/shuffle_08/group_002_unrelaxed_rank_001_alphafold2_ptm_model_1_seed_000.pdb,52.34407407407407,33.60631578947368,13,10.213564,11.012272
results_updated/RfaH/run1/divide_and_conquer/clades/clade_053/shuffle_08/group_001_unrelaxed_rank_001_alphafold2_ptm_model_1_seed_000.pdb,60.31734567901235,37.699473684210524,13,8.296357,9.244537
results_updated/RfaH/run1/divide_and_conquer/clades/clade_053/shuffle_08/group_004_unrelaxed_rank_001_alphafold2_ptm_model_1_seed_000.pdb,64.08135802469135,41.16921052631579,13,10.985092,10.135763
results_updated/RfaH/run1/divide_and_conquer/clades/clade_053/shuffle_09/group_003_unrelaxed_rank_001_alphafold2_ptm_model_1_seed_000.pdb,64.69358024691358,41.010000000000005,13,7.831478,7.579227
results_updated/RfaH/run1/divide_and_conquer/clades/clade_053/shuffle_09/group_002_unrelaxed_rank_001_alphafold2_ptm_model_1_seed_000.pdb,39.879259259259264,46.995000000000005,13,16.533098,8.110585
results_updated/RfaH/run1/divide_and_conquer/clades/clade_053/shuffle_09/group_001_unrelaxed_rank_001_alphafold2_ptm_model_1_seed_000.pdb,64.07401234567901,45.68263157894737,13,3.5383325,9.449061
results_updated/RfaH/run1/divide_and_conquer/clades/clade_053/shuffle_09/group_004_unrelaxed_rank_001_alphafold2_ptm_model_1_seed_000.pdb,58.16969135802469,77.37526315789474,13,16.578224,1.4645094
results_updated/RfaH/run1/divide_and_conquer/clades/clade_053/shuffle_10/group_003_unrelaxed_rank_001_alphafold2_ptm_model_1_seed_000.pdb,60.17938271604937,37.16447368421052,13,8.526984,8.150739
results_updated/RfaH/run1/divide_and_conquer/clades/clade_053/shuffle_10/group_002_unrelaxed_rank_001_alphafold2_ptm_model_1_seed_000.pdb,59.09820987654321,39.980789473684204,13,4.7390003,10.424976
results_updated/RfaH/run1/divide_and_conquer/clades/clade_053/shuffle_10/group_001_unrelaxed_rank_001_alphafold2_ptm_model_1_seed_000.pdb,61.297345679012345,39.66789473684211,13,6.2594376,8.902057
results_updated/RfaH/run1/divide_and_conquer/clades/clade_053/shuffle_10/group_004_unrelaxed_rank_001_alphafold2_ptm_model_1_seed_000.pdb,64.68820987654321,43.07473684210527,13,9.75768,8.639962
results_updated/RfaH/run1/divide_and_conquer/clades/clade_054/shuffle_01/group_003_unrelaxed_rank_001_alphafold2_ptm_model_1_seed_000.pdb,83.36296296296295,85.0071052631579,24,13.36374,1.4971968
results_updated/RfaH/run1/divide_and_conquer/clades/clade_054/shuffle_01/group_002_unrelaxed_rank_001_alphafold2_ptm_model_1_seed_000.pdb,84.13327160493827,87.73500000000001,13,18.055525,1.4988893
results_updated/RfaH/run1/divide_and_conquer/clades/clade_054/shuffle_01/group_001_unrelaxed_rank_001_alphafold2_ptm_model_1_seed_000.pdb,77.31432098765433,63.13631578947368,13,16.182632,2.0860262
results_updated/RfaH/run1/divide_and_conquer/clades/clade_054/shuffle_02/group_003_unrelaxed_rank_001_alphafold2_ptm_model_1_seed_000.pdb,82.07944444444445,78.90473684210527,24,11.26311,1.4942586
results_updated/RfaH/run1/divide_and_conquer/clades/clade_054/shuffle_02/group_002_unrelaxed_rank_001_alphafold2_ptm_model_1_seed_000.pdb,84.45283950617284,83.91026315789473,13,18.168324,1.485018
results_updated/RfaH/run1/divide_and_conquer/clades/clade_054/shuffle_02/group_001_unrelaxed_rank_001_alphafold2_ptm_model_1_seed_000.pdb,69.20666666666666,48.39552631578948,13,7.507092,8.882943
results_updated/RfaH/run1/divide_and_conquer/clades/clade_054/shuffle_03/group_003_unrelaxed_rank_001_alphafold2_ptm_model_1_seed_000.pdb,75.59604938271605,60.03710526315789,24,10.0745,2.3917987
results_updated/RfaH/run1/divide_and_conquer/clades/clade_054/shuffle_03/group_002_unrelaxed_rank_001_alphafold2_ptm_model_1_seed_000.pdb,81.08216049382717,78.46236842105263,13,11.3846855,1.4955103
results_updated/RfaH/run1/divide_and_conquer/clades/clade_054/shuffle_03/group_001_unrelaxed_rank_001_alphafold2_ptm_model_1_seed_000.pdb,65.99604938271605,43.7342105263158,13,6.221839,6.0896115
results_updated/RfaH/run1/divide_and_conquer/clades/clade_054/shuffle_04/group_003_unrelaxed_rank_001_alphafold2_ptm_model_1_seed_000.pdb,81.81567901234567,80.97447368421052,24,12.131551,1.4912626
results_updated/RfaH/run1/divide_and_conquer/clades/clade_054/shuffle_04/group_002_unrelaxed_rank_001_alphafold2_ptm_model_1_seed_000.pdb,67.10154320987655,45.61131578947369,13,8.947276,10.161847
results_updated/RfaH/run1/divide_and_conquer/clades/clade_054/shuffle_04/group_001_unrelaxed_rank_001_alphafold2_ptm_model_1_seed_000.pdb,83.99148148148147,86.47368421052632,13,16.661247,1.5235647
results_updated/RfaH/run1/divide_and_conquer/clades/clade_054/shuffle_05/group_003_unrelaxed_rank_001_alphafold2_ptm_model_1_seed_000.pdb,82.42290123456789,76.93868421052632,24,11.311604,1.4951133
results_updated/RfaH/run1/divide_and_conquer/clades/clade_054/shuffle_05/group_002_unrelaxed_rank_001_alphafold2_ptm_model_1_seed_000.pdb,61.01413580246914,45.79394736842105,13,6.6569304,2.464417
results_updated/RfaH/run1/divide_and_conquer/clades/clade_054/shuffle_05/group_001_unrelaxed_rank_001_alphafold2_ptm_model_1_seed_000.pdb,80.0858024691358,77.94315789473684,13,10.548222,1.5234387
results_updated/RfaH/run1/divide_and_conquer/clades/clade_054/shuffle_06/group_003_unrelaxed_rank_001_alphafold2_ptm_model_1_seed_000.pdb,79.76216049382717,71.69526315789473,24,11.821104,1.4515198
results_updated/RfaH/run1/divide_and_conquer/clades/clade_054/shuffle_06/group_002_unrelaxed_rank_001_alphafold2_ptm_model_1_seed_000.pdb,84.24172839506173,85.62342105263158,13,12.384577,1.5151135
results_updated/RfaH/run1/divide_and_conquer/clades/clade_054/shuffle_06/group_001_unrelaxed_rank_001_alphafold2_ptm_model_1_seed_000.pdb,78.79487654320988,72.9628947368421,13,9.676513,1.6188943
results_updated/RfaH/run1/divide_and_conquer/clades/clade_054/shuffle_07/group_003_unrelaxed_rank_001_alphafold2_ptm_model_1_seed_000.pdb,86.76475308641974,87.07368421052631,24,12.521833,1.4840822
results_updated/RfaH/run1/divide_and_conquer/clades/clade_054/shuffle_07/group_002_unrelaxed_rank_001_alphafold2_ptm_model_1_seed_000.pdb,63.59580246913579,40.7557894736842,13,5.735563,9.670955
results_updated/RfaH/run1/divide_and_conquer/clades/clade_054/shuffle_07/group_001_unrelaxed_rank_001_alphafold2_ptm_model_1_seed_000.pdb,69.93771604938271,53.650000000000006,13,6.725714,2.0194695
results_updated/RfaH/run1/divide_and_conquer/clades/clade_054/shuffle_08/group_003_unrelaxed_rank_001_alphafold2_ptm_model_1_seed_000.pdb,83.00567901234568,84.99815789473683,24,16.638405,1.5008537
results_updated/RfaH/run1/divide_and_conquer/clades/clade_054/shuffle_08/group_002_unrelaxed_rank_001_alphafold2_ptm_model_1_seed_000.pdb,76.73302469135803,66.78973684210526,13,11.093772,1.4674646
results_updated/RfaH/run1/divide_and_conquer/clades/clade_054/shuffle_08/group_001_unrelaxed_rank_001_alphafold2_ptm_model_1_seed_000.pdb,83.82839506172839,85.1928947368421,13,18.0862,1.4910843
results_updated/RfaH/run1/divide_and_conquer/clades/clade_054/shuffle_09/group_003_unrelaxed_rank_001_alphafold2_ptm_model_1_seed_000.pdb,77.67148148148148,69.89026315789475,24,10.001101,1.4684316
results_updated/RfaH/run1/divide_and_conquer/clades/clade_054/shuffle_09/group_002_unrelaxed_rank_001_alphafold2_ptm_model_1_seed_000.pdb,84.93716049382716,85.74157894736841,13,11.857648,1.4878203
results_updated/RfaH/run1/divide_and_conquer/clades/clade_054/shuffle_09/group_001_unrelaxed_rank_001_alphafold2_ptm_model_1_seed_000.pdb,64.27438271604939,39.10078947368421,13,7.2136807,8.314254
results_updated/RfaH/run1/divide_and_conquer/clades/clade_054/shuffle_10/group_003_unrelaxed_rank_001_alphafold2_ptm_model_1_seed_000.pdb,82.58240740740742,80.84394736842106,24,15.430078,1.4932194
results_updated/RfaH/run1/divide_and_conquer/clades/clade_054/shuffle_10/group_002_unrelaxed_rank_001_alphafold2_ptm_model_1_seed_000.pdb,78.66882716049382,80.39315789473685,13,15.207386,1.4112061
results_updated/RfaH/run1/divide_and_conquer/clades/clade_054/shuffle_10/group_001_unrelaxed_rank_001_alphafold2_ptm_model_1_seed_000.pdb,64.60567901234568,41.60368421052632,13,7.2766047,9.6713295
results_updated/RfaH/run1/divide_and_conquer/clades/clade_055/shuffle_01/group_003_unrelaxed_rank_001_alphafold2_ptm_model_1_seed_000.pdb,84.60679012345679,80.59315789473685,21,12.922793,1.4137441
results_updated/RfaH/run1/divide_and_conquer/clades/clade_055/shuffle_01/group_002_unrelaxed_rank_001_alphafold2_ptm_model_1_seed_000.pdb,70.95938271604938,50.29868421052631,13,7.4499145,7.9462166
results_updated/RfaH/run1/divide_and_conquer/clades/clade_055/shuffle_01/group_001_unrelaxed_rank_001_alphafold2_ptm_model_1_seed_000.pdb,68.15833333333333,43.61868421052632,13,6.859523,2.8586876
results_updated/RfaH/run1/divide_and_conquer/clades/clade_055/shuffle_02/group_003_unrelaxed_rank_001_alphafold2_ptm_model_1_seed_000.pdb,72.97987654320987,51.36368421052632,21,6.592263,3.1680553
results_updated/RfaH/run1/divide_and_conquer/clades/clade_055/shuffle_02/group_002_unrelaxed_rank_001_alphafold2_ptm_model_1_seed_000.pdb,74.34925925925924,54.9278947368421,13,7.7263985,3.10374
results_updated/RfaH/run1/divide_and_conquer/clades/clade_055/shuffle_02/group_001_unrelaxed_rank_001_alphafold2_ptm_model_1_seed_000.pdb,74.90851851851852,62.83842105263158,13,14.727088,2.3657105
results_updated/RfaH/run1/divide_and_conquer/clades/clade_055/shuffle_03/group_003_unrelaxed_rank_001_alphafold2_ptm_model_1_seed_000.pdb,75.15055555555556,56.61236842105264,21,7.540027,2.01101
results_updated/RfaH/run1/divide_and_conquer/clades/clade_055/shuffle_03/group_002_unrelaxed_rank_001_alphafold2_ptm_model_1_seed_000.pdb,70.69111111111111,53.13657894736842,13,6.7218122,2.9694965
results_updated/RfaH/run1/divide_and_conquer/clades/clade_055/shuffle_03/group_001_unrelaxed_rank_001_alphafold2_ptm_model_1_seed_000.pdb,67.90277777777777,46.0128947368421,13,3.882871,8.450759
results_updated/RfaH/run1/divide_and_conquer/clades/clade_055/shuffle_04/group_003_unrelaxed_rank_001_alphafold2_ptm_model_1_seed_000.pdb,76.58203703703704,61.55263157894737,21,7.757896,2.1042063
results_updated/RfaH/run1/divide_and_conquer/clades/clade_055/shuffle_04/group_002_unrelaxed_rank_001_alphafold2_ptm_model_1_seed_000.pdb,67.62327160493825,49.215,13,3.6326084,8.629883
results_updated/RfaH/run1/divide_and_conquer/clades/clade_055/shuffle_04/group_001_unrelaxed_rank_001_alphafold2_ptm_model_1_seed_000.pdb,74.63000000000001,56.027105263157885,13,9.566253,2.7098913
results_updated/RfaH/run1/divide_and_conquer/clades/clade_055/shuffle_05/group_003_unrelaxed_rank_001_alphafold2_ptm_model_1_seed_000.pdb,73.08512345679013,52.68473684210526,21,7.350817,2.1889668
results_updated/RfaH/run1/divide_and_conquer/clades/clade_055/shuffle_05/group_002_unrelaxed_rank_001_alphafold2_ptm_model_1_seed_000.pdb,68.08808641975308,41.91552631578948,13,7.819066,9.490269
results_updated/RfaH/run1/divide_and_conquer/clades/clade_055/shuffle_05/group_001_unrelaxed_rank_001_alphafold2_ptm_model_1_seed_000.pdb,62.739320987654324,42.90552631578947,13,7.0341983,3.3716302
results_updated/RfaH/run1/divide_and_conquer/clades/clade_055/shuffle_06/group_003_unrelaxed_rank_001_alphafold2_ptm_model_1_seed_000.pdb,76.15864197530864,54.48342105263158,21,8.318244,2.2870822
results_updated/RfaH/run1/divide_and_conquer/clades/clade_055/shuffle_06/group_002_unrelaxed_rank_001_alphafold2_ptm_model_1_seed_000.pdb,75.5822839506173,59.33815789473684,13,7.9071546,1.7897832
results_updated/RfaH/run1/divide_and_conquer/clades/clade_055/shuffle_06/group_001_unrelaxed_rank_001_alphafold2_ptm_model_1_seed_000.pdb,74.31512345679012,57.07052631578947,13,6.5452237,3.111258
results_updated/RfaH/run1/divide_and_conquer/clades/clade_055/shuffle_07/group_003_unrelaxed_rank_001_alphafold2_ptm_model_1_seed_000.pdb,77.78123456790124,57.62789473684211,21,7.554343,2.9130218
results_updated/RfaH/run1/divide_and_conquer/clades/clade_055/shuffle_07/group_002_unrelaxed_rank_001_alphafold2_ptm_model_1_seed_000.pdb,73.48716049382716,56.713684210526324,13,7.481519,1.9299297
results_updated/RfaH/run1/divide_and_conquer/clades/clade_055/shuffle_07/group_001_unrelaxed_rank_001_alphafold2_ptm_model_1_seed_000.pdb,67.54148148148148,43.45499999999999,13,6.827678,4.957083
results_updated/RfaH/run1/divide_and_conquer/clades/clade_055/shuffle_08/group_003_unrelaxed_rank_001_alphafold2_ptm_model_1_seed_000.pdb,75.52086419753086,54.01578947368421,21,8.243009,2.5687706
results_updated/RfaH/run1/divide_and_conquer/clades/clade_055/shuffle_08/group_002_unrelaxed_rank_001_alphafold2_ptm_model_1_seed_000.pdb,69.70672839506173,45.61473684210526,13,7.6360397,2.9151008
results_updated/RfaH/run1/divide_and_conquer/clades/clade_055/shuffle_08/group_001_unrelaxed_rank_001_alphafold2_ptm_model_1_seed_000.pdb,70.36197530864197,51.425,13,7.0865755,3.2015305
results_updated/RfaH/run1/divide_and_conquer/clades/clade_055/shuffle_09/group_003_unrelaxed_rank_001_alphafold2_ptm_model_1_seed_000.pdb,82.06777777777778,74.96315789473684,21,9.401704,1.3882315
results_updated/RfaH/run1/divide_and_conquer/clades/clade_055/shuffle_09/group_002_unrelaxed_rank_001_alphafold2_ptm_model_1_seed_000.pdb,69.11376543209877,45.99657894736843,13,6.9017544,3.1950688
results_updated/RfaH/run1/divide_and_conquer/clades/clade_055/shuffle_09/group_001_unrelaxed_rank_001_alphafold2_ptm_model_1_seed_000.pdb,67.12043209876543,43.618684210526325,13,3.9431984,8.438855
results_updated/RfaH/run1/divide_and_conquer/clades/clade_055/shuffle_10/group_003_unrelaxed_rank_001_alphafold2_ptm_model_1_seed_000.pdb,69.87962962962963,44.459210526315786,21,8.263895,2.7403648
results_updated/RfaH/run1/divide_and_conquer/clades/clade_055/shuffle_10/group_002_unrelaxed_rank_001_alphafold2_ptm_model_1_seed_000.pdb,73.41413580246913,51.295789473684216,13,7.1561055,3.0927675
results_updated/RfaH/run1/divide_and_conquer/clades/clade_055/shuffle_10/group_001_unrelaxed_rank_001_alphafold2_ptm_model_1_seed_000.pdb,66.47493827160493,43.251315789473686,13,8.161147,8.630171
results_updated/RfaH/run1/divide_and_conquer/clades/clade_056/shuffle_01/group_003_unrelaxed_rank_001_alphafold2_ptm_model_1_seed_000.pdb,75.91432098765432,61.97921052631579,19,3.2783642,9.535423
results_updated/RfaH/run1/divide_and_conquer/clades/clade_056/shuffle_01/group_002_unrelaxed_rank_001_alphafold2_ptm_model_1_seed_000.pdb,69.27907407407407,45.70315789473685,13,8.816758,12.408437
results_updated/RfaH/run1/divide_and_conquer/clades/clade_056/shuffle_01/group_001_unrelaxed_rank_001_alphafold2_ptm_model_1_seed_000.pdb,74.59308641975309,64.51394736842106,13,2.0607643,9.609799
results_updated/RfaH/run1/divide_and_conquer/clades/clade_056/shuffle_02/group_003_unrelaxed_rank_001_alphafold2_ptm_model_1_seed_000.pdb,63.629629629629626,59.99315789473684,19,3.1714978,9.38832
results_updated/RfaH/run1/divide_and_conquer/clades/clade_056/shuffle_02/group_002_unrelaxed_rank_001_alphafold2_ptm_model_1_seed_000.pdb,73.02141975308643,62.245789473684205,13,2.2262774,9.683902
results_updated/RfaH/run1/divide_and_conquer/clades/clade_056/shuffle_02/group_001_unrelaxed_rank_001_alphafold2_ptm_model_1_seed_000.pdb,76.0654938271605,56.84236842105264,13,12.525868,1.8507447
results_updated/RfaH/run1/divide_and_conquer/clades/clade_056/shuffle_03/group_003_unrelaxed_rank_001_alphafold2_ptm_model_1_seed_000.pdb,73.50666666666666,65.30421052631579,19,2.2845132,9.483741
results_updated/RfaH/run1/divide_and_conquer/clades/clade_056/shuffle_03/group_002_unrelaxed_rank_001_alphafold2_ptm_model_1_seed_000.pdb,64.79987654320989,55.748157894736835,13,6.625675,12.570829
results_updated/RfaH/run1/divide_and_conquer/clades/clade_056/shuffle_03/group_001_unrelaxed_rank_001_alphafold2_ptm_model_1_seed_000.pdb,68.79833333333333,46.62815789473685,13,6.505656,7.423875
results_updated/RfaH/run1/divide_and_conquer/clades/clade_056/shuffle_04/group_003_unrelaxed_rank_001_alphafold2_ptm_model_1_seed_000.pdb,68.8037037037037,39.83368421052632,19,9.285468,12.705129
results_updated/RfaH/run1/divide_and_conquer/clades/clade_056/shuffle_04/group_002_unrelaxed_rank_001_alphafold2_ptm_model_1_seed_000.pdb,81.90388888888889,83.90368421052632,13,15.117511,1.5115
results_updated/RfaH/run1/divide_and_conquer/clades/clade_056/shuffle_04/group_001_unrelaxed_rank_001_alphafold2_ptm_model_1_seed_000.pdb,71.97141975308641,58.79973684210525,13,6.0835924,12.991295
results_updated/RfaH/run1/divide_and_conquer/clades/clade_056/shuffle_05/group_003_unrelaxed_rank_001_alphafold2_ptm_model_1_seed_000.pdb,72.16413580246913,52.95657894736843,19,6.252161,12.7701235
results_updated/RfaH/run1/divide_and_conquer/clades/clade_056/shuffle_05/group_002_unrelaxed_rank_001_alphafold2_ptm_model_1_seed_000.pdb,79.5370987654321,70.35499999999999,13,10.46593,1.5897928
results_updated/RfaH/run1/divide_and_conquer/clades/clade_056/shuffle_05/group_001_unrelaxed_rank_001_alphafold2_ptm_model_1_seed_000.pdb,76.435987654321,60.13342105263158,13,14.564202,9.490828
results_updated/RfaH/run1/divide_and_conquer/clades/clade_056/shuffle_06/group_003_unrelaxed_rank_001_alphafold2_ptm_model_1_seed_000.pdb,72.1845061728395,54.52789473684211,19,6.857266,9.151708
results_updated/RfaH/run1/divide_and_conquer/clades/clade_056/shuffle_06/group_002_unrelaxed_rank_001_alphafold2_ptm_model_1_seed_000.pdb,72.53999999999999,59.25973684210526,13,2.1406589,9.406045
results_updated/RfaH/run1/divide_and_conquer/clades/clade_056/shuffle_06/group_001_unrelaxed_rank_001_alphafold2_ptm_model_1_seed_000.pdb,70.6433950617284,50.332631578947364,13,3.3988829,9.776296
results_updated/RfaH/run1/divide_and_conquer/clades/clade_056/shuffle_07/group_003_unrelaxed_rank_001_alphafold2_ptm_model_1_seed_000.pdb,70.97037037037036,42.06894736842106,19,8.8525715,12.107134
results_updated/RfaH/run1/divide_and_conquer/clades/clade_056/shuffle_07/group_002_unrelaxed_rank_001_alphafold2_ptm_model_1_seed_000.pdb,70.28962962962963,51.90736842105264,13,4.416503,10.236615
results_updated/RfaH/run1/divide_and_conquer/clades/clade_056/shuffle_07/group_001_unrelaxed_rank_001_alphafold2_ptm_model_1_seed_000.pdb,67.94376543209876,44.27657894736842,13,8.1082115,13.076011
results_updated/RfaH/run1/divide_and_conquer/clades/clade_056/shuffle_08/group_003_unrelaxed_rank_001_alphafold2_ptm_model_1_seed_000.pdb,74.23395061728397,60.34473684210526,19,5.9445777,12.176616
results_updated/RfaH/run1/divide_and_conquer/clades/clade_056/shuffle_08/group_002_unrelaxed_rank_001_alphafold2_ptm_model_1_seed_000.pdb,73.99604938271605,51.046052631578945,13,12.724981,2.1823802
results_updated/RfaH/run1/divide_and_conquer/clades/clade_056/shuffle_08/group_001_unrelaxed_rank_001_alphafold2_ptm_model_1_seed_000.pdb,64.3817901234568,45.12263157894737,13,4.303392,10.919678
results_updated/RfaH/run1/divide_and_conquer/clades/clade_056/shuffle_09/group_003_unrelaxed_rank_001_alphafold2_ptm_model_1_seed_000.pdb,70.08981481481482,65.21026315789473,19,12.536003,1.4911133
results_updated/RfaH/run1/divide_and_conquer/clades/clade_056/shuffle_09/group_002_unrelaxed_rank_001_alphafold2_ptm_model_1_seed_000.pdb,68.92518518518519,50.153421052631586,13,5.1721334,8.799346
results_updated/RfaH/run1/divide_and_conquer/clades/clade_056/shuffle_09/group_001_unrelaxed_rank_001_alphafold2_ptm_model_1_seed_000.pdb,66.90135802469136,48.554736842105264,13,5.04643,11.155491
results_updated/RfaH/run1/divide_and_conquer/clades/clade_056/shuffle_10/group_003_unrelaxed_rank_001_alphafold2_ptm_model_1_seed_000.pdb,67.20049382716049,45.355000000000004,19,4.113987,10.855782
results_updated/RfaH/run1/divide_and_conquer/clades/clade_056/shuffle_10/group_002_unrelaxed_rank_001_alphafold2_ptm_model_1_seed_000.pdb,73.14740740740739,58.329210526315784,13,4.582612,10.97863
results_updated/RfaH/run1/divide_and_conquer/clades/clade_056/shuffle_10/group_001_unrelaxed_rank_001_alphafold2_ptm_model_1_seed_000.pdb,72.6361111111111,46.6321052631579,13,10.265357,2.4202964
results_updated/RfaH/run1/divide_and_conquer/clades/clade_057/shuffle_01/group_003_unrelaxed_rank_001_alphafold2_ptm_model_1_seed_000.pdb,76.28228395061728,65.93289473684207,17,5.554075,12.400516
results_updated/RfaH/run1/divide_and_conquer/clades/clade_057/shuffle_01/group_002_unrelaxed_rank_001_alphafold2_ptm_model_1_seed_000.pdb,75.5888888888889,66.09210526315789,13,6.2789946,12.379198
results_updated/RfaH/run1/divide_and_conquer/clades/clade_057/shuffle_01/group_001_unrelaxed_rank_001_alphafold2_ptm_model_1_seed_000.pdb,71.0141975308642,59.76921052631579,13,5.575876,12.288051
results_updated/RfaH/run1/divide_and_conquer/clades/clade_057/shuffle_02/group_003_unrelaxed_rank_001_alphafold2_ptm_model_1_seed_000.pdb,70.5869135802469,50.988157894736844,17,5.8599434,12.938857
results_updated/RfaH/run1/divide_and_conquer/clades/clade_057/shuffle_02/group_002_unrelaxed_rank_001_alphafold2_ptm_model_1_seed_000.pdb,63.3879012345679,41.659210526315796,13,6.9051495,12.200471
results_updated/RfaH/run1/divide_and_conquer/clades/clade_057/shuffle_02/group_001_unrelaxed_rank_001_alphafold2_ptm_model_1_seed_000.pdb,69.47586419753087,51.475263157894744,13,3.0911455,8.6907835
results_updated/RfaH/run1/divide_and_conquer/clades/clade_057/shuffle_03/group_003_unrelaxed_rank_001_alphafold2_ptm_model_1_seed_000.pdb,75.68098765432099,66.41342105263158,17,5.7657123,11.685255
results_updated/RfaH/run1/divide_and_conquer/clades/clade_057/shuffle_03/group_002_unrelaxed_rank_001_alphafold2_ptm_model_1_seed_000.pdb,66.88938271604938,43.602631578947374,13,6.519479,10.357333
results_updated/RfaH/run1/divide_and_conquer/clades/clade_057/shuffle_03/group_001_unrelaxed_rank_001_alphafold2_ptm_model_1_seed_000.pdb,76.10771604938272,64.76710526315792,13,5.816183,12.000014
results_updated/RfaH/run1/divide_and_conquer/clades/clade_057/shuffle_04/group_003_unrelaxed_rank_001_alphafold2_ptm_model_1_seed_000.pdb,74.76277777777777,61.167368421052636,17,5.6388245,11.681956
results_updated/RfaH/run1/divide_and_conquer/clades/clade_057/shuffle_04/group_002_unrelaxed_rank_001_alphafold2_ptm_model_1_seed_000.pdb,67.06444444444445,41.42368421052632,13,7.190924,13.100281
results_updated/RfaH/run1/divide_and_conquer/clades/clade_057/shuffle_04/group_001_unrelaxed_rank_001_alphafold2_ptm_model_1_seed_000.pdb,68.49975308641974,55.68263157894737,13,3.6021175,8.975392
results_updated/RfaH/run1/divide_and_conquer/clades/clade_057/shuffle_05/group_003_unrelaxed_rank_001_alphafold2_ptm_model_1_seed_000.pdb,71.80043209876543,53.47552631578949,17,5.999917,12.834799
results_updated/RfaH/run1/divide_and_conquer/clades/clade_057/shuffle_05/group_002_unrelaxed_rank_001_alphafold2_ptm_model_1_seed_000.pdb,71.77253086419753,61.73684210526316,13,2.084426,9.284927
results_updated/RfaH/run1/divide_and_conquer/clades/clade_057/shuffle_05/group_001_unrelaxed_rank_001_alphafold2_ptm_model_1_seed_000.pdb,56.98358024691358,41.53342105263158,13,10.794987,13.882315
results_updated/RfaH/run1/divide_and_conquer/clades/clade_057/shuffle_06/group_003_unrelaxed_rank_001_alphafold2_ptm_model_1_seed_000.pdb,76.60061728395061,63.57684210526316,17,11.690416,1.5780624
results_updated/RfaH/run1/divide_and_conquer/clades/clade_057/shuffle_06/group_002_unrelaxed_rank_001_alphafold2_ptm_model_1_seed_000.pdb,55.513148148148154,41.8421052631579,13,7.858158,9.765253
results_updated/RfaH/run1/divide_and_conquer/clades/clade_057/shuffle_06/group_001_unrelaxed_rank_001_alphafold2_ptm_model_1_seed_000.pdb,79.74870370370371,75.2221052631579,13,5.742381,12.1793165
results_updated/RfaH/run1/divide_and_conquer/clades/clade_057/shuffle_07/group_003_unrelaxed_rank_001_alphafold2_ptm_model_1_seed_000.pdb,75.54407407407408,65.61605263157894,17,5.6312113,11.832519
results_updated/RfaH/run1/divide_and_conquer/clades/clade_057/shuffle_07/group_002_unrelaxed_rank_001_alphafold2_ptm_model_1_seed_000.pdb,73.25333333333334,59.78947368421053,13,4.8099737,11.664459
results_updated/RfaH/run1/divide_and_conquer/clades/clade_057/shuffle_07/group_001_unrelaxed_rank_001_alphafold2_ptm_model_1_seed_000.pdb,67.08141975308642,43.30605263157895,13,8.5652075,14.336538
results_updated/RfaH/run1/divide_and_conquer/clades/clade_057/shuffle_08/group_003_unrelaxed_rank_001_alphafold2_ptm_model_1_seed_000.pdb,75.0241975308642,64.24394736842106,17,5.581138,13.046989
results_updated/RfaH/run1/divide_and_conquer/clades/clade_057/shuffle_08/group_002_unrelaxed_rank_001_alphafold2_ptm_model_1_seed_000.pdb,75.25370370370369,68.86526315789473,13,6.4911056,12.782813
results_updated/RfaH/run1/divide_and_conquer/clades/clade_057/shuffle_08/group_001_unrelaxed_rank_001_alphafold2_ptm_model_1_seed_000.pdb,72.5775925925926,57.542631578947365,13,5.272468,11.241421
results_updated/RfaH/run1/divide_and_conquer/clades/clade_057/shuffle_09/group_003_unrelaxed_rank_001_alphafold2_ptm_model_1_seed_000.pdb,68.74845679012346,42.46131578947368,17,8.036007,14.003127
results_updated/RfaH/run1/divide_and_conquer/clades/clade_057/shuffle_09/group_002_unrelaxed_rank_001_alphafold2_ptm_model_1_seed_000.pdb,65.51814814814816,42.385000000000005,13,7.5765553,11.687187
results_updated/RfaH/run1/divide_and_conquer/clades/clade_057/shuffle_09/group_001_unrelaxed_rank_001_alphafold2_ptm_model_1_seed_000.pdb,71.18104938271605,56.49157894736843,13,3.3207471,8.894589
results_updated/RfaH/run1/divide_and_conquer/clades/clade_057/shuffle_10/group_003_unrelaxed_rank_001_alphafold2_ptm_model_1_seed_000.pdb,69.92734567901235,49.31078947368421,17,4.6215177,10.226672
results_updated/RfaH/run1/divide_and_conquer/clades/clade_057/shuffle_10/group_002_unrelaxed_rank_001_alphafold2_ptm_model_1_seed_000.pdb,75.6375925925926,66.26526315789475,13,5.932395,12.207025
results_updated/RfaH/run1/divide_and_conquer/clades/clade_057/shuffle_10/group_001_unrelaxed_rank_001_alphafold2_ptm_model_1_seed_000.pdb,64.07604938271605,43.80526315789474,13,4.045999,9.674217
