PDB,plddt,2haw_tmscore,1k23_tmscore,seq_count
/results/PPAC_BACSU/run1/02_hierarchical_m_fold_sampling_2haw/sampling_round_15/02_sampling/sampling_10/group_8_unrelaxed_rank_001_alphafold2_ptm_model_1_seed_042.pdb,91.168284789644,0.86566,0.68003,11
/results/PPAC_BACSU/run1/02_hierarchical_m_fold_sampling_2haw/sampling_round_15/02_sampling/sampling_10/group_6_unrelaxed_rank_001_alphafold2_ptm_model_1_seed_042.pdb,91.03333333333336,0.89378,0.67505,11
/results/PPAC_BACSU/run1/02_hierarchical_m_fold_sampling_2haw/sampling_round_15/02_sampling/sampling_10/group_13_unrelaxed_rank_001_alphafold2_ptm_model_1_seed_042.pdb,91.88576051779933,0.90509,0.67424,15
/results/PPAC_BACSU/run1/02_hierarchical_m_fold_sampling_2haw/sampling_round_15/02_sampling/sampling_10/group_7_unrelaxed_rank_001_alphafold2_ptm_model_1_seed_042.pdb,91.09647249190941,0.90018,0.67467,11
/results/PPAC_BACSU/run1/02_hierarchical_m_fold_sampling_2haw/sampling_round_15/02_sampling/sampling_10/group_4_unrelaxed_rank_001_alphafold2_ptm_model_1_seed_042.pdb,91.51644012944985,0.90965,0.67096,11
/results/PPAC_BACSU/run1/02_hierarchical_m_fold_sampling_2haw/sampling_round_15/02_sampling/sampling_10/group_12_unrelaxed_rank_001_alphafold2_ptm_model_1_seed_042.pdb,90.8876051779935,0.89216,0.67662,11
/results/PPAC_BACSU/run1/02_hierarchical_m_fold_sampling_2haw/sampling_round_15/02_sampling/sampling_10/group_5_unrelaxed_rank_001_alphafold2_ptm_model_1_seed_042.pdb,91.90867313915847,0.85588,0.67427,11
/results/PPAC_BACSU/run1/02_hierarchical_m_fold_sampling_2haw/sampling_round_15/02_sampling/sampling_10/group_10_unrelaxed_rank_001_alphafold2_ptm_model_1_seed_042.pdb,90.75521035598703,0.83462,0.68046,11
/results/PPAC_BACSU/run1/02_hierarchical_m_fold_sampling_2haw/sampling_round_15/02_sampling/sampling_10/group_3_unrelaxed_rank_001_alphafold2_ptm_model_1_seed_042.pdb,90.63970873786404,0.87302,0.67608,11
/results/PPAC_BACSU/run1/02_hierarchical_m_fold_sampling_2haw/sampling_round_15/02_sampling/sampling_10/group_9_unrelaxed_rank_001_alphafold2_ptm_model_1_seed_042.pdb,91.15579288025883,0.91377,0.67312,11
/results/PPAC_BACSU/run1/02_hierarchical_m_fold_sampling_2haw/sampling_round_15/02_sampling/sampling_10/group_1_unrelaxed_rank_001_alphafold2_ptm_model_1_seed_042.pdb,88.16702265372167,0.68476,0.85487,11
/results/PPAC_BACSU/run1/02_hierarchical_m_fold_sampling_2haw/sampling_round_15/02_sampling/sampling_10/group_11_unrelaxed_rank_001_alphafold2_ptm_model_1_seed_042.pdb,90.23294498381877,0.83252,0.68207,11
/results/PPAC_BACSU/run1/02_hierarchical_m_fold_sampling_2haw/sampling_round_15/02_sampling/sampling_10/group_2_unrelaxed_rank_001_alphafold2_ptm_model_1_seed_042.pdb,88.34504854368929,0.81277,0.68403,11
/results/PPAC_BACSU/run1/02_hierarchical_m_fold_sampling_2haw/sampling_round_15/02_sampling/sampling_9/group_8_unrelaxed_rank_001_alphafold2_ptm_model_1_seed_042.pdb,90.04611650485434,0.80403,0.68496,11
/results/PPAC_BACSU/run1/02_hierarchical_m_fold_sampling_2haw/sampling_round_15/02_sampling/sampling_9/group_6_unrelaxed_rank_001_alphafold2_ptm_model_1_seed_042.pdb,90.67220064724917,0.8981,0.67295,11
/results/PPAC_BACSU/run1/02_hierarchical_m_fold_sampling_2haw/sampling_round_15/02_sampling/sampling_9/group_13_unrelaxed_rank_001_alphafold2_ptm_model_1_seed_042.pdb,89.27365695792876,0.84693,0.67833,15
/results/PPAC_BACSU/run1/02_hierarchical_m_fold_sampling_2haw/sampling_round_15/02_sampling/sampling_9/group_7_unrelaxed_rank_001_alphafold2_ptm_model_1_seed_042.pdb,90.11155339805822,0.84597,0.68231,11
/results/PPAC_BACSU/run1/02_hierarchical_m_fold_sampling_2haw/sampling_round_15/02_sampling/sampling_9/group_4_unrelaxed_rank_001_alphafold2_ptm_model_1_seed_042.pdb,91.57262135922342,0.90413,0.67236,11
/results/PPAC_BACSU/run1/02_hierarchical_m_fold_sampling_2haw/sampling_round_15/02_sampling/sampling_9/group_12_unrelaxed_rank_001_alphafold2_ptm_model_1_seed_042.pdb,89.80440129449829,0.88159,0.67758,11
/results/PPAC_BACSU/run1/02_hierarchical_m_fold_sampling_2haw/sampling_round_15/02_sampling/sampling_9/group_5_unrelaxed_rank_001_alphafold2_ptm_model_1_seed_042.pdb,90.83634304207122,0.80315,0.68852,11
/results/PPAC_BACSU/run1/02_hierarchical_m_fold_sampling_2haw/sampling_round_15/02_sampling/sampling_9/group_10_unrelaxed_rank_001_alphafold2_ptm_model_1_seed_042.pdb,88.95362459546918,0.91575,0.67372,11
/results/PPAC_BACSU/run1/02_hierarchical_m_fold_sampling_2haw/sampling_round_15/02_sampling/sampling_9/group_3_unrelaxed_rank_001_alphafold2_ptm_model_1_seed_042.pdb,91.30003236245956,0.8787,0.67596,11
/results/PPAC_BACSU/run1/02_hierarchical_m_fold_sampling_2haw/sampling_round_15/02_sampling/sampling_9/group_9_unrelaxed_rank_001_alphafold2_ptm_model_1_seed_042.pdb,90.12135922330091,0.90026,0.67301,11
/results/PPAC_BACSU/run1/02_hierarchical_m_fold_sampling_2haw/sampling_round_15/02_sampling/sampling_9/group_1_unrelaxed_rank_001_alphafold2_ptm_model_1_seed_042.pdb,90.28621359223294,0.65469,0.92856,11
/results/PPAC_BACSU/run1/02_hierarchical_m_fold_sampling_2haw/sampling_round_15/02_sampling/sampling_9/group_11_unrelaxed_rank_001_alphafold2_ptm_model_1_seed_042.pdb,91.67343042071201,0.90202,0.67682,11
/results/PPAC_BACSU/run1/02_hierarchical_m_fold_sampling_2haw/sampling_round_15/02_sampling/sampling_9/group_2_unrelaxed_rank_001_alphafold2_ptm_model_1_seed_042.pdb,90.43310679611652,0.88852,0.67685,11
/results/PPAC_BACSU/run1/02_hierarchical_m_fold_sampling_2haw/sampling_round_15/02_sampling/sampling_6/group_8_unrelaxed_rank_001_alphafold2_ptm_model_1_seed_042.pdb,90.6943689320388,0.87398,0.67719,11
/results/PPAC_BACSU/run1/02_hierarchical_m_fold_sampling_2haw/sampling_round_15/02_sampling/sampling_6/group_6_unrelaxed_rank_001_alphafold2_ptm_model_1_seed_042.pdb,90.86941747572816,0.88729,0.67559,11
/results/PPAC_BACSU/run1/02_hierarchical_m_fold_sampling_2haw/sampling_round_15/02_sampling/sampling_6/group_13_unrelaxed_rank_001_alphafold2_ptm_model_1_seed_042.pdb,90.29074433656959,0.87378,0.6751,15
/results/PPAC_BACSU/run1/02_hierarchical_m_fold_sampling_2haw/sampling_round_15/02_sampling/sampling_6/group_7_unrelaxed_rank_001_alphafold2_ptm_model_1_seed_042.pdb,91.64488673139162,0.87676,0.67911,11
/results/PPAC_BACSU/run1/02_hierarchical_m_fold_sampling_2haw/sampling_round_15/02_sampling/sampling_6/group_4_unrelaxed_rank_001_alphafold2_ptm_model_1_seed_042.pdb,90.60815533980586,0.89279,0.67474,11
/results/PPAC_BACSU/run1/02_hierarchical_m_fold_sampling_2haw/sampling_round_15/02_sampling/sampling_6/group_12_unrelaxed_rank_001_alphafold2_ptm_model_1_seed_042.pdb,90.66631067961168,0.8637,0.67561,11
/results/PPAC_BACSU/run1/02_hierarchical_m_fold_sampling_2haw/sampling_round_15/02_sampling/sampling_6/group_5_unrelaxed_rank_001_alphafold2_ptm_model_1_seed_042.pdb,91.33165048543688,0.89588,0.67506,11
/results/PPAC_BACSU/run1/02_hierarchical_m_fold_sampling_2haw/sampling_round_15/02_sampling/sampling_6/group_10_unrelaxed_rank_001_alphafold2_ptm_model_1_seed_042.pdb,90.48148867313917,0.88222,0.67479,11
/results/PPAC_BACSU/run1/02_hierarchical_m_fold_sampling_2haw/sampling_round_15/02_sampling/sampling_6/group_3_unrelaxed_rank_001_alphafold2_ptm_model_1_seed_042.pdb,90.782427184466,0.86132,0.67727,11
/results/PPAC_BACSU/run1/02_hierarchical_m_fold_sampling_2haw/sampling_round_15/02_sampling/sampling_6/group_9_unrelaxed_rank_001_alphafold2_ptm_model_1_seed_042.pdb,90.47961165048545,0.83104,0.67822,11
/results/PPAC_BACSU/run1/02_hierarchical_m_fold_sampling_2haw/sampling_round_15/02_sampling/sampling_6/group_1_unrelaxed_rank_001_alphafold2_ptm_model_1_seed_042.pdb,92.20048543689326,0.66504,0.90383,11
/results/PPAC_BACSU/run1/02_hierarchical_m_fold_sampling_2haw/sampling_round_15/02_sampling/sampling_6/group_11_unrelaxed_rank_001_alphafold2_ptm_model_1_seed_042.pdb,90.75889967637538,0.81851,0.6813,11
/results/PPAC_BACSU/run1/02_hierarchical_m_fold_sampling_2haw/sampling_round_15/02_sampling/sampling_6/group_2_unrelaxed_rank_001_alphafold2_ptm_model_1_seed_042.pdb,90.26673139158574,0.90365,0.67364,11
/results/PPAC_BACSU/run1/02_hierarchical_m_fold_sampling_2haw/sampling_round_15/02_sampling/sampling_1/group_8_unrelaxed_rank_001_alphafold2_ptm_model_1_seed_042.pdb,90.4672168284789,0.89519,0.67688,11
/results/PPAC_BACSU/run1/02_hierarchical_m_fold_sampling_2haw/sampling_round_15/02_sampling/sampling_1/group_6_unrelaxed_rank_001_alphafold2_ptm_model_1_seed_042.pdb,90.08796116504848,0.75075,0.69489,11
/results/PPAC_BACSU/run1/02_hierarchical_m_fold_sampling_2haw/sampling_round_15/02_sampling/sampling_1/group_13_unrelaxed_rank_001_alphafold2_ptm_model_1_seed_042.pdb,92.30420711974115,0.89585,0.6753,15
/results/PPAC_BACSU/run1/02_hierarchical_m_fold_sampling_2haw/sampling_round_15/02_sampling/sampling_1/group_7_unrelaxed_rank_001_alphafold2_ptm_model_1_seed_042.pdb,90.83948220064728,0.89691,0.67096,11
/results/PPAC_BACSU/run1/02_hierarchical_m_fold_sampling_2haw/sampling_round_15/02_sampling/sampling_1/group_4_unrelaxed_rank_001_alphafold2_ptm_model_1_seed_042.pdb,89.69656957928804,0.87182,0.67598,11
/results/PPAC_BACSU/run1/02_hierarchical_m_fold_sampling_2haw/sampling_round_15/02_sampling/sampling_1/group_12_unrelaxed_rank_001_alphafold2_ptm_model_1_seed_042.pdb,91.62213592233009,0.85443,0.67551,11
/results/PPAC_BACSU/run1/02_hierarchical_m_fold_sampling_2haw/sampling_round_15/02_sampling/sampling_1/group_5_unrelaxed_rank_001_alphafold2_ptm_model_1_seed_042.pdb,88.28326860841428,0.80313,0.68382,11
/results/PPAC_BACSU/run1/02_hierarchical_m_fold_sampling_2haw/sampling_round_15/02_sampling/sampling_1/group_10_unrelaxed_rank_001_alphafold2_ptm_model_1_seed_042.pdb,90.88883495145632,0.87575,0.67858,11
/results/PPAC_BACSU/run1/02_hierarchical_m_fold_sampling_2haw/sampling_round_15/02_sampling/sampling_1/group_3_unrelaxed_rank_001_alphafold2_ptm_model_1_seed_042.pdb,92.2228802588996,0.87107,0.67626,11
/results/PPAC_BACSU/run1/02_hierarchical_m_fold_sampling_2haw/sampling_round_15/02_sampling/sampling_1/group_9_unrelaxed_rank_001_alphafold2_ptm_model_1_seed_042.pdb,89.32478964401292,0.89793,0.67164,11
/results/PPAC_BACSU/run1/02_hierarchical_m_fold_sampling_2haw/sampling_round_15/02_sampling/sampling_1/group_1_unrelaxed_rank_001_alphafold2_ptm_model_1_seed_042.pdb,90.32071197411003,0.90145,0.67091,11
/results/PPAC_BACSU/run1/02_hierarchical_m_fold_sampling_2haw/sampling_round_15/02_sampling/sampling_1/group_11_unrelaxed_rank_001_alphafold2_ptm_model_1_seed_042.pdb,88.88346278317158,0.87775,0.67688,11
/results/PPAC_BACSU/run1/02_hierarchical_m_fold_sampling_2haw/sampling_round_15/02_sampling/sampling_1/group_2_unrelaxed_rank_001_alphafold2_ptm_model_1_seed_042.pdb,90.60598705501613,0.90706,0.66885,11
/results/PPAC_BACSU/run1/02_hierarchical_m_fold_sampling_2haw/sampling_round_15/02_sampling/sampling_5/group_8_unrelaxed_rank_001_alphafold2_ptm_model_1_seed_042.pdb,91.54242718446599,0.88388,0.67878,11
/results/PPAC_BACSU/run1/02_hierarchical_m_fold_sampling_2haw/sampling_round_15/02_sampling/sampling_5/group_6_unrelaxed_rank_001_alphafold2_ptm_model_1_seed_042.pdb,90.02003236245949,0.87291,0.67499,11
/results/PPAC_BACSU/run1/02_hierarchical_m_fold_sampling_2haw/sampling_round_15/02_sampling/sampling_5/group_13_unrelaxed_rank_001_alphafold2_ptm_model_1_seed_042.pdb,92.05957928802587,0.86594,0.67822,15
/results/PPAC_BACSU/run1/02_hierarchical_m_fold_sampling_2haw/sampling_round_15/02_sampling/sampling_5/group_7_unrelaxed_rank_001_alphafold2_ptm_model_1_seed_042.pdb,90.03977346278313,0.88276,0.67857,11
/results/PPAC_BACSU/run1/02_hierarchical_m_fold_sampling_2haw/sampling_round_15/02_sampling/sampling_5/group_4_unrelaxed_rank_001_alphafold2_ptm_model_1_seed_042.pdb,91.53168284789645,0.90781,0.67303,11
/results/PPAC_BACSU/run1/02_hierarchical_m_fold_sampling_2haw/sampling_round_15/02_sampling/sampling_5/group_12_unrelaxed_rank_001_alphafold2_ptm_model_1_seed_042.pdb,90.15721682847901,0.90647,0.67545,11
/results/PPAC_BACSU/run1/02_hierarchical_m_fold_sampling_2haw/sampling_round_15/02_sampling/sampling_5/group_5_unrelaxed_rank_001_alphafold2_ptm_model_1_seed_042.pdb,91.46391585760516,0.86198,0.67772,11
/results/PPAC_BACSU/run1/02_hierarchical_m_fold_sampling_2haw/sampling_round_15/02_sampling/sampling_5/group_10_unrelaxed_rank_001_alphafold2_ptm_model_1_seed_042.pdb,91.44029126213591,0.70118,0.78001,11
/results/PPAC_BACSU/run1/02_hierarchical_m_fold_sampling_2haw/sampling_round_15/02_sampling/sampling_5/group_3_unrelaxed_rank_001_alphafold2_ptm_model_1_seed_042.pdb,90.56592233009707,0.91243,0.67254,11
/results/PPAC_BACSU/run1/02_hierarchical_m_fold_sampling_2haw/sampling_round_15/02_sampling/sampling_5/group_9_unrelaxed_rank_001_alphafold2_ptm_model_1_seed_042.pdb,90.60566343042073,0.88222,0.67821,11
/results/PPAC_BACSU/run1/02_hierarchical_m_fold_sampling_2haw/sampling_round_15/02_sampling/sampling_5/group_1_unrelaxed_rank_001_alphafold2_ptm_model_1_seed_042.pdb,91.35631067961168,0.8553,0.67854,11
/results/PPAC_BACSU/run1/02_hierarchical_m_fold_sampling_2haw/sampling_round_15/02_sampling/sampling_5/group_11_unrelaxed_rank_001_alphafold2_ptm_model_1_seed_042.pdb,91.44032362459548,0.88278,0.67458,11
/results/PPAC_BACSU/run1/02_hierarchical_m_fold_sampling_2haw/sampling_round_15/02_sampling/sampling_5/group_2_unrelaxed_rank_001_alphafold2_ptm_model_1_seed_042.pdb,90.9115210355987,0.86641,0.67604,11
/results/PPAC_BACSU/run1/02_hierarchical_m_fold_sampling_2haw/sampling_round_15/02_sampling/sampling_8/group_8_unrelaxed_rank_001_alphafold2_ptm_model_1_seed_042.pdb,91.33084142394821,0.73549,0.71625,11
/results/PPAC_BACSU/run1/02_hierarchical_m_fold_sampling_2haw/sampling_round_15/02_sampling/sampling_8/group_6_unrelaxed_rank_001_alphafold2_ptm_model_1_seed_042.pdb,90.697928802589,0.90639,0.67554,11
/results/PPAC_BACSU/run1/02_hierarchical_m_fold_sampling_2haw/sampling_round_15/02_sampling/sampling_8/group_13_unrelaxed_rank_001_alphafold2_ptm_model_1_seed_042.pdb,90.73841423948224,0.8489,0.68106,15
/results/PPAC_BACSU/run1/02_hierarchical_m_fold_sampling_2haw/sampling_round_15/02_sampling/sampling_8/group_7_unrelaxed_rank_001_alphafold2_ptm_model_1_seed_042.pdb,90.40553398058253,0.80239,0.6923,11
/results/PPAC_BACSU/run1/02_hierarchical_m_fold_sampling_2haw/sampling_round_15/02_sampling/sampling_8/group_4_unrelaxed_rank_001_alphafold2_ptm_model_1_seed_042.pdb,90.87912621359226,0.92344,0.67653,11
/results/PPAC_BACSU/run1/02_hierarchical_m_fold_sampling_2haw/sampling_round_15/02_sampling/sampling_8/group_12_unrelaxed_rank_001_alphafold2_ptm_model_1_seed_042.pdb,90.6656310679612,0.90725,0.6759,11
/results/PPAC_BACSU/run1/02_hierarchical_m_fold_sampling_2haw/sampling_round_15/02_sampling/sampling_8/group_5_unrelaxed_rank_001_alphafold2_ptm_model_1_seed_042.pdb,91.78355987055015,0.83095,0.68131,11
/results/PPAC_BACSU/run1/02_hierarchical_m_fold_sampling_2haw/sampling_round_15/02_sampling/sampling_8/group_10_unrelaxed_rank_001_alphafold2_ptm_model_1_seed_042.pdb,91.66443365695791,0.89466,0.6748,11
/results/PPAC_BACSU/run1/02_hierarchical_m_fold_sampling_2haw/sampling_round_15/02_sampling/sampling_8/group_3_unrelaxed_rank_001_alphafold2_ptm_model_1_seed_042.pdb,90.51579288025894,0.89759,0.67389,11
/results/PPAC_BACSU/run1/02_hierarchical_m_fold_sampling_2haw/sampling_round_15/02_sampling/sampling_8/group_9_unrelaxed_rank_001_alphafold2_ptm_model_1_seed_042.pdb,91.30873786407764,0.89541,0.67306,11
/results/PPAC_BACSU/run1/02_hierarchical_m_fold_sampling_2haw/sampling_round_15/02_sampling/sampling_8/group_1_unrelaxed_rank_001_alphafold2_ptm_model_1_seed_042.pdb,89.44375404530747,0.83509,0.67996,11
/results/PPAC_BACSU/run1/02_hierarchical_m_fold_sampling_2haw/sampling_round_15/02_sampling/sampling_8/group_11_unrelaxed_rank_001_alphafold2_ptm_model_1_seed_042.pdb,90.56132686084142,0.85582,0.67963,11
/results/PPAC_BACSU/run1/02_hierarchical_m_fold_sampling_2haw/sampling_round_15/02_sampling/sampling_8/group_2_unrelaxed_rank_001_alphafold2_ptm_model_1_seed_042.pdb,91.98983818770229,0.8411,0.68023,11
/results/PPAC_BACSU/run1/02_hierarchical_m_fold_sampling_2haw/sampling_round_15/02_sampling/sampling_7/group_8_unrelaxed_rank_001_alphafold2_ptm_model_1_seed_042.pdb,88.23967637540456,0.90353,0.67171,11
/results/PPAC_BACSU/run1/02_hierarchical_m_fold_sampling_2haw/sampling_round_15/02_sampling/sampling_7/group_6_unrelaxed_rank_001_alphafold2_ptm_model_1_seed_042.pdb,90.5647896440129,0.87254,0.67528,11
/results/PPAC_BACSU/run1/02_hierarchical_m_fold_sampling_2haw/sampling_round_15/02_sampling/sampling_7/group_13_unrelaxed_rank_001_alphafold2_ptm_model_1_seed_042.pdb,91.3137216828479,0.7541,0.70304,15
/results/PPAC_BACSU/run1/02_hierarchical_m_fold_sampling_2haw/sampling_round_15/02_sampling/sampling_7/group_7_unrelaxed_rank_001_alphafold2_ptm_model_1_seed_042.pdb,90.74045307443363,0.89172,0.67321,11
/results/PPAC_BACSU/run1/02_hierarchical_m_fold_sampling_2haw/sampling_round_15/02_sampling/sampling_7/group_4_unrelaxed_rank_001_alphafold2_ptm_model_1_seed_042.pdb,87.31776699029122,0.90178,0.6701,11
/results/PPAC_BACSU/run1/02_hierarchical_m_fold_sampling_2haw/sampling_round_15/02_sampling/sampling_7/group_12_unrelaxed_rank_001_alphafold2_ptm_model_1_seed_042.pdb,90.6420388349515,0.87304,0.67737,11
/results/PPAC_BACSU/run1/02_hierarchical_m_fold_sampling_2haw/sampling_round_15/02_sampling/sampling_7/group_5_unrelaxed_rank_001_alphafold2_ptm_model_1_seed_042.pdb,91.21540453074432,0.87123,0.67866,11
/results/PPAC_BACSU/run1/02_hierarchical_m_fold_sampling_2haw/sampling_round_15/02_sampling/sampling_7/group_10_unrelaxed_rank_001_alphafold2_ptm_model_1_seed_042.pdb,91.2374757281553,0.80195,0.69129,11
/results/PPAC_BACSU/run1/02_hierarchical_m_fold_sampling_2haw/sampling_round_15/02_sampling/sampling_7/group_3_unrelaxed_rank_001_alphafold2_ptm_model_1_seed_042.pdb,90.19038834951452,0.86782,0.67486,11
/results/PPAC_BACSU/run1/02_hierarchical_m_fold_sampling_2haw/sampling_round_15/02_sampling/sampling_7/group_9_unrelaxed_rank_001_alphafold2_ptm_model_1_seed_042.pdb,91.55559870550168,0.93077,0.67522,11
/results/PPAC_BACSU/run1/02_hierarchical_m_fold_sampling_2haw/sampling_round_15/02_sampling/sampling_7/group_1_unrelaxed_rank_001_alphafold2_ptm_model_1_seed_042.pdb,92.59401294498377,0.88196,0.67793,11
/results/PPAC_BACSU/run1/02_hierarchical_m_fold_sampling_2haw/sampling_round_15/02_sampling/sampling_7/group_11_unrelaxed_rank_001_alphafold2_ptm_model_1_seed_042.pdb,91.43016181229773,0.87052,0.67843,11
/results/PPAC_BACSU/run1/02_hierarchical_m_fold_sampling_2haw/sampling_round_15/02_sampling/sampling_7/group_2_unrelaxed_rank_001_alphafold2_ptm_model_1_seed_042.pdb,91.35126213592227,0.71165,0.75561,11
/results/PPAC_BACSU/run1/02_hierarchical_m_fold_sampling_2haw/sampling_round_15/02_sampling/sampling_2/group_8_unrelaxed_rank_001_alphafold2_ptm_model_1_seed_042.pdb,91.5443042071197,0.90523,0.67375,11
/results/PPAC_BACSU/run1/02_hierarchical_m_fold_sampling_2haw/sampling_round_15/02_sampling/sampling_2/group_6_unrelaxed_rank_001_alphafold2_ptm_model_1_seed_042.pdb,90.21838187702258,0.79759,0.66825,11
/results/PPAC_BACSU/run1/02_hierarchical_m_fold_sampling_2haw/sampling_round_15/02_sampling/sampling_2/group_13_unrelaxed_rank_001_alphafold2_ptm_model_1_seed_042.pdb,91.93051779935276,0.88769,0.67609,15
/results/PPAC_BACSU/run1/02_hierarchical_m_fold_sampling_2haw/sampling_round_15/02_sampling/sampling_2/group_7_unrelaxed_rank_001_alphafold2_ptm_model_1_seed_042.pdb,90.34540453074435,0.90235,0.67406,11
/results/PPAC_BACSU/run1/02_hierarchical_m_fold_sampling_2haw/sampling_round_15/02_sampling/sampling_2/group_4_unrelaxed_rank_001_alphafold2_ptm_model_1_seed_042.pdb,91.46715210355988,0.88244,0.67703,11
/results/PPAC_BACSU/run1/02_hierarchical_m_fold_sampling_2haw/sampling_round_15/02_sampling/sampling_2/group_12_unrelaxed_rank_001_alphafold2_ptm_model_1_seed_042.pdb,90.89485436893204,0.8798,0.67744,11
/results/PPAC_BACSU/run1/02_hierarchical_m_fold_sampling_2haw/sampling_round_15/02_sampling/sampling_2/group_5_unrelaxed_rank_001_alphafold2_ptm_model_1_seed_042.pdb,90.56993527508091,0.86352,0.67866,11
/results/PPAC_BACSU/run1/02_hierarchical_m_fold_sampling_2haw/sampling_round_15/02_sampling/sampling_2/group_10_unrelaxed_rank_001_alphafold2_ptm_model_1_seed_042.pdb,91.39944983818765,0.89567,0.67402,11
/results/PPAC_BACSU/run1/02_hierarchical_m_fold_sampling_2haw/sampling_round_15/02_sampling/sampling_2/group_3_unrelaxed_rank_001_alphafold2_ptm_model_1_seed_042.pdb,89.79385113268613,0.88537,0.67298,11
/results/PPAC_BACSU/run1/02_hierarchical_m_fold_sampling_2haw/sampling_round_15/02_sampling/sampling_2/group_9_unrelaxed_rank_001_alphafold2_ptm_model_1_seed_042.pdb,88.82061488673139,0.84608,0.67845,11
/results/PPAC_BACSU/run1/02_hierarchical_m_fold_sampling_2haw/sampling_round_15/02_sampling/sampling_2/group_1_unrelaxed_rank_001_alphafold2_ptm_model_1_seed_042.pdb,90.95546925566346,0.87703,0.67541,11
/results/PPAC_BACSU/run1/02_hierarchical_m_fold_sampling_2haw/sampling_round_15/02_sampling/sampling_2/group_11_unrelaxed_rank_001_alphafold2_ptm_model_1_seed_042.pdb,89.35702265372166,0.84648,0.67962,11
/results/PPAC_BACSU/run1/02_hierarchical_m_fold_sampling_2haw/sampling_round_15/02_sampling/sampling_2/group_2_unrelaxed_rank_001_alphafold2_ptm_model_1_seed_042.pdb,89.92055016181224,0.8692,0.67329,11
/results/PPAC_BACSU/run1/02_hierarchical_m_fold_sampling_2haw/sampling_round_15/02_sampling/sampling_11/group_8_unrelaxed_rank_001_alphafold2_ptm_model_1_seed_042.pdb,91.60867313915861,0.89783,0.67307,11
/results/PPAC_BACSU/run1/02_hierarchical_m_fold_sampling_2haw/sampling_round_15/02_sampling/sampling_11/group_6_unrelaxed_rank_001_alphafold2_ptm_model_1_seed_042.pdb,88.26886731391593,0.89709,0.67294,11
/results/PPAC_BACSU/run1/02_hierarchical_m_fold_sampling_2haw/sampling_round_15/02_sampling/sampling_11/group_13_unrelaxed_rank_001_alphafold2_ptm_model_1_seed_042.pdb,91.5764724919094,0.84152,0.68041,15
/results/PPAC_BACSU/run1/02_hierarchical_m_fold_sampling_2haw/sampling_round_15/02_sampling/sampling_11/group_7_unrelaxed_rank_001_alphafold2_ptm_model_1_seed_042.pdb,89.88475728155339,0.87346,0.67836,11
/results/PPAC_BACSU/run1/02_hierarchical_m_fold_sampling_2haw/sampling_round_15/02_sampling/sampling_11/group_4_unrelaxed_rank_001_alphafold2_ptm_model_1_seed_042.pdb,91.9303236245955,0.88413,0.67581,11
/results/PPAC_BACSU/run1/02_hierarchical_m_fold_sampling_2haw/sampling_round_15/02_sampling/sampling_11/group_12_unrelaxed_rank_001_alphafold2_ptm_model_1_seed_042.pdb,88.09773462783171,0.84751,0.67661,11
/results/PPAC_BACSU/run1/02_hierarchical_m_fold_sampling_2haw/sampling_round_15/02_sampling/sampling_11/group_5_unrelaxed_rank_001_alphafold2_ptm_model_1_seed_042.pdb,92.61640776699035,0.84947,0.67985,11
/results/PPAC_BACSU/run1/02_hierarchical_m_fold_sampling_2haw/sampling_round_15/02_sampling/sampling_11/group_10_unrelaxed_rank_001_alphafold2_ptm_model_1_seed_042.pdb,90.19760517799347,0.87408,0.6767,11
/results/PPAC_BACSU/run1/02_hierarchical_m_fold_sampling_2haw/sampling_round_15/02_sampling/sampling_11/group_3_unrelaxed_rank_001_alphafold2_ptm_model_1_seed_042.pdb,91.32711974110035,0.72453,0.71759,11
/results/PPAC_BACSU/run1/02_hierarchical_m_fold_sampling_2haw/sampling_round_15/02_sampling/sampling_11/group_9_unrelaxed_rank_001_alphafold2_ptm_model_1_seed_042.pdb,92.0845954692557,0.88106,0.67728,11
/results/PPAC_BACSU/run1/02_hierarchical_m_fold_sampling_2haw/sampling_round_15/02_sampling/sampling_11/group_1_unrelaxed_rank_001_alphafold2_ptm_model_1_seed_042.pdb,90.29220064724915,0.89623,0.67474,11
/results/PPAC_BACSU/run1/02_hierarchical_m_fold_sampling_2haw/sampling_round_15/02_sampling/sampling_11/group_11_unrelaxed_rank_001_alphafold2_ptm_model_1_seed_042.pdb,90.75737864077674,0.88263,0.67511,11
/results/PPAC_BACSU/run1/02_hierarchical_m_fold_sampling_2haw/sampling_round_15/02_sampling/sampling_11/group_2_unrelaxed_rank_001_alphafold2_ptm_model_1_seed_042.pdb,89.26145631067955,0.87959,0.6732,11
/results/PPAC_BACSU/run1/02_hierarchical_m_fold_sampling_2haw/sampling_round_15/02_sampling/sampling_13/group_8_unrelaxed_rank_001_alphafold2_ptm_model_1_seed_042.pdb,90.72168284789645,0.9238,0.67205,11
/results/PPAC_BACSU/run1/02_hierarchical_m_fold_sampling_2haw/sampling_round_15/02_sampling/sampling_13/group_6_unrelaxed_rank_001_alphafold2_ptm_model_1_seed_042.pdb,90.28660194174759,0.88631,0.67366,11
/results/PPAC_BACSU/run1/02_hierarchical_m_fold_sampling_2haw/sampling_round_15/02_sampling/sampling_13/group_13_unrelaxed_rank_001_alphafold2_ptm_model_1_seed_042.pdb,89.44647249190945,0.85768,0.6747,12
/results/PPAC_BACSU/run1/02_hierarchical_m_fold_sampling_2haw/sampling_round_15/02_sampling/sampling_13/group_7_unrelaxed_rank_001_alphafold2_ptm_model_1_seed_042.pdb,90.52168284789651,0.8859,0.67876,11
/results/PPAC_BACSU/run1/02_hierarchical_m_fold_sampling_2haw/sampling_round_15/02_sampling/sampling_13/group_4_unrelaxed_rank_001_alphafold2_ptm_model_1_seed_042.pdb,90.1719417475728,0.88038,0.67655,11
/results/PPAC_BACSU/run1/02_hierarchical_m_fold_sampling_2haw/sampling_round_15/02_sampling/sampling_13/group_12_unrelaxed_rank_001_alphafold2_ptm_model_1_seed_042.pdb,88.4263754045307,0.80607,0.68335,11
/results/PPAC_BACSU/run1/02_hierarchical_m_fold_sampling_2haw/sampling_round_15/02_sampling/sampling_13/group_5_unrelaxed_rank_001_alphafold2_ptm_model_1_seed_042.pdb,92.03666666666668,0.9169,0.67578,11
/results/PPAC_BACSU/run1/02_hierarchical_m_fold_sampling_2haw/sampling_round_15/02_sampling/sampling_13/group_10_unrelaxed_rank_001_alphafold2_ptm_model_1_seed_042.pdb,91.45563106796116,0.8838,0.67638,11
/results/PPAC_BACSU/run1/02_hierarchical_m_fold_sampling_2haw/sampling_round_15/02_sampling/sampling_13/group_3_unrelaxed_rank_001_alphafold2_ptm_model_1_seed_042.pdb,89.57394822006482,0.91213,0.67283,11
/results/PPAC_BACSU/run1/02_hierarchical_m_fold_sampling_2haw/sampling_round_15/02_sampling/sampling_13/group_9_unrelaxed_rank_001_alphafold2_ptm_model_1_seed_042.pdb,91.22466019417477,0.8787,0.67936,11
/results/PPAC_BACSU/run1/02_hierarchical_m_fold_sampling_2haw/sampling_round_15/02_sampling/sampling_13/group_1_unrelaxed_rank_001_alphafold2_ptm_model_1_seed_042.pdb,91.56245954692551,0.88558,0.67297,11
/results/PPAC_BACSU/run1/02_hierarchical_m_fold_sampling_2haw/sampling_round_15/02_sampling/sampling_13/group_11_unrelaxed_rank_001_alphafold2_ptm_model_1_seed_042.pdb,90.11957928802589,0.888,0.67187,11
/results/PPAC_BACSU/run1/02_hierarchical_m_fold_sampling_2haw/sampling_round_15/02_sampling/sampling_13/group_2_unrelaxed_rank_001_alphafold2_ptm_model_1_seed_042.pdb,91.15375404530738,0.89626,0.67694,11
/results/PPAC_BACSU/run1/02_hierarchical_m_fold_sampling_2haw/sampling_round_15/02_sampling/sampling_4/group_8_unrelaxed_rank_001_alphafold2_ptm_model_1_seed_042.pdb,90.53265372168282,0.86456,0.67417,11
/results/PPAC_BACSU/run1/02_hierarchical_m_fold_sampling_2haw/sampling_round_15/02_sampling/sampling_4/group_6_unrelaxed_rank_001_alphafold2_ptm_model_1_seed_042.pdb,89.76462783171517,0.86649,0.6818,11
/results/PPAC_BACSU/run1/02_hierarchical_m_fold_sampling_2haw/sampling_round_15/02_sampling/sampling_4/group_13_unrelaxed_rank_001_alphafold2_ptm_model_1_seed_042.pdb,91.39786407766991,0.81945,0.67605,15
/results/PPAC_BACSU/run1/02_hierarchical_m_fold_sampling_2haw/sampling_round_15/02_sampling/sampling_4/group_7_unrelaxed_rank_001_alphafold2_ptm_model_1_seed_042.pdb,90.31187702265372,0.89661,0.67322,11
/results/PPAC_BACSU/run1/02_hierarchical_m_fold_sampling_2haw/sampling_round_15/02_sampling/sampling_4/group_4_unrelaxed_rank_001_alphafold2_ptm_model_1_seed_042.pdb,91.22631067961167,0.90237,0.67273,11
/results/PPAC_BACSU/run1/02_hierarchical_m_fold_sampling_2haw/sampling_round_15/02_sampling/sampling_4/group_12_unrelaxed_rank_001_alphafold2_ptm_model_1_seed_042.pdb,89.27987055016182,0.73655,0.72116,11
/results/PPAC_BACSU/run1/02_hierarchical_m_fold_sampling_2haw/sampling_round_15/02_sampling/sampling_4/group_5_unrelaxed_rank_001_alphafold2_ptm_model_1_seed_042.pdb,90.63676375404532,0.73889,0.71773,11
/results/PPAC_BACSU/run1/02_hierarchical_m_fold_sampling_2haw/sampling_round_15/02_sampling/sampling_4/group_10_unrelaxed_rank_001_alphafold2_ptm_model_1_seed_042.pdb,89.24265372168277,0.86727,0.67642,11
/results/PPAC_BACSU/run1/02_hierarchical_m_fold_sampling_2haw/sampling_round_15/02_sampling/sampling_4/group_3_unrelaxed_rank_001_alphafold2_ptm_model_1_seed_042.pdb,90.45559870550161,0.89013,0.67594,11
/results/PPAC_BACSU/run1/02_hierarchical_m_fold_sampling_2haw/sampling_round_15/02_sampling/sampling_4/group_9_unrelaxed_rank_001_alphafold2_ptm_model_1_seed_042.pdb,88.19453074433659,0.87452,0.66456,11
/results/PPAC_BACSU/run1/02_hierarchical_m_fold_sampling_2haw/sampling_round_15/02_sampling/sampling_4/group_1_unrelaxed_rank_001_alphafold2_ptm_model_1_seed_042.pdb,89.94517799352751,0.93353,0.67388,11
/results/PPAC_BACSU/run1/02_hierarchical_m_fold_sampling_2haw/sampling_round_15/02_sampling/sampling_4/group_11_unrelaxed_rank_001_alphafold2_ptm_model_1_seed_042.pdb,91.17802588996769,0.88737,0.6751,11
/results/PPAC_BACSU/run1/02_hierarchical_m_fold_sampling_2haw/sampling_round_15/02_sampling/sampling_4/group_2_unrelaxed_rank_001_alphafold2_ptm_model_1_seed_042.pdb,91.01695792880251,0.72238,0.72408,11
/results/PPAC_BACSU/run1/02_hierarchical_m_fold_sampling_2haw/sampling_round_15/02_sampling/sampling_12/group_8_unrelaxed_rank_001_alphafold2_ptm_model_1_seed_042.pdb,91.51210355987055,0.88688,0.67763,11
/results/PPAC_BACSU/run1/02_hierarchical_m_fold_sampling_2haw/sampling_round_15/02_sampling/sampling_12/group_6_unrelaxed_rank_001_alphafold2_ptm_model_1_seed_042.pdb,91.2400970873786,0.92089,0.67431,11
/results/PPAC_BACSU/run1/02_hierarchical_m_fold_sampling_2haw/sampling_round_15/02_sampling/sampling_12/group_13_unrelaxed_rank_001_alphafold2_ptm_model_1_seed_042.pdb,90.4005177993527,0.86975,0.67796,15
/results/PPAC_BACSU/run1/02_hierarchical_m_fold_sampling_2haw/sampling_round_15/02_sampling/sampling_12/group_7_unrelaxed_rank_001_alphafold2_ptm_model_1_seed_042.pdb,88.66608414239478,0.90458,0.67717,11
/results/PPAC_BACSU/run1/02_hierarchical_m_fold_sampling_2haw/sampling_round_15/02_sampling/sampling_12/group_4_unrelaxed_rank_001_alphafold2_ptm_model_1_seed_042.pdb,89.83990291262137,0.86971,0.6766,11
/results/PPAC_BACSU/run1/02_hierarchical_m_fold_sampling_2haw/sampling_round_15/02_sampling/sampling_12/group_12_unrelaxed_rank_001_alphafold2_ptm_model_1_seed_042.pdb,91.37540453074432,0.88612,0.67595,11
/results/PPAC_BACSU/run1/02_hierarchical_m_fold_sampling_2haw/sampling_round_15/02_sampling/sampling_12/group_5_unrelaxed_rank_001_alphafold2_ptm_model_1_seed_042.pdb,90.04135922330096,0.89252,0.67301,11
/results/PPAC_BACSU/run1/02_hierarchical_m_fold_sampling_2haw/sampling_round_15/02_sampling/sampling_12/group_10_unrelaxed_rank_001_alphafold2_ptm_model_1_seed_042.pdb,90.9995792880259,0.83234,0.68552,11
/results/PPAC_BACSU/run1/02_hierarchical_m_fold_sampling_2haw/sampling_round_15/02_sampling/sampling_12/group_3_unrelaxed_rank_001_alphafold2_ptm_model_1_seed_042.pdb,92.08912621359227,0.88498,0.6769,11
/results/PPAC_BACSU/run1/02_hierarchical_m_fold_sampling_2haw/sampling_round_15/02_sampling/sampling_12/group_9_unrelaxed_rank_001_alphafold2_ptm_model_1_seed_042.pdb,91.17239482200641,0.88532,0.67702,11
/results/PPAC_BACSU/run1/02_hierarchical_m_fold_sampling_2haw/sampling_round_15/02_sampling/sampling_12/group_1_unrelaxed_rank_001_alphafold2_ptm_model_1_seed_042.pdb,91.3893851132686,0.87467,0.67785,11
/results/PPAC_BACSU/run1/02_hierarchical_m_fold_sampling_2haw/sampling_round_15/02_sampling/sampling_12/group_11_unrelaxed_rank_001_alphafold2_ptm_model_1_seed_042.pdb,88.48711974110033,0.88425,0.67495,11
/results/PPAC_BACSU/run1/02_hierarchical_m_fold_sampling_2haw/sampling_round_15/02_sampling/sampling_12/group_2_unrelaxed_rank_001_alphafold2_ptm_model_1_seed_042.pdb,88.8197411003236,0.80535,0.68098,11
/results/PPAC_BACSU/run1/02_hierarchical_m_fold_sampling_2haw/sampling_round_15/02_sampling/sampling_3/group_8_unrelaxed_rank_001_alphafold2_ptm_model_1_seed_042.pdb,90.49601941747574,0.90087,0.67654,11
/results/PPAC_BACSU/run1/02_hierarchical_m_fold_sampling_2haw/sampling_round_15/02_sampling/sampling_3/group_6_unrelaxed_rank_001_alphafold2_ptm_model_1_seed_042.pdb,90.13359223300967,0.94221,0.67147,11
/results/PPAC_BACSU/run1/02_hierarchical_m_fold_sampling_2haw/sampling_round_15/02_sampling/sampling_3/group_13_unrelaxed_rank_001_alphafold2_ptm_model_1_seed_042.pdb,91.48132686084145,0.89567,0.67218,15
/results/PPAC_BACSU/run1/02_hierarchical_m_fold_sampling_2haw/sampling_round_15/02_sampling/sampling_3/group_7_unrelaxed_rank_001_alphafold2_ptm_model_1_seed_042.pdb,91.0525566343042,0.8917,0.67105,11
/results/PPAC_BACSU/run1/02_hierarchical_m_fold_sampling_2haw/sampling_round_15/02_sampling/sampling_3/group_4_unrelaxed_rank_001_alphafold2_ptm_model_1_seed_042.pdb,90.94809061488674,0.88487,0.67399,11
/results/PPAC_BACSU/run1/02_hierarchical_m_fold_sampling_2haw/sampling_round_15/02_sampling/sampling_3/group_12_unrelaxed_rank_001_alphafold2_ptm_model_1_seed_042.pdb,89.47792880258898,0.70039,0.76257,11
/results/PPAC_BACSU/run1/02_hierarchical_m_fold_sampling_2haw/sampling_round_15/02_sampling/sampling_3/group_5_unrelaxed_rank_001_alphafold2_ptm_model_1_seed_042.pdb,90.43928802589001,0.87639,0.67625,11
/results/PPAC_BACSU/run1/02_hierarchical_m_fold_sampling_2haw/sampling_round_15/02_sampling/sampling_3/group_10_unrelaxed_rank_001_alphafold2_ptm_model_1_seed_042.pdb,90.80106796116502,0.88544,0.67654,11
/results/PPAC_BACSU/run1/02_hierarchical_m_fold_sampling_2haw/sampling_round_15/02_sampling/sampling_3/group_3_unrelaxed_rank_001_alphafold2_ptm_model_1_seed_042.pdb,91.35970873786398,0.87524,0.67895,11
/results/PPAC_BACSU/run1/02_hierarchical_m_fold_sampling_2haw/sampling_round_15/02_sampling/sampling_3/group_9_unrelaxed_rank_001_alphafold2_ptm_model_1_seed_042.pdb,90.7048220064725,0.78778,0.69419,11
/results/PPAC_BACSU/run1/02_hierarchical_m_fold_sampling_2haw/sampling_round_15/02_sampling/sampling_3/group_1_unrelaxed_rank_001_alphafold2_ptm_model_1_seed_042.pdb,89.29271844660195,0.93552,0.66893,11
/results/PPAC_BACSU/run1/02_hierarchical_m_fold_sampling_2haw/sampling_round_15/02_sampling/sampling_3/group_11_unrelaxed_rank_001_alphafold2_ptm_model_1_seed_042.pdb,89.44466019417474,0.85639,0.67571,11
/results/PPAC_BACSU/run1/02_hierarchical_m_fold_sampling_2haw/sampling_round_15/02_sampling/sampling_3/group_2_unrelaxed_rank_001_alphafold2_ptm_model_1_seed_042.pdb,90.42190938511328,0.86221,0.67838,11
/results/PPAC_BACSU/run1/02_hierarchical_m_fold_sampling_2haw/sampling_round_15/02_sampling/sampling_14/group_8_unrelaxed_rank_001_alphafold2_ptm_model_1_seed_042.pdb,91.00320388349515,0.86474,0.68086,11
/results/PPAC_BACSU/run1/02_hierarchical_m_fold_sampling_2haw/sampling_round_15/02_sampling/sampling_14/group_6_unrelaxed_rank_001_alphafold2_ptm_model_1_seed_042.pdb,88.85258899676383,0.78458,0.68913,11
/results/PPAC_BACSU/run1/02_hierarchical_m_fold_sampling_2haw/sampling_round_15/02_sampling/sampling_14/group_13_unrelaxed_rank_001_alphafold2_ptm_model_1_seed_042.pdb,91.385210355987,0.90009,0.67294,15
/results/PPAC_BACSU/run1/02_hierarchical_m_fold_sampling_2haw/sampling_round_15/02_sampling/sampling_14/group_7_unrelaxed_rank_001_alphafold2_ptm_model_1_seed_042.pdb,90.81491909385115,0.88146,0.67621,11
/results/PPAC_BACSU/run1/02_hierarchical_m_fold_sampling_2haw/sampling_round_15/02_sampling/sampling_14/group_4_unrelaxed_rank_001_alphafold2_ptm_model_1_seed_042.pdb,91.62760517799349,0.9132,0.67154,11
/results/PPAC_BACSU/run1/02_hierarchical_m_fold_sampling_2haw/sampling_round_15/02_sampling/sampling_14/group_12_unrelaxed_rank_001_alphafold2_ptm_model_1_seed_042.pdb,88.63647249190944,0.88052,0.66945,11
/results/PPAC_BACSU/run1/02_hierarchical_m_fold_sampling_2haw/sampling_round_15/02_sampling/sampling_14/group_5_unrelaxed_rank_001_alphafold2_ptm_model_1_seed_042.pdb,91.96656957928798,0.88512,0.67719,11
/results/PPAC_BACSU/run1/02_hierarchical_m_fold_sampling_2haw/sampling_round_15/02_sampling/sampling_14/group_10_unrelaxed_rank_001_alphafold2_ptm_model_1_seed_042.pdb,90.38783171521034,0.83745,0.67983,11
/results/PPAC_BACSU/run1/02_hierarchical_m_fold_sampling_2haw/sampling_round_15/02_sampling/sampling_14/group_3_unrelaxed_rank_001_alphafold2_ptm_model_1_seed_042.pdb,90.30032362459545,0.91243,0.67055,11
/results/PPAC_BACSU/run1/02_hierarchical_m_fold_sampling_2haw/sampling_round_15/02_sampling/sampling_14/group_9_unrelaxed_rank_001_alphafold2_ptm_model_1_seed_042.pdb,87.94634304207118,0.87762,0.67468,11
/results/PPAC_BACSU/run1/02_hierarchical_m_fold_sampling_2haw/sampling_round_15/02_sampling/sampling_14/group_1_unrelaxed_rank_001_alphafold2_ptm_model_1_seed_042.pdb,90.65097087378639,0.89109,0.67081,11
/results/PPAC_BACSU/run1/02_hierarchical_m_fold_sampling_2haw/sampling_round_15/02_sampling/sampling_14/group_11_unrelaxed_rank_001_alphafold2_ptm_model_1_seed_042.pdb,89.79391585760511,0.85645,0.67867,11
/results/PPAC_BACSU/run1/02_hierarchical_m_fold_sampling_2haw/sampling_round_15/02_sampling/sampling_14/group_2_unrelaxed_rank_001_alphafold2_ptm_model_1_seed_042.pdb,92.13488673139157,0.8947,0.67561,11
/results/PPAC_BACSU/run1/02_hierarchical_m_fold_sampling_2haw/sampling_round_2/02_sampling/sampling_10/group_8_unrelaxed_rank_001_alphafold2_ptm_model_1_seed_042.pdb,89.40453074433654,0.73412,0.71708,11
/results/PPAC_BACSU/run1/02_hierarchical_m_fold_sampling_2haw/sampling_round_2/02_sampling/sampling_10/group_6_unrelaxed_rank_001_alphafold2_ptm_model_1_seed_042.pdb,89.8812944983819,0.75836,0.69587,11
/results/PPAC_BACSU/run1/02_hierarchical_m_fold_sampling_2haw/sampling_round_2/02_sampling/sampling_10/group_13_unrelaxed_rank_001_alphafold2_ptm_model_1_seed_042.pdb,91.56928802589,0.93024,0.67072,15
/results/PPAC_BACSU/run1/02_hierarchical_m_fold_sampling_2haw/sampling_round_2/02_sampling/sampling_10/group_7_unrelaxed_rank_001_alphafold2_ptm_model_1_seed_042.pdb,90.9386084142395,0.87607,0.67486,11
/results/PPAC_BACSU/run1/02_hierarchical_m_fold_sampling_2haw/sampling_round_2/02_sampling/sampling_10/group_4_unrelaxed_rank_001_alphafold2_ptm_model_1_seed_042.pdb,90.07501618122983,0.92535,0.67209,11
/results/PPAC_BACSU/run1/02_hierarchical_m_fold_sampling_2haw/sampling_round_2/02_sampling/sampling_10/group_12_unrelaxed_rank_001_alphafold2_ptm_model_1_seed_042.pdb,91.90909385113272,0.89936,0.67436,11
/results/PPAC_BACSU/run1/02_hierarchical_m_fold_sampling_2haw/sampling_round_2/02_sampling/sampling_10/group_5_unrelaxed_rank_001_alphafold2_ptm_model_1_seed_042.pdb,90.72964401294499,0.88578,0.67779,11
/results/PPAC_BACSU/run1/02_hierarchical_m_fold_sampling_2haw/sampling_round_2/02_sampling/sampling_10/group_10_unrelaxed_rank_001_alphafold2_ptm_model_1_seed_042.pdb,91.02491909385111,0.89661,0.6763,11
/results/PPAC_BACSU/run1/02_hierarchical_m_fold_sampling_2haw/sampling_round_2/02_sampling/sampling_10/group_3_unrelaxed_rank_001_alphafold2_ptm_model_1_seed_042.pdb,90.61171521035592,0.87812,0.67725,11
/results/PPAC_BACSU/run1/02_hierarchical_m_fold_sampling_2haw/sampling_round_2/02_sampling/sampling_10/group_9_unrelaxed_rank_001_alphafold2_ptm_model_1_seed_042.pdb,91.46922330097088,0.88885,0.67421,11
/results/PPAC_BACSU/run1/02_hierarchical_m_fold_sampling_2haw/sampling_round_2/02_sampling/sampling_10/group_1_unrelaxed_rank_001_alphafold2_ptm_model_1_seed_042.pdb,91.57022653721681,0.69385,0.79558,11
/results/PPAC_BACSU/run1/02_hierarchical_m_fold_sampling_2haw/sampling_round_2/02_sampling/sampling_10/group_11_unrelaxed_rank_001_alphafold2_ptm_model_1_seed_042.pdb,90.85430420711963,0.88422,0.67513,11
/results/PPAC_BACSU/run1/02_hierarchical_m_fold_sampling_2haw/sampling_round_2/02_sampling/sampling_10/group_2_unrelaxed_rank_001_alphafold2_ptm_model_1_seed_042.pdb,90.94466019417482,0.89242,0.67383,11
/results/PPAC_BACSU/run1/02_hierarchical_m_fold_sampling_2haw/sampling_round_2/02_sampling/sampling_9/group_8_unrelaxed_rank_001_alphafold2_ptm_model_1_seed_042.pdb,89.79601941747569,0.88382,0.67226,11
/results/PPAC_BACSU/run1/02_hierarchical_m_fold_sampling_2haw/sampling_round_2/02_sampling/sampling_9/group_6_unrelaxed_rank_001_alphafold2_ptm_model_1_seed_042.pdb,91.28126213592222,0.86463,0.67503,11
/results/PPAC_BACSU/run1/02_hierarchical_m_fold_sampling_2haw/sampling_round_2/02_sampling/sampling_9/group_13_unrelaxed_rank_001_alphafold2_ptm_model_1_seed_042.pdb,91.20724919093853,0.88138,0.67571,15
/results/PPAC_BACSU/run1/02_hierarchical_m_fold_sampling_2haw/sampling_round_2/02_sampling/sampling_9/group_7_unrelaxed_rank_001_alphafold2_ptm_model_1_seed_042.pdb,90.6921682847896,0.8877,0.67405,11
/results/PPAC_BACSU/run1/02_hierarchical_m_fold_sampling_2haw/sampling_round_2/02_sampling/sampling_9/group_4_unrelaxed_rank_001_alphafold2_ptm_model_1_seed_042.pdb,89.26171521035596,0.84695,0.67893,11
/results/PPAC_BACSU/run1/02_hierarchical_m_fold_sampling_2haw/sampling_round_2/02_sampling/sampling_9/group_12_unrelaxed_rank_001_alphafold2_ptm_model_1_seed_042.pdb,90.13731391585753,0.88025,0.67643,11
/results/PPAC_BACSU/run1/02_hierarchical_m_fold_sampling_2haw/sampling_round_2/02_sampling/sampling_9/group_5_unrelaxed_rank_001_alphafold2_ptm_model_1_seed_042.pdb,88.6130097087379,0.92658,0.67419,11
/results/PPAC_BACSU/run1/02_hierarchical_m_fold_sampling_2haw/sampling_round_2/02_sampling/sampling_9/group_10_unrelaxed_rank_001_alphafold2_ptm_model_1_seed_042.pdb,91.33313915857605,0.8873,0.67743,11
/results/PPAC_BACSU/run1/02_hierarchical_m_fold_sampling_2haw/sampling_round_2/02_sampling/sampling_9/group_3_unrelaxed_rank_001_alphafold2_ptm_model_1_seed_042.pdb,91.6190938511327,0.9147,0.6731,11
/results/PPAC_BACSU/run1/02_hierarchical_m_fold_sampling_2haw/sampling_round_2/02_sampling/sampling_9/group_9_unrelaxed_rank_001_alphafold2_ptm_model_1_seed_042.pdb,91.7678317152104,0.90467,0.67702,11
/results/PPAC_BACSU/run1/02_hierarchical_m_fold_sampling_2haw/sampling_round_2/02_sampling/sampling_9/group_1_unrelaxed_rank_001_alphafold2_ptm_model_1_seed_042.pdb,90.6014563106796,0.86486,0.6793,11
/results/PPAC_BACSU/run1/02_hierarchical_m_fold_sampling_2haw/sampling_round_2/02_sampling/sampling_9/group_11_unrelaxed_rank_001_alphafold2_ptm_model_1_seed_042.pdb,92.0212297734627,0.89655,0.6769,11
/results/PPAC_BACSU/run1/02_hierarchical_m_fold_sampling_2haw/sampling_round_2/02_sampling/sampling_9/group_2_unrelaxed_rank_001_alphafold2_ptm_model_1_seed_042.pdb,92.8986084142395,0.81694,0.68196,11
/results/PPAC_BACSU/run1/02_hierarchical_m_fold_sampling_2haw/sampling_round_2/02_sampling/sampling_6/group_8_unrelaxed_rank_001_alphafold2_ptm_model_1_seed_042.pdb,90.05660194174757,0.89923,0.67549,11
/results/PPAC_BACSU/run1/02_hierarchical_m_fold_sampling_2haw/sampling_round_2/02_sampling/sampling_6/group_6_unrelaxed_rank_001_alphafold2_ptm_model_1_seed_042.pdb,90.06106796116505,0.87861,0.67382,11
/results/PPAC_BACSU/run1/02_hierarchical_m_fold_sampling_2haw/sampling_round_2/02_sampling/sampling_6/group_13_unrelaxed_rank_001_alphafold2_ptm_model_1_seed_042.pdb,92.7271521035599,0.82713,0.68401,15
/results/PPAC_BACSU/run1/02_hierarchical_m_fold_sampling_2haw/sampling_round_2/02_sampling/sampling_6/group_7_unrelaxed_rank_001_alphafold2_ptm_model_1_seed_042.pdb,90.1845954692557,0.86547,0.67763,11
/results/PPAC_BACSU/run1/02_hierarchical_m_fold_sampling_2haw/sampling_round_2/02_sampling/sampling_6/group_4_unrelaxed_rank_001_alphafold2_ptm_model_1_seed_042.pdb,88.39595469255673,0.8839,0.67043,11
/results/PPAC_BACSU/run1/02_hierarchical_m_fold_sampling_2haw/sampling_round_2/02_sampling/sampling_6/group_12_unrelaxed_rank_001_alphafold2_ptm_model_1_seed_042.pdb,91.677281553398,0.8626,0.68065,11
/results/PPAC_BACSU/run1/02_hierarchical_m_fold_sampling_2haw/sampling_round_2/02_sampling/sampling_6/group_5_unrelaxed_rank_001_alphafold2_ptm_model_1_seed_042.pdb,92.27925566343036,0.89485,0.67258,11
/results/PPAC_BACSU/run1/02_hierarchical_m_fold_sampling_2haw/sampling_round_2/02_sampling/sampling_6/group_10_unrelaxed_rank_001_alphafold2_ptm_model_1_seed_042.pdb,89.3871844660194,0.95526,0.67098,11
/results/PPAC_BACSU/run1/02_hierarchical_m_fold_sampling_2haw/sampling_round_2/02_sampling/sampling_6/group_3_unrelaxed_rank_001_alphafold2_ptm_model_1_seed_042.pdb,89.80113268608412,0.91336,0.6795,11
/results/PPAC_BACSU/run1/02_hierarchical_m_fold_sampling_2haw/sampling_round_2/02_sampling/sampling_6/group_9_unrelaxed_rank_001_alphafold2_ptm_model_1_seed_042.pdb,89.48530744336566,0.82149,0.67715,11
/results/PPAC_BACSU/run1/02_hierarchical_m_fold_sampling_2haw/sampling_round_2/02_sampling/sampling_6/group_1_unrelaxed_rank_001_alphafold2_ptm_model_1_seed_042.pdb,87.5606148867314,0.85713,0.67834,11
/results/PPAC_BACSU/run1/02_hierarchical_m_fold_sampling_2haw/sampling_round_2/02_sampling/sampling_6/group_11_unrelaxed_rank_001_alphafold2_ptm_model_1_seed_042.pdb,90.63948220064725,0.88865,0.6799,11
/results/PPAC_BACSU/run1/02_hierarchical_m_fold_sampling_2haw/sampling_round_2/02_sampling/sampling_6/group_2_unrelaxed_rank_001_alphafold2_ptm_model_1_seed_042.pdb,88.01074433656957,0.87446,0.67598,11
/results/PPAC_BACSU/run1/02_hierarchical_m_fold_sampling_2haw/sampling_round_2/02_sampling/sampling_1/group_8_unrelaxed_rank_001_alphafold2_ptm_model_1_seed_042.pdb,89.32770226537217,0.86819,0.67635,11
/results/PPAC_BACSU/run1/02_hierarchical_m_fold_sampling_2haw/sampling_round_2/02_sampling/sampling_1/group_6_unrelaxed_rank_001_alphafold2_ptm_model_1_seed_042.pdb,88.58799352750809,0.89751,0.67387,11
/results/PPAC_BACSU/run1/02_hierarchical_m_fold_sampling_2haw/sampling_round_2/02_sampling/sampling_1/group_13_unrelaxed_rank_001_alphafold2_ptm_model_1_seed_042.pdb,92.16656957928795,0.82308,0.68197,15
/results/PPAC_BACSU/run1/02_hierarchical_m_fold_sampling_2haw/sampling_round_2/02_sampling/sampling_1/group_7_unrelaxed_rank_001_alphafold2_ptm_model_1_seed_042.pdb,91.16122977346282,0.72922,0.72568,11
/results/PPAC_BACSU/run1/02_hierarchical_m_fold_sampling_2haw/sampling_round_2/02_sampling/sampling_1/group_4_unrelaxed_rank_001_alphafold2_ptm_model_1_seed_042.pdb,91.55284789644008,0.88799,0.67217,11
/results/PPAC_BACSU/run1/02_hierarchical_m_fold_sampling_2haw/sampling_round_2/02_sampling/sampling_1/group_12_unrelaxed_rank_001_alphafold2_ptm_model_1_seed_042.pdb,90.62533980582528,0.90542,0.67482,11
/results/PPAC_BACSU/run1/02_hierarchical_m_fold_sampling_2haw/sampling_round_2/02_sampling/sampling_1/group_5_unrelaxed_rank_001_alphafold2_ptm_model_1_seed_042.pdb,88.2453721682848,0.88415,0.67888,11
/results/PPAC_BACSU/run1/02_hierarchical_m_fold_sampling_2haw/sampling_round_2/02_sampling/sampling_1/group_10_unrelaxed_rank_001_alphafold2_ptm_model_1_seed_042.pdb,90.79398058252431,0.88718,0.67428,11
/results/PPAC_BACSU/run1/02_hierarchical_m_fold_sampling_2haw/sampling_round_2/02_sampling/sampling_1/group_3_unrelaxed_rank_001_alphafold2_ptm_model_1_seed_042.pdb,88.467216828479,0.9193,0.66883,11
/results/PPAC_BACSU/run1/02_hierarchical_m_fold_sampling_2haw/sampling_round_2/02_sampling/sampling_1/group_9_unrelaxed_rank_001_alphafold2_ptm_model_1_seed_042.pdb,89.16333333333328,0.85736,0.67367,11
/results/PPAC_BACSU/run1/02_hierarchical_m_fold_sampling_2haw/sampling_round_2/02_sampling/sampling_1/group_1_unrelaxed_rank_001_alphafold2_ptm_model_1_seed_042.pdb,91.8049838187703,0.86433,0.67962,11
/results/PPAC_BACSU/run1/02_hierarchical_m_fold_sampling_2haw/sampling_round_2/02_sampling/sampling_1/group_11_unrelaxed_rank_001_alphafold2_ptm_model_1_seed_042.pdb,91.08941747572814,0.89538,0.67524,11
/results/PPAC_BACSU/run1/02_hierarchical_m_fold_sampling_2haw/sampling_round_2/02_sampling/sampling_1/group_2_unrelaxed_rank_001_alphafold2_ptm_model_1_seed_042.pdb,92.21423948220072,0.71558,0.75794,11
/results/PPAC_BACSU/run1/02_hierarchical_m_fold_sampling_2haw/sampling_round_2/02_sampling/sampling_5/group_8_unrelaxed_rank_001_alphafold2_ptm_model_1_seed_042.pdb,91.21996763754044,0.68125,0.84461,11
/results/PPAC_BACSU/run1/02_hierarchical_m_fold_sampling_2haw/sampling_round_2/02_sampling/sampling_5/group_6_unrelaxed_rank_001_alphafold2_ptm_model_1_seed_042.pdb,91.49977346278308,0.86231,0.67792,11
/results/PPAC_BACSU/run1/02_hierarchical_m_fold_sampling_2haw/sampling_round_2/02_sampling/sampling_5/group_13_unrelaxed_rank_001_alphafold2_ptm_model_1_seed_042.pdb,91.28902912621362,0.89164,0.6752,15
/results/PPAC_BACSU/run1/02_hierarchical_m_fold_sampling_2haw/sampling_round_2/02_sampling/sampling_5/group_7_unrelaxed_rank_001_alphafold2_ptm_model_1_seed_042.pdb,89.65058252427187,0.88474,0.67573,11
/results/PPAC_BACSU/run1/02_hierarchical_m_fold_sampling_2haw/sampling_round_2/02_sampling/sampling_5/group_4_unrelaxed_rank_001_alphafold2_ptm_model_1_seed_042.pdb,91.695210355987,0.84814,0.67865,11
/results/PPAC_BACSU/run1/02_hierarchical_m_fold_sampling_2haw/sampling_round_2/02_sampling/sampling_5/group_12_unrelaxed_rank_001_alphafold2_ptm_model_1_seed_042.pdb,90.9777022653721,0.87919,0.67912,11
/results/PPAC_BACSU/run1/02_hierarchical_m_fold_sampling_2haw/sampling_round_2/02_sampling/sampling_5/group_5_unrelaxed_rank_001_alphafold2_ptm_model_1_seed_042.pdb,91.87016181229777,0.93705,0.67259,11
/results/PPAC_BACSU/run1/02_hierarchical_m_fold_sampling_2haw/sampling_round_2/02_sampling/sampling_5/group_10_unrelaxed_rank_001_alphafold2_ptm_model_1_seed_042.pdb,90.40423948220067,0.85008,0.68176,11
/results/PPAC_BACSU/run1/02_hierarchical_m_fold_sampling_2haw/sampling_round_2/02_sampling/sampling_5/group_3_unrelaxed_rank_001_alphafold2_ptm_model_1_seed_042.pdb,89.25663430420708,0.88359,0.67062,11
/results/PPAC_BACSU/run1/02_hierarchical_m_fold_sampling_2haw/sampling_round_2/02_sampling/sampling_5/group_9_unrelaxed_rank_001_alphafold2_ptm_model_1_seed_042.pdb,90.10964401294495,0.90609,0.66995,11
/results/PPAC_BACSU/run1/02_hierarchical_m_fold_sampling_2haw/sampling_round_2/02_sampling/sampling_5/group_1_unrelaxed_rank_001_alphafold2_ptm_model_1_seed_042.pdb,91.90576051779942,0.91438,0.672,11
/results/PPAC_BACSU/run1/02_hierarchical_m_fold_sampling_2haw/sampling_round_2/02_sampling/sampling_5/group_11_unrelaxed_rank_001_alphafold2_ptm_model_1_seed_042.pdb,88.95909385113272,0.82653,0.67894,11
/results/PPAC_BACSU/run1/02_hierarchical_m_fold_sampling_2haw/sampling_round_2/02_sampling/sampling_5/group_2_unrelaxed_rank_001_alphafold2_ptm_model_1_seed_042.pdb,88.09653721682854,0.79051,0.68771,11
/results/PPAC_BACSU/run1/02_hierarchical_m_fold_sampling_2haw/sampling_round_2/02_sampling/sampling_8/group_8_unrelaxed_rank_001_alphafold2_ptm_model_1_seed_042.pdb,90.4563754045307,0.89046,0.67613,11
/results/PPAC_BACSU/run1/02_hierarchical_m_fold_sampling_2haw/sampling_round_2/02_sampling/sampling_8/group_6_unrelaxed_rank_001_alphafold2_ptm_model_1_seed_042.pdb,90.79631067961164,0.8713,0.6766,11
/results/PPAC_BACSU/run1/02_hierarchical_m_fold_sampling_2haw/sampling_round_2/02_sampling/sampling_8/group_13_unrelaxed_rank_001_alphafold2_ptm_model_1_seed_042.pdb,91.08754045307442,0.89274,0.67621,15
/results/PPAC_BACSU/run1/02_hierarchical_m_fold_sampling_2haw/sampling_round_2/02_sampling/sampling_8/group_7_unrelaxed_rank_001_alphafold2_ptm_model_1_seed_042.pdb,89.93611650485441,0.80196,0.68392,11
/results/PPAC_BACSU/run1/02_hierarchical_m_fold_sampling_2haw/sampling_round_2/02_sampling/sampling_8/group_4_unrelaxed_rank_001_alphafold2_ptm_model_1_seed_042.pdb,91.55695792880259,0.79506,0.68335,11
/results/PPAC_BACSU/run1/02_hierarchical_m_fold_sampling_2haw/sampling_round_2/02_sampling/sampling_8/group_12_unrelaxed_rank_001_alphafold2_ptm_model_1_seed_042.pdb,91.36517799352748,0.91175,0.67317,11
/results/PPAC_BACSU/run1/02_hierarchical_m_fold_sampling_2haw/sampling_round_2/02_sampling/sampling_8/group_5_unrelaxed_rank_001_alphafold2_ptm_model_1_seed_042.pdb,90.75692556634299,0.87812,0.67506,11
/results/PPAC_BACSU/run1/02_hierarchical_m_fold_sampling_2haw/sampling_round_2/02_sampling/sampling_8/group_10_unrelaxed_rank_001_alphafold2_ptm_model_1_seed_042.pdb,90.27796116504852,0.88758,0.67513,11
/results/PPAC_BACSU/run1/02_hierarchical_m_fold_sampling_2haw/sampling_round_2/02_sampling/sampling_8/group_3_unrelaxed_rank_001_alphafold2_ptm_model_1_seed_042.pdb,89.01556634304215,0.89768,0.67468,11
/results/PPAC_BACSU/run1/02_hierarchical_m_fold_sampling_2haw/sampling_round_2/02_sampling/sampling_8/group_9_unrelaxed_rank_001_alphafold2_ptm_model_1_seed_042.pdb,90.41375404530741,0.69346,0.79182,11
/results/PPAC_BACSU/run1/02_hierarchical_m_fold_sampling_2haw/sampling_round_2/02_sampling/sampling_8/group_1_unrelaxed_rank_001_alphafold2_ptm_model_1_seed_042.pdb,89.8781229773463,0.82538,0.68203,11
/results/PPAC_BACSU/run1/02_hierarchical_m_fold_sampling_2haw/sampling_round_2/02_sampling/sampling_8/group_11_unrelaxed_rank_001_alphafold2_ptm_model_1_seed_042.pdb,90.72025889967642,0.89868,0.67617,11
/results/PPAC_BACSU/run1/02_hierarchical_m_fold_sampling_2haw/sampling_round_2/02_sampling/sampling_8/group_2_unrelaxed_rank_001_alphafold2_ptm_model_1_seed_042.pdb,90.81783171521037,0.88091,0.67316,11
/results/PPAC_BACSU/run1/02_hierarchical_m_fold_sampling_2haw/sampling_round_2/02_sampling/sampling_7/group_8_unrelaxed_rank_001_alphafold2_ptm_model_1_seed_042.pdb,89.7756634304207,0.83652,0.67897,11
/results/PPAC_BACSU/run1/02_hierarchical_m_fold_sampling_2haw/sampling_round_2/02_sampling/sampling_7/group_6_unrelaxed_rank_001_alphafold2_ptm_model_1_seed_042.pdb,91.8857928802589,0.87629,0.67763,11
/results/PPAC_BACSU/run1/02_hierarchical_m_fold_sampling_2haw/sampling_round_2/02_sampling/sampling_7/group_13_unrelaxed_rank_001_alphafold2_ptm_model_1_seed_042.pdb,91.26139158576048,0.89809,0.67418,15
/results/PPAC_BACSU/run1/02_hierarchical_m_fold_sampling_2haw/sampling_round_2/02_sampling/sampling_7/group_7_unrelaxed_rank_001_alphafold2_ptm_model_1_seed_042.pdb,89.36006472491907,0.88047,0.67634,11
/results/PPAC_BACSU/run1/02_hierarchical_m_fold_sampling_2haw/sampling_round_2/02_sampling/sampling_7/group_4_unrelaxed_rank_001_alphafold2_ptm_model_1_seed_042.pdb,91.06517799352746,0.9156,0.67437,11
/results/PPAC_BACSU/run1/02_hierarchical_m_fold_sampling_2haw/sampling_round_2/02_sampling/sampling_7/group_12_unrelaxed_rank_001_alphafold2_ptm_model_1_seed_042.pdb,90.77462783171522,0.89773,0.67198,11
/results/PPAC_BACSU/run1/02_hierarchical_m_fold_sampling_2haw/sampling_round_2/02_sampling/sampling_7/group_5_unrelaxed_rank_001_alphafold2_ptm_model_1_seed_042.pdb,89.22928802588996,0.6969,0.78378,11
/results/PPAC_BACSU/run1/02_hierarchical_m_fold_sampling_2haw/sampling_round_2/02_sampling/sampling_7/group_10_unrelaxed_rank_001_alphafold2_ptm_model_1_seed_042.pdb,88.94067961165048,0.91754,0.67528,11
/results/PPAC_BACSU/run1/02_hierarchical_m_fold_sampling_2haw/sampling_round_2/02_sampling/sampling_7/group_3_unrelaxed_rank_001_alphafold2_ptm_model_1_seed_042.pdb,90.434789644013,0.87478,0.67744,11
/results/PPAC_BACSU/run1/02_hierarchical_m_fold_sampling_2haw/sampling_round_2/02_sampling/sampling_7/group_9_unrelaxed_rank_001_alphafold2_ptm_model_1_seed_042.pdb,89.67407766990297,0.85196,0.67719,11
/results/PPAC_BACSU/run1/02_hierarchical_m_fold_sampling_2haw/sampling_round_2/02_sampling/sampling_7/group_1_unrelaxed_rank_001_alphafold2_ptm_model_1_seed_042.pdb,90.77886731391588,0.91204,0.67773,11
/results/PPAC_BACSU/run1/02_hierarchical_m_fold_sampling_2haw/sampling_round_2/02_sampling/sampling_7/group_11_unrelaxed_rank_001_alphafold2_ptm_model_1_seed_042.pdb,90.76637540453072,0.8332,0.68224,11
/results/PPAC_BACSU/run1/02_hierarchical_m_fold_sampling_2haw/sampling_round_2/02_sampling/sampling_7/group_2_unrelaxed_rank_001_alphafold2_ptm_model_1_seed_042.pdb,91.18119741100331,0.90519,0.67027,11
/results/PPAC_BACSU/run1/02_hierarchical_m_fold_sampling_2haw/sampling_round_2/02_sampling/sampling_2/group_8_unrelaxed_rank_001_alphafold2_ptm_model_1_seed_042.pdb,89.28122977346275,0.90075,0.67227,11
/results/PPAC_BACSU/run1/02_hierarchical_m_fold_sampling_2haw/sampling_round_2/02_sampling/sampling_2/group_6_unrelaxed_rank_001_alphafold2_ptm_model_1_seed_042.pdb,90.3897734627832,0.88258,0.67591,11
/results/PPAC_BACSU/run1/02_hierarchical_m_fold_sampling_2haw/sampling_round_2/02_sampling/sampling_2/group_13_unrelaxed_rank_001_alphafold2_ptm_model_1_seed_042.pdb,90.45080906148867,0.87791,0.66901,15
/results/PPAC_BACSU/run1/02_hierarchical_m_fold_sampling_2haw/sampling_round_2/02_sampling/sampling_2/group_7_unrelaxed_rank_001_alphafold2_ptm_model_1_seed_042.pdb,91.72935275080906,0.89,0.67793,11
/results/PPAC_BACSU/run1/02_hierarchical_m_fold_sampling_2haw/sampling_round_2/02_sampling/sampling_2/group_4_unrelaxed_rank_001_alphafold2_ptm_model_1_seed_042.pdb,89.94077669902907,0.88642,0.66767,11
/results/PPAC_BACSU/run1/02_hierarchical_m_fold_sampling_2haw/sampling_round_2/02_sampling/sampling_2/group_12_unrelaxed_rank_001_alphafold2_ptm_model_1_seed_042.pdb,90.426213592233,0.88053,0.6776,11
/results/PPAC_BACSU/run1/02_hierarchical_m_fold_sampling_2haw/sampling_round_2/02_sampling/sampling_2/group_5_unrelaxed_rank_001_alphafold2_ptm_model_1_seed_042.pdb,91.04941747572819,0.90389,0.67484,11
/results/PPAC_BACSU/run1/02_hierarchical_m_fold_sampling_2haw/sampling_round_2/02_sampling/sampling_2/group_10_unrelaxed_rank_001_alphafold2_ptm_model_1_seed_042.pdb,91.80618122977346,0.87752,0.67311,11
/results/PPAC_BACSU/run1/02_hierarchical_m_fold_sampling_2haw/sampling_round_2/02_sampling/sampling_2/group_3_unrelaxed_rank_001_alphafold2_ptm_model_1_seed_042.pdb,88.93527508090614,0.84174,0.67997,11
/results/PPAC_BACSU/run1/02_hierarchical_m_fold_sampling_2haw/sampling_round_2/02_sampling/sampling_2/group_9_unrelaxed_rank_001_alphafold2_ptm_model_1_seed_042.pdb,91.36854368932033,0.88431,0.67594,11
/results/PPAC_BACSU/run1/02_hierarchical_m_fold_sampling_2haw/sampling_round_2/02_sampling/sampling_2/group_1_unrelaxed_rank_001_alphafold2_ptm_model_1_seed_042.pdb,90.5438187702266,0.86742,0.67592,11
/results/PPAC_BACSU/run1/02_hierarchical_m_fold_sampling_2haw/sampling_round_2/02_sampling/sampling_2/group_11_unrelaxed_rank_001_alphafold2_ptm_model_1_seed_042.pdb,88.37889967637535,0.90574,0.63923,11
/results/PPAC_BACSU/run1/02_hierarchical_m_fold_sampling_2haw/sampling_round_2/02_sampling/sampling_2/group_2_unrelaxed_rank_001_alphafold2_ptm_model_1_seed_042.pdb,89.21967637540442,0.65025,0.89303,11
/results/PPAC_BACSU/run1/02_hierarchical_m_fold_sampling_2haw/sampling_round_2/02_sampling/sampling_11/group_8_unrelaxed_rank_001_alphafold2_ptm_model_1_seed_042.pdb,89.5013915857605,0.89534,0.67581,11
/results/PPAC_BACSU/run1/02_hierarchical_m_fold_sampling_2haw/sampling_round_2/02_sampling/sampling_11/group_6_unrelaxed_rank_001_alphafold2_ptm_model_1_seed_042.pdb,91.80440129449839,0.9228,0.67727,11
/results/PPAC_BACSU/run1/02_hierarchical_m_fold_sampling_2haw/sampling_round_2/02_sampling/sampling_11/group_13_unrelaxed_rank_001_alphafold2_ptm_model_1_seed_042.pdb,91.10938511326866,0.89303,0.67624,15
/results/PPAC_BACSU/run1/02_hierarchical_m_fold_sampling_2haw/sampling_round_2/02_sampling/sampling_11/group_7_unrelaxed_rank_001_alphafold2_ptm_model_1_seed_042.pdb,89.11456310679613,0.88171,0.67079,11
/results/PPAC_BACSU/run1/02_hierarchical_m_fold_sampling_2haw/sampling_round_2/02_sampling/sampling_11/group_4_unrelaxed_rank_001_alphafold2_ptm_model_1_seed_042.pdb,88.58009708737862,0.83664,0.68258,11
/results/PPAC_BACSU/run1/02_hierarchical_m_fold_sampling_2haw/sampling_round_2/02_sampling/sampling_11/group_12_unrelaxed_rank_001_alphafold2_ptm_model_1_seed_042.pdb,91.31582524271847,0.84731,0.67901,11
/results/PPAC_BACSU/run1/02_hierarchical_m_fold_sampling_2haw/sampling_round_2/02_sampling/sampling_11/group_5_unrelaxed_rank_001_alphafold2_ptm_model_1_seed_042.pdb,91.45964401294496,0.84894,0.67958,11
/results/PPAC_BACSU/run1/02_hierarchical_m_fold_sampling_2haw/sampling_round_2/02_sampling/sampling_11/group_10_unrelaxed_rank_001_alphafold2_ptm_model_1_seed_042.pdb,89.26750809061481,0.72087,0.73861,11
/results/PPAC_BACSU/run1/02_hierarchical_m_fold_sampling_2haw/sampling_round_2/02_sampling/sampling_11/group_3_unrelaxed_rank_001_alphafold2_ptm_model_1_seed_042.pdb,90.20326860841423,0.8763,0.67752,11
/results/PPAC_BACSU/run1/02_hierarchical_m_fold_sampling_2haw/sampling_round_2/02_sampling/sampling_11/group_9_unrelaxed_rank_001_alphafold2_ptm_model_1_seed_042.pdb,91.49055016181227,0.68179,0.85673,11
/results/PPAC_BACSU/run1/02_hierarchical_m_fold_sampling_2haw/sampling_round_2/02_sampling/sampling_11/group_1_unrelaxed_rank_001_alphafold2_ptm_model_1_seed_042.pdb,91.76223300970875,0.86634,0.67759,11
/results/PPAC_BACSU/run1/02_hierarchical_m_fold_sampling_2haw/sampling_round_2/02_sampling/sampling_11/group_11_unrelaxed_rank_001_alphafold2_ptm_model_1_seed_042.pdb,89.55634304207118,0.88164,0.67374,11
/results/PPAC_BACSU/run1/02_hierarchical_m_fold_sampling_2haw/sampling_round_2/02_sampling/sampling_11/group_2_unrelaxed_rank_001_alphafold2_ptm_model_1_seed_042.pdb,89.52695792880262,0.84719,0.6792,11
/results/PPAC_BACSU/run1/02_hierarchical_m_fold_sampling_2haw/sampling_round_2/02_sampling/sampling_13/group_8_unrelaxed_rank_001_alphafold2_ptm_model_1_seed_042.pdb,90.14307443365695,0.87246,0.67697,11
/results/PPAC_BACSU/run1/02_hierarchical_m_fold_sampling_2haw/sampling_round_2/02_sampling/sampling_13/group_6_unrelaxed_rank_001_alphafold2_ptm_model_1_seed_042.pdb,90.44339805825247,0.89537,0.67449,11
/results/PPAC_BACSU/run1/02_hierarchical_m_fold_sampling_2haw/sampling_round_2/02_sampling/sampling_13/group_13_unrelaxed_rank_001_alphafold2_ptm_model_1_seed_042.pdb,90.96553398058256,0.88096,0.67579,12
/results/PPAC_BACSU/run1/02_hierarchical_m_fold_sampling_2haw/sampling_round_2/02_sampling/sampling_13/group_7_unrelaxed_rank_001_alphafold2_ptm_model_1_seed_042.pdb,88.26126213592225,0.90423,0.66384,11
/results/PPAC_BACSU/run1/02_hierarchical_m_fold_sampling_2haw/sampling_round_2/02_sampling/sampling_13/group_4_unrelaxed_rank_001_alphafold2_ptm_model_1_seed_042.pdb,89.5866990291262,0.91183,0.67223,11
/results/PPAC_BACSU/run1/02_hierarchical_m_fold_sampling_2haw/sampling_round_2/02_sampling/sampling_13/group_12_unrelaxed_rank_001_alphafold2_ptm_model_1_seed_042.pdb,91.50194174757279,0.89891,0.67774,11
/results/PPAC_BACSU/run1/02_hierarchical_m_fold_sampling_2haw/sampling_round_2/02_sampling/sampling_13/group_5_unrelaxed_rank_001_alphafold2_ptm_model_1_seed_042.pdb,90.02708737864079,0.7993,0.68169,11
/results/PPAC_BACSU/run1/02_hierarchical_m_fold_sampling_2haw/sampling_round_2/02_sampling/sampling_13/group_10_unrelaxed_rank_001_alphafold2_ptm_model_1_seed_042.pdb,91.30478964401293,0.89608,0.67501,11
/results/PPAC_BACSU/run1/02_hierarchical_m_fold_sampling_2haw/sampling_round_2/02_sampling/sampling_13/group_3_unrelaxed_rank_001_alphafold2_ptm_model_1_seed_042.pdb,91.62404530744337,0.86866,0.67882,11
/results/PPAC_BACSU/run1/02_hierarchical_m_fold_sampling_2haw/sampling_round_2/02_sampling/sampling_13/group_9_unrelaxed_rank_001_alphafold2_ptm_model_1_seed_042.pdb,90.03944983818769,0.838,0.68059,11
/results/PPAC_BACSU/run1/02_hierarchical_m_fold_sampling_2haw/sampling_round_2/02_sampling/sampling_13/group_1_unrelaxed_rank_001_alphafold2_ptm_model_1_seed_042.pdb,91.02579288025892,0.90687,0.67578,11
/results/PPAC_BACSU/run1/02_hierarchical_m_fold_sampling_2haw/sampling_round_2/02_sampling/sampling_13/group_11_unrelaxed_rank_001_alphafold2_ptm_model_1_seed_042.pdb,90.36983818770233,0.89187,0.67527,11
/results/PPAC_BACSU/run1/02_hierarchical_m_fold_sampling_2haw/sampling_round_2/02_sampling/sampling_13/group_2_unrelaxed_rank_001_alphafold2_ptm_model_1_seed_042.pdb,89.42880258899677,0.88385,0.67233,11
/results/PPAC_BACSU/run1/02_hierarchical_m_fold_sampling_2haw/sampling_round_2/02_sampling/sampling_4/group_8_unrelaxed_rank_001_alphafold2_ptm_model_1_seed_042.pdb,91.48792880258898,0.90669,0.67659,11
/results/PPAC_BACSU/run1/02_hierarchical_m_fold_sampling_2haw/sampling_round_2/02_sampling/sampling_4/group_6_unrelaxed_rank_001_alphafold2_ptm_model_1_seed_042.pdb,89.86588996763753,0.8629,0.67582,11
/results/PPAC_BACSU/run1/02_hierarchical_m_fold_sampling_2haw/sampling_round_2/02_sampling/sampling_4/group_13_unrelaxed_rank_001_alphafold2_ptm_model_1_seed_042.pdb,91.24841423948227,0.85157,0.6773,15
/results/PPAC_BACSU/run1/02_hierarchical_m_fold_sampling_2haw/sampling_round_2/02_sampling/sampling_4/group_7_unrelaxed_rank_001_alphafold2_ptm_model_1_seed_042.pdb,91.14207119741106,0.88766,0.6767,11
/results/PPAC_BACSU/run1/02_hierarchical_m_fold_sampling_2haw/sampling_round_2/02_sampling/sampling_4/group_4_unrelaxed_rank_001_alphafold2_ptm_model_1_seed_042.pdb,91.45139158576059,0.92128,0.67201,11
/results/PPAC_BACSU/run1/02_hierarchical_m_fold_sampling_2haw/sampling_round_2/02_sampling/sampling_4/group_12_unrelaxed_rank_001_alphafold2_ptm_model_1_seed_042.pdb,91.8543689320388,0.88281,0.67723,11
/results/PPAC_BACSU/run1/02_hierarchical_m_fold_sampling_2haw/sampling_round_2/02_sampling/sampling_4/group_5_unrelaxed_rank_001_alphafold2_ptm_model_1_seed_042.pdb,91.15582524271842,0.915,0.67089,11
/results/PPAC_BACSU/run1/02_hierarchical_m_fold_sampling_2haw/sampling_round_2/02_sampling/sampling_4/group_10_unrelaxed_rank_001_alphafold2_ptm_model_1_seed_042.pdb,87.57197411003237,0.827,0.67614,11
/results/PPAC_BACSU/run1/02_hierarchical_m_fold_sampling_2haw/sampling_round_2/02_sampling/sampling_4/group_3_unrelaxed_rank_001_alphafold2_ptm_model_1_seed_042.pdb,91.39255663430419,0.87793,0.67818,11
/results/PPAC_BACSU/run1/02_hierarchical_m_fold_sampling_2haw/sampling_round_2/02_sampling/sampling_4/group_9_unrelaxed_rank_001_alphafold2_ptm_model_1_seed_042.pdb,90.27650485436895,0.88308,0.67251,11
/results/PPAC_BACSU/run1/02_hierarchical_m_fold_sampling_2haw/sampling_round_2/02_sampling/sampling_4/group_1_unrelaxed_rank_001_alphafold2_ptm_model_1_seed_042.pdb,89.90757281553397,0.89671,0.6699,11
/results/PPAC_BACSU/run1/02_hierarchical_m_fold_sampling_2haw/sampling_round_2/02_sampling/sampling_4/group_11_unrelaxed_rank_001_alphafold2_ptm_model_1_seed_042.pdb,91.34388349514552,0.87311,0.67763,11
/results/PPAC_BACSU/run1/02_hierarchical_m_fold_sampling_2haw/sampling_round_2/02_sampling/sampling_4/group_2_unrelaxed_rank_001_alphafold2_ptm_model_1_seed_042.pdb,91.26132686084144,0.87136,0.67499,11
/results/PPAC_BACSU/run1/02_hierarchical_m_fold_sampling_2haw/sampling_round_2/02_sampling/sampling_12/group_8_unrelaxed_rank_001_alphafold2_ptm_model_1_seed_042.pdb,88.4001618122978,0.89574,0.67239,11
/results/PPAC_BACSU/run1/02_hierarchical_m_fold_sampling_2haw/sampling_round_2/02_sampling/sampling_12/group_6_unrelaxed_rank_001_alphafold2_ptm_model_1_seed_042.pdb,91.20640776699031,0.68184,0.85526,11
/results/PPAC_BACSU/run1/02_hierarchical_m_fold_sampling_2haw/sampling_round_2/02_sampling/sampling_12/group_13_unrelaxed_rank_001_alphafold2_ptm_model_1_seed_042.pdb,90.39948220064723,0.88002,0.67593,15
/results/PPAC_BACSU/run1/02_hierarchical_m_fold_sampling_2haw/sampling_round_2/02_sampling/sampling_12/group_7_unrelaxed_rank_001_alphafold2_ptm_model_1_seed_042.pdb,90.78174757281553,0.88792,0.67521,11
/results/PPAC_BACSU/run1/02_hierarchical_m_fold_sampling_2haw/sampling_round_2/02_sampling/sampling_12/group_4_unrelaxed_rank_001_alphafold2_ptm_model_1_seed_042.pdb,90.95640776699031,0.90938,0.67299,11
/results/PPAC_BACSU/run1/02_hierarchical_m_fold_sampling_2haw/sampling_round_2/02_sampling/sampling_12/group_12_unrelaxed_rank_001_alphafold2_ptm_model_1_seed_042.pdb,90.13601941747571,0.89867,0.67553,11
/results/PPAC_BACSU/run1/02_hierarchical_m_fold_sampling_2haw/sampling_round_2/02_sampling/sampling_12/group_5_unrelaxed_rank_001_alphafold2_ptm_model_1_seed_042.pdb,88.59320388349516,0.71563,0.73416,11
/results/PPAC_BACSU/run1/02_hierarchical_m_fold_sampling_2haw/sampling_round_2/02_sampling/sampling_12/group_10_unrelaxed_rank_001_alphafold2_ptm_model_1_seed_042.pdb,90.85022653721678,0.69777,0.7765,11
/results/PPAC_BACSU/run1/02_hierarchical_m_fold_sampling_2haw/sampling_round_2/02_sampling/sampling_12/group_3_unrelaxed_rank_001_alphafold2_ptm_model_1_seed_042.pdb,91.05404530744345,0.9064,0.67205,11
/results/PPAC_BACSU/run1/02_hierarchical_m_fold_sampling_2haw/sampling_round_2/02_sampling/sampling_12/group_9_unrelaxed_rank_001_alphafold2_ptm_model_1_seed_042.pdb,90.47912621359222,0.67782,0.88559,11
/results/PPAC_BACSU/run1/02_hierarchical_m_fold_sampling_2haw/sampling_round_2/02_sampling/sampling_12/group_1_unrelaxed_rank_001_alphafold2_ptm_model_1_seed_042.pdb,90.87067961165053,0.86037,0.67937,11
/results/PPAC_BACSU/run1/02_hierarchical_m_fold_sampling_2haw/sampling_round_2/02_sampling/sampling_12/group_11_unrelaxed_rank_001_alphafold2_ptm_model_1_seed_042.pdb,88.95349514563114,0.78357,0.68511,11
/results/PPAC_BACSU/run1/02_hierarchical_m_fold_sampling_2haw/sampling_round_2/02_sampling/sampling_12/group_2_unrelaxed_rank_001_alphafold2_ptm_model_1_seed_042.pdb,89.93582524271842,0.8483,0.68157,11
/results/PPAC_BACSU/run1/02_hierarchical_m_fold_sampling_2haw/sampling_round_2/02_sampling/sampling_3/group_8_unrelaxed_rank_001_alphafold2_ptm_model_1_seed_042.pdb,90.39915857605178,0.71346,0.75111,11
/results/PPAC_BACSU/run1/02_hierarchical_m_fold_sampling_2haw/sampling_round_2/02_sampling/sampling_3/group_6_unrelaxed_rank_001_alphafold2_ptm_model_1_seed_042.pdb,91.75443365695794,0.87562,0.68082,11
/results/PPAC_BACSU/run1/02_hierarchical_m_fold_sampling_2haw/sampling_round_2/02_sampling/sampling_3/group_13_unrelaxed_rank_001_alphafold2_ptm_model_1_seed_042.pdb,91.38763754045307,0.76467,0.70819,15
/results/PPAC_BACSU/run1/02_hierarchical_m_fold_sampling_2haw/sampling_round_2/02_sampling/sampling_3/group_7_unrelaxed_rank_001_alphafold2_ptm_model_1_seed_042.pdb,91.59355987055014,0.76231,0.70282,11
/results/PPAC_BACSU/run1/02_hierarchical_m_fold_sampling_2haw/sampling_round_2/02_sampling/sampling_3/group_4_unrelaxed_rank_001_alphafold2_ptm_model_1_seed_042.pdb,90.7748543689321,0.89031,0.67586,11
/results/PPAC_BACSU/run1/02_hierarchical_m_fold_sampling_2haw/sampling_round_2/02_sampling/sampling_3/group_12_unrelaxed_rank_001_alphafold2_ptm_model_1_seed_042.pdb,92.6723624595469,0.69539,0.82638,11
/results/PPAC_BACSU/run1/02_hierarchical_m_fold_sampling_2haw/sampling_round_2/02_sampling/sampling_3/group_5_unrelaxed_rank_001_alphafold2_ptm_model_1_seed_042.pdb,90.14754045307441,0.8901,0.67591,11
/results/PPAC_BACSU/run1/02_hierarchical_m_fold_sampling_2haw/sampling_round_2/02_sampling/sampling_3/group_10_unrelaxed_rank_001_alphafold2_ptm_model_1_seed_042.pdb,90.50498381877026,0.87647,0.67781,11
/results/PPAC_BACSU/run1/02_hierarchical_m_fold_sampling_2haw/sampling_round_2/02_sampling/sampling_3/group_3_unrelaxed_rank_001_alphafold2_ptm_model_1_seed_042.pdb,89.64857605177994,0.87296,0.67442,11
/results/PPAC_BACSU/run1/02_hierarchical_m_fold_sampling_2haw/sampling_round_2/02_sampling/sampling_3/group_9_unrelaxed_rank_001_alphafold2_ptm_model_1_seed_042.pdb,91.65679611650485,0.88995,0.67566,11
/results/PPAC_BACSU/run1/02_hierarchical_m_fold_sampling_2haw/sampling_round_2/02_sampling/sampling_3/group_1_unrelaxed_rank_001_alphafold2_ptm_model_1_seed_042.pdb,90.92514563106803,0.88288,0.677,11
/results/PPAC_BACSU/run1/02_hierarchical_m_fold_sampling_2haw/sampling_round_2/02_sampling/sampling_3/group_11_unrelaxed_rank_001_alphafold2_ptm_model_1_seed_042.pdb,91.14297734627843,0.90743,0.67209,11
/results/PPAC_BACSU/run1/02_hierarchical_m_fold_sampling_2haw/sampling_round_2/02_sampling/sampling_3/group_2_unrelaxed_rank_001_alphafold2_ptm_model_1_seed_042.pdb,91.54912621359227,0.8833,0.67367,11
/results/PPAC_BACSU/run1/02_hierarchical_m_fold_sampling_2haw/sampling_round_2/02_sampling/sampling_14/group_8_unrelaxed_rank_001_alphafold2_ptm_model_1_seed_042.pdb,89.5776699029126,0.90452,0.67246,11
/results/PPAC_BACSU/run1/02_hierarchical_m_fold_sampling_2haw/sampling_round_2/02_sampling/sampling_14/group_6_unrelaxed_rank_001_alphafold2_ptm_model_1_seed_042.pdb,90.75087378640775,0.90669,0.67194,11
/results/PPAC_BACSU/run1/02_hierarchical_m_fold_sampling_2haw/sampling_round_2/02_sampling/sampling_14/group_13_unrelaxed_rank_001_alphafold2_ptm_model_1_seed_042.pdb,91.06326860841435,0.76787,0.69759,15
/results/PPAC_BACSU/run1/02_hierarchical_m_fold_sampling_2haw/sampling_round_2/02_sampling/sampling_14/group_7_unrelaxed_rank_001_alphafold2_ptm_model_1_seed_042.pdb,89.11964401294505,0.89426,0.67654,11
/results/PPAC_BACSU/run1/02_hierarchical_m_fold_sampling_2haw/sampling_round_2/02_sampling/sampling_14/group_4_unrelaxed_rank_001_alphafold2_ptm_model_1_seed_042.pdb,89.96760517799356,0.8589,0.67847,11
/results/PPAC_BACSU/run1/02_hierarchical_m_fold_sampling_2haw/sampling_round_2/02_sampling/sampling_14/group_12_unrelaxed_rank_001_alphafold2_ptm_model_1_seed_042.pdb,90.49566343042068,0.90004,0.67172,11
/results/PPAC_BACSU/run1/02_hierarchical_m_fold_sampling_2haw/sampling_round_2/02_sampling/sampling_14/group_5_unrelaxed_rank_001_alphafold2_ptm_model_1_seed_042.pdb,91.0099676375404,0.93063,0.67389,11
/results/PPAC_BACSU/run1/02_hierarchical_m_fold_sampling_2haw/sampling_round_2/02_sampling/sampling_14/group_10_unrelaxed_rank_001_alphafold2_ptm_model_1_seed_042.pdb,89.72954692556631,0.89598,0.67424,11
/results/PPAC_BACSU/run1/02_hierarchical_m_fold_sampling_2haw/sampling_round_2/02_sampling/sampling_14/group_3_unrelaxed_rank_001_alphafold2_ptm_model_1_seed_042.pdb,89.24831715210351,0.86032,0.67454,11
/results/PPAC_BACSU/run1/02_hierarchical_m_fold_sampling_2haw/sampling_round_2/02_sampling/sampling_14/group_9_unrelaxed_rank_001_alphafold2_ptm_model_1_seed_042.pdb,89.19521035598703,0.88757,0.67409,11
/results/PPAC_BACSU/run1/02_hierarchical_m_fold_sampling_2haw/sampling_round_2/02_sampling/sampling_14/group_1_unrelaxed_rank_001_alphafold2_ptm_model_1_seed_042.pdb,92.2102588996763,0.73543,0.71299,11
/results/PPAC_BACSU/run1/02_hierarchical_m_fold_sampling_2haw/sampling_round_2/02_sampling/sampling_14/group_11_unrelaxed_rank_001_alphafold2_ptm_model_1_seed_042.pdb,91.10776699029132,0.84146,0.67992,11
/results/PPAC_BACSU/run1/02_hierarchical_m_fold_sampling_2haw/sampling_round_2/02_sampling/sampling_14/group_2_unrelaxed_rank_001_alphafold2_ptm_model_1_seed_042.pdb,91.42291262135923,0.88689,0.67612,11
/results/PPAC_BACSU/run1/02_hierarchical_m_fold_sampling_2haw/sampling_round_12/02_sampling/sampling_10/group_8_unrelaxed_rank_001_alphafold2_ptm_model_1_seed_042.pdb,90.69763754045294,0.88629,0.67447,11
/results/PPAC_BACSU/run1/02_hierarchical_m_fold_sampling_2haw/sampling_round_12/02_sampling/sampling_10/group_6_unrelaxed_rank_001_alphafold2_ptm_model_1_seed_042.pdb,88.34524271844666,0.85577,0.67767,11
/results/PPAC_BACSU/run1/02_hierarchical_m_fold_sampling_2haw/sampling_round_12/02_sampling/sampling_10/group_13_unrelaxed_rank_001_alphafold2_ptm_model_1_seed_042.pdb,91.31116504854371,0.85632,0.67996,15
/results/PPAC_BACSU/run1/02_hierarchical_m_fold_sampling_2haw/sampling_round_12/02_sampling/sampling_10/group_7_unrelaxed_rank_001_alphafold2_ptm_model_1_seed_042.pdb,87.90605177993524,0.8779,0.65981,11
/results/PPAC_BACSU/run1/02_hierarchical_m_fold_sampling_2haw/sampling_round_12/02_sampling/sampling_10/group_4_unrelaxed_rank_001_alphafold2_ptm_model_1_seed_042.pdb,91.0296763754045,0.89258,0.67469,11
/results/PPAC_BACSU/run1/02_hierarchical_m_fold_sampling_2haw/sampling_round_12/02_sampling/sampling_10/group_12_unrelaxed_rank_001_alphafold2_ptm_model_1_seed_042.pdb,90.88491909385118,0.85116,0.6781,11
/results/PPAC_BACSU/run1/02_hierarchical_m_fold_sampling_2haw/sampling_round_12/02_sampling/sampling_10/group_5_unrelaxed_rank_001_alphafold2_ptm_model_1_seed_042.pdb,91.6678640776699,0.89626,0.67793,11
/results/PPAC_BACSU/run1/02_hierarchical_m_fold_sampling_2haw/sampling_round_12/02_sampling/sampling_10/group_10_unrelaxed_rank_001_alphafold2_ptm_model_1_seed_042.pdb,91.43417475728153,0.87781,0.67375,11
/results/PPAC_BACSU/run1/02_hierarchical_m_fold_sampling_2haw/sampling_round_12/02_sampling/sampling_10/group_3_unrelaxed_rank_001_alphafold2_ptm_model_1_seed_042.pdb,91.4935922330097,0.88335,0.67506,11
/results/PPAC_BACSU/run1/02_hierarchical_m_fold_sampling_2haw/sampling_round_12/02_sampling/sampling_10/group_9_unrelaxed_rank_001_alphafold2_ptm_model_1_seed_042.pdb,89.91482200647246,0.90515,0.67434,11
/results/PPAC_BACSU/run1/02_hierarchical_m_fold_sampling_2haw/sampling_round_12/02_sampling/sampling_10/group_1_unrelaxed_rank_001_alphafold2_ptm_model_1_seed_042.pdb,90.79644012944985,0.88508,0.67571,11
/results/PPAC_BACSU/run1/02_hierarchical_m_fold_sampling_2haw/sampling_round_12/02_sampling/sampling_10/group_11_unrelaxed_rank_001_alphafold2_ptm_model_1_seed_042.pdb,91.32427184466022,0.69444,0.78671,11
/results/PPAC_BACSU/run1/02_hierarchical_m_fold_sampling_2haw/sampling_round_12/02_sampling/sampling_10/group_2_unrelaxed_rank_001_alphafold2_ptm_model_1_seed_042.pdb,91.1431391585761,0.84727,0.6771,11
/results/PPAC_BACSU/run1/02_hierarchical_m_fold_sampling_2haw/sampling_round_12/02_sampling/sampling_9/group_8_unrelaxed_rank_001_alphafold2_ptm_model_1_seed_042.pdb,89.76653721682852,0.8024,0.6826,11
/results/PPAC_BACSU/run1/02_hierarchical_m_fold_sampling_2haw/sampling_round_12/02_sampling/sampling_9/group_6_unrelaxed_rank_001_alphafold2_ptm_model_1_seed_042.pdb,91.85346278317154,0.87668,0.67861,11
/results/PPAC_BACSU/run1/02_hierarchical_m_fold_sampling_2haw/sampling_round_12/02_sampling/sampling_9/group_13_unrelaxed_rank_001_alphafold2_ptm_model_1_seed_042.pdb,91.33226537216827,0.83338,0.68017,15
/results/PPAC_BACSU/run1/02_hierarchical_m_fold_sampling_2haw/sampling_round_12/02_sampling/sampling_9/group_7_unrelaxed_rank_001_alphafold2_ptm_model_1_seed_042.pdb,87.9357281553398,0.85356,0.67285,11
/results/PPAC_BACSU/run1/02_hierarchical_m_fold_sampling_2haw/sampling_round_12/02_sampling/sampling_9/group_4_unrelaxed_rank_001_alphafold2_ptm_model_1_seed_042.pdb,91.65530744336567,0.90883,0.67187,11
/results/PPAC_BACSU/run1/02_hierarchical_m_fold_sampling_2haw/sampling_round_12/02_sampling/sampling_9/group_12_unrelaxed_rank_001_alphafold2_ptm_model_1_seed_042.pdb,91.16524271844663,0.88173,0.67622,11
/results/PPAC_BACSU/run1/02_hierarchical_m_fold_sampling_2haw/sampling_round_12/02_sampling/sampling_9/group_5_unrelaxed_rank_001_alphafold2_ptm_model_1_seed_042.pdb,88.75304207119744,0.90946,0.66307,11
/results/PPAC_BACSU/run1/02_hierarchical_m_fold_sampling_2haw/sampling_round_12/02_sampling/sampling_9/group_10_unrelaxed_rank_001_alphafold2_ptm_model_1_seed_042.pdb,91.69093851132696,0.91779,0.67487,11
/results/PPAC_BACSU/run1/02_hierarchical_m_fold_sampling_2haw/sampling_round_12/02_sampling/sampling_9/group_3_unrelaxed_rank_001_alphafold2_ptm_model_1_seed_042.pdb,90.45530744336577,0.88371,0.67578,11
/results/PPAC_BACSU/run1/02_hierarchical_m_fold_sampling_2haw/sampling_round_12/02_sampling/sampling_9/group_9_unrelaxed_rank_001_alphafold2_ptm_model_1_seed_042.pdb,91.33443365695791,0.86504,0.68102,11
/results/PPAC_BACSU/run1/02_hierarchical_m_fold_sampling_2haw/sampling_round_12/02_sampling/sampling_9/group_1_unrelaxed_rank_001_alphafold2_ptm_model_1_seed_042.pdb,91.1828802588997,0.8786,0.67771,11
/results/PPAC_BACSU/run1/02_hierarchical_m_fold_sampling_2haw/sampling_round_12/02_sampling/sampling_9/group_11_unrelaxed_rank_001_alphafold2_ptm_model_1_seed_042.pdb,92.59336569579281,0.84567,0.67893,11
/results/PPAC_BACSU/run1/02_hierarchical_m_fold_sampling_2haw/sampling_round_12/02_sampling/sampling_9/group_2_unrelaxed_rank_001_alphafold2_ptm_model_1_seed_042.pdb,91.3347572815534,0.87407,0.67713,11
/results/PPAC_BACSU/run1/02_hierarchical_m_fold_sampling_2haw/sampling_round_12/02_sampling/sampling_6/group_8_unrelaxed_rank_001_alphafold2_ptm_model_1_seed_042.pdb,90.78948220064719,0.87939,0.67466,11
/results/PPAC_BACSU/run1/02_hierarchical_m_fold_sampling_2haw/sampling_round_12/02_sampling/sampling_6/group_6_unrelaxed_rank_001_alphafold2_ptm_model_1_seed_042.pdb,88.14485436893199,0.91341,0.66935,11
/results/PPAC_BACSU/run1/02_hierarchical_m_fold_sampling_2haw/sampling_round_12/02_sampling/sampling_6/group_13_unrelaxed_rank_001_alphafold2_ptm_model_1_seed_042.pdb,91.01766990291262,0.84709,0.67832,15
/results/PPAC_BACSU/run1/02_hierarchical_m_fold_sampling_2haw/sampling_round_12/02_sampling/sampling_6/group_7_unrelaxed_rank_001_alphafold2_ptm_model_1_seed_042.pdb,91.0005177993527,0.88883,0.67784,11
/results/PPAC_BACSU/run1/02_hierarchical_m_fold_sampling_2haw/sampling_round_12/02_sampling/sampling_6/group_4_unrelaxed_rank_001_alphafold2_ptm_model_1_seed_042.pdb,91.42359223300974,0.91752,0.67228,11
/results/PPAC_BACSU/run1/02_hierarchical_m_fold_sampling_2haw/sampling_round_12/02_sampling/sampling_6/group_12_unrelaxed_rank_001_alphafold2_ptm_model_1_seed_042.pdb,89.45145631067956,0.78487,0.68778,11
/results/PPAC_BACSU/run1/02_hierarchical_m_fold_sampling_2haw/sampling_round_12/02_sampling/sampling_6/group_5_unrelaxed_rank_001_alphafold2_ptm_model_1_seed_042.pdb,91.3066666666667,0.70934,0.75547,11
/results/PPAC_BACSU/run1/02_hierarchical_m_fold_sampling_2haw/sampling_round_12/02_sampling/sampling_6/group_10_unrelaxed_rank_001_alphafold2_ptm_model_1_seed_042.pdb,88.07122977346285,0.88931,0.67432,11
/results/PPAC_BACSU/run1/02_hierarchical_m_fold_sampling_2haw/sampling_round_12/02_sampling/sampling_6/group_3_unrelaxed_rank_001_alphafold2_ptm_model_1_seed_042.pdb,90.06699029126221,0.90008,0.67351,11
/results/PPAC_BACSU/run1/02_hierarchical_m_fold_sampling_2haw/sampling_round_12/02_sampling/sampling_6/group_9_unrelaxed_rank_001_alphafold2_ptm_model_1_seed_042.pdb,91.33624595469263,0.86645,0.67986,11
/results/PPAC_BACSU/run1/02_hierarchical_m_fold_sampling_2haw/sampling_round_12/02_sampling/sampling_6/group_1_unrelaxed_rank_001_alphafold2_ptm_model_1_seed_042.pdb,91.43695792880263,0.9337,0.67693,11
/results/PPAC_BACSU/run1/02_hierarchical_m_fold_sampling_2haw/sampling_round_12/02_sampling/sampling_6/group_11_unrelaxed_rank_001_alphafold2_ptm_model_1_seed_042.pdb,88.2383171521035,0.71505,0.73487,11
/results/PPAC_BACSU/run1/02_hierarchical_m_fold_sampling_2haw/sampling_round_12/02_sampling/sampling_6/group_2_unrelaxed_rank_001_alphafold2_ptm_model_1_seed_042.pdb,89.80582524271844,0.86241,0.67511,11
/results/PPAC_BACSU/run1/02_hierarchical_m_fold_sampling_2haw/sampling_round_12/02_sampling/sampling_1/group_8_unrelaxed_rank_001_alphafold2_ptm_model_1_seed_042.pdb,93.00546925566341,0.83849,0.68191,11
/results/PPAC_BACSU/run1/02_hierarchical_m_fold_sampling_2haw/sampling_round_12/02_sampling/sampling_1/group_6_unrelaxed_rank_001_alphafold2_ptm_model_1_seed_042.pdb,87.4642394822006,0.89713,0.66576,11
/results/PPAC_BACSU/run1/02_hierarchical_m_fold_sampling_2haw/sampling_round_12/02_sampling/sampling_1/group_13_unrelaxed_rank_001_alphafold2_ptm_model_1_seed_042.pdb,91.17365695792878,0.88208,0.67811,15
/results/PPAC_BACSU/run1/02_hierarchical_m_fold_sampling_2haw/sampling_round_12/02_sampling/sampling_1/group_7_unrelaxed_rank_001_alphafold2_ptm_model_1_seed_042.pdb,91.25682847896441,0.86251,0.67551,11
/results/PPAC_BACSU/run1/02_hierarchical_m_fold_sampling_2haw/sampling_round_12/02_sampling/sampling_1/group_4_unrelaxed_rank_001_alphafold2_ptm_model_1_seed_042.pdb,90.35964401294493,0.81137,0.68033,11
/results/PPAC_BACSU/run1/02_hierarchical_m_fold_sampling_2haw/sampling_round_12/02_sampling/sampling_1/group_12_unrelaxed_rank_001_alphafold2_ptm_model_1_seed_042.pdb,90.4577993527508,0.87544,0.67359,11
/results/PPAC_BACSU/run1/02_hierarchical_m_fold_sampling_2haw/sampling_round_12/02_sampling/sampling_1/group_5_unrelaxed_rank_001_alphafold2_ptm_model_1_seed_042.pdb,90.57757281553396,0.85864,0.67761,11
/results/PPAC_BACSU/run1/02_hierarchical_m_fold_sampling_2haw/sampling_round_12/02_sampling/sampling_1/group_10_unrelaxed_rank_001_alphafold2_ptm_model_1_seed_042.pdb,90.74381877022653,0.87789,0.67717,11
/results/PPAC_BACSU/run1/02_hierarchical_m_fold_sampling_2haw/sampling_round_12/02_sampling/sampling_1/group_3_unrelaxed_rank_001_alphafold2_ptm_model_1_seed_042.pdb,89.83686084142401,0.8663,0.6759,11
/results/PPAC_BACSU/run1/02_hierarchical_m_fold_sampling_2haw/sampling_round_12/02_sampling/sampling_1/group_9_unrelaxed_rank_001_alphafold2_ptm_model_1_seed_042.pdb,90.40391585760521,0.89664,0.67426,11
/results/PPAC_BACSU/run1/02_hierarchical_m_fold_sampling_2haw/sampling_round_12/02_sampling/sampling_1/group_1_unrelaxed_rank_001_alphafold2_ptm_model_1_seed_042.pdb,88.03588996763756,0.88549,0.67161,11
/results/PPAC_BACSU/run1/02_hierarchical_m_fold_sampling_2haw/sampling_round_12/02_sampling/sampling_1/group_11_unrelaxed_rank_001_alphafold2_ptm_model_1_seed_042.pdb,90.19831715210358,0.84402,0.67534,11
/results/PPAC_BACSU/run1/02_hierarchical_m_fold_sampling_2haw/sampling_round_12/02_sampling/sampling_1/group_2_unrelaxed_rank_001_alphafold2_ptm_model_1_seed_042.pdb,90.575210355987,0.87152,0.67925,11
/results/PPAC_BACSU/run1/02_hierarchical_m_fold_sampling_2haw/sampling_round_12/02_sampling/sampling_5/group_8_unrelaxed_rank_001_alphafold2_ptm_model_1_seed_042.pdb,91.69177993527504,0.7905,0.68933,11
/results/PPAC_BACSU/run1/02_hierarchical_m_fold_sampling_2haw/sampling_round_12/02_sampling/sampling_5/group_6_unrelaxed_rank_001_alphafold2_ptm_model_1_seed_042.pdb,89.83731391585758,0.87305,0.67897,11
/results/PPAC_BACSU/run1/02_hierarchical_m_fold_sampling_2haw/sampling_round_12/02_sampling/sampling_5/group_13_unrelaxed_rank_001_alphafold2_ptm_model_1_seed_042.pdb,91.35229773462785,0.87992,0.67684,15
/results/PPAC_BACSU/run1/02_hierarchical_m_fold_sampling_2haw/sampling_round_12/02_sampling/sampling_5/group_7_unrelaxed_rank_001_alphafold2_ptm_model_1_seed_042.pdb,90.36417475728153,0.85945,0.67672,11
/results/PPAC_BACSU/run1/02_hierarchical_m_fold_sampling_2haw/sampling_round_12/02_sampling/sampling_5/group_4_unrelaxed_rank_001_alphafold2_ptm_model_1_seed_042.pdb,89.91313915857604,0.69713,0.81108,11
/results/PPAC_BACSU/run1/02_hierarchical_m_fold_sampling_2haw/sampling_round_12/02_sampling/sampling_5/group_12_unrelaxed_rank_001_alphafold2_ptm_model_1_seed_042.pdb,88.35326860841425,0.89325,0.66765,11
/results/PPAC_BACSU/run1/02_hierarchical_m_fold_sampling_2haw/sampling_round_12/02_sampling/sampling_5/group_5_unrelaxed_rank_001_alphafold2_ptm_model_1_seed_042.pdb,91.72702265372172,0.67813,0.88412,11
/results/PPAC_BACSU/run1/02_hierarchical_m_fold_sampling_2haw/sampling_round_12/02_sampling/sampling_5/group_10_unrelaxed_rank_001_alphafold2_ptm_model_1_seed_042.pdb,90.06142394822,0.88296,0.67354,11
/results/PPAC_BACSU/run1/02_hierarchical_m_fold_sampling_2haw/sampling_round_12/02_sampling/sampling_5/group_3_unrelaxed_rank_001_alphafold2_ptm_model_1_seed_042.pdb,91.58459546925575,0.91665,0.6784,11
/results/PPAC_BACSU/run1/02_hierarchical_m_fold_sampling_2haw/sampling_round_12/02_sampling/sampling_5/group_9_unrelaxed_rank_001_alphafold2_ptm_model_1_seed_042.pdb,91.20288025889973,0.84207,0.6775,11
/results/PPAC_BACSU/run1/02_hierarchical_m_fold_sampling_2haw/sampling_round_12/02_sampling/sampling_5/group_1_unrelaxed_rank_001_alphafold2_ptm_model_1_seed_042.pdb,91.42433656957924,0.89497,0.67583,11
/results/PPAC_BACSU/run1/02_hierarchical_m_fold_sampling_2haw/sampling_round_12/02_sampling/sampling_5/group_11_unrelaxed_rank_001_alphafold2_ptm_model_1_seed_042.pdb,89.86556634304213,0.88303,0.67658,11
/results/PPAC_BACSU/run1/02_hierarchical_m_fold_sampling_2haw/sampling_round_12/02_sampling/sampling_5/group_2_unrelaxed_rank_001_alphafold2_ptm_model_1_seed_042.pdb,90.91378640776705,0.84837,0.68023,11
/results/PPAC_BACSU/run1/02_hierarchical_m_fold_sampling_2haw/sampling_round_12/02_sampling/sampling_8/group_8_unrelaxed_rank_001_alphafold2_ptm_model_1_seed_042.pdb,91.3810355987055,0.84703,0.6788,11
/results/PPAC_BACSU/run1/02_hierarchical_m_fold_sampling_2haw/sampling_round_12/02_sampling/sampling_8/group_6_unrelaxed_rank_001_alphafold2_ptm_model_1_seed_042.pdb,91.04482200647246,0.87587,0.67697,11
/results/PPAC_BACSU/run1/02_hierarchical_m_fold_sampling_2haw/sampling_round_12/02_sampling/sampling_8/group_13_unrelaxed_rank_001_alphafold2_ptm_model_1_seed_042.pdb,91.40524271844657,0.8841,0.67213,15
/results/PPAC_BACSU/run1/02_hierarchical_m_fold_sampling_2haw/sampling_round_12/02_sampling/sampling_8/group_7_unrelaxed_rank_001_alphafold2_ptm_model_1_seed_042.pdb,90.81815533980583,0.84703,0.68175,11
/results/PPAC_BACSU/run1/02_hierarchical_m_fold_sampling_2haw/sampling_round_12/02_sampling/sampling_8/group_4_unrelaxed_rank_001_alphafold2_ptm_model_1_seed_042.pdb,89.44365695792878,0.72498,0.72894,11
/results/PPAC_BACSU/run1/02_hierarchical_m_fold_sampling_2haw/sampling_round_12/02_sampling/sampling_8/group_12_unrelaxed_rank_001_alphafold2_ptm_model_1_seed_042.pdb,90.65537216828474,0.85623,0.68147,11
/results/PPAC_BACSU/run1/02_hierarchical_m_fold_sampling_2haw/sampling_round_12/02_sampling/sampling_8/group_5_unrelaxed_rank_001_alphafold2_ptm_model_1_seed_042.pdb,91.1754045307443,0.89152,0.67457,11
/results/PPAC_BACSU/run1/02_hierarchical_m_fold_sampling_2haw/sampling_round_12/02_sampling/sampling_8/group_10_unrelaxed_rank_001_alphafold2_ptm_model_1_seed_042.pdb,90.74126213592236,0.91256,0.67726,11
/results/PPAC_BACSU/run1/02_hierarchical_m_fold_sampling_2haw/sampling_round_12/02_sampling/sampling_8/group_3_unrelaxed_rank_001_alphafold2_ptm_model_1_seed_042.pdb,91.94708737864086,0.76493,0.70197,11
/results/PPAC_BACSU/run1/02_hierarchical_m_fold_sampling_2haw/sampling_round_12/02_sampling/sampling_8/group_9_unrelaxed_rank_001_alphafold2_ptm_model_1_seed_042.pdb,89.53466019417476,0.87878,0.67253,11
/results/PPAC_BACSU/run1/02_hierarchical_m_fold_sampling_2haw/sampling_round_12/02_sampling/sampling_8/group_1_unrelaxed_rank_001_alphafold2_ptm_model_1_seed_042.pdb,90.07456310679605,0.84342,0.6811,11
/results/PPAC_BACSU/run1/02_hierarchical_m_fold_sampling_2haw/sampling_round_12/02_sampling/sampling_8/group_11_unrelaxed_rank_001_alphafold2_ptm_model_1_seed_042.pdb,89.97300970873785,0.78801,0.68373,11
/results/PPAC_BACSU/run1/02_hierarchical_m_fold_sampling_2haw/sampling_round_12/02_sampling/sampling_8/group_2_unrelaxed_rank_001_alphafold2_ptm_model_1_seed_042.pdb,90.83974110032356,0.89721,0.67373,11
/results/PPAC_BACSU/run1/02_hierarchical_m_fold_sampling_2haw/sampling_round_12/02_sampling/sampling_7/group_8_unrelaxed_rank_001_alphafold2_ptm_model_1_seed_042.pdb,90.27595469255665,0.85156,0.68317,11
/results/PPAC_BACSU/run1/02_hierarchical_m_fold_sampling_2haw/sampling_round_12/02_sampling/sampling_7/group_6_unrelaxed_rank_001_alphafold2_ptm_model_1_seed_042.pdb,88.38152103559867,0.95068,0.66716,11
/results/PPAC_BACSU/run1/02_hierarchical_m_fold_sampling_2haw/sampling_round_12/02_sampling/sampling_7/group_13_unrelaxed_rank_001_alphafold2_ptm_model_1_seed_042.pdb,91.01475728155339,0.86892,0.67989,15
/results/PPAC_BACSU/run1/02_hierarchical_m_fold_sampling_2haw/sampling_round_12/02_sampling/sampling_7/group_7_unrelaxed_rank_001_alphafold2_ptm_model_1_seed_042.pdb,89.90495145631063,0.84759,0.67144,11
/results/PPAC_BACSU/run1/02_hierarchical_m_fold_sampling_2haw/sampling_round_12/02_sampling/sampling_7/group_4_unrelaxed_rank_001_alphafold2_ptm_model_1_seed_042.pdb,87.84809061488681,0.90544,0.65796,11
/results/PPAC_BACSU/run1/02_hierarchical_m_fold_sampling_2haw/sampling_round_12/02_sampling/sampling_7/group_12_unrelaxed_rank_001_alphafold2_ptm_model_1_seed_042.pdb,89.56847896440132,0.83955,0.67868,11
/results/PPAC_BACSU/run1/02_hierarchical_m_fold_sampling_2haw/sampling_round_12/02_sampling/sampling_7/group_5_unrelaxed_rank_001_alphafold2_ptm_model_1_seed_042.pdb,89.58598705501613,0.88325,0.6747,11
/results/PPAC_BACSU/run1/02_hierarchical_m_fold_sampling_2haw/sampling_round_12/02_sampling/sampling_7/group_10_unrelaxed_rank_001_alphafold2_ptm_model_1_seed_042.pdb,90.85016181229767,0.89818,0.67628,11
/results/PPAC_BACSU/run1/02_hierarchical_m_fold_sampling_2haw/sampling_round_12/02_sampling/sampling_7/group_3_unrelaxed_rank_001_alphafold2_ptm_model_1_seed_042.pdb,89.99498381877021,0.87973,0.67727,11
/results/PPAC_BACSU/run1/02_hierarchical_m_fold_sampling_2haw/sampling_round_12/02_sampling/sampling_7/group_9_unrelaxed_rank_001_alphafold2_ptm_model_1_seed_042.pdb,92.21045307443367,0.90757,0.67429,11
/results/PPAC_BACSU/run1/02_hierarchical_m_fold_sampling_2haw/sampling_round_12/02_sampling/sampling_7/group_1_unrelaxed_rank_001_alphafold2_ptm_model_1_seed_042.pdb,90.85323624595476,0.89128,0.67348,11
/results/PPAC_BACSU/run1/02_hierarchical_m_fold_sampling_2haw/sampling_round_12/02_sampling/sampling_7/group_11_unrelaxed_rank_001_alphafold2_ptm_model_1_seed_042.pdb,91.79566343042075,0.89264,0.67552,11
/results/PPAC_BACSU/run1/02_hierarchical_m_fold_sampling_2haw/sampling_round_12/02_sampling/sampling_7/group_2_unrelaxed_rank_001_alphafold2_ptm_model_1_seed_042.pdb,89.21456310679616,0.84066,0.68072,11
/results/PPAC_BACSU/run1/02_hierarchical_m_fold_sampling_2haw/sampling_round_12/02_sampling/sampling_2/group_8_unrelaxed_rank_001_alphafold2_ptm_model_1_seed_042.pdb,90.6080906148868,0.67843,0.87953,11
/results/PPAC_BACSU/run1/02_hierarchical_m_fold_sampling_2haw/sampling_round_12/02_sampling/sampling_2/group_6_unrelaxed_rank_001_alphafold2_ptm_model_1_seed_042.pdb,90.31048543689326,0.91422,0.67101,11
/results/PPAC_BACSU/run1/02_hierarchical_m_fold_sampling_2haw/sampling_round_12/02_sampling/sampling_2/group_13_unrelaxed_rank_001_alphafold2_ptm_model_1_seed_042.pdb,91.34443365695793,0.77793,0.69273,15
/results/PPAC_BACSU/run1/02_hierarchical_m_fold_sampling_2haw/sampling_round_12/02_sampling/sampling_2/group_7_unrelaxed_rank_001_alphafold2_ptm_model_1_seed_042.pdb,91.538996763754,0.89987,0.67827,11
/results/PPAC_BACSU/run1/02_hierarchical_m_fold_sampling_2haw/sampling_round_12/02_sampling/sampling_2/group_4_unrelaxed_rank_001_alphafold2_ptm_model_1_seed_042.pdb,91.27262135922338,0.68088,0.86618,11
/results/PPAC_BACSU/run1/02_hierarchical_m_fold_sampling_2haw/sampling_round_12/02_sampling/sampling_2/group_12_unrelaxed_rank_001_alphafold2_ptm_model_1_seed_042.pdb,88.45779935275087,0.81804,0.68442,11
/results/PPAC_BACSU/run1/02_hierarchical_m_fold_sampling_2haw/sampling_round_12/02_sampling/sampling_2/group_5_unrelaxed_rank_001_alphafold2_ptm_model_1_seed_042.pdb,91.73789644012946,0.88404,0.67725,11
/results/PPAC_BACSU/run1/02_hierarchical_m_fold_sampling_2haw/sampling_round_12/02_sampling/sampling_2/group_10_unrelaxed_rank_001_alphafold2_ptm_model_1_seed_042.pdb,89.9863754045307,0.87589,0.67616,11
/results/PPAC_BACSU/run1/02_hierarchical_m_fold_sampling_2haw/sampling_round_12/02_sampling/sampling_2/group_3_unrelaxed_rank_001_alphafold2_ptm_model_1_seed_042.pdb,92.08601941747574,0.89357,0.67166,11
/results/PPAC_BACSU/run1/02_hierarchical_m_fold_sampling_2haw/sampling_round_12/02_sampling/sampling_2/group_9_unrelaxed_rank_001_alphafold2_ptm_model_1_seed_042.pdb,89.64401294498376,0.86682,0.67311,11
/results/PPAC_BACSU/run1/02_hierarchical_m_fold_sampling_2haw/sampling_round_12/02_sampling/sampling_2/group_1_unrelaxed_rank_001_alphafold2_ptm_model_1_seed_042.pdb,91.36495145631072,0.72618,0.72812,11
/results/PPAC_BACSU/run1/02_hierarchical_m_fold_sampling_2haw/sampling_round_12/02_sampling/sampling_2/group_11_unrelaxed_rank_001_alphafold2_ptm_model_1_seed_042.pdb,92.17873786407768,0.88566,0.67421,11
/results/PPAC_BACSU/run1/02_hierarchical_m_fold_sampling_2haw/sampling_round_12/02_sampling/sampling_2/group_2_unrelaxed_rank_001_alphafold2_ptm_model_1_seed_042.pdb,92.11459546925562,0.88876,0.67578,11
/results/PPAC_BACSU/run1/02_hierarchical_m_fold_sampling_2haw/sampling_round_12/02_sampling/sampling_11/group_8_unrelaxed_rank_001_alphafold2_ptm_model_1_seed_042.pdb,88.50669902912631,0.90224,0.64155,11
/results/PPAC_BACSU/run1/02_hierarchical_m_fold_sampling_2haw/sampling_round_12/02_sampling/sampling_11/group_6_unrelaxed_rank_001_alphafold2_ptm_model_1_seed_042.pdb,90.95045307443364,0.89357,0.67363,11
/results/PPAC_BACSU/run1/02_hierarchical_m_fold_sampling_2haw/sampling_round_12/02_sampling/sampling_11/group_13_unrelaxed_rank_001_alphafold2_ptm_model_1_seed_042.pdb,90.85841423948223,0.82767,0.68327,15
/results/PPAC_BACSU/run1/02_hierarchical_m_fold_sampling_2haw/sampling_round_12/02_sampling/sampling_11/group_7_unrelaxed_rank_001_alphafold2_ptm_model_1_seed_042.pdb,90.8503236245954,0.88497,0.67556,11
/results/PPAC_BACSU/run1/02_hierarchical_m_fold_sampling_2haw/sampling_round_12/02_sampling/sampling_11/group_4_unrelaxed_rank_001_alphafold2_ptm_model_1_seed_042.pdb,89.02864077669904,0.84233,0.66931,11
/results/PPAC_BACSU/run1/02_hierarchical_m_fold_sampling_2haw/sampling_round_12/02_sampling/sampling_11/group_12_unrelaxed_rank_001_alphafold2_ptm_model_1_seed_042.pdb,91.26022653721675,0.87466,0.67759,11
/results/PPAC_BACSU/run1/02_hierarchical_m_fold_sampling_2haw/sampling_round_12/02_sampling/sampling_11/group_5_unrelaxed_rank_001_alphafold2_ptm_model_1_seed_042.pdb,90.72093851132689,0.90067,0.67417,11
/results/PPAC_BACSU/run1/02_hierarchical_m_fold_sampling_2haw/sampling_round_12/02_sampling/sampling_11/group_10_unrelaxed_rank_001_alphafold2_ptm_model_1_seed_042.pdb,90.45686084142395,0.76093,0.70115,11
/results/PPAC_BACSU/run1/02_hierarchical_m_fold_sampling_2haw/sampling_round_12/02_sampling/sampling_11/group_3_unrelaxed_rank_001_alphafold2_ptm_model_1_seed_042.pdb,91.95663430420711,0.85164,0.68095,11
/results/PPAC_BACSU/run1/02_hierarchical_m_fold_sampling_2haw/sampling_round_12/02_sampling/sampling_11/group_9_unrelaxed_rank_001_alphafold2_ptm_model_1_seed_042.pdb,91.67019417475724,0.88408,0.67779,11
/results/PPAC_BACSU/run1/02_hierarchical_m_fold_sampling_2haw/sampling_round_12/02_sampling/sampling_11/group_1_unrelaxed_rank_001_alphafold2_ptm_model_1_seed_042.pdb,91.5184142394822,0.87455,0.67818,11
/results/PPAC_BACSU/run1/02_hierarchical_m_fold_sampling_2haw/sampling_round_12/02_sampling/sampling_11/group_11_unrelaxed_rank_001_alphafold2_ptm_model_1_seed_042.pdb,87.62747572815532,0.8168,0.6897,11
/results/PPAC_BACSU/run1/02_hierarchical_m_fold_sampling_2haw/sampling_round_12/02_sampling/sampling_11/group_2_unrelaxed_rank_001_alphafold2_ptm_model_1_seed_042.pdb,92.76317152103562,0.8889,0.67543,11
/results/PPAC_BACSU/run1/02_hierarchical_m_fold_sampling_2haw/sampling_round_12/02_sampling/sampling_13/group_8_unrelaxed_rank_001_alphafold2_ptm_model_1_seed_042.pdb,91.01485436893208,0.8628,0.67969,11
/results/PPAC_BACSU/run1/02_hierarchical_m_fold_sampling_2haw/sampling_round_12/02_sampling/sampling_13/group_6_unrelaxed_rank_001_alphafold2_ptm_model_1_seed_042.pdb,90.75776699029123,0.8239,0.68352,11
/results/PPAC_BACSU/run1/02_hierarchical_m_fold_sampling_2haw/sampling_round_12/02_sampling/sampling_13/group_13_unrelaxed_rank_001_alphafold2_ptm_model_1_seed_042.pdb,89.6726537216828,0.88072,0.67295,12
/results/PPAC_BACSU/run1/02_hierarchical_m_fold_sampling_2haw/sampling_round_12/02_sampling/sampling_13/group_7_unrelaxed_rank_001_alphafold2_ptm_model_1_seed_042.pdb,89.01779935275079,0.89236,0.67517,11
/results/PPAC_BACSU/run1/02_hierarchical_m_fold_sampling_2haw/sampling_round_12/02_sampling/sampling_13/group_4_unrelaxed_rank_001_alphafold2_ptm_model_1_seed_042.pdb,90.33294498381873,0.9129,0.67508,11
/results/PPAC_BACSU/run1/02_hierarchical_m_fold_sampling_2haw/sampling_round_12/02_sampling/sampling_13/group_12_unrelaxed_rank_001_alphafold2_ptm_model_1_seed_042.pdb,89.0188349514562,0.88679,0.67809,11
/results/PPAC_BACSU/run1/02_hierarchical_m_fold_sampling_2haw/sampling_round_12/02_sampling/sampling_13/group_5_unrelaxed_rank_001_alphafold2_ptm_model_1_seed_042.pdb,91.69511326860835,0.87856,0.67374,11
/results/PPAC_BACSU/run1/02_hierarchical_m_fold_sampling_2haw/sampling_round_12/02_sampling/sampling_13/group_10_unrelaxed_rank_001_alphafold2_ptm_model_1_seed_042.pdb,88.71320388349518,0.78461,0.6891,11
/results/PPAC_BACSU/run1/02_hierarchical_m_fold_sampling_2haw/sampling_round_12/02_sampling/sampling_13/group_3_unrelaxed_rank_001_alphafold2_ptm_model_1_seed_042.pdb,91.1103883495145,0.87648,0.67561,11
/results/PPAC_BACSU/run1/02_hierarchical_m_fold_sampling_2haw/sampling_round_12/02_sampling/sampling_13/group_9_unrelaxed_rank_001_alphafold2_ptm_model_1_seed_042.pdb,91.27495145631072,0.87473,0.67821,11
/results/PPAC_BACSU/run1/02_hierarchical_m_fold_sampling_2haw/sampling_round_12/02_sampling/sampling_13/group_1_unrelaxed_rank_001_alphafold2_ptm_model_1_seed_042.pdb,92.13003236245959,0.86017,0.68025,11
/results/PPAC_BACSU/run1/02_hierarchical_m_fold_sampling_2haw/sampling_round_12/02_sampling/sampling_13/group_11_unrelaxed_rank_001_alphafold2_ptm_model_1_seed_042.pdb,91.84938511326861,0.8537,0.67649,11
/results/PPAC_BACSU/run1/02_hierarchical_m_fold_sampling_2haw/sampling_round_12/02_sampling/sampling_13/group_2_unrelaxed_rank_001_alphafold2_ptm_model_1_seed_042.pdb,88.5787055016182,0.809,0.68948,11
/results/PPAC_BACSU/run1/02_hierarchical_m_fold_sampling_2haw/sampling_round_12/02_sampling/sampling_4/group_8_unrelaxed_rank_001_alphafold2_ptm_model_1_seed_042.pdb,88.99025889967633,0.8667,0.67188,11
/results/PPAC_BACSU/run1/02_hierarchical_m_fold_sampling_2haw/sampling_round_12/02_sampling/sampling_4/group_6_unrelaxed_rank_001_alphafold2_ptm_model_1_seed_042.pdb,91.7780582524272,0.90412,0.67475,11
/results/PPAC_BACSU/run1/02_hierarchical_m_fold_sampling_2haw/sampling_round_12/02_sampling/sampling_4/group_13_unrelaxed_rank_001_alphafold2_ptm_model_1_seed_042.pdb,89.26446601941748,0.87121,0.67775,15
/results/PPAC_BACSU/run1/02_hierarchical_m_fold_sampling_2haw/sampling_round_12/02_sampling/sampling_4/group_7_unrelaxed_rank_001_alphafold2_ptm_model_1_seed_042.pdb,88.45385113268614,0.88616,0.65776,11
/results/PPAC_BACSU/run1/02_hierarchical_m_fold_sampling_2haw/sampling_round_12/02_sampling/sampling_4/group_4_unrelaxed_rank_001_alphafold2_ptm_model_1_seed_042.pdb,89.9891909385113,0.83547,0.68128,11
/results/PPAC_BACSU/run1/02_hierarchical_m_fold_sampling_2haw/sampling_round_12/02_sampling/sampling_4/group_12_unrelaxed_rank_001_alphafold2_ptm_model_1_seed_042.pdb,90.03744336569581,0.89633,0.67428,11
/results/PPAC_BACSU/run1/02_hierarchical_m_fold_sampling_2haw/sampling_round_12/02_sampling/sampling_4/group_5_unrelaxed_rank_001_alphafold2_ptm_model_1_seed_042.pdb,91.35249190938515,0.89572,0.67622,11
/results/PPAC_BACSU/run1/02_hierarchical_m_fold_sampling_2haw/sampling_round_12/02_sampling/sampling_4/group_10_unrelaxed_rank_001_alphafold2_ptm_model_1_seed_042.pdb,91.19103559870553,0.85972,0.68142,11
/results/PPAC_BACSU/run1/02_hierarchical_m_fold_sampling_2haw/sampling_round_12/02_sampling/sampling_4/group_3_unrelaxed_rank_001_alphafold2_ptm_model_1_seed_042.pdb,89.9709708737864,0.72194,0.72063,11
/results/PPAC_BACSU/run1/02_hierarchical_m_fold_sampling_2haw/sampling_round_12/02_sampling/sampling_4/group_9_unrelaxed_rank_001_alphafold2_ptm_model_1_seed_042.pdb,90.75961165048538,0.71568,0.744,11
/results/PPAC_BACSU/run1/02_hierarchical_m_fold_sampling_2haw/sampling_round_12/02_sampling/sampling_4/group_1_unrelaxed_rank_001_alphafold2_ptm_model_1_seed_042.pdb,90.4139482200647,0.88932,0.67514,11
/results/PPAC_BACSU/run1/02_hierarchical_m_fold_sampling_2haw/sampling_round_12/02_sampling/sampling_4/group_11_unrelaxed_rank_001_alphafold2_ptm_model_1_seed_042.pdb,90.88731391585758,0.89097,0.67543,11
/results/PPAC_BACSU/run1/02_hierarchical_m_fold_sampling_2haw/sampling_round_12/02_sampling/sampling_4/group_2_unrelaxed_rank_001_alphafold2_ptm_model_1_seed_042.pdb,88.87750809061484,0.77807,0.68673,11
/results/PPAC_BACSU/run1/02_hierarchical_m_fold_sampling_2haw/sampling_round_12/02_sampling/sampling_12/group_8_unrelaxed_rank_001_alphafold2_ptm_model_1_seed_042.pdb,90.77171521035598,0.75293,0.70645,11
/results/PPAC_BACSU/run1/02_hierarchical_m_fold_sampling_2haw/sampling_round_12/02_sampling/sampling_12/group_6_unrelaxed_rank_001_alphafold2_ptm_model_1_seed_042.pdb,90.76828478964403,0.92245,0.67532,11
/results/PPAC_BACSU/run1/02_hierarchical_m_fold_sampling_2haw/sampling_round_12/02_sampling/sampling_12/group_13_unrelaxed_rank_001_alphafold2_ptm_model_1_seed_042.pdb,90.58627831715206,0.87138,0.67646,15
/results/PPAC_BACSU/run1/02_hierarchical_m_fold_sampling_2haw/sampling_round_12/02_sampling/sampling_12/group_7_unrelaxed_rank_001_alphafold2_ptm_model_1_seed_042.pdb,91.41831715210363,0.90133,0.67005,11
/results/PPAC_BACSU/run1/02_hierarchical_m_fold_sampling_2haw/sampling_round_12/02_sampling/sampling_12/group_4_unrelaxed_rank_001_alphafold2_ptm_model_1_seed_042.pdb,90.76663430420719,0.89094,0.67399,11
/results/PPAC_BACSU/run1/02_hierarchical_m_fold_sampling_2haw/sampling_round_12/02_sampling/sampling_12/group_12_unrelaxed_rank_001_alphafold2_ptm_model_1_seed_042.pdb,91.31880258899675,0.87037,0.67702,11
/results/PPAC_BACSU/run1/02_hierarchical_m_fold_sampling_2haw/sampling_round_12/02_sampling/sampling_12/group_5_unrelaxed_rank_001_alphafold2_ptm_model_1_seed_042.pdb,91.91766990291265,0.86625,0.67651,11
/results/PPAC_BACSU/run1/02_hierarchical_m_fold_sampling_2haw/sampling_round_12/02_sampling/sampling_12/group_10_unrelaxed_rank_001_alphafold2_ptm_model_1_seed_042.pdb,89.05262135922335,0.91682,0.67046,11
/results/PPAC_BACSU/run1/02_hierarchical_m_fold_sampling_2haw/sampling_round_12/02_sampling/sampling_12/group_3_unrelaxed_rank_001_alphafold2_ptm_model_1_seed_042.pdb,90.9996763754045,0.87915,0.6761,11
/results/PPAC_BACSU/run1/02_hierarchical_m_fold_sampling_2haw/sampling_round_12/02_sampling/sampling_12/group_9_unrelaxed_rank_001_alphafold2_ptm_model_1_seed_042.pdb,90.93880258899686,0.87741,0.67924,11
/results/PPAC_BACSU/run1/02_hierarchical_m_fold_sampling_2haw/sampling_round_12/02_sampling/sampling_12/group_1_unrelaxed_rank_001_alphafold2_ptm_model_1_seed_042.pdb,90.56388349514555,0.86732,0.67898,11
/results/PPAC_BACSU/run1/02_hierarchical_m_fold_sampling_2haw/sampling_round_12/02_sampling/sampling_12/group_11_unrelaxed_rank_001_alphafold2_ptm_model_1_seed_042.pdb,91.4040129449838,0.93509,0.67407,11
/results/PPAC_BACSU/run1/02_hierarchical_m_fold_sampling_2haw/sampling_round_12/02_sampling/sampling_12/group_2_unrelaxed_rank_001_alphafold2_ptm_model_1_seed_042.pdb,91.34637540453075,0.85355,0.67892,11
/results/PPAC_BACSU/run1/02_hierarchical_m_fold_sampling_2haw/sampling_round_12/02_sampling/sampling_3/group_8_unrelaxed_rank_001_alphafold2_ptm_model_1_seed_042.pdb,91.23601941747572,0.93249,0.67531,11
/results/PPAC_BACSU/run1/02_hierarchical_m_fold_sampling_2haw/sampling_round_12/02_sampling/sampling_3/group_6_unrelaxed_rank_001_alphafold2_ptm_model_1_seed_042.pdb,89.94967637540455,0.773,0.70064,11
/results/PPAC_BACSU/run1/02_hierarchical_m_fold_sampling_2haw/sampling_round_12/02_sampling/sampling_3/group_13_unrelaxed_rank_001_alphafold2_ptm_model_1_seed_042.pdb,91.34873786407778,0.9009,0.67452,15
/results/PPAC_BACSU/run1/02_hierarchical_m_fold_sampling_2haw/sampling_round_12/02_sampling/sampling_3/group_7_unrelaxed_rank_001_alphafold2_ptm_model_1_seed_042.pdb,90.18281553398059,0.90576,0.67731,11
/results/PPAC_BACSU/run1/02_hierarchical_m_fold_sampling_2haw/sampling_round_12/02_sampling/sampling_3/group_4_unrelaxed_rank_001_alphafold2_ptm_model_1_seed_042.pdb,88.285501618123,0.91482,0.66823,11
/results/PPAC_BACSU/run1/02_hierarchical_m_fold_sampling_2haw/sampling_round_12/02_sampling/sampling_3/group_12_unrelaxed_rank_001_alphafold2_ptm_model_1_seed_042.pdb,90.12579288025893,0.89361,0.67537,11
/results/PPAC_BACSU/run1/02_hierarchical_m_fold_sampling_2haw/sampling_round_12/02_sampling/sampling_3/group_5_unrelaxed_rank_001_alphafold2_ptm_model_1_seed_042.pdb,88.88631067961174,0.86334,0.67137,11
/results/PPAC_BACSU/run1/02_hierarchical_m_fold_sampling_2haw/sampling_round_12/02_sampling/sampling_3/group_10_unrelaxed_rank_001_alphafold2_ptm_model_1_seed_042.pdb,92.07300970873783,0.8759,0.67759,11
/results/PPAC_BACSU/run1/02_hierarchical_m_fold_sampling_2haw/sampling_round_12/02_sampling/sampling_3/group_3_unrelaxed_rank_001_alphafold2_ptm_model_1_seed_042.pdb,90.08533980582523,0.87829,0.67568,11
/results/PPAC_BACSU/run1/02_hierarchical_m_fold_sampling_2haw/sampling_round_12/02_sampling/sampling_3/group_9_unrelaxed_rank_001_alphafold2_ptm_model_1_seed_042.pdb,90.47045307443364,0.85945,0.67412,11
/results/PPAC_BACSU/run1/02_hierarchical_m_fold_sampling_2haw/sampling_round_12/02_sampling/sampling_3/group_1_unrelaxed_rank_001_alphafold2_ptm_model_1_seed_042.pdb,90.27948220064721,0.89178,0.67473,11
/results/PPAC_BACSU/run1/02_hierarchical_m_fold_sampling_2haw/sampling_round_12/02_sampling/sampling_3/group_11_unrelaxed_rank_001_alphafold2_ptm_model_1_seed_042.pdb,90.64048543689319,0.88638,0.67549,11
/results/PPAC_BACSU/run1/02_hierarchical_m_fold_sampling_2haw/sampling_round_12/02_sampling/sampling_3/group_2_unrelaxed_rank_001_alphafold2_ptm_model_1_seed_042.pdb,90.70323624595461,0.93004,0.67177,11
/results/PPAC_BACSU/run1/02_hierarchical_m_fold_sampling_2haw/sampling_round_12/02_sampling/sampling_14/group_8_unrelaxed_rank_001_alphafold2_ptm_model_1_seed_042.pdb,92.15239482200651,0.87222,0.67956,11
/results/PPAC_BACSU/run1/02_hierarchical_m_fold_sampling_2haw/sampling_round_12/02_sampling/sampling_14/group_6_unrelaxed_rank_001_alphafold2_ptm_model_1_seed_042.pdb,90.67453074433658,0.68253,0.87147,11
/results/PPAC_BACSU/run1/02_hierarchical_m_fold_sampling_2haw/sampling_round_12/02_sampling/sampling_14/group_13_unrelaxed_rank_001_alphafold2_ptm_model_1_seed_042.pdb,91.59731391585763,0.88974,0.67699,15
/results/PPAC_BACSU/run1/02_hierarchical_m_fold_sampling_2haw/sampling_round_12/02_sampling/sampling_14/group_7_unrelaxed_rank_001_alphafold2_ptm_model_1_seed_042.pdb,90.00686084142397,0.89489,0.67121,11
/results/PPAC_BACSU/run1/02_hierarchical_m_fold_sampling_2haw/sampling_round_12/02_sampling/sampling_14/group_4_unrelaxed_rank_001_alphafold2_ptm_model_1_seed_042.pdb,90.83262135922325,0.87651,0.67661,11
/results/PPAC_BACSU/run1/02_hierarchical_m_fold_sampling_2haw/sampling_round_12/02_sampling/sampling_14/group_12_unrelaxed_rank_001_alphafold2_ptm_model_1_seed_042.pdb,87.72779935275078,0.87002,0.66506,11
/results/PPAC_BACSU/run1/02_hierarchical_m_fold_sampling_2haw/sampling_round_12/02_sampling/sampling_14/group_5_unrelaxed_rank_001_alphafold2_ptm_model_1_seed_042.pdb,91.1515857605178,0.85887,0.67528,11
/results/PPAC_BACSU/run1/02_hierarchical_m_fold_sampling_2haw/sampling_round_12/02_sampling/sampling_14/group_10_unrelaxed_rank_001_alphafold2_ptm_model_1_seed_042.pdb,91.74177993527519,0.90342,0.67531,11
/results/PPAC_BACSU/run1/02_hierarchical_m_fold_sampling_2haw/sampling_round_12/02_sampling/sampling_14/group_3_unrelaxed_rank_001_alphafold2_ptm_model_1_seed_042.pdb,90.2191262135922,0.70582,0.77789,11
/results/PPAC_BACSU/run1/02_hierarchical_m_fold_sampling_2haw/sampling_round_12/02_sampling/sampling_14/group_9_unrelaxed_rank_001_alphafold2_ptm_model_1_seed_042.pdb,90.16194174757284,0.90209,0.67181,11
/results/PPAC_BACSU/run1/02_hierarchical_m_fold_sampling_2haw/sampling_round_12/02_sampling/sampling_14/group_1_unrelaxed_rank_001_alphafold2_ptm_model_1_seed_042.pdb,89.55902912621363,0.88416,0.67556,11
/results/PPAC_BACSU/run1/02_hierarchical_m_fold_sampling_2haw/sampling_round_12/02_sampling/sampling_14/group_11_unrelaxed_rank_001_alphafold2_ptm_model_1_seed_042.pdb,88.34077669902906,0.9193,0.67046,11
/results/PPAC_BACSU/run1/02_hierarchical_m_fold_sampling_2haw/sampling_round_12/02_sampling/sampling_14/group_2_unrelaxed_rank_001_alphafold2_ptm_model_1_seed_042.pdb,89.99553398058251,0.89916,0.67106,11
/results/PPAC_BACSU/run1/02_hierarchical_m_fold_sampling_2haw/sampling_round_10/02_sampling/sampling_10/group_8_unrelaxed_rank_001_alphafold2_ptm_model_1_seed_042.pdb,90.05582524271837,0.87391,0.67607,11
/results/PPAC_BACSU/run1/02_hierarchical_m_fold_sampling_2haw/sampling_round_10/02_sampling/sampling_10/group_6_unrelaxed_rank_001_alphafold2_ptm_model_1_seed_042.pdb,90.95058252427187,0.74801,0.70972,11
/results/PPAC_BACSU/run1/02_hierarchical_m_fold_sampling_2haw/sampling_round_10/02_sampling/sampling_10/group_13_unrelaxed_rank_001_alphafold2_ptm_model_1_seed_042.pdb,90.44103559870555,0.84775,0.68045,15
/results/PPAC_BACSU/run1/02_hierarchical_m_fold_sampling_2haw/sampling_round_10/02_sampling/sampling_10/group_7_unrelaxed_rank_001_alphafold2_ptm_model_1_seed_042.pdb,90.29511326860842,0.83856,0.67961,11
/results/PPAC_BACSU/run1/02_hierarchical_m_fold_sampling_2haw/sampling_round_10/02_sampling/sampling_10/group_4_unrelaxed_rank_001_alphafold2_ptm_model_1_seed_042.pdb,90.89621359223304,0.88313,0.67625,11
/results/PPAC_BACSU/run1/02_hierarchical_m_fold_sampling_2haw/sampling_round_10/02_sampling/sampling_10/group_12_unrelaxed_rank_001_alphafold2_ptm_model_1_seed_042.pdb,89.71391585760512,0.79043,0.68153,11
/results/PPAC_BACSU/run1/02_hierarchical_m_fold_sampling_2haw/sampling_round_10/02_sampling/sampling_10/group_5_unrelaxed_rank_001_alphafold2_ptm_model_1_seed_042.pdb,90.6835598705502,0.92742,0.67388,11
/results/PPAC_BACSU/run1/02_hierarchical_m_fold_sampling_2haw/sampling_round_10/02_sampling/sampling_10/group_10_unrelaxed_rank_001_alphafold2_ptm_model_1_seed_042.pdb,92.15152103559866,0.88935,0.67471,11
/results/PPAC_BACSU/run1/02_hierarchical_m_fold_sampling_2haw/sampling_round_10/02_sampling/sampling_10/group_3_unrelaxed_rank_001_alphafold2_ptm_model_1_seed_042.pdb,90.1270873786408,0.90832,0.67255,11
/results/PPAC_BACSU/run1/02_hierarchical_m_fold_sampling_2haw/sampling_round_10/02_sampling/sampling_10/group_9_unrelaxed_rank_001_alphafold2_ptm_model_1_seed_042.pdb,90.4095145631068,0.89462,0.67405,11
/results/PPAC_BACSU/run1/02_hierarchical_m_fold_sampling_2haw/sampling_round_10/02_sampling/sampling_10/group_1_unrelaxed_rank_001_alphafold2_ptm_model_1_seed_042.pdb,90.98058252427187,0.89847,0.67746,11
/results/PPAC_BACSU/run1/02_hierarchical_m_fold_sampling_2haw/sampling_round_10/02_sampling/sampling_10/group_11_unrelaxed_rank_001_alphafold2_ptm_model_1_seed_042.pdb,90.2944012944984,0.87625,0.67466,11
/results/PPAC_BACSU/run1/02_hierarchical_m_fold_sampling_2haw/sampling_round_10/02_sampling/sampling_10/group_2_unrelaxed_rank_001_alphafold2_ptm_model_1_seed_042.pdb,89.08478964401296,0.93445,0.67207,11
/results/PPAC_BACSU/run1/02_hierarchical_m_fold_sampling_2haw/sampling_round_10/02_sampling/sampling_9/group_8_unrelaxed_rank_001_alphafold2_ptm_model_1_seed_042.pdb,91.69278317152111,0.88572,0.67654,11
/results/PPAC_BACSU/run1/02_hierarchical_m_fold_sampling_2haw/sampling_round_10/02_sampling/sampling_9/group_6_unrelaxed_rank_001_alphafold2_ptm_model_1_seed_042.pdb,91.05236245954686,0.85973,0.67989,11
/results/PPAC_BACSU/run1/02_hierarchical_m_fold_sampling_2haw/sampling_round_10/02_sampling/sampling_9/group_13_unrelaxed_rank_001_alphafold2_ptm_model_1_seed_042.pdb,91.30844660194174,0.9255,0.67521,15
/results/PPAC_BACSU/run1/02_hierarchical_m_fold_sampling_2haw/sampling_round_10/02_sampling/sampling_9/group_7_unrelaxed_rank_001_alphafold2_ptm_model_1_seed_042.pdb,90.78420711974107,0.88682,0.67526,11
/results/PPAC_BACSU/run1/02_hierarchical_m_fold_sampling_2haw/sampling_round_10/02_sampling/sampling_9/group_4_unrelaxed_rank_001_alphafold2_ptm_model_1_seed_042.pdb,91.73090614886722,0.92153,0.67308,11
/results/PPAC_BACSU/run1/02_hierarchical_m_fold_sampling_2haw/sampling_round_10/02_sampling/sampling_9/group_12_unrelaxed_rank_001_alphafold2_ptm_model_1_seed_042.pdb,91.2287055016182,0.82383,0.6766,11
/results/PPAC_BACSU/run1/02_hierarchical_m_fold_sampling_2haw/sampling_round_10/02_sampling/sampling_9/group_5_unrelaxed_rank_001_alphafold2_ptm_model_1_seed_042.pdb,90.98482200647251,0.92047,0.67539,11
/results/PPAC_BACSU/run1/02_hierarchical_m_fold_sampling_2haw/sampling_round_10/02_sampling/sampling_9/group_10_unrelaxed_rank_001_alphafold2_ptm_model_1_seed_042.pdb,87.90349514563106,0.82745,0.67906,11
/results/PPAC_BACSU/run1/02_hierarchical_m_fold_sampling_2haw/sampling_round_10/02_sampling/sampling_9/group_3_unrelaxed_rank_001_alphafold2_ptm_model_1_seed_042.pdb,90.67537216828471,0.87376,0.67743,11
/results/PPAC_BACSU/run1/02_hierarchical_m_fold_sampling_2haw/sampling_round_10/02_sampling/sampling_9/group_9_unrelaxed_rank_001_alphafold2_ptm_model_1_seed_042.pdb,92.01747572815536,0.87104,0.67765,11
/results/PPAC_BACSU/run1/02_hierarchical_m_fold_sampling_2haw/sampling_round_10/02_sampling/sampling_9/group_1_unrelaxed_rank_001_alphafold2_ptm_model_1_seed_042.pdb,90.51741100323623,0.83827,0.67917,11
/results/PPAC_BACSU/run1/02_hierarchical_m_fold_sampling_2haw/sampling_round_10/02_sampling/sampling_9/group_11_unrelaxed_rank_001_alphafold2_ptm_model_1_seed_042.pdb,87.94941747572805,0.81679,0.67448,11
/results/PPAC_BACSU/run1/02_hierarchical_m_fold_sampling_2haw/sampling_round_10/02_sampling/sampling_9/group_2_unrelaxed_rank_001_alphafold2_ptm_model_1_seed_042.pdb,90.62223300970872,0.86299,0.67984,11
/results/PPAC_BACSU/run1/02_hierarchical_m_fold_sampling_2haw/sampling_round_10/02_sampling/sampling_6/group_8_unrelaxed_rank_001_alphafold2_ptm_model_1_seed_042.pdb,91.0775080906149,0.91627,0.67485,11
/results/PPAC_BACSU/run1/02_hierarchical_m_fold_sampling_2haw/sampling_round_10/02_sampling/sampling_6/group_6_unrelaxed_rank_001_alphafold2_ptm_model_1_seed_042.pdb,91.61042071197414,0.88232,0.67726,11
/results/PPAC_BACSU/run1/02_hierarchical_m_fold_sampling_2haw/sampling_round_10/02_sampling/sampling_6/group_13_unrelaxed_rank_001_alphafold2_ptm_model_1_seed_042.pdb,91.4356957928803,0.86234,0.68098,15
/results/PPAC_BACSU/run1/02_hierarchical_m_fold_sampling_2haw/sampling_round_10/02_sampling/sampling_6/group_7_unrelaxed_rank_001_alphafold2_ptm_model_1_seed_042.pdb,91.02757281553396,0.89025,0.67428,11
/results/PPAC_BACSU/run1/02_hierarchical_m_fold_sampling_2haw/sampling_round_10/02_sampling/sampling_6/group_4_unrelaxed_rank_001_alphafold2_ptm_model_1_seed_042.pdb,88.60919093851133,0.74696,0.69856,11
/results/PPAC_BACSU/run1/02_hierarchical_m_fold_sampling_2haw/sampling_round_10/02_sampling/sampling_6/group_12_unrelaxed_rank_001_alphafold2_ptm_model_1_seed_042.pdb,91.81320388349518,0.92101,0.67418,11
/results/PPAC_BACSU/run1/02_hierarchical_m_fold_sampling_2haw/sampling_round_10/02_sampling/sampling_6/group_5_unrelaxed_rank_001_alphafold2_ptm_model_1_seed_042.pdb,89.39796116504849,0.84809,0.67772,11
/results/PPAC_BACSU/run1/02_hierarchical_m_fold_sampling_2haw/sampling_round_10/02_sampling/sampling_6/group_10_unrelaxed_rank_001_alphafold2_ptm_model_1_seed_042.pdb,91.64122977346275,0.70502,0.76716,11
/results/PPAC_BACSU/run1/02_hierarchical_m_fold_sampling_2haw/sampling_round_10/02_sampling/sampling_6/group_3_unrelaxed_rank_001_alphafold2_ptm_model_1_seed_042.pdb,90.32576051779944,0.86505,0.67985,11
/results/PPAC_BACSU/run1/02_hierarchical_m_fold_sampling_2haw/sampling_round_10/02_sampling/sampling_6/group_9_unrelaxed_rank_001_alphafold2_ptm_model_1_seed_042.pdb,91.2996763754045,0.88634,0.67537,11
/results/PPAC_BACSU/run1/02_hierarchical_m_fold_sampling_2haw/sampling_round_10/02_sampling/sampling_6/group_1_unrelaxed_rank_001_alphafold2_ptm_model_1_seed_042.pdb,91.7257605177994,0.70133,0.77014,11
/results/PPAC_BACSU/run1/02_hierarchical_m_fold_sampling_2haw/sampling_round_10/02_sampling/sampling_6/group_11_unrelaxed_rank_001_alphafold2_ptm_model_1_seed_042.pdb,89.73579288025884,0.82583,0.67789,11
/results/PPAC_BACSU/run1/02_hierarchical_m_fold_sampling_2haw/sampling_round_10/02_sampling/sampling_6/group_2_unrelaxed_rank_001_alphafold2_ptm_model_1_seed_042.pdb,90.892427184466,0.9103,0.67764,11
/results/PPAC_BACSU/run1/02_hierarchical_m_fold_sampling_2haw/sampling_round_10/02_sampling/sampling_1/group_8_unrelaxed_rank_001_alphafold2_ptm_model_1_seed_042.pdb,90.25792880258896,0.8071,0.6923,11
/results/PPAC_BACSU/run1/02_hierarchical_m_fold_sampling_2haw/sampling_round_10/02_sampling/sampling_1/group_6_unrelaxed_rank_001_alphafold2_ptm_model_1_seed_042.pdb,90.07647249190931,0.88309,0.67551,11
/results/PPAC_BACSU/run1/02_hierarchical_m_fold_sampling_2haw/sampling_round_10/02_sampling/sampling_1/group_13_unrelaxed_rank_001_alphafold2_ptm_model_1_seed_042.pdb,89.51718446601942,0.76257,0.69338,15
/results/PPAC_BACSU/run1/02_hierarchical_m_fold_sampling_2haw/sampling_round_10/02_sampling/sampling_1/group_7_unrelaxed_rank_001_alphafold2_ptm_model_1_seed_042.pdb,90.93618122977345,0.88945,0.67467,11
/results/PPAC_BACSU/run1/02_hierarchical_m_fold_sampling_2haw/sampling_round_10/02_sampling/sampling_1/group_4_unrelaxed_rank_001_alphafold2_ptm_model_1_seed_042.pdb,91.62152103559878,0.86462,0.67892,11
/results/PPAC_BACSU/run1/02_hierarchical_m_fold_sampling_2haw/sampling_round_10/02_sampling/sampling_1/group_12_unrelaxed_rank_001_alphafold2_ptm_model_1_seed_042.pdb,90.56883495145625,0.84911,0.68083,11
/results/PPAC_BACSU/run1/02_hierarchical_m_fold_sampling_2haw/sampling_round_10/02_sampling/sampling_1/group_5_unrelaxed_rank_001_alphafold2_ptm_model_1_seed_042.pdb,88.98679611650483,0.88528,0.67171,11
/results/PPAC_BACSU/run1/02_hierarchical_m_fold_sampling_2haw/sampling_round_10/02_sampling/sampling_1/group_10_unrelaxed_rank_001_alphafold2_ptm_model_1_seed_042.pdb,90.09220064724919,0.88109,0.67476,11
/results/PPAC_BACSU/run1/02_hierarchical_m_fold_sampling_2haw/sampling_round_10/02_sampling/sampling_1/group_3_unrelaxed_rank_001_alphafold2_ptm_model_1_seed_042.pdb,89.80576051779936,0.90085,0.67415,11
/results/PPAC_BACSU/run1/02_hierarchical_m_fold_sampling_2haw/sampling_round_10/02_sampling/sampling_1/group_9_unrelaxed_rank_001_alphafold2_ptm_model_1_seed_042.pdb,92.24407766990296,0.90347,0.67268,11
/results/PPAC_BACSU/run1/02_hierarchical_m_fold_sampling_2haw/sampling_round_10/02_sampling/sampling_1/group_1_unrelaxed_rank_001_alphafold2_ptm_model_1_seed_042.pdb,90.3256957928803,0.89854,0.67356,11
/results/PPAC_BACSU/run1/02_hierarchical_m_fold_sampling_2haw/sampling_round_10/02_sampling/sampling_1/group_11_unrelaxed_rank_001_alphafold2_ptm_model_1_seed_042.pdb,89.77239482200646,0.89305,0.67407,11
/results/PPAC_BACSU/run1/02_hierarchical_m_fold_sampling_2haw/sampling_round_10/02_sampling/sampling_1/group_2_unrelaxed_rank_001_alphafold2_ptm_model_1_seed_042.pdb,90.28877022653718,0.89029,0.67422,11
/results/PPAC_BACSU/run1/02_hierarchical_m_fold_sampling_2haw/sampling_round_10/02_sampling/sampling_5/group_8_unrelaxed_rank_001_alphafold2_ptm_model_1_seed_042.pdb,91.75673139158573,0.9335,0.67231,11
/results/PPAC_BACSU/run1/02_hierarchical_m_fold_sampling_2haw/sampling_round_10/02_sampling/sampling_5/group_6_unrelaxed_rank_001_alphafold2_ptm_model_1_seed_042.pdb,90.12177993527509,0.87658,0.67722,11
/results/PPAC_BACSU/run1/02_hierarchical_m_fold_sampling_2haw/sampling_round_10/02_sampling/sampling_5/group_13_unrelaxed_rank_001_alphafold2_ptm_model_1_seed_042.pdb,91.25773462783178,0.86089,0.67963,15
/results/PPAC_BACSU/run1/02_hierarchical_m_fold_sampling_2haw/sampling_round_10/02_sampling/sampling_5/group_7_unrelaxed_rank_001_alphafold2_ptm_model_1_seed_042.pdb,90.22197411003239,0.8824,0.67482,11
/results/PPAC_BACSU/run1/02_hierarchical_m_fold_sampling_2haw/sampling_round_10/02_sampling/sampling_5/group_4_unrelaxed_rank_001_alphafold2_ptm_model_1_seed_042.pdb,90.57006472491915,0.88695,0.67439,11
/results/PPAC_BACSU/run1/02_hierarchical_m_fold_sampling_2haw/sampling_round_10/02_sampling/sampling_5/group_12_unrelaxed_rank_001_alphafold2_ptm_model_1_seed_042.pdb,89.27828478964399,0.71347,0.74432,11
/results/PPAC_BACSU/run1/02_hierarchical_m_fold_sampling_2haw/sampling_round_10/02_sampling/sampling_5/group_5_unrelaxed_rank_001_alphafold2_ptm_model_1_seed_042.pdb,89.0842071197411,0.90354,0.67265,11
/results/PPAC_BACSU/run1/02_hierarchical_m_fold_sampling_2haw/sampling_round_10/02_sampling/sampling_5/group_10_unrelaxed_rank_001_alphafold2_ptm_model_1_seed_042.pdb,86.19404530744337,0.77896,0.68992,11
/results/PPAC_BACSU/run1/02_hierarchical_m_fold_sampling_2haw/sampling_round_10/02_sampling/sampling_5/group_3_unrelaxed_rank_001_alphafold2_ptm_model_1_seed_042.pdb,91.3327508090615,0.90228,0.67296,11
/results/PPAC_BACSU/run1/02_hierarchical_m_fold_sampling_2haw/sampling_round_10/02_sampling/sampling_5/group_9_unrelaxed_rank_001_alphafold2_ptm_model_1_seed_042.pdb,91.30527508090611,0.87559,0.6787,11
/results/PPAC_BACSU/run1/02_hierarchical_m_fold_sampling_2haw/sampling_round_10/02_sampling/sampling_5/group_1_unrelaxed_rank_001_alphafold2_ptm_model_1_seed_042.pdb,90.46938511326866,0.90927,0.67578,11
/results/PPAC_BACSU/run1/02_hierarchical_m_fold_sampling_2haw/sampling_round_10/02_sampling/sampling_5/group_11_unrelaxed_rank_001_alphafold2_ptm_model_1_seed_042.pdb,89.38491909385111,0.83499,0.67862,11
/results/PPAC_BACSU/run1/02_hierarchical_m_fold_sampling_2haw/sampling_round_10/02_sampling/sampling_5/group_2_unrelaxed_rank_001_alphafold2_ptm_model_1_seed_042.pdb,90.35077669902911,0.87754,0.67582,11
/results/PPAC_BACSU/run1/02_hierarchical_m_fold_sampling_2haw/sampling_round_10/02_sampling/sampling_8/group_8_unrelaxed_rank_001_alphafold2_ptm_model_1_seed_042.pdb,89.53177993527504,0.87457,0.67585,11
/results/PPAC_BACSU/run1/02_hierarchical_m_fold_sampling_2haw/sampling_round_10/02_sampling/sampling_8/group_6_unrelaxed_rank_001_alphafold2_ptm_model_1_seed_042.pdb,92.07734627831714,0.84244,0.68194,11
/results/PPAC_BACSU/run1/02_hierarchical_m_fold_sampling_2haw/sampling_round_10/02_sampling/sampling_8/group_13_unrelaxed_rank_001_alphafold2_ptm_model_1_seed_042.pdb,91.33886731391588,0.85631,0.6806,15
/results/PPAC_BACSU/run1/02_hierarchical_m_fold_sampling_2haw/sampling_round_10/02_sampling/sampling_8/group_7_unrelaxed_rank_001_alphafold2_ptm_model_1_seed_042.pdb,89.40498381877022,0.81403,0.69432,11
/results/PPAC_BACSU/run1/02_hierarchical_m_fold_sampling_2haw/sampling_round_10/02_sampling/sampling_8/group_4_unrelaxed_rank_001_alphafold2_ptm_model_1_seed_042.pdb,91.05323624595466,0.89794,0.67549,11
/results/PPAC_BACSU/run1/02_hierarchical_m_fold_sampling_2haw/sampling_round_10/02_sampling/sampling_8/group_12_unrelaxed_rank_001_alphafold2_ptm_model_1_seed_042.pdb,90.394498381877,0.90691,0.66984,11
/results/PPAC_BACSU/run1/02_hierarchical_m_fold_sampling_2haw/sampling_round_10/02_sampling/sampling_8/group_5_unrelaxed_rank_001_alphafold2_ptm_model_1_seed_042.pdb,91.22427184466018,0.89109,0.67623,11
/results/PPAC_BACSU/run1/02_hierarchical_m_fold_sampling_2haw/sampling_round_10/02_sampling/sampling_8/group_10_unrelaxed_rank_001_alphafold2_ptm_model_1_seed_042.pdb,89.50721682847893,0.90371,0.66325,11
/results/PPAC_BACSU/run1/02_hierarchical_m_fold_sampling_2haw/sampling_round_10/02_sampling/sampling_8/group_3_unrelaxed_rank_001_alphafold2_ptm_model_1_seed_042.pdb,90.74847896440127,0.86043,0.67741,11
/results/PPAC_BACSU/run1/02_hierarchical_m_fold_sampling_2haw/sampling_round_10/02_sampling/sampling_8/group_9_unrelaxed_rank_001_alphafold2_ptm_model_1_seed_042.pdb,90.1550485436893,0.9016,0.67199,11
/results/PPAC_BACSU/run1/02_hierarchical_m_fold_sampling_2haw/sampling_round_10/02_sampling/sampling_8/group_1_unrelaxed_rank_001_alphafold2_ptm_model_1_seed_042.pdb,89.3847572815534,0.89429,0.67405,11
/results/PPAC_BACSU/run1/02_hierarchical_m_fold_sampling_2haw/sampling_round_10/02_sampling/sampling_8/group_11_unrelaxed_rank_001_alphafold2_ptm_model_1_seed_042.pdb,90.39404530744333,0.90537,0.67068,11
/results/PPAC_BACSU/run1/02_hierarchical_m_fold_sampling_2haw/sampling_round_10/02_sampling/sampling_8/group_2_unrelaxed_rank_001_alphafold2_ptm_model_1_seed_042.pdb,90.20009708737865,0.90069,0.67267,11
/results/PPAC_BACSU/run1/02_hierarchical_m_fold_sampling_2haw/sampling_round_10/02_sampling/sampling_7/group_8_unrelaxed_rank_001_alphafold2_ptm_model_1_seed_042.pdb,89.55501618122973,0.89386,0.67458,11
/results/PPAC_BACSU/run1/02_hierarchical_m_fold_sampling_2haw/sampling_round_10/02_sampling/sampling_7/group_6_unrelaxed_rank_001_alphafold2_ptm_model_1_seed_042.pdb,90.8750809061488,0.81027,0.68296,11
/results/PPAC_BACSU/run1/02_hierarchical_m_fold_sampling_2haw/sampling_round_10/02_sampling/sampling_7/group_13_unrelaxed_rank_001_alphafold2_ptm_model_1_seed_042.pdb,90.50815533980578,0.88473,0.67622,15
/results/PPAC_BACSU/run1/02_hierarchical_m_fold_sampling_2haw/sampling_round_10/02_sampling/sampling_7/group_7_unrelaxed_rank_001_alphafold2_ptm_model_1_seed_042.pdb,91.3564077669903,0.67424,0.89003,11
/results/PPAC_BACSU/run1/02_hierarchical_m_fold_sampling_2haw/sampling_round_10/02_sampling/sampling_7/group_4_unrelaxed_rank_001_alphafold2_ptm_model_1_seed_042.pdb,89.97304207119744,0.87736,0.6764,11
/results/PPAC_BACSU/run1/02_hierarchical_m_fold_sampling_2haw/sampling_round_10/02_sampling/sampling_7/group_12_unrelaxed_rank_001_alphafold2_ptm_model_1_seed_042.pdb,90.99097087378641,0.88131,0.67404,11
/results/PPAC_BACSU/run1/02_hierarchical_m_fold_sampling_2haw/sampling_round_10/02_sampling/sampling_7/group_5_unrelaxed_rank_001_alphafold2_ptm_model_1_seed_042.pdb,91.90695792880258,0.88523,0.67602,11
/results/PPAC_BACSU/run1/02_hierarchical_m_fold_sampling_2haw/sampling_round_10/02_sampling/sampling_7/group_10_unrelaxed_rank_001_alphafold2_ptm_model_1_seed_042.pdb,86.89016181229769,0.83204,0.66637,11
/results/PPAC_BACSU/run1/02_hierarchical_m_fold_sampling_2haw/sampling_round_10/02_sampling/sampling_7/group_3_unrelaxed_rank_001_alphafold2_ptm_model_1_seed_042.pdb,88.32440129449837,0.87474,0.6777,11
/results/PPAC_BACSU/run1/02_hierarchical_m_fold_sampling_2haw/sampling_round_10/02_sampling/sampling_7/group_9_unrelaxed_rank_001_alphafold2_ptm_model_1_seed_042.pdb,90.8597734627832,0.8779,0.67763,11
/results/PPAC_BACSU/run1/02_hierarchical_m_fold_sampling_2haw/sampling_round_10/02_sampling/sampling_7/group_1_unrelaxed_rank_001_alphafold2_ptm_model_1_seed_042.pdb,90.52682847896442,0.84428,0.68097,11
/results/PPAC_BACSU/run1/02_hierarchical_m_fold_sampling_2haw/sampling_round_10/02_sampling/sampling_7/group_11_unrelaxed_rank_001_alphafold2_ptm_model_1_seed_042.pdb,89.63922330097087,0.88186,0.67339,11
/results/PPAC_BACSU/run1/02_hierarchical_m_fold_sampling_2haw/sampling_round_10/02_sampling/sampling_7/group_2_unrelaxed_rank_001_alphafold2_ptm_model_1_seed_042.pdb,89.29423948220067,0.92795,0.67399,11
/results/PPAC_BACSU/run1/02_hierarchical_m_fold_sampling_2haw/sampling_round_10/02_sampling/sampling_2/group_8_unrelaxed_rank_001_alphafold2_ptm_model_1_seed_042.pdb,89.89339805825247,0.84791,0.67773,11
/results/PPAC_BACSU/run1/02_hierarchical_m_fold_sampling_2haw/sampling_round_10/02_sampling/sampling_2/group_6_unrelaxed_rank_001_alphafold2_ptm_model_1_seed_042.pdb,89.8396116504854,0.85165,0.67604,11
/results/PPAC_BACSU/run1/02_hierarchical_m_fold_sampling_2haw/sampling_round_10/02_sampling/sampling_2/group_13_unrelaxed_rank_001_alphafold2_ptm_model_1_seed_042.pdb,91.32844660194175,0.89315,0.6779,15
/results/PPAC_BACSU/run1/02_hierarchical_m_fold_sampling_2haw/sampling_round_10/02_sampling/sampling_2/group_7_unrelaxed_rank_001_alphafold2_ptm_model_1_seed_042.pdb,91.42825242718447,0.84257,0.67669,11
/results/PPAC_BACSU/run1/02_hierarchical_m_fold_sampling_2haw/sampling_round_10/02_sampling/sampling_2/group_4_unrelaxed_rank_001_alphafold2_ptm_model_1_seed_042.pdb,91.78569579288029,0.92798,0.67294,11
/results/PPAC_BACSU/run1/02_hierarchical_m_fold_sampling_2haw/sampling_round_10/02_sampling/sampling_2/group_12_unrelaxed_rank_001_alphafold2_ptm_model_1_seed_042.pdb,91.67734627831713,0.87445,0.67594,11
/results/PPAC_BACSU/run1/02_hierarchical_m_fold_sampling_2haw/sampling_round_10/02_sampling/sampling_2/group_5_unrelaxed_rank_001_alphafold2_ptm_model_1_seed_042.pdb,91.81042071197407,0.90347,0.67273,11
/results/PPAC_BACSU/run1/02_hierarchical_m_fold_sampling_2haw/sampling_round_10/02_sampling/sampling_2/group_10_unrelaxed_rank_001_alphafold2_ptm_model_1_seed_042.pdb,90.9502265372168,0.87809,0.67698,11
/results/PPAC_BACSU/run1/02_hierarchical_m_fold_sampling_2haw/sampling_round_10/02_sampling/sampling_2/group_3_unrelaxed_rank_001_alphafold2_ptm_model_1_seed_042.pdb,90.59867313915863,0.87849,0.67709,11
/results/PPAC_BACSU/run1/02_hierarchical_m_fold_sampling_2haw/sampling_round_10/02_sampling/sampling_2/group_9_unrelaxed_rank_001_alphafold2_ptm_model_1_seed_042.pdb,89.80346278317153,0.77875,0.68713,11
/results/PPAC_BACSU/run1/02_hierarchical_m_fold_sampling_2haw/sampling_round_10/02_sampling/sampling_2/group_1_unrelaxed_rank_001_alphafold2_ptm_model_1_seed_042.pdb,90.51449838187702,0.82093,0.67868,11
/results/PPAC_BACSU/run1/02_hierarchical_m_fold_sampling_2haw/sampling_round_10/02_sampling/sampling_2/group_11_unrelaxed_rank_001_alphafold2_ptm_model_1_seed_042.pdb,87.17307443365708,0.86689,0.66762,11
/results/PPAC_BACSU/run1/02_hierarchical_m_fold_sampling_2haw/sampling_round_10/02_sampling/sampling_2/group_2_unrelaxed_rank_001_alphafold2_ptm_model_1_seed_042.pdb,91.5216828478964,0.88176,0.67595,11
/results/PPAC_BACSU/run1/02_hierarchical_m_fold_sampling_2haw/sampling_round_10/02_sampling/sampling_11/group_8_unrelaxed_rank_001_alphafold2_ptm_model_1_seed_042.pdb,91.39511326860847,0.88628,0.67793,11
/results/PPAC_BACSU/run1/02_hierarchical_m_fold_sampling_2haw/sampling_round_10/02_sampling/sampling_11/group_6_unrelaxed_rank_001_alphafold2_ptm_model_1_seed_042.pdb,90.8358252427185,0.89729,0.67433,11
/results/PPAC_BACSU/run1/02_hierarchical_m_fold_sampling_2haw/sampling_round_10/02_sampling/sampling_11/group_13_unrelaxed_rank_001_alphafold2_ptm_model_1_seed_042.pdb,90.96987055016187,0.87296,0.67606,15
/results/PPAC_BACSU/run1/02_hierarchical_m_fold_sampling_2haw/sampling_round_10/02_sampling/sampling_11/group_7_unrelaxed_rank_001_alphafold2_ptm_model_1_seed_042.pdb,88.53504854368923,0.77106,0.69413,11
/results/PPAC_BACSU/run1/02_hierarchical_m_fold_sampling_2haw/sampling_round_10/02_sampling/sampling_11/group_4_unrelaxed_rank_001_alphafold2_ptm_model_1_seed_042.pdb,89.39067961165043,0.87427,0.6762,11
/results/PPAC_BACSU/run1/02_hierarchical_m_fold_sampling_2haw/sampling_round_10/02_sampling/sampling_11/group_12_unrelaxed_rank_001_alphafold2_ptm_model_1_seed_042.pdb,89.95928802589002,0.89298,0.67573,11
/results/PPAC_BACSU/run1/02_hierarchical_m_fold_sampling_2haw/sampling_round_10/02_sampling/sampling_11/group_5_unrelaxed_rank_001_alphafold2_ptm_model_1_seed_042.pdb,90.81588996763755,0.89846,0.67062,11
/results/PPAC_BACSU/run1/02_hierarchical_m_fold_sampling_2haw/sampling_round_10/02_sampling/sampling_11/group_10_unrelaxed_rank_001_alphafold2_ptm_model_1_seed_042.pdb,89.90330097087379,0.93358,0.67448,11
/results/PPAC_BACSU/run1/02_hierarchical_m_fold_sampling_2haw/sampling_round_10/02_sampling/sampling_11/group_3_unrelaxed_rank_001_alphafold2_ptm_model_1_seed_042.pdb,90.12673139158576,0.88416,0.67475,11
/results/PPAC_BACSU/run1/02_hierarchical_m_fold_sampling_2haw/sampling_round_10/02_sampling/sampling_11/group_9_unrelaxed_rank_001_alphafold2_ptm_model_1_seed_042.pdb,90.92796116504857,0.82905,0.68094,11
/results/PPAC_BACSU/run1/02_hierarchical_m_fold_sampling_2haw/sampling_round_10/02_sampling/sampling_11/group_1_unrelaxed_rank_001_alphafold2_ptm_model_1_seed_042.pdb,90.76271844660194,0.85404,0.68027,11
/results/PPAC_BACSU/run1/02_hierarchical_m_fold_sampling_2haw/sampling_round_10/02_sampling/sampling_11/group_11_unrelaxed_rank_001_alphafold2_ptm_model_1_seed_042.pdb,90.75165048543693,0.89569,0.67545,11
/results/PPAC_BACSU/run1/02_hierarchical_m_fold_sampling_2haw/sampling_round_10/02_sampling/sampling_11/group_2_unrelaxed_rank_001_alphafold2_ptm_model_1_seed_042.pdb,91.12129449838186,0.86225,0.67659,11
/results/PPAC_BACSU/run1/02_hierarchical_m_fold_sampling_2haw/sampling_round_10/02_sampling/sampling_13/group_8_unrelaxed_rank_001_alphafold2_ptm_model_1_seed_042.pdb,90.01210355987052,0.90197,0.67164,11
/results/PPAC_BACSU/run1/02_hierarchical_m_fold_sampling_2haw/sampling_round_10/02_sampling/sampling_13/group_6_unrelaxed_rank_001_alphafold2_ptm_model_1_seed_042.pdb,91.73029126213599,0.91869,0.67496,11
/results/PPAC_BACSU/run1/02_hierarchical_m_fold_sampling_2haw/sampling_round_10/02_sampling/sampling_13/group_13_unrelaxed_rank_001_alphafold2_ptm_model_1_seed_042.pdb,90.46902912621361,0.83812,0.68117,12
/results/PPAC_BACSU/run1/02_hierarchical_m_fold_sampling_2haw/sampling_round_10/02_sampling/sampling_13/group_7_unrelaxed_rank_001_alphafold2_ptm_model_1_seed_042.pdb,90.97576051779934,0.87638,0.67865,11
/results/PPAC_BACSU/run1/02_hierarchical_m_fold_sampling_2haw/sampling_round_10/02_sampling/sampling_13/group_4_unrelaxed_rank_001_alphafold2_ptm_model_1_seed_042.pdb,89.23220064724921,0.89285,0.67038,11
/results/PPAC_BACSU/run1/02_hierarchical_m_fold_sampling_2haw/sampling_round_10/02_sampling/sampling_13/group_12_unrelaxed_rank_001_alphafold2_ptm_model_1_seed_042.pdb,91.46967637540456,0.8633,0.68147,11
/results/PPAC_BACSU/run1/02_hierarchical_m_fold_sampling_2haw/sampling_round_10/02_sampling/sampling_13/group_5_unrelaxed_rank_001_alphafold2_ptm_model_1_seed_042.pdb,90.18970873786417,0.90239,0.6734,11
/results/PPAC_BACSU/run1/02_hierarchical_m_fold_sampling_2haw/sampling_round_10/02_sampling/sampling_13/group_10_unrelaxed_rank_001_alphafold2_ptm_model_1_seed_042.pdb,90.67025889967638,0.75001,0.70553,11
/results/PPAC_BACSU/run1/02_hierarchical_m_fold_sampling_2haw/sampling_round_10/02_sampling/sampling_13/group_3_unrelaxed_rank_001_alphafold2_ptm_model_1_seed_042.pdb,90.78974110032358,0.87875,0.67536,11
/results/PPAC_BACSU/run1/02_hierarchical_m_fold_sampling_2haw/sampling_round_10/02_sampling/sampling_13/group_9_unrelaxed_rank_001_alphafold2_ptm_model_1_seed_042.pdb,91.21805825242721,0.88518,0.67147,11
/results/PPAC_BACSU/run1/02_hierarchical_m_fold_sampling_2haw/sampling_round_10/02_sampling/sampling_13/group_1_unrelaxed_rank_001_alphafold2_ptm_model_1_seed_042.pdb,91.07987055016181,0.84126,0.67959,11
/results/PPAC_BACSU/run1/02_hierarchical_m_fold_sampling_2haw/sampling_round_10/02_sampling/sampling_13/group_11_unrelaxed_rank_001_alphafold2_ptm_model_1_seed_042.pdb,90.10585760517807,0.91138,0.67255,11
/results/PPAC_BACSU/run1/02_hierarchical_m_fold_sampling_2haw/sampling_round_10/02_sampling/sampling_13/group_2_unrelaxed_rank_001_alphafold2_ptm_model_1_seed_042.pdb,91.96708737864073,0.80305,0.68473,11
/results/PPAC_BACSU/run1/02_hierarchical_m_fold_sampling_2haw/sampling_round_10/02_sampling/sampling_4/group_8_unrelaxed_rank_001_alphafold2_ptm_model_1_seed_042.pdb,92.45595469255662,0.80414,0.68603,11
/results/PPAC_BACSU/run1/02_hierarchical_m_fold_sampling_2haw/sampling_round_10/02_sampling/sampling_4/group_6_unrelaxed_rank_001_alphafold2_ptm_model_1_seed_042.pdb,88.93566343042073,0.88727,0.64045,11
/results/PPAC_BACSU/run1/02_hierarchical_m_fold_sampling_2haw/sampling_round_10/02_sampling/sampling_4/group_13_unrelaxed_rank_001_alphafold2_ptm_model_1_seed_042.pdb,91.22478964401296,0.91343,0.67526,15
/results/PPAC_BACSU/run1/02_hierarchical_m_fold_sampling_2haw/sampling_round_10/02_sampling/sampling_4/group_7_unrelaxed_rank_001_alphafold2_ptm_model_1_seed_042.pdb,91.72210355987055,0.891,0.67688,11
/results/PPAC_BACSU/run1/02_hierarchical_m_fold_sampling_2haw/sampling_round_10/02_sampling/sampling_4/group_4_unrelaxed_rank_001_alphafold2_ptm_model_1_seed_042.pdb,90.13488673139165,0.80854,0.6782,11
/results/PPAC_BACSU/run1/02_hierarchical_m_fold_sampling_2haw/sampling_round_10/02_sampling/sampling_4/group_12_unrelaxed_rank_001_alphafold2_ptm_model_1_seed_042.pdb,89.49317152103563,0.85239,0.67705,11
/results/PPAC_BACSU/run1/02_hierarchical_m_fold_sampling_2haw/sampling_round_10/02_sampling/sampling_4/group_5_unrelaxed_rank_001_alphafold2_ptm_model_1_seed_042.pdb,90.4901941747572,0.8875,0.67428,11
/results/PPAC_BACSU/run1/02_hierarchical_m_fold_sampling_2haw/sampling_round_10/02_sampling/sampling_4/group_10_unrelaxed_rank_001_alphafold2_ptm_model_1_seed_042.pdb,90.80935275080903,0.9174,0.67346,11
/results/PPAC_BACSU/run1/02_hierarchical_m_fold_sampling_2haw/sampling_round_10/02_sampling/sampling_4/group_3_unrelaxed_rank_001_alphafold2_ptm_model_1_seed_042.pdb,90.99705501618124,0.84235,0.67595,11
/results/PPAC_BACSU/run1/02_hierarchical_m_fold_sampling_2haw/sampling_round_10/02_sampling/sampling_4/group_9_unrelaxed_rank_001_alphafold2_ptm_model_1_seed_042.pdb,90.51171521035604,0.65964,0.92032,11
/results/PPAC_BACSU/run1/02_hierarchical_m_fold_sampling_2haw/sampling_round_10/02_sampling/sampling_4/group_1_unrelaxed_rank_001_alphafold2_ptm_model_1_seed_042.pdb,90.88974110032362,0.8952,0.67721,11
/results/PPAC_BACSU/run1/02_hierarchical_m_fold_sampling_2haw/sampling_round_10/02_sampling/sampling_4/group_11_unrelaxed_rank_001_alphafold2_ptm_model_1_seed_042.pdb,89.6021035598706,0.86746,0.67663,11
/results/PPAC_BACSU/run1/02_hierarchical_m_fold_sampling_2haw/sampling_round_10/02_sampling/sampling_4/group_2_unrelaxed_rank_001_alphafold2_ptm_model_1_seed_042.pdb,89.73423948220069,0.79057,0.67831,11
/results/PPAC_BACSU/run1/02_hierarchical_m_fold_sampling_2haw/sampling_round_10/02_sampling/sampling_12/group_8_unrelaxed_rank_001_alphafold2_ptm_model_1_seed_042.pdb,89.95634304207121,0.75198,0.71195,11
/results/PPAC_BACSU/run1/02_hierarchical_m_fold_sampling_2haw/sampling_round_10/02_sampling/sampling_12/group_6_unrelaxed_rank_001_alphafold2_ptm_model_1_seed_042.pdb,91.87355987055018,0.88788,0.67562,11
/results/PPAC_BACSU/run1/02_hierarchical_m_fold_sampling_2haw/sampling_round_10/02_sampling/sampling_12/group_13_unrelaxed_rank_001_alphafold2_ptm_model_1_seed_042.pdb,89.44242718446614,0.83094,0.67742,15
/results/PPAC_BACSU/run1/02_hierarchical_m_fold_sampling_2haw/sampling_round_10/02_sampling/sampling_12/group_7_unrelaxed_rank_001_alphafold2_ptm_model_1_seed_042.pdb,90.76592233009715,0.88093,0.67584,11
/results/PPAC_BACSU/run1/02_hierarchical_m_fold_sampling_2haw/sampling_round_10/02_sampling/sampling_12/group_4_unrelaxed_rank_001_alphafold2_ptm_model_1_seed_042.pdb,90.06559870550167,0.91266,0.67238,11
/results/PPAC_BACSU/run1/02_hierarchical_m_fold_sampling_2haw/sampling_round_10/02_sampling/sampling_12/group_12_unrelaxed_rank_001_alphafold2_ptm_model_1_seed_042.pdb,91.88692556634307,0.90533,0.67044,11
/results/PPAC_BACSU/run1/02_hierarchical_m_fold_sampling_2haw/sampling_round_10/02_sampling/sampling_12/group_5_unrelaxed_rank_001_alphafold2_ptm_model_1_seed_042.pdb,89.75857605177993,0.90649,0.67194,11
/results/PPAC_BACSU/run1/02_hierarchical_m_fold_sampling_2haw/sampling_round_10/02_sampling/sampling_12/group_10_unrelaxed_rank_001_alphafold2_ptm_model_1_seed_042.pdb,89.81996763754044,0.76777,0.70221,11
/results/PPAC_BACSU/run1/02_hierarchical_m_fold_sampling_2haw/sampling_round_10/02_sampling/sampling_12/group_3_unrelaxed_rank_001_alphafold2_ptm_model_1_seed_042.pdb,91.24391585760512,0.8971,0.6742,11
/results/PPAC_BACSU/run1/02_hierarchical_m_fold_sampling_2haw/sampling_round_10/02_sampling/sampling_12/group_9_unrelaxed_rank_001_alphafold2_ptm_model_1_seed_042.pdb,91.67462783171527,0.89181,0.67709,11
/results/PPAC_BACSU/run1/02_hierarchical_m_fold_sampling_2haw/sampling_round_10/02_sampling/sampling_12/group_1_unrelaxed_rank_001_alphafold2_ptm_model_1_seed_042.pdb,89.96446601941746,0.85521,0.6775,11
/results/PPAC_BACSU/run1/02_hierarchical_m_fold_sampling_2haw/sampling_round_10/02_sampling/sampling_12/group_11_unrelaxed_rank_001_alphafold2_ptm_model_1_seed_042.pdb,89.40177993527506,0.76437,0.69265,11
/results/PPAC_BACSU/run1/02_hierarchical_m_fold_sampling_2haw/sampling_round_10/02_sampling/sampling_12/group_2_unrelaxed_rank_001_alphafold2_ptm_model_1_seed_042.pdb,89.65197411003241,0.88335,0.67529,11
/results/PPAC_BACSU/run1/02_hierarchical_m_fold_sampling_2haw/sampling_round_10/02_sampling/sampling_3/group_8_unrelaxed_rank_001_alphafold2_ptm_model_1_seed_042.pdb,88.86278317152102,0.88321,0.6705,11
/results/PPAC_BACSU/run1/02_hierarchical_m_fold_sampling_2haw/sampling_round_10/02_sampling/sampling_3/group_6_unrelaxed_rank_001_alphafold2_ptm_model_1_seed_042.pdb,91.93631067961165,0.88324,0.67301,11
/results/PPAC_BACSU/run1/02_hierarchical_m_fold_sampling_2haw/sampling_round_10/02_sampling/sampling_3/group_13_unrelaxed_rank_001_alphafold2_ptm_model_1_seed_042.pdb,91.00922330097094,0.86047,0.67928,15
/results/PPAC_BACSU/run1/02_hierarchical_m_fold_sampling_2haw/sampling_round_10/02_sampling/sampling_3/group_7_unrelaxed_rank_001_alphafold2_ptm_model_1_seed_042.pdb,90.38666666666664,0.83936,0.68058,11
/results/PPAC_BACSU/run1/02_hierarchical_m_fold_sampling_2haw/sampling_round_10/02_sampling/sampling_3/group_4_unrelaxed_rank_001_alphafold2_ptm_model_1_seed_042.pdb,89.3085436893204,0.86601,0.67486,11
/results/PPAC_BACSU/run1/02_hierarchical_m_fold_sampling_2haw/sampling_round_10/02_sampling/sampling_3/group_12_unrelaxed_rank_001_alphafold2_ptm_model_1_seed_042.pdb,91.93414239482199,0.92231,0.67649,11
/results/PPAC_BACSU/run1/02_hierarchical_m_fold_sampling_2haw/sampling_round_10/02_sampling/sampling_3/group_5_unrelaxed_rank_001_alphafold2_ptm_model_1_seed_042.pdb,91.40974110032366,0.88981,0.67775,11
/results/PPAC_BACSU/run1/02_hierarchical_m_fold_sampling_2haw/sampling_round_10/02_sampling/sampling_3/group_10_unrelaxed_rank_001_alphafold2_ptm_model_1_seed_042.pdb,90.78546925566347,0.88106,0.6788,11
/results/PPAC_BACSU/run1/02_hierarchical_m_fold_sampling_2haw/sampling_round_10/02_sampling/sampling_3/group_3_unrelaxed_rank_001_alphafold2_ptm_model_1_seed_042.pdb,90.81828478964403,0.87465,0.67445,11
/results/PPAC_BACSU/run1/02_hierarchical_m_fold_sampling_2haw/sampling_round_10/02_sampling/sampling_3/group_9_unrelaxed_rank_001_alphafold2_ptm_model_1_seed_042.pdb,90.4375080906149,0.91037,0.67467,11
/results/PPAC_BACSU/run1/02_hierarchical_m_fold_sampling_2haw/sampling_round_10/02_sampling/sampling_3/group_1_unrelaxed_rank_001_alphafold2_ptm_model_1_seed_042.pdb,92.4839158576052,0.90904,0.67426,11
/results/PPAC_BACSU/run1/02_hierarchical_m_fold_sampling_2haw/sampling_round_10/02_sampling/sampling_3/group_11_unrelaxed_rank_001_alphafold2_ptm_model_1_seed_042.pdb,89.74326860841424,0.73452,0.71547,11
/results/PPAC_BACSU/run1/02_hierarchical_m_fold_sampling_2haw/sampling_round_10/02_sampling/sampling_3/group_2_unrelaxed_rank_001_alphafold2_ptm_model_1_seed_042.pdb,90.71404530744336,0.83689,0.67842,11
/results/PPAC_BACSU/run1/02_hierarchical_m_fold_sampling_2haw/sampling_round_10/02_sampling/sampling_14/group_8_unrelaxed_rank_001_alphafold2_ptm_model_1_seed_042.pdb,90.44588996763758,0.87837,0.6765,11
/results/PPAC_BACSU/run1/02_hierarchical_m_fold_sampling_2haw/sampling_round_10/02_sampling/sampling_14/group_6_unrelaxed_rank_001_alphafold2_ptm_model_1_seed_042.pdb,90.83987055016185,0.88869,0.67452,11
/results/PPAC_BACSU/run1/02_hierarchical_m_fold_sampling_2haw/sampling_round_10/02_sampling/sampling_14/group_13_unrelaxed_rank_001_alphafold2_ptm_model_1_seed_042.pdb,91.62721682847902,0.73438,0.71923,15
/results/PPAC_BACSU/run1/02_hierarchical_m_fold_sampling_2haw/sampling_round_10/02_sampling/sampling_14/group_7_unrelaxed_rank_001_alphafold2_ptm_model_1_seed_042.pdb,89.16854368932037,0.67524,0.89485,11
/results/PPAC_BACSU/run1/02_hierarchical_m_fold_sampling_2haw/sampling_round_10/02_sampling/sampling_14/group_4_unrelaxed_rank_001_alphafold2_ptm_model_1_seed_042.pdb,90.58734627831711,0.88712,0.67604,11
/results/PPAC_BACSU/run1/02_hierarchical_m_fold_sampling_2haw/sampling_round_10/02_sampling/sampling_14/group_12_unrelaxed_rank_001_alphafold2_ptm_model_1_seed_042.pdb,90.26453074433657,0.89218,0.67517,11
/results/PPAC_BACSU/run1/02_hierarchical_m_fold_sampling_2haw/sampling_round_10/02_sampling/sampling_14/group_5_unrelaxed_rank_001_alphafold2_ptm_model_1_seed_042.pdb,91.07375404530741,0.91193,0.67226,11
/results/PPAC_BACSU/run1/02_hierarchical_m_fold_sampling_2haw/sampling_round_10/02_sampling/sampling_14/group_10_unrelaxed_rank_001_alphafold2_ptm_model_1_seed_042.pdb,90.62423948220061,0.87756,0.67461,11
/results/PPAC_BACSU/run1/02_hierarchical_m_fold_sampling_2haw/sampling_round_10/02_sampling/sampling_14/group_3_unrelaxed_rank_001_alphafold2_ptm_model_1_seed_042.pdb,90.63760517799358,0.82556,0.67599,11
/results/PPAC_BACSU/run1/02_hierarchical_m_fold_sampling_2haw/sampling_round_10/02_sampling/sampling_14/group_9_unrelaxed_rank_001_alphafold2_ptm_model_1_seed_042.pdb,90.64074433656963,0.85635,0.6753,11
/results/PPAC_BACSU/run1/02_hierarchical_m_fold_sampling_2haw/sampling_round_10/02_sampling/sampling_14/group_1_unrelaxed_rank_001_alphafold2_ptm_model_1_seed_042.pdb,91.66029126213594,0.75055,0.71,11
/results/PPAC_BACSU/run1/02_hierarchical_m_fold_sampling_2haw/sampling_round_10/02_sampling/sampling_14/group_11_unrelaxed_rank_001_alphafold2_ptm_model_1_seed_042.pdb,90.858220064725,0.91399,0.67129,11
/results/PPAC_BACSU/run1/02_hierarchical_m_fold_sampling_2haw/sampling_round_10/02_sampling/sampling_14/group_2_unrelaxed_rank_001_alphafold2_ptm_model_1_seed_042.pdb,87.44669902912622,0.83163,0.68365,11
/results/PPAC_BACSU/run1/02_hierarchical_m_fold_sampling_2haw/sampling_round_9/02_sampling/sampling_10/group_8_unrelaxed_rank_001_alphafold2_ptm_model_1_seed_042.pdb,90.16974110032368,0.8703,0.67637,11
/results/PPAC_BACSU/run1/02_hierarchical_m_fold_sampling_2haw/sampling_round_9/02_sampling/sampling_10/group_6_unrelaxed_rank_001_alphafold2_ptm_model_1_seed_042.pdb,86.76621359223299,0.95751,0.67015,11
/results/PPAC_BACSU/run1/02_hierarchical_m_fold_sampling_2haw/sampling_round_9/02_sampling/sampling_10/group_13_unrelaxed_rank_001_alphafold2_ptm_model_1_seed_042.pdb,92.43728155339805,0.85846,0.67936,15
/results/PPAC_BACSU/run1/02_hierarchical_m_fold_sampling_2haw/sampling_round_9/02_sampling/sampling_10/group_7_unrelaxed_rank_001_alphafold2_ptm_model_1_seed_042.pdb,90.62126213592224,0.8882,0.67269,11
/results/PPAC_BACSU/run1/02_hierarchical_m_fold_sampling_2haw/sampling_round_9/02_sampling/sampling_10/group_4_unrelaxed_rank_001_alphafold2_ptm_model_1_seed_042.pdb,90.37100323624597,0.90219,0.67549,11
/results/PPAC_BACSU/run1/02_hierarchical_m_fold_sampling_2haw/sampling_round_9/02_sampling/sampling_10/group_12_unrelaxed_rank_001_alphafold2_ptm_model_1_seed_042.pdb,90.19430420711976,0.86556,0.67761,11
/results/PPAC_BACSU/run1/02_hierarchical_m_fold_sampling_2haw/sampling_round_9/02_sampling/sampling_10/group_5_unrelaxed_rank_001_alphafold2_ptm_model_1_seed_042.pdb,91.31818770226536,0.87943,0.67707,11
/results/PPAC_BACSU/run1/02_hierarchical_m_fold_sampling_2haw/sampling_round_9/02_sampling/sampling_10/group_10_unrelaxed_rank_001_alphafold2_ptm_model_1_seed_042.pdb,91.50401294498386,0.86793,0.6779,11
/results/PPAC_BACSU/run1/02_hierarchical_m_fold_sampling_2haw/sampling_round_9/02_sampling/sampling_10/group_3_unrelaxed_rank_001_alphafold2_ptm_model_1_seed_042.pdb,92.12077669902921,0.88292,0.67695,11
/results/PPAC_BACSU/run1/02_hierarchical_m_fold_sampling_2haw/sampling_round_9/02_sampling/sampling_10/group_9_unrelaxed_rank_001_alphafold2_ptm_model_1_seed_042.pdb,89.32922330097084,0.82214,0.67879,11
/results/PPAC_BACSU/run1/02_hierarchical_m_fold_sampling_2haw/sampling_round_9/02_sampling/sampling_10/group_1_unrelaxed_rank_001_alphafold2_ptm_model_1_seed_042.pdb,90.53540453074426,0.87775,0.67352,11
/results/PPAC_BACSU/run1/02_hierarchical_m_fold_sampling_2haw/sampling_round_9/02_sampling/sampling_10/group_11_unrelaxed_rank_001_alphafold2_ptm_model_1_seed_042.pdb,89.64996763754043,0.78396,0.69266,11
/results/PPAC_BACSU/run1/02_hierarchical_m_fold_sampling_2haw/sampling_round_9/02_sampling/sampling_10/group_2_unrelaxed_rank_001_alphafold2_ptm_model_1_seed_042.pdb,91.42889967637541,0.86194,0.67982,11
/results/PPAC_BACSU/run1/02_hierarchical_m_fold_sampling_2haw/sampling_round_9/02_sampling/sampling_9/group_8_unrelaxed_rank_001_alphafold2_ptm_model_1_seed_042.pdb,89.69359223300971,0.87551,0.67474,11
/results/PPAC_BACSU/run1/02_hierarchical_m_fold_sampling_2haw/sampling_round_9/02_sampling/sampling_9/group_6_unrelaxed_rank_001_alphafold2_ptm_model_1_seed_042.pdb,91.01935275080908,0.69427,0.81212,11
/results/PPAC_BACSU/run1/02_hierarchical_m_fold_sampling_2haw/sampling_round_9/02_sampling/sampling_9/group_13_unrelaxed_rank_001_alphafold2_ptm_model_1_seed_042.pdb,90.97802588996761,0.86623,0.67722,15
/results/PPAC_BACSU/run1/02_hierarchical_m_fold_sampling_2haw/sampling_round_9/02_sampling/sampling_9/group_7_unrelaxed_rank_001_alphafold2_ptm_model_1_seed_042.pdb,90.75346278317151,0.87077,0.67636,11
/results/PPAC_BACSU/run1/02_hierarchical_m_fold_sampling_2haw/sampling_round_9/02_sampling/sampling_9/group_4_unrelaxed_rank_001_alphafold2_ptm_model_1_seed_042.pdb,91.09394822006477,0.90845,0.67407,11
/results/PPAC_BACSU/run1/02_hierarchical_m_fold_sampling_2haw/sampling_round_9/02_sampling/sampling_9/group_12_unrelaxed_rank_001_alphafold2_ptm_model_1_seed_042.pdb,91.45618122977345,0.89046,0.67636,11
/results/PPAC_BACSU/run1/02_hierarchical_m_fold_sampling_2haw/sampling_round_9/02_sampling/sampling_9/group_5_unrelaxed_rank_001_alphafold2_ptm_model_1_seed_042.pdb,91.05601941747574,0.91801,0.67498,11
/results/PPAC_BACSU/run1/02_hierarchical_m_fold_sampling_2haw/sampling_round_9/02_sampling/sampling_9/group_10_unrelaxed_rank_001_alphafold2_ptm_model_1_seed_042.pdb,87.79229773462777,0.81037,0.66769,11
/results/PPAC_BACSU/run1/02_hierarchical_m_fold_sampling_2haw/sampling_round_9/02_sampling/sampling_9/group_3_unrelaxed_rank_001_alphafold2_ptm_model_1_seed_042.pdb,89.96854368932036,0.8849,0.67434,11
/results/PPAC_BACSU/run1/02_hierarchical_m_fold_sampling_2haw/sampling_round_9/02_sampling/sampling_9/group_9_unrelaxed_rank_001_alphafold2_ptm_model_1_seed_042.pdb,90.82119741100327,0.87959,0.67817,11
/results/PPAC_BACSU/run1/02_hierarchical_m_fold_sampling_2haw/sampling_round_9/02_sampling/sampling_9/group_1_unrelaxed_rank_001_alphafold2_ptm_model_1_seed_042.pdb,88.80307443365707,0.76389,0.69717,11
/results/PPAC_BACSU/run1/02_hierarchical_m_fold_sampling_2haw/sampling_round_9/02_sampling/sampling_9/group_11_unrelaxed_rank_001_alphafold2_ptm_model_1_seed_042.pdb,89.54233009708742,0.87686,0.67472,11
/results/PPAC_BACSU/run1/02_hierarchical_m_fold_sampling_2haw/sampling_round_9/02_sampling/sampling_9/group_2_unrelaxed_rank_001_alphafold2_ptm_model_1_seed_042.pdb,90.02909385113276,0.72016,0.73316,11
/results/PPAC_BACSU/run1/02_hierarchical_m_fold_sampling_2haw/sampling_round_9/02_sampling/sampling_6/group_8_unrelaxed_rank_001_alphafold2_ptm_model_1_seed_042.pdb,86.03411003236249,0.80845,0.6562,11
/results/PPAC_BACSU/run1/02_hierarchical_m_fold_sampling_2haw/sampling_round_9/02_sampling/sampling_6/group_6_unrelaxed_rank_001_alphafold2_ptm_model_1_seed_042.pdb,91.10368932038838,0.906,0.67004,11
/results/PPAC_BACSU/run1/02_hierarchical_m_fold_sampling_2haw/sampling_round_9/02_sampling/sampling_6/group_13_unrelaxed_rank_001_alphafold2_ptm_model_1_seed_042.pdb,91.222427184466,0.89053,0.67394,15
/results/PPAC_BACSU/run1/02_hierarchical_m_fold_sampling_2haw/sampling_round_9/02_sampling/sampling_6/group_7_unrelaxed_rank_001_alphafold2_ptm_model_1_seed_042.pdb,91.09491909385109,0.89372,0.67474,11
/results/PPAC_BACSU/run1/02_hierarchical_m_fold_sampling_2haw/sampling_round_9/02_sampling/sampling_6/group_4_unrelaxed_rank_001_alphafold2_ptm_model_1_seed_042.pdb,91.77362459546926,0.821,0.67988,11
/results/PPAC_BACSU/run1/02_hierarchical_m_fold_sampling_2haw/sampling_round_9/02_sampling/sampling_6/group_12_unrelaxed_rank_001_alphafold2_ptm_model_1_seed_042.pdb,90.53779935275085,0.85742,0.67889,11
/results/PPAC_BACSU/run1/02_hierarchical_m_fold_sampling_2haw/sampling_round_9/02_sampling/sampling_6/group_5_unrelaxed_rank_001_alphafold2_ptm_model_1_seed_042.pdb,90.32585760517799,0.92063,0.67165,11
/results/PPAC_BACSU/run1/02_hierarchical_m_fold_sampling_2haw/sampling_round_9/02_sampling/sampling_6/group_10_unrelaxed_rank_001_alphafold2_ptm_model_1_seed_042.pdb,91.54689320388349,0.87543,0.67789,11
/results/PPAC_BACSU/run1/02_hierarchical_m_fold_sampling_2haw/sampling_round_9/02_sampling/sampling_6/group_3_unrelaxed_rank_001_alphafold2_ptm_model_1_seed_042.pdb,90.39592233009716,0.67449,0.89485,11
/results/PPAC_BACSU/run1/02_hierarchical_m_fold_sampling_2haw/sampling_round_9/02_sampling/sampling_6/group_9_unrelaxed_rank_001_alphafold2_ptm_model_1_seed_042.pdb,88.98864077669897,0.89069,0.64343,11
/results/PPAC_BACSU/run1/02_hierarchical_m_fold_sampling_2haw/sampling_round_9/02_sampling/sampling_6/group_1_unrelaxed_rank_001_alphafold2_ptm_model_1_seed_042.pdb,89.72815533980584,0.69041,0.78931,11
/results/PPAC_BACSU/run1/02_hierarchical_m_fold_sampling_2haw/sampling_round_9/02_sampling/sampling_6/group_11_unrelaxed_rank_001_alphafold2_ptm_model_1_seed_042.pdb,91.58449838187695,0.69491,0.81709,11
/results/PPAC_BACSU/run1/02_hierarchical_m_fold_sampling_2haw/sampling_round_9/02_sampling/sampling_6/group_2_unrelaxed_rank_001_alphafold2_ptm_model_1_seed_042.pdb,91.21754045307438,0.84285,0.68024,11
/results/PPAC_BACSU/run1/02_hierarchical_m_fold_sampling_2haw/sampling_round_9/02_sampling/sampling_1/group_8_unrelaxed_rank_001_alphafold2_ptm_model_1_seed_042.pdb,90.0694498381877,0.82962,0.67822,11
/results/PPAC_BACSU/run1/02_hierarchical_m_fold_sampling_2haw/sampling_round_9/02_sampling/sampling_1/group_6_unrelaxed_rank_001_alphafold2_ptm_model_1_seed_042.pdb,89.38197411003233,0.79176,0.68838,11
/results/PPAC_BACSU/run1/02_hierarchical_m_fold_sampling_2haw/sampling_round_9/02_sampling/sampling_1/group_13_unrelaxed_rank_001_alphafold2_ptm_model_1_seed_042.pdb,91.15770226537217,0.79213,0.68463,15
/results/PPAC_BACSU/run1/02_hierarchical_m_fold_sampling_2haw/sampling_round_9/02_sampling/sampling_1/group_7_unrelaxed_rank_001_alphafold2_ptm_model_1_seed_042.pdb,90.58326860841426,0.87902,0.67955,11
/results/PPAC_BACSU/run1/02_hierarchical_m_fold_sampling_2haw/sampling_round_9/02_sampling/sampling_1/group_4_unrelaxed_rank_001_alphafold2_ptm_model_1_seed_042.pdb,90.51216828478968,0.90036,0.67372,11
/results/PPAC_BACSU/run1/02_hierarchical_m_fold_sampling_2haw/sampling_round_9/02_sampling/sampling_1/group_12_unrelaxed_rank_001_alphafold2_ptm_model_1_seed_042.pdb,89.46699029126216,0.89323,0.67571,11
/results/PPAC_BACSU/run1/02_hierarchical_m_fold_sampling_2haw/sampling_round_9/02_sampling/sampling_1/group_5_unrelaxed_rank_001_alphafold2_ptm_model_1_seed_042.pdb,90.77291262135921,0.92337,0.67539,11
/results/PPAC_BACSU/run1/02_hierarchical_m_fold_sampling_2haw/sampling_round_9/02_sampling/sampling_1/group_10_unrelaxed_rank_001_alphafold2_ptm_model_1_seed_042.pdb,88.74566343042069,0.86193,0.66723,11
/results/PPAC_BACSU/run1/02_hierarchical_m_fold_sampling_2haw/sampling_round_9/02_sampling/sampling_1/group_3_unrelaxed_rank_001_alphafold2_ptm_model_1_seed_042.pdb,89.24326860841421,0.87555,0.67676,11
/results/PPAC_BACSU/run1/02_hierarchical_m_fold_sampling_2haw/sampling_round_9/02_sampling/sampling_1/group_9_unrelaxed_rank_001_alphafold2_ptm_model_1_seed_042.pdb,91.81252427184467,0.82772,0.68203,11
/results/PPAC_BACSU/run1/02_hierarchical_m_fold_sampling_2haw/sampling_round_9/02_sampling/sampling_1/group_1_unrelaxed_rank_001_alphafold2_ptm_model_1_seed_042.pdb,90.48783171521045,0.86081,0.67818,11
/results/PPAC_BACSU/run1/02_hierarchical_m_fold_sampling_2haw/sampling_round_9/02_sampling/sampling_1/group_11_unrelaxed_rank_001_alphafold2_ptm_model_1_seed_042.pdb,90.94245954692553,0.89443,0.67117,11
/results/PPAC_BACSU/run1/02_hierarchical_m_fold_sampling_2haw/sampling_round_9/02_sampling/sampling_1/group_2_unrelaxed_rank_001_alphafold2_ptm_model_1_seed_042.pdb,90.68291262135918,0.86709,0.67807,11
/results/PPAC_BACSU/run1/02_hierarchical_m_fold_sampling_2haw/sampling_round_9/02_sampling/sampling_5/group_8_unrelaxed_rank_001_alphafold2_ptm_model_1_seed_042.pdb,89.82103559870552,0.88869,0.67149,11
/results/PPAC_BACSU/run1/02_hierarchical_m_fold_sampling_2haw/sampling_round_9/02_sampling/sampling_5/group_6_unrelaxed_rank_001_alphafold2_ptm_model_1_seed_042.pdb,91.71255663430425,0.72348,0.73494,11
/results/PPAC_BACSU/run1/02_hierarchical_m_fold_sampling_2haw/sampling_round_9/02_sampling/sampling_5/group_13_unrelaxed_rank_001_alphafold2_ptm_model_1_seed_042.pdb,91.74546925566347,0.88121,0.67471,15
/results/PPAC_BACSU/run1/02_hierarchical_m_fold_sampling_2haw/sampling_round_9/02_sampling/sampling_5/group_7_unrelaxed_rank_001_alphafold2_ptm_model_1_seed_042.pdb,91.96171521035605,0.88755,0.67785,11
/results/PPAC_BACSU/run1/02_hierarchical_m_fold_sampling_2haw/sampling_round_9/02_sampling/sampling_5/group_4_unrelaxed_rank_001_alphafold2_ptm_model_1_seed_042.pdb,87.45569579288023,0.88929,0.66587,11
/results/PPAC_BACSU/run1/02_hierarchical_m_fold_sampling_2haw/sampling_round_9/02_sampling/sampling_5/group_12_unrelaxed_rank_001_alphafold2_ptm_model_1_seed_042.pdb,89.52317152103555,0.91183,0.66391,11
/results/PPAC_BACSU/run1/02_hierarchical_m_fold_sampling_2haw/sampling_round_9/02_sampling/sampling_5/group_5_unrelaxed_rank_001_alphafold2_ptm_model_1_seed_042.pdb,89.77870550161819,0.89218,0.67391,11
/results/PPAC_BACSU/run1/02_hierarchical_m_fold_sampling_2haw/sampling_round_9/02_sampling/sampling_5/group_10_unrelaxed_rank_001_alphafold2_ptm_model_1_seed_042.pdb,90.05430420711976,0.84841,0.67879,11
/results/PPAC_BACSU/run1/02_hierarchical_m_fold_sampling_2haw/sampling_round_9/02_sampling/sampling_5/group_3_unrelaxed_rank_001_alphafold2_ptm_model_1_seed_042.pdb,91.22880258899673,0.85987,0.68097,11
/results/PPAC_BACSU/run1/02_hierarchical_m_fold_sampling_2haw/sampling_round_9/02_sampling/sampling_5/group_9_unrelaxed_rank_001_alphafold2_ptm_model_1_seed_042.pdb,89.18019417475722,0.8426,0.678,11
/results/PPAC_BACSU/run1/02_hierarchical_m_fold_sampling_2haw/sampling_round_9/02_sampling/sampling_5/group_1_unrelaxed_rank_001_alphafold2_ptm_model_1_seed_042.pdb,90.26640776699034,0.89665,0.67623,11
/results/PPAC_BACSU/run1/02_hierarchical_m_fold_sampling_2haw/sampling_round_9/02_sampling/sampling_5/group_11_unrelaxed_rank_001_alphafold2_ptm_model_1_seed_042.pdb,91.04731391585757,0.87897,0.6801,11
/results/PPAC_BACSU/run1/02_hierarchical_m_fold_sampling_2haw/sampling_round_9/02_sampling/sampling_5/group_2_unrelaxed_rank_001_alphafold2_ptm_model_1_seed_042.pdb,89.86388349514561,0.9013,0.67454,11
/results/PPAC_BACSU/run1/02_hierarchical_m_fold_sampling_2haw/sampling_round_9/02_sampling/sampling_8/group_8_unrelaxed_rank_001_alphafold2_ptm_model_1_seed_042.pdb,90.31491909385109,0.92449,0.67533,11
/results/PPAC_BACSU/run1/02_hierarchical_m_fold_sampling_2haw/sampling_round_9/02_sampling/sampling_8/group_6_unrelaxed_rank_001_alphafold2_ptm_model_1_seed_042.pdb,91.13223300970878,0.88725,0.67516,11
/results/PPAC_BACSU/run1/02_hierarchical_m_fold_sampling_2haw/sampling_round_9/02_sampling/sampling_8/group_13_unrelaxed_rank_001_alphafold2_ptm_model_1_seed_042.pdb,90.35893203883491,0.9026,0.67434,15
/results/PPAC_BACSU/run1/02_hierarchical_m_fold_sampling_2haw/sampling_round_9/02_sampling/sampling_8/group_7_unrelaxed_rank_001_alphafold2_ptm_model_1_seed_042.pdb,91.0618122977346,0.79541,0.68558,11
/results/PPAC_BACSU/run1/02_hierarchical_m_fold_sampling_2haw/sampling_round_9/02_sampling/sampling_8/group_4_unrelaxed_rank_001_alphafold2_ptm_model_1_seed_042.pdb,90.9557928802589,0.88475,0.67655,11
/results/PPAC_BACSU/run1/02_hierarchical_m_fold_sampling_2haw/sampling_round_9/02_sampling/sampling_8/group_12_unrelaxed_rank_001_alphafold2_ptm_model_1_seed_042.pdb,90.46190938511329,0.8786,0.67637,11
/results/PPAC_BACSU/run1/02_hierarchical_m_fold_sampling_2haw/sampling_round_9/02_sampling/sampling_8/group_5_unrelaxed_rank_001_alphafold2_ptm_model_1_seed_042.pdb,91.21469255663422,0.8791,0.68183,11
/results/PPAC_BACSU/run1/02_hierarchical_m_fold_sampling_2haw/sampling_round_9/02_sampling/sampling_8/group_10_unrelaxed_rank_001_alphafold2_ptm_model_1_seed_042.pdb,91.07181229773458,0.87243,0.67324,11
/results/PPAC_BACSU/run1/02_hierarchical_m_fold_sampling_2haw/sampling_round_9/02_sampling/sampling_8/group_3_unrelaxed_rank_001_alphafold2_ptm_model_1_seed_042.pdb,91.71676375404532,0.67374,0.88886,11
/results/PPAC_BACSU/run1/02_hierarchical_m_fold_sampling_2haw/sampling_round_9/02_sampling/sampling_8/group_9_unrelaxed_rank_001_alphafold2_ptm_model_1_seed_042.pdb,91.20433656957928,0.89118,0.67925,11
/results/PPAC_BACSU/run1/02_hierarchical_m_fold_sampling_2haw/sampling_round_9/02_sampling/sampling_8/group_1_unrelaxed_rank_001_alphafold2_ptm_model_1_seed_042.pdb,90.50760517799351,0.86317,0.68049,11
/results/PPAC_BACSU/run1/02_hierarchical_m_fold_sampling_2haw/sampling_round_9/02_sampling/sampling_8/group_11_unrelaxed_rank_001_alphafold2_ptm_model_1_seed_042.pdb,87.76999999999997,0.92956,0.6708,11
/results/PPAC_BACSU/run1/02_hierarchical_m_fold_sampling_2haw/sampling_round_9/02_sampling/sampling_8/group_2_unrelaxed_rank_001_alphafold2_ptm_model_1_seed_042.pdb,89.2137216828479,0.85923,0.67616,11
/results/PPAC_BACSU/run1/02_hierarchical_m_fold_sampling_2haw/sampling_round_9/02_sampling/sampling_7/group_8_unrelaxed_rank_001_alphafold2_ptm_model_1_seed_042.pdb,91.06601941747564,0.87292,0.68049,11
/results/PPAC_BACSU/run1/02_hierarchical_m_fold_sampling_2haw/sampling_round_9/02_sampling/sampling_7/group_6_unrelaxed_rank_001_alphafold2_ptm_model_1_seed_042.pdb,89.47576051779932,0.87119,0.67725,11
/results/PPAC_BACSU/run1/02_hierarchical_m_fold_sampling_2haw/sampling_round_9/02_sampling/sampling_7/group_13_unrelaxed_rank_001_alphafold2_ptm_model_1_seed_042.pdb,90.78372168284783,0.85002,0.67689,15
/results/PPAC_BACSU/run1/02_hierarchical_m_fold_sampling_2haw/sampling_round_9/02_sampling/sampling_7/group_7_unrelaxed_rank_001_alphafold2_ptm_model_1_seed_042.pdb,90.32142394822009,0.86906,0.67938,11
/results/PPAC_BACSU/run1/02_hierarchical_m_fold_sampling_2haw/sampling_round_9/02_sampling/sampling_7/group_4_unrelaxed_rank_001_alphafold2_ptm_model_1_seed_042.pdb,90.84744336569582,0.89126,0.67708,11
/results/PPAC_BACSU/run1/02_hierarchical_m_fold_sampling_2haw/sampling_round_9/02_sampling/sampling_7/group_12_unrelaxed_rank_001_alphafold2_ptm_model_1_seed_042.pdb,90.58715210355987,0.83428,0.6775,11
/results/PPAC_BACSU/run1/02_hierarchical_m_fold_sampling_2haw/sampling_round_9/02_sampling/sampling_7/group_5_unrelaxed_rank_001_alphafold2_ptm_model_1_seed_042.pdb,89.6795792880259,0.85793,0.67811,11
/results/PPAC_BACSU/run1/02_hierarchical_m_fold_sampling_2haw/sampling_round_9/02_sampling/sampling_7/group_10_unrelaxed_rank_001_alphafold2_ptm_model_1_seed_042.pdb,91.17317152103564,0.90926,0.67393,11
/results/PPAC_BACSU/run1/02_hierarchical_m_fold_sampling_2haw/sampling_round_9/02_sampling/sampling_7/group_3_unrelaxed_rank_001_alphafold2_ptm_model_1_seed_042.pdb,91.2740129449838,0.85968,0.67781,11
/results/PPAC_BACSU/run1/02_hierarchical_m_fold_sampling_2haw/sampling_round_9/02_sampling/sampling_7/group_9_unrelaxed_rank_001_alphafold2_ptm_model_1_seed_042.pdb,90.80702265372173,0.92157,0.67013,11
/results/PPAC_BACSU/run1/02_hierarchical_m_fold_sampling_2haw/sampling_round_9/02_sampling/sampling_7/group_1_unrelaxed_rank_001_alphafold2_ptm_model_1_seed_042.pdb,87.66967637540455,0.89243,0.64165,11
/results/PPAC_BACSU/run1/02_hierarchical_m_fold_sampling_2haw/sampling_round_9/02_sampling/sampling_7/group_11_unrelaxed_rank_001_alphafold2_ptm_model_1_seed_042.pdb,91.3399352750809,0.89577,0.67869,11
/results/PPAC_BACSU/run1/02_hierarchical_m_fold_sampling_2haw/sampling_round_9/02_sampling/sampling_7/group_2_unrelaxed_rank_001_alphafold2_ptm_model_1_seed_042.pdb,90.31533980582522,0.88758,0.67369,11
/results/PPAC_BACSU/run1/02_hierarchical_m_fold_sampling_2haw/sampling_round_9/02_sampling/sampling_2/group_8_unrelaxed_rank_001_alphafold2_ptm_model_1_seed_042.pdb,90.58459546925569,0.91846,0.67112,11
/results/PPAC_BACSU/run1/02_hierarchical_m_fold_sampling_2haw/sampling_round_9/02_sampling/sampling_2/group_6_unrelaxed_rank_001_alphafold2_ptm_model_1_seed_042.pdb,91.61398058252428,0.92161,0.67313,11
/results/PPAC_BACSU/run1/02_hierarchical_m_fold_sampling_2haw/sampling_round_9/02_sampling/sampling_2/group_13_unrelaxed_rank_001_alphafold2_ptm_model_1_seed_042.pdb,91.92475728155344,0.71842,0.74401,15
/results/PPAC_BACSU/run1/02_hierarchical_m_fold_sampling_2haw/sampling_round_9/02_sampling/sampling_2/group_7_unrelaxed_rank_001_alphafold2_ptm_model_1_seed_042.pdb,90.18899676375399,0.86873,0.6805,11
/results/PPAC_BACSU/run1/02_hierarchical_m_fold_sampling_2haw/sampling_round_9/02_sampling/sampling_2/group_4_unrelaxed_rank_001_alphafold2_ptm_model_1_seed_042.pdb,91.4213268608414,0.90549,0.67292,11
/results/PPAC_BACSU/run1/02_hierarchical_m_fold_sampling_2haw/sampling_round_9/02_sampling/sampling_2/group_12_unrelaxed_rank_001_alphafold2_ptm_model_1_seed_042.pdb,91.06009708737857,0.89095,0.67869,11
/results/PPAC_BACSU/run1/02_hierarchical_m_fold_sampling_2haw/sampling_round_9/02_sampling/sampling_2/group_5_unrelaxed_rank_001_alphafold2_ptm_model_1_seed_042.pdb,91.30255663430418,0.67563,0.89133,11
/results/PPAC_BACSU/run1/02_hierarchical_m_fold_sampling_2haw/sampling_round_9/02_sampling/sampling_2/group_10_unrelaxed_rank_001_alphafold2_ptm_model_1_seed_042.pdb,90.54203883495147,0.88244,0.67772,11
/results/PPAC_BACSU/run1/02_hierarchical_m_fold_sampling_2haw/sampling_round_9/02_sampling/sampling_2/group_3_unrelaxed_rank_001_alphafold2_ptm_model_1_seed_042.pdb,90.77792880258905,0.89614,0.67707,11
/results/PPAC_BACSU/run1/02_hierarchical_m_fold_sampling_2haw/sampling_round_9/02_sampling/sampling_2/group_9_unrelaxed_rank_001_alphafold2_ptm_model_1_seed_042.pdb,86.64323624595472,0.85415,0.67727,11
/results/PPAC_BACSU/run1/02_hierarchical_m_fold_sampling_2haw/sampling_round_9/02_sampling/sampling_2/group_1_unrelaxed_rank_001_alphafold2_ptm_model_1_seed_042.pdb,90.10815533980578,0.84011,0.6727,11
/results/PPAC_BACSU/run1/02_hierarchical_m_fold_sampling_2haw/sampling_round_9/02_sampling/sampling_2/group_11_unrelaxed_rank_001_alphafold2_ptm_model_1_seed_042.pdb,90.74656957928795,0.90263,0.67627,11
/results/PPAC_BACSU/run1/02_hierarchical_m_fold_sampling_2haw/sampling_round_9/02_sampling/sampling_2/group_2_unrelaxed_rank_001_alphafold2_ptm_model_1_seed_042.pdb,91.02498381877028,0.87041,0.67819,11
/results/PPAC_BACSU/run1/02_hierarchical_m_fold_sampling_2haw/sampling_round_9/02_sampling/sampling_11/group_8_unrelaxed_rank_001_alphafold2_ptm_model_1_seed_042.pdb,91.04634304207121,0.86491,0.67538,11
/results/PPAC_BACSU/run1/02_hierarchical_m_fold_sampling_2haw/sampling_round_9/02_sampling/sampling_11/group_6_unrelaxed_rank_001_alphafold2_ptm_model_1_seed_042.pdb,90.75174757281549,0.85219,0.68095,11
/results/PPAC_BACSU/run1/02_hierarchical_m_fold_sampling_2haw/sampling_round_9/02_sampling/sampling_11/group_13_unrelaxed_rank_001_alphafold2_ptm_model_1_seed_042.pdb,91.37067961165056,0.78239,0.6864,15
/results/PPAC_BACSU/run1/02_hierarchical_m_fold_sampling_2haw/sampling_round_9/02_sampling/sampling_11/group_7_unrelaxed_rank_001_alphafold2_ptm_model_1_seed_042.pdb,89.40365695792885,0.77623,0.68791,11
/results/PPAC_BACSU/run1/02_hierarchical_m_fold_sampling_2haw/sampling_round_9/02_sampling/sampling_11/group_4_unrelaxed_rank_001_alphafold2_ptm_model_1_seed_042.pdb,91.45702265372171,0.89731,0.67712,11
/results/PPAC_BACSU/run1/02_hierarchical_m_fold_sampling_2haw/sampling_round_9/02_sampling/sampling_11/group_12_unrelaxed_rank_001_alphafold2_ptm_model_1_seed_042.pdb,90.04103559870549,0.85489,0.67896,11
/results/PPAC_BACSU/run1/02_hierarchical_m_fold_sampling_2haw/sampling_round_9/02_sampling/sampling_11/group_5_unrelaxed_rank_001_alphafold2_ptm_model_1_seed_042.pdb,87.84006472491916,0.86723,0.67439,11
/results/PPAC_BACSU/run1/02_hierarchical_m_fold_sampling_2haw/sampling_round_9/02_sampling/sampling_11/group_10_unrelaxed_rank_001_alphafold2_ptm_model_1_seed_042.pdb,90.73025889967639,0.70738,0.76385,11
/results/PPAC_BACSU/run1/02_hierarchical_m_fold_sampling_2haw/sampling_round_9/02_sampling/sampling_11/group_3_unrelaxed_rank_001_alphafold2_ptm_model_1_seed_042.pdb,91.86822006472492,0.90597,0.6729,11
/results/PPAC_BACSU/run1/02_hierarchical_m_fold_sampling_2haw/sampling_round_9/02_sampling/sampling_11/group_9_unrelaxed_rank_001_alphafold2_ptm_model_1_seed_042.pdb,90.2968284789644,0.86132,0.6763,11
/results/PPAC_BACSU/run1/02_hierarchical_m_fold_sampling_2haw/sampling_round_9/02_sampling/sampling_11/group_1_unrelaxed_rank_001_alphafold2_ptm_model_1_seed_042.pdb,91.11724919093851,0.87593,0.67671,11
/results/PPAC_BACSU/run1/02_hierarchical_m_fold_sampling_2haw/sampling_round_9/02_sampling/sampling_11/group_11_unrelaxed_rank_001_alphafold2_ptm_model_1_seed_042.pdb,89.13828478964395,0.91069,0.6722,11
/results/PPAC_BACSU/run1/02_hierarchical_m_fold_sampling_2haw/sampling_round_9/02_sampling/sampling_11/group_2_unrelaxed_rank_001_alphafold2_ptm_model_1_seed_042.pdb,91.74288025889972,0.93481,0.67467,11
/results/PPAC_BACSU/run1/02_hierarchical_m_fold_sampling_2haw/sampling_round_9/02_sampling/sampling_13/group_8_unrelaxed_rank_001_alphafold2_ptm_model_1_seed_042.pdb,90.54598705501618,0.87757,0.67893,11
/results/PPAC_BACSU/run1/02_hierarchical_m_fold_sampling_2haw/sampling_round_9/02_sampling/sampling_13/group_6_unrelaxed_rank_001_alphafold2_ptm_model_1_seed_042.pdb,91.53809061488674,0.89892,0.67253,11
/results/PPAC_BACSU/run1/02_hierarchical_m_fold_sampling_2haw/sampling_round_9/02_sampling/sampling_13/group_13_unrelaxed_rank_001_alphafold2_ptm_model_1_seed_042.pdb,90.39760517799353,0.86883,0.6758,12
/results/PPAC_BACSU/run1/02_hierarchical_m_fold_sampling_2haw/sampling_round_9/02_sampling/sampling_13/group_7_unrelaxed_rank_001_alphafold2_ptm_model_1_seed_042.pdb,91.29297734627836,0.91899,0.67127,11
/results/PPAC_BACSU/run1/02_hierarchical_m_fold_sampling_2haw/sampling_round_9/02_sampling/sampling_13/group_4_unrelaxed_rank_001_alphafold2_ptm_model_1_seed_042.pdb,89.5768284789644,0.91623,0.67574,11
/results/PPAC_BACSU/run1/02_hierarchical_m_fold_sampling_2haw/sampling_round_9/02_sampling/sampling_13/group_12_unrelaxed_rank_001_alphafold2_ptm_model_1_seed_042.pdb,89.5713268608414,0.81642,0.68385,11
/results/PPAC_BACSU/run1/02_hierarchical_m_fold_sampling_2haw/sampling_round_9/02_sampling/sampling_13/group_5_unrelaxed_rank_001_alphafold2_ptm_model_1_seed_042.pdb,90.99521035598703,0.89131,0.67098,11
/results/PPAC_BACSU/run1/02_hierarchical_m_fold_sampling_2haw/sampling_round_9/02_sampling/sampling_13/group_10_unrelaxed_rank_001_alphafold2_ptm_model_1_seed_042.pdb,90.88401294498382,0.88458,0.67486,11
/results/PPAC_BACSU/run1/02_hierarchical_m_fold_sampling_2haw/sampling_round_9/02_sampling/sampling_13/group_3_unrelaxed_rank_001_alphafold2_ptm_model_1_seed_042.pdb,89.06718446601937,0.92701,0.67378,11
/results/PPAC_BACSU/run1/02_hierarchical_m_fold_sampling_2haw/sampling_round_9/02_sampling/sampling_13/group_9_unrelaxed_rank_001_alphafold2_ptm_model_1_seed_042.pdb,90.9908090614887,0.83341,0.67618,11
/results/PPAC_BACSU/run1/02_hierarchical_m_fold_sampling_2haw/sampling_round_9/02_sampling/sampling_13/group_1_unrelaxed_rank_001_alphafold2_ptm_model_1_seed_042.pdb,88.99637540453078,0.90053,0.66804,11
/results/PPAC_BACSU/run1/02_hierarchical_m_fold_sampling_2haw/sampling_round_9/02_sampling/sampling_13/group_11_unrelaxed_rank_001_alphafold2_ptm_model_1_seed_042.pdb,91.19281553398055,0.88127,0.67898,11
/results/PPAC_BACSU/run1/02_hierarchical_m_fold_sampling_2haw/sampling_round_9/02_sampling/sampling_13/group_2_unrelaxed_rank_001_alphafold2_ptm_model_1_seed_042.pdb,88.74330097087378,0.85883,0.67828,11
/results/PPAC_BACSU/run1/02_hierarchical_m_fold_sampling_2haw/sampling_round_9/02_sampling/sampling_4/group_8_unrelaxed_rank_001_alphafold2_ptm_model_1_seed_042.pdb,90.6881877022653,0.88692,0.66984,11
/results/PPAC_BACSU/run1/02_hierarchical_m_fold_sampling_2haw/sampling_round_9/02_sampling/sampling_4/group_6_unrelaxed_rank_001_alphafold2_ptm_model_1_seed_042.pdb,90.83045307443365,0.88438,0.67629,11
/results/PPAC_BACSU/run1/02_hierarchical_m_fold_sampling_2haw/sampling_round_9/02_sampling/sampling_4/group_13_unrelaxed_rank_001_alphafold2_ptm_model_1_seed_042.pdb,91.625501618123,0.89413,0.67879,15
/results/PPAC_BACSU/run1/02_hierarchical_m_fold_sampling_2haw/sampling_round_9/02_sampling/sampling_4/group_7_unrelaxed_rank_001_alphafold2_ptm_model_1_seed_042.pdb,91.01938511326857,0.6869,0.86329,11
/results/PPAC_BACSU/run1/02_hierarchical_m_fold_sampling_2haw/sampling_round_9/02_sampling/sampling_4/group_4_unrelaxed_rank_001_alphafold2_ptm_model_1_seed_042.pdb,91.45313915857605,0.89238,0.6775,11
/results/PPAC_BACSU/run1/02_hierarchical_m_fold_sampling_2haw/sampling_round_9/02_sampling/sampling_4/group_12_unrelaxed_rank_001_alphafold2_ptm_model_1_seed_042.pdb,89.71223300970871,0.83905,0.67746,11
/results/PPAC_BACSU/run1/02_hierarchical_m_fold_sampling_2haw/sampling_round_9/02_sampling/sampling_4/group_5_unrelaxed_rank_001_alphafold2_ptm_model_1_seed_042.pdb,91.58511326860834,0.88257,0.67678,11
/results/PPAC_BACSU/run1/02_hierarchical_m_fold_sampling_2haw/sampling_round_9/02_sampling/sampling_4/group_10_unrelaxed_rank_001_alphafold2_ptm_model_1_seed_042.pdb,91.00074433656954,0.71562,0.7454,11
/results/PPAC_BACSU/run1/02_hierarchical_m_fold_sampling_2haw/sampling_round_9/02_sampling/sampling_4/group_3_unrelaxed_rank_001_alphafold2_ptm_model_1_seed_042.pdb,90.73320388349512,0.89924,0.67521,11
/results/PPAC_BACSU/run1/02_hierarchical_m_fold_sampling_2haw/sampling_round_9/02_sampling/sampling_4/group_9_unrelaxed_rank_001_alphafold2_ptm_model_1_seed_042.pdb,89.4188673139159,0.79604,0.68298,11
/results/PPAC_BACSU/run1/02_hierarchical_m_fold_sampling_2haw/sampling_round_9/02_sampling/sampling_4/group_1_unrelaxed_rank_001_alphafold2_ptm_model_1_seed_042.pdb,91.31974110032358,0.91637,0.67468,11
/results/PPAC_BACSU/run1/02_hierarchical_m_fold_sampling_2haw/sampling_round_9/02_sampling/sampling_4/group_11_unrelaxed_rank_001_alphafold2_ptm_model_1_seed_042.pdb,89.52155339805824,0.87881,0.67341,11
/results/PPAC_BACSU/run1/02_hierarchical_m_fold_sampling_2haw/sampling_round_9/02_sampling/sampling_4/group_2_unrelaxed_rank_001_alphafold2_ptm_model_1_seed_042.pdb,90.54436893203885,0.85968,0.68147,11
/results/PPAC_BACSU/run1/02_hierarchical_m_fold_sampling_2haw/sampling_round_9/02_sampling/sampling_12/group_8_unrelaxed_rank_001_alphafold2_ptm_model_1_seed_042.pdb,90.14702265372166,0.89081,0.67207,11
/results/PPAC_BACSU/run1/02_hierarchical_m_fold_sampling_2haw/sampling_round_9/02_sampling/sampling_12/group_6_unrelaxed_rank_001_alphafold2_ptm_model_1_seed_042.pdb,90.1938834951457,0.90045,0.67626,11
/results/PPAC_BACSU/run1/02_hierarchical_m_fold_sampling_2haw/sampling_round_9/02_sampling/sampling_12/group_13_unrelaxed_rank_001_alphafold2_ptm_model_1_seed_042.pdb,91.2325242718447,0.87339,0.67605,15
/results/PPAC_BACSU/run1/02_hierarchical_m_fold_sampling_2haw/sampling_round_9/02_sampling/sampling_12/group_7_unrelaxed_rank_001_alphafold2_ptm_model_1_seed_042.pdb,89.33993527508099,0.83818,0.68282,11
/results/PPAC_BACSU/run1/02_hierarchical_m_fold_sampling_2haw/sampling_round_9/02_sampling/sampling_12/group_4_unrelaxed_rank_001_alphafold2_ptm_model_1_seed_042.pdb,90.20278317152102,0.85914,0.67937,11
/results/PPAC_BACSU/run1/02_hierarchical_m_fold_sampling_2haw/sampling_round_9/02_sampling/sampling_12/group_12_unrelaxed_rank_001_alphafold2_ptm_model_1_seed_042.pdb,91.87048543689322,0.87558,0.67776,11
/results/PPAC_BACSU/run1/02_hierarchical_m_fold_sampling_2haw/sampling_round_9/02_sampling/sampling_12/group_5_unrelaxed_rank_001_alphafold2_ptm_model_1_seed_042.pdb,91.22822006472491,0.90531,0.66961,11
/results/PPAC_BACSU/run1/02_hierarchical_m_fold_sampling_2haw/sampling_round_9/02_sampling/sampling_12/group_10_unrelaxed_rank_001_alphafold2_ptm_model_1_seed_042.pdb,90.14883495145618,0.85821,0.67616,11
/results/PPAC_BACSU/run1/02_hierarchical_m_fold_sampling_2haw/sampling_round_9/02_sampling/sampling_12/group_3_unrelaxed_rank_001_alphafold2_ptm_model_1_seed_042.pdb,90.85718446601946,0.86064,0.68088,11
/results/PPAC_BACSU/run1/02_hierarchical_m_fold_sampling_2haw/sampling_round_9/02_sampling/sampling_12/group_9_unrelaxed_rank_001_alphafold2_ptm_model_1_seed_042.pdb,91.65537216828481,0.91591,0.67685,11
/results/PPAC_BACSU/run1/02_hierarchical_m_fold_sampling_2haw/sampling_round_9/02_sampling/sampling_12/group_1_unrelaxed_rank_001_alphafold2_ptm_model_1_seed_042.pdb,91.79501618122977,0.87087,0.67926,11
/results/PPAC_BACSU/run1/02_hierarchical_m_fold_sampling_2haw/sampling_round_9/02_sampling/sampling_12/group_11_unrelaxed_rank_001_alphafold2_ptm_model_1_seed_042.pdb,91.66656957928801,0.69431,0.81778,11
/results/PPAC_BACSU/run1/02_hierarchical_m_fold_sampling_2haw/sampling_round_9/02_sampling/sampling_12/group_2_unrelaxed_rank_001_alphafold2_ptm_model_1_seed_042.pdb,88.57365695792882,0.88813,0.67502,11
/results/PPAC_BACSU/run1/02_hierarchical_m_fold_sampling_2haw/sampling_round_9/02_sampling/sampling_3/group_8_unrelaxed_rank_001_alphafold2_ptm_model_1_seed_042.pdb,91.40870550161809,0.90114,0.67321,11
/results/PPAC_BACSU/run1/02_hierarchical_m_fold_sampling_2haw/sampling_round_9/02_sampling/sampling_3/group_6_unrelaxed_rank_001_alphafold2_ptm_model_1_seed_042.pdb,90.02268608414235,0.92446,0.67394,11
/results/PPAC_BACSU/run1/02_hierarchical_m_fold_sampling_2haw/sampling_round_9/02_sampling/sampling_3/group_13_unrelaxed_rank_001_alphafold2_ptm_model_1_seed_042.pdb,91.37012944983816,0.82106,0.67851,15
/results/PPAC_BACSU/run1/02_hierarchical_m_fold_sampling_2haw/sampling_round_9/02_sampling/sampling_3/group_7_unrelaxed_rank_001_alphafold2_ptm_model_1_seed_042.pdb,89.39595469255663,0.82041,0.67959,11
/results/PPAC_BACSU/run1/02_hierarchical_m_fold_sampling_2haw/sampling_round_9/02_sampling/sampling_3/group_4_unrelaxed_rank_001_alphafold2_ptm_model_1_seed_042.pdb,90.20624595469263,0.8677,0.68084,11
/results/PPAC_BACSU/run1/02_hierarchical_m_fold_sampling_2haw/sampling_round_9/02_sampling/sampling_3/group_12_unrelaxed_rank_001_alphafold2_ptm_model_1_seed_042.pdb,90.34967637540451,0.88348,0.67534,11
/results/PPAC_BACSU/run1/02_hierarchical_m_fold_sampling_2haw/sampling_round_9/02_sampling/sampling_3/group_5_unrelaxed_rank_001_alphafold2_ptm_model_1_seed_042.pdb,91.70411003236244,0.89404,0.67714,11
/results/PPAC_BACSU/run1/02_hierarchical_m_fold_sampling_2haw/sampling_round_9/02_sampling/sampling_3/group_10_unrelaxed_rank_001_alphafold2_ptm_model_1_seed_042.pdb,89.47258899676373,0.73561,0.69956,11
/results/PPAC_BACSU/run1/02_hierarchical_m_fold_sampling_2haw/sampling_round_9/02_sampling/sampling_3/group_3_unrelaxed_rank_001_alphafold2_ptm_model_1_seed_042.pdb,89.22275080906148,0.89909,0.67569,11
/results/PPAC_BACSU/run1/02_hierarchical_m_fold_sampling_2haw/sampling_round_9/02_sampling/sampling_3/group_9_unrelaxed_rank_001_alphafold2_ptm_model_1_seed_042.pdb,88.01582524271846,0.871,0.67002,11
/results/PPAC_BACSU/run1/02_hierarchical_m_fold_sampling_2haw/sampling_round_9/02_sampling/sampling_3/group_1_unrelaxed_rank_001_alphafold2_ptm_model_1_seed_042.pdb,91.53430420711973,0.90876,0.67216,11
/results/PPAC_BACSU/run1/02_hierarchical_m_fold_sampling_2haw/sampling_round_9/02_sampling/sampling_3/group_11_unrelaxed_rank_001_alphafold2_ptm_model_1_seed_042.pdb,89.2515210355987,0.92747,0.67483,11
/results/PPAC_BACSU/run1/02_hierarchical_m_fold_sampling_2haw/sampling_round_9/02_sampling/sampling_3/group_2_unrelaxed_rank_001_alphafold2_ptm_model_1_seed_042.pdb,89.1317475728155,0.90193,0.67348,11
/results/PPAC_BACSU/run1/02_hierarchical_m_fold_sampling_2haw/sampling_round_9/02_sampling/sampling_14/group_8_unrelaxed_rank_001_alphafold2_ptm_model_1_seed_042.pdb,90.74576051779935,0.71274,0.74159,11
/results/PPAC_BACSU/run1/02_hierarchical_m_fold_sampling_2haw/sampling_round_9/02_sampling/sampling_14/group_6_unrelaxed_rank_001_alphafold2_ptm_model_1_seed_042.pdb,90.64304207119743,0.88052,0.67287,11
/results/PPAC_BACSU/run1/02_hierarchical_m_fold_sampling_2haw/sampling_round_9/02_sampling/sampling_14/group_13_unrelaxed_rank_001_alphafold2_ptm_model_1_seed_042.pdb,90.8054368932039,0.91515,0.67308,15
/results/PPAC_BACSU/run1/02_hierarchical_m_fold_sampling_2haw/sampling_round_9/02_sampling/sampling_14/group_7_unrelaxed_rank_001_alphafold2_ptm_model_1_seed_042.pdb,90.90472491909385,0.85972,0.68212,11
/results/PPAC_BACSU/run1/02_hierarchical_m_fold_sampling_2haw/sampling_round_9/02_sampling/sampling_14/group_4_unrelaxed_rank_001_alphafold2_ptm_model_1_seed_042.pdb,91.3313592233009,0.90173,0.67439,11
/results/PPAC_BACSU/run1/02_hierarchical_m_fold_sampling_2haw/sampling_round_9/02_sampling/sampling_14/group_12_unrelaxed_rank_001_alphafold2_ptm_model_1_seed_042.pdb,90.88579288025883,0.87297,0.67888,11
/results/PPAC_BACSU/run1/02_hierarchical_m_fold_sampling_2haw/sampling_round_9/02_sampling/sampling_14/group_5_unrelaxed_rank_001_alphafold2_ptm_model_1_seed_042.pdb,91.1848220064726,0.89774,0.67282,11
/results/PPAC_BACSU/run1/02_hierarchical_m_fold_sampling_2haw/sampling_round_9/02_sampling/sampling_14/group_10_unrelaxed_rank_001_alphafold2_ptm_model_1_seed_042.pdb,91.22948220064727,0.86385,0.67748,11
/results/PPAC_BACSU/run1/02_hierarchical_m_fold_sampling_2haw/sampling_round_9/02_sampling/sampling_14/group_3_unrelaxed_rank_001_alphafold2_ptm_model_1_seed_042.pdb,88.25482200647248,0.89622,0.67144,11
/results/PPAC_BACSU/run1/02_hierarchical_m_fold_sampling_2haw/sampling_round_9/02_sampling/sampling_14/group_9_unrelaxed_rank_001_alphafold2_ptm_model_1_seed_042.pdb,89.14391585760514,0.88052,0.67403,11
/results/PPAC_BACSU/run1/02_hierarchical_m_fold_sampling_2haw/sampling_round_9/02_sampling/sampling_14/group_1_unrelaxed_rank_001_alphafold2_ptm_model_1_seed_042.pdb,89.18695792880258,0.89759,0.67193,11
/results/PPAC_BACSU/run1/02_hierarchical_m_fold_sampling_2haw/sampling_round_9/02_sampling/sampling_14/group_11_unrelaxed_rank_001_alphafold2_ptm_model_1_seed_042.pdb,89.95132686084142,0.84462,0.67043,11
/results/PPAC_BACSU/run1/02_hierarchical_m_fold_sampling_2haw/sampling_round_9/02_sampling/sampling_14/group_2_unrelaxed_rank_001_alphafold2_ptm_model_1_seed_042.pdb,90.36977346278319,0.8857,0.6774,11
/results/PPAC_BACSU/run1/02_hierarchical_m_fold_sampling_2haw/sampling_round_3/02_sampling/sampling_10/group_8_unrelaxed_rank_001_alphafold2_ptm_model_1_seed_042.pdb,90.56284789644012,0.88755,0.67459,11
/results/PPAC_BACSU/run1/02_hierarchical_m_fold_sampling_2haw/sampling_round_3/02_sampling/sampling_10/group_6_unrelaxed_rank_001_alphafold2_ptm_model_1_seed_042.pdb,90.19559870550168,0.8586,0.68042,11
/results/PPAC_BACSU/run1/02_hierarchical_m_fold_sampling_2haw/sampling_round_3/02_sampling/sampling_10/group_13_unrelaxed_rank_001_alphafold2_ptm_model_1_seed_042.pdb,90.91174757281549,0.82714,0.68197,15
/results/PPAC_BACSU/run1/02_hierarchical_m_fold_sampling_2haw/sampling_round_3/02_sampling/sampling_10/group_7_unrelaxed_rank_001_alphafold2_ptm_model_1_seed_042.pdb,92.2549514563107,0.86025,0.67582,11
/results/PPAC_BACSU/run1/02_hierarchical_m_fold_sampling_2haw/sampling_round_3/02_sampling/sampling_10/group_4_unrelaxed_rank_001_alphafold2_ptm_model_1_seed_042.pdb,91.64466019417475,0.68654,0.8474,11
/results/PPAC_BACSU/run1/02_hierarchical_m_fold_sampling_2haw/sampling_round_3/02_sampling/sampling_10/group_12_unrelaxed_rank_001_alphafold2_ptm_model_1_seed_042.pdb,91.23666666666666,0.85763,0.67837,11
/results/PPAC_BACSU/run1/02_hierarchical_m_fold_sampling_2haw/sampling_round_3/02_sampling/sampling_10/group_5_unrelaxed_rank_001_alphafold2_ptm_model_1_seed_042.pdb,91.57533980582522,0.90843,0.67731,11
/results/PPAC_BACSU/run1/02_hierarchical_m_fold_sampling_2haw/sampling_round_3/02_sampling/sampling_10/group_10_unrelaxed_rank_001_alphafold2_ptm_model_1_seed_042.pdb,91.07559870550158,0.91388,0.67546,11
/results/PPAC_BACSU/run1/02_hierarchical_m_fold_sampling_2haw/sampling_round_3/02_sampling/sampling_10/group_3_unrelaxed_rank_001_alphafold2_ptm_model_1_seed_042.pdb,90.51055016181232,0.9398,0.67183,11
/results/PPAC_BACSU/run1/02_hierarchical_m_fold_sampling_2haw/sampling_round_3/02_sampling/sampling_10/group_9_unrelaxed_rank_001_alphafold2_ptm_model_1_seed_042.pdb,90.63006472491907,0.72442,0.72421,11
/results/PPAC_BACSU/run1/02_hierarchical_m_fold_sampling_2haw/sampling_round_3/02_sampling/sampling_10/group_1_unrelaxed_rank_001_alphafold2_ptm_model_1_seed_042.pdb,91.09796116504853,0.8542,0.67837,11
/results/PPAC_BACSU/run1/02_hierarchical_m_fold_sampling_2haw/sampling_round_3/02_sampling/sampling_10/group_11_unrelaxed_rank_001_alphafold2_ptm_model_1_seed_042.pdb,90.08802588996761,0.66683,0.91783,11
/results/PPAC_BACSU/run1/02_hierarchical_m_fold_sampling_2haw/sampling_round_3/02_sampling/sampling_10/group_2_unrelaxed_rank_001_alphafold2_ptm_model_1_seed_042.pdb,88.77944983818765,0.88913,0.67543,11
/results/PPAC_BACSU/run1/02_hierarchical_m_fold_sampling_2haw/sampling_round_3/02_sampling/sampling_9/group_8_unrelaxed_rank_001_alphafold2_ptm_model_1_seed_042.pdb,89.0864077669903,0.86459,0.67773,11
/results/PPAC_BACSU/run1/02_hierarchical_m_fold_sampling_2haw/sampling_round_3/02_sampling/sampling_9/group_6_unrelaxed_rank_001_alphafold2_ptm_model_1_seed_042.pdb,91.07074433656965,0.87697,0.67907,11
/results/PPAC_BACSU/run1/02_hierarchical_m_fold_sampling_2haw/sampling_round_3/02_sampling/sampling_9/group_13_unrelaxed_rank_001_alphafold2_ptm_model_1_seed_042.pdb,92.72333333333336,0.88118,0.67693,15
/results/PPAC_BACSU/run1/02_hierarchical_m_fold_sampling_2haw/sampling_round_3/02_sampling/sampling_9/group_7_unrelaxed_rank_001_alphafold2_ptm_model_1_seed_042.pdb,87.55271844660183,0.76976,0.69061,11
/results/PPAC_BACSU/run1/02_hierarchical_m_fold_sampling_2haw/sampling_round_3/02_sampling/sampling_9/group_4_unrelaxed_rank_001_alphafold2_ptm_model_1_seed_042.pdb,90.68440129449831,0.81992,0.68393,11
/results/PPAC_BACSU/run1/02_hierarchical_m_fold_sampling_2haw/sampling_round_3/02_sampling/sampling_9/group_12_unrelaxed_rank_001_alphafold2_ptm_model_1_seed_042.pdb,90.4003883495145,0.8938,0.67785,11
/results/PPAC_BACSU/run1/02_hierarchical_m_fold_sampling_2haw/sampling_round_3/02_sampling/sampling_9/group_5_unrelaxed_rank_001_alphafold2_ptm_model_1_seed_042.pdb,90.52207119741097,0.84365,0.68154,11
/results/PPAC_BACSU/run1/02_hierarchical_m_fold_sampling_2haw/sampling_round_3/02_sampling/sampling_9/group_10_unrelaxed_rank_001_alphafold2_ptm_model_1_seed_042.pdb,91.06906148867316,0.88985,0.67412,11
/results/PPAC_BACSU/run1/02_hierarchical_m_fold_sampling_2haw/sampling_round_3/02_sampling/sampling_9/group_3_unrelaxed_rank_001_alphafold2_ptm_model_1_seed_042.pdb,90.95443365695792,0.91481,0.66937,11
/results/PPAC_BACSU/run1/02_hierarchical_m_fold_sampling_2haw/sampling_round_3/02_sampling/sampling_9/group_9_unrelaxed_rank_001_alphafold2_ptm_model_1_seed_042.pdb,89.03220064724917,0.7833,0.68175,11
/results/PPAC_BACSU/run1/02_hierarchical_m_fold_sampling_2haw/sampling_round_3/02_sampling/sampling_9/group_1_unrelaxed_rank_001_alphafold2_ptm_model_1_seed_042.pdb,91.77475728155346,0.89628,0.67439,11
/results/PPAC_BACSU/run1/02_hierarchical_m_fold_sampling_2haw/sampling_round_3/02_sampling/sampling_9/group_11_unrelaxed_rank_001_alphafold2_ptm_model_1_seed_042.pdb,90.80229773462789,0.68224,0.8599,11
/results/PPAC_BACSU/run1/02_hierarchical_m_fold_sampling_2haw/sampling_round_3/02_sampling/sampling_9/group_2_unrelaxed_rank_001_alphafold2_ptm_model_1_seed_042.pdb,88.3540776699029,0.71234,0.75081,11
/results/PPAC_BACSU/run1/02_hierarchical_m_fold_sampling_2haw/sampling_round_3/02_sampling/sampling_6/group_8_unrelaxed_rank_001_alphafold2_ptm_model_1_seed_042.pdb,90.73932038834951,0.74512,0.71262,11
/results/PPAC_BACSU/run1/02_hierarchical_m_fold_sampling_2haw/sampling_round_3/02_sampling/sampling_6/group_6_unrelaxed_rank_001_alphafold2_ptm_model_1_seed_042.pdb,91.59475728155341,0.88715,0.67422,11
/results/PPAC_BACSU/run1/02_hierarchical_m_fold_sampling_2haw/sampling_round_3/02_sampling/sampling_6/group_13_unrelaxed_rank_001_alphafold2_ptm_model_1_seed_042.pdb,91.27168284789646,0.88409,0.67557,15
/results/PPAC_BACSU/run1/02_hierarchical_m_fold_sampling_2haw/sampling_round_3/02_sampling/sampling_6/group_7_unrelaxed_rank_001_alphafold2_ptm_model_1_seed_042.pdb,90.92595469255673,0.72058,0.73215,11
/results/PPAC_BACSU/run1/02_hierarchical_m_fold_sampling_2haw/sampling_round_3/02_sampling/sampling_6/group_4_unrelaxed_rank_001_alphafold2_ptm_model_1_seed_042.pdb,90.33718446601948,0.87972,0.67826,11
/results/PPAC_BACSU/run1/02_hierarchical_m_fold_sampling_2haw/sampling_round_3/02_sampling/sampling_6/group_12_unrelaxed_rank_001_alphafold2_ptm_model_1_seed_042.pdb,90.29194174757279,0.86267,0.67529,11
/results/PPAC_BACSU/run1/02_hierarchical_m_fold_sampling_2haw/sampling_round_3/02_sampling/sampling_6/group_5_unrelaxed_rank_001_alphafold2_ptm_model_1_seed_042.pdb,89.22763754045314,0.89445,0.67632,11
/results/PPAC_BACSU/run1/02_hierarchical_m_fold_sampling_2haw/sampling_round_3/02_sampling/sampling_6/group_10_unrelaxed_rank_001_alphafold2_ptm_model_1_seed_042.pdb,91.32145631067962,0.88796,0.674,11
/results/PPAC_BACSU/run1/02_hierarchical_m_fold_sampling_2haw/sampling_round_3/02_sampling/sampling_6/group_3_unrelaxed_rank_001_alphafold2_ptm_model_1_seed_042.pdb,90.16084142394818,0.89023,0.67553,11
/results/PPAC_BACSU/run1/02_hierarchical_m_fold_sampling_2haw/sampling_round_3/02_sampling/sampling_6/group_9_unrelaxed_rank_001_alphafold2_ptm_model_1_seed_042.pdb,89.59142394822004,0.90971,0.66967,11
/results/PPAC_BACSU/run1/02_hierarchical_m_fold_sampling_2haw/sampling_round_3/02_sampling/sampling_6/group_1_unrelaxed_rank_001_alphafold2_ptm_model_1_seed_042.pdb,88.65886731391583,0.88605,0.67497,11
/results/PPAC_BACSU/run1/02_hierarchical_m_fold_sampling_2haw/sampling_round_3/02_sampling/sampling_6/group_11_unrelaxed_rank_001_alphafold2_ptm_model_1_seed_042.pdb,90.01051779935273,0.89253,0.67115,11
/results/PPAC_BACSU/run1/02_hierarchical_m_fold_sampling_2haw/sampling_round_3/02_sampling/sampling_6/group_2_unrelaxed_rank_001_alphafold2_ptm_model_1_seed_042.pdb,90.5620064724919,0.88524,0.67665,11
/results/PPAC_BACSU/run1/02_hierarchical_m_fold_sampling_2haw/sampling_round_3/02_sampling/sampling_1/group_8_unrelaxed_rank_001_alphafold2_ptm_model_1_seed_042.pdb,90.58220064724908,0.86366,0.67655,11
/results/PPAC_BACSU/run1/02_hierarchical_m_fold_sampling_2haw/sampling_round_3/02_sampling/sampling_1/group_6_unrelaxed_rank_001_alphafold2_ptm_model_1_seed_042.pdb,91.49601941747567,0.86944,0.68039,11
/results/PPAC_BACSU/run1/02_hierarchical_m_fold_sampling_2haw/sampling_round_3/02_sampling/sampling_1/group_13_unrelaxed_rank_001_alphafold2_ptm_model_1_seed_042.pdb,91.72488673139155,0.86261,0.68119,15
/results/PPAC_BACSU/run1/02_hierarchical_m_fold_sampling_2haw/sampling_round_3/02_sampling/sampling_1/group_7_unrelaxed_rank_001_alphafold2_ptm_model_1_seed_042.pdb,90.31433656957934,0.89726,0.6756,11
/results/PPAC_BACSU/run1/02_hierarchical_m_fold_sampling_2haw/sampling_round_3/02_sampling/sampling_1/group_4_unrelaxed_rank_001_alphafold2_ptm_model_1_seed_042.pdb,87.41051779935275,0.86002,0.67157,11
/results/PPAC_BACSU/run1/02_hierarchical_m_fold_sampling_2haw/sampling_round_3/02_sampling/sampling_1/group_12_unrelaxed_rank_001_alphafold2_ptm_model_1_seed_042.pdb,89.78611650485433,0.65821,0.90778,11
/results/PPAC_BACSU/run1/02_hierarchical_m_fold_sampling_2haw/sampling_round_3/02_sampling/sampling_1/group_5_unrelaxed_rank_001_alphafold2_ptm_model_1_seed_042.pdb,90.57647249190944,0.88942,0.67183,11
/results/PPAC_BACSU/run1/02_hierarchical_m_fold_sampling_2haw/sampling_round_3/02_sampling/sampling_1/group_10_unrelaxed_rank_001_alphafold2_ptm_model_1_seed_042.pdb,91.35741100323622,0.88511,0.67664,11
/results/PPAC_BACSU/run1/02_hierarchical_m_fold_sampling_2haw/sampling_round_3/02_sampling/sampling_1/group_3_unrelaxed_rank_001_alphafold2_ptm_model_1_seed_042.pdb,91.54601941747573,0.9008,0.67482,11
/results/PPAC_BACSU/run1/02_hierarchical_m_fold_sampling_2haw/sampling_round_3/02_sampling/sampling_1/group_9_unrelaxed_rank_001_alphafold2_ptm_model_1_seed_042.pdb,90.07731391585757,0.88438,0.67363,11
/results/PPAC_BACSU/run1/02_hierarchical_m_fold_sampling_2haw/sampling_round_3/02_sampling/sampling_1/group_1_unrelaxed_rank_001_alphafold2_ptm_model_1_seed_042.pdb,90.36317152103558,0.88353,0.67575,11
/results/PPAC_BACSU/run1/02_hierarchical_m_fold_sampling_2haw/sampling_round_3/02_sampling/sampling_1/group_11_unrelaxed_rank_001_alphafold2_ptm_model_1_seed_042.pdb,90.66543689320397,0.88208,0.67533,11
/results/PPAC_BACSU/run1/02_hierarchical_m_fold_sampling_2haw/sampling_round_3/02_sampling/sampling_1/group_2_unrelaxed_rank_001_alphafold2_ptm_model_1_seed_042.pdb,89.21734627831714,0.88314,0.66997,11
/results/PPAC_BACSU/run1/02_hierarchical_m_fold_sampling_2haw/sampling_round_3/02_sampling/sampling_5/group_8_unrelaxed_rank_001_alphafold2_ptm_model_1_seed_042.pdb,88.83537216828479,0.92786,0.66845,11
/results/PPAC_BACSU/run1/02_hierarchical_m_fold_sampling_2haw/sampling_round_3/02_sampling/sampling_5/group_6_unrelaxed_rank_001_alphafold2_ptm_model_1_seed_042.pdb,87.73796116504852,0.88818,0.67015,11
/results/PPAC_BACSU/run1/02_hierarchical_m_fold_sampling_2haw/sampling_round_3/02_sampling/sampling_5/group_13_unrelaxed_rank_001_alphafold2_ptm_model_1_seed_042.pdb,91.69129449838186,0.69377,0.79162,15
/results/PPAC_BACSU/run1/02_hierarchical_m_fold_sampling_2haw/sampling_round_3/02_sampling/sampling_5/group_7_unrelaxed_rank_001_alphafold2_ptm_model_1_seed_042.pdb,90.68796116504849,0.86298,0.68076,11
/results/PPAC_BACSU/run1/02_hierarchical_m_fold_sampling_2haw/sampling_round_3/02_sampling/sampling_5/group_4_unrelaxed_rank_001_alphafold2_ptm_model_1_seed_042.pdb,91.20637540453072,0.92878,0.67575,11
/results/PPAC_BACSU/run1/02_hierarchical_m_fold_sampling_2haw/sampling_round_3/02_sampling/sampling_5/group_12_unrelaxed_rank_001_alphafold2_ptm_model_1_seed_042.pdb,90.77423948220066,0.66913,0.92171,11
/results/PPAC_BACSU/run1/02_hierarchical_m_fold_sampling_2haw/sampling_round_3/02_sampling/sampling_5/group_5_unrelaxed_rank_001_alphafold2_ptm_model_1_seed_042.pdb,90.4681229773463,0.87045,0.67545,11
/results/PPAC_BACSU/run1/02_hierarchical_m_fold_sampling_2haw/sampling_round_3/02_sampling/sampling_5/group_10_unrelaxed_rank_001_alphafold2_ptm_model_1_seed_042.pdb,91.47139158576057,0.90287,0.67346,11
/results/PPAC_BACSU/run1/02_hierarchical_m_fold_sampling_2haw/sampling_round_3/02_sampling/sampling_5/group_3_unrelaxed_rank_001_alphafold2_ptm_model_1_seed_042.pdb,88.80983818770225,0.86063,0.67854,11
/results/PPAC_BACSU/run1/02_hierarchical_m_fold_sampling_2haw/sampling_round_3/02_sampling/sampling_5/group_9_unrelaxed_rank_001_alphafold2_ptm_model_1_seed_042.pdb,92.82190938511336,0.88739,0.67889,11
/results/PPAC_BACSU/run1/02_hierarchical_m_fold_sampling_2haw/sampling_round_3/02_sampling/sampling_5/group_1_unrelaxed_rank_001_alphafold2_ptm_model_1_seed_042.pdb,90.50368932038839,0.67043,0.90584,11
/results/PPAC_BACSU/run1/02_hierarchical_m_fold_sampling_2haw/sampling_round_3/02_sampling/sampling_5/group_11_unrelaxed_rank_001_alphafold2_ptm_model_1_seed_042.pdb,91.62857605177993,0.87346,0.68045,11
/results/PPAC_BACSU/run1/02_hierarchical_m_fold_sampling_2haw/sampling_round_3/02_sampling/sampling_5/group_2_unrelaxed_rank_001_alphafold2_ptm_model_1_seed_042.pdb,89.3725566343042,0.86436,0.67604,11
/results/PPAC_BACSU/run1/02_hierarchical_m_fold_sampling_2haw/sampling_round_3/02_sampling/sampling_8/group_8_unrelaxed_rank_001_alphafold2_ptm_model_1_seed_042.pdb,88.99621359223303,0.87084,0.67515,11
/results/PPAC_BACSU/run1/02_hierarchical_m_fold_sampling_2haw/sampling_round_3/02_sampling/sampling_8/group_6_unrelaxed_rank_001_alphafold2_ptm_model_1_seed_042.pdb,89.52627831715215,0.82001,0.68024,11
/results/PPAC_BACSU/run1/02_hierarchical_m_fold_sampling_2haw/sampling_round_3/02_sampling/sampling_8/group_13_unrelaxed_rank_001_alphafold2_ptm_model_1_seed_042.pdb,91.41288025889959,0.84638,0.67821,15
/results/PPAC_BACSU/run1/02_hierarchical_m_fold_sampling_2haw/sampling_round_3/02_sampling/sampling_8/group_7_unrelaxed_rank_001_alphafold2_ptm_model_1_seed_042.pdb,91.13268608414239,0.89531,0.67469,11
/results/PPAC_BACSU/run1/02_hierarchical_m_fold_sampling_2haw/sampling_round_3/02_sampling/sampling_8/group_4_unrelaxed_rank_001_alphafold2_ptm_model_1_seed_042.pdb,89.7213915857605,0.87823,0.67022,11
/results/PPAC_BACSU/run1/02_hierarchical_m_fold_sampling_2haw/sampling_round_3/02_sampling/sampling_8/group_12_unrelaxed_rank_001_alphafold2_ptm_model_1_seed_042.pdb,90.15805825242718,0.88917,0.67725,11
/results/PPAC_BACSU/run1/02_hierarchical_m_fold_sampling_2haw/sampling_round_3/02_sampling/sampling_8/group_5_unrelaxed_rank_001_alphafold2_ptm_model_1_seed_042.pdb,89.98922330097086,0.93841,0.67369,11
/results/PPAC_BACSU/run1/02_hierarchical_m_fold_sampling_2haw/sampling_round_3/02_sampling/sampling_8/group_10_unrelaxed_rank_001_alphafold2_ptm_model_1_seed_042.pdb,89.71466019417473,0.87921,0.67765,11
/results/PPAC_BACSU/run1/02_hierarchical_m_fold_sampling_2haw/sampling_round_3/02_sampling/sampling_8/group_3_unrelaxed_rank_001_alphafold2_ptm_model_1_seed_042.pdb,91.55071197411003,0.89497,0.67494,11
/results/PPAC_BACSU/run1/02_hierarchical_m_fold_sampling_2haw/sampling_round_3/02_sampling/sampling_8/group_9_unrelaxed_rank_001_alphafold2_ptm_model_1_seed_042.pdb,89.512718446602,0.75513,0.69283,11
/results/PPAC_BACSU/run1/02_hierarchical_m_fold_sampling_2haw/sampling_round_3/02_sampling/sampling_8/group_1_unrelaxed_rank_001_alphafold2_ptm_model_1_seed_042.pdb,89.76559870550162,0.88075,0.67578,11
/results/PPAC_BACSU/run1/02_hierarchical_m_fold_sampling_2haw/sampling_round_3/02_sampling/sampling_8/group_11_unrelaxed_rank_001_alphafold2_ptm_model_1_seed_042.pdb,90.27135922330092,0.88436,0.67508,11
/results/PPAC_BACSU/run1/02_hierarchical_m_fold_sampling_2haw/sampling_round_3/02_sampling/sampling_8/group_2_unrelaxed_rank_001_alphafold2_ptm_model_1_seed_042.pdb,90.65372168284787,0.91806,0.67577,11
/results/PPAC_BACSU/run1/02_hierarchical_m_fold_sampling_2haw/sampling_round_3/02_sampling/sampling_7/group_8_unrelaxed_rank_001_alphafold2_ptm_model_1_seed_042.pdb,91.11757281553393,0.88373,0.67593,11
/results/PPAC_BACSU/run1/02_hierarchical_m_fold_sampling_2haw/sampling_round_3/02_sampling/sampling_7/group_6_unrelaxed_rank_001_alphafold2_ptm_model_1_seed_042.pdb,91.46019417475729,0.89236,0.67614,11
/results/PPAC_BACSU/run1/02_hierarchical_m_fold_sampling_2haw/sampling_round_3/02_sampling/sampling_7/group_13_unrelaxed_rank_001_alphafold2_ptm_model_1_seed_042.pdb,90.22637540453086,0.85117,0.67995,15
/results/PPAC_BACSU/run1/02_hierarchical_m_fold_sampling_2haw/sampling_round_3/02_sampling/sampling_7/group_7_unrelaxed_rank_001_alphafold2_ptm_model_1_seed_042.pdb,89.5458252427184,0.90345,0.67606,11
/results/PPAC_BACSU/run1/02_hierarchical_m_fold_sampling_2haw/sampling_round_3/02_sampling/sampling_7/group_4_unrelaxed_rank_001_alphafold2_ptm_model_1_seed_042.pdb,90.03074433656958,0.89224,0.67483,11
/results/PPAC_BACSU/run1/02_hierarchical_m_fold_sampling_2haw/sampling_round_3/02_sampling/sampling_7/group_12_unrelaxed_rank_001_alphafold2_ptm_model_1_seed_042.pdb,91.39155339805825,0.69256,0.82785,11
/results/PPAC_BACSU/run1/02_hierarchical_m_fold_sampling_2haw/sampling_round_3/02_sampling/sampling_7/group_5_unrelaxed_rank_001_alphafold2_ptm_model_1_seed_042.pdb,91.80705501618128,0.85872,0.67866,11
/results/PPAC_BACSU/run1/02_hierarchical_m_fold_sampling_2haw/sampling_round_3/02_sampling/sampling_7/group_10_unrelaxed_rank_001_alphafold2_ptm_model_1_seed_042.pdb,89.86809061488678,0.82407,0.68035,11
/results/PPAC_BACSU/run1/02_hierarchical_m_fold_sampling_2haw/sampling_round_3/02_sampling/sampling_7/group_3_unrelaxed_rank_001_alphafold2_ptm_model_1_seed_042.pdb,91.50521035598707,0.86788,0.68062,11
/results/PPAC_BACSU/run1/02_hierarchical_m_fold_sampling_2haw/sampling_round_3/02_sampling/sampling_7/group_9_unrelaxed_rank_001_alphafold2_ptm_model_1_seed_042.pdb,91.73242718446602,0.88106,0.67646,11
/results/PPAC_BACSU/run1/02_hierarchical_m_fold_sampling_2haw/sampling_round_3/02_sampling/sampling_7/group_1_unrelaxed_rank_001_alphafold2_ptm_model_1_seed_042.pdb,91.28103559870543,0.87917,0.67894,11
/results/PPAC_BACSU/run1/02_hierarchical_m_fold_sampling_2haw/sampling_round_3/02_sampling/sampling_7/group_11_unrelaxed_rank_001_alphafold2_ptm_model_1_seed_042.pdb,92.02948220064727,0.90525,0.67249,11
/results/PPAC_BACSU/run1/02_hierarchical_m_fold_sampling_2haw/sampling_round_3/02_sampling/sampling_7/group_2_unrelaxed_rank_001_alphafold2_ptm_model_1_seed_042.pdb,91.2371521035599,0.90546,0.67362,11
/results/PPAC_BACSU/run1/02_hierarchical_m_fold_sampling_2haw/sampling_round_3/02_sampling/sampling_2/group_8_unrelaxed_rank_001_alphafold2_ptm_model_1_seed_042.pdb,90.16103559870547,0.89215,0.67375,11
/results/PPAC_BACSU/run1/02_hierarchical_m_fold_sampling_2haw/sampling_round_3/02_sampling/sampling_2/group_6_unrelaxed_rank_001_alphafold2_ptm_model_1_seed_042.pdb,89.69695792880259,0.85241,0.68043,11
/results/PPAC_BACSU/run1/02_hierarchical_m_fold_sampling_2haw/sampling_round_3/02_sampling/sampling_2/group_13_unrelaxed_rank_001_alphafold2_ptm_model_1_seed_042.pdb,91.67009708737858,0.87848,0.67776,15
/results/PPAC_BACSU/run1/02_hierarchical_m_fold_sampling_2haw/sampling_round_3/02_sampling/sampling_2/group_7_unrelaxed_rank_001_alphafold2_ptm_model_1_seed_042.pdb,90.83818770226543,0.85817,0.68133,11
/results/PPAC_BACSU/run1/02_hierarchical_m_fold_sampling_2haw/sampling_round_3/02_sampling/sampling_2/group_4_unrelaxed_rank_001_alphafold2_ptm_model_1_seed_042.pdb,91.13129449838193,0.88017,0.67328,11
/results/PPAC_BACSU/run1/02_hierarchical_m_fold_sampling_2haw/sampling_round_3/02_sampling/sampling_2/group_12_unrelaxed_rank_001_alphafold2_ptm_model_1_seed_042.pdb,90.47637540453073,0.84115,0.67999,11
/results/PPAC_BACSU/run1/02_hierarchical_m_fold_sampling_2haw/sampling_round_3/02_sampling/sampling_2/group_5_unrelaxed_rank_001_alphafold2_ptm_model_1_seed_042.pdb,89.68728155339804,0.80804,0.67957,11
/results/PPAC_BACSU/run1/02_hierarchical_m_fold_sampling_2haw/sampling_round_3/02_sampling/sampling_2/group_10_unrelaxed_rank_001_alphafold2_ptm_model_1_seed_042.pdb,91.40621359223304,0.91635,0.67369,11
/results/PPAC_BACSU/run1/02_hierarchical_m_fold_sampling_2haw/sampling_round_3/02_sampling/sampling_2/group_3_unrelaxed_rank_001_alphafold2_ptm_model_1_seed_042.pdb,91.84880258899675,0.91757,0.67681,11
/results/PPAC_BACSU/run1/02_hierarchical_m_fold_sampling_2haw/sampling_round_3/02_sampling/sampling_2/group_9_unrelaxed_rank_001_alphafold2_ptm_model_1_seed_042.pdb,89.55223300970869,0.89093,0.67606,11
/results/PPAC_BACSU/run1/02_hierarchical_m_fold_sampling_2haw/sampling_round_3/02_sampling/sampling_2/group_1_unrelaxed_rank_001_alphafold2_ptm_model_1_seed_042.pdb,90.38249190938517,0.84849,0.68167,11
/results/PPAC_BACSU/run1/02_hierarchical_m_fold_sampling_2haw/sampling_round_3/02_sampling/sampling_2/group_11_unrelaxed_rank_001_alphafold2_ptm_model_1_seed_042.pdb,88.70352750809062,0.89295,0.6688,11
/results/PPAC_BACSU/run1/02_hierarchical_m_fold_sampling_2haw/sampling_round_3/02_sampling/sampling_2/group_2_unrelaxed_rank_001_alphafold2_ptm_model_1_seed_042.pdb,90.91352750809061,0.86826,0.68064,11
/results/PPAC_BACSU/run1/02_hierarchical_m_fold_sampling_2haw/sampling_round_3/02_sampling/sampling_11/group_8_unrelaxed_rank_001_alphafold2_ptm_model_1_seed_042.pdb,90.44605177993527,0.87738,0.67473,11
/results/PPAC_BACSU/run1/02_hierarchical_m_fold_sampling_2haw/sampling_round_3/02_sampling/sampling_11/group_6_unrelaxed_rank_001_alphafold2_ptm_model_1_seed_042.pdb,90.40165048543689,0.88086,0.67431,11
/results/PPAC_BACSU/run1/02_hierarchical_m_fold_sampling_2haw/sampling_round_3/02_sampling/sampling_11/group_13_unrelaxed_rank_001_alphafold2_ptm_model_1_seed_042.pdb,92.21161812297727,0.89724,0.67698,15
/results/PPAC_BACSU/run1/02_hierarchical_m_fold_sampling_2haw/sampling_round_3/02_sampling/sampling_11/group_7_unrelaxed_rank_001_alphafold2_ptm_model_1_seed_042.pdb,90.71569579288021,0.86134,0.67912,11
/results/PPAC_BACSU/run1/02_hierarchical_m_fold_sampling_2haw/sampling_round_3/02_sampling/sampling_11/group_4_unrelaxed_rank_001_alphafold2_ptm_model_1_seed_042.pdb,91.80666666666671,0.94209,0.67371,11
/results/PPAC_BACSU/run1/02_hierarchical_m_fold_sampling_2haw/sampling_round_3/02_sampling/sampling_11/group_12_unrelaxed_rank_001_alphafold2_ptm_model_1_seed_042.pdb,91.01857605177995,0.73332,0.72095,11
/results/PPAC_BACSU/run1/02_hierarchical_m_fold_sampling_2haw/sampling_round_3/02_sampling/sampling_11/group_5_unrelaxed_rank_001_alphafold2_ptm_model_1_seed_042.pdb,88.88475728155345,0.81233,0.68518,11
/results/PPAC_BACSU/run1/02_hierarchical_m_fold_sampling_2haw/sampling_round_3/02_sampling/sampling_11/group_10_unrelaxed_rank_001_alphafold2_ptm_model_1_seed_042.pdb,90.63766990291263,0.66799,0.90243,11
/results/PPAC_BACSU/run1/02_hierarchical_m_fold_sampling_2haw/sampling_round_3/02_sampling/sampling_11/group_3_unrelaxed_rank_001_alphafold2_ptm_model_1_seed_042.pdb,87.79715210355985,0.68082,0.85966,11
/results/PPAC_BACSU/run1/02_hierarchical_m_fold_sampling_2haw/sampling_round_3/02_sampling/sampling_11/group_9_unrelaxed_rank_001_alphafold2_ptm_model_1_seed_042.pdb,89.80708737864082,0.89615,0.67735,11
/results/PPAC_BACSU/run1/02_hierarchical_m_fold_sampling_2haw/sampling_round_3/02_sampling/sampling_11/group_1_unrelaxed_rank_001_alphafold2_ptm_model_1_seed_042.pdb,88.40469255663433,0.77534,0.69063,11
/results/PPAC_BACSU/run1/02_hierarchical_m_fold_sampling_2haw/sampling_round_3/02_sampling/sampling_11/group_11_unrelaxed_rank_001_alphafold2_ptm_model_1_seed_042.pdb,89.71333333333338,0.89045,0.67558,11
/results/PPAC_BACSU/run1/02_hierarchical_m_fold_sampling_2haw/sampling_round_3/02_sampling/sampling_11/group_2_unrelaxed_rank_001_alphafold2_ptm_model_1_seed_042.pdb,90.74977346278317,0.88648,0.67322,11
/results/PPAC_BACSU/run1/02_hierarchical_m_fold_sampling_2haw/sampling_round_3/02_sampling/sampling_13/group_8_unrelaxed_rank_001_alphafold2_ptm_model_1_seed_042.pdb,87.32488673139157,0.87177,0.64006,11
/results/PPAC_BACSU/run1/02_hierarchical_m_fold_sampling_2haw/sampling_round_3/02_sampling/sampling_13/group_6_unrelaxed_rank_001_alphafold2_ptm_model_1_seed_042.pdb,88.97443365695797,0.80114,0.69037,11
/results/PPAC_BACSU/run1/02_hierarchical_m_fold_sampling_2haw/sampling_round_3/02_sampling/sampling_13/group_13_unrelaxed_rank_001_alphafold2_ptm_model_1_seed_042.pdb,89.17423948220069,0.78675,0.68627,12
/results/PPAC_BACSU/run1/02_hierarchical_m_fold_sampling_2haw/sampling_round_3/02_sampling/sampling_13/group_7_unrelaxed_rank_001_alphafold2_ptm_model_1_seed_042.pdb,91.35809061488675,0.85254,0.67977,11
/results/PPAC_BACSU/run1/02_hierarchical_m_fold_sampling_2haw/sampling_round_3/02_sampling/sampling_13/group_4_unrelaxed_rank_001_alphafold2_ptm_model_1_seed_042.pdb,89.49417475728156,0.92312,0.67369,11
/results/PPAC_BACSU/run1/02_hierarchical_m_fold_sampling_2haw/sampling_round_3/02_sampling/sampling_13/group_12_unrelaxed_rank_001_alphafold2_ptm_model_1_seed_042.pdb,91.11970873786403,0.83775,0.68077,11
/results/PPAC_BACSU/run1/02_hierarchical_m_fold_sampling_2haw/sampling_round_3/02_sampling/sampling_13/group_5_unrelaxed_rank_001_alphafold2_ptm_model_1_seed_042.pdb,91.02423948220063,0.85666,0.68119,11
/results/PPAC_BACSU/run1/02_hierarchical_m_fold_sampling_2haw/sampling_round_3/02_sampling/sampling_13/group_10_unrelaxed_rank_001_alphafold2_ptm_model_1_seed_042.pdb,89.42864077669903,0.78798,0.69402,11
/results/PPAC_BACSU/run1/02_hierarchical_m_fold_sampling_2haw/sampling_round_3/02_sampling/sampling_13/group_3_unrelaxed_rank_001_alphafold2_ptm_model_1_seed_042.pdb,89.48983818770222,0.69953,0.77971,11
/results/PPAC_BACSU/run1/02_hierarchical_m_fold_sampling_2haw/sampling_round_3/02_sampling/sampling_13/group_9_unrelaxed_rank_001_alphafold2_ptm_model_1_seed_042.pdb,90.3853721682848,0.92025,0.6729,11
/results/PPAC_BACSU/run1/02_hierarchical_m_fold_sampling_2haw/sampling_round_3/02_sampling/sampling_13/group_1_unrelaxed_rank_001_alphafold2_ptm_model_1_seed_042.pdb,90.86948220064724,0.88793,0.67219,11
/results/PPAC_BACSU/run1/02_hierarchical_m_fold_sampling_2haw/sampling_round_3/02_sampling/sampling_13/group_11_unrelaxed_rank_001_alphafold2_ptm_model_1_seed_042.pdb,90.44893203883501,0.86606,0.67783,11
/results/PPAC_BACSU/run1/02_hierarchical_m_fold_sampling_2haw/sampling_round_3/02_sampling/sampling_13/group_2_unrelaxed_rank_001_alphafold2_ptm_model_1_seed_042.pdb,90.97446601941752,0.89956,0.67701,11
/results/PPAC_BACSU/run1/02_hierarchical_m_fold_sampling_2haw/sampling_round_3/02_sampling/sampling_4/group_8_unrelaxed_rank_001_alphafold2_ptm_model_1_seed_042.pdb,91.75343042071202,0.90535,0.67354,11
/results/PPAC_BACSU/run1/02_hierarchical_m_fold_sampling_2haw/sampling_round_3/02_sampling/sampling_4/group_6_unrelaxed_rank_001_alphafold2_ptm_model_1_seed_042.pdb,89.54783171521032,0.842,0.67295,11
/results/PPAC_BACSU/run1/02_hierarchical_m_fold_sampling_2haw/sampling_round_3/02_sampling/sampling_4/group_13_unrelaxed_rank_001_alphafold2_ptm_model_1_seed_042.pdb,91.34113268608414,0.80399,0.68814,15
/results/PPAC_BACSU/run1/02_hierarchical_m_fold_sampling_2haw/sampling_round_3/02_sampling/sampling_4/group_7_unrelaxed_rank_001_alphafold2_ptm_model_1_seed_042.pdb,89.78174757281543,0.90379,0.67521,11
/results/PPAC_BACSU/run1/02_hierarchical_m_fold_sampling_2haw/sampling_round_3/02_sampling/sampling_4/group_4_unrelaxed_rank_001_alphafold2_ptm_model_1_seed_042.pdb,89.45355987055021,0.88157,0.67436,11
/results/PPAC_BACSU/run1/02_hierarchical_m_fold_sampling_2haw/sampling_round_3/02_sampling/sampling_4/group_12_unrelaxed_rank_001_alphafold2_ptm_model_1_seed_042.pdb,90.91074433656955,0.84217,0.68312,11
/results/PPAC_BACSU/run1/02_hierarchical_m_fold_sampling_2haw/sampling_round_3/02_sampling/sampling_4/group_5_unrelaxed_rank_001_alphafold2_ptm_model_1_seed_042.pdb,91.05132686084146,0.75135,0.70658,11
/results/PPAC_BACSU/run1/02_hierarchical_m_fold_sampling_2haw/sampling_round_3/02_sampling/sampling_4/group_10_unrelaxed_rank_001_alphafold2_ptm_model_1_seed_042.pdb,90.06779935275091,0.87926,0.67603,11
/results/PPAC_BACSU/run1/02_hierarchical_m_fold_sampling_2haw/sampling_round_3/02_sampling/sampling_4/group_3_unrelaxed_rank_001_alphafold2_ptm_model_1_seed_042.pdb,90.60883495145627,0.88085,0.67816,11
/results/PPAC_BACSU/run1/02_hierarchical_m_fold_sampling_2haw/sampling_round_3/02_sampling/sampling_4/group_9_unrelaxed_rank_001_alphafold2_ptm_model_1_seed_042.pdb,90.36595469255653,0.89471,0.67782,11
/results/PPAC_BACSU/run1/02_hierarchical_m_fold_sampling_2haw/sampling_round_3/02_sampling/sampling_4/group_1_unrelaxed_rank_001_alphafold2_ptm_model_1_seed_042.pdb,91.3495469255664,0.83657,0.68052,11
/results/PPAC_BACSU/run1/02_hierarchical_m_fold_sampling_2haw/sampling_round_3/02_sampling/sampling_4/group_11_unrelaxed_rank_001_alphafold2_ptm_model_1_seed_042.pdb,89.3254692556635,0.80512,0.68403,11
/results/PPAC_BACSU/run1/02_hierarchical_m_fold_sampling_2haw/sampling_round_3/02_sampling/sampling_4/group_2_unrelaxed_rank_001_alphafold2_ptm_model_1_seed_042.pdb,90.97200647249196,0.87568,0.68033,11
/results/PPAC_BACSU/run1/02_hierarchical_m_fold_sampling_2haw/sampling_round_3/02_sampling/sampling_12/group_8_unrelaxed_rank_001_alphafold2_ptm_model_1_seed_042.pdb,90.77860841423941,0.92183,0.67432,11
/results/PPAC_BACSU/run1/02_hierarchical_m_fold_sampling_2haw/sampling_round_3/02_sampling/sampling_12/group_6_unrelaxed_rank_001_alphafold2_ptm_model_1_seed_042.pdb,89.8791909385113,0.84156,0.67412,11
/results/PPAC_BACSU/run1/02_hierarchical_m_fold_sampling_2haw/sampling_round_3/02_sampling/sampling_12/group_13_unrelaxed_rank_001_alphafold2_ptm_model_1_seed_042.pdb,91.09297734627833,0.84941,0.67994,15
/results/PPAC_BACSU/run1/02_hierarchical_m_fold_sampling_2haw/sampling_round_3/02_sampling/sampling_12/group_7_unrelaxed_rank_001_alphafold2_ptm_model_1_seed_042.pdb,91.66909385113269,0.72496,0.7277,11
/results/PPAC_BACSU/run1/02_hierarchical_m_fold_sampling_2haw/sampling_round_3/02_sampling/sampling_12/group_4_unrelaxed_rank_001_alphafold2_ptm_model_1_seed_042.pdb,89.72582524271843,0.8928,0.67,11
/results/PPAC_BACSU/run1/02_hierarchical_m_fold_sampling_2haw/sampling_round_3/02_sampling/sampling_12/group_12_unrelaxed_rank_001_alphafold2_ptm_model_1_seed_042.pdb,90.13462783171525,0.86085,0.67634,11
/results/PPAC_BACSU/run1/02_hierarchical_m_fold_sampling_2haw/sampling_round_3/02_sampling/sampling_12/group_5_unrelaxed_rank_001_alphafold2_ptm_model_1_seed_042.pdb,89.80103559870555,0.84149,0.67361,11
/results/PPAC_BACSU/run1/02_hierarchical_m_fold_sampling_2haw/sampling_round_3/02_sampling/sampling_12/group_10_unrelaxed_rank_001_alphafold2_ptm_model_1_seed_042.pdb,90.86436893203879,0.85068,0.67916,11
/results/PPAC_BACSU/run1/02_hierarchical_m_fold_sampling_2haw/sampling_round_3/02_sampling/sampling_12/group_3_unrelaxed_rank_001_alphafold2_ptm_model_1_seed_042.pdb,90.30873786407767,0.86132,0.67539,11
/results/PPAC_BACSU/run1/02_hierarchical_m_fold_sampling_2haw/sampling_round_3/02_sampling/sampling_12/group_9_unrelaxed_rank_001_alphafold2_ptm_model_1_seed_042.pdb,91.19789644012944,0.90542,0.67131,11
/results/PPAC_BACSU/run1/02_hierarchical_m_fold_sampling_2haw/sampling_round_3/02_sampling/sampling_12/group_1_unrelaxed_rank_001_alphafold2_ptm_model_1_seed_042.pdb,91.5976375404531,0.8911,0.67594,11
/results/PPAC_BACSU/run1/02_hierarchical_m_fold_sampling_2haw/sampling_round_3/02_sampling/sampling_12/group_11_unrelaxed_rank_001_alphafold2_ptm_model_1_seed_042.pdb,90.9021359223301,0.75725,0.70422,11
/results/PPAC_BACSU/run1/02_hierarchical_m_fold_sampling_2haw/sampling_round_3/02_sampling/sampling_12/group_2_unrelaxed_rank_001_alphafold2_ptm_model_1_seed_042.pdb,88.52181229773468,0.77651,0.68983,11
/results/PPAC_BACSU/run1/02_hierarchical_m_fold_sampling_2haw/sampling_round_3/02_sampling/sampling_3/group_8_unrelaxed_rank_001_alphafold2_ptm_model_1_seed_042.pdb,91.92155339805834,0.91806,0.67706,11
/results/PPAC_BACSU/run1/02_hierarchical_m_fold_sampling_2haw/sampling_round_3/02_sampling/sampling_3/group_6_unrelaxed_rank_001_alphafold2_ptm_model_1_seed_042.pdb,90.76161812297735,0.6762,0.90091,11
/results/PPAC_BACSU/run1/02_hierarchical_m_fold_sampling_2haw/sampling_round_3/02_sampling/sampling_3/group_13_unrelaxed_rank_001_alphafold2_ptm_model_1_seed_042.pdb,90.60132686084141,0.88263,0.67582,15
/results/PPAC_BACSU/run1/02_hierarchical_m_fold_sampling_2haw/sampling_round_3/02_sampling/sampling_3/group_7_unrelaxed_rank_001_alphafold2_ptm_model_1_seed_042.pdb,90.01187702265372,0.87998,0.67479,11
/results/PPAC_BACSU/run1/02_hierarchical_m_fold_sampling_2haw/sampling_round_3/02_sampling/sampling_3/group_4_unrelaxed_rank_001_alphafold2_ptm_model_1_seed_042.pdb,92.3816181229773,0.81806,0.68238,11
/results/PPAC_BACSU/run1/02_hierarchical_m_fold_sampling_2haw/sampling_round_3/02_sampling/sampling_3/group_12_unrelaxed_rank_001_alphafold2_ptm_model_1_seed_042.pdb,87.15689320388343,0.95094,0.67062,11
/results/PPAC_BACSU/run1/02_hierarchical_m_fold_sampling_2haw/sampling_round_3/02_sampling/sampling_3/group_5_unrelaxed_rank_001_alphafold2_ptm_model_1_seed_042.pdb,92.91126213592233,0.71153,0.75641,11
/results/PPAC_BACSU/run1/02_hierarchical_m_fold_sampling_2haw/sampling_round_3/02_sampling/sampling_3/group_10_unrelaxed_rank_001_alphafold2_ptm_model_1_seed_042.pdb,89.98728155339802,0.89894,0.67829,11
/results/PPAC_BACSU/run1/02_hierarchical_m_fold_sampling_2haw/sampling_round_3/02_sampling/sampling_3/group_3_unrelaxed_rank_001_alphafold2_ptm_model_1_seed_042.pdb,91.31809061488676,0.88846,0.67265,11
/results/PPAC_BACSU/run1/02_hierarchical_m_fold_sampling_2haw/sampling_round_3/02_sampling/sampling_3/group_9_unrelaxed_rank_001_alphafold2_ptm_model_1_seed_042.pdb,90.78051779935275,0.81758,0.68114,11
/results/PPAC_BACSU/run1/02_hierarchical_m_fold_sampling_2haw/sampling_round_3/02_sampling/sampling_3/group_1_unrelaxed_rank_001_alphafold2_ptm_model_1_seed_042.pdb,90.56867313915866,0.89172,0.67571,11
/results/PPAC_BACSU/run1/02_hierarchical_m_fold_sampling_2haw/sampling_round_3/02_sampling/sampling_3/group_11_unrelaxed_rank_001_alphafold2_ptm_model_1_seed_042.pdb,90.6998705501619,0.70436,0.76741,11
/results/PPAC_BACSU/run1/02_hierarchical_m_fold_sampling_2haw/sampling_round_3/02_sampling/sampling_3/group_2_unrelaxed_rank_001_alphafold2_ptm_model_1_seed_042.pdb,91.91097087378638,0.91959,0.67228,11
/results/PPAC_BACSU/run1/02_hierarchical_m_fold_sampling_2haw/sampling_round_3/02_sampling/sampling_14/group_8_unrelaxed_rank_001_alphafold2_ptm_model_1_seed_042.pdb,90.36669902912627,0.88917,0.67485,11
/results/PPAC_BACSU/run1/02_hierarchical_m_fold_sampling_2haw/sampling_round_3/02_sampling/sampling_14/group_6_unrelaxed_rank_001_alphafold2_ptm_model_1_seed_042.pdb,91.76640776699031,0.85471,0.67928,11
/results/PPAC_BACSU/run1/02_hierarchical_m_fold_sampling_2haw/sampling_round_3/02_sampling/sampling_14/group_13_unrelaxed_rank_001_alphafold2_ptm_model_1_seed_042.pdb,91.1506796116505,0.83565,0.68237,15
/results/PPAC_BACSU/run1/02_hierarchical_m_fold_sampling_2haw/sampling_round_3/02_sampling/sampling_14/group_7_unrelaxed_rank_001_alphafold2_ptm_model_1_seed_042.pdb,88.21828478964399,0.87387,0.67254,11
/results/PPAC_BACSU/run1/02_hierarchical_m_fold_sampling_2haw/sampling_round_3/02_sampling/sampling_14/group_4_unrelaxed_rank_001_alphafold2_ptm_model_1_seed_042.pdb,92.26715210355982,0.70069,0.76084,11
/results/PPAC_BACSU/run1/02_hierarchical_m_fold_sampling_2haw/sampling_round_3/02_sampling/sampling_14/group_12_unrelaxed_rank_001_alphafold2_ptm_model_1_seed_042.pdb,91.56184466019425,0.88666,0.67531,11
/results/PPAC_BACSU/run1/02_hierarchical_m_fold_sampling_2haw/sampling_round_3/02_sampling/sampling_14/group_5_unrelaxed_rank_001_alphafold2_ptm_model_1_seed_042.pdb,91.10181229773463,0.90566,0.67956,11
/results/PPAC_BACSU/run1/02_hierarchical_m_fold_sampling_2haw/sampling_round_3/02_sampling/sampling_14/group_10_unrelaxed_rank_001_alphafold2_ptm_model_1_seed_042.pdb,90.53381877022659,0.67332,0.89159,11
/results/PPAC_BACSU/run1/02_hierarchical_m_fold_sampling_2haw/sampling_round_3/02_sampling/sampling_14/group_3_unrelaxed_rank_001_alphafold2_ptm_model_1_seed_042.pdb,91.6581877022654,0.90655,0.67638,11
/results/PPAC_BACSU/run1/02_hierarchical_m_fold_sampling_2haw/sampling_round_3/02_sampling/sampling_14/group_9_unrelaxed_rank_001_alphafold2_ptm_model_1_seed_042.pdb,87.7900323624595,0.92287,0.66981,11
/results/PPAC_BACSU/run1/02_hierarchical_m_fold_sampling_2haw/sampling_round_3/02_sampling/sampling_14/group_1_unrelaxed_rank_001_alphafold2_ptm_model_1_seed_042.pdb,91.22754045307447,0.90114,0.67596,11
/results/PPAC_BACSU/run1/02_hierarchical_m_fold_sampling_2haw/sampling_round_3/02_sampling/sampling_14/group_11_unrelaxed_rank_001_alphafold2_ptm_model_1_seed_042.pdb,89.11766990291264,0.91643,0.67164,11
/results/PPAC_BACSU/run1/02_hierarchical_m_fold_sampling_2haw/sampling_round_3/02_sampling/sampling_14/group_2_unrelaxed_rank_001_alphafold2_ptm_model_1_seed_042.pdb,91.185857605178,0.68417,0.86518,11
/results/PPAC_BACSU/run1/02_hierarchical_m_fold_sampling_2haw/sampling_round_11/02_sampling/sampling_10/group_8_unrelaxed_rank_001_alphafold2_ptm_model_1_seed_042.pdb,90.60372168284786,0.91247,0.67199,11
/results/PPAC_BACSU/run1/02_hierarchical_m_fold_sampling_2haw/sampling_round_11/02_sampling/sampling_10/group_6_unrelaxed_rank_001_alphafold2_ptm_model_1_seed_042.pdb,88.72498381877013,0.82022,0.67941,11
/results/PPAC_BACSU/run1/02_hierarchical_m_fold_sampling_2haw/sampling_round_11/02_sampling/sampling_10/group_13_unrelaxed_rank_001_alphafold2_ptm_model_1_seed_042.pdb,91.25145631067969,0.88285,0.67744,15
/results/PPAC_BACSU/run1/02_hierarchical_m_fold_sampling_2haw/sampling_round_11/02_sampling/sampling_10/group_7_unrelaxed_rank_001_alphafold2_ptm_model_1_seed_042.pdb,91.66660194174764,0.85502,0.67851,11
/results/PPAC_BACSU/run1/02_hierarchical_m_fold_sampling_2haw/sampling_round_11/02_sampling/sampling_10/group_4_unrelaxed_rank_001_alphafold2_ptm_model_1_seed_042.pdb,91.41262135922328,0.83741,0.67959,11
/results/PPAC_BACSU/run1/02_hierarchical_m_fold_sampling_2haw/sampling_round_11/02_sampling/sampling_10/group_12_unrelaxed_rank_001_alphafold2_ptm_model_1_seed_042.pdb,89.17627831715212,0.83399,0.6827,11
/results/PPAC_BACSU/run1/02_hierarchical_m_fold_sampling_2haw/sampling_round_11/02_sampling/sampling_10/group_5_unrelaxed_rank_001_alphafold2_ptm_model_1_seed_042.pdb,89.82181229773465,0.76015,0.68868,11
/results/PPAC_BACSU/run1/02_hierarchical_m_fold_sampling_2haw/sampling_round_11/02_sampling/sampling_10/group_10_unrelaxed_rank_001_alphafold2_ptm_model_1_seed_042.pdb,90.66653721682846,0.8872,0.67379,11
/results/PPAC_BACSU/run1/02_hierarchical_m_fold_sampling_2haw/sampling_round_11/02_sampling/sampling_10/group_3_unrelaxed_rank_001_alphafold2_ptm_model_1_seed_042.pdb,90.06000000000004,0.89292,0.6708,11
/results/PPAC_BACSU/run1/02_hierarchical_m_fold_sampling_2haw/sampling_round_11/02_sampling/sampling_10/group_9_unrelaxed_rank_001_alphafold2_ptm_model_1_seed_042.pdb,91.40016181229778,0.79228,0.6909,11
/results/PPAC_BACSU/run1/02_hierarchical_m_fold_sampling_2haw/sampling_round_11/02_sampling/sampling_10/group_1_unrelaxed_rank_001_alphafold2_ptm_model_1_seed_042.pdb,88.4888996763754,0.87641,0.67667,11
/results/PPAC_BACSU/run1/02_hierarchical_m_fold_sampling_2haw/sampling_round_11/02_sampling/sampling_10/group_11_unrelaxed_rank_001_alphafold2_ptm_model_1_seed_042.pdb,91.81177993527513,0.67273,0.91208,11
/results/PPAC_BACSU/run1/02_hierarchical_m_fold_sampling_2haw/sampling_round_11/02_sampling/sampling_10/group_2_unrelaxed_rank_001_alphafold2_ptm_model_1_seed_042.pdb,91.76313915857607,0.87129,0.6795,11
/results/PPAC_BACSU/run1/02_hierarchical_m_fold_sampling_2haw/sampling_round_11/02_sampling/sampling_9/group_8_unrelaxed_rank_001_alphafold2_ptm_model_1_seed_042.pdb,90.69647249190938,0.6713,0.90722,11
/results/PPAC_BACSU/run1/02_hierarchical_m_fold_sampling_2haw/sampling_round_11/02_sampling/sampling_9/group_6_unrelaxed_rank_001_alphafold2_ptm_model_1_seed_042.pdb,90.19857605177988,0.89934,0.67414,11
/results/PPAC_BACSU/run1/02_hierarchical_m_fold_sampling_2haw/sampling_round_11/02_sampling/sampling_9/group_13_unrelaxed_rank_001_alphafold2_ptm_model_1_seed_042.pdb,91.54902912621357,0.89029,0.67415,15
/results/PPAC_BACSU/run1/02_hierarchical_m_fold_sampling_2haw/sampling_round_11/02_sampling/sampling_9/group_7_unrelaxed_rank_001_alphafold2_ptm_model_1_seed_042.pdb,90.82333333333334,0.82144,0.67474,11
/results/PPAC_BACSU/run1/02_hierarchical_m_fold_sampling_2haw/sampling_round_11/02_sampling/sampling_9/group_4_unrelaxed_rank_001_alphafold2_ptm_model_1_seed_042.pdb,87.91611650485433,0.80079,0.68209,11
/results/PPAC_BACSU/run1/02_hierarchical_m_fold_sampling_2haw/sampling_round_11/02_sampling/sampling_9/group_12_unrelaxed_rank_001_alphafold2_ptm_model_1_seed_042.pdb,90.29265372168284,0.88536,0.67047,11
/results/PPAC_BACSU/run1/02_hierarchical_m_fold_sampling_2haw/sampling_round_11/02_sampling/sampling_9/group_5_unrelaxed_rank_001_alphafold2_ptm_model_1_seed_042.pdb,90.92682847896445,0.8792,0.67673,11
/results/PPAC_BACSU/run1/02_hierarchical_m_fold_sampling_2haw/sampling_round_11/02_sampling/sampling_9/group_10_unrelaxed_rank_001_alphafold2_ptm_model_1_seed_042.pdb,90.27239482200639,0.74658,0.69898,11
/results/PPAC_BACSU/run1/02_hierarchical_m_fold_sampling_2haw/sampling_round_11/02_sampling/sampling_9/group_3_unrelaxed_rank_001_alphafold2_ptm_model_1_seed_042.pdb,89.67245954692558,0.68571,0.84024,11
/results/PPAC_BACSU/run1/02_hierarchical_m_fold_sampling_2haw/sampling_round_11/02_sampling/sampling_9/group_9_unrelaxed_rank_001_alphafold2_ptm_model_1_seed_042.pdb,90.87262135922332,0.88406,0.67771,11
/results/PPAC_BACSU/run1/02_hierarchical_m_fold_sampling_2haw/sampling_round_11/02_sampling/sampling_9/group_1_unrelaxed_rank_001_alphafold2_ptm_model_1_seed_042.pdb,91.62407766990293,0.88352,0.67637,11
/results/PPAC_BACSU/run1/02_hierarchical_m_fold_sampling_2haw/sampling_round_11/02_sampling/sampling_9/group_11_unrelaxed_rank_001_alphafold2_ptm_model_1_seed_042.pdb,91.00915857605179,0.86156,0.68112,11
/results/PPAC_BACSU/run1/02_hierarchical_m_fold_sampling_2haw/sampling_round_11/02_sampling/sampling_9/group_2_unrelaxed_rank_001_alphafold2_ptm_model_1_seed_042.pdb,90.48142394822005,0.87986,0.67765,11
/results/PPAC_BACSU/run1/02_hierarchical_m_fold_sampling_2haw/sampling_round_11/02_sampling/sampling_6/group_8_unrelaxed_rank_001_alphafold2_ptm_model_1_seed_042.pdb,91.21987055016182,0.90225,0.67425,11
/results/PPAC_BACSU/run1/02_hierarchical_m_fold_sampling_2haw/sampling_round_11/02_sampling/sampling_6/group_6_unrelaxed_rank_001_alphafold2_ptm_model_1_seed_042.pdb,88.95915857605183,0.88499,0.67741,11
/results/PPAC_BACSU/run1/02_hierarchical_m_fold_sampling_2haw/sampling_round_11/02_sampling/sampling_6/group_13_unrelaxed_rank_001_alphafold2_ptm_model_1_seed_042.pdb,90.74077669902906,0.88785,0.67749,15
/results/PPAC_BACSU/run1/02_hierarchical_m_fold_sampling_2haw/sampling_round_11/02_sampling/sampling_6/group_7_unrelaxed_rank_001_alphafold2_ptm_model_1_seed_042.pdb,90.20711974110034,0.89654,0.67263,11
/results/PPAC_BACSU/run1/02_hierarchical_m_fold_sampling_2haw/sampling_round_11/02_sampling/sampling_6/group_4_unrelaxed_rank_001_alphafold2_ptm_model_1_seed_042.pdb,89.79983818770222,0.8941,0.67517,11
/results/PPAC_BACSU/run1/02_hierarchical_m_fold_sampling_2haw/sampling_round_11/02_sampling/sampling_6/group_12_unrelaxed_rank_001_alphafold2_ptm_model_1_seed_042.pdb,91.24902912621354,0.88803,0.67587,11
/results/PPAC_BACSU/run1/02_hierarchical_m_fold_sampling_2haw/sampling_round_11/02_sampling/sampling_6/group_5_unrelaxed_rank_001_alphafold2_ptm_model_1_seed_042.pdb,90.30666666666666,0.88859,0.67699,11
/results/PPAC_BACSU/run1/02_hierarchical_m_fold_sampling_2haw/sampling_round_11/02_sampling/sampling_6/group_10_unrelaxed_rank_001_alphafold2_ptm_model_1_seed_042.pdb,91.5239482200647,0.87176,0.67373,11
/results/PPAC_BACSU/run1/02_hierarchical_m_fold_sampling_2haw/sampling_round_11/02_sampling/sampling_6/group_3_unrelaxed_rank_001_alphafold2_ptm_model_1_seed_042.pdb,89.59902912621361,0.90027,0.67479,11
/results/PPAC_BACSU/run1/02_hierarchical_m_fold_sampling_2haw/sampling_round_11/02_sampling/sampling_6/group_9_unrelaxed_rank_001_alphafold2_ptm_model_1_seed_042.pdb,90.2021359223301,0.87725,0.67648,11
/results/PPAC_BACSU/run1/02_hierarchical_m_fold_sampling_2haw/sampling_round_11/02_sampling/sampling_6/group_1_unrelaxed_rank_001_alphafold2_ptm_model_1_seed_042.pdb,91.29097087378636,0.87839,0.67712,11
/results/PPAC_BACSU/run1/02_hierarchical_m_fold_sampling_2haw/sampling_round_11/02_sampling/sampling_6/group_11_unrelaxed_rank_001_alphafold2_ptm_model_1_seed_042.pdb,89.93048543689322,0.89175,0.67258,11
/results/PPAC_BACSU/run1/02_hierarchical_m_fold_sampling_2haw/sampling_round_11/02_sampling/sampling_6/group_2_unrelaxed_rank_001_alphafold2_ptm_model_1_seed_042.pdb,91.71087378640775,0.87,0.67642,11
/results/PPAC_BACSU/run1/02_hierarchical_m_fold_sampling_2haw/sampling_round_11/02_sampling/sampling_1/group_8_unrelaxed_rank_001_alphafold2_ptm_model_1_seed_042.pdb,91.54750809061487,0.88492,0.67841,11
/results/PPAC_BACSU/run1/02_hierarchical_m_fold_sampling_2haw/sampling_round_11/02_sampling/sampling_1/group_6_unrelaxed_rank_001_alphafold2_ptm_model_1_seed_042.pdb,91.46446601941753,0.88086,0.67725,11
/results/PPAC_BACSU/run1/02_hierarchical_m_fold_sampling_2haw/sampling_round_11/02_sampling/sampling_1/group_13_unrelaxed_rank_001_alphafold2_ptm_model_1_seed_042.pdb,92.27530744336575,0.85773,0.68078,15
/results/PPAC_BACSU/run1/02_hierarchical_m_fold_sampling_2haw/sampling_round_11/02_sampling/sampling_1/group_7_unrelaxed_rank_001_alphafold2_ptm_model_1_seed_042.pdb,90.8181229773463,0.86112,0.67993,11
/results/PPAC_BACSU/run1/02_hierarchical_m_fold_sampling_2haw/sampling_round_11/02_sampling/sampling_1/group_4_unrelaxed_rank_001_alphafold2_ptm_model_1_seed_042.pdb,90.56776699029128,0.8768,0.6776,11
/results/PPAC_BACSU/run1/02_hierarchical_m_fold_sampling_2haw/sampling_round_11/02_sampling/sampling_1/group_12_unrelaxed_rank_001_alphafold2_ptm_model_1_seed_042.pdb,89.23103559870546,0.91427,0.67083,11
/results/PPAC_BACSU/run1/02_hierarchical_m_fold_sampling_2haw/sampling_round_11/02_sampling/sampling_1/group_5_unrelaxed_rank_001_alphafold2_ptm_model_1_seed_042.pdb,90.8463106796116,0.90003,0.6711,11
/results/PPAC_BACSU/run1/02_hierarchical_m_fold_sampling_2haw/sampling_round_11/02_sampling/sampling_1/group_10_unrelaxed_rank_001_alphafold2_ptm_model_1_seed_042.pdb,88.9237540453075,0.87771,0.67573,11
/results/PPAC_BACSU/run1/02_hierarchical_m_fold_sampling_2haw/sampling_round_11/02_sampling/sampling_1/group_3_unrelaxed_rank_001_alphafold2_ptm_model_1_seed_042.pdb,90.19517799352758,0.79964,0.68808,11
/results/PPAC_BACSU/run1/02_hierarchical_m_fold_sampling_2haw/sampling_round_11/02_sampling/sampling_1/group_9_unrelaxed_rank_001_alphafold2_ptm_model_1_seed_042.pdb,89.99003236245954,0.8961,0.67031,11
/results/PPAC_BACSU/run1/02_hierarchical_m_fold_sampling_2haw/sampling_round_11/02_sampling/sampling_1/group_1_unrelaxed_rank_001_alphafold2_ptm_model_1_seed_042.pdb,89.36184466019424,0.87064,0.67482,11
/results/PPAC_BACSU/run1/02_hierarchical_m_fold_sampling_2haw/sampling_round_11/02_sampling/sampling_1/group_11_unrelaxed_rank_001_alphafold2_ptm_model_1_seed_042.pdb,90.85812297734634,0.86098,0.68024,11
/results/PPAC_BACSU/run1/02_hierarchical_m_fold_sampling_2haw/sampling_round_11/02_sampling/sampling_1/group_2_unrelaxed_rank_001_alphafold2_ptm_model_1_seed_042.pdb,89.08142394822015,0.90393,0.67348,11
/results/PPAC_BACSU/run1/02_hierarchical_m_fold_sampling_2haw/sampling_round_11/02_sampling/sampling_5/group_8_unrelaxed_rank_001_alphafold2_ptm_model_1_seed_042.pdb,92.28964401294495,0.66096,0.92864,11
/results/PPAC_BACSU/run1/02_hierarchical_m_fold_sampling_2haw/sampling_round_11/02_sampling/sampling_5/group_6_unrelaxed_rank_001_alphafold2_ptm_model_1_seed_042.pdb,89.52533980582523,0.73076,0.70228,11
/results/PPAC_BACSU/run1/02_hierarchical_m_fold_sampling_2haw/sampling_round_11/02_sampling/sampling_5/group_13_unrelaxed_rank_001_alphafold2_ptm_model_1_seed_042.pdb,91.01168284789637,0.89521,0.6751,15
/results/PPAC_BACSU/run1/02_hierarchical_m_fold_sampling_2haw/sampling_round_11/02_sampling/sampling_5/group_7_unrelaxed_rank_001_alphafold2_ptm_model_1_seed_042.pdb,90.23805825242717,0.89408,0.67223,11
/results/PPAC_BACSU/run1/02_hierarchical_m_fold_sampling_2haw/sampling_round_11/02_sampling/sampling_5/group_4_unrelaxed_rank_001_alphafold2_ptm_model_1_seed_042.pdb,90.32161812297736,0.91831,0.67548,11
/results/PPAC_BACSU/run1/02_hierarchical_m_fold_sampling_2haw/sampling_round_11/02_sampling/sampling_5/group_12_unrelaxed_rank_001_alphafold2_ptm_model_1_seed_042.pdb,90.60838187702255,0.68919,0.83367,11
/results/PPAC_BACSU/run1/02_hierarchical_m_fold_sampling_2haw/sampling_round_11/02_sampling/sampling_5/group_5_unrelaxed_rank_001_alphafold2_ptm_model_1_seed_042.pdb,92.03896440129448,0.88527,0.67491,11
/results/PPAC_BACSU/run1/02_hierarchical_m_fold_sampling_2haw/sampling_round_11/02_sampling/sampling_5/group_10_unrelaxed_rank_001_alphafold2_ptm_model_1_seed_042.pdb,90.8019093851132,0.8963,0.67397,11
/results/PPAC_BACSU/run1/02_hierarchical_m_fold_sampling_2haw/sampling_round_11/02_sampling/sampling_5/group_3_unrelaxed_rank_001_alphafold2_ptm_model_1_seed_042.pdb,90.31165048543694,0.91393,0.67239,11
/results/PPAC_BACSU/run1/02_hierarchical_m_fold_sampling_2haw/sampling_round_11/02_sampling/sampling_5/group_9_unrelaxed_rank_001_alphafold2_ptm_model_1_seed_042.pdb,90.90478964401288,0.90535,0.67049,11
/results/PPAC_BACSU/run1/02_hierarchical_m_fold_sampling_2haw/sampling_round_11/02_sampling/sampling_5/group_1_unrelaxed_rank_001_alphafold2_ptm_model_1_seed_042.pdb,92.35177993527505,0.73704,0.71871,11
/results/PPAC_BACSU/run1/02_hierarchical_m_fold_sampling_2haw/sampling_round_11/02_sampling/sampling_5/group_11_unrelaxed_rank_001_alphafold2_ptm_model_1_seed_042.pdb,90.56666666666669,0.68432,0.86722,11
/results/PPAC_BACSU/run1/02_hierarchical_m_fold_sampling_2haw/sampling_round_11/02_sampling/sampling_5/group_2_unrelaxed_rank_001_alphafold2_ptm_model_1_seed_042.pdb,89.77559870550168,0.89042,0.67461,11
/results/PPAC_BACSU/run1/02_hierarchical_m_fold_sampling_2haw/sampling_round_11/02_sampling/sampling_8/group_8_unrelaxed_rank_001_alphafold2_ptm_model_1_seed_042.pdb,90.15417475728151,0.8865,0.67651,11
/results/PPAC_BACSU/run1/02_hierarchical_m_fold_sampling_2haw/sampling_round_11/02_sampling/sampling_8/group_6_unrelaxed_rank_001_alphafold2_ptm_model_1_seed_042.pdb,92.05818770226537,0.8505,0.68029,11
/results/PPAC_BACSU/run1/02_hierarchical_m_fold_sampling_2haw/sampling_round_11/02_sampling/sampling_8/group_13_unrelaxed_rank_001_alphafold2_ptm_model_1_seed_042.pdb,91.46631067961167,0.84299,0.68149,15
/results/PPAC_BACSU/run1/02_hierarchical_m_fold_sampling_2haw/sampling_round_11/02_sampling/sampling_8/group_7_unrelaxed_rank_001_alphafold2_ptm_model_1_seed_042.pdb,90.47576051779937,0.75133,0.70632,11
/results/PPAC_BACSU/run1/02_hierarchical_m_fold_sampling_2haw/sampling_round_11/02_sampling/sampling_8/group_4_unrelaxed_rank_001_alphafold2_ptm_model_1_seed_042.pdb,91.41608414239482,0.89203,0.67309,11
/results/PPAC_BACSU/run1/02_hierarchical_m_fold_sampling_2haw/sampling_round_11/02_sampling/sampling_8/group_12_unrelaxed_rank_001_alphafold2_ptm_model_1_seed_042.pdb,90.0639805825243,0.88212,0.67471,11
/results/PPAC_BACSU/run1/02_hierarchical_m_fold_sampling_2haw/sampling_round_11/02_sampling/sampling_8/group_5_unrelaxed_rank_001_alphafold2_ptm_model_1_seed_042.pdb,91.13857605177998,0.8903,0.6739,11
/results/PPAC_BACSU/run1/02_hierarchical_m_fold_sampling_2haw/sampling_round_11/02_sampling/sampling_8/group_10_unrelaxed_rank_001_alphafold2_ptm_model_1_seed_042.pdb,90.2509061488673,0.68918,0.83537,11
/results/PPAC_BACSU/run1/02_hierarchical_m_fold_sampling_2haw/sampling_round_11/02_sampling/sampling_8/group_3_unrelaxed_rank_001_alphafold2_ptm_model_1_seed_042.pdb,89.63537216828476,0.87293,0.67532,11
/results/PPAC_BACSU/run1/02_hierarchical_m_fold_sampling_2haw/sampling_round_11/02_sampling/sampling_8/group_9_unrelaxed_rank_001_alphafold2_ptm_model_1_seed_042.pdb,90.93462783171528,0.89571,0.67737,11
/results/PPAC_BACSU/run1/02_hierarchical_m_fold_sampling_2haw/sampling_round_11/02_sampling/sampling_8/group_1_unrelaxed_rank_001_alphafold2_ptm_model_1_seed_042.pdb,89.98255663430423,0.89148,0.67474,11
/results/PPAC_BACSU/run1/02_hierarchical_m_fold_sampling_2haw/sampling_round_11/02_sampling/sampling_8/group_11_unrelaxed_rank_001_alphafold2_ptm_model_1_seed_042.pdb,91.62747572815535,0.87638,0.67941,11
/results/PPAC_BACSU/run1/02_hierarchical_m_fold_sampling_2haw/sampling_round_11/02_sampling/sampling_8/group_2_unrelaxed_rank_001_alphafold2_ptm_model_1_seed_042.pdb,89.27132686084136,0.86626,0.68005,11
/results/PPAC_BACSU/run1/02_hierarchical_m_fold_sampling_2haw/sampling_round_11/02_sampling/sampling_7/group_8_unrelaxed_rank_001_alphafold2_ptm_model_1_seed_042.pdb,87.31744336569582,0.82401,0.6682,11
/results/PPAC_BACSU/run1/02_hierarchical_m_fold_sampling_2haw/sampling_round_11/02_sampling/sampling_7/group_6_unrelaxed_rank_001_alphafold2_ptm_model_1_seed_042.pdb,92.57579288025886,0.66024,0.92755,11
/results/PPAC_BACSU/run1/02_hierarchical_m_fold_sampling_2haw/sampling_round_11/02_sampling/sampling_7/group_13_unrelaxed_rank_001_alphafold2_ptm_model_1_seed_042.pdb,90.83242718446608,0.88547,0.67507,15
/results/PPAC_BACSU/run1/02_hierarchical_m_fold_sampling_2haw/sampling_round_11/02_sampling/sampling_7/group_7_unrelaxed_rank_001_alphafold2_ptm_model_1_seed_042.pdb,91.24906148867314,0.86829,0.6766,11
/results/PPAC_BACSU/run1/02_hierarchical_m_fold_sampling_2haw/sampling_round_11/02_sampling/sampling_7/group_4_unrelaxed_rank_001_alphafold2_ptm_model_1_seed_042.pdb,89.92249190938516,0.88651,0.67597,11
/results/PPAC_BACSU/run1/02_hierarchical_m_fold_sampling_2haw/sampling_round_11/02_sampling/sampling_7/group_12_unrelaxed_rank_001_alphafold2_ptm_model_1_seed_042.pdb,91.55158576051777,0.87256,0.67835,11
/results/PPAC_BACSU/run1/02_hierarchical_m_fold_sampling_2haw/sampling_round_11/02_sampling/sampling_7/group_5_unrelaxed_rank_001_alphafold2_ptm_model_1_seed_042.pdb,89.64291262135923,0.87338,0.67353,11
/results/PPAC_BACSU/run1/02_hierarchical_m_fold_sampling_2haw/sampling_round_11/02_sampling/sampling_7/group_10_unrelaxed_rank_001_alphafold2_ptm_model_1_seed_042.pdb,90.50663430420718,0.8966,0.67515,11
/results/PPAC_BACSU/run1/02_hierarchical_m_fold_sampling_2haw/sampling_round_11/02_sampling/sampling_7/group_3_unrelaxed_rank_001_alphafold2_ptm_model_1_seed_042.pdb,90.07812297734633,0.85191,0.68185,11
/results/PPAC_BACSU/run1/02_hierarchical_m_fold_sampling_2haw/sampling_round_11/02_sampling/sampling_7/group_9_unrelaxed_rank_001_alphafold2_ptm_model_1_seed_042.pdb,89.92491909385106,0.84053,0.67613,11
/results/PPAC_BACSU/run1/02_hierarchical_m_fold_sampling_2haw/sampling_round_11/02_sampling/sampling_7/group_1_unrelaxed_rank_001_alphafold2_ptm_model_1_seed_042.pdb,89.63588996763748,0.90415,0.6735,11
/results/PPAC_BACSU/run1/02_hierarchical_m_fold_sampling_2haw/sampling_round_11/02_sampling/sampling_7/group_11_unrelaxed_rank_001_alphafold2_ptm_model_1_seed_042.pdb,91.11569579288029,0.84978,0.68099,11
/results/PPAC_BACSU/run1/02_hierarchical_m_fold_sampling_2haw/sampling_round_11/02_sampling/sampling_7/group_2_unrelaxed_rank_001_alphafold2_ptm_model_1_seed_042.pdb,91.0334951456311,0.86494,0.67702,11
/results/PPAC_BACSU/run1/02_hierarchical_m_fold_sampling_2haw/sampling_round_11/02_sampling/sampling_2/group_8_unrelaxed_rank_001_alphafold2_ptm_model_1_seed_042.pdb,89.84307443365692,0.87138,0.67454,11
/results/PPAC_BACSU/run1/02_hierarchical_m_fold_sampling_2haw/sampling_round_11/02_sampling/sampling_2/group_6_unrelaxed_rank_001_alphafold2_ptm_model_1_seed_042.pdb,90.55210355987052,0.89517,0.67133,11
/results/PPAC_BACSU/run1/02_hierarchical_m_fold_sampling_2haw/sampling_round_11/02_sampling/sampling_2/group_13_unrelaxed_rank_001_alphafold2_ptm_model_1_seed_042.pdb,91.38546925566342,0.86017,0.68131,15
/results/PPAC_BACSU/run1/02_hierarchical_m_fold_sampling_2haw/sampling_round_11/02_sampling/sampling_2/group_7_unrelaxed_rank_001_alphafold2_ptm_model_1_seed_042.pdb,90.09860841423942,0.78788,0.68407,11
/results/PPAC_BACSU/run1/02_hierarchical_m_fold_sampling_2haw/sampling_round_11/02_sampling/sampling_2/group_4_unrelaxed_rank_001_alphafold2_ptm_model_1_seed_042.pdb,88.2407443365696,0.87765,0.67554,11
/results/PPAC_BACSU/run1/02_hierarchical_m_fold_sampling_2haw/sampling_round_11/02_sampling/sampling_2/group_12_unrelaxed_rank_001_alphafold2_ptm_model_1_seed_042.pdb,91.33627831715201,0.9122,0.67665,11
/results/PPAC_BACSU/run1/02_hierarchical_m_fold_sampling_2haw/sampling_round_11/02_sampling/sampling_2/group_5_unrelaxed_rank_001_alphafold2_ptm_model_1_seed_042.pdb,91.23090614886733,0.90641,0.67525,11
/results/PPAC_BACSU/run1/02_hierarchical_m_fold_sampling_2haw/sampling_round_11/02_sampling/sampling_2/group_10_unrelaxed_rank_001_alphafold2_ptm_model_1_seed_042.pdb,91.52627831715212,0.87259,0.68045,11
/results/PPAC_BACSU/run1/02_hierarchical_m_fold_sampling_2haw/sampling_round_11/02_sampling/sampling_2/group_3_unrelaxed_rank_001_alphafold2_ptm_model_1_seed_042.pdb,90.17951456310678,0.87654,0.67437,11
/results/PPAC_BACSU/run1/02_hierarchical_m_fold_sampling_2haw/sampling_round_11/02_sampling/sampling_2/group_9_unrelaxed_rank_001_alphafold2_ptm_model_1_seed_042.pdb,89.81605177993522,0.89291,0.67317,11
/results/PPAC_BACSU/run1/02_hierarchical_m_fold_sampling_2haw/sampling_round_11/02_sampling/sampling_2/group_1_unrelaxed_rank_001_alphafold2_ptm_model_1_seed_042.pdb,89.55689320388346,0.90769,0.67207,11
/results/PPAC_BACSU/run1/02_hierarchical_m_fold_sampling_2haw/sampling_round_11/02_sampling/sampling_2/group_11_unrelaxed_rank_001_alphafold2_ptm_model_1_seed_042.pdb,90.90262135922333,0.74446,0.69757,11
/results/PPAC_BACSU/run1/02_hierarchical_m_fold_sampling_2haw/sampling_round_11/02_sampling/sampling_2/group_2_unrelaxed_rank_001_alphafold2_ptm_model_1_seed_042.pdb,91.83035598705503,0.90436,0.67534,11
/results/PPAC_BACSU/run1/02_hierarchical_m_fold_sampling_2haw/sampling_round_11/02_sampling/sampling_11/group_8_unrelaxed_rank_001_alphafold2_ptm_model_1_seed_042.pdb,90.17656957928794,0.88326,0.675,11
/results/PPAC_BACSU/run1/02_hierarchical_m_fold_sampling_2haw/sampling_round_11/02_sampling/sampling_11/group_6_unrelaxed_rank_001_alphafold2_ptm_model_1_seed_042.pdb,89.16281553398058,0.86819,0.67522,11
/results/PPAC_BACSU/run1/02_hierarchical_m_fold_sampling_2haw/sampling_round_11/02_sampling/sampling_11/group_13_unrelaxed_rank_001_alphafold2_ptm_model_1_seed_042.pdb,91.0233980582524,0.86262,0.67707,15
/results/PPAC_BACSU/run1/02_hierarchical_m_fold_sampling_2haw/sampling_round_11/02_sampling/sampling_11/group_7_unrelaxed_rank_001_alphafold2_ptm_model_1_seed_042.pdb,89.7938834951457,0.84763,0.68112,11
/results/PPAC_BACSU/run1/02_hierarchical_m_fold_sampling_2haw/sampling_round_11/02_sampling/sampling_11/group_4_unrelaxed_rank_001_alphafold2_ptm_model_1_seed_042.pdb,89.22592233009709,0.94523,0.66907,11
/results/PPAC_BACSU/run1/02_hierarchical_m_fold_sampling_2haw/sampling_round_11/02_sampling/sampling_11/group_12_unrelaxed_rank_001_alphafold2_ptm_model_1_seed_042.pdb,91.37524271844659,0.89482,0.67624,11
/results/PPAC_BACSU/run1/02_hierarchical_m_fold_sampling_2haw/sampling_round_11/02_sampling/sampling_11/group_5_unrelaxed_rank_001_alphafold2_ptm_model_1_seed_042.pdb,85.91537216828478,0.81236,0.67718,11
/results/PPAC_BACSU/run1/02_hierarchical_m_fold_sampling_2haw/sampling_round_11/02_sampling/sampling_11/group_10_unrelaxed_rank_001_alphafold2_ptm_model_1_seed_042.pdb,91.61624595469257,0.85484,0.6794,11
/results/PPAC_BACSU/run1/02_hierarchical_m_fold_sampling_2haw/sampling_round_11/02_sampling/sampling_11/group_3_unrelaxed_rank_001_alphafold2_ptm_model_1_seed_042.pdb,90.59268608414233,0.87598,0.67629,11
/results/PPAC_BACSU/run1/02_hierarchical_m_fold_sampling_2haw/sampling_round_11/02_sampling/sampling_11/group_9_unrelaxed_rank_001_alphafold2_ptm_model_1_seed_042.pdb,91.50724919093851,0.71966,0.73915,11
/results/PPAC_BACSU/run1/02_hierarchical_m_fold_sampling_2haw/sampling_round_11/02_sampling/sampling_11/group_1_unrelaxed_rank_001_alphafold2_ptm_model_1_seed_042.pdb,89.6788349514563,0.8751,0.67252,11
/results/PPAC_BACSU/run1/02_hierarchical_m_fold_sampling_2haw/sampling_round_11/02_sampling/sampling_11/group_11_unrelaxed_rank_001_alphafold2_ptm_model_1_seed_042.pdb,90.96142394822006,0.85287,0.68244,11
/results/PPAC_BACSU/run1/02_hierarchical_m_fold_sampling_2haw/sampling_round_11/02_sampling/sampling_11/group_2_unrelaxed_rank_001_alphafold2_ptm_model_1_seed_042.pdb,89.96297734627831,0.84992,0.67555,11
/results/PPAC_BACSU/run1/02_hierarchical_m_fold_sampling_2haw/sampling_round_11/02_sampling/sampling_13/group_8_unrelaxed_rank_001_alphafold2_ptm_model_1_seed_042.pdb,90.97171521035594,0.89606,0.67284,11
/results/PPAC_BACSU/run1/02_hierarchical_m_fold_sampling_2haw/sampling_round_11/02_sampling/sampling_13/group_6_unrelaxed_rank_001_alphafold2_ptm_model_1_seed_042.pdb,89.30110032362452,0.8774,0.67497,11
/results/PPAC_BACSU/run1/02_hierarchical_m_fold_sampling_2haw/sampling_round_11/02_sampling/sampling_13/group_13_unrelaxed_rank_001_alphafold2_ptm_model_1_seed_042.pdb,89.52634304207116,0.90405,0.67349,12
/results/PPAC_BACSU/run1/02_hierarchical_m_fold_sampling_2haw/sampling_round_11/02_sampling/sampling_13/group_7_unrelaxed_rank_001_alphafold2_ptm_model_1_seed_042.pdb,90.91291262135923,0.87458,0.676,11
/results/PPAC_BACSU/run1/02_hierarchical_m_fold_sampling_2haw/sampling_round_11/02_sampling/sampling_13/group_4_unrelaxed_rank_001_alphafold2_ptm_model_1_seed_042.pdb,92.97932038834954,0.87107,0.67771,11
/results/PPAC_BACSU/run1/02_hierarchical_m_fold_sampling_2haw/sampling_round_11/02_sampling/sampling_13/group_12_unrelaxed_rank_001_alphafold2_ptm_model_1_seed_042.pdb,88.20689320388345,0.68495,0.79368,11
/results/PPAC_BACSU/run1/02_hierarchical_m_fold_sampling_2haw/sampling_round_11/02_sampling/sampling_13/group_5_unrelaxed_rank_001_alphafold2_ptm_model_1_seed_042.pdb,89.95220064724917,0.71391,0.75569,11
/results/PPAC_BACSU/run1/02_hierarchical_m_fold_sampling_2haw/sampling_round_11/02_sampling/sampling_13/group_10_unrelaxed_rank_001_alphafold2_ptm_model_1_seed_042.pdb,89.7164401294498,0.89362,0.67516,11
/results/PPAC_BACSU/run1/02_hierarchical_m_fold_sampling_2haw/sampling_round_11/02_sampling/sampling_13/group_3_unrelaxed_rank_001_alphafold2_ptm_model_1_seed_042.pdb,90.95624595469259,0.89258,0.66511,11
/results/PPAC_BACSU/run1/02_hierarchical_m_fold_sampling_2haw/sampling_round_11/02_sampling/sampling_13/group_9_unrelaxed_rank_001_alphafold2_ptm_model_1_seed_042.pdb,90.38443365695794,0.92428,0.67132,11
/results/PPAC_BACSU/run1/02_hierarchical_m_fold_sampling_2haw/sampling_round_11/02_sampling/sampling_13/group_1_unrelaxed_rank_001_alphafold2_ptm_model_1_seed_042.pdb,90.59893203883496,0.90506,0.67375,11
/results/PPAC_BACSU/run1/02_hierarchical_m_fold_sampling_2haw/sampling_round_11/02_sampling/sampling_13/group_11_unrelaxed_rank_001_alphafold2_ptm_model_1_seed_042.pdb,90.17731391585764,0.85355,0.68082,11
/results/PPAC_BACSU/run1/02_hierarchical_m_fold_sampling_2haw/sampling_round_11/02_sampling/sampling_13/group_2_unrelaxed_rank_001_alphafold2_ptm_model_1_seed_042.pdb,91.65339805825238,0.88754,0.67569,11
/results/PPAC_BACSU/run1/02_hierarchical_m_fold_sampling_2haw/sampling_round_11/02_sampling/sampling_4/group_8_unrelaxed_rank_001_alphafold2_ptm_model_1_seed_042.pdb,89.8729126213592,0.88145,0.67467,11
/results/PPAC_BACSU/run1/02_hierarchical_m_fold_sampling_2haw/sampling_round_11/02_sampling/sampling_4/group_6_unrelaxed_rank_001_alphafold2_ptm_model_1_seed_042.pdb,90.96025889967632,0.89987,0.67443,11
/results/PPAC_BACSU/run1/02_hierarchical_m_fold_sampling_2haw/sampling_round_11/02_sampling/sampling_4/group_13_unrelaxed_rank_001_alphafold2_ptm_model_1_seed_042.pdb,90.07333333333334,0.83085,0.68368,15
/results/PPAC_BACSU/run1/02_hierarchical_m_fold_sampling_2haw/sampling_round_11/02_sampling/sampling_4/group_7_unrelaxed_rank_001_alphafold2_ptm_model_1_seed_042.pdb,89.32307443365688,0.89879,0.67209,11
/results/PPAC_BACSU/run1/02_hierarchical_m_fold_sampling_2haw/sampling_round_11/02_sampling/sampling_4/group_4_unrelaxed_rank_001_alphafold2_ptm_model_1_seed_042.pdb,92.51656957928809,0.88398,0.67659,11
/results/PPAC_BACSU/run1/02_hierarchical_m_fold_sampling_2haw/sampling_round_11/02_sampling/sampling_4/group_12_unrelaxed_rank_001_alphafold2_ptm_model_1_seed_042.pdb,91.39550161812299,0.84247,0.68195,11
/results/PPAC_BACSU/run1/02_hierarchical_m_fold_sampling_2haw/sampling_round_11/02_sampling/sampling_4/group_5_unrelaxed_rank_001_alphafold2_ptm_model_1_seed_042.pdb,91.44977346278311,0.8512,0.67571,11
/results/PPAC_BACSU/run1/02_hierarchical_m_fold_sampling_2haw/sampling_round_11/02_sampling/sampling_4/group_10_unrelaxed_rank_001_alphafold2_ptm_model_1_seed_042.pdb,89.3751132686084,0.91361,0.66948,11
/results/PPAC_BACSU/run1/02_hierarchical_m_fold_sampling_2haw/sampling_round_11/02_sampling/sampling_4/group_3_unrelaxed_rank_001_alphafold2_ptm_model_1_seed_042.pdb,90.70760517799351,0.89421,0.67517,11
/results/PPAC_BACSU/run1/02_hierarchical_m_fold_sampling_2haw/sampling_round_11/02_sampling/sampling_4/group_9_unrelaxed_rank_001_alphafold2_ptm_model_1_seed_042.pdb,89.72650485436903,0.86999,0.67654,11
/results/PPAC_BACSU/run1/02_hierarchical_m_fold_sampling_2haw/sampling_round_11/02_sampling/sampling_4/group_1_unrelaxed_rank_001_alphafold2_ptm_model_1_seed_042.pdb,91.09330097087368,0.88366,0.67654,11
/results/PPAC_BACSU/run1/02_hierarchical_m_fold_sampling_2haw/sampling_round_11/02_sampling/sampling_4/group_11_unrelaxed_rank_001_alphafold2_ptm_model_1_seed_042.pdb,91.10271844660193,0.83951,0.67908,11
/results/PPAC_BACSU/run1/02_hierarchical_m_fold_sampling_2haw/sampling_round_11/02_sampling/sampling_4/group_2_unrelaxed_rank_001_alphafold2_ptm_model_1_seed_042.pdb,89.87779935275084,0.88322,0.67561,11
/results/PPAC_BACSU/run1/02_hierarchical_m_fold_sampling_2haw/sampling_round_11/02_sampling/sampling_12/group_8_unrelaxed_rank_001_alphafold2_ptm_model_1_seed_042.pdb,90.60799352750817,0.86985,0.67764,11
/results/PPAC_BACSU/run1/02_hierarchical_m_fold_sampling_2haw/sampling_round_11/02_sampling/sampling_12/group_6_unrelaxed_rank_001_alphafold2_ptm_model_1_seed_042.pdb,91.7030097087378,0.93146,0.67475,11
/results/PPAC_BACSU/run1/02_hierarchical_m_fold_sampling_2haw/sampling_round_11/02_sampling/sampling_12/group_13_unrelaxed_rank_001_alphafold2_ptm_model_1_seed_042.pdb,91.183786407767,0.91755,0.6766,15
/results/PPAC_BACSU/run1/02_hierarchical_m_fold_sampling_2haw/sampling_round_11/02_sampling/sampling_12/group_7_unrelaxed_rank_001_alphafold2_ptm_model_1_seed_042.pdb,91.65993527508094,0.91839,0.67277,11
/results/PPAC_BACSU/run1/02_hierarchical_m_fold_sampling_2haw/sampling_round_11/02_sampling/sampling_12/group_4_unrelaxed_rank_001_alphafold2_ptm_model_1_seed_042.pdb,89.80682847896438,0.7947,0.69095,11
/results/PPAC_BACSU/run1/02_hierarchical_m_fold_sampling_2haw/sampling_round_11/02_sampling/sampling_12/group_12_unrelaxed_rank_001_alphafold2_ptm_model_1_seed_042.pdb,91.36177993527508,0.93044,0.67521,11
/results/PPAC_BACSU/run1/02_hierarchical_m_fold_sampling_2haw/sampling_round_11/02_sampling/sampling_12/group_5_unrelaxed_rank_001_alphafold2_ptm_model_1_seed_042.pdb,87.49236245954694,0.91587,0.67547,11
/results/PPAC_BACSU/run1/02_hierarchical_m_fold_sampling_2haw/sampling_round_11/02_sampling/sampling_12/group_10_unrelaxed_rank_001_alphafold2_ptm_model_1_seed_042.pdb,91.28870550161813,0.89321,0.6784,11
/results/PPAC_BACSU/run1/02_hierarchical_m_fold_sampling_2haw/sampling_round_11/02_sampling/sampling_12/group_3_unrelaxed_rank_001_alphafold2_ptm_model_1_seed_042.pdb,91.13475728155332,0.87572,0.67803,11
/results/PPAC_BACSU/run1/02_hierarchical_m_fold_sampling_2haw/sampling_round_11/02_sampling/sampling_12/group_9_unrelaxed_rank_001_alphafold2_ptm_model_1_seed_042.pdb,90.94038834951455,0.89348,0.67421,11
/results/PPAC_BACSU/run1/02_hierarchical_m_fold_sampling_2haw/sampling_round_11/02_sampling/sampling_12/group_1_unrelaxed_rank_001_alphafold2_ptm_model_1_seed_042.pdb,91.51650485436899,0.8853,0.67688,11
/results/PPAC_BACSU/run1/02_hierarchical_m_fold_sampling_2haw/sampling_round_11/02_sampling/sampling_12/group_11_unrelaxed_rank_001_alphafold2_ptm_model_1_seed_042.pdb,89.54996763754046,0.84953,0.68058,11
/results/PPAC_BACSU/run1/02_hierarchical_m_fold_sampling_2haw/sampling_round_11/02_sampling/sampling_12/group_2_unrelaxed_rank_001_alphafold2_ptm_model_1_seed_042.pdb,90.3353398058253,0.88813,0.67508,11
/results/PPAC_BACSU/run1/02_hierarchical_m_fold_sampling_2haw/sampling_round_11/02_sampling/sampling_3/group_8_unrelaxed_rank_001_alphafold2_ptm_model_1_seed_042.pdb,89.72436893203891,0.86863,0.67666,11
/results/PPAC_BACSU/run1/02_hierarchical_m_fold_sampling_2haw/sampling_round_11/02_sampling/sampling_3/group_6_unrelaxed_rank_001_alphafold2_ptm_model_1_seed_042.pdb,90.32977346278317,0.90633,0.67033,11
/results/PPAC_BACSU/run1/02_hierarchical_m_fold_sampling_2haw/sampling_round_11/02_sampling/sampling_3/group_13_unrelaxed_rank_001_alphafold2_ptm_model_1_seed_042.pdb,90.40326860841425,0.86972,0.67983,15
/results/PPAC_BACSU/run1/02_hierarchical_m_fold_sampling_2haw/sampling_round_11/02_sampling/sampling_3/group_7_unrelaxed_rank_001_alphafold2_ptm_model_1_seed_042.pdb,88.9679935275081,0.84905,0.67799,11
/results/PPAC_BACSU/run1/02_hierarchical_m_fold_sampling_2haw/sampling_round_11/02_sampling/sampling_3/group_4_unrelaxed_rank_001_alphafold2_ptm_model_1_seed_042.pdb,90.48084142394823,0.91326,0.67542,11
/results/PPAC_BACSU/run1/02_hierarchical_m_fold_sampling_2haw/sampling_round_11/02_sampling/sampling_3/group_12_unrelaxed_rank_001_alphafold2_ptm_model_1_seed_042.pdb,90.49242718446602,0.9083,0.67152,11
/results/PPAC_BACSU/run1/02_hierarchical_m_fold_sampling_2haw/sampling_round_11/02_sampling/sampling_3/group_5_unrelaxed_rank_001_alphafold2_ptm_model_1_seed_042.pdb,90.91252427184465,0.82857,0.67889,11
/results/PPAC_BACSU/run1/02_hierarchical_m_fold_sampling_2haw/sampling_round_11/02_sampling/sampling_3/group_10_unrelaxed_rank_001_alphafold2_ptm_model_1_seed_042.pdb,89.04268608414237,0.88912,0.67223,11
/results/PPAC_BACSU/run1/02_hierarchical_m_fold_sampling_2haw/sampling_round_11/02_sampling/sampling_3/group_3_unrelaxed_rank_001_alphafold2_ptm_model_1_seed_042.pdb,91.50087378640781,0.89828,0.67467,11
/results/PPAC_BACSU/run1/02_hierarchical_m_fold_sampling_2haw/sampling_round_11/02_sampling/sampling_3/group_9_unrelaxed_rank_001_alphafold2_ptm_model_1_seed_042.pdb,90.34061488673134,0.86609,0.67801,11
/results/PPAC_BACSU/run1/02_hierarchical_m_fold_sampling_2haw/sampling_round_11/02_sampling/sampling_3/group_1_unrelaxed_rank_001_alphafold2_ptm_model_1_seed_042.pdb,88.74245954692555,0.85375,0.67605,11
/results/PPAC_BACSU/run1/02_hierarchical_m_fold_sampling_2haw/sampling_round_11/02_sampling/sampling_3/group_11_unrelaxed_rank_001_alphafold2_ptm_model_1_seed_042.pdb,90.86909385113269,0.8812,0.67653,11
/results/PPAC_BACSU/run1/02_hierarchical_m_fold_sampling_2haw/sampling_round_11/02_sampling/sampling_3/group_2_unrelaxed_rank_001_alphafold2_ptm_model_1_seed_042.pdb,89.79902912621353,0.84303,0.67784,11
/results/PPAC_BACSU/run1/02_hierarchical_m_fold_sampling_2haw/sampling_round_11/02_sampling/sampling_14/group_8_unrelaxed_rank_001_alphafold2_ptm_model_1_seed_042.pdb,88.02880258899683,0.86393,0.67879,11
/results/PPAC_BACSU/run1/02_hierarchical_m_fold_sampling_2haw/sampling_round_11/02_sampling/sampling_14/group_6_unrelaxed_rank_001_alphafold2_ptm_model_1_seed_042.pdb,89.41886731391588,0.89229,0.6742,11
/results/PPAC_BACSU/run1/02_hierarchical_m_fold_sampling_2haw/sampling_round_11/02_sampling/sampling_14/group_13_unrelaxed_rank_001_alphafold2_ptm_model_1_seed_042.pdb,92.7096116504854,0.85463,0.6787,15
/results/PPAC_BACSU/run1/02_hierarchical_m_fold_sampling_2haw/sampling_round_11/02_sampling/sampling_14/group_7_unrelaxed_rank_001_alphafold2_ptm_model_1_seed_042.pdb,91.0733980582525,0.88759,0.67702,11
/results/PPAC_BACSU/run1/02_hierarchical_m_fold_sampling_2haw/sampling_round_11/02_sampling/sampling_14/group_4_unrelaxed_rank_001_alphafold2_ptm_model_1_seed_042.pdb,91.10766990291266,0.85153,0.6777,11
/results/PPAC_BACSU/run1/02_hierarchical_m_fold_sampling_2haw/sampling_round_11/02_sampling/sampling_14/group_12_unrelaxed_rank_001_alphafold2_ptm_model_1_seed_042.pdb,90.8369579288026,0.8884,0.67757,11
/results/PPAC_BACSU/run1/02_hierarchical_m_fold_sampling_2haw/sampling_round_11/02_sampling/sampling_14/group_5_unrelaxed_rank_001_alphafold2_ptm_model_1_seed_042.pdb,90.37867313915855,0.89172,0.67556,11
/results/PPAC_BACSU/run1/02_hierarchical_m_fold_sampling_2haw/sampling_round_11/02_sampling/sampling_14/group_10_unrelaxed_rank_001_alphafold2_ptm_model_1_seed_042.pdb,89.80906148867312,0.92767,0.67219,11
/results/PPAC_BACSU/run1/02_hierarchical_m_fold_sampling_2haw/sampling_round_11/02_sampling/sampling_14/group_3_unrelaxed_rank_001_alphafold2_ptm_model_1_seed_042.pdb,90.96553398058253,0.87503,0.67741,11
/results/PPAC_BACSU/run1/02_hierarchical_m_fold_sampling_2haw/sampling_round_11/02_sampling/sampling_14/group_9_unrelaxed_rank_001_alphafold2_ptm_model_1_seed_042.pdb,89.4667961165049,0.89447,0.67305,11
/results/PPAC_BACSU/run1/02_hierarchical_m_fold_sampling_2haw/sampling_round_11/02_sampling/sampling_14/group_1_unrelaxed_rank_001_alphafold2_ptm_model_1_seed_042.pdb,89.44970873786413,0.75746,0.7068,11
/results/PPAC_BACSU/run1/02_hierarchical_m_fold_sampling_2haw/sampling_round_11/02_sampling/sampling_14/group_11_unrelaxed_rank_001_alphafold2_ptm_model_1_seed_042.pdb,91.74517799352745,0.89947,0.67733,11
/results/PPAC_BACSU/run1/02_hierarchical_m_fold_sampling_2haw/sampling_round_11/02_sampling/sampling_14/group_2_unrelaxed_rank_001_alphafold2_ptm_model_1_seed_042.pdb,89.70818770226533,0.81915,0.68536,11
/results/PPAC_BACSU/run1/02_hierarchical_m_fold_sampling_2haw/sampling_round_13/02_sampling/sampling_10/group_8_unrelaxed_rank_001_alphafold2_ptm_model_1_seed_042.pdb,91.48362459546927,0.86166,0.68044,11
/results/PPAC_BACSU/run1/02_hierarchical_m_fold_sampling_2haw/sampling_round_13/02_sampling/sampling_10/group_6_unrelaxed_rank_001_alphafold2_ptm_model_1_seed_042.pdb,90.41912621359229,0.90163,0.67838,11
/results/PPAC_BACSU/run1/02_hierarchical_m_fold_sampling_2haw/sampling_round_13/02_sampling/sampling_10/group_13_unrelaxed_rank_001_alphafold2_ptm_model_1_seed_042.pdb,91.35653721682847,0.90706,0.67148,15
/results/PPAC_BACSU/run1/02_hierarchical_m_fold_sampling_2haw/sampling_round_13/02_sampling/sampling_10/group_7_unrelaxed_rank_001_alphafold2_ptm_model_1_seed_042.pdb,89.80705501618125,0.71614,0.74678,11
/results/PPAC_BACSU/run1/02_hierarchical_m_fold_sampling_2haw/sampling_round_13/02_sampling/sampling_10/group_4_unrelaxed_rank_001_alphafold2_ptm_model_1_seed_042.pdb,89.7065372168285,0.89151,0.6722,11
/results/PPAC_BACSU/run1/02_hierarchical_m_fold_sampling_2haw/sampling_round_13/02_sampling/sampling_10/group_12_unrelaxed_rank_001_alphafold2_ptm_model_1_seed_042.pdb,91.13087378640785,0.87367,0.67949,11
/results/PPAC_BACSU/run1/02_hierarchical_m_fold_sampling_2haw/sampling_round_13/02_sampling/sampling_10/group_5_unrelaxed_rank_001_alphafold2_ptm_model_1_seed_042.pdb,91.37864077669897,0.91278,0.6718,11
/results/PPAC_BACSU/run1/02_hierarchical_m_fold_sampling_2haw/sampling_round_13/02_sampling/sampling_10/group_10_unrelaxed_rank_001_alphafold2_ptm_model_1_seed_042.pdb,90.38433656957923,0.72278,0.73421,11
/results/PPAC_BACSU/run1/02_hierarchical_m_fold_sampling_2haw/sampling_round_13/02_sampling/sampling_10/group_3_unrelaxed_rank_001_alphafold2_ptm_model_1_seed_042.pdb,90.62640776699033,0.88753,0.67588,11
/results/PPAC_BACSU/run1/02_hierarchical_m_fold_sampling_2haw/sampling_round_13/02_sampling/sampling_10/group_9_unrelaxed_rank_001_alphafold2_ptm_model_1_seed_042.pdb,92.18825242718444,0.88043,0.67878,11
/results/PPAC_BACSU/run1/02_hierarchical_m_fold_sampling_2haw/sampling_round_13/02_sampling/sampling_10/group_1_unrelaxed_rank_001_alphafold2_ptm_model_1_seed_042.pdb,89.97372168284788,0.88005,0.67636,11
/results/PPAC_BACSU/run1/02_hierarchical_m_fold_sampling_2haw/sampling_round_13/02_sampling/sampling_10/group_11_unrelaxed_rank_001_alphafold2_ptm_model_1_seed_042.pdb,88.38553398058254,0.90755,0.67033,11
/results/PPAC_BACSU/run1/02_hierarchical_m_fold_sampling_2haw/sampling_round_13/02_sampling/sampling_10/group_2_unrelaxed_rank_001_alphafold2_ptm_model_1_seed_042.pdb,91.43660194174751,0.85915,0.67618,11
/results/PPAC_BACSU/run1/02_hierarchical_m_fold_sampling_2haw/sampling_round_13/02_sampling/sampling_9/group_8_unrelaxed_rank_001_alphafold2_ptm_model_1_seed_042.pdb,90.93941747572819,0.86512,0.67558,11
/results/PPAC_BACSU/run1/02_hierarchical_m_fold_sampling_2haw/sampling_round_13/02_sampling/sampling_9/group_6_unrelaxed_rank_001_alphafold2_ptm_model_1_seed_042.pdb,88.88388349514561,0.70562,0.75741,11
/results/PPAC_BACSU/run1/02_hierarchical_m_fold_sampling_2haw/sampling_round_13/02_sampling/sampling_9/group_13_unrelaxed_rank_001_alphafold2_ptm_model_1_seed_042.pdb,90.70737864077675,0.91635,0.67258,15
/results/PPAC_BACSU/run1/02_hierarchical_m_fold_sampling_2haw/sampling_round_13/02_sampling/sampling_9/group_7_unrelaxed_rank_001_alphafold2_ptm_model_1_seed_042.pdb,90.50783171521029,0.81531,0.69514,11
/results/PPAC_BACSU/run1/02_hierarchical_m_fold_sampling_2haw/sampling_round_13/02_sampling/sampling_9/group_4_unrelaxed_rank_001_alphafold2_ptm_model_1_seed_042.pdb,89.92135922330098,0.89561,0.67103,11
/results/PPAC_BACSU/run1/02_hierarchical_m_fold_sampling_2haw/sampling_round_13/02_sampling/sampling_9/group_12_unrelaxed_rank_001_alphafold2_ptm_model_1_seed_042.pdb,91.27414239482206,0.87931,0.67599,11
/results/PPAC_BACSU/run1/02_hierarchical_m_fold_sampling_2haw/sampling_round_13/02_sampling/sampling_9/group_5_unrelaxed_rank_001_alphafold2_ptm_model_1_seed_042.pdb,91.63724919093852,0.88847,0.67709,11
/results/PPAC_BACSU/run1/02_hierarchical_m_fold_sampling_2haw/sampling_round_13/02_sampling/sampling_9/group_10_unrelaxed_rank_001_alphafold2_ptm_model_1_seed_042.pdb,91.76501618122978,0.87357,0.67664,11
/results/PPAC_BACSU/run1/02_hierarchical_m_fold_sampling_2haw/sampling_round_13/02_sampling/sampling_9/group_3_unrelaxed_rank_001_alphafold2_ptm_model_1_seed_042.pdb,90.44828478964405,0.79789,0.69016,11
/results/PPAC_BACSU/run1/02_hierarchical_m_fold_sampling_2haw/sampling_round_13/02_sampling/sampling_9/group_9_unrelaxed_rank_001_alphafold2_ptm_model_1_seed_042.pdb,92.37812297734634,0.67106,0.91279,11
/results/PPAC_BACSU/run1/02_hierarchical_m_fold_sampling_2haw/sampling_round_13/02_sampling/sampling_9/group_1_unrelaxed_rank_001_alphafold2_ptm_model_1_seed_042.pdb,89.49747572815534,0.73499,0.73185,11
/results/PPAC_BACSU/run1/02_hierarchical_m_fold_sampling_2haw/sampling_round_13/02_sampling/sampling_9/group_11_unrelaxed_rank_001_alphafold2_ptm_model_1_seed_042.pdb,90.14847896440138,0.8724,0.67686,11
/results/PPAC_BACSU/run1/02_hierarchical_m_fold_sampling_2haw/sampling_round_13/02_sampling/sampling_9/group_2_unrelaxed_rank_001_alphafold2_ptm_model_1_seed_042.pdb,91.78142394822001,0.90391,0.67235,11
/results/PPAC_BACSU/run1/02_hierarchical_m_fold_sampling_2haw/sampling_round_13/02_sampling/sampling_6/group_8_unrelaxed_rank_001_alphafold2_ptm_model_1_seed_042.pdb,90.47035598705502,0.90372,0.67285,11
/results/PPAC_BACSU/run1/02_hierarchical_m_fold_sampling_2haw/sampling_round_13/02_sampling/sampling_6/group_6_unrelaxed_rank_001_alphafold2_ptm_model_1_seed_042.pdb,90.18106796116513,0.91143,0.67361,11
/results/PPAC_BACSU/run1/02_hierarchical_m_fold_sampling_2haw/sampling_round_13/02_sampling/sampling_6/group_13_unrelaxed_rank_001_alphafold2_ptm_model_1_seed_042.pdb,92.84423948220068,0.78094,0.69524,15
/results/PPAC_BACSU/run1/02_hierarchical_m_fold_sampling_2haw/sampling_round_13/02_sampling/sampling_6/group_7_unrelaxed_rank_001_alphafold2_ptm_model_1_seed_042.pdb,88.69152103559883,0.82783,0.67783,11
/results/PPAC_BACSU/run1/02_hierarchical_m_fold_sampling_2haw/sampling_round_13/02_sampling/sampling_6/group_4_unrelaxed_rank_001_alphafold2_ptm_model_1_seed_042.pdb,90.36258899676372,0.89993,0.67277,11
/results/PPAC_BACSU/run1/02_hierarchical_m_fold_sampling_2haw/sampling_round_13/02_sampling/sampling_6/group_12_unrelaxed_rank_001_alphafold2_ptm_model_1_seed_042.pdb,90.77556634304212,0.87302,0.67614,11
/results/PPAC_BACSU/run1/02_hierarchical_m_fold_sampling_2haw/sampling_round_13/02_sampling/sampling_6/group_5_unrelaxed_rank_001_alphafold2_ptm_model_1_seed_042.pdb,92.2283818770227,0.84539,0.68201,11
/results/PPAC_BACSU/run1/02_hierarchical_m_fold_sampling_2haw/sampling_round_13/02_sampling/sampling_6/group_10_unrelaxed_rank_001_alphafold2_ptm_model_1_seed_042.pdb,90.25889967637535,0.81549,0.68837,11
/results/PPAC_BACSU/run1/02_hierarchical_m_fold_sampling_2haw/sampling_round_13/02_sampling/sampling_6/group_3_unrelaxed_rank_001_alphafold2_ptm_model_1_seed_042.pdb,89.26754045307437,0.85513,0.67941,11
/results/PPAC_BACSU/run1/02_hierarchical_m_fold_sampling_2haw/sampling_round_13/02_sampling/sampling_6/group_9_unrelaxed_rank_001_alphafold2_ptm_model_1_seed_042.pdb,91.10488673139155,0.88564,0.67617,11
/results/PPAC_BACSU/run1/02_hierarchical_m_fold_sampling_2haw/sampling_round_13/02_sampling/sampling_6/group_1_unrelaxed_rank_001_alphafold2_ptm_model_1_seed_042.pdb,90.20122977346276,0.85539,0.68051,11
/results/PPAC_BACSU/run1/02_hierarchical_m_fold_sampling_2haw/sampling_round_13/02_sampling/sampling_6/group_11_unrelaxed_rank_001_alphafold2_ptm_model_1_seed_042.pdb,90.18475728155343,0.85786,0.67887,11
/results/PPAC_BACSU/run1/02_hierarchical_m_fold_sampling_2haw/sampling_round_13/02_sampling/sampling_6/group_2_unrelaxed_rank_001_alphafold2_ptm_model_1_seed_042.pdb,90.16177993527502,0.86275,0.68115,11
/results/PPAC_BACSU/run1/02_hierarchical_m_fold_sampling_2haw/sampling_round_13/02_sampling/sampling_1/group_8_unrelaxed_rank_001_alphafold2_ptm_model_1_seed_042.pdb,90.79883495145637,0.90239,0.67418,11
/results/PPAC_BACSU/run1/02_hierarchical_m_fold_sampling_2haw/sampling_round_13/02_sampling/sampling_1/group_6_unrelaxed_rank_001_alphafold2_ptm_model_1_seed_042.pdb,91.0525242718447,0.89141,0.6757,11
/results/PPAC_BACSU/run1/02_hierarchical_m_fold_sampling_2haw/sampling_round_13/02_sampling/sampling_1/group_13_unrelaxed_rank_001_alphafold2_ptm_model_1_seed_042.pdb,90.07627831715207,0.75076,0.70617,15
/results/PPAC_BACSU/run1/02_hierarchical_m_fold_sampling_2haw/sampling_round_13/02_sampling/sampling_1/group_7_unrelaxed_rank_001_alphafold2_ptm_model_1_seed_042.pdb,89.53362459546926,0.88899,0.6724,11
/results/PPAC_BACSU/run1/02_hierarchical_m_fold_sampling_2haw/sampling_round_13/02_sampling/sampling_1/group_4_unrelaxed_rank_001_alphafold2_ptm_model_1_seed_042.pdb,90.60566343042076,0.72305,0.72373,11
/results/PPAC_BACSU/run1/02_hierarchical_m_fold_sampling_2haw/sampling_round_13/02_sampling/sampling_1/group_12_unrelaxed_rank_001_alphafold2_ptm_model_1_seed_042.pdb,90.76508090614887,0.876,0.67892,11
/results/PPAC_BACSU/run1/02_hierarchical_m_fold_sampling_2haw/sampling_round_13/02_sampling/sampling_1/group_5_unrelaxed_rank_001_alphafold2_ptm_model_1_seed_042.pdb,93.32423948220055,0.7154,0.75625,11
/results/PPAC_BACSU/run1/02_hierarchical_m_fold_sampling_2haw/sampling_round_13/02_sampling/sampling_1/group_10_unrelaxed_rank_001_alphafold2_ptm_model_1_seed_042.pdb,90.18472491909385,0.85756,0.67627,11
/results/PPAC_BACSU/run1/02_hierarchical_m_fold_sampling_2haw/sampling_round_13/02_sampling/sampling_1/group_3_unrelaxed_rank_001_alphafold2_ptm_model_1_seed_042.pdb,90.37809061488677,0.88637,0.67293,11
/results/PPAC_BACSU/run1/02_hierarchical_m_fold_sampling_2haw/sampling_round_13/02_sampling/sampling_1/group_9_unrelaxed_rank_001_alphafold2_ptm_model_1_seed_042.pdb,90.29423948220068,0.86107,0.67608,11
/results/PPAC_BACSU/run1/02_hierarchical_m_fold_sampling_2haw/sampling_round_13/02_sampling/sampling_1/group_1_unrelaxed_rank_001_alphafold2_ptm_model_1_seed_042.pdb,90.11016181229768,0.88591,0.67305,11
/results/PPAC_BACSU/run1/02_hierarchical_m_fold_sampling_2haw/sampling_round_13/02_sampling/sampling_1/group_11_unrelaxed_rank_001_alphafold2_ptm_model_1_seed_042.pdb,91.99957928802586,0.71199,0.76212,11
/results/PPAC_BACSU/run1/02_hierarchical_m_fold_sampling_2haw/sampling_round_13/02_sampling/sampling_1/group_2_unrelaxed_rank_001_alphafold2_ptm_model_1_seed_042.pdb,90.7131067961164,0.84628,0.68306,11
/results/PPAC_BACSU/run1/02_hierarchical_m_fold_sampling_2haw/sampling_round_13/02_sampling/sampling_5/group_8_unrelaxed_rank_001_alphafold2_ptm_model_1_seed_042.pdb,90.59637540453069,0.87015,0.67857,11
/results/PPAC_BACSU/run1/02_hierarchical_m_fold_sampling_2haw/sampling_round_13/02_sampling/sampling_5/group_6_unrelaxed_rank_001_alphafold2_ptm_model_1_seed_042.pdb,90.19634304207116,0.89329,0.67418,11
/results/PPAC_BACSU/run1/02_hierarchical_m_fold_sampling_2haw/sampling_round_13/02_sampling/sampling_5/group_13_unrelaxed_rank_001_alphafold2_ptm_model_1_seed_042.pdb,91.62368932038831,0.87311,0.67349,15
/results/PPAC_BACSU/run1/02_hierarchical_m_fold_sampling_2haw/sampling_round_13/02_sampling/sampling_5/group_7_unrelaxed_rank_001_alphafold2_ptm_model_1_seed_042.pdb,92.14291262135919,0.87074,0.67961,11
/results/PPAC_BACSU/run1/02_hierarchical_m_fold_sampling_2haw/sampling_round_13/02_sampling/sampling_5/group_4_unrelaxed_rank_001_alphafold2_ptm_model_1_seed_042.pdb,89.92608414239483,0.92109,0.66885,11
/results/PPAC_BACSU/run1/02_hierarchical_m_fold_sampling_2haw/sampling_round_13/02_sampling/sampling_5/group_12_unrelaxed_rank_001_alphafold2_ptm_model_1_seed_042.pdb,90.66983818770224,0.90506,0.67483,11
/results/PPAC_BACSU/run1/02_hierarchical_m_fold_sampling_2haw/sampling_round_13/02_sampling/sampling_5/group_5_unrelaxed_rank_001_alphafold2_ptm_model_1_seed_042.pdb,90.98323624595474,0.91318,0.67693,11
/results/PPAC_BACSU/run1/02_hierarchical_m_fold_sampling_2haw/sampling_round_13/02_sampling/sampling_5/group_10_unrelaxed_rank_001_alphafold2_ptm_model_1_seed_042.pdb,90.43012944983813,0.89953,0.67414,11
/results/PPAC_BACSU/run1/02_hierarchical_m_fold_sampling_2haw/sampling_round_13/02_sampling/sampling_5/group_3_unrelaxed_rank_001_alphafold2_ptm_model_1_seed_042.pdb,91.25491909385119,0.86537,0.67785,11
/results/PPAC_BACSU/run1/02_hierarchical_m_fold_sampling_2haw/sampling_round_13/02_sampling/sampling_5/group_9_unrelaxed_rank_001_alphafold2_ptm_model_1_seed_042.pdb,92.28307443365698,0.74163,0.70819,11
/results/PPAC_BACSU/run1/02_hierarchical_m_fold_sampling_2haw/sampling_round_13/02_sampling/sampling_5/group_1_unrelaxed_rank_001_alphafold2_ptm_model_1_seed_042.pdb,87.77443365695795,0.73082,0.71585,11
/results/PPAC_BACSU/run1/02_hierarchical_m_fold_sampling_2haw/sampling_round_13/02_sampling/sampling_5/group_11_unrelaxed_rank_001_alphafold2_ptm_model_1_seed_042.pdb,90.16741100323631,0.74039,0.70329,11
/results/PPAC_BACSU/run1/02_hierarchical_m_fold_sampling_2haw/sampling_round_13/02_sampling/sampling_5/group_2_unrelaxed_rank_001_alphafold2_ptm_model_1_seed_042.pdb,91.19815533980585,0.92425,0.67426,11
/results/PPAC_BACSU/run1/02_hierarchical_m_fold_sampling_2haw/sampling_round_13/02_sampling/sampling_8/group_8_unrelaxed_rank_001_alphafold2_ptm_model_1_seed_042.pdb,91.63783171521035,0.8256,0.68079,11
/results/PPAC_BACSU/run1/02_hierarchical_m_fold_sampling_2haw/sampling_round_13/02_sampling/sampling_8/group_6_unrelaxed_rank_001_alphafold2_ptm_model_1_seed_042.pdb,91.04194174757282,0.91693,0.67505,11
/results/PPAC_BACSU/run1/02_hierarchical_m_fold_sampling_2haw/sampling_round_13/02_sampling/sampling_8/group_13_unrelaxed_rank_001_alphafold2_ptm_model_1_seed_042.pdb,90.21796116504859,0.72075,0.72126,15
/results/PPAC_BACSU/run1/02_hierarchical_m_fold_sampling_2haw/sampling_round_13/02_sampling/sampling_8/group_7_unrelaxed_rank_001_alphafold2_ptm_model_1_seed_042.pdb,91.41333333333341,0.90379,0.67369,11
/results/PPAC_BACSU/run1/02_hierarchical_m_fold_sampling_2haw/sampling_round_13/02_sampling/sampling_8/group_4_unrelaxed_rank_001_alphafold2_ptm_model_1_seed_042.pdb,90.95686084142393,0.91644,0.67038,11
/results/PPAC_BACSU/run1/02_hierarchical_m_fold_sampling_2haw/sampling_round_13/02_sampling/sampling_8/group_12_unrelaxed_rank_001_alphafold2_ptm_model_1_seed_042.pdb,91.36339805825247,0.89883,0.67356,11
/results/PPAC_BACSU/run1/02_hierarchical_m_fold_sampling_2haw/sampling_round_13/02_sampling/sampling_8/group_5_unrelaxed_rank_001_alphafold2_ptm_model_1_seed_042.pdb,89.14203883495145,0.88019,0.67457,11
/results/PPAC_BACSU/run1/02_hierarchical_m_fold_sampling_2haw/sampling_round_13/02_sampling/sampling_8/group_10_unrelaxed_rank_001_alphafold2_ptm_model_1_seed_042.pdb,91.84605177993527,0.8887,0.67607,11
/results/PPAC_BACSU/run1/02_hierarchical_m_fold_sampling_2haw/sampling_round_13/02_sampling/sampling_8/group_3_unrelaxed_rank_001_alphafold2_ptm_model_1_seed_042.pdb,90.7642718446602,0.68786,0.80428,11
/results/PPAC_BACSU/run1/02_hierarchical_m_fold_sampling_2haw/sampling_round_13/02_sampling/sampling_8/group_9_unrelaxed_rank_001_alphafold2_ptm_model_1_seed_042.pdb,86.08427184466015,0.86106,0.64519,11
/results/PPAC_BACSU/run1/02_hierarchical_m_fold_sampling_2haw/sampling_round_13/02_sampling/sampling_8/group_1_unrelaxed_rank_001_alphafold2_ptm_model_1_seed_042.pdb,90.36394822006473,0.87081,0.67617,11
/results/PPAC_BACSU/run1/02_hierarchical_m_fold_sampling_2haw/sampling_round_13/02_sampling/sampling_8/group_11_unrelaxed_rank_001_alphafold2_ptm_model_1_seed_042.pdb,91.90692556634299,0.88111,0.67847,11
/results/PPAC_BACSU/run1/02_hierarchical_m_fold_sampling_2haw/sampling_round_13/02_sampling/sampling_8/group_2_unrelaxed_rank_001_alphafold2_ptm_model_1_seed_042.pdb,90.82414239482202,0.89996,0.67552,11
/results/PPAC_BACSU/run1/02_hierarchical_m_fold_sampling_2haw/sampling_round_13/02_sampling/sampling_7/group_8_unrelaxed_rank_001_alphafold2_ptm_model_1_seed_042.pdb,90.33588996763758,0.8716,0.67777,11
/results/PPAC_BACSU/run1/02_hierarchical_m_fold_sampling_2haw/sampling_round_13/02_sampling/sampling_7/group_6_unrelaxed_rank_001_alphafold2_ptm_model_1_seed_042.pdb,89.50135922330092,0.89709,0.67362,11
/results/PPAC_BACSU/run1/02_hierarchical_m_fold_sampling_2haw/sampling_round_13/02_sampling/sampling_7/group_13_unrelaxed_rank_001_alphafold2_ptm_model_1_seed_042.pdb,91.30948220064734,0.78042,0.69003,15
/results/PPAC_BACSU/run1/02_hierarchical_m_fold_sampling_2haw/sampling_round_13/02_sampling/sampling_7/group_7_unrelaxed_rank_001_alphafold2_ptm_model_1_seed_042.pdb,88.54271844660192,0.89843,0.67263,11
/results/PPAC_BACSU/run1/02_hierarchical_m_fold_sampling_2haw/sampling_round_13/02_sampling/sampling_7/group_4_unrelaxed_rank_001_alphafold2_ptm_model_1_seed_042.pdb,89.02404530744332,0.82327,0.67679,11
/results/PPAC_BACSU/run1/02_hierarchical_m_fold_sampling_2haw/sampling_round_13/02_sampling/sampling_7/group_12_unrelaxed_rank_001_alphafold2_ptm_model_1_seed_042.pdb,89.77543689320387,0.8379,0.6786,11
/results/PPAC_BACSU/run1/02_hierarchical_m_fold_sampling_2haw/sampling_round_13/02_sampling/sampling_7/group_5_unrelaxed_rank_001_alphafold2_ptm_model_1_seed_042.pdb,91.3960517799352,0.91177,0.67723,11
/results/PPAC_BACSU/run1/02_hierarchical_m_fold_sampling_2haw/sampling_round_13/02_sampling/sampling_7/group_10_unrelaxed_rank_001_alphafold2_ptm_model_1_seed_042.pdb,91.21928802589002,0.89041,0.67712,11
/results/PPAC_BACSU/run1/02_hierarchical_m_fold_sampling_2haw/sampling_round_13/02_sampling/sampling_7/group_3_unrelaxed_rank_001_alphafold2_ptm_model_1_seed_042.pdb,91.65841423948225,0.87001,0.67751,11
/results/PPAC_BACSU/run1/02_hierarchical_m_fold_sampling_2haw/sampling_round_13/02_sampling/sampling_7/group_9_unrelaxed_rank_001_alphafold2_ptm_model_1_seed_042.pdb,88.6115210355987,0.89654,0.67119,11
/results/PPAC_BACSU/run1/02_hierarchical_m_fold_sampling_2haw/sampling_round_13/02_sampling/sampling_7/group_1_unrelaxed_rank_001_alphafold2_ptm_model_1_seed_042.pdb,91.23537216828471,0.65379,0.93513,11
/results/PPAC_BACSU/run1/02_hierarchical_m_fold_sampling_2haw/sampling_round_13/02_sampling/sampling_7/group_11_unrelaxed_rank_001_alphafold2_ptm_model_1_seed_042.pdb,91.2322977346279,0.88838,0.67812,11
/results/PPAC_BACSU/run1/02_hierarchical_m_fold_sampling_2haw/sampling_round_13/02_sampling/sampling_7/group_2_unrelaxed_rank_001_alphafold2_ptm_model_1_seed_042.pdb,92.00967637540461,0.88593,0.6767,11
/results/PPAC_BACSU/run1/02_hierarchical_m_fold_sampling_2haw/sampling_round_13/02_sampling/sampling_2/group_8_unrelaxed_rank_001_alphafold2_ptm_model_1_seed_042.pdb,89.66381877022653,0.87891,0.67449,11
/results/PPAC_BACSU/run1/02_hierarchical_m_fold_sampling_2haw/sampling_round_13/02_sampling/sampling_2/group_6_unrelaxed_rank_001_alphafold2_ptm_model_1_seed_042.pdb,88.66271844660194,0.86744,0.67597,11
/results/PPAC_BACSU/run1/02_hierarchical_m_fold_sampling_2haw/sampling_round_13/02_sampling/sampling_2/group_13_unrelaxed_rank_001_alphafold2_ptm_model_1_seed_042.pdb,92.17459546925578,0.73875,0.70444,15
/results/PPAC_BACSU/run1/02_hierarchical_m_fold_sampling_2haw/sampling_round_13/02_sampling/sampling_2/group_7_unrelaxed_rank_001_alphafold2_ptm_model_1_seed_042.pdb,90.90077669902918,0.88157,0.67552,11
/results/PPAC_BACSU/run1/02_hierarchical_m_fold_sampling_2haw/sampling_round_13/02_sampling/sampling_2/group_4_unrelaxed_rank_001_alphafold2_ptm_model_1_seed_042.pdb,89.89249190938507,0.89702,0.67581,11
/results/PPAC_BACSU/run1/02_hierarchical_m_fold_sampling_2haw/sampling_round_13/02_sampling/sampling_2/group_12_unrelaxed_rank_001_alphafold2_ptm_model_1_seed_042.pdb,90.16987055016182,0.88122,0.67628,11
/results/PPAC_BACSU/run1/02_hierarchical_m_fold_sampling_2haw/sampling_round_13/02_sampling/sampling_2/group_5_unrelaxed_rank_001_alphafold2_ptm_model_1_seed_042.pdb,91.95229773462789,0.91302,0.67286,11
/results/PPAC_BACSU/run1/02_hierarchical_m_fold_sampling_2haw/sampling_round_13/02_sampling/sampling_2/group_10_unrelaxed_rank_001_alphafold2_ptm_model_1_seed_042.pdb,89.8471521035599,0.90026,0.6696,11
/results/PPAC_BACSU/run1/02_hierarchical_m_fold_sampling_2haw/sampling_round_13/02_sampling/sampling_2/group_3_unrelaxed_rank_001_alphafold2_ptm_model_1_seed_042.pdb,91.73145631067966,0.83031,0.68073,11
/results/PPAC_BACSU/run1/02_hierarchical_m_fold_sampling_2haw/sampling_round_13/02_sampling/sampling_2/group_9_unrelaxed_rank_001_alphafold2_ptm_model_1_seed_042.pdb,89.14071197411005,0.83674,0.68187,11
/results/PPAC_BACSU/run1/02_hierarchical_m_fold_sampling_2haw/sampling_round_13/02_sampling/sampling_2/group_1_unrelaxed_rank_001_alphafold2_ptm_model_1_seed_042.pdb,92.19805825242719,0.89558,0.67787,11
/results/PPAC_BACSU/run1/02_hierarchical_m_fold_sampling_2haw/sampling_round_13/02_sampling/sampling_2/group_11_unrelaxed_rank_001_alphafold2_ptm_model_1_seed_042.pdb,91.72194174757287,0.89515,0.67554,11
/results/PPAC_BACSU/run1/02_hierarchical_m_fold_sampling_2haw/sampling_round_13/02_sampling/sampling_2/group_2_unrelaxed_rank_001_alphafold2_ptm_model_1_seed_042.pdb,90.80809061488675,0.88127,0.67523,11
/results/PPAC_BACSU/run1/02_hierarchical_m_fold_sampling_2haw/sampling_round_13/02_sampling/sampling_11/group_8_unrelaxed_rank_001_alphafold2_ptm_model_1_seed_042.pdb,90.662427184466,0.86414,0.67774,11
/results/PPAC_BACSU/run1/02_hierarchical_m_fold_sampling_2haw/sampling_round_13/02_sampling/sampling_11/group_6_unrelaxed_rank_001_alphafold2_ptm_model_1_seed_042.pdb,89.30750809061482,0.71208,0.74589,11
/results/PPAC_BACSU/run1/02_hierarchical_m_fold_sampling_2haw/sampling_round_13/02_sampling/sampling_11/group_13_unrelaxed_rank_001_alphafold2_ptm_model_1_seed_042.pdb,91.05967637540459,0.92332,0.67143,15
/results/PPAC_BACSU/run1/02_hierarchical_m_fold_sampling_2haw/sampling_round_13/02_sampling/sampling_11/group_7_unrelaxed_rank_001_alphafold2_ptm_model_1_seed_042.pdb,89.82841423948223,0.85214,0.67708,11
/results/PPAC_BACSU/run1/02_hierarchical_m_fold_sampling_2haw/sampling_round_13/02_sampling/sampling_11/group_4_unrelaxed_rank_001_alphafold2_ptm_model_1_seed_042.pdb,91.522006472492,0.7389,0.71379,11
/results/PPAC_BACSU/run1/02_hierarchical_m_fold_sampling_2haw/sampling_round_13/02_sampling/sampling_11/group_12_unrelaxed_rank_001_alphafold2_ptm_model_1_seed_042.pdb,88.80935275080904,0.74425,0.71551,11
/results/PPAC_BACSU/run1/02_hierarchical_m_fold_sampling_2haw/sampling_round_13/02_sampling/sampling_11/group_5_unrelaxed_rank_001_alphafold2_ptm_model_1_seed_042.pdb,89.69048543689324,0.91154,0.66826,11
/results/PPAC_BACSU/run1/02_hierarchical_m_fold_sampling_2haw/sampling_round_13/02_sampling/sampling_11/group_10_unrelaxed_rank_001_alphafold2_ptm_model_1_seed_042.pdb,91.11100323624599,0.88227,0.6767,11
/results/PPAC_BACSU/run1/02_hierarchical_m_fold_sampling_2haw/sampling_round_13/02_sampling/sampling_11/group_3_unrelaxed_rank_001_alphafold2_ptm_model_1_seed_042.pdb,91.57779935275083,0.89027,0.67933,11
/results/PPAC_BACSU/run1/02_hierarchical_m_fold_sampling_2haw/sampling_round_13/02_sampling/sampling_11/group_9_unrelaxed_rank_001_alphafold2_ptm_model_1_seed_042.pdb,89.84482200647253,0.85012,0.68161,11
/results/PPAC_BACSU/run1/02_hierarchical_m_fold_sampling_2haw/sampling_round_13/02_sampling/sampling_11/group_1_unrelaxed_rank_001_alphafold2_ptm_model_1_seed_042.pdb,91.50896440129455,0.86959,0.6779,11
/results/PPAC_BACSU/run1/02_hierarchical_m_fold_sampling_2haw/sampling_round_13/02_sampling/sampling_11/group_11_unrelaxed_rank_001_alphafold2_ptm_model_1_seed_042.pdb,89.34226537216827,0.90305,0.66508,11
/results/PPAC_BACSU/run1/02_hierarchical_m_fold_sampling_2haw/sampling_round_13/02_sampling/sampling_11/group_2_unrelaxed_rank_001_alphafold2_ptm_model_1_seed_042.pdb,90.88828478964399,0.85887,0.67535,11
/results/PPAC_BACSU/run1/02_hierarchical_m_fold_sampling_2haw/sampling_round_13/02_sampling/sampling_13/group_8_unrelaxed_rank_001_alphafold2_ptm_model_1_seed_042.pdb,91.44453074433666,0.89427,0.6724,11
/results/PPAC_BACSU/run1/02_hierarchical_m_fold_sampling_2haw/sampling_round_13/02_sampling/sampling_13/group_6_unrelaxed_rank_001_alphafold2_ptm_model_1_seed_042.pdb,91.46440129449836,0.89461,0.67417,11
/results/PPAC_BACSU/run1/02_hierarchical_m_fold_sampling_2haw/sampling_round_13/02_sampling/sampling_13/group_13_unrelaxed_rank_001_alphafold2_ptm_model_1_seed_042.pdb,89.23582524271855,0.88734,0.67416,12
/results/PPAC_BACSU/run1/02_hierarchical_m_fold_sampling_2haw/sampling_round_13/02_sampling/sampling_13/group_7_unrelaxed_rank_001_alphafold2_ptm_model_1_seed_042.pdb,89.58245954692563,0.85585,0.67422,11
/results/PPAC_BACSU/run1/02_hierarchical_m_fold_sampling_2haw/sampling_round_13/02_sampling/sampling_13/group_4_unrelaxed_rank_001_alphafold2_ptm_model_1_seed_042.pdb,91.13559870550161,0.87111,0.67291,11
/results/PPAC_BACSU/run1/02_hierarchical_m_fold_sampling_2haw/sampling_round_13/02_sampling/sampling_13/group_12_unrelaxed_rank_001_alphafold2_ptm_model_1_seed_042.pdb,90.95550161812298,0.8995,0.67272,11
/results/PPAC_BACSU/run1/02_hierarchical_m_fold_sampling_2haw/sampling_round_13/02_sampling/sampling_13/group_5_unrelaxed_rank_001_alphafold2_ptm_model_1_seed_042.pdb,90.77631067961168,0.85758,0.68111,11
/results/PPAC_BACSU/run1/02_hierarchical_m_fold_sampling_2haw/sampling_round_13/02_sampling/sampling_13/group_10_unrelaxed_rank_001_alphafold2_ptm_model_1_seed_042.pdb,90.17313915857606,0.76719,0.68884,11
/results/PPAC_BACSU/run1/02_hierarchical_m_fold_sampling_2haw/sampling_round_13/02_sampling/sampling_13/group_3_unrelaxed_rank_001_alphafold2_ptm_model_1_seed_042.pdb,91.65326860841427,0.88947,0.67479,11
/results/PPAC_BACSU/run1/02_hierarchical_m_fold_sampling_2haw/sampling_round_13/02_sampling/sampling_13/group_9_unrelaxed_rank_001_alphafold2_ptm_model_1_seed_042.pdb,88.48100323624594,0.86877,0.66906,11
/results/PPAC_BACSU/run1/02_hierarchical_m_fold_sampling_2haw/sampling_round_13/02_sampling/sampling_13/group_1_unrelaxed_rank_001_alphafold2_ptm_model_1_seed_042.pdb,89.90689320388346,0.87314,0.67333,11
/results/PPAC_BACSU/run1/02_hierarchical_m_fold_sampling_2haw/sampling_round_13/02_sampling/sampling_13/group_11_unrelaxed_rank_001_alphafold2_ptm_model_1_seed_042.pdb,86.47100323624599,0.84948,0.67433,11
/results/PPAC_BACSU/run1/02_hierarchical_m_fold_sampling_2haw/sampling_round_13/02_sampling/sampling_13/group_2_unrelaxed_rank_001_alphafold2_ptm_model_1_seed_042.pdb,90.89990291262133,0.88801,0.67433,11
/results/PPAC_BACSU/run1/02_hierarchical_m_fold_sampling_2haw/sampling_round_13/02_sampling/sampling_4/group_8_unrelaxed_rank_001_alphafold2_ptm_model_1_seed_042.pdb,91.2799352750809,0.88831,0.67777,11
/results/PPAC_BACSU/run1/02_hierarchical_m_fold_sampling_2haw/sampling_round_13/02_sampling/sampling_4/group_6_unrelaxed_rank_001_alphafold2_ptm_model_1_seed_042.pdb,88.83556634304209,0.87065,0.67771,11
/results/PPAC_BACSU/run1/02_hierarchical_m_fold_sampling_2haw/sampling_round_13/02_sampling/sampling_4/group_13_unrelaxed_rank_001_alphafold2_ptm_model_1_seed_042.pdb,91.09161812297738,0.88422,0.67786,15
/results/PPAC_BACSU/run1/02_hierarchical_m_fold_sampling_2haw/sampling_round_13/02_sampling/sampling_4/group_7_unrelaxed_rank_001_alphafold2_ptm_model_1_seed_042.pdb,89.23155339805824,0.68026,0.86947,11
/results/PPAC_BACSU/run1/02_hierarchical_m_fold_sampling_2haw/sampling_round_13/02_sampling/sampling_4/group_4_unrelaxed_rank_001_alphafold2_ptm_model_1_seed_042.pdb,91.46469255663428,0.92092,0.66952,11
/results/PPAC_BACSU/run1/02_hierarchical_m_fold_sampling_2haw/sampling_round_13/02_sampling/sampling_4/group_12_unrelaxed_rank_001_alphafold2_ptm_model_1_seed_042.pdb,88.82640776699031,0.71525,0.73376,11
/results/PPAC_BACSU/run1/02_hierarchical_m_fold_sampling_2haw/sampling_round_13/02_sampling/sampling_4/group_5_unrelaxed_rank_001_alphafold2_ptm_model_1_seed_042.pdb,89.14660194174758,0.8959,0.67407,11
/results/PPAC_BACSU/run1/02_hierarchical_m_fold_sampling_2haw/sampling_round_13/02_sampling/sampling_4/group_10_unrelaxed_rank_001_alphafold2_ptm_model_1_seed_042.pdb,87.9884466019417,0.89779,0.67306,11
/results/PPAC_BACSU/run1/02_hierarchical_m_fold_sampling_2haw/sampling_round_13/02_sampling/sampling_4/group_3_unrelaxed_rank_001_alphafold2_ptm_model_1_seed_042.pdb,90.02268608414245,0.90434,0.67576,11
/results/PPAC_BACSU/run1/02_hierarchical_m_fold_sampling_2haw/sampling_round_13/02_sampling/sampling_4/group_9_unrelaxed_rank_001_alphafold2_ptm_model_1_seed_042.pdb,90.55284789644011,0.89587,0.67613,11
/results/PPAC_BACSU/run1/02_hierarchical_m_fold_sampling_2haw/sampling_round_13/02_sampling/sampling_4/group_1_unrelaxed_rank_001_alphafold2_ptm_model_1_seed_042.pdb,88.62721682847895,0.88988,0.67261,11
/results/PPAC_BACSU/run1/02_hierarchical_m_fold_sampling_2haw/sampling_round_13/02_sampling/sampling_4/group_11_unrelaxed_rank_001_alphafold2_ptm_model_1_seed_042.pdb,91.91346278317151,0.84298,0.68275,11
/results/PPAC_BACSU/run1/02_hierarchical_m_fold_sampling_2haw/sampling_round_13/02_sampling/sampling_4/group_2_unrelaxed_rank_001_alphafold2_ptm_model_1_seed_042.pdb,89.22818770226536,0.90761,0.67454,11
/results/PPAC_BACSU/run1/02_hierarchical_m_fold_sampling_2haw/sampling_round_13/02_sampling/sampling_12/group_8_unrelaxed_rank_001_alphafold2_ptm_model_1_seed_042.pdb,91.61145631067959,0.66391,0.91218,11
/results/PPAC_BACSU/run1/02_hierarchical_m_fold_sampling_2haw/sampling_round_13/02_sampling/sampling_12/group_6_unrelaxed_rank_001_alphafold2_ptm_model_1_seed_042.pdb,90.40171521035603,0.86113,0.68065,11
/results/PPAC_BACSU/run1/02_hierarchical_m_fold_sampling_2haw/sampling_round_13/02_sampling/sampling_12/group_13_unrelaxed_rank_001_alphafold2_ptm_model_1_seed_042.pdb,90.73692556634302,0.80097,0.67344,15
/results/PPAC_BACSU/run1/02_hierarchical_m_fold_sampling_2haw/sampling_round_13/02_sampling/sampling_12/group_7_unrelaxed_rank_001_alphafold2_ptm_model_1_seed_042.pdb,90.3055339805826,0.86877,0.67781,11
/results/PPAC_BACSU/run1/02_hierarchical_m_fold_sampling_2haw/sampling_round_13/02_sampling/sampling_12/group_4_unrelaxed_rank_001_alphafold2_ptm_model_1_seed_042.pdb,90.15207119741106,0.65818,0.92606,11
/results/PPAC_BACSU/run1/02_hierarchical_m_fold_sampling_2haw/sampling_round_13/02_sampling/sampling_12/group_12_unrelaxed_rank_001_alphafold2_ptm_model_1_seed_042.pdb,90.10093851132689,0.91053,0.66952,11
/results/PPAC_BACSU/run1/02_hierarchical_m_fold_sampling_2haw/sampling_round_13/02_sampling/sampling_12/group_5_unrelaxed_rank_001_alphafold2_ptm_model_1_seed_042.pdb,90.97834951456312,0.86845,0.67511,11
/results/PPAC_BACSU/run1/02_hierarchical_m_fold_sampling_2haw/sampling_round_13/02_sampling/sampling_12/group_10_unrelaxed_rank_001_alphafold2_ptm_model_1_seed_042.pdb,90.1443689320388,0.85199,0.68011,11
/results/PPAC_BACSU/run1/02_hierarchical_m_fold_sampling_2haw/sampling_round_13/02_sampling/sampling_12/group_3_unrelaxed_rank_001_alphafold2_ptm_model_1_seed_042.pdb,91.13805825242714,0.91966,0.67288,11
/results/PPAC_BACSU/run1/02_hierarchical_m_fold_sampling_2haw/sampling_round_13/02_sampling/sampling_12/group_9_unrelaxed_rank_001_alphafold2_ptm_model_1_seed_042.pdb,88.2378964401294,0.90554,0.66935,11
/results/PPAC_BACSU/run1/02_hierarchical_m_fold_sampling_2haw/sampling_round_13/02_sampling/sampling_12/group_1_unrelaxed_rank_001_alphafold2_ptm_model_1_seed_042.pdb,90.77760517799356,0.7319,0.71875,11
/results/PPAC_BACSU/run1/02_hierarchical_m_fold_sampling_2haw/sampling_round_13/02_sampling/sampling_12/group_11_unrelaxed_rank_001_alphafold2_ptm_model_1_seed_042.pdb,90.97893203883494,0.89123,0.67541,11
/results/PPAC_BACSU/run1/02_hierarchical_m_fold_sampling_2haw/sampling_round_13/02_sampling/sampling_12/group_2_unrelaxed_rank_001_alphafold2_ptm_model_1_seed_042.pdb,90.56378640776695,0.81913,0.68522,11
/results/PPAC_BACSU/run1/02_hierarchical_m_fold_sampling_2haw/sampling_round_13/02_sampling/sampling_3/group_8_unrelaxed_rank_001_alphafold2_ptm_model_1_seed_042.pdb,88.19889967637542,0.82192,0.6795,11
/results/PPAC_BACSU/run1/02_hierarchical_m_fold_sampling_2haw/sampling_round_13/02_sampling/sampling_3/group_6_unrelaxed_rank_001_alphafold2_ptm_model_1_seed_042.pdb,91.23970873786405,0.68934,0.84349,11
/results/PPAC_BACSU/run1/02_hierarchical_m_fold_sampling_2haw/sampling_round_13/02_sampling/sampling_3/group_13_unrelaxed_rank_001_alphafold2_ptm_model_1_seed_042.pdb,90.63595469255668,0.85447,0.681,15
/results/PPAC_BACSU/run1/02_hierarchical_m_fold_sampling_2haw/sampling_round_13/02_sampling/sampling_3/group_7_unrelaxed_rank_001_alphafold2_ptm_model_1_seed_042.pdb,89.68951456310678,0.915,0.67118,11
/results/PPAC_BACSU/run1/02_hierarchical_m_fold_sampling_2haw/sampling_round_13/02_sampling/sampling_3/group_4_unrelaxed_rank_001_alphafold2_ptm_model_1_seed_042.pdb,92.04792880258908,0.83232,0.68004,11
/results/PPAC_BACSU/run1/02_hierarchical_m_fold_sampling_2haw/sampling_round_13/02_sampling/sampling_3/group_12_unrelaxed_rank_001_alphafold2_ptm_model_1_seed_042.pdb,89.73265372168287,0.88874,0.67183,11
/results/PPAC_BACSU/run1/02_hierarchical_m_fold_sampling_2haw/sampling_round_13/02_sampling/sampling_3/group_5_unrelaxed_rank_001_alphafold2_ptm_model_1_seed_042.pdb,89.86223300970867,0.8906,0.67775,11
/results/PPAC_BACSU/run1/02_hierarchical_m_fold_sampling_2haw/sampling_round_13/02_sampling/sampling_3/group_10_unrelaxed_rank_001_alphafold2_ptm_model_1_seed_042.pdb,91.66498381877024,0.85255,0.68185,11
/results/PPAC_BACSU/run1/02_hierarchical_m_fold_sampling_2haw/sampling_round_13/02_sampling/sampling_3/group_3_unrelaxed_rank_001_alphafold2_ptm_model_1_seed_042.pdb,88.93818770226535,0.90301,0.67346,11
/results/PPAC_BACSU/run1/02_hierarchical_m_fold_sampling_2haw/sampling_round_13/02_sampling/sampling_3/group_9_unrelaxed_rank_001_alphafold2_ptm_model_1_seed_042.pdb,88.25420711974114,0.87262,0.674,11
/results/PPAC_BACSU/run1/02_hierarchical_m_fold_sampling_2haw/sampling_round_13/02_sampling/sampling_3/group_1_unrelaxed_rank_001_alphafold2_ptm_model_1_seed_042.pdb,91.35588996763755,0.90426,0.67402,11
/results/PPAC_BACSU/run1/02_hierarchical_m_fold_sampling_2haw/sampling_round_13/02_sampling/sampling_3/group_11_unrelaxed_rank_001_alphafold2_ptm_model_1_seed_042.pdb,89.28705501618116,0.857,0.67697,11
/results/PPAC_BACSU/run1/02_hierarchical_m_fold_sampling_2haw/sampling_round_13/02_sampling/sampling_3/group_2_unrelaxed_rank_001_alphafold2_ptm_model_1_seed_042.pdb,90.76262135922335,0.90512,0.67325,11
/results/PPAC_BACSU/run1/02_hierarchical_m_fold_sampling_2haw/sampling_round_13/02_sampling/sampling_14/group_8_unrelaxed_rank_001_alphafold2_ptm_model_1_seed_042.pdb,91.79766990291256,0.90209,0.6744,11
/results/PPAC_BACSU/run1/02_hierarchical_m_fold_sampling_2haw/sampling_round_13/02_sampling/sampling_14/group_6_unrelaxed_rank_001_alphafold2_ptm_model_1_seed_042.pdb,91.46932038834949,0.74941,0.71328,11
/results/PPAC_BACSU/run1/02_hierarchical_m_fold_sampling_2haw/sampling_round_13/02_sampling/sampling_14/group_13_unrelaxed_rank_001_alphafold2_ptm_model_1_seed_042.pdb,90.16605177993536,0.92567,0.66672,15
/results/PPAC_BACSU/run1/02_hierarchical_m_fold_sampling_2haw/sampling_round_13/02_sampling/sampling_14/group_7_unrelaxed_rank_001_alphafold2_ptm_model_1_seed_042.pdb,89.87883495145631,0.87058,0.67829,11
/results/PPAC_BACSU/run1/02_hierarchical_m_fold_sampling_2haw/sampling_round_13/02_sampling/sampling_14/group_4_unrelaxed_rank_001_alphafold2_ptm_model_1_seed_042.pdb,91.88741100323622,0.86008,0.67757,11
/results/PPAC_BACSU/run1/02_hierarchical_m_fold_sampling_2haw/sampling_round_13/02_sampling/sampling_14/group_12_unrelaxed_rank_001_alphafold2_ptm_model_1_seed_042.pdb,90.39970873786403,0.89489,0.67665,11
/results/PPAC_BACSU/run1/02_hierarchical_m_fold_sampling_2haw/sampling_round_13/02_sampling/sampling_14/group_5_unrelaxed_rank_001_alphafold2_ptm_model_1_seed_042.pdb,91.14067961165046,0.88509,0.67596,11
/results/PPAC_BACSU/run1/02_hierarchical_m_fold_sampling_2haw/sampling_round_13/02_sampling/sampling_14/group_10_unrelaxed_rank_001_alphafold2_ptm_model_1_seed_042.pdb,90.50792880258894,0.7865,0.68261,11
/results/PPAC_BACSU/run1/02_hierarchical_m_fold_sampling_2haw/sampling_round_13/02_sampling/sampling_14/group_3_unrelaxed_rank_001_alphafold2_ptm_model_1_seed_042.pdb,88.29666666666662,0.88797,0.66073,11
/results/PPAC_BACSU/run1/02_hierarchical_m_fold_sampling_2haw/sampling_round_13/02_sampling/sampling_14/group_9_unrelaxed_rank_001_alphafold2_ptm_model_1_seed_042.pdb,88.90268608414237,0.90256,0.67324,11
/results/PPAC_BACSU/run1/02_hierarchical_m_fold_sampling_2haw/sampling_round_13/02_sampling/sampling_14/group_1_unrelaxed_rank_001_alphafold2_ptm_model_1_seed_042.pdb,91.64365695792885,0.8917,0.67573,11
/results/PPAC_BACSU/run1/02_hierarchical_m_fold_sampling_2haw/sampling_round_13/02_sampling/sampling_14/group_11_unrelaxed_rank_001_alphafold2_ptm_model_1_seed_042.pdb,91.24537216828479,0.86302,0.67473,11
/results/PPAC_BACSU/run1/02_hierarchical_m_fold_sampling_2haw/sampling_round_13/02_sampling/sampling_14/group_2_unrelaxed_rank_001_alphafold2_ptm_model_1_seed_042.pdb,91.12333333333338,0.89211,0.6727,11
/results/PPAC_BACSU/run1/02_hierarchical_m_fold_sampling_2haw/sampling_round_18/02_sampling/sampling_10/group_8_unrelaxed_rank_001_alphafold2_ptm_model_1_seed_042.pdb,90.76860841423951,0.86287,0.67879,11
/results/PPAC_BACSU/run1/02_hierarchical_m_fold_sampling_2haw/sampling_round_18/02_sampling/sampling_10/group_6_unrelaxed_rank_001_alphafold2_ptm_model_1_seed_042.pdb,88.51530744336564,0.70383,0.76125,11
/results/PPAC_BACSU/run1/02_hierarchical_m_fold_sampling_2haw/sampling_round_18/02_sampling/sampling_10/group_13_unrelaxed_rank_001_alphafold2_ptm_model_1_seed_042.pdb,91.93278317152104,0.87483,0.67458,15
/results/PPAC_BACSU/run1/02_hierarchical_m_fold_sampling_2haw/sampling_round_18/02_sampling/sampling_10/group_7_unrelaxed_rank_001_alphafold2_ptm_model_1_seed_042.pdb,90.08491909385116,0.91292,0.67464,11
/results/PPAC_BACSU/run1/02_hierarchical_m_fold_sampling_2haw/sampling_round_18/02_sampling/sampling_10/group_4_unrelaxed_rank_001_alphafold2_ptm_model_1_seed_042.pdb,92.66220064724926,0.91409,0.67811,11
/results/PPAC_BACSU/run1/02_hierarchical_m_fold_sampling_2haw/sampling_round_18/02_sampling/sampling_10/group_12_unrelaxed_rank_001_alphafold2_ptm_model_1_seed_042.pdb,88.06355987055022,0.88948,0.67575,11
/results/PPAC_BACSU/run1/02_hierarchical_m_fold_sampling_2haw/sampling_round_18/02_sampling/sampling_10/group_5_unrelaxed_rank_001_alphafold2_ptm_model_1_seed_042.pdb,90.55857605177994,0.89343,0.67168,11
/results/PPAC_BACSU/run1/02_hierarchical_m_fold_sampling_2haw/sampling_round_18/02_sampling/sampling_10/group_10_unrelaxed_rank_001_alphafold2_ptm_model_1_seed_042.pdb,91.27754045307448,0.71546,0.74015,11
/results/PPAC_BACSU/run1/02_hierarchical_m_fold_sampling_2haw/sampling_round_18/02_sampling/sampling_10/group_3_unrelaxed_rank_001_alphafold2_ptm_model_1_seed_042.pdb,89.39650485436883,0.87009,0.6705,11
/results/PPAC_BACSU/run1/02_hierarchical_m_fold_sampling_2haw/sampling_round_18/02_sampling/sampling_10/group_9_unrelaxed_rank_001_alphafold2_ptm_model_1_seed_042.pdb,91.07210355987054,0.88023,0.67821,11
/results/PPAC_BACSU/run1/02_hierarchical_m_fold_sampling_2haw/sampling_round_18/02_sampling/sampling_10/group_1_unrelaxed_rank_001_alphafold2_ptm_model_1_seed_042.pdb,91.07022653721687,0.80061,0.6821,11
/results/PPAC_BACSU/run1/02_hierarchical_m_fold_sampling_2haw/sampling_round_18/02_sampling/sampling_10/group_11_unrelaxed_rank_001_alphafold2_ptm_model_1_seed_042.pdb,92.68944983818767,0.72148,0.74572,11
/results/PPAC_BACSU/run1/02_hierarchical_m_fold_sampling_2haw/sampling_round_18/02_sampling/sampling_10/group_2_unrelaxed_rank_001_alphafold2_ptm_model_1_seed_042.pdb,91.1299676375405,0.88483,0.67677,11
/results/PPAC_BACSU/run1/02_hierarchical_m_fold_sampling_2haw/sampling_round_18/02_sampling/sampling_9/group_8_unrelaxed_rank_001_alphafold2_ptm_model_1_seed_042.pdb,89.1070873786408,0.85971,0.67994,11
/results/PPAC_BACSU/run1/02_hierarchical_m_fold_sampling_2haw/sampling_round_18/02_sampling/sampling_9/group_6_unrelaxed_rank_001_alphafold2_ptm_model_1_seed_042.pdb,89.80563106796117,0.84648,0.68262,11
/results/PPAC_BACSU/run1/02_hierarchical_m_fold_sampling_2haw/sampling_round_18/02_sampling/sampling_9/group_13_unrelaxed_rank_001_alphafold2_ptm_model_1_seed_042.pdb,91.64847896440128,0.83849,0.67748,15
/results/PPAC_BACSU/run1/02_hierarchical_m_fold_sampling_2haw/sampling_round_18/02_sampling/sampling_9/group_7_unrelaxed_rank_001_alphafold2_ptm_model_1_seed_042.pdb,89.25644012944983,0.93265,0.6719,11
/results/PPAC_BACSU/run1/02_hierarchical_m_fold_sampling_2haw/sampling_round_18/02_sampling/sampling_9/group_4_unrelaxed_rank_001_alphafold2_ptm_model_1_seed_042.pdb,92.24996763754042,0.88899,0.67915,11
/results/PPAC_BACSU/run1/02_hierarchical_m_fold_sampling_2haw/sampling_round_18/02_sampling/sampling_9/group_12_unrelaxed_rank_001_alphafold2_ptm_model_1_seed_042.pdb,91.9924919093851,0.72204,0.72859,11
/results/PPAC_BACSU/run1/02_hierarchical_m_fold_sampling_2haw/sampling_round_18/02_sampling/sampling_9/group_5_unrelaxed_rank_001_alphafold2_ptm_model_1_seed_042.pdb,91.33686084142384,0.88677,0.67775,11
/results/PPAC_BACSU/run1/02_hierarchical_m_fold_sampling_2haw/sampling_round_18/02_sampling/sampling_9/group_10_unrelaxed_rank_001_alphafold2_ptm_model_1_seed_042.pdb,91.1669902912621,0.89255,0.67462,11
/results/PPAC_BACSU/run1/02_hierarchical_m_fold_sampling_2haw/sampling_round_18/02_sampling/sampling_9/group_3_unrelaxed_rank_001_alphafold2_ptm_model_1_seed_042.pdb,89.76042071197408,0.6973,0.78808,11
/results/PPAC_BACSU/run1/02_hierarchical_m_fold_sampling_2haw/sampling_round_18/02_sampling/sampling_9/group_9_unrelaxed_rank_001_alphafold2_ptm_model_1_seed_042.pdb,90.69242718446601,0.7141,0.73328,11
/results/PPAC_BACSU/run1/02_hierarchical_m_fold_sampling_2haw/sampling_round_18/02_sampling/sampling_9/group_1_unrelaxed_rank_001_alphafold2_ptm_model_1_seed_042.pdb,89.72291262135923,0.87333,0.67511,11
/results/PPAC_BACSU/run1/02_hierarchical_m_fold_sampling_2haw/sampling_round_18/02_sampling/sampling_9/group_11_unrelaxed_rank_001_alphafold2_ptm_model_1_seed_042.pdb,91.1098381877023,0.89139,0.67391,11
/results/PPAC_BACSU/run1/02_hierarchical_m_fold_sampling_2haw/sampling_round_18/02_sampling/sampling_9/group_2_unrelaxed_rank_001_alphafold2_ptm_model_1_seed_042.pdb,90.27009708737874,0.91302,0.67275,11
/results/PPAC_BACSU/run1/02_hierarchical_m_fold_sampling_2haw/sampling_round_18/02_sampling/sampling_6/group_8_unrelaxed_rank_001_alphafold2_ptm_model_1_seed_042.pdb,89.85278317152104,0.87354,0.67711,11
/results/PPAC_BACSU/run1/02_hierarchical_m_fold_sampling_2haw/sampling_round_18/02_sampling/sampling_6/group_6_unrelaxed_rank_001_alphafold2_ptm_model_1_seed_042.pdb,88.5131067961165,0.89865,0.6745,11
/results/PPAC_BACSU/run1/02_hierarchical_m_fold_sampling_2haw/sampling_round_18/02_sampling/sampling_6/group_13_unrelaxed_rank_001_alphafold2_ptm_model_1_seed_042.pdb,92.49757281553397,0.87772,0.6777,15
/results/PPAC_BACSU/run1/02_hierarchical_m_fold_sampling_2haw/sampling_round_18/02_sampling/sampling_6/group_7_unrelaxed_rank_001_alphafold2_ptm_model_1_seed_042.pdb,90.77478964401291,0.86808,0.67936,11
/results/PPAC_BACSU/run1/02_hierarchical_m_fold_sampling_2haw/sampling_round_18/02_sampling/sampling_6/group_4_unrelaxed_rank_001_alphafold2_ptm_model_1_seed_042.pdb,91.58776699029131,0.93445,0.67383,11
/results/PPAC_BACSU/run1/02_hierarchical_m_fold_sampling_2haw/sampling_round_18/02_sampling/sampling_6/group_12_unrelaxed_rank_001_alphafold2_ptm_model_1_seed_042.pdb,90.60103559870556,0.87194,0.67727,11
/results/PPAC_BACSU/run1/02_hierarchical_m_fold_sampling_2haw/sampling_round_18/02_sampling/sampling_6/group_5_unrelaxed_rank_001_alphafold2_ptm_model_1_seed_042.pdb,91.16624595469257,0.88388,0.67694,11
/results/PPAC_BACSU/run1/02_hierarchical_m_fold_sampling_2haw/sampling_round_18/02_sampling/sampling_6/group_10_unrelaxed_rank_001_alphafold2_ptm_model_1_seed_042.pdb,89.24689320388353,0.86093,0.67606,11
/results/PPAC_BACSU/run1/02_hierarchical_m_fold_sampling_2haw/sampling_round_18/02_sampling/sampling_6/group_3_unrelaxed_rank_001_alphafold2_ptm_model_1_seed_042.pdb,88.63152103559871,0.91043,0.6684,11
/results/PPAC_BACSU/run1/02_hierarchical_m_fold_sampling_2haw/sampling_round_18/02_sampling/sampling_6/group_9_unrelaxed_rank_001_alphafold2_ptm_model_1_seed_042.pdb,91.84967637540456,0.85117,0.67248,11
/results/PPAC_BACSU/run1/02_hierarchical_m_fold_sampling_2haw/sampling_round_18/02_sampling/sampling_6/group_1_unrelaxed_rank_001_alphafold2_ptm_model_1_seed_042.pdb,90.34650485436896,0.73428,0.72209,11
/results/PPAC_BACSU/run1/02_hierarchical_m_fold_sampling_2haw/sampling_round_18/02_sampling/sampling_6/group_11_unrelaxed_rank_001_alphafold2_ptm_model_1_seed_042.pdb,88.31928802588995,0.86175,0.67687,11
/results/PPAC_BACSU/run1/02_hierarchical_m_fold_sampling_2haw/sampling_round_18/02_sampling/sampling_6/group_2_unrelaxed_rank_001_alphafold2_ptm_model_1_seed_042.pdb,91.62993527508092,0.90272,0.67463,11
/results/PPAC_BACSU/run1/02_hierarchical_m_fold_sampling_2haw/sampling_round_18/02_sampling/sampling_1/group_8_unrelaxed_rank_001_alphafold2_ptm_model_1_seed_042.pdb,91.61799352750812,0.87994,0.6736,11
/results/PPAC_BACSU/run1/02_hierarchical_m_fold_sampling_2haw/sampling_round_18/02_sampling/sampling_1/group_6_unrelaxed_rank_001_alphafold2_ptm_model_1_seed_042.pdb,90.48825242718452,0.8868,0.67584,11
/results/PPAC_BACSU/run1/02_hierarchical_m_fold_sampling_2haw/sampling_round_18/02_sampling/sampling_1/group_13_unrelaxed_rank_001_alphafold2_ptm_model_1_seed_042.pdb,91.14433656957928,0.8923,0.67114,15
/results/PPAC_BACSU/run1/02_hierarchical_m_fold_sampling_2haw/sampling_round_18/02_sampling/sampling_1/group_7_unrelaxed_rank_001_alphafold2_ptm_model_1_seed_042.pdb,90.00553398058246,0.90562,0.67167,11
/results/PPAC_BACSU/run1/02_hierarchical_m_fold_sampling_2haw/sampling_round_18/02_sampling/sampling_1/group_4_unrelaxed_rank_001_alphafold2_ptm_model_1_seed_042.pdb,91.06915857605176,0.87344,0.67634,11
/results/PPAC_BACSU/run1/02_hierarchical_m_fold_sampling_2haw/sampling_round_18/02_sampling/sampling_1/group_12_unrelaxed_rank_001_alphafold2_ptm_model_1_seed_042.pdb,90.81472491909395,0.83747,0.67917,11
/results/PPAC_BACSU/run1/02_hierarchical_m_fold_sampling_2haw/sampling_round_18/02_sampling/sampling_1/group_5_unrelaxed_rank_001_alphafold2_ptm_model_1_seed_042.pdb,90.39168284789648,0.88121,0.67643,11
/results/PPAC_BACSU/run1/02_hierarchical_m_fold_sampling_2haw/sampling_round_18/02_sampling/sampling_1/group_10_unrelaxed_rank_001_alphafold2_ptm_model_1_seed_042.pdb,89.4253074433657,0.90812,0.66973,11
/results/PPAC_BACSU/run1/02_hierarchical_m_fold_sampling_2haw/sampling_round_18/02_sampling/sampling_1/group_3_unrelaxed_rank_001_alphafold2_ptm_model_1_seed_042.pdb,92.3151132686084,0.85979,0.6792,11
/results/PPAC_BACSU/run1/02_hierarchical_m_fold_sampling_2haw/sampling_round_18/02_sampling/sampling_1/group_9_unrelaxed_rank_001_alphafold2_ptm_model_1_seed_042.pdb,91.2489644012946,0.9186,0.67116,11
/results/PPAC_BACSU/run1/02_hierarchical_m_fold_sampling_2haw/sampling_round_18/02_sampling/sampling_1/group_1_unrelaxed_rank_001_alphafold2_ptm_model_1_seed_042.pdb,91.13498381877022,0.88932,0.67577,11
/results/PPAC_BACSU/run1/02_hierarchical_m_fold_sampling_2haw/sampling_round_18/02_sampling/sampling_1/group_11_unrelaxed_rank_001_alphafold2_ptm_model_1_seed_042.pdb,91.25595469255667,0.88531,0.67542,11
/results/PPAC_BACSU/run1/02_hierarchical_m_fold_sampling_2haw/sampling_round_18/02_sampling/sampling_1/group_2_unrelaxed_rank_001_alphafold2_ptm_model_1_seed_042.pdb,91.46618122977345,0.88728,0.67341,11
/results/PPAC_BACSU/run1/02_hierarchical_m_fold_sampling_2haw/sampling_round_18/02_sampling/sampling_5/group_8_unrelaxed_rank_001_alphafold2_ptm_model_1_seed_042.pdb,90.36278317152107,0.75122,0.71229,11
/results/PPAC_BACSU/run1/02_hierarchical_m_fold_sampling_2haw/sampling_round_18/02_sampling/sampling_5/group_6_unrelaxed_rank_001_alphafold2_ptm_model_1_seed_042.pdb,91.40262135922326,0.8715,0.67848,11
/results/PPAC_BACSU/run1/02_hierarchical_m_fold_sampling_2haw/sampling_round_18/02_sampling/sampling_5/group_13_unrelaxed_rank_001_alphafold2_ptm_model_1_seed_042.pdb,92.42514563106796,0.82489,0.68188,15
/results/PPAC_BACSU/run1/02_hierarchical_m_fold_sampling_2haw/sampling_round_18/02_sampling/sampling_5/group_7_unrelaxed_rank_001_alphafold2_ptm_model_1_seed_042.pdb,91.28650485436894,0.8884,0.67594,11
/results/PPAC_BACSU/run1/02_hierarchical_m_fold_sampling_2haw/sampling_round_18/02_sampling/sampling_5/group_4_unrelaxed_rank_001_alphafold2_ptm_model_1_seed_042.pdb,90.23398058252421,0.83485,0.68222,11
/results/PPAC_BACSU/run1/02_hierarchical_m_fold_sampling_2haw/sampling_round_18/02_sampling/sampling_5/group_12_unrelaxed_rank_001_alphafold2_ptm_model_1_seed_042.pdb,90.23355987055012,0.87735,0.67427,11
/results/PPAC_BACSU/run1/02_hierarchical_m_fold_sampling_2haw/sampling_round_18/02_sampling/sampling_5/group_5_unrelaxed_rank_001_alphafold2_ptm_model_1_seed_042.pdb,89.35990291262137,0.89029,0.67352,11
/results/PPAC_BACSU/run1/02_hierarchical_m_fold_sampling_2haw/sampling_round_18/02_sampling/sampling_5/group_10_unrelaxed_rank_001_alphafold2_ptm_model_1_seed_042.pdb,92.03275080906148,0.66594,0.90095,11
/results/PPAC_BACSU/run1/02_hierarchical_m_fold_sampling_2haw/sampling_round_18/02_sampling/sampling_5/group_3_unrelaxed_rank_001_alphafold2_ptm_model_1_seed_042.pdb,90.2329449838187,0.90691,0.67219,11
/results/PPAC_BACSU/run1/02_hierarchical_m_fold_sampling_2haw/sampling_round_18/02_sampling/sampling_5/group_9_unrelaxed_rank_001_alphafold2_ptm_model_1_seed_042.pdb,90.54372168284792,0.90007,0.67041,11
/results/PPAC_BACSU/run1/02_hierarchical_m_fold_sampling_2haw/sampling_round_18/02_sampling/sampling_5/group_1_unrelaxed_rank_001_alphafold2_ptm_model_1_seed_042.pdb,90.40278317152105,0.89202,0.67076,11
/results/PPAC_BACSU/run1/02_hierarchical_m_fold_sampling_2haw/sampling_round_18/02_sampling/sampling_5/group_11_unrelaxed_rank_001_alphafold2_ptm_model_1_seed_042.pdb,89.73692556634302,0.84182,0.67985,11
/results/PPAC_BACSU/run1/02_hierarchical_m_fold_sampling_2haw/sampling_round_18/02_sampling/sampling_5/group_2_unrelaxed_rank_001_alphafold2_ptm_model_1_seed_042.pdb,91.4725242718446,0.88788,0.67568,11
/results/PPAC_BACSU/run1/02_hierarchical_m_fold_sampling_2haw/sampling_round_18/02_sampling/sampling_8/group_8_unrelaxed_rank_001_alphafold2_ptm_model_1_seed_042.pdb,91.37915857605182,0.90424,0.66967,11
/results/PPAC_BACSU/run1/02_hierarchical_m_fold_sampling_2haw/sampling_round_18/02_sampling/sampling_8/group_6_unrelaxed_rank_001_alphafold2_ptm_model_1_seed_042.pdb,90.12796116504857,0.89309,0.674,11
/results/PPAC_BACSU/run1/02_hierarchical_m_fold_sampling_2haw/sampling_round_18/02_sampling/sampling_8/group_13_unrelaxed_rank_001_alphafold2_ptm_model_1_seed_042.pdb,90.66964401294497,0.88741,0.67313,15
/results/PPAC_BACSU/run1/02_hierarchical_m_fold_sampling_2haw/sampling_round_18/02_sampling/sampling_8/group_7_unrelaxed_rank_001_alphafold2_ptm_model_1_seed_042.pdb,90.77171521035596,0.8727,0.67863,11
/results/PPAC_BACSU/run1/02_hierarchical_m_fold_sampling_2haw/sampling_round_18/02_sampling/sampling_8/group_4_unrelaxed_rank_001_alphafold2_ptm_model_1_seed_042.pdb,89.591067961165,0.69451,0.78867,11
/results/PPAC_BACSU/run1/02_hierarchical_m_fold_sampling_2haw/sampling_round_18/02_sampling/sampling_8/group_12_unrelaxed_rank_001_alphafold2_ptm_model_1_seed_042.pdb,91.79760517799352,0.86641,0.6788,11
/results/PPAC_BACSU/run1/02_hierarchical_m_fold_sampling_2haw/sampling_round_18/02_sampling/sampling_8/group_5_unrelaxed_rank_001_alphafold2_ptm_model_1_seed_042.pdb,91.62488673139158,0.89818,0.67742,11
/results/PPAC_BACSU/run1/02_hierarchical_m_fold_sampling_2haw/sampling_round_18/02_sampling/sampling_8/group_10_unrelaxed_rank_001_alphafold2_ptm_model_1_seed_042.pdb,90.76339805825232,0.89554,0.6753,11
/results/PPAC_BACSU/run1/02_hierarchical_m_fold_sampling_2haw/sampling_round_18/02_sampling/sampling_8/group_3_unrelaxed_rank_001_alphafold2_ptm_model_1_seed_042.pdb,90.92948220064727,0.91013,0.67351,11
/results/PPAC_BACSU/run1/02_hierarchical_m_fold_sampling_2haw/sampling_round_18/02_sampling/sampling_8/group_9_unrelaxed_rank_001_alphafold2_ptm_model_1_seed_042.pdb,90.3011650485437,0.8893,0.6725,11
/results/PPAC_BACSU/run1/02_hierarchical_m_fold_sampling_2haw/sampling_round_18/02_sampling/sampling_8/group_1_unrelaxed_rank_001_alphafold2_ptm_model_1_seed_042.pdb,90.34666666666664,0.90411,0.67413,11
/results/PPAC_BACSU/run1/02_hierarchical_m_fold_sampling_2haw/sampling_round_18/02_sampling/sampling_8/group_11_unrelaxed_rank_001_alphafold2_ptm_model_1_seed_042.pdb,91.2272815533981,0.88545,0.67286,11
/results/PPAC_BACSU/run1/02_hierarchical_m_fold_sampling_2haw/sampling_round_18/02_sampling/sampling_8/group_2_unrelaxed_rank_001_alphafold2_ptm_model_1_seed_042.pdb,90.90585760517793,0.84076,0.68294,11
/results/PPAC_BACSU/run1/02_hierarchical_m_fold_sampling_2haw/sampling_round_18/02_sampling/sampling_7/group_8_unrelaxed_rank_001_alphafold2_ptm_model_1_seed_042.pdb,90.75368932038835,0.87916,0.6741,11
/results/PPAC_BACSU/run1/02_hierarchical_m_fold_sampling_2haw/sampling_round_18/02_sampling/sampling_7/group_6_unrelaxed_rank_001_alphafold2_ptm_model_1_seed_042.pdb,91.06242718446599,0.88426,0.67423,11
/results/PPAC_BACSU/run1/02_hierarchical_m_fold_sampling_2haw/sampling_round_18/02_sampling/sampling_7/group_13_unrelaxed_rank_001_alphafold2_ptm_model_1_seed_042.pdb,92.80071197410999,0.82545,0.68267,15
/results/PPAC_BACSU/run1/02_hierarchical_m_fold_sampling_2haw/sampling_round_18/02_sampling/sampling_7/group_7_unrelaxed_rank_001_alphafold2_ptm_model_1_seed_042.pdb,88.28682847896438,0.91582,0.66829,11
/results/PPAC_BACSU/run1/02_hierarchical_m_fold_sampling_2haw/sampling_round_18/02_sampling/sampling_7/group_4_unrelaxed_rank_001_alphafold2_ptm_model_1_seed_042.pdb,90.22404530744335,0.67889,0.8727,11
/results/PPAC_BACSU/run1/02_hierarchical_m_fold_sampling_2haw/sampling_round_18/02_sampling/sampling_7/group_12_unrelaxed_rank_001_alphafold2_ptm_model_1_seed_042.pdb,89.95822006472491,0.90512,0.67183,11
/results/PPAC_BACSU/run1/02_hierarchical_m_fold_sampling_2haw/sampling_round_18/02_sampling/sampling_7/group_5_unrelaxed_rank_001_alphafold2_ptm_model_1_seed_042.pdb,90.90611650485438,0.89591,0.67325,11
/results/PPAC_BACSU/run1/02_hierarchical_m_fold_sampling_2haw/sampling_round_18/02_sampling/sampling_7/group_10_unrelaxed_rank_001_alphafold2_ptm_model_1_seed_042.pdb,91.33656957928807,0.87513,0.67653,11
/results/PPAC_BACSU/run1/02_hierarchical_m_fold_sampling_2haw/sampling_round_18/02_sampling/sampling_7/group_3_unrelaxed_rank_001_alphafold2_ptm_model_1_seed_042.pdb,91.08097087378648,0.76062,0.70582,11
/results/PPAC_BACSU/run1/02_hierarchical_m_fold_sampling_2haw/sampling_round_18/02_sampling/sampling_7/group_9_unrelaxed_rank_001_alphafold2_ptm_model_1_seed_042.pdb,91.5370226537217,0.88378,0.67395,11
/results/PPAC_BACSU/run1/02_hierarchical_m_fold_sampling_2haw/sampling_round_18/02_sampling/sampling_7/group_1_unrelaxed_rank_001_alphafold2_ptm_model_1_seed_042.pdb,90.86304207119736,0.88314,0.67451,11
/results/PPAC_BACSU/run1/02_hierarchical_m_fold_sampling_2haw/sampling_round_18/02_sampling/sampling_7/group_11_unrelaxed_rank_001_alphafold2_ptm_model_1_seed_042.pdb,90.74812297734636,0.90209,0.67826,11
/results/PPAC_BACSU/run1/02_hierarchical_m_fold_sampling_2haw/sampling_round_18/02_sampling/sampling_7/group_2_unrelaxed_rank_001_alphafold2_ptm_model_1_seed_042.pdb,90.97864077669905,0.92186,0.67229,11
/results/PPAC_BACSU/run1/02_hierarchical_m_fold_sampling_2haw/sampling_round_18/02_sampling/sampling_2/group_8_unrelaxed_rank_001_alphafold2_ptm_model_1_seed_042.pdb,90.66731391585762,0.86235,0.67872,11
/results/PPAC_BACSU/run1/02_hierarchical_m_fold_sampling_2haw/sampling_round_18/02_sampling/sampling_2/group_6_unrelaxed_rank_001_alphafold2_ptm_model_1_seed_042.pdb,88.83207119741105,0.8773,0.67457,11
/results/PPAC_BACSU/run1/02_hierarchical_m_fold_sampling_2haw/sampling_round_18/02_sampling/sampling_2/group_13_unrelaxed_rank_001_alphafold2_ptm_model_1_seed_042.pdb,91.51666666666675,0.91647,0.66766,15
/results/PPAC_BACSU/run1/02_hierarchical_m_fold_sampling_2haw/sampling_round_18/02_sampling/sampling_2/group_7_unrelaxed_rank_001_alphafold2_ptm_model_1_seed_042.pdb,91.29466019417481,0.85679,0.67972,11
/results/PPAC_BACSU/run1/02_hierarchical_m_fold_sampling_2haw/sampling_round_18/02_sampling/sampling_2/group_4_unrelaxed_rank_001_alphafold2_ptm_model_1_seed_042.pdb,88.53689320388352,0.90383,0.67384,11
/results/PPAC_BACSU/run1/02_hierarchical_m_fold_sampling_2haw/sampling_round_18/02_sampling/sampling_2/group_12_unrelaxed_rank_001_alphafold2_ptm_model_1_seed_042.pdb,90.76763754045302,0.89868,0.67442,11
/results/PPAC_BACSU/run1/02_hierarchical_m_fold_sampling_2haw/sampling_round_18/02_sampling/sampling_2/group_5_unrelaxed_rank_001_alphafold2_ptm_model_1_seed_042.pdb,90.8733009708738,0.90264,0.67222,11
/results/PPAC_BACSU/run1/02_hierarchical_m_fold_sampling_2haw/sampling_round_18/02_sampling/sampling_2/group_10_unrelaxed_rank_001_alphafold2_ptm_model_1_seed_042.pdb,90.85624595469258,0.86258,0.67977,11
/results/PPAC_BACSU/run1/02_hierarchical_m_fold_sampling_2haw/sampling_round_18/02_sampling/sampling_2/group_3_unrelaxed_rank_001_alphafold2_ptm_model_1_seed_042.pdb,91.61284789644013,0.89043,0.67327,11
/results/PPAC_BACSU/run1/02_hierarchical_m_fold_sampling_2haw/sampling_round_18/02_sampling/sampling_2/group_9_unrelaxed_rank_001_alphafold2_ptm_model_1_seed_042.pdb,90.34220064724913,0.87301,0.67722,11
/results/PPAC_BACSU/run1/02_hierarchical_m_fold_sampling_2haw/sampling_round_18/02_sampling/sampling_2/group_1_unrelaxed_rank_001_alphafold2_ptm_model_1_seed_042.pdb,90.886213592233,0.88632,0.67726,11
/results/PPAC_BACSU/run1/02_hierarchical_m_fold_sampling_2haw/sampling_round_18/02_sampling/sampling_2/group_11_unrelaxed_rank_001_alphafold2_ptm_model_1_seed_042.pdb,88.61961165048551,0.87087,0.67658,11
/results/PPAC_BACSU/run1/02_hierarchical_m_fold_sampling_2haw/sampling_round_18/02_sampling/sampling_2/group_2_unrelaxed_rank_001_alphafold2_ptm_model_1_seed_042.pdb,90.63999999999993,0.86374,0.67356,11
/results/PPAC_BACSU/run1/02_hierarchical_m_fold_sampling_2haw/sampling_round_18/02_sampling/sampling_11/group_8_unrelaxed_rank_001_alphafold2_ptm_model_1_seed_042.pdb,89.87129449838187,0.87474,0.67306,11
/results/PPAC_BACSU/run1/02_hierarchical_m_fold_sampling_2haw/sampling_round_18/02_sampling/sampling_11/group_6_unrelaxed_rank_001_alphafold2_ptm_model_1_seed_042.pdb,88.90708737864078,0.73508,0.69511,11
/results/PPAC_BACSU/run1/02_hierarchical_m_fold_sampling_2haw/sampling_round_18/02_sampling/sampling_11/group_13_unrelaxed_rank_001_alphafold2_ptm_model_1_seed_042.pdb,91.19860841423954,0.87466,0.67746,15
/results/PPAC_BACSU/run1/02_hierarchical_m_fold_sampling_2haw/sampling_round_18/02_sampling/sampling_11/group_7_unrelaxed_rank_001_alphafold2_ptm_model_1_seed_042.pdb,90.99838187702268,0.92338,0.67392,11
/results/PPAC_BACSU/run1/02_hierarchical_m_fold_sampling_2haw/sampling_round_18/02_sampling/sampling_11/group_4_unrelaxed_rank_001_alphafold2_ptm_model_1_seed_042.pdb,87.88741100323628,0.89726,0.66654,11
/results/PPAC_BACSU/run1/02_hierarchical_m_fold_sampling_2haw/sampling_round_18/02_sampling/sampling_11/group_12_unrelaxed_rank_001_alphafold2_ptm_model_1_seed_042.pdb,90.76566343042073,0.85893,0.68044,11
/results/PPAC_BACSU/run1/02_hierarchical_m_fold_sampling_2haw/sampling_round_18/02_sampling/sampling_11/group_5_unrelaxed_rank_001_alphafold2_ptm_model_1_seed_042.pdb,91.68064724919095,0.89062,0.6773,11
/results/PPAC_BACSU/run1/02_hierarchical_m_fold_sampling_2haw/sampling_round_18/02_sampling/sampling_11/group_10_unrelaxed_rank_001_alphafold2_ptm_model_1_seed_042.pdb,89.86669902912621,0.88593,0.67719,11
/results/PPAC_BACSU/run1/02_hierarchical_m_fold_sampling_2haw/sampling_round_18/02_sampling/sampling_11/group_3_unrelaxed_rank_001_alphafold2_ptm_model_1_seed_042.pdb,90.4459546925567,0.8965,0.67291,11
/results/PPAC_BACSU/run1/02_hierarchical_m_fold_sampling_2haw/sampling_round_18/02_sampling/sampling_11/group_9_unrelaxed_rank_001_alphafold2_ptm_model_1_seed_042.pdb,90.84275080906153,0.8864,0.67464,11
/results/PPAC_BACSU/run1/02_hierarchical_m_fold_sampling_2haw/sampling_round_18/02_sampling/sampling_11/group_1_unrelaxed_rank_001_alphafold2_ptm_model_1_seed_042.pdb,91.58605177993527,0.86274,0.67693,11
/results/PPAC_BACSU/run1/02_hierarchical_m_fold_sampling_2haw/sampling_round_18/02_sampling/sampling_11/group_11_unrelaxed_rank_001_alphafold2_ptm_model_1_seed_042.pdb,91.56427184466023,0.88184,0.67781,11
/results/PPAC_BACSU/run1/02_hierarchical_m_fold_sampling_2haw/sampling_round_18/02_sampling/sampling_11/group_2_unrelaxed_rank_001_alphafold2_ptm_model_1_seed_042.pdb,90.63440129449832,0.87771,0.67917,11
/results/PPAC_BACSU/run1/02_hierarchical_m_fold_sampling_2haw/sampling_round_18/02_sampling/sampling_13/group_8_unrelaxed_rank_001_alphafold2_ptm_model_1_seed_042.pdb,92.04061488673133,0.86652,0.67811,11
/results/PPAC_BACSU/run1/02_hierarchical_m_fold_sampling_2haw/sampling_round_18/02_sampling/sampling_13/group_6_unrelaxed_rank_001_alphafold2_ptm_model_1_seed_042.pdb,89.02407766990288,0.83541,0.67992,11
/results/PPAC_BACSU/run1/02_hierarchical_m_fold_sampling_2haw/sampling_round_18/02_sampling/sampling_13/group_13_unrelaxed_rank_001_alphafold2_ptm_model_1_seed_042.pdb,92.22611650485435,0.68003,0.85793,12
/results/PPAC_BACSU/run1/02_hierarchical_m_fold_sampling_2haw/sampling_round_18/02_sampling/sampling_13/group_7_unrelaxed_rank_001_alphafold2_ptm_model_1_seed_042.pdb,87.99417475728154,0.88539,0.67379,11
/results/PPAC_BACSU/run1/02_hierarchical_m_fold_sampling_2haw/sampling_round_18/02_sampling/sampling_13/group_4_unrelaxed_rank_001_alphafold2_ptm_model_1_seed_042.pdb,91.14440129449841,0.78367,0.69328,11
/results/PPAC_BACSU/run1/02_hierarchical_m_fold_sampling_2haw/sampling_round_18/02_sampling/sampling_13/group_12_unrelaxed_rank_001_alphafold2_ptm_model_1_seed_042.pdb,91.36326860841423,0.92454,0.67463,11
/results/PPAC_BACSU/run1/02_hierarchical_m_fold_sampling_2haw/sampling_round_18/02_sampling/sampling_13/group_5_unrelaxed_rank_001_alphafold2_ptm_model_1_seed_042.pdb,89.70977346278319,0.89242,0.6733,11
/results/PPAC_BACSU/run1/02_hierarchical_m_fold_sampling_2haw/sampling_round_18/02_sampling/sampling_13/group_10_unrelaxed_rank_001_alphafold2_ptm_model_1_seed_042.pdb,91.0997411003236,0.88399,0.67646,11
/results/PPAC_BACSU/run1/02_hierarchical_m_fold_sampling_2haw/sampling_round_18/02_sampling/sampling_13/group_3_unrelaxed_rank_001_alphafold2_ptm_model_1_seed_042.pdb,87.88967637540443,0.87805,0.67951,11
/results/PPAC_BACSU/run1/02_hierarchical_m_fold_sampling_2haw/sampling_round_18/02_sampling/sampling_13/group_9_unrelaxed_rank_001_alphafold2_ptm_model_1_seed_042.pdb,91.37527508090608,0.90714,0.67365,11
/results/PPAC_BACSU/run1/02_hierarchical_m_fold_sampling_2haw/sampling_round_18/02_sampling/sampling_13/group_1_unrelaxed_rank_001_alphafold2_ptm_model_1_seed_042.pdb,91.01281553398073,0.87948,0.67583,11
/results/PPAC_BACSU/run1/02_hierarchical_m_fold_sampling_2haw/sampling_round_18/02_sampling/sampling_13/group_11_unrelaxed_rank_001_alphafold2_ptm_model_1_seed_042.pdb,91.06595469255662,0.88244,0.67231,11
/results/PPAC_BACSU/run1/02_hierarchical_m_fold_sampling_2haw/sampling_round_18/02_sampling/sampling_13/group_2_unrelaxed_rank_001_alphafold2_ptm_model_1_seed_042.pdb,90.45721682847899,0.93728,0.67499,11
/results/PPAC_BACSU/run1/02_hierarchical_m_fold_sampling_2haw/sampling_round_18/02_sampling/sampling_4/group_8_unrelaxed_rank_001_alphafold2_ptm_model_1_seed_042.pdb,90.9051779935275,0.90024,0.67429,11
/results/PPAC_BACSU/run1/02_hierarchical_m_fold_sampling_2haw/sampling_round_18/02_sampling/sampling_4/group_6_unrelaxed_rank_001_alphafold2_ptm_model_1_seed_042.pdb,92.29734627831719,0.83446,0.67857,11
/results/PPAC_BACSU/run1/02_hierarchical_m_fold_sampling_2haw/sampling_round_18/02_sampling/sampling_4/group_13_unrelaxed_rank_001_alphafold2_ptm_model_1_seed_042.pdb,90.76530744336574,0.91558,0.6716,15
/results/PPAC_BACSU/run1/02_hierarchical_m_fold_sampling_2haw/sampling_round_18/02_sampling/sampling_4/group_7_unrelaxed_rank_001_alphafold2_ptm_model_1_seed_042.pdb,90.74961165048543,0.87938,0.67661,11
/results/PPAC_BACSU/run1/02_hierarchical_m_fold_sampling_2haw/sampling_round_18/02_sampling/sampling_4/group_4_unrelaxed_rank_001_alphafold2_ptm_model_1_seed_042.pdb,91.79478964401288,0.87848,0.67659,11
/results/PPAC_BACSU/run1/02_hierarchical_m_fold_sampling_2haw/sampling_round_18/02_sampling/sampling_4/group_12_unrelaxed_rank_001_alphafold2_ptm_model_1_seed_042.pdb,89.84980582524275,0.85795,0.67894,11
/results/PPAC_BACSU/run1/02_hierarchical_m_fold_sampling_2haw/sampling_round_18/02_sampling/sampling_4/group_5_unrelaxed_rank_001_alphafold2_ptm_model_1_seed_042.pdb,90.5085436893204,0.85842,0.67825,11
/results/PPAC_BACSU/run1/02_hierarchical_m_fold_sampling_2haw/sampling_round_18/02_sampling/sampling_4/group_10_unrelaxed_rank_001_alphafold2_ptm_model_1_seed_042.pdb,91.98055016181229,0.87896,0.67708,11
/results/PPAC_BACSU/run1/02_hierarchical_m_fold_sampling_2haw/sampling_round_18/02_sampling/sampling_4/group_3_unrelaxed_rank_001_alphafold2_ptm_model_1_seed_042.pdb,90.27485436893201,0.89854,0.6752,11
/results/PPAC_BACSU/run1/02_hierarchical_m_fold_sampling_2haw/sampling_round_18/02_sampling/sampling_4/group_9_unrelaxed_rank_001_alphafold2_ptm_model_1_seed_042.pdb,91.03313915857606,0.89369,0.67402,11
/results/PPAC_BACSU/run1/02_hierarchical_m_fold_sampling_2haw/sampling_round_18/02_sampling/sampling_4/group_1_unrelaxed_rank_001_alphafold2_ptm_model_1_seed_042.pdb,90.33064724919089,0.84984,0.67673,11
/results/PPAC_BACSU/run1/02_hierarchical_m_fold_sampling_2haw/sampling_round_18/02_sampling/sampling_4/group_11_unrelaxed_rank_001_alphafold2_ptm_model_1_seed_042.pdb,89.56796116504854,0.86925,0.67597,11
/results/PPAC_BACSU/run1/02_hierarchical_m_fold_sampling_2haw/sampling_round_18/02_sampling/sampling_4/group_2_unrelaxed_rank_001_alphafold2_ptm_model_1_seed_042.pdb,88.4255987055016,0.87814,0.67678,11
/results/PPAC_BACSU/run1/02_hierarchical_m_fold_sampling_2haw/sampling_round_18/02_sampling/sampling_12/group_8_unrelaxed_rank_001_alphafold2_ptm_model_1_seed_042.pdb,88.93249190938516,0.71117,0.69092,11
/results/PPAC_BACSU/run1/02_hierarchical_m_fold_sampling_2haw/sampling_round_18/02_sampling/sampling_12/group_6_unrelaxed_rank_001_alphafold2_ptm_model_1_seed_042.pdb,90.94184466019416,0.68592,0.81064,11
/results/PPAC_BACSU/run1/02_hierarchical_m_fold_sampling_2haw/sampling_round_18/02_sampling/sampling_12/group_13_unrelaxed_rank_001_alphafold2_ptm_model_1_seed_042.pdb,90.78449838187701,0.81255,0.67955,15
/results/PPAC_BACSU/run1/02_hierarchical_m_fold_sampling_2haw/sampling_round_18/02_sampling/sampling_12/group_7_unrelaxed_rank_001_alphafold2_ptm_model_1_seed_042.pdb,89.88055016181227,0.82834,0.67519,11
/results/PPAC_BACSU/run1/02_hierarchical_m_fold_sampling_2haw/sampling_round_18/02_sampling/sampling_12/group_4_unrelaxed_rank_001_alphafold2_ptm_model_1_seed_042.pdb,89.5254045307443,0.89803,0.66956,11
/results/PPAC_BACSU/run1/02_hierarchical_m_fold_sampling_2haw/sampling_round_18/02_sampling/sampling_12/group_12_unrelaxed_rank_001_alphafold2_ptm_model_1_seed_042.pdb,89.92084142394822,0.89993,0.67247,11
/results/PPAC_BACSU/run1/02_hierarchical_m_fold_sampling_2haw/sampling_round_18/02_sampling/sampling_12/group_5_unrelaxed_rank_001_alphafold2_ptm_model_1_seed_042.pdb,89.82310679611649,0.90084,0.67166,11
/results/PPAC_BACSU/run1/02_hierarchical_m_fold_sampling_2haw/sampling_round_18/02_sampling/sampling_12/group_10_unrelaxed_rank_001_alphafold2_ptm_model_1_seed_042.pdb,90.80372168284792,0.85305,0.67971,11
/results/PPAC_BACSU/run1/02_hierarchical_m_fold_sampling_2haw/sampling_round_18/02_sampling/sampling_12/group_3_unrelaxed_rank_001_alphafold2_ptm_model_1_seed_042.pdb,90.66203883495143,0.899,0.67635,11
/results/PPAC_BACSU/run1/02_hierarchical_m_fold_sampling_2haw/sampling_round_18/02_sampling/sampling_12/group_9_unrelaxed_rank_001_alphafold2_ptm_model_1_seed_042.pdb,87.67692556634294,0.87316,0.67239,11
/results/PPAC_BACSU/run1/02_hierarchical_m_fold_sampling_2haw/sampling_round_18/02_sampling/sampling_12/group_1_unrelaxed_rank_001_alphafold2_ptm_model_1_seed_042.pdb,91.77708737864087,0.85785,0.6833,11
/results/PPAC_BACSU/run1/02_hierarchical_m_fold_sampling_2haw/sampling_round_18/02_sampling/sampling_12/group_11_unrelaxed_rank_001_alphafold2_ptm_model_1_seed_042.pdb,90.53058252427181,0.86274,0.6796,11
/results/PPAC_BACSU/run1/02_hierarchical_m_fold_sampling_2haw/sampling_round_18/02_sampling/sampling_12/group_2_unrelaxed_rank_001_alphafold2_ptm_model_1_seed_042.pdb,90.47466019417469,0.89487,0.67444,11
/results/PPAC_BACSU/run1/02_hierarchical_m_fold_sampling_2haw/sampling_round_18/02_sampling/sampling_3/group_8_unrelaxed_rank_001_alphafold2_ptm_model_1_seed_042.pdb,89.57009708737867,0.8028,0.68325,11
/results/PPAC_BACSU/run1/02_hierarchical_m_fold_sampling_2haw/sampling_round_18/02_sampling/sampling_3/group_6_unrelaxed_rank_001_alphafold2_ptm_model_1_seed_042.pdb,92.03935275080904,0.8004,0.68291,11
/results/PPAC_BACSU/run1/02_hierarchical_m_fold_sampling_2haw/sampling_round_18/02_sampling/sampling_3/group_13_unrelaxed_rank_001_alphafold2_ptm_model_1_seed_042.pdb,91.52381877022646,0.88549,0.67716,15
/results/PPAC_BACSU/run1/02_hierarchical_m_fold_sampling_2haw/sampling_round_18/02_sampling/sampling_3/group_7_unrelaxed_rank_001_alphafold2_ptm_model_1_seed_042.pdb,91.9146278317152,0.85818,0.6818,11
/results/PPAC_BACSU/run1/02_hierarchical_m_fold_sampling_2haw/sampling_round_18/02_sampling/sampling_3/group_4_unrelaxed_rank_001_alphafold2_ptm_model_1_seed_042.pdb,90.78249190938509,0.87466,0.67687,11
/results/PPAC_BACSU/run1/02_hierarchical_m_fold_sampling_2haw/sampling_round_18/02_sampling/sampling_3/group_12_unrelaxed_rank_001_alphafold2_ptm_model_1_seed_042.pdb,87.89640776699028,0.92965,0.672,11
/results/PPAC_BACSU/run1/02_hierarchical_m_fold_sampling_2haw/sampling_round_18/02_sampling/sampling_3/group_5_unrelaxed_rank_001_alphafold2_ptm_model_1_seed_042.pdb,88.85478964401295,0.69249,0.81817,11
/results/PPAC_BACSU/run1/02_hierarchical_m_fold_sampling_2haw/sampling_round_18/02_sampling/sampling_3/group_10_unrelaxed_rank_001_alphafold2_ptm_model_1_seed_042.pdb,91.30485436893198,0.87151,0.67843,11
/results/PPAC_BACSU/run1/02_hierarchical_m_fold_sampling_2haw/sampling_round_18/02_sampling/sampling_3/group_3_unrelaxed_rank_001_alphafold2_ptm_model_1_seed_042.pdb,90.74757281553394,0.71825,0.74059,11
/results/PPAC_BACSU/run1/02_hierarchical_m_fold_sampling_2haw/sampling_round_18/02_sampling/sampling_3/group_9_unrelaxed_rank_001_alphafold2_ptm_model_1_seed_042.pdb,89.96938511326863,0.87932,0.67843,11
/results/PPAC_BACSU/run1/02_hierarchical_m_fold_sampling_2haw/sampling_round_18/02_sampling/sampling_3/group_1_unrelaxed_rank_001_alphafold2_ptm_model_1_seed_042.pdb,89.70857605177999,0.72666,0.71891,11
/results/PPAC_BACSU/run1/02_hierarchical_m_fold_sampling_2haw/sampling_round_18/02_sampling/sampling_3/group_11_unrelaxed_rank_001_alphafold2_ptm_model_1_seed_042.pdb,90.26834951456316,0.86307,0.67978,11
/results/PPAC_BACSU/run1/02_hierarchical_m_fold_sampling_2haw/sampling_round_18/02_sampling/sampling_3/group_2_unrelaxed_rank_001_alphafold2_ptm_model_1_seed_042.pdb,91.01404530744327,0.86469,0.67536,11
/results/PPAC_BACSU/run1/02_hierarchical_m_fold_sampling_2haw/sampling_round_18/02_sampling/sampling_14/group_8_unrelaxed_rank_001_alphafold2_ptm_model_1_seed_042.pdb,90.65611650485441,0.86759,0.67535,11
/results/PPAC_BACSU/run1/02_hierarchical_m_fold_sampling_2haw/sampling_round_18/02_sampling/sampling_14/group_6_unrelaxed_rank_001_alphafold2_ptm_model_1_seed_042.pdb,91.10262135922326,0.88859,0.67347,11
/results/PPAC_BACSU/run1/02_hierarchical_m_fold_sampling_2haw/sampling_round_18/02_sampling/sampling_14/group_13_unrelaxed_rank_001_alphafold2_ptm_model_1_seed_042.pdb,91.47466019417477,0.85701,0.68068,15
/results/PPAC_BACSU/run1/02_hierarchical_m_fold_sampling_2haw/sampling_round_18/02_sampling/sampling_14/group_7_unrelaxed_rank_001_alphafold2_ptm_model_1_seed_042.pdb,90.20530744336567,0.87103,0.67621,11
/results/PPAC_BACSU/run1/02_hierarchical_m_fold_sampling_2haw/sampling_round_18/02_sampling/sampling_14/group_4_unrelaxed_rank_001_alphafold2_ptm_model_1_seed_042.pdb,89.21556634304203,0.90163,0.66799,11
/results/PPAC_BACSU/run1/02_hierarchical_m_fold_sampling_2haw/sampling_round_18/02_sampling/sampling_14/group_12_unrelaxed_rank_001_alphafold2_ptm_model_1_seed_042.pdb,91.21242718446604,0.88083,0.67712,11
/results/PPAC_BACSU/run1/02_hierarchical_m_fold_sampling_2haw/sampling_round_18/02_sampling/sampling_14/group_5_unrelaxed_rank_001_alphafold2_ptm_model_1_seed_042.pdb,92.1121359223301,0.88652,0.67494,11
/results/PPAC_BACSU/run1/02_hierarchical_m_fold_sampling_2haw/sampling_round_18/02_sampling/sampling_14/group_10_unrelaxed_rank_001_alphafold2_ptm_model_1_seed_042.pdb,90.84148867313917,0.88056,0.67687,11
/results/PPAC_BACSU/run1/02_hierarchical_m_fold_sampling_2haw/sampling_round_18/02_sampling/sampling_14/group_3_unrelaxed_rank_001_alphafold2_ptm_model_1_seed_042.pdb,89.51343042071191,0.8774,0.67203,11
/results/PPAC_BACSU/run1/02_hierarchical_m_fold_sampling_2haw/sampling_round_18/02_sampling/sampling_14/group_9_unrelaxed_rank_001_alphafold2_ptm_model_1_seed_042.pdb,89.63051779935277,0.90383,0.67388,11
/results/PPAC_BACSU/run1/02_hierarchical_m_fold_sampling_2haw/sampling_round_18/02_sampling/sampling_14/group_1_unrelaxed_rank_001_alphafold2_ptm_model_1_seed_042.pdb,90.37948220064722,0.875,0.67496,11
/results/PPAC_BACSU/run1/02_hierarchical_m_fold_sampling_2haw/sampling_round_18/02_sampling/sampling_14/group_11_unrelaxed_rank_001_alphafold2_ptm_model_1_seed_042.pdb,89.44423948220069,0.91162,0.67074,11
/results/PPAC_BACSU/run1/02_hierarchical_m_fold_sampling_2haw/sampling_round_18/02_sampling/sampling_14/group_2_unrelaxed_rank_001_alphafold2_ptm_model_1_seed_042.pdb,91.0345631067961,0.87349,0.6773,11
/results/PPAC_BACSU/run1/02_hierarchical_m_fold_sampling_2haw/sampling_round_8/02_sampling/sampling_10/group_8_unrelaxed_rank_001_alphafold2_ptm_model_1_seed_042.pdb,88.9881229773462,0.88486,0.67616,11
/results/PPAC_BACSU/run1/02_hierarchical_m_fold_sampling_2haw/sampling_round_8/02_sampling/sampling_10/group_6_unrelaxed_rank_001_alphafold2_ptm_model_1_seed_042.pdb,90.61533980582526,0.89957,0.67376,11
/results/PPAC_BACSU/run1/02_hierarchical_m_fold_sampling_2haw/sampling_round_8/02_sampling/sampling_10/group_13_unrelaxed_rank_001_alphafold2_ptm_model_1_seed_042.pdb,91.86255663430424,0.90143,0.67426,15
/results/PPAC_BACSU/run1/02_hierarchical_m_fold_sampling_2haw/sampling_round_8/02_sampling/sampling_10/group_7_unrelaxed_rank_001_alphafold2_ptm_model_1_seed_042.pdb,91.52207119741105,0.90413,0.6759,11
/results/PPAC_BACSU/run1/02_hierarchical_m_fold_sampling_2haw/sampling_round_8/02_sampling/sampling_10/group_4_unrelaxed_rank_001_alphafold2_ptm_model_1_seed_042.pdb,90.95466019417478,0.8621,0.67857,11
/results/PPAC_BACSU/run1/02_hierarchical_m_fold_sampling_2haw/sampling_round_8/02_sampling/sampling_10/group_12_unrelaxed_rank_001_alphafold2_ptm_model_1_seed_042.pdb,90.94660194174764,0.86621,0.68197,11
/results/PPAC_BACSU/run1/02_hierarchical_m_fold_sampling_2haw/sampling_round_8/02_sampling/sampling_10/group_5_unrelaxed_rank_001_alphafold2_ptm_model_1_seed_042.pdb,88.83174757281552,0.87563,0.67699,11
/results/PPAC_BACSU/run1/02_hierarchical_m_fold_sampling_2haw/sampling_round_8/02_sampling/sampling_10/group_10_unrelaxed_rank_001_alphafold2_ptm_model_1_seed_042.pdb,90.64906148867304,0.91424,0.67425,11
/results/PPAC_BACSU/run1/02_hierarchical_m_fold_sampling_2haw/sampling_round_8/02_sampling/sampling_10/group_3_unrelaxed_rank_001_alphafold2_ptm_model_1_seed_042.pdb,91.54122977346276,0.67445,0.90364,11
/results/PPAC_BACSU/run1/02_hierarchical_m_fold_sampling_2haw/sampling_round_8/02_sampling/sampling_10/group_9_unrelaxed_rank_001_alphafold2_ptm_model_1_seed_042.pdb,91.45660194174756,0.87098,0.67984,11
/results/PPAC_BACSU/run1/02_hierarchical_m_fold_sampling_2haw/sampling_round_8/02_sampling/sampling_10/group_1_unrelaxed_rank_001_alphafold2_ptm_model_1_seed_042.pdb,91.0170873786408,0.88735,0.67418,11
/results/PPAC_BACSU/run1/02_hierarchical_m_fold_sampling_2haw/sampling_round_8/02_sampling/sampling_10/group_11_unrelaxed_rank_001_alphafold2_ptm_model_1_seed_042.pdb,89.82213592233016,0.88412,0.66888,11
/results/PPAC_BACSU/run1/02_hierarchical_m_fold_sampling_2haw/sampling_round_8/02_sampling/sampling_10/group_2_unrelaxed_rank_001_alphafold2_ptm_model_1_seed_042.pdb,90.50770226537206,0.88981,0.67334,11
/results/PPAC_BACSU/run1/02_hierarchical_m_fold_sampling_2haw/sampling_round_8/02_sampling/sampling_9/group_8_unrelaxed_rank_001_alphafold2_ptm_model_1_seed_042.pdb,89.8602912621359,0.80609,0.68666,11
/results/PPAC_BACSU/run1/02_hierarchical_m_fold_sampling_2haw/sampling_round_8/02_sampling/sampling_9/group_6_unrelaxed_rank_001_alphafold2_ptm_model_1_seed_042.pdb,90.13514563106797,0.85378,0.68191,11
/results/PPAC_BACSU/run1/02_hierarchical_m_fold_sampling_2haw/sampling_round_8/02_sampling/sampling_9/group_13_unrelaxed_rank_001_alphafold2_ptm_model_1_seed_042.pdb,90.9294498381877,0.90052,0.67332,15
/results/PPAC_BACSU/run1/02_hierarchical_m_fold_sampling_2haw/sampling_round_8/02_sampling/sampling_9/group_7_unrelaxed_rank_001_alphafold2_ptm_model_1_seed_042.pdb,90.11796116504856,0.89765,0.6739,11
/results/PPAC_BACSU/run1/02_hierarchical_m_fold_sampling_2haw/sampling_round_8/02_sampling/sampling_9/group_4_unrelaxed_rank_001_alphafold2_ptm_model_1_seed_042.pdb,91.00300970873782,0.89662,0.67641,11
/results/PPAC_BACSU/run1/02_hierarchical_m_fold_sampling_2haw/sampling_round_8/02_sampling/sampling_9/group_12_unrelaxed_rank_001_alphafold2_ptm_model_1_seed_042.pdb,90.90498381877028,0.88352,0.67566,11
/results/PPAC_BACSU/run1/02_hierarchical_m_fold_sampling_2haw/sampling_round_8/02_sampling/sampling_9/group_5_unrelaxed_rank_001_alphafold2_ptm_model_1_seed_042.pdb,89.66721682847898,0.91852,0.67545,11
/results/PPAC_BACSU/run1/02_hierarchical_m_fold_sampling_2haw/sampling_round_8/02_sampling/sampling_9/group_10_unrelaxed_rank_001_alphafold2_ptm_model_1_seed_042.pdb,87.29449838187699,0.81473,0.68047,11
/results/PPAC_BACSU/run1/02_hierarchical_m_fold_sampling_2haw/sampling_round_8/02_sampling/sampling_9/group_3_unrelaxed_rank_001_alphafold2_ptm_model_1_seed_042.pdb,90.3663754045307,0.73067,0.72574,11
/results/PPAC_BACSU/run1/02_hierarchical_m_fold_sampling_2haw/sampling_round_8/02_sampling/sampling_9/group_9_unrelaxed_rank_001_alphafold2_ptm_model_1_seed_042.pdb,88.33281553398055,0.69837,0.7873,11
/results/PPAC_BACSU/run1/02_hierarchical_m_fold_sampling_2haw/sampling_round_8/02_sampling/sampling_9/group_1_unrelaxed_rank_001_alphafold2_ptm_model_1_seed_042.pdb,90.85834951456312,0.89019,0.67547,11
/results/PPAC_BACSU/run1/02_hierarchical_m_fold_sampling_2haw/sampling_round_8/02_sampling/sampling_9/group_11_unrelaxed_rank_001_alphafold2_ptm_model_1_seed_042.pdb,88.62469255663433,0.75362,0.69166,11
/results/PPAC_BACSU/run1/02_hierarchical_m_fold_sampling_2haw/sampling_round_8/02_sampling/sampling_9/group_2_unrelaxed_rank_001_alphafold2_ptm_model_1_seed_042.pdb,91.9228802588997,0.86628,0.68035,11
/results/PPAC_BACSU/run1/02_hierarchical_m_fold_sampling_2haw/sampling_round_8/02_sampling/sampling_6/group_8_unrelaxed_rank_001_alphafold2_ptm_model_1_seed_042.pdb,88.4659546925566,0.82419,0.66929,11
/results/PPAC_BACSU/run1/02_hierarchical_m_fold_sampling_2haw/sampling_round_8/02_sampling/sampling_6/group_6_unrelaxed_rank_001_alphafold2_ptm_model_1_seed_042.pdb,90.82472491909392,0.89814,0.67156,11
/results/PPAC_BACSU/run1/02_hierarchical_m_fold_sampling_2haw/sampling_round_8/02_sampling/sampling_6/group_13_unrelaxed_rank_001_alphafold2_ptm_model_1_seed_042.pdb,89.74168284789646,0.86738,0.67559,15
/results/PPAC_BACSU/run1/02_hierarchical_m_fold_sampling_2haw/sampling_round_8/02_sampling/sampling_6/group_7_unrelaxed_rank_001_alphafold2_ptm_model_1_seed_042.pdb,91.5538187702265,0.89339,0.67694,11
/results/PPAC_BACSU/run1/02_hierarchical_m_fold_sampling_2haw/sampling_round_8/02_sampling/sampling_6/group_4_unrelaxed_rank_001_alphafold2_ptm_model_1_seed_042.pdb,89.4997734627832,0.77272,0.70416,11
/results/PPAC_BACSU/run1/02_hierarchical_m_fold_sampling_2haw/sampling_round_8/02_sampling/sampling_6/group_12_unrelaxed_rank_001_alphafold2_ptm_model_1_seed_042.pdb,91.06006472491912,0.89878,0.67532,11
/results/PPAC_BACSU/run1/02_hierarchical_m_fold_sampling_2haw/sampling_round_8/02_sampling/sampling_6/group_5_unrelaxed_rank_001_alphafold2_ptm_model_1_seed_042.pdb,88.99453074433656,0.83055,0.68178,11
/results/PPAC_BACSU/run1/02_hierarchical_m_fold_sampling_2haw/sampling_round_8/02_sampling/sampling_6/group_10_unrelaxed_rank_001_alphafold2_ptm_model_1_seed_042.pdb,90.44618122977337,0.68977,0.83139,11
/results/PPAC_BACSU/run1/02_hierarchical_m_fold_sampling_2haw/sampling_round_8/02_sampling/sampling_6/group_3_unrelaxed_rank_001_alphafold2_ptm_model_1_seed_042.pdb,91.62129449838199,0.89531,0.67526,11
/results/PPAC_BACSU/run1/02_hierarchical_m_fold_sampling_2haw/sampling_round_8/02_sampling/sampling_6/group_9_unrelaxed_rank_001_alphafold2_ptm_model_1_seed_042.pdb,88.96381877022658,0.9069,0.67829,11
/results/PPAC_BACSU/run1/02_hierarchical_m_fold_sampling_2haw/sampling_round_8/02_sampling/sampling_6/group_1_unrelaxed_rank_001_alphafold2_ptm_model_1_seed_042.pdb,90.01893203883495,0.93562,0.6724,11
/results/PPAC_BACSU/run1/02_hierarchical_m_fold_sampling_2haw/sampling_round_8/02_sampling/sampling_6/group_11_unrelaxed_rank_001_alphafold2_ptm_model_1_seed_042.pdb,90.50417475728162,0.79451,0.69114,11
/results/PPAC_BACSU/run1/02_hierarchical_m_fold_sampling_2haw/sampling_round_8/02_sampling/sampling_6/group_2_unrelaxed_rank_001_alphafold2_ptm_model_1_seed_042.pdb,91.20317152103556,0.86945,0.67868,11
/results/PPAC_BACSU/run1/02_hierarchical_m_fold_sampling_2haw/sampling_round_8/02_sampling/sampling_1/group_8_unrelaxed_rank_001_alphafold2_ptm_model_1_seed_042.pdb,90.26407766990293,0.90568,0.6751,11
/results/PPAC_BACSU/run1/02_hierarchical_m_fold_sampling_2haw/sampling_round_8/02_sampling/sampling_1/group_6_unrelaxed_rank_001_alphafold2_ptm_model_1_seed_042.pdb,90.19148867313913,0.89878,0.67128,11
/results/PPAC_BACSU/run1/02_hierarchical_m_fold_sampling_2haw/sampling_round_8/02_sampling/sampling_1/group_13_unrelaxed_rank_001_alphafold2_ptm_model_1_seed_042.pdb,91.06957928802588,0.87397,0.67735,15
/results/PPAC_BACSU/run1/02_hierarchical_m_fold_sampling_2haw/sampling_round_8/02_sampling/sampling_1/group_7_unrelaxed_rank_001_alphafold2_ptm_model_1_seed_042.pdb,91.44906148867312,0.90439,0.67464,11
/results/PPAC_BACSU/run1/02_hierarchical_m_fold_sampling_2haw/sampling_round_8/02_sampling/sampling_1/group_4_unrelaxed_rank_001_alphafold2_ptm_model_1_seed_042.pdb,90.43459546925567,0.8647,0.67912,11
/results/PPAC_BACSU/run1/02_hierarchical_m_fold_sampling_2haw/sampling_round_8/02_sampling/sampling_1/group_12_unrelaxed_rank_001_alphafold2_ptm_model_1_seed_042.pdb,89.89598705501623,0.84079,0.67763,11
/results/PPAC_BACSU/run1/02_hierarchical_m_fold_sampling_2haw/sampling_round_8/02_sampling/sampling_1/group_5_unrelaxed_rank_001_alphafold2_ptm_model_1_seed_042.pdb,90.64699029126217,0.87651,0.67916,11
/results/PPAC_BACSU/run1/02_hierarchical_m_fold_sampling_2haw/sampling_round_8/02_sampling/sampling_1/group_10_unrelaxed_rank_001_alphafold2_ptm_model_1_seed_042.pdb,91.12815533980582,0.8774,0.67942,11
/results/PPAC_BACSU/run1/02_hierarchical_m_fold_sampling_2haw/sampling_round_8/02_sampling/sampling_1/group_3_unrelaxed_rank_001_alphafold2_ptm_model_1_seed_042.pdb,92.18343042071199,0.83955,0.68001,11
/results/PPAC_BACSU/run1/02_hierarchical_m_fold_sampling_2haw/sampling_round_8/02_sampling/sampling_1/group_9_unrelaxed_rank_001_alphafold2_ptm_model_1_seed_042.pdb,90.23404530744338,0.86615,0.6758,11
/results/PPAC_BACSU/run1/02_hierarchical_m_fold_sampling_2haw/sampling_round_8/02_sampling/sampling_1/group_1_unrelaxed_rank_001_alphafold2_ptm_model_1_seed_042.pdb,88.61343042071198,0.76007,0.69791,11
/results/PPAC_BACSU/run1/02_hierarchical_m_fold_sampling_2haw/sampling_round_8/02_sampling/sampling_1/group_11_unrelaxed_rank_001_alphafold2_ptm_model_1_seed_042.pdb,89.21689320388346,0.8844,0.67722,11
/results/PPAC_BACSU/run1/02_hierarchical_m_fold_sampling_2haw/sampling_round_8/02_sampling/sampling_1/group_2_unrelaxed_rank_001_alphafold2_ptm_model_1_seed_042.pdb,90.41886731391585,0.88623,0.67433,11
/results/PPAC_BACSU/run1/02_hierarchical_m_fold_sampling_2haw/sampling_round_8/02_sampling/sampling_5/group_8_unrelaxed_rank_001_alphafold2_ptm_model_1_seed_042.pdb,91.64757281553398,0.8751,0.67736,11
/results/PPAC_BACSU/run1/02_hierarchical_m_fold_sampling_2haw/sampling_round_8/02_sampling/sampling_5/group_6_unrelaxed_rank_001_alphafold2_ptm_model_1_seed_042.pdb,90.58090614886731,0.68466,0.83603,11
/results/PPAC_BACSU/run1/02_hierarchical_m_fold_sampling_2haw/sampling_round_8/02_sampling/sampling_5/group_13_unrelaxed_rank_001_alphafold2_ptm_model_1_seed_042.pdb,91.22592233009712,0.86157,0.68017,15
/results/PPAC_BACSU/run1/02_hierarchical_m_fold_sampling_2haw/sampling_round_8/02_sampling/sampling_5/group_7_unrelaxed_rank_001_alphafold2_ptm_model_1_seed_042.pdb,90.3033980582525,0.88394,0.67858,11
/results/PPAC_BACSU/run1/02_hierarchical_m_fold_sampling_2haw/sampling_round_8/02_sampling/sampling_5/group_4_unrelaxed_rank_001_alphafold2_ptm_model_1_seed_042.pdb,90.27715210355983,0.88733,0.6772,11
/results/PPAC_BACSU/run1/02_hierarchical_m_fold_sampling_2haw/sampling_round_8/02_sampling/sampling_5/group_12_unrelaxed_rank_001_alphafold2_ptm_model_1_seed_042.pdb,89.18135922330096,0.71445,0.74879,11
/results/PPAC_BACSU/run1/02_hierarchical_m_fold_sampling_2haw/sampling_round_8/02_sampling/sampling_5/group_5_unrelaxed_rank_001_alphafold2_ptm_model_1_seed_042.pdb,86.12669902912621,0.66983,0.87115,11
/results/PPAC_BACSU/run1/02_hierarchical_m_fold_sampling_2haw/sampling_round_8/02_sampling/sampling_5/group_10_unrelaxed_rank_001_alphafold2_ptm_model_1_seed_042.pdb,90.47954692556637,0.90151,0.67307,11
/results/PPAC_BACSU/run1/02_hierarchical_m_fold_sampling_2haw/sampling_round_8/02_sampling/sampling_5/group_3_unrelaxed_rank_001_alphafold2_ptm_model_1_seed_042.pdb,91.48145631067966,0.88564,0.67691,11
/results/PPAC_BACSU/run1/02_hierarchical_m_fold_sampling_2haw/sampling_round_8/02_sampling/sampling_5/group_9_unrelaxed_rank_001_alphafold2_ptm_model_1_seed_042.pdb,90.64673139158575,0.86834,0.67862,11
/results/PPAC_BACSU/run1/02_hierarchical_m_fold_sampling_2haw/sampling_round_8/02_sampling/sampling_5/group_1_unrelaxed_rank_001_alphafold2_ptm_model_1_seed_042.pdb,91.60951456310677,0.85517,0.67618,11
/results/PPAC_BACSU/run1/02_hierarchical_m_fold_sampling_2haw/sampling_round_8/02_sampling/sampling_5/group_11_unrelaxed_rank_001_alphafold2_ptm_model_1_seed_042.pdb,90.44427184466015,0.91598,0.67165,11
/results/PPAC_BACSU/run1/02_hierarchical_m_fold_sampling_2haw/sampling_round_8/02_sampling/sampling_5/group_2_unrelaxed_rank_001_alphafold2_ptm_model_1_seed_042.pdb,91.2281229773462,0.89367,0.67682,11
/results/PPAC_BACSU/run1/02_hierarchical_m_fold_sampling_2haw/sampling_round_8/02_sampling/sampling_8/group_8_unrelaxed_rank_001_alphafold2_ptm_model_1_seed_042.pdb,89.13514563106799,0.86169,0.67793,11
/results/PPAC_BACSU/run1/02_hierarchical_m_fold_sampling_2haw/sampling_round_8/02_sampling/sampling_8/group_6_unrelaxed_rank_001_alphafold2_ptm_model_1_seed_042.pdb,89.99420711974109,0.8279,0.67417,11
/results/PPAC_BACSU/run1/02_hierarchical_m_fold_sampling_2haw/sampling_round_8/02_sampling/sampling_8/group_13_unrelaxed_rank_001_alphafold2_ptm_model_1_seed_042.pdb,91.9819417475728,0.71529,0.75139,15
/results/PPAC_BACSU/run1/02_hierarchical_m_fold_sampling_2haw/sampling_round_8/02_sampling/sampling_8/group_7_unrelaxed_rank_001_alphafold2_ptm_model_1_seed_042.pdb,90.77252427184469,0.88659,0.67548,11
/results/PPAC_BACSU/run1/02_hierarchical_m_fold_sampling_2haw/sampling_round_8/02_sampling/sampling_8/group_4_unrelaxed_rank_001_alphafold2_ptm_model_1_seed_042.pdb,89.64394822006476,0.92182,0.67607,11
/results/PPAC_BACSU/run1/02_hierarchical_m_fold_sampling_2haw/sampling_round_8/02_sampling/sampling_8/group_12_unrelaxed_rank_001_alphafold2_ptm_model_1_seed_042.pdb,91.36488673139154,0.83012,0.67787,11
/results/PPAC_BACSU/run1/02_hierarchical_m_fold_sampling_2haw/sampling_round_8/02_sampling/sampling_8/group_5_unrelaxed_rank_001_alphafold2_ptm_model_1_seed_042.pdb,89.53983818770223,0.87363,0.67717,11
/results/PPAC_BACSU/run1/02_hierarchical_m_fold_sampling_2haw/sampling_round_8/02_sampling/sampling_8/group_10_unrelaxed_rank_001_alphafold2_ptm_model_1_seed_042.pdb,89.31951456310682,0.87357,0.67689,11
/results/PPAC_BACSU/run1/02_hierarchical_m_fold_sampling_2haw/sampling_round_8/02_sampling/sampling_8/group_3_unrelaxed_rank_001_alphafold2_ptm_model_1_seed_042.pdb,86.71025889967629,0.8856,0.66211,11
/results/PPAC_BACSU/run1/02_hierarchical_m_fold_sampling_2haw/sampling_round_8/02_sampling/sampling_8/group_9_unrelaxed_rank_001_alphafold2_ptm_model_1_seed_042.pdb,90.29456310679608,0.93404,0.66991,11
/results/PPAC_BACSU/run1/02_hierarchical_m_fold_sampling_2haw/sampling_round_8/02_sampling/sampling_8/group_1_unrelaxed_rank_001_alphafold2_ptm_model_1_seed_042.pdb,90.84223300970874,0.6778,0.88621,11
/results/PPAC_BACSU/run1/02_hierarchical_m_fold_sampling_2haw/sampling_round_8/02_sampling/sampling_8/group_11_unrelaxed_rank_001_alphafold2_ptm_model_1_seed_042.pdb,91.08281553398056,0.87224,0.67623,11
/results/PPAC_BACSU/run1/02_hierarchical_m_fold_sampling_2haw/sampling_round_8/02_sampling/sampling_8/group_2_unrelaxed_rank_001_alphafold2_ptm_model_1_seed_042.pdb,92.17873786407766,0.92441,0.6756,11
/results/PPAC_BACSU/run1/02_hierarchical_m_fold_sampling_2haw/sampling_round_8/02_sampling/sampling_7/group_8_unrelaxed_rank_001_alphafold2_ptm_model_1_seed_042.pdb,89.72482200647251,0.72016,0.72655,11
/results/PPAC_BACSU/run1/02_hierarchical_m_fold_sampling_2haw/sampling_round_8/02_sampling/sampling_7/group_6_unrelaxed_rank_001_alphafold2_ptm_model_1_seed_042.pdb,90.17805825242712,0.90606,0.67144,11
/results/PPAC_BACSU/run1/02_hierarchical_m_fold_sampling_2haw/sampling_round_8/02_sampling/sampling_7/group_13_unrelaxed_rank_001_alphafold2_ptm_model_1_seed_042.pdb,91.48948220064723,0.89526,0.67228,15
/results/PPAC_BACSU/run1/02_hierarchical_m_fold_sampling_2haw/sampling_round_8/02_sampling/sampling_7/group_7_unrelaxed_rank_001_alphafold2_ptm_model_1_seed_042.pdb,89.8609708737865,0.82022,0.66403,11
/results/PPAC_BACSU/run1/02_hierarchical_m_fold_sampling_2haw/sampling_round_8/02_sampling/sampling_7/group_4_unrelaxed_rank_001_alphafold2_ptm_model_1_seed_042.pdb,88.69799352750803,0.82274,0.69037,11
/results/PPAC_BACSU/run1/02_hierarchical_m_fold_sampling_2haw/sampling_round_8/02_sampling/sampling_7/group_12_unrelaxed_rank_001_alphafold2_ptm_model_1_seed_042.pdb,90.51016181229781,0.85904,0.67598,11
/results/PPAC_BACSU/run1/02_hierarchical_m_fold_sampling_2haw/sampling_round_8/02_sampling/sampling_7/group_5_unrelaxed_rank_001_alphafold2_ptm_model_1_seed_042.pdb,90.54964401294498,0.90336,0.67138,11
/results/PPAC_BACSU/run1/02_hierarchical_m_fold_sampling_2haw/sampling_round_8/02_sampling/sampling_7/group_10_unrelaxed_rank_001_alphafold2_ptm_model_1_seed_042.pdb,91.65236245954688,0.85159,0.68172,11
/results/PPAC_BACSU/run1/02_hierarchical_m_fold_sampling_2haw/sampling_round_8/02_sampling/sampling_7/group_3_unrelaxed_rank_001_alphafold2_ptm_model_1_seed_042.pdb,88.70239482200651,0.90879,0.66824,11
/results/PPAC_BACSU/run1/02_hierarchical_m_fold_sampling_2haw/sampling_round_8/02_sampling/sampling_7/group_9_unrelaxed_rank_001_alphafold2_ptm_model_1_seed_042.pdb,89.94284789644007,0.85433,0.67772,11
/results/PPAC_BACSU/run1/02_hierarchical_m_fold_sampling_2haw/sampling_round_8/02_sampling/sampling_7/group_1_unrelaxed_rank_001_alphafold2_ptm_model_1_seed_042.pdb,90.09818770226532,0.89151,0.67388,11
/results/PPAC_BACSU/run1/02_hierarchical_m_fold_sampling_2haw/sampling_round_8/02_sampling/sampling_7/group_11_unrelaxed_rank_001_alphafold2_ptm_model_1_seed_042.pdb,90.56847896440131,0.87041,0.67628,11
/results/PPAC_BACSU/run1/02_hierarchical_m_fold_sampling_2haw/sampling_round_8/02_sampling/sampling_7/group_2_unrelaxed_rank_001_alphafold2_ptm_model_1_seed_042.pdb,90.84867313915862,0.8961,0.67646,11
/results/PPAC_BACSU/run1/02_hierarchical_m_fold_sampling_2haw/sampling_round_8/02_sampling/sampling_2/group_8_unrelaxed_rank_001_alphafold2_ptm_model_1_seed_042.pdb,92.06469255663427,0.87967,0.67848,11
/results/PPAC_BACSU/run1/02_hierarchical_m_fold_sampling_2haw/sampling_round_8/02_sampling/sampling_2/group_6_unrelaxed_rank_001_alphafold2_ptm_model_1_seed_042.pdb,91.64967637540452,0.672,0.89189,11
/results/PPAC_BACSU/run1/02_hierarchical_m_fold_sampling_2haw/sampling_round_8/02_sampling/sampling_2/group_13_unrelaxed_rank_001_alphafold2_ptm_model_1_seed_042.pdb,90.38414239482202,0.91728,0.67333,15
/results/PPAC_BACSU/run1/02_hierarchical_m_fold_sampling_2haw/sampling_round_8/02_sampling/sampling_2/group_7_unrelaxed_rank_001_alphafold2_ptm_model_1_seed_042.pdb,91.23922330097086,0.84392,0.67868,11
/results/PPAC_BACSU/run1/02_hierarchical_m_fold_sampling_2haw/sampling_round_8/02_sampling/sampling_2/group_4_unrelaxed_rank_001_alphafold2_ptm_model_1_seed_042.pdb,90.51310679611653,0.87967,0.67645,11
/results/PPAC_BACSU/run1/02_hierarchical_m_fold_sampling_2haw/sampling_round_8/02_sampling/sampling_2/group_12_unrelaxed_rank_001_alphafold2_ptm_model_1_seed_042.pdb,91.54925566343042,0.89936,0.67106,11
/results/PPAC_BACSU/run1/02_hierarchical_m_fold_sampling_2haw/sampling_round_8/02_sampling/sampling_2/group_5_unrelaxed_rank_001_alphafold2_ptm_model_1_seed_042.pdb,90.74744336569572,0.87377,0.67781,11
/results/PPAC_BACSU/run1/02_hierarchical_m_fold_sampling_2haw/sampling_round_8/02_sampling/sampling_2/group_10_unrelaxed_rank_001_alphafold2_ptm_model_1_seed_042.pdb,90.86294498381872,0.89164,0.67625,11
/results/PPAC_BACSU/run1/02_hierarchical_m_fold_sampling_2haw/sampling_round_8/02_sampling/sampling_2/group_3_unrelaxed_rank_001_alphafold2_ptm_model_1_seed_042.pdb,89.03906148867313,0.86671,0.67365,11
/results/PPAC_BACSU/run1/02_hierarchical_m_fold_sampling_2haw/sampling_round_8/02_sampling/sampling_2/group_9_unrelaxed_rank_001_alphafold2_ptm_model_1_seed_042.pdb,90.0318122977346,0.83962,0.68011,11
/results/PPAC_BACSU/run1/02_hierarchical_m_fold_sampling_2haw/sampling_round_8/02_sampling/sampling_2/group_1_unrelaxed_rank_001_alphafold2_ptm_model_1_seed_042.pdb,88.88394822006468,0.85428,0.68022,11
/results/PPAC_BACSU/run1/02_hierarchical_m_fold_sampling_2haw/sampling_round_8/02_sampling/sampling_2/group_11_unrelaxed_rank_001_alphafold2_ptm_model_1_seed_042.pdb,89.8560194174757,0.86219,0.67877,11
/results/PPAC_BACSU/run1/02_hierarchical_m_fold_sampling_2haw/sampling_round_8/02_sampling/sampling_2/group_2_unrelaxed_rank_001_alphafold2_ptm_model_1_seed_042.pdb,90.15252427184465,0.90887,0.67068,11
/results/PPAC_BACSU/run1/02_hierarchical_m_fold_sampling_2haw/sampling_round_8/02_sampling/sampling_11/group_8_unrelaxed_rank_001_alphafold2_ptm_model_1_seed_042.pdb,88.76559870550163,0.76563,0.69303,11
/results/PPAC_BACSU/run1/02_hierarchical_m_fold_sampling_2haw/sampling_round_8/02_sampling/sampling_11/group_6_unrelaxed_rank_001_alphafold2_ptm_model_1_seed_042.pdb,91.20514563106798,0.8432,0.67954,11
/results/PPAC_BACSU/run1/02_hierarchical_m_fold_sampling_2haw/sampling_round_8/02_sampling/sampling_11/group_13_unrelaxed_rank_001_alphafold2_ptm_model_1_seed_042.pdb,90.86631067961166,0.91188,0.67249,15
/results/PPAC_BACSU/run1/02_hierarchical_m_fold_sampling_2haw/sampling_round_8/02_sampling/sampling_11/group_7_unrelaxed_rank_001_alphafold2_ptm_model_1_seed_042.pdb,90.16200647249185,0.92599,0.67258,11
/results/PPAC_BACSU/run1/02_hierarchical_m_fold_sampling_2haw/sampling_round_8/02_sampling/sampling_11/group_4_unrelaxed_rank_001_alphafold2_ptm_model_1_seed_042.pdb,90.61262135922318,0.88876,0.67472,11
/results/PPAC_BACSU/run1/02_hierarchical_m_fold_sampling_2haw/sampling_round_8/02_sampling/sampling_11/group_12_unrelaxed_rank_001_alphafold2_ptm_model_1_seed_042.pdb,91.2319417475728,0.90816,0.67781,11
/results/PPAC_BACSU/run1/02_hierarchical_m_fold_sampling_2haw/sampling_round_8/02_sampling/sampling_11/group_5_unrelaxed_rank_001_alphafold2_ptm_model_1_seed_042.pdb,91.07889967637541,0.73975,0.7216,11
/results/PPAC_BACSU/run1/02_hierarchical_m_fold_sampling_2haw/sampling_round_8/02_sampling/sampling_11/group_10_unrelaxed_rank_001_alphafold2_ptm_model_1_seed_042.pdb,88.11245954692558,0.78293,0.6835,11
/results/PPAC_BACSU/run1/02_hierarchical_m_fold_sampling_2haw/sampling_round_8/02_sampling/sampling_11/group_3_unrelaxed_rank_001_alphafold2_ptm_model_1_seed_042.pdb,87.65556634304208,0.88372,0.66412,11
/results/PPAC_BACSU/run1/02_hierarchical_m_fold_sampling_2haw/sampling_round_8/02_sampling/sampling_11/group_9_unrelaxed_rank_001_alphafold2_ptm_model_1_seed_042.pdb,89.77213592233016,0.86989,0.6795,11
/results/PPAC_BACSU/run1/02_hierarchical_m_fold_sampling_2haw/sampling_round_8/02_sampling/sampling_11/group_1_unrelaxed_rank_001_alphafold2_ptm_model_1_seed_042.pdb,91.88446601941753,0.86912,0.67765,11
/results/PPAC_BACSU/run1/02_hierarchical_m_fold_sampling_2haw/sampling_round_8/02_sampling/sampling_11/group_11_unrelaxed_rank_001_alphafold2_ptm_model_1_seed_042.pdb,90.3009708737864,0.94189,0.66952,11
/results/PPAC_BACSU/run1/02_hierarchical_m_fold_sampling_2haw/sampling_round_8/02_sampling/sampling_11/group_2_unrelaxed_rank_001_alphafold2_ptm_model_1_seed_042.pdb,91.22433656957931,0.6743,0.88439,11
/results/PPAC_BACSU/run1/02_hierarchical_m_fold_sampling_2haw/sampling_round_8/02_sampling/sampling_13/group_8_unrelaxed_rank_001_alphafold2_ptm_model_1_seed_042.pdb,89.23533980582528,0.91218,0.67067,11
/results/PPAC_BACSU/run1/02_hierarchical_m_fold_sampling_2haw/sampling_round_8/02_sampling/sampling_13/group_6_unrelaxed_rank_001_alphafold2_ptm_model_1_seed_042.pdb,90.56822006472495,0.87535,0.67757,11
/results/PPAC_BACSU/run1/02_hierarchical_m_fold_sampling_2haw/sampling_round_8/02_sampling/sampling_13/group_13_unrelaxed_rank_001_alphafold2_ptm_model_1_seed_042.pdb,90.97760517799354,0.82975,0.68075,12
/results/PPAC_BACSU/run1/02_hierarchical_m_fold_sampling_2haw/sampling_round_8/02_sampling/sampling_13/group_7_unrelaxed_rank_001_alphafold2_ptm_model_1_seed_042.pdb,90.81071197411,0.92069,0.67267,11
/results/PPAC_BACSU/run1/02_hierarchical_m_fold_sampling_2haw/sampling_round_8/02_sampling/sampling_13/group_4_unrelaxed_rank_001_alphafold2_ptm_model_1_seed_042.pdb,92.99233009708733,0.86725,0.68075,11
/results/PPAC_BACSU/run1/02_hierarchical_m_fold_sampling_2haw/sampling_round_8/02_sampling/sampling_13/group_12_unrelaxed_rank_001_alphafold2_ptm_model_1_seed_042.pdb,90.08550161812296,0.82527,0.67939,11
/results/PPAC_BACSU/run1/02_hierarchical_m_fold_sampling_2haw/sampling_round_8/02_sampling/sampling_13/group_5_unrelaxed_rank_001_alphafold2_ptm_model_1_seed_042.pdb,90.49647249190937,0.88212,0.67475,11
/results/PPAC_BACSU/run1/02_hierarchical_m_fold_sampling_2haw/sampling_round_8/02_sampling/sampling_13/group_10_unrelaxed_rank_001_alphafold2_ptm_model_1_seed_042.pdb,88.9189967637541,0.85844,0.67127,11
/results/PPAC_BACSU/run1/02_hierarchical_m_fold_sampling_2haw/sampling_round_8/02_sampling/sampling_13/group_3_unrelaxed_rank_001_alphafold2_ptm_model_1_seed_042.pdb,91.83067961165041,0.93326,0.67216,11
/results/PPAC_BACSU/run1/02_hierarchical_m_fold_sampling_2haw/sampling_round_8/02_sampling/sampling_13/group_9_unrelaxed_rank_001_alphafold2_ptm_model_1_seed_042.pdb,88.8605825242719,0.88326,0.677,11
/results/PPAC_BACSU/run1/02_hierarchical_m_fold_sampling_2haw/sampling_round_8/02_sampling/sampling_13/group_1_unrelaxed_rank_001_alphafold2_ptm_model_1_seed_042.pdb,90.93637540453075,0.86057,0.67917,11
/results/PPAC_BACSU/run1/02_hierarchical_m_fold_sampling_2haw/sampling_round_8/02_sampling/sampling_13/group_11_unrelaxed_rank_001_alphafold2_ptm_model_1_seed_042.pdb,90.93666666666672,0.88336,0.67766,11
/results/PPAC_BACSU/run1/02_hierarchical_m_fold_sampling_2haw/sampling_round_8/02_sampling/sampling_13/group_2_unrelaxed_rank_001_alphafold2_ptm_model_1_seed_042.pdb,90.00401294498387,0.8945,0.67498,11
/results/PPAC_BACSU/run1/02_hierarchical_m_fold_sampling_2haw/sampling_round_8/02_sampling/sampling_4/group_8_unrelaxed_rank_001_alphafold2_ptm_model_1_seed_042.pdb,90.89158576051784,0.88598,0.67718,11
/results/PPAC_BACSU/run1/02_hierarchical_m_fold_sampling_2haw/sampling_round_8/02_sampling/sampling_4/group_6_unrelaxed_rank_001_alphafold2_ptm_model_1_seed_042.pdb,88.09634304207133,0.72175,0.69732,11
/results/PPAC_BACSU/run1/02_hierarchical_m_fold_sampling_2haw/sampling_round_8/02_sampling/sampling_4/group_13_unrelaxed_rank_001_alphafold2_ptm_model_1_seed_042.pdb,89.56957928802585,0.88485,0.67423,15
/results/PPAC_BACSU/run1/02_hierarchical_m_fold_sampling_2haw/sampling_round_8/02_sampling/sampling_4/group_7_unrelaxed_rank_001_alphafold2_ptm_model_1_seed_042.pdb,88.99045307443366,0.87033,0.67919,11
/results/PPAC_BACSU/run1/02_hierarchical_m_fold_sampling_2haw/sampling_round_8/02_sampling/sampling_4/group_4_unrelaxed_rank_001_alphafold2_ptm_model_1_seed_042.pdb,89.98239482200646,0.88597,0.678,11
/results/PPAC_BACSU/run1/02_hierarchical_m_fold_sampling_2haw/sampling_round_8/02_sampling/sampling_4/group_12_unrelaxed_rank_001_alphafold2_ptm_model_1_seed_042.pdb,90.4059546925567,0.88283,0.67539,11
/results/PPAC_BACSU/run1/02_hierarchical_m_fold_sampling_2haw/sampling_round_8/02_sampling/sampling_4/group_5_unrelaxed_rank_001_alphafold2_ptm_model_1_seed_042.pdb,88.12343042071203,0.85011,0.67509,11
/results/PPAC_BACSU/run1/02_hierarchical_m_fold_sampling_2haw/sampling_round_8/02_sampling/sampling_4/group_10_unrelaxed_rank_001_alphafold2_ptm_model_1_seed_042.pdb,91.43495145631066,0.87172,0.67801,11
/results/PPAC_BACSU/run1/02_hierarchical_m_fold_sampling_2haw/sampling_round_8/02_sampling/sampling_4/group_3_unrelaxed_rank_001_alphafold2_ptm_model_1_seed_042.pdb,92.13715210355988,0.92434,0.67742,11
/results/PPAC_BACSU/run1/02_hierarchical_m_fold_sampling_2haw/sampling_round_8/02_sampling/sampling_4/group_9_unrelaxed_rank_001_alphafold2_ptm_model_1_seed_042.pdb,91.1200970873787,0.88807,0.68061,11
/results/PPAC_BACSU/run1/02_hierarchical_m_fold_sampling_2haw/sampling_round_8/02_sampling/sampling_4/group_1_unrelaxed_rank_001_alphafold2_ptm_model_1_seed_042.pdb,91.00540453074433,0.8146,0.68178,11
/results/PPAC_BACSU/run1/02_hierarchical_m_fold_sampling_2haw/sampling_round_8/02_sampling/sampling_4/group_11_unrelaxed_rank_001_alphafold2_ptm_model_1_seed_042.pdb,90.19521035598707,0.74763,0.71931,11
/results/PPAC_BACSU/run1/02_hierarchical_m_fold_sampling_2haw/sampling_round_8/02_sampling/sampling_4/group_2_unrelaxed_rank_001_alphafold2_ptm_model_1_seed_042.pdb,89.42032362459548,0.9057,0.67146,11
/results/PPAC_BACSU/run1/02_hierarchical_m_fold_sampling_2haw/sampling_round_8/02_sampling/sampling_12/group_8_unrelaxed_rank_001_alphafold2_ptm_model_1_seed_042.pdb,91.10058252427191,0.88174,0.67673,11
/results/PPAC_BACSU/run1/02_hierarchical_m_fold_sampling_2haw/sampling_round_8/02_sampling/sampling_12/group_6_unrelaxed_rank_001_alphafold2_ptm_model_1_seed_042.pdb,90.78155339805829,0.88268,0.67338,11
/results/PPAC_BACSU/run1/02_hierarchical_m_fold_sampling_2haw/sampling_round_8/02_sampling/sampling_12/group_13_unrelaxed_rank_001_alphafold2_ptm_model_1_seed_042.pdb,90.58216828478962,0.90448,0.67335,15
/results/PPAC_BACSU/run1/02_hierarchical_m_fold_sampling_2haw/sampling_round_8/02_sampling/sampling_12/group_7_unrelaxed_rank_001_alphafold2_ptm_model_1_seed_042.pdb,91.17909385113269,0.66271,0.90883,11
/results/PPAC_BACSU/run1/02_hierarchical_m_fold_sampling_2haw/sampling_round_8/02_sampling/sampling_12/group_4_unrelaxed_rank_001_alphafold2_ptm_model_1_seed_042.pdb,90.9177993527508,0.92533,0.67453,11
/results/PPAC_BACSU/run1/02_hierarchical_m_fold_sampling_2haw/sampling_round_8/02_sampling/sampling_12/group_12_unrelaxed_rank_001_alphafold2_ptm_model_1_seed_042.pdb,90.90359223300972,0.857,0.68074,11
/results/PPAC_BACSU/run1/02_hierarchical_m_fold_sampling_2haw/sampling_round_8/02_sampling/sampling_12/group_5_unrelaxed_rank_001_alphafold2_ptm_model_1_seed_042.pdb,90.15857605178,0.72009,0.74109,11
/results/PPAC_BACSU/run1/02_hierarchical_m_fold_sampling_2haw/sampling_round_8/02_sampling/sampling_12/group_10_unrelaxed_rank_001_alphafold2_ptm_model_1_seed_042.pdb,89.12061488673145,0.90129,0.67237,11
/results/PPAC_BACSU/run1/02_hierarchical_m_fold_sampling_2haw/sampling_round_8/02_sampling/sampling_12/group_3_unrelaxed_rank_001_alphafold2_ptm_model_1_seed_042.pdb,90.36048543689319,0.89098,0.67288,11
/results/PPAC_BACSU/run1/02_hierarchical_m_fold_sampling_2haw/sampling_round_8/02_sampling/sampling_12/group_9_unrelaxed_rank_001_alphafold2_ptm_model_1_seed_042.pdb,90.30433656957932,0.909,0.67095,11
/results/PPAC_BACSU/run1/02_hierarchical_m_fold_sampling_2haw/sampling_round_8/02_sampling/sampling_12/group_1_unrelaxed_rank_001_alphafold2_ptm_model_1_seed_042.pdb,89.13773462783172,0.88972,0.67518,11
/results/PPAC_BACSU/run1/02_hierarchical_m_fold_sampling_2haw/sampling_round_8/02_sampling/sampling_12/group_11_unrelaxed_rank_001_alphafold2_ptm_model_1_seed_042.pdb,90.59475728155336,0.8978,0.67159,11
/results/PPAC_BACSU/run1/02_hierarchical_m_fold_sampling_2haw/sampling_round_8/02_sampling/sampling_12/group_2_unrelaxed_rank_001_alphafold2_ptm_model_1_seed_042.pdb,88.45621359223298,0.91535,0.67228,11
/results/PPAC_BACSU/run1/02_hierarchical_m_fold_sampling_2haw/sampling_round_8/02_sampling/sampling_3/group_8_unrelaxed_rank_001_alphafold2_ptm_model_1_seed_042.pdb,90.21006472491908,0.7184,0.72027,11
/results/PPAC_BACSU/run1/02_hierarchical_m_fold_sampling_2haw/sampling_round_8/02_sampling/sampling_3/group_6_unrelaxed_rank_001_alphafold2_ptm_model_1_seed_042.pdb,91.1370226537218,0.79399,0.68409,11
/results/PPAC_BACSU/run1/02_hierarchical_m_fold_sampling_2haw/sampling_round_8/02_sampling/sampling_3/group_13_unrelaxed_rank_001_alphafold2_ptm_model_1_seed_042.pdb,90.674789644013,0.89995,0.6727,15
/results/PPAC_BACSU/run1/02_hierarchical_m_fold_sampling_2haw/sampling_round_8/02_sampling/sampling_3/group_7_unrelaxed_rank_001_alphafold2_ptm_model_1_seed_042.pdb,91.67847896440131,0.90959,0.67395,11
/results/PPAC_BACSU/run1/02_hierarchical_m_fold_sampling_2haw/sampling_round_8/02_sampling/sampling_3/group_4_unrelaxed_rank_001_alphafold2_ptm_model_1_seed_042.pdb,91.02449838187698,0.84989,0.67933,11
/results/PPAC_BACSU/run1/02_hierarchical_m_fold_sampling_2haw/sampling_round_8/02_sampling/sampling_3/group_12_unrelaxed_rank_001_alphafold2_ptm_model_1_seed_042.pdb,90.91142394822005,0.87803,0.67689,11
/results/PPAC_BACSU/run1/02_hierarchical_m_fold_sampling_2haw/sampling_round_8/02_sampling/sampling_3/group_5_unrelaxed_rank_001_alphafold2_ptm_model_1_seed_042.pdb,90.21770226537217,0.69714,0.77421,11
/results/PPAC_BACSU/run1/02_hierarchical_m_fold_sampling_2haw/sampling_round_8/02_sampling/sampling_3/group_10_unrelaxed_rank_001_alphafold2_ptm_model_1_seed_042.pdb,91.4774757281554,0.89496,0.67212,11
/results/PPAC_BACSU/run1/02_hierarchical_m_fold_sampling_2haw/sampling_round_8/02_sampling/sampling_3/group_3_unrelaxed_rank_001_alphafold2_ptm_model_1_seed_042.pdb,87.70385113268607,0.88771,0.67465,11
/results/PPAC_BACSU/run1/02_hierarchical_m_fold_sampling_2haw/sampling_round_8/02_sampling/sampling_3/group_9_unrelaxed_rank_001_alphafold2_ptm_model_1_seed_042.pdb,90.81653721682848,0.71936,0.75182,11
/results/PPAC_BACSU/run1/02_hierarchical_m_fold_sampling_2haw/sampling_round_8/02_sampling/sampling_3/group_1_unrelaxed_rank_001_alphafold2_ptm_model_1_seed_042.pdb,90.84093851132685,0.71997,0.72442,11
/results/PPAC_BACSU/run1/02_hierarchical_m_fold_sampling_2haw/sampling_round_8/02_sampling/sampling_3/group_11_unrelaxed_rank_001_alphafold2_ptm_model_1_seed_042.pdb,88.96491909385115,0.87366,0.67659,11
/results/PPAC_BACSU/run1/02_hierarchical_m_fold_sampling_2haw/sampling_round_8/02_sampling/sampling_3/group_2_unrelaxed_rank_001_alphafold2_ptm_model_1_seed_042.pdb,91.37194174757276,0.88952,0.67833,11
/results/PPAC_BACSU/run1/02_hierarchical_m_fold_sampling_2haw/sampling_round_8/02_sampling/sampling_14/group_8_unrelaxed_rank_001_alphafold2_ptm_model_1_seed_042.pdb,92.06579288025895,0.88177,0.67823,11
/results/PPAC_BACSU/run1/02_hierarchical_m_fold_sampling_2haw/sampling_round_8/02_sampling/sampling_14/group_6_unrelaxed_rank_001_alphafold2_ptm_model_1_seed_042.pdb,90.81436893203887,0.89696,0.67652,11
/results/PPAC_BACSU/run1/02_hierarchical_m_fold_sampling_2haw/sampling_round_8/02_sampling/sampling_14/group_13_unrelaxed_rank_001_alphafold2_ptm_model_1_seed_042.pdb,91.44368932038833,0.87,0.68006,15
/results/PPAC_BACSU/run1/02_hierarchical_m_fold_sampling_2haw/sampling_round_8/02_sampling/sampling_14/group_7_unrelaxed_rank_001_alphafold2_ptm_model_1_seed_042.pdb,89.67346278317143,0.88909,0.67516,11
/results/PPAC_BACSU/run1/02_hierarchical_m_fold_sampling_2haw/sampling_round_8/02_sampling/sampling_14/group_4_unrelaxed_rank_001_alphafold2_ptm_model_1_seed_042.pdb,92.41737864077673,0.88581,0.67477,11
/results/PPAC_BACSU/run1/02_hierarchical_m_fold_sampling_2haw/sampling_round_8/02_sampling/sampling_14/group_12_unrelaxed_rank_001_alphafold2_ptm_model_1_seed_042.pdb,91.35097087378635,0.90679,0.67273,11
/results/PPAC_BACSU/run1/02_hierarchical_m_fold_sampling_2haw/sampling_round_8/02_sampling/sampling_14/group_5_unrelaxed_rank_001_alphafold2_ptm_model_1_seed_042.pdb,90.48488673139157,0.90194,0.67288,11
/results/PPAC_BACSU/run1/02_hierarchical_m_fold_sampling_2haw/sampling_round_8/02_sampling/sampling_14/group_10_unrelaxed_rank_001_alphafold2_ptm_model_1_seed_042.pdb,89.37239482200654,0.74041,0.71491,11
/results/PPAC_BACSU/run1/02_hierarchical_m_fold_sampling_2haw/sampling_round_8/02_sampling/sampling_14/group_3_unrelaxed_rank_001_alphafold2_ptm_model_1_seed_042.pdb,90.45459546925565,0.8839,0.67647,11
/results/PPAC_BACSU/run1/02_hierarchical_m_fold_sampling_2haw/sampling_round_8/02_sampling/sampling_14/group_9_unrelaxed_rank_001_alphafold2_ptm_model_1_seed_042.pdb,89.51754045307439,0.89196,0.67519,11
/results/PPAC_BACSU/run1/02_hierarchical_m_fold_sampling_2haw/sampling_round_8/02_sampling/sampling_14/group_1_unrelaxed_rank_001_alphafold2_ptm_model_1_seed_042.pdb,89.85385113268597,0.85807,0.67713,11
/results/PPAC_BACSU/run1/02_hierarchical_m_fold_sampling_2haw/sampling_round_8/02_sampling/sampling_14/group_11_unrelaxed_rank_001_alphafold2_ptm_model_1_seed_042.pdb,89.74974110032369,0.89737,0.67158,11
/results/PPAC_BACSU/run1/02_hierarchical_m_fold_sampling_2haw/sampling_round_8/02_sampling/sampling_14/group_2_unrelaxed_rank_001_alphafold2_ptm_model_1_seed_042.pdb,90.13521035598708,0.68992,0.84769,11
/results/PPAC_BACSU/run1/02_hierarchical_m_fold_sampling_2haw/sampling_round_6/02_sampling/sampling_10/group_8_unrelaxed_rank_001_alphafold2_ptm_model_1_seed_042.pdb,91.76184466019419,0.85576,0.68082,11
/results/PPAC_BACSU/run1/02_hierarchical_m_fold_sampling_2haw/sampling_round_6/02_sampling/sampling_10/group_6_unrelaxed_rank_001_alphafold2_ptm_model_1_seed_042.pdb,90.38673139158573,0.90188,0.67339,11
/results/PPAC_BACSU/run1/02_hierarchical_m_fold_sampling_2haw/sampling_round_6/02_sampling/sampling_10/group_13_unrelaxed_rank_001_alphafold2_ptm_model_1_seed_042.pdb,91.47559870550162,0.8869,0.67735,15
/results/PPAC_BACSU/run1/02_hierarchical_m_fold_sampling_2haw/sampling_round_6/02_sampling/sampling_10/group_7_unrelaxed_rank_001_alphafold2_ptm_model_1_seed_042.pdb,90.53951456310683,0.78365,0.69116,11
/results/PPAC_BACSU/run1/02_hierarchical_m_fold_sampling_2haw/sampling_round_6/02_sampling/sampling_10/group_4_unrelaxed_rank_001_alphafold2_ptm_model_1_seed_042.pdb,93.3780906148867,0.65938,0.91,11
/results/PPAC_BACSU/run1/02_hierarchical_m_fold_sampling_2haw/sampling_round_6/02_sampling/sampling_10/group_12_unrelaxed_rank_001_alphafold2_ptm_model_1_seed_042.pdb,90.98932038834953,0.91244,0.67519,11
/results/PPAC_BACSU/run1/02_hierarchical_m_fold_sampling_2haw/sampling_round_6/02_sampling/sampling_10/group_5_unrelaxed_rank_001_alphafold2_ptm_model_1_seed_042.pdb,89.88420711974106,0.84837,0.68108,11
/results/PPAC_BACSU/run1/02_hierarchical_m_fold_sampling_2haw/sampling_round_6/02_sampling/sampling_10/group_10_unrelaxed_rank_001_alphafold2_ptm_model_1_seed_042.pdb,91.44165048543694,0.90166,0.67496,11
/results/PPAC_BACSU/run1/02_hierarchical_m_fold_sampling_2haw/sampling_round_6/02_sampling/sampling_10/group_3_unrelaxed_rank_001_alphafold2_ptm_model_1_seed_042.pdb,90.7885113268608,0.79987,0.684,11
/results/PPAC_BACSU/run1/02_hierarchical_m_fold_sampling_2haw/sampling_round_6/02_sampling/sampling_10/group_9_unrelaxed_rank_001_alphafold2_ptm_model_1_seed_042.pdb,91.91177993527509,0.87178,0.67434,11
/results/PPAC_BACSU/run1/02_hierarchical_m_fold_sampling_2haw/sampling_round_6/02_sampling/sampling_10/group_1_unrelaxed_rank_001_alphafold2_ptm_model_1_seed_042.pdb,90.3256957928803,0.89969,0.67427,11
/results/PPAC_BACSU/run1/02_hierarchical_m_fold_sampling_2haw/sampling_round_6/02_sampling/sampling_10/group_11_unrelaxed_rank_001_alphafold2_ptm_model_1_seed_042.pdb,88.58828478964398,0.69307,0.82796,11
/results/PPAC_BACSU/run1/02_hierarchical_m_fold_sampling_2haw/sampling_round_6/02_sampling/sampling_10/group_2_unrelaxed_rank_001_alphafold2_ptm_model_1_seed_042.pdb,91.48330097087376,0.87176,0.67121,11
/results/PPAC_BACSU/run1/02_hierarchical_m_fold_sampling_2haw/sampling_round_6/02_sampling/sampling_9/group_8_unrelaxed_rank_001_alphafold2_ptm_model_1_seed_042.pdb,91.13343042071202,0.85792,0.67883,11
/results/PPAC_BACSU/run1/02_hierarchical_m_fold_sampling_2haw/sampling_round_6/02_sampling/sampling_9/group_6_unrelaxed_rank_001_alphafold2_ptm_model_1_seed_042.pdb,89.31944983818775,0.87519,0.67787,11
/results/PPAC_BACSU/run1/02_hierarchical_m_fold_sampling_2haw/sampling_round_6/02_sampling/sampling_9/group_13_unrelaxed_rank_001_alphafold2_ptm_model_1_seed_042.pdb,91.21349514563111,0.87281,0.67936,15
/results/PPAC_BACSU/run1/02_hierarchical_m_fold_sampling_2haw/sampling_round_6/02_sampling/sampling_9/group_7_unrelaxed_rank_001_alphafold2_ptm_model_1_seed_042.pdb,91.19038834951449,0.90182,0.6729,11
/results/PPAC_BACSU/run1/02_hierarchical_m_fold_sampling_2haw/sampling_round_6/02_sampling/sampling_9/group_4_unrelaxed_rank_001_alphafold2_ptm_model_1_seed_042.pdb,91.14877022653721,0.89843,0.67364,11
/results/PPAC_BACSU/run1/02_hierarchical_m_fold_sampling_2haw/sampling_round_6/02_sampling/sampling_9/group_12_unrelaxed_rank_001_alphafold2_ptm_model_1_seed_042.pdb,90.95022653721686,0.90152,0.67483,11
/results/PPAC_BACSU/run1/02_hierarchical_m_fold_sampling_2haw/sampling_round_6/02_sampling/sampling_9/group_5_unrelaxed_rank_001_alphafold2_ptm_model_1_seed_042.pdb,90.10999999999996,0.86129,0.68038,11
/results/PPAC_BACSU/run1/02_hierarchical_m_fold_sampling_2haw/sampling_round_6/02_sampling/sampling_9/group_10_unrelaxed_rank_001_alphafold2_ptm_model_1_seed_042.pdb,91.06825242718448,0.90269,0.67367,11
/results/PPAC_BACSU/run1/02_hierarchical_m_fold_sampling_2haw/sampling_round_6/02_sampling/sampling_9/group_3_unrelaxed_rank_001_alphafold2_ptm_model_1_seed_042.pdb,90.9336893203884,0.88757,0.67548,11
/results/PPAC_BACSU/run1/02_hierarchical_m_fold_sampling_2haw/sampling_round_6/02_sampling/sampling_9/group_9_unrelaxed_rank_001_alphafold2_ptm_model_1_seed_042.pdb,90.51488673139153,0.87995,0.67565,11
/results/PPAC_BACSU/run1/02_hierarchical_m_fold_sampling_2haw/sampling_round_6/02_sampling/sampling_9/group_1_unrelaxed_rank_001_alphafold2_ptm_model_1_seed_042.pdb,90.90614886731395,0.90481,0.6726,11
/results/PPAC_BACSU/run1/02_hierarchical_m_fold_sampling_2haw/sampling_round_6/02_sampling/sampling_9/group_11_unrelaxed_rank_001_alphafold2_ptm_model_1_seed_042.pdb,87.65446601941747,0.84933,0.67888,11
/results/PPAC_BACSU/run1/02_hierarchical_m_fold_sampling_2haw/sampling_round_6/02_sampling/sampling_9/group_2_unrelaxed_rank_001_alphafold2_ptm_model_1_seed_042.pdb,89.97177993527511,0.83939,0.67523,11
/results/PPAC_BACSU/run1/02_hierarchical_m_fold_sampling_2haw/sampling_round_6/02_sampling/sampling_6/group_8_unrelaxed_rank_001_alphafold2_ptm_model_1_seed_042.pdb,91.69757281553399,0.88022,0.67661,11
/results/PPAC_BACSU/run1/02_hierarchical_m_fold_sampling_2haw/sampling_round_6/02_sampling/sampling_6/group_6_unrelaxed_rank_001_alphafold2_ptm_model_1_seed_042.pdb,89.86563106796115,0.87676,0.67879,11
/results/PPAC_BACSU/run1/02_hierarchical_m_fold_sampling_2haw/sampling_round_6/02_sampling/sampling_6/group_13_unrelaxed_rank_001_alphafold2_ptm_model_1_seed_042.pdb,90.56637540453075,0.80769,0.68286,15
/results/PPAC_BACSU/run1/02_hierarchical_m_fold_sampling_2haw/sampling_round_6/02_sampling/sampling_6/group_7_unrelaxed_rank_001_alphafold2_ptm_model_1_seed_042.pdb,91.2163106796117,0.80615,0.68883,11
/results/PPAC_BACSU/run1/02_hierarchical_m_fold_sampling_2haw/sampling_round_6/02_sampling/sampling_6/group_4_unrelaxed_rank_001_alphafold2_ptm_model_1_seed_042.pdb,90.81514563106803,0.86642,0.67791,11
/results/PPAC_BACSU/run1/02_hierarchical_m_fold_sampling_2haw/sampling_round_6/02_sampling/sampling_6/group_12_unrelaxed_rank_001_alphafold2_ptm_model_1_seed_042.pdb,90.8776375404531,0.8735,0.67746,11
/results/PPAC_BACSU/run1/02_hierarchical_m_fold_sampling_2haw/sampling_round_6/02_sampling/sampling_6/group_5_unrelaxed_rank_001_alphafold2_ptm_model_1_seed_042.pdb,91.63533980582528,0.65733,0.93087,11
/results/PPAC_BACSU/run1/02_hierarchical_m_fold_sampling_2haw/sampling_round_6/02_sampling/sampling_6/group_10_unrelaxed_rank_001_alphafold2_ptm_model_1_seed_042.pdb,87.73734627831718,0.90838,0.67079,11
/results/PPAC_BACSU/run1/02_hierarchical_m_fold_sampling_2haw/sampling_round_6/02_sampling/sampling_6/group_3_unrelaxed_rank_001_alphafold2_ptm_model_1_seed_042.pdb,89.82556634304203,0.87369,0.677,11
/results/PPAC_BACSU/run1/02_hierarchical_m_fold_sampling_2haw/sampling_round_6/02_sampling/sampling_6/group_9_unrelaxed_rank_001_alphafold2_ptm_model_1_seed_042.pdb,90.49631067961168,0.9053,0.67543,11
/results/PPAC_BACSU/run1/02_hierarchical_m_fold_sampling_2haw/sampling_round_6/02_sampling/sampling_6/group_1_unrelaxed_rank_001_alphafold2_ptm_model_1_seed_042.pdb,89.4684142394822,0.73965,0.71324,11
/results/PPAC_BACSU/run1/02_hierarchical_m_fold_sampling_2haw/sampling_round_6/02_sampling/sampling_6/group_11_unrelaxed_rank_001_alphafold2_ptm_model_1_seed_042.pdb,89.99187702265368,0.87281,0.6767,11
/results/PPAC_BACSU/run1/02_hierarchical_m_fold_sampling_2haw/sampling_round_6/02_sampling/sampling_6/group_2_unrelaxed_rank_001_alphafold2_ptm_model_1_seed_042.pdb,92.3853074433657,0.8578,0.67815,11
/results/PPAC_BACSU/run1/02_hierarchical_m_fold_sampling_2haw/sampling_round_6/02_sampling/sampling_1/group_8_unrelaxed_rank_001_alphafold2_ptm_model_1_seed_042.pdb,91.82297734627832,0.90983,0.67376,11
/results/PPAC_BACSU/run1/02_hierarchical_m_fold_sampling_2haw/sampling_round_6/02_sampling/sampling_1/group_6_unrelaxed_rank_001_alphafold2_ptm_model_1_seed_042.pdb,90.00666666666666,0.87532,0.67581,11
/results/PPAC_BACSU/run1/02_hierarchical_m_fold_sampling_2haw/sampling_round_6/02_sampling/sampling_1/group_13_unrelaxed_rank_001_alphafold2_ptm_model_1_seed_042.pdb,91.62411003236248,0.90687,0.67618,15
/results/PPAC_BACSU/run1/02_hierarchical_m_fold_sampling_2haw/sampling_round_6/02_sampling/sampling_1/group_7_unrelaxed_rank_001_alphafold2_ptm_model_1_seed_042.pdb,91.39423948220067,0.88744,0.67551,11
/results/PPAC_BACSU/run1/02_hierarchical_m_fold_sampling_2haw/sampling_round_6/02_sampling/sampling_1/group_4_unrelaxed_rank_001_alphafold2_ptm_model_1_seed_042.pdb,92.0490938511327,0.90366,0.67464,11
/results/PPAC_BACSU/run1/02_hierarchical_m_fold_sampling_2haw/sampling_round_6/02_sampling/sampling_1/group_12_unrelaxed_rank_001_alphafold2_ptm_model_1_seed_042.pdb,91.38508090614891,0.89867,0.67485,11
/results/PPAC_BACSU/run1/02_hierarchical_m_fold_sampling_2haw/sampling_round_6/02_sampling/sampling_1/group_5_unrelaxed_rank_001_alphafold2_ptm_model_1_seed_042.pdb,87.41741100323635,0.88582,0.66142,11
/results/PPAC_BACSU/run1/02_hierarchical_m_fold_sampling_2haw/sampling_round_6/02_sampling/sampling_1/group_10_unrelaxed_rank_001_alphafold2_ptm_model_1_seed_042.pdb,89.34122977346273,0.84992,0.67641,11
/results/PPAC_BACSU/run1/02_hierarchical_m_fold_sampling_2haw/sampling_round_6/02_sampling/sampling_1/group_3_unrelaxed_rank_001_alphafold2_ptm_model_1_seed_042.pdb,87.88941747572822,0.87827,0.6759,11
/results/PPAC_BACSU/run1/02_hierarchical_m_fold_sampling_2haw/sampling_round_6/02_sampling/sampling_1/group_9_unrelaxed_rank_001_alphafold2_ptm_model_1_seed_042.pdb,89.62012944983817,0.88685,0.67419,11
/results/PPAC_BACSU/run1/02_hierarchical_m_fold_sampling_2haw/sampling_round_6/02_sampling/sampling_1/group_1_unrelaxed_rank_001_alphafold2_ptm_model_1_seed_042.pdb,91.48533980582523,0.88695,0.67798,11
/results/PPAC_BACSU/run1/02_hierarchical_m_fold_sampling_2haw/sampling_round_6/02_sampling/sampling_1/group_11_unrelaxed_rank_001_alphafold2_ptm_model_1_seed_042.pdb,87.73935275080905,0.7829,0.68354,11
/results/PPAC_BACSU/run1/02_hierarchical_m_fold_sampling_2haw/sampling_round_6/02_sampling/sampling_1/group_2_unrelaxed_rank_001_alphafold2_ptm_model_1_seed_042.pdb,90.96919093851137,0.86848,0.67578,11
/results/PPAC_BACSU/run1/02_hierarchical_m_fold_sampling_2haw/sampling_round_6/02_sampling/sampling_5/group_8_unrelaxed_rank_001_alphafold2_ptm_model_1_seed_042.pdb,90.7493851132686,0.87782,0.67294,11
/results/PPAC_BACSU/run1/02_hierarchical_m_fold_sampling_2haw/sampling_round_6/02_sampling/sampling_5/group_6_unrelaxed_rank_001_alphafold2_ptm_model_1_seed_042.pdb,90.88029126213584,0.91842,0.67454,11
/results/PPAC_BACSU/run1/02_hierarchical_m_fold_sampling_2haw/sampling_round_6/02_sampling/sampling_5/group_13_unrelaxed_rank_001_alphafold2_ptm_model_1_seed_042.pdb,91.45708737864084,0.8452,0.68007,15
/results/PPAC_BACSU/run1/02_hierarchical_m_fold_sampling_2haw/sampling_round_6/02_sampling/sampling_5/group_7_unrelaxed_rank_001_alphafold2_ptm_model_1_seed_042.pdb,88.93420711974109,0.86086,0.67695,11
/results/PPAC_BACSU/run1/02_hierarchical_m_fold_sampling_2haw/sampling_round_6/02_sampling/sampling_5/group_4_unrelaxed_rank_001_alphafold2_ptm_model_1_seed_042.pdb,87.50666666666669,0.89464,0.67296,11
/results/PPAC_BACSU/run1/02_hierarchical_m_fold_sampling_2haw/sampling_round_6/02_sampling/sampling_5/group_12_unrelaxed_rank_001_alphafold2_ptm_model_1_seed_042.pdb,91.16715210355981,0.90986,0.67704,11
/results/PPAC_BACSU/run1/02_hierarchical_m_fold_sampling_2haw/sampling_round_6/02_sampling/sampling_5/group_5_unrelaxed_rank_001_alphafold2_ptm_model_1_seed_042.pdb,91.61006472491911,0.87095,0.67735,11
/results/PPAC_BACSU/run1/02_hierarchical_m_fold_sampling_2haw/sampling_round_6/02_sampling/sampling_5/group_10_unrelaxed_rank_001_alphafold2_ptm_model_1_seed_042.pdb,90.45385113268615,0.87593,0.67911,11
/results/PPAC_BACSU/run1/02_hierarchical_m_fold_sampling_2haw/sampling_round_6/02_sampling/sampling_5/group_3_unrelaxed_rank_001_alphafold2_ptm_model_1_seed_042.pdb,90.71546925566341,0.90057,0.67024,11
/results/PPAC_BACSU/run1/02_hierarchical_m_fold_sampling_2haw/sampling_round_6/02_sampling/sampling_5/group_9_unrelaxed_rank_001_alphafold2_ptm_model_1_seed_042.pdb,89.56993527508091,0.75911,0.68802,11
/results/PPAC_BACSU/run1/02_hierarchical_m_fold_sampling_2haw/sampling_round_6/02_sampling/sampling_5/group_1_unrelaxed_rank_001_alphafold2_ptm_model_1_seed_042.pdb,88.99938511326857,0.68296,0.85731,11
/results/PPAC_BACSU/run1/02_hierarchical_m_fold_sampling_2haw/sampling_round_6/02_sampling/sampling_5/group_11_unrelaxed_rank_001_alphafold2_ptm_model_1_seed_042.pdb,90.65213592233017,0.883,0.67018,11
/results/PPAC_BACSU/run1/02_hierarchical_m_fold_sampling_2haw/sampling_round_6/02_sampling/sampling_5/group_2_unrelaxed_rank_001_alphafold2_ptm_model_1_seed_042.pdb,90.55679611650493,0.90043,0.67408,11
/results/PPAC_BACSU/run1/02_hierarchical_m_fold_sampling_2haw/sampling_round_6/02_sampling/sampling_8/group_8_unrelaxed_rank_001_alphafold2_ptm_model_1_seed_042.pdb,89.65967637540456,0.7259,0.71689,11
/results/PPAC_BACSU/run1/02_hierarchical_m_fold_sampling_2haw/sampling_round_6/02_sampling/sampling_8/group_6_unrelaxed_rank_001_alphafold2_ptm_model_1_seed_042.pdb,91.32433656957936,0.88439,0.67743,11
/results/PPAC_BACSU/run1/02_hierarchical_m_fold_sampling_2haw/sampling_round_6/02_sampling/sampling_8/group_13_unrelaxed_rank_001_alphafold2_ptm_model_1_seed_042.pdb,90.62618122977345,0.79071,0.68745,15
/results/PPAC_BACSU/run1/02_hierarchical_m_fold_sampling_2haw/sampling_round_6/02_sampling/sampling_8/group_7_unrelaxed_rank_001_alphafold2_ptm_model_1_seed_042.pdb,89.80385113268606,0.88605,0.66969,11
/results/PPAC_BACSU/run1/02_hierarchical_m_fold_sampling_2haw/sampling_round_6/02_sampling/sampling_8/group_4_unrelaxed_rank_001_alphafold2_ptm_model_1_seed_042.pdb,89.27974110032355,0.89074,0.67673,11
/results/PPAC_BACSU/run1/02_hierarchical_m_fold_sampling_2haw/sampling_round_6/02_sampling/sampling_8/group_12_unrelaxed_rank_001_alphafold2_ptm_model_1_seed_042.pdb,91.2429126213592,0.87646,0.67756,11
/results/PPAC_BACSU/run1/02_hierarchical_m_fold_sampling_2haw/sampling_round_6/02_sampling/sampling_8/group_5_unrelaxed_rank_001_alphafold2_ptm_model_1_seed_042.pdb,90.57792880258899,0.89453,0.67531,11
/results/PPAC_BACSU/run1/02_hierarchical_m_fold_sampling_2haw/sampling_round_6/02_sampling/sampling_8/group_10_unrelaxed_rank_001_alphafold2_ptm_model_1_seed_042.pdb,89.5336245954693,0.82973,0.68163,11
/results/PPAC_BACSU/run1/02_hierarchical_m_fold_sampling_2haw/sampling_round_6/02_sampling/sampling_8/group_3_unrelaxed_rank_001_alphafold2_ptm_model_1_seed_042.pdb,90.66220064724921,0.8741,0.67602,11
/results/PPAC_BACSU/run1/02_hierarchical_m_fold_sampling_2haw/sampling_round_6/02_sampling/sampling_8/group_9_unrelaxed_rank_001_alphafold2_ptm_model_1_seed_042.pdb,91.89566343042067,0.92651,0.67517,11
/results/PPAC_BACSU/run1/02_hierarchical_m_fold_sampling_2haw/sampling_round_6/02_sampling/sampling_8/group_1_unrelaxed_rank_001_alphafold2_ptm_model_1_seed_042.pdb,91.45478964401295,0.85235,0.68109,11
/results/PPAC_BACSU/run1/02_hierarchical_m_fold_sampling_2haw/sampling_round_6/02_sampling/sampling_8/group_11_unrelaxed_rank_001_alphafold2_ptm_model_1_seed_042.pdb,88.00802588996771,0.91763,0.67609,11
/results/PPAC_BACSU/run1/02_hierarchical_m_fold_sampling_2haw/sampling_round_6/02_sampling/sampling_8/group_2_unrelaxed_rank_001_alphafold2_ptm_model_1_seed_042.pdb,89.79404530744335,0.87871,0.67598,11
/results/PPAC_BACSU/run1/02_hierarchical_m_fold_sampling_2haw/sampling_round_6/02_sampling/sampling_7/group_8_unrelaxed_rank_001_alphafold2_ptm_model_1_seed_042.pdb,90.75485436893209,0.91504,0.67453,11
/results/PPAC_BACSU/run1/02_hierarchical_m_fold_sampling_2haw/sampling_round_6/02_sampling/sampling_7/group_6_unrelaxed_rank_001_alphafold2_ptm_model_1_seed_042.pdb,88.69278317152101,0.91442,0.67031,11
/results/PPAC_BACSU/run1/02_hierarchical_m_fold_sampling_2haw/sampling_round_6/02_sampling/sampling_7/group_13_unrelaxed_rank_001_alphafold2_ptm_model_1_seed_042.pdb,91.6673139158576,0.91099,0.66924,15
/results/PPAC_BACSU/run1/02_hierarchical_m_fold_sampling_2haw/sampling_round_6/02_sampling/sampling_7/group_7_unrelaxed_rank_001_alphafold2_ptm_model_1_seed_042.pdb,91.70313915857609,0.77088,0.69307,11
/results/PPAC_BACSU/run1/02_hierarchical_m_fold_sampling_2haw/sampling_round_6/02_sampling/sampling_7/group_4_unrelaxed_rank_001_alphafold2_ptm_model_1_seed_042.pdb,90.52032362459549,0.86769,0.67843,11
/results/PPAC_BACSU/run1/02_hierarchical_m_fold_sampling_2haw/sampling_round_6/02_sampling/sampling_7/group_12_unrelaxed_rank_001_alphafold2_ptm_model_1_seed_042.pdb,91.35210355987054,0.8933,0.67602,11
/results/PPAC_BACSU/run1/02_hierarchical_m_fold_sampling_2haw/sampling_round_6/02_sampling/sampling_7/group_5_unrelaxed_rank_001_alphafold2_ptm_model_1_seed_042.pdb,90.20012944983824,0.87094,0.67216,11
/results/PPAC_BACSU/run1/02_hierarchical_m_fold_sampling_2haw/sampling_round_6/02_sampling/sampling_7/group_10_unrelaxed_rank_001_alphafold2_ptm_model_1_seed_042.pdb,91.26097087378638,0.86342,0.6759,11
/results/PPAC_BACSU/run1/02_hierarchical_m_fold_sampling_2haw/sampling_round_6/02_sampling/sampling_7/group_3_unrelaxed_rank_001_alphafold2_ptm_model_1_seed_042.pdb,91.26404530744338,0.82811,0.67656,11
/results/PPAC_BACSU/run1/02_hierarchical_m_fold_sampling_2haw/sampling_round_6/02_sampling/sampling_7/group_9_unrelaxed_rank_001_alphafold2_ptm_model_1_seed_042.pdb,92.39430420711982,0.90371,0.6745,11
/results/PPAC_BACSU/run1/02_hierarchical_m_fold_sampling_2haw/sampling_round_6/02_sampling/sampling_7/group_1_unrelaxed_rank_001_alphafold2_ptm_model_1_seed_042.pdb,90.9414239482201,0.87332,0.67828,11
/results/PPAC_BACSU/run1/02_hierarchical_m_fold_sampling_2haw/sampling_round_6/02_sampling/sampling_7/group_11_unrelaxed_rank_001_alphafold2_ptm_model_1_seed_042.pdb,91.07352750809063,0.88517,0.6759,11
/results/PPAC_BACSU/run1/02_hierarchical_m_fold_sampling_2haw/sampling_round_6/02_sampling/sampling_7/group_2_unrelaxed_rank_001_alphafold2_ptm_model_1_seed_042.pdb,88.16003236245949,0.87597,0.67679,11
/results/PPAC_BACSU/run1/02_hierarchical_m_fold_sampling_2haw/sampling_round_6/02_sampling/sampling_2/group_8_unrelaxed_rank_001_alphafold2_ptm_model_1_seed_042.pdb,91.10388349514565,0.79613,0.69496,11
/results/PPAC_BACSU/run1/02_hierarchical_m_fold_sampling_2haw/sampling_round_6/02_sampling/sampling_2/group_6_unrelaxed_rank_001_alphafold2_ptm_model_1_seed_042.pdb,89.98598705501618,0.88302,0.66876,11
/results/PPAC_BACSU/run1/02_hierarchical_m_fold_sampling_2haw/sampling_round_6/02_sampling/sampling_2/group_13_unrelaxed_rank_001_alphafold2_ptm_model_1_seed_042.pdb,89.90071197411004,0.86836,0.67559,15
/results/PPAC_BACSU/run1/02_hierarchical_m_fold_sampling_2haw/sampling_round_6/02_sampling/sampling_2/group_7_unrelaxed_rank_001_alphafold2_ptm_model_1_seed_042.pdb,89.51822006472493,0.9111,0.67029,11
/results/PPAC_BACSU/run1/02_hierarchical_m_fold_sampling_2haw/sampling_round_6/02_sampling/sampling_2/group_4_unrelaxed_rank_001_alphafold2_ptm_model_1_seed_042.pdb,91.01300970873781,0.92095,0.67495,11
/results/PPAC_BACSU/run1/02_hierarchical_m_fold_sampling_2haw/sampling_round_6/02_sampling/sampling_2/group_12_unrelaxed_rank_001_alphafold2_ptm_model_1_seed_042.pdb,90.20025889967638,0.89775,0.67506,11
/results/PPAC_BACSU/run1/02_hierarchical_m_fold_sampling_2haw/sampling_round_6/02_sampling/sampling_2/group_5_unrelaxed_rank_001_alphafold2_ptm_model_1_seed_042.pdb,90.14268608414233,0.88571,0.67468,11
/results/PPAC_BACSU/run1/02_hierarchical_m_fold_sampling_2haw/sampling_round_6/02_sampling/sampling_2/group_10_unrelaxed_rank_001_alphafold2_ptm_model_1_seed_042.pdb,90.07854368932034,0.76779,0.69852,11
/results/PPAC_BACSU/run1/02_hierarchical_m_fold_sampling_2haw/sampling_round_6/02_sampling/sampling_2/group_3_unrelaxed_rank_001_alphafold2_ptm_model_1_seed_042.pdb,90.40870550161809,0.90537,0.67409,11
/results/PPAC_BACSU/run1/02_hierarchical_m_fold_sampling_2haw/sampling_round_6/02_sampling/sampling_2/group_9_unrelaxed_rank_001_alphafold2_ptm_model_1_seed_042.pdb,89.82741100323624,0.84384,0.67899,11
/results/PPAC_BACSU/run1/02_hierarchical_m_fold_sampling_2haw/sampling_round_6/02_sampling/sampling_2/group_1_unrelaxed_rank_001_alphafold2_ptm_model_1_seed_042.pdb,91.38233009708733,0.87143,0.67887,11
/results/PPAC_BACSU/run1/02_hierarchical_m_fold_sampling_2haw/sampling_round_6/02_sampling/sampling_2/group_11_unrelaxed_rank_001_alphafold2_ptm_model_1_seed_042.pdb,90.21110032362459,0.74602,0.7085,11
/results/PPAC_BACSU/run1/02_hierarchical_m_fold_sampling_2haw/sampling_round_6/02_sampling/sampling_2/group_2_unrelaxed_rank_001_alphafold2_ptm_model_1_seed_042.pdb,89.91996763754047,0.78933,0.69639,11
/results/PPAC_BACSU/run1/02_hierarchical_m_fold_sampling_2haw/sampling_round_6/02_sampling/sampling_11/group_8_unrelaxed_rank_001_alphafold2_ptm_model_1_seed_042.pdb,91.00142394822005,0.87827,0.67549,11
/results/PPAC_BACSU/run1/02_hierarchical_m_fold_sampling_2haw/sampling_round_6/02_sampling/sampling_11/group_6_unrelaxed_rank_001_alphafold2_ptm_model_1_seed_042.pdb,91.15313915857607,0.87925,0.67288,11
/results/PPAC_BACSU/run1/02_hierarchical_m_fold_sampling_2haw/sampling_round_6/02_sampling/sampling_11/group_13_unrelaxed_rank_001_alphafold2_ptm_model_1_seed_042.pdb,91.47045307443364,0.89067,0.67419,15
/results/PPAC_BACSU/run1/02_hierarchical_m_fold_sampling_2haw/sampling_round_6/02_sampling/sampling_11/group_7_unrelaxed_rank_001_alphafold2_ptm_model_1_seed_042.pdb,91.20705501618119,0.87167,0.67492,11
/results/PPAC_BACSU/run1/02_hierarchical_m_fold_sampling_2haw/sampling_round_6/02_sampling/sampling_11/group_4_unrelaxed_rank_001_alphafold2_ptm_model_1_seed_042.pdb,92.48514563106794,0.91307,0.67726,11
/results/PPAC_BACSU/run1/02_hierarchical_m_fold_sampling_2haw/sampling_round_6/02_sampling/sampling_11/group_12_unrelaxed_rank_001_alphafold2_ptm_model_1_seed_042.pdb,91.59161812297738,0.88327,0.67722,11
/results/PPAC_BACSU/run1/02_hierarchical_m_fold_sampling_2haw/sampling_round_6/02_sampling/sampling_11/group_5_unrelaxed_rank_001_alphafold2_ptm_model_1_seed_042.pdb,89.49524271844656,0.83067,0.67998,11
/results/PPAC_BACSU/run1/02_hierarchical_m_fold_sampling_2haw/sampling_round_6/02_sampling/sampling_11/group_10_unrelaxed_rank_001_alphafold2_ptm_model_1_seed_042.pdb,88.03226537216834,0.89649,0.66296,11
/results/PPAC_BACSU/run1/02_hierarchical_m_fold_sampling_2haw/sampling_round_6/02_sampling/sampling_11/group_3_unrelaxed_rank_001_alphafold2_ptm_model_1_seed_042.pdb,90.20443365695799,0.86042,0.67647,11
/results/PPAC_BACSU/run1/02_hierarchical_m_fold_sampling_2haw/sampling_round_6/02_sampling/sampling_11/group_9_unrelaxed_rank_001_alphafold2_ptm_model_1_seed_042.pdb,91.17783171521039,0.91115,0.67262,11
/results/PPAC_BACSU/run1/02_hierarchical_m_fold_sampling_2haw/sampling_round_6/02_sampling/sampling_11/group_1_unrelaxed_rank_001_alphafold2_ptm_model_1_seed_042.pdb,91.20886731391586,0.86975,0.67801,11
/results/PPAC_BACSU/run1/02_hierarchical_m_fold_sampling_2haw/sampling_round_6/02_sampling/sampling_11/group_11_unrelaxed_rank_001_alphafold2_ptm_model_1_seed_042.pdb,89.04388349514568,0.70576,0.76727,11
/results/PPAC_BACSU/run1/02_hierarchical_m_fold_sampling_2haw/sampling_round_6/02_sampling/sampling_11/group_2_unrelaxed_rank_001_alphafold2_ptm_model_1_seed_042.pdb,90.43181229773462,0.88224,0.6762,11
/results/PPAC_BACSU/run1/02_hierarchical_m_fold_sampling_2haw/sampling_round_6/02_sampling/sampling_13/group_8_unrelaxed_rank_001_alphafold2_ptm_model_1_seed_042.pdb,89.59601941747574,0.85452,0.6756,11
/results/PPAC_BACSU/run1/02_hierarchical_m_fold_sampling_2haw/sampling_round_6/02_sampling/sampling_13/group_6_unrelaxed_rank_001_alphafold2_ptm_model_1_seed_042.pdb,90.46352750809064,0.90925,0.67183,11
/results/PPAC_BACSU/run1/02_hierarchical_m_fold_sampling_2haw/sampling_round_6/02_sampling/sampling_13/group_13_unrelaxed_rank_001_alphafold2_ptm_model_1_seed_042.pdb,90.13430420711978,0.83287,0.67796,12
/results/PPAC_BACSU/run1/02_hierarchical_m_fold_sampling_2haw/sampling_round_6/02_sampling/sampling_13/group_7_unrelaxed_rank_001_alphafold2_ptm_model_1_seed_042.pdb,89.8610032362459,0.67232,0.88577,11
/results/PPAC_BACSU/run1/02_hierarchical_m_fold_sampling_2haw/sampling_round_6/02_sampling/sampling_13/group_4_unrelaxed_rank_001_alphafold2_ptm_model_1_seed_042.pdb,91.60275080906145,0.87597,0.67496,11
/results/PPAC_BACSU/run1/02_hierarchical_m_fold_sampling_2haw/sampling_round_6/02_sampling/sampling_13/group_12_unrelaxed_rank_001_alphafold2_ptm_model_1_seed_042.pdb,89.23792880258895,0.92448,0.67228,11
/results/PPAC_BACSU/run1/02_hierarchical_m_fold_sampling_2haw/sampling_round_6/02_sampling/sampling_13/group_5_unrelaxed_rank_001_alphafold2_ptm_model_1_seed_042.pdb,90.87773462783167,0.91211,0.67157,11
/results/PPAC_BACSU/run1/02_hierarchical_m_fold_sampling_2haw/sampling_round_6/02_sampling/sampling_13/group_10_unrelaxed_rank_001_alphafold2_ptm_model_1_seed_042.pdb,90.28951456310678,0.85204,0.6797,11
/results/PPAC_BACSU/run1/02_hierarchical_m_fold_sampling_2haw/sampling_round_6/02_sampling/sampling_13/group_3_unrelaxed_rank_001_alphafold2_ptm_model_1_seed_042.pdb,91.86288025889975,0.87293,0.67903,11
/results/PPAC_BACSU/run1/02_hierarchical_m_fold_sampling_2haw/sampling_round_6/02_sampling/sampling_13/group_9_unrelaxed_rank_001_alphafold2_ptm_model_1_seed_042.pdb,90.90608414239485,0.86496,0.67901,11
/results/PPAC_BACSU/run1/02_hierarchical_m_fold_sampling_2haw/sampling_round_6/02_sampling/sampling_13/group_1_unrelaxed_rank_001_alphafold2_ptm_model_1_seed_042.pdb,91.56310679611649,0.89476,0.67602,11
/results/PPAC_BACSU/run1/02_hierarchical_m_fold_sampling_2haw/sampling_round_6/02_sampling/sampling_13/group_11_unrelaxed_rank_001_alphafold2_ptm_model_1_seed_042.pdb,90.12071197411005,0.86891,0.67665,11
/results/PPAC_BACSU/run1/02_hierarchical_m_fold_sampling_2haw/sampling_round_6/02_sampling/sampling_13/group_2_unrelaxed_rank_001_alphafold2_ptm_model_1_seed_042.pdb,91.14990291262133,0.85659,0.67803,11
/results/PPAC_BACSU/run1/02_hierarchical_m_fold_sampling_2haw/sampling_round_6/02_sampling/sampling_4/group_8_unrelaxed_rank_001_alphafold2_ptm_model_1_seed_042.pdb,89.7044336569579,0.89853,0.67373,11
/results/PPAC_BACSU/run1/02_hierarchical_m_fold_sampling_2haw/sampling_round_6/02_sampling/sampling_4/group_6_unrelaxed_rank_001_alphafold2_ptm_model_1_seed_042.pdb,92.51708737864078,0.8664,0.67932,11
/results/PPAC_BACSU/run1/02_hierarchical_m_fold_sampling_2haw/sampling_round_6/02_sampling/sampling_4/group_13_unrelaxed_rank_001_alphafold2_ptm_model_1_seed_042.pdb,92.01650485436893,0.85463,0.67767,15
/results/PPAC_BACSU/run1/02_hierarchical_m_fold_sampling_2haw/sampling_round_6/02_sampling/sampling_4/group_7_unrelaxed_rank_001_alphafold2_ptm_model_1_seed_042.pdb,89.63977346278325,0.80938,0.68433,11
/results/PPAC_BACSU/run1/02_hierarchical_m_fold_sampling_2haw/sampling_round_6/02_sampling/sampling_4/group_4_unrelaxed_rank_001_alphafold2_ptm_model_1_seed_042.pdb,91.29974110032369,0.86282,0.67991,11
/results/PPAC_BACSU/run1/02_hierarchical_m_fold_sampling_2haw/sampling_round_6/02_sampling/sampling_4/group_12_unrelaxed_rank_001_alphafold2_ptm_model_1_seed_042.pdb,90.58692556634303,0.66843,0.89015,11
/results/PPAC_BACSU/run1/02_hierarchical_m_fold_sampling_2haw/sampling_round_6/02_sampling/sampling_4/group_5_unrelaxed_rank_001_alphafold2_ptm_model_1_seed_042.pdb,90.97666666666673,0.69776,0.81553,11
/results/PPAC_BACSU/run1/02_hierarchical_m_fold_sampling_2haw/sampling_round_6/02_sampling/sampling_4/group_10_unrelaxed_rank_001_alphafold2_ptm_model_1_seed_042.pdb,90.2564077669903,0.84815,0.67972,11
/results/PPAC_BACSU/run1/02_hierarchical_m_fold_sampling_2haw/sampling_round_6/02_sampling/sampling_4/group_3_unrelaxed_rank_001_alphafold2_ptm_model_1_seed_042.pdb,91.37851132686087,0.89982,0.67373,11
/results/PPAC_BACSU/run1/02_hierarchical_m_fold_sampling_2haw/sampling_round_6/02_sampling/sampling_4/group_9_unrelaxed_rank_001_alphafold2_ptm_model_1_seed_042.pdb,86.96152103559871,0.88669,0.66196,11
/results/PPAC_BACSU/run1/02_hierarchical_m_fold_sampling_2haw/sampling_round_6/02_sampling/sampling_4/group_1_unrelaxed_rank_001_alphafold2_ptm_model_1_seed_042.pdb,89.71126213592228,0.88733,0.67879,11
/results/PPAC_BACSU/run1/02_hierarchical_m_fold_sampling_2haw/sampling_round_6/02_sampling/sampling_4/group_11_unrelaxed_rank_001_alphafold2_ptm_model_1_seed_042.pdb,90.5987378640777,0.90312,0.67629,11
/results/PPAC_BACSU/run1/02_hierarchical_m_fold_sampling_2haw/sampling_round_6/02_sampling/sampling_4/group_2_unrelaxed_rank_001_alphafold2_ptm_model_1_seed_042.pdb,91.538284789644,0.88958,0.67546,11
/results/PPAC_BACSU/run1/02_hierarchical_m_fold_sampling_2haw/sampling_round_6/02_sampling/sampling_12/group_8_unrelaxed_rank_001_alphafold2_ptm_model_1_seed_042.pdb,88.92747572815533,0.89413,0.66923,11
/results/PPAC_BACSU/run1/02_hierarchical_m_fold_sampling_2haw/sampling_round_6/02_sampling/sampling_12/group_6_unrelaxed_rank_001_alphafold2_ptm_model_1_seed_042.pdb,91.78087378640777,0.91418,0.67665,11
/results/PPAC_BACSU/run1/02_hierarchical_m_fold_sampling_2haw/sampling_round_6/02_sampling/sampling_12/group_13_unrelaxed_rank_001_alphafold2_ptm_model_1_seed_042.pdb,90.10466019417477,0.80842,0.68377,15
/results/PPAC_BACSU/run1/02_hierarchical_m_fold_sampling_2haw/sampling_round_6/02_sampling/sampling_12/group_7_unrelaxed_rank_001_alphafold2_ptm_model_1_seed_042.pdb,91.13194174757288,0.85516,0.68063,11
/results/PPAC_BACSU/run1/02_hierarchical_m_fold_sampling_2haw/sampling_round_6/02_sampling/sampling_12/group_4_unrelaxed_rank_001_alphafold2_ptm_model_1_seed_042.pdb,90.17453074433664,0.94506,0.67038,11
/results/PPAC_BACSU/run1/02_hierarchical_m_fold_sampling_2haw/sampling_round_6/02_sampling/sampling_12/group_12_unrelaxed_rank_001_alphafold2_ptm_model_1_seed_042.pdb,91.58569579288024,0.88828,0.67641,11
/results/PPAC_BACSU/run1/02_hierarchical_m_fold_sampling_2haw/sampling_round_6/02_sampling/sampling_12/group_5_unrelaxed_rank_001_alphafold2_ptm_model_1_seed_042.pdb,90.41828478964402,0.90289,0.67309,11
/results/PPAC_BACSU/run1/02_hierarchical_m_fold_sampling_2haw/sampling_round_6/02_sampling/sampling_12/group_10_unrelaxed_rank_001_alphafold2_ptm_model_1_seed_042.pdb,88.71239482200652,0.85777,0.67725,11
/results/PPAC_BACSU/run1/02_hierarchical_m_fold_sampling_2haw/sampling_round_6/02_sampling/sampling_12/group_3_unrelaxed_rank_001_alphafold2_ptm_model_1_seed_042.pdb,92.62129449838191,0.83668,0.68154,11
/results/PPAC_BACSU/run1/02_hierarchical_m_fold_sampling_2haw/sampling_round_6/02_sampling/sampling_12/group_9_unrelaxed_rank_001_alphafold2_ptm_model_1_seed_042.pdb,90.62394822006472,0.86508,0.67898,11
/results/PPAC_BACSU/run1/02_hierarchical_m_fold_sampling_2haw/sampling_round_6/02_sampling/sampling_12/group_1_unrelaxed_rank_001_alphafold2_ptm_model_1_seed_042.pdb,89.84000000000012,0.85812,0.68176,11
/results/PPAC_BACSU/run1/02_hierarchical_m_fold_sampling_2haw/sampling_round_6/02_sampling/sampling_12/group_11_unrelaxed_rank_001_alphafold2_ptm_model_1_seed_042.pdb,92.4830420711974,0.67763,0.89047,11
/results/PPAC_BACSU/run1/02_hierarchical_m_fold_sampling_2haw/sampling_round_6/02_sampling/sampling_12/group_2_unrelaxed_rank_001_alphafold2_ptm_model_1_seed_042.pdb,91.60249190938512,0.77044,0.7041,11
/results/PPAC_BACSU/run1/02_hierarchical_m_fold_sampling_2haw/sampling_round_6/02_sampling/sampling_3/group_8_unrelaxed_rank_001_alphafold2_ptm_model_1_seed_042.pdb,90.1267961165048,0.92546,0.6743,11
/results/PPAC_BACSU/run1/02_hierarchical_m_fold_sampling_2haw/sampling_round_6/02_sampling/sampling_3/group_6_unrelaxed_rank_001_alphafold2_ptm_model_1_seed_042.pdb,90.69854368932027,0.93178,0.67205,11
/results/PPAC_BACSU/run1/02_hierarchical_m_fold_sampling_2haw/sampling_round_6/02_sampling/sampling_3/group_13_unrelaxed_rank_001_alphafold2_ptm_model_1_seed_042.pdb,91.05624595469256,0.86552,0.68086,15
/results/PPAC_BACSU/run1/02_hierarchical_m_fold_sampling_2haw/sampling_round_6/02_sampling/sampling_3/group_7_unrelaxed_rank_001_alphafold2_ptm_model_1_seed_042.pdb,90.88598705501626,0.92736,0.6735,11
/results/PPAC_BACSU/run1/02_hierarchical_m_fold_sampling_2haw/sampling_round_6/02_sampling/sampling_3/group_4_unrelaxed_rank_001_alphafold2_ptm_model_1_seed_042.pdb,87.42899676375401,0.919,0.67404,11
/results/PPAC_BACSU/run1/02_hierarchical_m_fold_sampling_2haw/sampling_round_6/02_sampling/sampling_3/group_12_unrelaxed_rank_001_alphafold2_ptm_model_1_seed_042.pdb,90.9961488673139,0.88664,0.67652,11
/results/PPAC_BACSU/run1/02_hierarchical_m_fold_sampling_2haw/sampling_round_6/02_sampling/sampling_3/group_5_unrelaxed_rank_001_alphafold2_ptm_model_1_seed_042.pdb,90.31715210355986,0.90865,0.67589,11
/results/PPAC_BACSU/run1/02_hierarchical_m_fold_sampling_2haw/sampling_round_6/02_sampling/sampling_3/group_10_unrelaxed_rank_001_alphafold2_ptm_model_1_seed_042.pdb,90.7489644012944,0.87845,0.67545,11
/results/PPAC_BACSU/run1/02_hierarchical_m_fold_sampling_2haw/sampling_round_6/02_sampling/sampling_3/group_3_unrelaxed_rank_001_alphafold2_ptm_model_1_seed_042.pdb,90.75155339805822,0.71328,0.75546,11
/results/PPAC_BACSU/run1/02_hierarchical_m_fold_sampling_2haw/sampling_round_6/02_sampling/sampling_3/group_9_unrelaxed_rank_001_alphafold2_ptm_model_1_seed_042.pdb,90.7575728155339,0.83746,0.67655,11
/results/PPAC_BACSU/run1/02_hierarchical_m_fold_sampling_2haw/sampling_round_6/02_sampling/sampling_3/group_1_unrelaxed_rank_001_alphafold2_ptm_model_1_seed_042.pdb,91.09647249190934,0.89965,0.67428,11
/results/PPAC_BACSU/run1/02_hierarchical_m_fold_sampling_2haw/sampling_round_6/02_sampling/sampling_3/group_11_unrelaxed_rank_001_alphafold2_ptm_model_1_seed_042.pdb,91.3667637540453,0.89056,0.67439,11
/results/PPAC_BACSU/run1/02_hierarchical_m_fold_sampling_2haw/sampling_round_6/02_sampling/sampling_3/group_2_unrelaxed_rank_001_alphafold2_ptm_model_1_seed_042.pdb,91.94883495145639,0.88718,0.67505,11
/results/PPAC_BACSU/run1/02_hierarchical_m_fold_sampling_2haw/sampling_round_6/02_sampling/sampling_14/group_8_unrelaxed_rank_001_alphafold2_ptm_model_1_seed_042.pdb,90.8574757281553,0.90295,0.67261,11
/results/PPAC_BACSU/run1/02_hierarchical_m_fold_sampling_2haw/sampling_round_6/02_sampling/sampling_14/group_6_unrelaxed_rank_001_alphafold2_ptm_model_1_seed_042.pdb,89.71637540453085,0.90686,0.67346,11
/results/PPAC_BACSU/run1/02_hierarchical_m_fold_sampling_2haw/sampling_round_6/02_sampling/sampling_14/group_13_unrelaxed_rank_001_alphafold2_ptm_model_1_seed_042.pdb,89.87320388349515,0.76282,0.69604,15
/results/PPAC_BACSU/run1/02_hierarchical_m_fold_sampling_2haw/sampling_round_6/02_sampling/sampling_14/group_7_unrelaxed_rank_001_alphafold2_ptm_model_1_seed_042.pdb,91.39977346278319,0.88422,0.67628,11
/results/PPAC_BACSU/run1/02_hierarchical_m_fold_sampling_2haw/sampling_round_6/02_sampling/sampling_14/group_4_unrelaxed_rank_001_alphafold2_ptm_model_1_seed_042.pdb,90.8443689320389,0.75623,0.70188,11
/results/PPAC_BACSU/run1/02_hierarchical_m_fold_sampling_2haw/sampling_round_6/02_sampling/sampling_14/group_12_unrelaxed_rank_001_alphafold2_ptm_model_1_seed_042.pdb,89.11427184466025,0.7694,0.68969,11
/results/PPAC_BACSU/run1/02_hierarchical_m_fold_sampling_2haw/sampling_round_6/02_sampling/sampling_14/group_5_unrelaxed_rank_001_alphafold2_ptm_model_1_seed_042.pdb,89.52420711974109,0.84765,0.67891,11
/results/PPAC_BACSU/run1/02_hierarchical_m_fold_sampling_2haw/sampling_round_6/02_sampling/sampling_14/group_10_unrelaxed_rank_001_alphafold2_ptm_model_1_seed_042.pdb,91.32750809061488,0.89372,0.67237,11
/results/PPAC_BACSU/run1/02_hierarchical_m_fold_sampling_2haw/sampling_round_6/02_sampling/sampling_14/group_3_unrelaxed_rank_001_alphafold2_ptm_model_1_seed_042.pdb,91.6563754045308,0.92268,0.67618,11
/results/PPAC_BACSU/run1/02_hierarchical_m_fold_sampling_2haw/sampling_round_6/02_sampling/sampling_14/group_9_unrelaxed_rank_001_alphafold2_ptm_model_1_seed_042.pdb,90.53307443365696,0.8994,0.67279,11
/results/PPAC_BACSU/run1/02_hierarchical_m_fold_sampling_2haw/sampling_round_6/02_sampling/sampling_14/group_1_unrelaxed_rank_001_alphafold2_ptm_model_1_seed_042.pdb,91.37669902912623,0.88543,0.67587,11
/results/PPAC_BACSU/run1/02_hierarchical_m_fold_sampling_2haw/sampling_round_6/02_sampling/sampling_14/group_11_unrelaxed_rank_001_alphafold2_ptm_model_1_seed_042.pdb,90.88466019417476,0.88328,0.677,11
/results/PPAC_BACSU/run1/02_hierarchical_m_fold_sampling_2haw/sampling_round_6/02_sampling/sampling_14/group_2_unrelaxed_rank_001_alphafold2_ptm_model_1_seed_042.pdb,90.59750809061484,0.92216,0.67253,11
/results/PPAC_BACSU/run1/02_hierarchical_m_fold_sampling_2haw/sampling_round_20/02_sampling/sampling_10/group_8_unrelaxed_rank_001_alphafold2_ptm_model_1_seed_042.pdb,91.6533656957929,0.65884,0.91955,11
/results/PPAC_BACSU/run1/02_hierarchical_m_fold_sampling_2haw/sampling_round_20/02_sampling/sampling_10/group_6_unrelaxed_rank_001_alphafold2_ptm_model_1_seed_042.pdb,90.22889967637542,0.91742,0.67188,11
/results/PPAC_BACSU/run1/02_hierarchical_m_fold_sampling_2haw/sampling_round_20/02_sampling/sampling_10/group_13_unrelaxed_rank_001_alphafold2_ptm_model_1_seed_042.pdb,91.41699029126217,0.73115,0.71908,15
/results/PPAC_BACSU/run1/02_hierarchical_m_fold_sampling_2haw/sampling_round_20/02_sampling/sampling_10/group_7_unrelaxed_rank_001_alphafold2_ptm_model_1_seed_042.pdb,90.45669902912618,0.8332,0.67788,11
/results/PPAC_BACSU/run1/02_hierarchical_m_fold_sampling_2haw/sampling_round_20/02_sampling/sampling_10/group_4_unrelaxed_rank_001_alphafold2_ptm_model_1_seed_042.pdb,88.80375404530743,0.87433,0.64839,11
/results/PPAC_BACSU/run1/02_hierarchical_m_fold_sampling_2haw/sampling_round_20/02_sampling/sampling_10/group_12_unrelaxed_rank_001_alphafold2_ptm_model_1_seed_042.pdb,90.95543689320387,0.88825,0.67725,11
/results/PPAC_BACSU/run1/02_hierarchical_m_fold_sampling_2haw/sampling_round_20/02_sampling/sampling_10/group_5_unrelaxed_rank_001_alphafold2_ptm_model_1_seed_042.pdb,91.05242718446603,0.89365,0.67379,11
/results/PPAC_BACSU/run1/02_hierarchical_m_fold_sampling_2haw/sampling_round_20/02_sampling/sampling_10/group_10_unrelaxed_rank_001_alphafold2_ptm_model_1_seed_042.pdb,91.17414239482197,0.88009,0.6763,11
/results/PPAC_BACSU/run1/02_hierarchical_m_fold_sampling_2haw/sampling_round_20/02_sampling/sampling_10/group_3_unrelaxed_rank_001_alphafold2_ptm_model_1_seed_042.pdb,90.22187702265364,0.79478,0.68794,11
/results/PPAC_BACSU/run1/02_hierarchical_m_fold_sampling_2haw/sampling_round_20/02_sampling/sampling_10/group_9_unrelaxed_rank_001_alphafold2_ptm_model_1_seed_042.pdb,89.77521035598706,0.88978,0.67341,11
/results/PPAC_BACSU/run1/02_hierarchical_m_fold_sampling_2haw/sampling_round_20/02_sampling/sampling_10/group_1_unrelaxed_rank_001_alphafold2_ptm_model_1_seed_042.pdb,90.51113268608417,0.89823,0.67626,11
/results/PPAC_BACSU/run1/02_hierarchical_m_fold_sampling_2haw/sampling_round_20/02_sampling/sampling_10/group_11_unrelaxed_rank_001_alphafold2_ptm_model_1_seed_042.pdb,89.5524595469256,0.86748,0.67504,11
/results/PPAC_BACSU/run1/02_hierarchical_m_fold_sampling_2haw/sampling_round_20/02_sampling/sampling_10/group_2_unrelaxed_rank_001_alphafold2_ptm_model_1_seed_042.pdb,91.14504854368927,0.89294,0.67538,11
/results/PPAC_BACSU/run1/02_hierarchical_m_fold_sampling_2haw/sampling_round_20/02_sampling/sampling_9/group_8_unrelaxed_rank_001_alphafold2_ptm_model_1_seed_042.pdb,89.97022653721683,0.88324,0.6743,11
/results/PPAC_BACSU/run1/02_hierarchical_m_fold_sampling_2haw/sampling_round_20/02_sampling/sampling_9/group_6_unrelaxed_rank_001_alphafold2_ptm_model_1_seed_042.pdb,90.75524271844658,0.89086,0.67527,11
/results/PPAC_BACSU/run1/02_hierarchical_m_fold_sampling_2haw/sampling_round_20/02_sampling/sampling_9/group_13_unrelaxed_rank_001_alphafold2_ptm_model_1_seed_042.pdb,92.1421035598706,0.85645,0.68068,15
/results/PPAC_BACSU/run1/02_hierarchical_m_fold_sampling_2haw/sampling_round_20/02_sampling/sampling_9/group_7_unrelaxed_rank_001_alphafold2_ptm_model_1_seed_042.pdb,90.23644012944985,0.88668,0.67624,11
/results/PPAC_BACSU/run1/02_hierarchical_m_fold_sampling_2haw/sampling_round_20/02_sampling/sampling_9/group_4_unrelaxed_rank_001_alphafold2_ptm_model_1_seed_042.pdb,88.34977346278319,0.90227,0.67129,11
/results/PPAC_BACSU/run1/02_hierarchical_m_fold_sampling_2haw/sampling_round_20/02_sampling/sampling_9/group_12_unrelaxed_rank_001_alphafold2_ptm_model_1_seed_042.pdb,91.13877022653723,0.89999,0.67176,11
/results/PPAC_BACSU/run1/02_hierarchical_m_fold_sampling_2haw/sampling_round_20/02_sampling/sampling_9/group_5_unrelaxed_rank_001_alphafold2_ptm_model_1_seed_042.pdb,91.01792880258897,0.86927,0.68042,11
/results/PPAC_BACSU/run1/02_hierarchical_m_fold_sampling_2haw/sampling_round_20/02_sampling/sampling_9/group_10_unrelaxed_rank_001_alphafold2_ptm_model_1_seed_042.pdb,90.0321682847896,0.90712,0.67283,11
/results/PPAC_BACSU/run1/02_hierarchical_m_fold_sampling_2haw/sampling_round_20/02_sampling/sampling_9/group_3_unrelaxed_rank_001_alphafold2_ptm_model_1_seed_042.pdb,89.36669902912625,0.83645,0.67992,11
/results/PPAC_BACSU/run1/02_hierarchical_m_fold_sampling_2haw/sampling_round_20/02_sampling/sampling_9/group_9_unrelaxed_rank_001_alphafold2_ptm_model_1_seed_042.pdb,90.63647249190939,0.85946,0.6808,11
/results/PPAC_BACSU/run1/02_hierarchical_m_fold_sampling_2haw/sampling_round_20/02_sampling/sampling_9/group_1_unrelaxed_rank_001_alphafold2_ptm_model_1_seed_042.pdb,88.13064724919093,0.78995,0.68151,11
/results/PPAC_BACSU/run1/02_hierarchical_m_fold_sampling_2haw/sampling_round_20/02_sampling/sampling_9/group_11_unrelaxed_rank_001_alphafold2_ptm_model_1_seed_042.pdb,90.19576051779934,0.89077,0.67359,11
/results/PPAC_BACSU/run1/02_hierarchical_m_fold_sampling_2haw/sampling_round_20/02_sampling/sampling_9/group_2_unrelaxed_rank_001_alphafold2_ptm_model_1_seed_042.pdb,91.3323948220065,0.8647,0.67902,11
/results/PPAC_BACSU/run1/02_hierarchical_m_fold_sampling_2haw/sampling_round_20/02_sampling/sampling_6/group_8_unrelaxed_rank_001_alphafold2_ptm_model_1_seed_042.pdb,89.50255663430416,0.82831,0.67471,11
/results/PPAC_BACSU/run1/02_hierarchical_m_fold_sampling_2haw/sampling_round_20/02_sampling/sampling_6/group_6_unrelaxed_rank_001_alphafold2_ptm_model_1_seed_042.pdb,89.7980906148867,0.89901,0.67349,11
/results/PPAC_BACSU/run1/02_hierarchical_m_fold_sampling_2haw/sampling_round_20/02_sampling/sampling_6/group_13_unrelaxed_rank_001_alphafold2_ptm_model_1_seed_042.pdb,91.42080906148867,0.87204,0.67336,15
/results/PPAC_BACSU/run1/02_hierarchical_m_fold_sampling_2haw/sampling_round_20/02_sampling/sampling_6/group_7_unrelaxed_rank_001_alphafold2_ptm_model_1_seed_042.pdb,90.36967637540448,0.88825,0.67273,11
/results/PPAC_BACSU/run1/02_hierarchical_m_fold_sampling_2haw/sampling_round_20/02_sampling/sampling_6/group_4_unrelaxed_rank_001_alphafold2_ptm_model_1_seed_042.pdb,88.7942071197411,0.89946,0.67171,11
/results/PPAC_BACSU/run1/02_hierarchical_m_fold_sampling_2haw/sampling_round_20/02_sampling/sampling_6/group_12_unrelaxed_rank_001_alphafold2_ptm_model_1_seed_042.pdb,89.93737864077669,0.89467,0.67467,11
/results/PPAC_BACSU/run1/02_hierarchical_m_fold_sampling_2haw/sampling_round_20/02_sampling/sampling_6/group_5_unrelaxed_rank_001_alphafold2_ptm_model_1_seed_042.pdb,91.46504854368929,0.841,0.679,11
/results/PPAC_BACSU/run1/02_hierarchical_m_fold_sampling_2haw/sampling_round_20/02_sampling/sampling_6/group_10_unrelaxed_rank_001_alphafold2_ptm_model_1_seed_042.pdb,90.15048543689323,0.82121,0.67595,11
/results/PPAC_BACSU/run1/02_hierarchical_m_fold_sampling_2haw/sampling_round_20/02_sampling/sampling_6/group_3_unrelaxed_rank_001_alphafold2_ptm_model_1_seed_042.pdb,91.03650485436897,0.67651,0.87133,11
/results/PPAC_BACSU/run1/02_hierarchical_m_fold_sampling_2haw/sampling_round_20/02_sampling/sampling_6/group_9_unrelaxed_rank_001_alphafold2_ptm_model_1_seed_042.pdb,88.78482200647248,0.77374,0.69764,11
/results/PPAC_BACSU/run1/02_hierarchical_m_fold_sampling_2haw/sampling_round_20/02_sampling/sampling_6/group_1_unrelaxed_rank_001_alphafold2_ptm_model_1_seed_042.pdb,89.13135922330103,0.89864,0.67172,11
/results/PPAC_BACSU/run1/02_hierarchical_m_fold_sampling_2haw/sampling_round_20/02_sampling/sampling_6/group_11_unrelaxed_rank_001_alphafold2_ptm_model_1_seed_042.pdb,90.60718446601946,0.88619,0.67775,11
/results/PPAC_BACSU/run1/02_hierarchical_m_fold_sampling_2haw/sampling_round_20/02_sampling/sampling_6/group_2_unrelaxed_rank_001_alphafold2_ptm_model_1_seed_042.pdb,90.81508090614885,0.88253,0.67687,11
/results/PPAC_BACSU/run1/02_hierarchical_m_fold_sampling_2haw/sampling_round_20/02_sampling/sampling_1/group_8_unrelaxed_rank_001_alphafold2_ptm_model_1_seed_042.pdb,91.84310679611654,0.82358,0.67785,11
/results/PPAC_BACSU/run1/02_hierarchical_m_fold_sampling_2haw/sampling_round_20/02_sampling/sampling_1/group_6_unrelaxed_rank_001_alphafold2_ptm_model_1_seed_042.pdb,91.75766990291265,0.87148,0.67765,11
/results/PPAC_BACSU/run1/02_hierarchical_m_fold_sampling_2haw/sampling_round_20/02_sampling/sampling_1/group_13_unrelaxed_rank_001_alphafold2_ptm_model_1_seed_042.pdb,90.99466019417484,0.90289,0.67578,15
/results/PPAC_BACSU/run1/02_hierarchical_m_fold_sampling_2haw/sampling_round_20/02_sampling/sampling_1/group_7_unrelaxed_rank_001_alphafold2_ptm_model_1_seed_042.pdb,92.15330097087384,0.90564,0.67053,11
/results/PPAC_BACSU/run1/02_hierarchical_m_fold_sampling_2haw/sampling_round_20/02_sampling/sampling_1/group_4_unrelaxed_rank_001_alphafold2_ptm_model_1_seed_042.pdb,91.00582524271839,0.91552,0.6741,11
/results/PPAC_BACSU/run1/02_hierarchical_m_fold_sampling_2haw/sampling_round_20/02_sampling/sampling_1/group_12_unrelaxed_rank_001_alphafold2_ptm_model_1_seed_042.pdb,88.25025889967633,0.86788,0.67687,11
/results/PPAC_BACSU/run1/02_hierarchical_m_fold_sampling_2haw/sampling_round_20/02_sampling/sampling_1/group_5_unrelaxed_rank_001_alphafold2_ptm_model_1_seed_042.pdb,90.18812297734624,0.86782,0.68049,11
/results/PPAC_BACSU/run1/02_hierarchical_m_fold_sampling_2haw/sampling_round_20/02_sampling/sampling_1/group_10_unrelaxed_rank_001_alphafold2_ptm_model_1_seed_042.pdb,91.80792880258896,0.87977,0.67302,11
/results/PPAC_BACSU/run1/02_hierarchical_m_fold_sampling_2haw/sampling_round_20/02_sampling/sampling_1/group_3_unrelaxed_rank_001_alphafold2_ptm_model_1_seed_042.pdb,90.5085113268608,0.89105,0.67416,11
/results/PPAC_BACSU/run1/02_hierarchical_m_fold_sampling_2haw/sampling_round_20/02_sampling/sampling_1/group_9_unrelaxed_rank_001_alphafold2_ptm_model_1_seed_042.pdb,91.01834951456308,0.78229,0.69022,11
/results/PPAC_BACSU/run1/02_hierarchical_m_fold_sampling_2haw/sampling_round_20/02_sampling/sampling_1/group_1_unrelaxed_rank_001_alphafold2_ptm_model_1_seed_042.pdb,88.86747572815527,0.86727,0.67386,11
/results/PPAC_BACSU/run1/02_hierarchical_m_fold_sampling_2haw/sampling_round_20/02_sampling/sampling_1/group_11_unrelaxed_rank_001_alphafold2_ptm_model_1_seed_042.pdb,90.30886731391583,0.89644,0.6744,11
/results/PPAC_BACSU/run1/02_hierarchical_m_fold_sampling_2haw/sampling_round_20/02_sampling/sampling_1/group_2_unrelaxed_rank_001_alphafold2_ptm_model_1_seed_042.pdb,88.11893203883503,0.8643,0.67753,11
/results/PPAC_BACSU/run1/02_hierarchical_m_fold_sampling_2haw/sampling_round_20/02_sampling/sampling_5/group_8_unrelaxed_rank_001_alphafold2_ptm_model_1_seed_042.pdb,91.78391585760512,0.901,0.67538,11
/results/PPAC_BACSU/run1/02_hierarchical_m_fold_sampling_2haw/sampling_round_20/02_sampling/sampling_5/group_6_unrelaxed_rank_001_alphafold2_ptm_model_1_seed_042.pdb,89.89106796116508,0.85883,0.67069,11
/results/PPAC_BACSU/run1/02_hierarchical_m_fold_sampling_2haw/sampling_round_20/02_sampling/sampling_5/group_13_unrelaxed_rank_001_alphafold2_ptm_model_1_seed_042.pdb,90.8736569579288,0.88629,0.67243,15
/results/PPAC_BACSU/run1/02_hierarchical_m_fold_sampling_2haw/sampling_round_20/02_sampling/sampling_5/group_7_unrelaxed_rank_001_alphafold2_ptm_model_1_seed_042.pdb,91.06883495145637,0.89569,0.67551,11
/results/PPAC_BACSU/run1/02_hierarchical_m_fold_sampling_2haw/sampling_round_20/02_sampling/sampling_5/group_4_unrelaxed_rank_001_alphafold2_ptm_model_1_seed_042.pdb,90.53058252427186,0.88556,0.67651,11
/results/PPAC_BACSU/run1/02_hierarchical_m_fold_sampling_2haw/sampling_round_20/02_sampling/sampling_5/group_12_unrelaxed_rank_001_alphafold2_ptm_model_1_seed_042.pdb,89.25194174757283,0.79743,0.68446,11
/results/PPAC_BACSU/run1/02_hierarchical_m_fold_sampling_2haw/sampling_round_20/02_sampling/sampling_5/group_5_unrelaxed_rank_001_alphafold2_ptm_model_1_seed_042.pdb,90.70291262135915,0.82099,0.67715,11
/results/PPAC_BACSU/run1/02_hierarchical_m_fold_sampling_2haw/sampling_round_20/02_sampling/sampling_5/group_10_unrelaxed_rank_001_alphafold2_ptm_model_1_seed_042.pdb,90.75313915857606,0.83708,0.67898,11
/results/PPAC_BACSU/run1/02_hierarchical_m_fold_sampling_2haw/sampling_round_20/02_sampling/sampling_5/group_3_unrelaxed_rank_001_alphafold2_ptm_model_1_seed_042.pdb,91.0199352750809,0.90218,0.6747,11
/results/PPAC_BACSU/run1/02_hierarchical_m_fold_sampling_2haw/sampling_round_20/02_sampling/sampling_5/group_9_unrelaxed_rank_001_alphafold2_ptm_model_1_seed_042.pdb,89.59423948220062,0.82852,0.67319,11
/results/PPAC_BACSU/run1/02_hierarchical_m_fold_sampling_2haw/sampling_round_20/02_sampling/sampling_5/group_1_unrelaxed_rank_001_alphafold2_ptm_model_1_seed_042.pdb,89.51375404530744,0.90555,0.67059,11
/results/PPAC_BACSU/run1/02_hierarchical_m_fold_sampling_2haw/sampling_round_20/02_sampling/sampling_5/group_11_unrelaxed_rank_001_alphafold2_ptm_model_1_seed_042.pdb,91.25993527508099,0.83981,0.67805,11
/results/PPAC_BACSU/run1/02_hierarchical_m_fold_sampling_2haw/sampling_round_20/02_sampling/sampling_5/group_2_unrelaxed_rank_001_alphafold2_ptm_model_1_seed_042.pdb,90.43440129449839,0.90668,0.67027,11
/results/PPAC_BACSU/run1/02_hierarchical_m_fold_sampling_2haw/sampling_round_20/02_sampling/sampling_8/group_8_unrelaxed_rank_001_alphafold2_ptm_model_1_seed_042.pdb,91.53061488673144,0.66002,0.91952,11
/results/PPAC_BACSU/run1/02_hierarchical_m_fold_sampling_2haw/sampling_round_20/02_sampling/sampling_8/group_6_unrelaxed_rank_001_alphafold2_ptm_model_1_seed_042.pdb,91.6294822006473,0.91156,0.67723,11
/results/PPAC_BACSU/run1/02_hierarchical_m_fold_sampling_2haw/sampling_round_20/02_sampling/sampling_8/group_13_unrelaxed_rank_001_alphafold2_ptm_model_1_seed_042.pdb,90.29145631067958,0.8197,0.68194,15
/results/PPAC_BACSU/run1/02_hierarchical_m_fold_sampling_2haw/sampling_round_20/02_sampling/sampling_8/group_7_unrelaxed_rank_001_alphafold2_ptm_model_1_seed_042.pdb,90.46689320388357,0.94386,0.67306,11
/results/PPAC_BACSU/run1/02_hierarchical_m_fold_sampling_2haw/sampling_round_20/02_sampling/sampling_8/group_4_unrelaxed_rank_001_alphafold2_ptm_model_1_seed_042.pdb,91.19495145631066,0.87933,0.67762,11
/results/PPAC_BACSU/run1/02_hierarchical_m_fold_sampling_2haw/sampling_round_20/02_sampling/sampling_8/group_12_unrelaxed_rank_001_alphafold2_ptm_model_1_seed_042.pdb,91.11271844660195,0.85171,0.67706,11
/results/PPAC_BACSU/run1/02_hierarchical_m_fold_sampling_2haw/sampling_round_20/02_sampling/sampling_8/group_5_unrelaxed_rank_001_alphafold2_ptm_model_1_seed_042.pdb,89.88365695792885,0.74069,0.71328,11
/results/PPAC_BACSU/run1/02_hierarchical_m_fold_sampling_2haw/sampling_round_20/02_sampling/sampling_8/group_10_unrelaxed_rank_001_alphafold2_ptm_model_1_seed_042.pdb,90.26899676375405,0.86972,0.67628,11
/results/PPAC_BACSU/run1/02_hierarchical_m_fold_sampling_2haw/sampling_round_20/02_sampling/sampling_8/group_3_unrelaxed_rank_001_alphafold2_ptm_model_1_seed_042.pdb,90.54566343042075,0.7938,0.68567,11
/results/PPAC_BACSU/run1/02_hierarchical_m_fold_sampling_2haw/sampling_round_20/02_sampling/sampling_8/group_9_unrelaxed_rank_001_alphafold2_ptm_model_1_seed_042.pdb,91.13951456310681,0.87038,0.67742,11
/results/PPAC_BACSU/run1/02_hierarchical_m_fold_sampling_2haw/sampling_round_20/02_sampling/sampling_8/group_1_unrelaxed_rank_001_alphafold2_ptm_model_1_seed_042.pdb,91.90281553398066,0.84862,0.67967,11
/results/PPAC_BACSU/run1/02_hierarchical_m_fold_sampling_2haw/sampling_round_20/02_sampling/sampling_8/group_11_unrelaxed_rank_001_alphafold2_ptm_model_1_seed_042.pdb,90.41702265372165,0.86872,0.67668,11
/results/PPAC_BACSU/run1/02_hierarchical_m_fold_sampling_2haw/sampling_round_20/02_sampling/sampling_8/group_2_unrelaxed_rank_001_alphafold2_ptm_model_1_seed_042.pdb,89.46640776699032,0.8837,0.67702,11
/results/PPAC_BACSU/run1/02_hierarchical_m_fold_sampling_2haw/sampling_round_20/02_sampling/sampling_7/group_8_unrelaxed_rank_001_alphafold2_ptm_model_1_seed_042.pdb,90.99203883495143,0.89353,0.67441,11
/results/PPAC_BACSU/run1/02_hierarchical_m_fold_sampling_2haw/sampling_round_20/02_sampling/sampling_7/group_6_unrelaxed_rank_001_alphafold2_ptm_model_1_seed_042.pdb,90.26889967637536,0.85421,0.68232,11
/results/PPAC_BACSU/run1/02_hierarchical_m_fold_sampling_2haw/sampling_round_20/02_sampling/sampling_7/group_13_unrelaxed_rank_001_alphafold2_ptm_model_1_seed_042.pdb,92.19349514563102,0.90545,0.67467,15
/results/PPAC_BACSU/run1/02_hierarchical_m_fold_sampling_2haw/sampling_round_20/02_sampling/sampling_7/group_7_unrelaxed_rank_001_alphafold2_ptm_model_1_seed_042.pdb,90.66171521035605,0.71687,0.73615,11
/results/PPAC_BACSU/run1/02_hierarchical_m_fold_sampling_2haw/sampling_round_20/02_sampling/sampling_7/group_4_unrelaxed_rank_001_alphafold2_ptm_model_1_seed_042.pdb,91.77922330097086,0.80615,0.68733,11
/results/PPAC_BACSU/run1/02_hierarchical_m_fold_sampling_2haw/sampling_round_20/02_sampling/sampling_7/group_12_unrelaxed_rank_001_alphafold2_ptm_model_1_seed_042.pdb,90.64116504854367,0.86404,0.68163,11
/results/PPAC_BACSU/run1/02_hierarchical_m_fold_sampling_2haw/sampling_round_20/02_sampling/sampling_7/group_5_unrelaxed_rank_001_alphafold2_ptm_model_1_seed_042.pdb,90.25601941747574,0.87602,0.67508,11
/results/PPAC_BACSU/run1/02_hierarchical_m_fold_sampling_2haw/sampling_round_20/02_sampling/sampling_7/group_10_unrelaxed_rank_001_alphafold2_ptm_model_1_seed_042.pdb,87.36365695792882,0.88137,0.67608,11
/results/PPAC_BACSU/run1/02_hierarchical_m_fold_sampling_2haw/sampling_round_20/02_sampling/sampling_7/group_3_unrelaxed_rank_001_alphafold2_ptm_model_1_seed_042.pdb,92.01779935275077,0.89395,0.66936,11
/results/PPAC_BACSU/run1/02_hierarchical_m_fold_sampling_2haw/sampling_round_20/02_sampling/sampling_7/group_9_unrelaxed_rank_001_alphafold2_ptm_model_1_seed_042.pdb,91.58792880258898,0.88701,0.67621,11
/results/PPAC_BACSU/run1/02_hierarchical_m_fold_sampling_2haw/sampling_round_20/02_sampling/sampling_7/group_1_unrelaxed_rank_001_alphafold2_ptm_model_1_seed_042.pdb,89.31576051779936,0.88329,0.67488,11
/results/PPAC_BACSU/run1/02_hierarchical_m_fold_sampling_2haw/sampling_round_20/02_sampling/sampling_7/group_11_unrelaxed_rank_001_alphafold2_ptm_model_1_seed_042.pdb,90.47624595469263,0.85047,0.68105,11
/results/PPAC_BACSU/run1/02_hierarchical_m_fold_sampling_2haw/sampling_round_20/02_sampling/sampling_7/group_2_unrelaxed_rank_001_alphafold2_ptm_model_1_seed_042.pdb,91.32165048543692,0.88004,0.67713,11
/results/PPAC_BACSU/run1/02_hierarchical_m_fold_sampling_2haw/sampling_round_20/02_sampling/sampling_2/group_8_unrelaxed_rank_001_alphafold2_ptm_model_1_seed_042.pdb,91.67255663430419,0.89547,0.67358,11
/results/PPAC_BACSU/run1/02_hierarchical_m_fold_sampling_2haw/sampling_round_20/02_sampling/sampling_2/group_6_unrelaxed_rank_001_alphafold2_ptm_model_1_seed_042.pdb,91.76300970873793,0.75027,0.70974,11
/results/PPAC_BACSU/run1/02_hierarchical_m_fold_sampling_2haw/sampling_round_20/02_sampling/sampling_2/group_13_unrelaxed_rank_001_alphafold2_ptm_model_1_seed_042.pdb,91.83673139158584,0.8647,0.68095,15
/results/PPAC_BACSU/run1/02_hierarchical_m_fold_sampling_2haw/sampling_round_20/02_sampling/sampling_2/group_7_unrelaxed_rank_001_alphafold2_ptm_model_1_seed_042.pdb,91.25572815533985,0.89981,0.67404,11
/results/PPAC_BACSU/run1/02_hierarchical_m_fold_sampling_2haw/sampling_round_20/02_sampling/sampling_2/group_4_unrelaxed_rank_001_alphafold2_ptm_model_1_seed_042.pdb,89.4413592233009,0.85662,0.67784,11
/results/PPAC_BACSU/run1/02_hierarchical_m_fold_sampling_2haw/sampling_round_20/02_sampling/sampling_2/group_12_unrelaxed_rank_001_alphafold2_ptm_model_1_seed_042.pdb,89.00585760517791,0.89952,0.67145,11
/results/PPAC_BACSU/run1/02_hierarchical_m_fold_sampling_2haw/sampling_round_20/02_sampling/sampling_2/group_5_unrelaxed_rank_001_alphafold2_ptm_model_1_seed_042.pdb,92.49783171521044,0.86883,0.68066,11
/results/PPAC_BACSU/run1/02_hierarchical_m_fold_sampling_2haw/sampling_round_20/02_sampling/sampling_2/group_10_unrelaxed_rank_001_alphafold2_ptm_model_1_seed_042.pdb,89.9573139158576,0.80917,0.68579,11
/results/PPAC_BACSU/run1/02_hierarchical_m_fold_sampling_2haw/sampling_round_20/02_sampling/sampling_2/group_3_unrelaxed_rank_001_alphafold2_ptm_model_1_seed_042.pdb,89.78915857605169,0.89773,0.67222,11
/results/PPAC_BACSU/run1/02_hierarchical_m_fold_sampling_2haw/sampling_round_20/02_sampling/sampling_2/group_9_unrelaxed_rank_001_alphafold2_ptm_model_1_seed_042.pdb,91.05462783171524,0.66296,0.90526,11
/results/PPAC_BACSU/run1/02_hierarchical_m_fold_sampling_2haw/sampling_round_20/02_sampling/sampling_2/group_1_unrelaxed_rank_001_alphafold2_ptm_model_1_seed_042.pdb,91.02770226537223,0.89546,0.67661,11
/results/PPAC_BACSU/run1/02_hierarchical_m_fold_sampling_2haw/sampling_round_20/02_sampling/sampling_2/group_11_unrelaxed_rank_001_alphafold2_ptm_model_1_seed_042.pdb,91.47446601941752,0.66279,0.90226,11
/results/PPAC_BACSU/run1/02_hierarchical_m_fold_sampling_2haw/sampling_round_20/02_sampling/sampling_2/group_2_unrelaxed_rank_001_alphafold2_ptm_model_1_seed_042.pdb,90.88152103559864,0.88698,0.67137,11
/results/PPAC_BACSU/run1/02_hierarchical_m_fold_sampling_2haw/sampling_round_20/02_sampling/sampling_11/group_8_unrelaxed_rank_001_alphafold2_ptm_model_1_seed_042.pdb,90.77621359223305,0.87765,0.67854,11
/results/PPAC_BACSU/run1/02_hierarchical_m_fold_sampling_2haw/sampling_round_20/02_sampling/sampling_11/group_6_unrelaxed_rank_001_alphafold2_ptm_model_1_seed_042.pdb,91.65165048543692,0.90457,0.6744,11
/results/PPAC_BACSU/run1/02_hierarchical_m_fold_sampling_2haw/sampling_round_20/02_sampling/sampling_11/group_13_unrelaxed_rank_001_alphafold2_ptm_model_1_seed_042.pdb,91.93912621359223,0.89107,0.67303,15
/results/PPAC_BACSU/run1/02_hierarchical_m_fold_sampling_2haw/sampling_round_20/02_sampling/sampling_11/group_7_unrelaxed_rank_001_alphafold2_ptm_model_1_seed_042.pdb,89.59928802588992,0.87469,0.67656,11
/results/PPAC_BACSU/run1/02_hierarchical_m_fold_sampling_2haw/sampling_round_20/02_sampling/sampling_11/group_4_unrelaxed_rank_001_alphafold2_ptm_model_1_seed_042.pdb,91.02834951456303,0.67434,0.88251,11
/results/PPAC_BACSU/run1/02_hierarchical_m_fold_sampling_2haw/sampling_round_20/02_sampling/sampling_11/group_12_unrelaxed_rank_001_alphafold2_ptm_model_1_seed_042.pdb,89.85320388349513,0.85636,0.67629,11
/results/PPAC_BACSU/run1/02_hierarchical_m_fold_sampling_2haw/sampling_round_20/02_sampling/sampling_11/group_5_unrelaxed_rank_001_alphafold2_ptm_model_1_seed_042.pdb,90.26935275080902,0.88824,0.67763,11
/results/PPAC_BACSU/run1/02_hierarchical_m_fold_sampling_2haw/sampling_round_20/02_sampling/sampling_11/group_10_unrelaxed_rank_001_alphafold2_ptm_model_1_seed_042.pdb,91.18974110032364,0.87007,0.67909,11
/results/PPAC_BACSU/run1/02_hierarchical_m_fold_sampling_2haw/sampling_round_20/02_sampling/sampling_11/group_3_unrelaxed_rank_001_alphafold2_ptm_model_1_seed_042.pdb,92.93029126213597,0.87958,0.67539,11
/results/PPAC_BACSU/run1/02_hierarchical_m_fold_sampling_2haw/sampling_round_20/02_sampling/sampling_11/group_9_unrelaxed_rank_001_alphafold2_ptm_model_1_seed_042.pdb,91.48556634304207,0.87476,0.67801,11
/results/PPAC_BACSU/run1/02_hierarchical_m_fold_sampling_2haw/sampling_round_20/02_sampling/sampling_11/group_1_unrelaxed_rank_001_alphafold2_ptm_model_1_seed_042.pdb,91.0434951456311,0.90486,0.67325,11
/results/PPAC_BACSU/run1/02_hierarchical_m_fold_sampling_2haw/sampling_round_20/02_sampling/sampling_11/group_11_unrelaxed_rank_001_alphafold2_ptm_model_1_seed_042.pdb,91.05343042071188,0.81976,0.68857,11
/results/PPAC_BACSU/run1/02_hierarchical_m_fold_sampling_2haw/sampling_round_20/02_sampling/sampling_11/group_2_unrelaxed_rank_001_alphafold2_ptm_model_1_seed_042.pdb,88.31236245954693,0.77564,0.68982,11
/results/PPAC_BACSU/run1/02_hierarchical_m_fold_sampling_2haw/sampling_round_20/02_sampling/sampling_13/group_8_unrelaxed_rank_001_alphafold2_ptm_model_1_seed_042.pdb,90.76122977346279,0.87362,0.6798,11
/results/PPAC_BACSU/run1/02_hierarchical_m_fold_sampling_2haw/sampling_round_20/02_sampling/sampling_13/group_6_unrelaxed_rank_001_alphafold2_ptm_model_1_seed_042.pdb,89.30686084142393,0.875,0.67289,11
/results/PPAC_BACSU/run1/02_hierarchical_m_fold_sampling_2haw/sampling_round_20/02_sampling/sampling_13/group_13_unrelaxed_rank_001_alphafold2_ptm_model_1_seed_042.pdb,92.06699029126217,0.85809,0.68064,12
/results/PPAC_BACSU/run1/02_hierarchical_m_fold_sampling_2haw/sampling_round_20/02_sampling/sampling_13/group_7_unrelaxed_rank_001_alphafold2_ptm_model_1_seed_042.pdb,91.67106796116508,0.83186,0.68091,11
/results/PPAC_BACSU/run1/02_hierarchical_m_fold_sampling_2haw/sampling_round_20/02_sampling/sampling_13/group_4_unrelaxed_rank_001_alphafold2_ptm_model_1_seed_042.pdb,91.50517799352755,0.89907,0.67308,11
/results/PPAC_BACSU/run1/02_hierarchical_m_fold_sampling_2haw/sampling_round_20/02_sampling/sampling_13/group_12_unrelaxed_rank_001_alphafold2_ptm_model_1_seed_042.pdb,91.02750809061487,0.8815,0.67649,11
/results/PPAC_BACSU/run1/02_hierarchical_m_fold_sampling_2haw/sampling_round_20/02_sampling/sampling_13/group_5_unrelaxed_rank_001_alphafold2_ptm_model_1_seed_042.pdb,89.2709708737864,0.69347,0.78398,11
/results/PPAC_BACSU/run1/02_hierarchical_m_fold_sampling_2haw/sampling_round_20/02_sampling/sampling_13/group_10_unrelaxed_rank_001_alphafold2_ptm_model_1_seed_042.pdb,91.35012944983818,0.87274,0.68173,11
/results/PPAC_BACSU/run1/02_hierarchical_m_fold_sampling_2haw/sampling_round_20/02_sampling/sampling_13/group_3_unrelaxed_rank_001_alphafold2_ptm_model_1_seed_042.pdb,90.94896440129449,0.89211,0.67459,11
/results/PPAC_BACSU/run1/02_hierarchical_m_fold_sampling_2haw/sampling_round_20/02_sampling/sampling_13/group_9_unrelaxed_rank_001_alphafold2_ptm_model_1_seed_042.pdb,90.09686084142393,0.8948,0.67422,11
/results/PPAC_BACSU/run1/02_hierarchical_m_fold_sampling_2haw/sampling_round_20/02_sampling/sampling_13/group_1_unrelaxed_rank_001_alphafold2_ptm_model_1_seed_042.pdb,89.97605177993528,0.91229,0.67093,11
/results/PPAC_BACSU/run1/02_hierarchical_m_fold_sampling_2haw/sampling_round_20/02_sampling/sampling_13/group_11_unrelaxed_rank_001_alphafold2_ptm_model_1_seed_042.pdb,90.64508090614893,0.88671,0.67326,11
/results/PPAC_BACSU/run1/02_hierarchical_m_fold_sampling_2haw/sampling_round_20/02_sampling/sampling_13/group_2_unrelaxed_rank_001_alphafold2_ptm_model_1_seed_042.pdb,89.05404530744336,0.88419,0.67439,11
/results/PPAC_BACSU/run1/02_hierarchical_m_fold_sampling_2haw/sampling_round_20/02_sampling/sampling_4/group_8_unrelaxed_rank_001_alphafold2_ptm_model_1_seed_042.pdb,90.52336569579286,0.67672,0.86406,11
/results/PPAC_BACSU/run1/02_hierarchical_m_fold_sampling_2haw/sampling_round_20/02_sampling/sampling_4/group_6_unrelaxed_rank_001_alphafold2_ptm_model_1_seed_042.pdb,91.12987055016181,0.86129,0.67865,11
/results/PPAC_BACSU/run1/02_hierarchical_m_fold_sampling_2haw/sampling_round_20/02_sampling/sampling_4/group_13_unrelaxed_rank_001_alphafold2_ptm_model_1_seed_042.pdb,91.04359223300965,0.8936,0.67532,15
/results/PPAC_BACSU/run1/02_hierarchical_m_fold_sampling_2haw/sampling_round_20/02_sampling/sampling_4/group_7_unrelaxed_rank_001_alphafold2_ptm_model_1_seed_042.pdb,89.54893203883499,0.8989,0.67083,11
/results/PPAC_BACSU/run1/02_hierarchical_m_fold_sampling_2haw/sampling_round_20/02_sampling/sampling_4/group_4_unrelaxed_rank_001_alphafold2_ptm_model_1_seed_042.pdb,91.59812297734634,0.90555,0.67507,11
/results/PPAC_BACSU/run1/02_hierarchical_m_fold_sampling_2haw/sampling_round_20/02_sampling/sampling_4/group_12_unrelaxed_rank_001_alphafold2_ptm_model_1_seed_042.pdb,90.86491909385116,0.86845,0.68045,11
/results/PPAC_BACSU/run1/02_hierarchical_m_fold_sampling_2haw/sampling_round_20/02_sampling/sampling_4/group_5_unrelaxed_rank_001_alphafold2_ptm_model_1_seed_042.pdb,90.50517799352752,0.91628,0.67359,11
/results/PPAC_BACSU/run1/02_hierarchical_m_fold_sampling_2haw/sampling_round_20/02_sampling/sampling_4/group_10_unrelaxed_rank_001_alphafold2_ptm_model_1_seed_042.pdb,91.00919093851131,0.89683,0.6733,11
/results/PPAC_BACSU/run1/02_hierarchical_m_fold_sampling_2haw/sampling_round_20/02_sampling/sampling_4/group_3_unrelaxed_rank_001_alphafold2_ptm_model_1_seed_042.pdb,89.02909385113267,0.8148,0.68745,11
/results/PPAC_BACSU/run1/02_hierarchical_m_fold_sampling_2haw/sampling_round_20/02_sampling/sampling_4/group_9_unrelaxed_rank_001_alphafold2_ptm_model_1_seed_042.pdb,91.45524271844668,0.7423,0.71305,11
/results/PPAC_BACSU/run1/02_hierarchical_m_fold_sampling_2haw/sampling_round_20/02_sampling/sampling_4/group_1_unrelaxed_rank_001_alphafold2_ptm_model_1_seed_042.pdb,91.1665695792881,0.86171,0.67805,11
/results/PPAC_BACSU/run1/02_hierarchical_m_fold_sampling_2haw/sampling_round_20/02_sampling/sampling_4/group_11_unrelaxed_rank_001_alphafold2_ptm_model_1_seed_042.pdb,92.21621359223306,0.85316,0.67894,11
/results/PPAC_BACSU/run1/02_hierarchical_m_fold_sampling_2haw/sampling_round_20/02_sampling/sampling_4/group_2_unrelaxed_rank_001_alphafold2_ptm_model_1_seed_042.pdb,90.4846278317152,0.8511,0.67886,11
/results/PPAC_BACSU/run1/02_hierarchical_m_fold_sampling_2haw/sampling_round_20/02_sampling/sampling_12/group_8_unrelaxed_rank_001_alphafold2_ptm_model_1_seed_042.pdb,91.04627831715206,0.88723,0.67612,11
/results/PPAC_BACSU/run1/02_hierarchical_m_fold_sampling_2haw/sampling_round_20/02_sampling/sampling_12/group_6_unrelaxed_rank_001_alphafold2_ptm_model_1_seed_042.pdb,92.03443365695783,0.65991,0.91801,11
/results/PPAC_BACSU/run1/02_hierarchical_m_fold_sampling_2haw/sampling_round_20/02_sampling/sampling_12/group_13_unrelaxed_rank_001_alphafold2_ptm_model_1_seed_042.pdb,91.60336569579292,0.73965,0.72082,15
/results/PPAC_BACSU/run1/02_hierarchical_m_fold_sampling_2haw/sampling_round_20/02_sampling/sampling_12/group_7_unrelaxed_rank_001_alphafold2_ptm_model_1_seed_042.pdb,90.4781553398058,0.87367,0.67717,11
/results/PPAC_BACSU/run1/02_hierarchical_m_fold_sampling_2haw/sampling_round_20/02_sampling/sampling_12/group_4_unrelaxed_rank_001_alphafold2_ptm_model_1_seed_042.pdb,89.69566343042068,0.89994,0.67198,11
/results/PPAC_BACSU/run1/02_hierarchical_m_fold_sampling_2haw/sampling_round_20/02_sampling/sampling_12/group_12_unrelaxed_rank_001_alphafold2_ptm_model_1_seed_042.pdb,90.02896440129447,0.9011,0.67452,11
/results/PPAC_BACSU/run1/02_hierarchical_m_fold_sampling_2haw/sampling_round_20/02_sampling/sampling_12/group_5_unrelaxed_rank_001_alphafold2_ptm_model_1_seed_042.pdb,90.73236245954692,0.92234,0.67293,11
/results/PPAC_BACSU/run1/02_hierarchical_m_fold_sampling_2haw/sampling_round_20/02_sampling/sampling_12/group_10_unrelaxed_rank_001_alphafold2_ptm_model_1_seed_042.pdb,90.64210355987055,0.87555,0.67546,11
/results/PPAC_BACSU/run1/02_hierarchical_m_fold_sampling_2haw/sampling_round_20/02_sampling/sampling_12/group_3_unrelaxed_rank_001_alphafold2_ptm_model_1_seed_042.pdb,91.13262135922331,0.90281,0.67307,11
/results/PPAC_BACSU/run1/02_hierarchical_m_fold_sampling_2haw/sampling_round_20/02_sampling/sampling_12/group_9_unrelaxed_rank_001_alphafold2_ptm_model_1_seed_042.pdb,90.28132686084149,0.8659,0.67699,11
/results/PPAC_BACSU/run1/02_hierarchical_m_fold_sampling_2haw/sampling_round_20/02_sampling/sampling_12/group_1_unrelaxed_rank_001_alphafold2_ptm_model_1_seed_042.pdb,90.5811974110033,0.90267,0.67366,11
/results/PPAC_BACSU/run1/02_hierarchical_m_fold_sampling_2haw/sampling_round_20/02_sampling/sampling_12/group_11_unrelaxed_rank_001_alphafold2_ptm_model_1_seed_042.pdb,90.65572815533983,0.8668,0.67662,11
/results/PPAC_BACSU/run1/02_hierarchical_m_fold_sampling_2haw/sampling_round_20/02_sampling/sampling_12/group_2_unrelaxed_rank_001_alphafold2_ptm_model_1_seed_042.pdb,91.21080906148862,0.79461,0.68882,11
/results/PPAC_BACSU/run1/02_hierarchical_m_fold_sampling_2haw/sampling_round_20/02_sampling/sampling_3/group_8_unrelaxed_rank_001_alphafold2_ptm_model_1_seed_042.pdb,90.80310679611645,0.8775,0.67325,11
/results/PPAC_BACSU/run1/02_hierarchical_m_fold_sampling_2haw/sampling_round_20/02_sampling/sampling_3/group_6_unrelaxed_rank_001_alphafold2_ptm_model_1_seed_042.pdb,90.45288025889968,0.91051,0.67203,11
/results/PPAC_BACSU/run1/02_hierarchical_m_fold_sampling_2haw/sampling_round_20/02_sampling/sampling_3/group_13_unrelaxed_rank_001_alphafold2_ptm_model_1_seed_042.pdb,91.34721682847902,0.92421,0.66834,15
/results/PPAC_BACSU/run1/02_hierarchical_m_fold_sampling_2haw/sampling_round_20/02_sampling/sampling_3/group_7_unrelaxed_rank_001_alphafold2_ptm_model_1_seed_042.pdb,90.4073786407767,0.67841,0.8828,11
/results/PPAC_BACSU/run1/02_hierarchical_m_fold_sampling_2haw/sampling_round_20/02_sampling/sampling_3/group_4_unrelaxed_rank_001_alphafold2_ptm_model_1_seed_042.pdb,89.72627831715208,0.86732,0.67679,11
/results/PPAC_BACSU/run1/02_hierarchical_m_fold_sampling_2haw/sampling_round_20/02_sampling/sampling_3/group_12_unrelaxed_rank_001_alphafold2_ptm_model_1_seed_042.pdb,91.04226537216829,0.8371,0.68052,11
/results/PPAC_BACSU/run1/02_hierarchical_m_fold_sampling_2haw/sampling_round_20/02_sampling/sampling_3/group_5_unrelaxed_rank_001_alphafold2_ptm_model_1_seed_042.pdb,89.61556634304212,0.71608,0.73813,11
/results/PPAC_BACSU/run1/02_hierarchical_m_fold_sampling_2haw/sampling_round_20/02_sampling/sampling_3/group_10_unrelaxed_rank_001_alphafold2_ptm_model_1_seed_042.pdb,91.63203883495149,0.85217,0.67684,11
/results/PPAC_BACSU/run1/02_hierarchical_m_fold_sampling_2haw/sampling_round_20/02_sampling/sampling_3/group_3_unrelaxed_rank_001_alphafold2_ptm_model_1_seed_042.pdb,89.0890291262136,0.85429,0.67721,11
/results/PPAC_BACSU/run1/02_hierarchical_m_fold_sampling_2haw/sampling_round_20/02_sampling/sampling_3/group_9_unrelaxed_rank_001_alphafold2_ptm_model_1_seed_042.pdb,91.45352750809067,0.90565,0.67478,11
/results/PPAC_BACSU/run1/02_hierarchical_m_fold_sampling_2haw/sampling_round_20/02_sampling/sampling_3/group_1_unrelaxed_rank_001_alphafold2_ptm_model_1_seed_042.pdb,90.23605177993532,0.88485,0.67409,11
/results/PPAC_BACSU/run1/02_hierarchical_m_fold_sampling_2haw/sampling_round_20/02_sampling/sampling_3/group_11_unrelaxed_rank_001_alphafold2_ptm_model_1_seed_042.pdb,89.11692556634308,0.90664,0.67317,11
/results/PPAC_BACSU/run1/02_hierarchical_m_fold_sampling_2haw/sampling_round_20/02_sampling/sampling_3/group_2_unrelaxed_rank_001_alphafold2_ptm_model_1_seed_042.pdb,86.86252427184469,0.7683,0.66129,11
/results/PPAC_BACSU/run1/02_hierarchical_m_fold_sampling_2haw/sampling_round_20/02_sampling/sampling_14/group_8_unrelaxed_rank_001_alphafold2_ptm_model_1_seed_042.pdb,91.18692556634306,0.88324,0.67638,11
/results/PPAC_BACSU/run1/02_hierarchical_m_fold_sampling_2haw/sampling_round_20/02_sampling/sampling_14/group_6_unrelaxed_rank_001_alphafold2_ptm_model_1_seed_042.pdb,92.92928802588996,0.848,0.68114,11
/results/PPAC_BACSU/run1/02_hierarchical_m_fold_sampling_2haw/sampling_round_20/02_sampling/sampling_14/group_13_unrelaxed_rank_001_alphafold2_ptm_model_1_seed_042.pdb,91.60828478964406,0.90773,0.67347,15
/results/PPAC_BACSU/run1/02_hierarchical_m_fold_sampling_2haw/sampling_round_20/02_sampling/sampling_14/group_7_unrelaxed_rank_001_alphafold2_ptm_model_1_seed_042.pdb,89.10229773462784,0.87532,0.67708,11
/results/PPAC_BACSU/run1/02_hierarchical_m_fold_sampling_2haw/sampling_round_20/02_sampling/sampling_14/group_4_unrelaxed_rank_001_alphafold2_ptm_model_1_seed_042.pdb,90.76310679611653,0.8838,0.6725,11
/results/PPAC_BACSU/run1/02_hierarchical_m_fold_sampling_2haw/sampling_round_20/02_sampling/sampling_14/group_12_unrelaxed_rank_001_alphafold2_ptm_model_1_seed_042.pdb,89.10265372168284,0.86298,0.67757,11
/results/PPAC_BACSU/run1/02_hierarchical_m_fold_sampling_2haw/sampling_round_20/02_sampling/sampling_14/group_5_unrelaxed_rank_001_alphafold2_ptm_model_1_seed_042.pdb,91.55355987055016,0.89396,0.67479,11
/results/PPAC_BACSU/run1/02_hierarchical_m_fold_sampling_2haw/sampling_round_20/02_sampling/sampling_14/group_10_unrelaxed_rank_001_alphafold2_ptm_model_1_seed_042.pdb,89.20967637540451,0.88749,0.6727,11
/results/PPAC_BACSU/run1/02_hierarchical_m_fold_sampling_2haw/sampling_round_20/02_sampling/sampling_14/group_3_unrelaxed_rank_001_alphafold2_ptm_model_1_seed_042.pdb,88.71964401294493,0.86494,0.67026,11
/results/PPAC_BACSU/run1/02_hierarchical_m_fold_sampling_2haw/sampling_round_20/02_sampling/sampling_14/group_9_unrelaxed_rank_001_alphafold2_ptm_model_1_seed_042.pdb,90.847572815534,0.92668,0.67404,11
/results/PPAC_BACSU/run1/02_hierarchical_m_fold_sampling_2haw/sampling_round_20/02_sampling/sampling_14/group_1_unrelaxed_rank_001_alphafold2_ptm_model_1_seed_042.pdb,91.09873786407763,0.92651,0.67431,11
/results/PPAC_BACSU/run1/02_hierarchical_m_fold_sampling_2haw/sampling_round_20/02_sampling/sampling_14/group_11_unrelaxed_rank_001_alphafold2_ptm_model_1_seed_042.pdb,90.74229773462784,0.73342,0.72233,11
/results/PPAC_BACSU/run1/02_hierarchical_m_fold_sampling_2haw/sampling_round_20/02_sampling/sampling_14/group_2_unrelaxed_rank_001_alphafold2_ptm_model_1_seed_042.pdb,90.71300970873786,0.84478,0.68203,11
/results/PPAC_BACSU/run1/02_hierarchical_m_fold_sampling_2haw/sampling_round_4/02_sampling/sampling_10/group_8_unrelaxed_rank_001_alphafold2_ptm_model_1_seed_042.pdb,87.6403236245955,0.88363,0.67599,11
/results/PPAC_BACSU/run1/02_hierarchical_m_fold_sampling_2haw/sampling_round_4/02_sampling/sampling_10/group_6_unrelaxed_rank_001_alphafold2_ptm_model_1_seed_042.pdb,91.10368932038838,0.88727,0.67762,11
/results/PPAC_BACSU/run1/02_hierarchical_m_fold_sampling_2haw/sampling_round_4/02_sampling/sampling_10/group_13_unrelaxed_rank_001_alphafold2_ptm_model_1_seed_042.pdb,91.60770226537218,0.7465,0.70945,15
/results/PPAC_BACSU/run1/02_hierarchical_m_fold_sampling_2haw/sampling_round_4/02_sampling/sampling_10/group_7_unrelaxed_rank_001_alphafold2_ptm_model_1_seed_042.pdb,91.06773462783161,0.84271,0.67578,11
/results/PPAC_BACSU/run1/02_hierarchical_m_fold_sampling_2haw/sampling_round_4/02_sampling/sampling_10/group_4_unrelaxed_rank_001_alphafold2_ptm_model_1_seed_042.pdb,91.38161812297736,0.88529,0.67784,11
/results/PPAC_BACSU/run1/02_hierarchical_m_fold_sampling_2haw/sampling_round_4/02_sampling/sampling_10/group_12_unrelaxed_rank_001_alphafold2_ptm_model_1_seed_042.pdb,89.66226537216833,0.87327,0.67866,11
/results/PPAC_BACSU/run1/02_hierarchical_m_fold_sampling_2haw/sampling_round_4/02_sampling/sampling_10/group_5_unrelaxed_rank_001_alphafold2_ptm_model_1_seed_042.pdb,89.17754045307444,0.68199,0.86833,11
/results/PPAC_BACSU/run1/02_hierarchical_m_fold_sampling_2haw/sampling_round_4/02_sampling/sampling_10/group_10_unrelaxed_rank_001_alphafold2_ptm_model_1_seed_042.pdb,91.7650161812298,0.8814,0.6761,11
/results/PPAC_BACSU/run1/02_hierarchical_m_fold_sampling_2haw/sampling_round_4/02_sampling/sampling_10/group_3_unrelaxed_rank_001_alphafold2_ptm_model_1_seed_042.pdb,90.89436893203877,0.89161,0.6733,11
/results/PPAC_BACSU/run1/02_hierarchical_m_fold_sampling_2haw/sampling_round_4/02_sampling/sampling_10/group_9_unrelaxed_rank_001_alphafold2_ptm_model_1_seed_042.pdb,90.12258899676368,0.85626,0.67626,11
/results/PPAC_BACSU/run1/02_hierarchical_m_fold_sampling_2haw/sampling_round_4/02_sampling/sampling_10/group_1_unrelaxed_rank_001_alphafold2_ptm_model_1_seed_042.pdb,90.48867313915855,0.84516,0.68141,11
/results/PPAC_BACSU/run1/02_hierarchical_m_fold_sampling_2haw/sampling_round_4/02_sampling/sampling_10/group_11_unrelaxed_rank_001_alphafold2_ptm_model_1_seed_042.pdb,88.95530744336571,0.86757,0.67688,11
/results/PPAC_BACSU/run1/02_hierarchical_m_fold_sampling_2haw/sampling_round_4/02_sampling/sampling_10/group_2_unrelaxed_rank_001_alphafold2_ptm_model_1_seed_042.pdb,91.73770226537215,0.92421,0.67594,11
/results/PPAC_BACSU/run1/02_hierarchical_m_fold_sampling_2haw/sampling_round_4/02_sampling/sampling_9/group_8_unrelaxed_rank_001_alphafold2_ptm_model_1_seed_042.pdb,90.2554045307443,0.92636,0.67228,11
/results/PPAC_BACSU/run1/02_hierarchical_m_fold_sampling_2haw/sampling_round_4/02_sampling/sampling_9/group_6_unrelaxed_rank_001_alphafold2_ptm_model_1_seed_042.pdb,91.10126213592233,0.8773,0.67797,11
/results/PPAC_BACSU/run1/02_hierarchical_m_fold_sampling_2haw/sampling_round_4/02_sampling/sampling_9/group_13_unrelaxed_rank_001_alphafold2_ptm_model_1_seed_042.pdb,93.72715210355982,0.68861,0.85379,15
/results/PPAC_BACSU/run1/02_hierarchical_m_fold_sampling_2haw/sampling_round_4/02_sampling/sampling_9/group_7_unrelaxed_rank_001_alphafold2_ptm_model_1_seed_042.pdb,91.14417475728158,0.88703,0.67871,11
/results/PPAC_BACSU/run1/02_hierarchical_m_fold_sampling_2haw/sampling_round_4/02_sampling/sampling_9/group_4_unrelaxed_rank_001_alphafold2_ptm_model_1_seed_042.pdb,89.20595469255662,0.90983,0.66909,11
/results/PPAC_BACSU/run1/02_hierarchical_m_fold_sampling_2haw/sampling_round_4/02_sampling/sampling_9/group_12_unrelaxed_rank_001_alphafold2_ptm_model_1_seed_042.pdb,90.26061488673142,0.89268,0.67119,11
/results/PPAC_BACSU/run1/02_hierarchical_m_fold_sampling_2haw/sampling_round_4/02_sampling/sampling_9/group_5_unrelaxed_rank_001_alphafold2_ptm_model_1_seed_042.pdb,90.89284789644012,0.8947,0.67016,11
/results/PPAC_BACSU/run1/02_hierarchical_m_fold_sampling_2haw/sampling_round_4/02_sampling/sampling_9/group_10_unrelaxed_rank_001_alphafold2_ptm_model_1_seed_042.pdb,88.19702265372163,0.87554,0.6771,11
/results/PPAC_BACSU/run1/02_hierarchical_m_fold_sampling_2haw/sampling_round_4/02_sampling/sampling_9/group_3_unrelaxed_rank_001_alphafold2_ptm_model_1_seed_042.pdb,90.99844660194171,0.87137,0.6769,11
/results/PPAC_BACSU/run1/02_hierarchical_m_fold_sampling_2haw/sampling_round_4/02_sampling/sampling_9/group_9_unrelaxed_rank_001_alphafold2_ptm_model_1_seed_042.pdb,90.08304207119738,0.88211,0.67807,11
/results/PPAC_BACSU/run1/02_hierarchical_m_fold_sampling_2haw/sampling_round_4/02_sampling/sampling_9/group_1_unrelaxed_rank_001_alphafold2_ptm_model_1_seed_042.pdb,90.86644012944981,0.93289,0.66692,11
/results/PPAC_BACSU/run1/02_hierarchical_m_fold_sampling_2haw/sampling_round_4/02_sampling/sampling_9/group_11_unrelaxed_rank_001_alphafold2_ptm_model_1_seed_042.pdb,89.05828478964396,0.80925,0.67865,11
/results/PPAC_BACSU/run1/02_hierarchical_m_fold_sampling_2haw/sampling_round_4/02_sampling/sampling_9/group_2_unrelaxed_rank_001_alphafold2_ptm_model_1_seed_042.pdb,88.82948220064726,0.8867,0.67465,11
/results/PPAC_BACSU/run1/02_hierarchical_m_fold_sampling_2haw/sampling_round_4/02_sampling/sampling_6/group_8_unrelaxed_rank_001_alphafold2_ptm_model_1_seed_042.pdb,91.70462783171524,0.86454,0.67557,11
/results/PPAC_BACSU/run1/02_hierarchical_m_fold_sampling_2haw/sampling_round_4/02_sampling/sampling_6/group_6_unrelaxed_rank_001_alphafold2_ptm_model_1_seed_042.pdb,91.48171521035592,0.85779,0.68015,11
/results/PPAC_BACSU/run1/02_hierarchical_m_fold_sampling_2haw/sampling_round_4/02_sampling/sampling_6/group_13_unrelaxed_rank_001_alphafold2_ptm_model_1_seed_042.pdb,90.60440129449843,0.85779,0.67779,15
/results/PPAC_BACSU/run1/02_hierarchical_m_fold_sampling_2haw/sampling_round_4/02_sampling/sampling_6/group_7_unrelaxed_rank_001_alphafold2_ptm_model_1_seed_042.pdb,91.73019417475733,0.83819,0.68007,11
/results/PPAC_BACSU/run1/02_hierarchical_m_fold_sampling_2haw/sampling_round_4/02_sampling/sampling_6/group_4_unrelaxed_rank_001_alphafold2_ptm_model_1_seed_042.pdb,91.2171844660195,0.93766,0.67367,11
/results/PPAC_BACSU/run1/02_hierarchical_m_fold_sampling_2haw/sampling_round_4/02_sampling/sampling_6/group_12_unrelaxed_rank_001_alphafold2_ptm_model_1_seed_042.pdb,90.52883495145633,0.88101,0.67715,11
/results/PPAC_BACSU/run1/02_hierarchical_m_fold_sampling_2haw/sampling_round_4/02_sampling/sampling_6/group_5_unrelaxed_rank_001_alphafold2_ptm_model_1_seed_042.pdb,91.87126213592232,0.67289,0.90774,11
/results/PPAC_BACSU/run1/02_hierarchical_m_fold_sampling_2haw/sampling_round_4/02_sampling/sampling_6/group_10_unrelaxed_rank_001_alphafold2_ptm_model_1_seed_042.pdb,89.36812297734626,0.88026,0.67619,11
/results/PPAC_BACSU/run1/02_hierarchical_m_fold_sampling_2haw/sampling_round_4/02_sampling/sampling_6/group_3_unrelaxed_rank_001_alphafold2_ptm_model_1_seed_042.pdb,90.58508090614889,0.87352,0.67642,11
/results/PPAC_BACSU/run1/02_hierarchical_m_fold_sampling_2haw/sampling_round_4/02_sampling/sampling_6/group_9_unrelaxed_rank_001_alphafold2_ptm_model_1_seed_042.pdb,89.97831715210361,0.91807,0.6709,11
/results/PPAC_BACSU/run1/02_hierarchical_m_fold_sampling_2haw/sampling_round_4/02_sampling/sampling_6/group_1_unrelaxed_rank_001_alphafold2_ptm_model_1_seed_042.pdb,91.56417475728159,0.88429,0.67756,11
/results/PPAC_BACSU/run1/02_hierarchical_m_fold_sampling_2haw/sampling_round_4/02_sampling/sampling_6/group_11_unrelaxed_rank_001_alphafold2_ptm_model_1_seed_042.pdb,91.6128802588996,0.88372,0.67701,11
/results/PPAC_BACSU/run1/02_hierarchical_m_fold_sampling_2haw/sampling_round_4/02_sampling/sampling_6/group_2_unrelaxed_rank_001_alphafold2_ptm_model_1_seed_042.pdb,87.3483495145631,0.87744,0.64159,11
/results/PPAC_BACSU/run1/02_hierarchical_m_fold_sampling_2haw/sampling_round_4/02_sampling/sampling_1/group_8_unrelaxed_rank_001_alphafold2_ptm_model_1_seed_042.pdb,90.03071197411009,0.91028,0.67317,11
/results/PPAC_BACSU/run1/02_hierarchical_m_fold_sampling_2haw/sampling_round_4/02_sampling/sampling_1/group_6_unrelaxed_rank_001_alphafold2_ptm_model_1_seed_042.pdb,91.3619093851133,0.90046,0.67603,11
/results/PPAC_BACSU/run1/02_hierarchical_m_fold_sampling_2haw/sampling_round_4/02_sampling/sampling_1/group_13_unrelaxed_rank_001_alphafold2_ptm_model_1_seed_042.pdb,91.63343042071193,0.88875,0.67174,15
/results/PPAC_BACSU/run1/02_hierarchical_m_fold_sampling_2haw/sampling_round_4/02_sampling/sampling_1/group_7_unrelaxed_rank_001_alphafold2_ptm_model_1_seed_042.pdb,91.84148867313912,0.87919,0.67803,11
/results/PPAC_BACSU/run1/02_hierarchical_m_fold_sampling_2haw/sampling_round_4/02_sampling/sampling_1/group_4_unrelaxed_rank_001_alphafold2_ptm_model_1_seed_042.pdb,90.33012944983811,0.88559,0.67709,11
/results/PPAC_BACSU/run1/02_hierarchical_m_fold_sampling_2haw/sampling_round_4/02_sampling/sampling_1/group_12_unrelaxed_rank_001_alphafold2_ptm_model_1_seed_042.pdb,88.9189967637541,0.84591,0.67451,11
/results/PPAC_BACSU/run1/02_hierarchical_m_fold_sampling_2haw/sampling_round_4/02_sampling/sampling_1/group_5_unrelaxed_rank_001_alphafold2_ptm_model_1_seed_042.pdb,90.71886731391581,0.94777,0.67122,11
/results/PPAC_BACSU/run1/02_hierarchical_m_fold_sampling_2haw/sampling_round_4/02_sampling/sampling_1/group_10_unrelaxed_rank_001_alphafold2_ptm_model_1_seed_042.pdb,88.48313915857607,0.88604,0.67505,11
/results/PPAC_BACSU/run1/02_hierarchical_m_fold_sampling_2haw/sampling_round_4/02_sampling/sampling_1/group_3_unrelaxed_rank_001_alphafold2_ptm_model_1_seed_042.pdb,88.80291262135921,0.89868,0.67167,11
/results/PPAC_BACSU/run1/02_hierarchical_m_fold_sampling_2haw/sampling_round_4/02_sampling/sampling_1/group_9_unrelaxed_rank_001_alphafold2_ptm_model_1_seed_042.pdb,89.23071197411005,0.88156,0.67486,11
/results/PPAC_BACSU/run1/02_hierarchical_m_fold_sampling_2haw/sampling_round_4/02_sampling/sampling_1/group_1_unrelaxed_rank_001_alphafold2_ptm_model_1_seed_042.pdb,91.06702265372172,0.92083,0.67051,11
/results/PPAC_BACSU/run1/02_hierarchical_m_fold_sampling_2haw/sampling_round_4/02_sampling/sampling_1/group_11_unrelaxed_rank_001_alphafold2_ptm_model_1_seed_042.pdb,91.29362459546925,0.89589,0.67668,11
/results/PPAC_BACSU/run1/02_hierarchical_m_fold_sampling_2haw/sampling_round_4/02_sampling/sampling_1/group_2_unrelaxed_rank_001_alphafold2_ptm_model_1_seed_042.pdb,91.55783171521037,0.89355,0.67702,11
/results/PPAC_BACSU/run1/02_hierarchical_m_fold_sampling_2haw/sampling_round_4/02_sampling/sampling_5/group_8_unrelaxed_rank_001_alphafold2_ptm_model_1_seed_042.pdb,90.89067961165043,0.90279,0.67214,11
/results/PPAC_BACSU/run1/02_hierarchical_m_fold_sampling_2haw/sampling_round_4/02_sampling/sampling_5/group_6_unrelaxed_rank_001_alphafold2_ptm_model_1_seed_042.pdb,89.9951779935275,0.84263,0.67687,11
/results/PPAC_BACSU/run1/02_hierarchical_m_fold_sampling_2haw/sampling_round_4/02_sampling/sampling_5/group_13_unrelaxed_rank_001_alphafold2_ptm_model_1_seed_042.pdb,91.60805825242724,0.84607,0.68035,15
/results/PPAC_BACSU/run1/02_hierarchical_m_fold_sampling_2haw/sampling_round_4/02_sampling/sampling_5/group_7_unrelaxed_rank_001_alphafold2_ptm_model_1_seed_042.pdb,89.69330097087379,0.79923,0.68577,11
/results/PPAC_BACSU/run1/02_hierarchical_m_fold_sampling_2haw/sampling_round_4/02_sampling/sampling_5/group_4_unrelaxed_rank_001_alphafold2_ptm_model_1_seed_042.pdb,90.65310679611646,0.83554,0.67968,11
/results/PPAC_BACSU/run1/02_hierarchical_m_fold_sampling_2haw/sampling_round_4/02_sampling/sampling_5/group_12_unrelaxed_rank_001_alphafold2_ptm_model_1_seed_042.pdb,88.93935275080908,0.89738,0.67507,11
/results/PPAC_BACSU/run1/02_hierarchical_m_fold_sampling_2haw/sampling_round_4/02_sampling/sampling_5/group_5_unrelaxed_rank_001_alphafold2_ptm_model_1_seed_042.pdb,90.01598705501621,0.90796,0.66973,11
/results/PPAC_BACSU/run1/02_hierarchical_m_fold_sampling_2haw/sampling_round_4/02_sampling/sampling_5/group_10_unrelaxed_rank_001_alphafold2_ptm_model_1_seed_042.pdb,90.61349514563108,0.74176,0.70168,11
/results/PPAC_BACSU/run1/02_hierarchical_m_fold_sampling_2haw/sampling_round_4/02_sampling/sampling_5/group_3_unrelaxed_rank_001_alphafold2_ptm_model_1_seed_042.pdb,90.15352750809056,0.87256,0.67692,11
/results/PPAC_BACSU/run1/02_hierarchical_m_fold_sampling_2haw/sampling_round_4/02_sampling/sampling_5/group_9_unrelaxed_rank_001_alphafold2_ptm_model_1_seed_042.pdb,87.84601941747574,0.94898,0.66847,11
/results/PPAC_BACSU/run1/02_hierarchical_m_fold_sampling_2haw/sampling_round_4/02_sampling/sampling_5/group_1_unrelaxed_rank_001_alphafold2_ptm_model_1_seed_042.pdb,90.5356957928802,0.86515,0.68035,11
/results/PPAC_BACSU/run1/02_hierarchical_m_fold_sampling_2haw/sampling_round_4/02_sampling/sampling_5/group_11_unrelaxed_rank_001_alphafold2_ptm_model_1_seed_042.pdb,91.40239482200644,0.89417,0.67706,11
/results/PPAC_BACSU/run1/02_hierarchical_m_fold_sampling_2haw/sampling_round_4/02_sampling/sampling_5/group_2_unrelaxed_rank_001_alphafold2_ptm_model_1_seed_042.pdb,89.52938511326856,0.90477,0.67014,11
/results/PPAC_BACSU/run1/02_hierarchical_m_fold_sampling_2haw/sampling_round_4/02_sampling/sampling_8/group_8_unrelaxed_rank_001_alphafold2_ptm_model_1_seed_042.pdb,91.10443365695794,0.88911,0.67506,11
/results/PPAC_BACSU/run1/02_hierarchical_m_fold_sampling_2haw/sampling_round_4/02_sampling/sampling_8/group_6_unrelaxed_rank_001_alphafold2_ptm_model_1_seed_042.pdb,90.88663430420715,0.90697,0.67385,11
/results/PPAC_BACSU/run1/02_hierarchical_m_fold_sampling_2haw/sampling_round_4/02_sampling/sampling_8/group_13_unrelaxed_rank_001_alphafold2_ptm_model_1_seed_042.pdb,91.66097087378643,0.66025,0.91226,15
/results/PPAC_BACSU/run1/02_hierarchical_m_fold_sampling_2haw/sampling_round_4/02_sampling/sampling_8/group_7_unrelaxed_rank_001_alphafold2_ptm_model_1_seed_042.pdb,88.63061488673137,0.88258,0.67506,11
/results/PPAC_BACSU/run1/02_hierarchical_m_fold_sampling_2haw/sampling_round_4/02_sampling/sampling_8/group_4_unrelaxed_rank_001_alphafold2_ptm_model_1_seed_042.pdb,89.3342718446602,0.88238,0.67152,11
/results/PPAC_BACSU/run1/02_hierarchical_m_fold_sampling_2haw/sampling_round_4/02_sampling/sampling_8/group_12_unrelaxed_rank_001_alphafold2_ptm_model_1_seed_042.pdb,89.83187702265371,0.88998,0.67591,11
/results/PPAC_BACSU/run1/02_hierarchical_m_fold_sampling_2haw/sampling_round_4/02_sampling/sampling_8/group_5_unrelaxed_rank_001_alphafold2_ptm_model_1_seed_042.pdb,89.88990291262134,0.70456,0.74108,11
/results/PPAC_BACSU/run1/02_hierarchical_m_fold_sampling_2haw/sampling_round_4/02_sampling/sampling_8/group_10_unrelaxed_rank_001_alphafold2_ptm_model_1_seed_042.pdb,89.64569579288032,0.81501,0.67927,11
/results/PPAC_BACSU/run1/02_hierarchical_m_fold_sampling_2haw/sampling_round_4/02_sampling/sampling_8/group_3_unrelaxed_rank_001_alphafold2_ptm_model_1_seed_042.pdb,92.07601941747569,0.91211,0.67681,11
/results/PPAC_BACSU/run1/02_hierarchical_m_fold_sampling_2haw/sampling_round_4/02_sampling/sampling_8/group_9_unrelaxed_rank_001_alphafold2_ptm_model_1_seed_042.pdb,91.37595469255665,0.90017,0.67377,11
/results/PPAC_BACSU/run1/02_hierarchical_m_fold_sampling_2haw/sampling_round_4/02_sampling/sampling_8/group_1_unrelaxed_rank_001_alphafold2_ptm_model_1_seed_042.pdb,89.91679611650494,0.85985,0.67735,11
/results/PPAC_BACSU/run1/02_hierarchical_m_fold_sampling_2haw/sampling_round_4/02_sampling/sampling_8/group_11_unrelaxed_rank_001_alphafold2_ptm_model_1_seed_042.pdb,91.41585760517805,0.87547,0.67432,11
/results/PPAC_BACSU/run1/02_hierarchical_m_fold_sampling_2haw/sampling_round_4/02_sampling/sampling_8/group_2_unrelaxed_rank_001_alphafold2_ptm_model_1_seed_042.pdb,91.34546925566346,0.89903,0.67883,11
/results/PPAC_BACSU/run1/02_hierarchical_m_fold_sampling_2haw/sampling_round_4/02_sampling/sampling_7/group_8_unrelaxed_rank_001_alphafold2_ptm_model_1_seed_042.pdb,90.41126213592231,0.86277,0.67928,11
/results/PPAC_BACSU/run1/02_hierarchical_m_fold_sampling_2haw/sampling_round_4/02_sampling/sampling_7/group_6_unrelaxed_rank_001_alphafold2_ptm_model_1_seed_042.pdb,89.31951456310671,0.91116,0.67209,11
/results/PPAC_BACSU/run1/02_hierarchical_m_fold_sampling_2haw/sampling_round_4/02_sampling/sampling_7/group_13_unrelaxed_rank_001_alphafold2_ptm_model_1_seed_042.pdb,90.40359223300972,0.85465,0.67798,15
/results/PPAC_BACSU/run1/02_hierarchical_m_fold_sampling_2haw/sampling_round_4/02_sampling/sampling_7/group_7_unrelaxed_rank_001_alphafold2_ptm_model_1_seed_042.pdb,91.3588349514563,0.88788,0.6757,11
/results/PPAC_BACSU/run1/02_hierarchical_m_fold_sampling_2haw/sampling_round_4/02_sampling/sampling_7/group_4_unrelaxed_rank_001_alphafold2_ptm_model_1_seed_042.pdb,92.55462783171524,0.89271,0.67449,11
/results/PPAC_BACSU/run1/02_hierarchical_m_fold_sampling_2haw/sampling_round_4/02_sampling/sampling_7/group_12_unrelaxed_rank_001_alphafold2_ptm_model_1_seed_042.pdb,90.73537216828478,0.88216,0.67762,11
/results/PPAC_BACSU/run1/02_hierarchical_m_fold_sampling_2haw/sampling_round_4/02_sampling/sampling_7/group_5_unrelaxed_rank_001_alphafold2_ptm_model_1_seed_042.pdb,90.92113268608416,0.85576,0.67862,11
/results/PPAC_BACSU/run1/02_hierarchical_m_fold_sampling_2haw/sampling_round_4/02_sampling/sampling_7/group_10_unrelaxed_rank_001_alphafold2_ptm_model_1_seed_042.pdb,90.83485436893201,0.86126,0.6799,11
/results/PPAC_BACSU/run1/02_hierarchical_m_fold_sampling_2haw/sampling_round_4/02_sampling/sampling_7/group_3_unrelaxed_rank_001_alphafold2_ptm_model_1_seed_042.pdb,91.28194174757287,0.8774,0.67313,11
/results/PPAC_BACSU/run1/02_hierarchical_m_fold_sampling_2haw/sampling_round_4/02_sampling/sampling_7/group_9_unrelaxed_rank_001_alphafold2_ptm_model_1_seed_042.pdb,91.36967637540454,0.90333,0.66844,11
/results/PPAC_BACSU/run1/02_hierarchical_m_fold_sampling_2haw/sampling_round_4/02_sampling/sampling_7/group_1_unrelaxed_rank_001_alphafold2_ptm_model_1_seed_042.pdb,90.73207119741103,0.9219,0.67295,11
/results/PPAC_BACSU/run1/02_hierarchical_m_fold_sampling_2haw/sampling_round_4/02_sampling/sampling_7/group_11_unrelaxed_rank_001_alphafold2_ptm_model_1_seed_042.pdb,90.38466019417474,0.91099,0.6654,11
/results/PPAC_BACSU/run1/02_hierarchical_m_fold_sampling_2haw/sampling_round_4/02_sampling/sampling_7/group_2_unrelaxed_rank_001_alphafold2_ptm_model_1_seed_042.pdb,90.38647249190936,0.9122,0.67852,11
/results/PPAC_BACSU/run1/02_hierarchical_m_fold_sampling_2haw/sampling_round_4/02_sampling/sampling_2/group_8_unrelaxed_rank_001_alphafold2_ptm_model_1_seed_042.pdb,91.02200647249194,0.89099,0.6726,11
/results/PPAC_BACSU/run1/02_hierarchical_m_fold_sampling_2haw/sampling_round_4/02_sampling/sampling_2/group_6_unrelaxed_rank_001_alphafold2_ptm_model_1_seed_042.pdb,91.38265372168284,0.89259,0.67416,11
/results/PPAC_BACSU/run1/02_hierarchical_m_fold_sampling_2haw/sampling_round_4/02_sampling/sampling_2/group_13_unrelaxed_rank_001_alphafold2_ptm_model_1_seed_042.pdb,91.85171521035598,0.86634,0.6793,15
/results/PPAC_BACSU/run1/02_hierarchical_m_fold_sampling_2haw/sampling_round_4/02_sampling/sampling_2/group_7_unrelaxed_rank_001_alphafold2_ptm_model_1_seed_042.pdb,89.06828478964405,0.85046,0.67883,11
/results/PPAC_BACSU/run1/02_hierarchical_m_fold_sampling_2haw/sampling_round_4/02_sampling/sampling_2/group_4_unrelaxed_rank_001_alphafold2_ptm_model_1_seed_042.pdb,91.2660841423949,0.87237,0.67772,11
/results/PPAC_BACSU/run1/02_hierarchical_m_fold_sampling_2haw/sampling_round_4/02_sampling/sampling_2/group_12_unrelaxed_rank_001_alphafold2_ptm_model_1_seed_042.pdb,90.4180906148868,0.86947,0.6806,11
/results/PPAC_BACSU/run1/02_hierarchical_m_fold_sampling_2haw/sampling_round_4/02_sampling/sampling_2/group_5_unrelaxed_rank_001_alphafold2_ptm_model_1_seed_042.pdb,91.80436893203881,0.90954,0.67659,11
/results/PPAC_BACSU/run1/02_hierarchical_m_fold_sampling_2haw/sampling_round_4/02_sampling/sampling_2/group_10_unrelaxed_rank_001_alphafold2_ptm_model_1_seed_042.pdb,91.99754045307448,0.74402,0.71545,11
/results/PPAC_BACSU/run1/02_hierarchical_m_fold_sampling_2haw/sampling_round_4/02_sampling/sampling_2/group_3_unrelaxed_rank_001_alphafold2_ptm_model_1_seed_042.pdb,88.02258899676383,0.74645,0.71396,11
/results/PPAC_BACSU/run1/02_hierarchical_m_fold_sampling_2haw/sampling_round_4/02_sampling/sampling_2/group_9_unrelaxed_rank_001_alphafold2_ptm_model_1_seed_042.pdb,89.78407766990291,0.85658,0.68069,11
/results/PPAC_BACSU/run1/02_hierarchical_m_fold_sampling_2haw/sampling_round_4/02_sampling/sampling_2/group_1_unrelaxed_rank_001_alphafold2_ptm_model_1_seed_042.pdb,90.23038834951456,0.8948,0.6735,11
/results/PPAC_BACSU/run1/02_hierarchical_m_fold_sampling_2haw/sampling_round_4/02_sampling/sampling_2/group_11_unrelaxed_rank_001_alphafold2_ptm_model_1_seed_042.pdb,89.24873786407765,0.79842,0.68336,11
/results/PPAC_BACSU/run1/02_hierarchical_m_fold_sampling_2haw/sampling_round_4/02_sampling/sampling_2/group_2_unrelaxed_rank_001_alphafold2_ptm_model_1_seed_042.pdb,89.23537216828481,0.88765,0.67354,11
/results/PPAC_BACSU/run1/02_hierarchical_m_fold_sampling_2haw/sampling_round_4/02_sampling/sampling_11/group_8_unrelaxed_rank_001_alphafold2_ptm_model_1_seed_042.pdb,89.91873786407763,0.78893,0.68452,11
/results/PPAC_BACSU/run1/02_hierarchical_m_fold_sampling_2haw/sampling_round_4/02_sampling/sampling_11/group_6_unrelaxed_rank_001_alphafold2_ptm_model_1_seed_042.pdb,89.96621359223299,0.88268,0.67641,11
/results/PPAC_BACSU/run1/02_hierarchical_m_fold_sampling_2haw/sampling_round_4/02_sampling/sampling_11/group_13_unrelaxed_rank_001_alphafold2_ptm_model_1_seed_042.pdb,91.09126213592236,0.86234,0.68041,15
/results/PPAC_BACSU/run1/02_hierarchical_m_fold_sampling_2haw/sampling_round_4/02_sampling/sampling_11/group_7_unrelaxed_rank_001_alphafold2_ptm_model_1_seed_042.pdb,90.93673139158572,0.90768,0.67371,11
/results/PPAC_BACSU/run1/02_hierarchical_m_fold_sampling_2haw/sampling_round_4/02_sampling/sampling_11/group_4_unrelaxed_rank_001_alphafold2_ptm_model_1_seed_042.pdb,88.74038834951465,0.8754,0.67637,11
/results/PPAC_BACSU/run1/02_hierarchical_m_fold_sampling_2haw/sampling_round_4/02_sampling/sampling_11/group_12_unrelaxed_rank_001_alphafold2_ptm_model_1_seed_042.pdb,91.42288025889965,0.88907,0.67659,11
/results/PPAC_BACSU/run1/02_hierarchical_m_fold_sampling_2haw/sampling_round_4/02_sampling/sampling_11/group_5_unrelaxed_rank_001_alphafold2_ptm_model_1_seed_042.pdb,90.61669902912622,0.91539,0.67727,11
/results/PPAC_BACSU/run1/02_hierarchical_m_fold_sampling_2haw/sampling_round_4/02_sampling/sampling_11/group_10_unrelaxed_rank_001_alphafold2_ptm_model_1_seed_042.pdb,91.76135922330091,0.89806,0.67511,11
/results/PPAC_BACSU/run1/02_hierarchical_m_fold_sampling_2haw/sampling_round_4/02_sampling/sampling_11/group_3_unrelaxed_rank_001_alphafold2_ptm_model_1_seed_042.pdb,91.54372168284793,0.89183,0.67647,11
/results/PPAC_BACSU/run1/02_hierarchical_m_fold_sampling_2haw/sampling_round_4/02_sampling/sampling_11/group_9_unrelaxed_rank_001_alphafold2_ptm_model_1_seed_042.pdb,90.58213592233011,0.89292,0.67676,11
/results/PPAC_BACSU/run1/02_hierarchical_m_fold_sampling_2haw/sampling_round_4/02_sampling/sampling_11/group_1_unrelaxed_rank_001_alphafold2_ptm_model_1_seed_042.pdb,88.71760517799349,0.86307,0.67854,11
/results/PPAC_BACSU/run1/02_hierarchical_m_fold_sampling_2haw/sampling_round_4/02_sampling/sampling_11/group_11_unrelaxed_rank_001_alphafold2_ptm_model_1_seed_042.pdb,90.59472491909384,0.86819,0.67919,11
/results/PPAC_BACSU/run1/02_hierarchical_m_fold_sampling_2haw/sampling_round_4/02_sampling/sampling_11/group_2_unrelaxed_rank_001_alphafold2_ptm_model_1_seed_042.pdb,89.89281553398051,0.67049,0.90381,11
/results/PPAC_BACSU/run1/02_hierarchical_m_fold_sampling_2haw/sampling_round_4/02_sampling/sampling_13/group_8_unrelaxed_rank_001_alphafold2_ptm_model_1_seed_042.pdb,92.80695792880262,0.72666,0.73334,11
/results/PPAC_BACSU/run1/02_hierarchical_m_fold_sampling_2haw/sampling_round_4/02_sampling/sampling_13/group_6_unrelaxed_rank_001_alphafold2_ptm_model_1_seed_042.pdb,92.16760517799344,0.89914,0.6748,11
/results/PPAC_BACSU/run1/02_hierarchical_m_fold_sampling_2haw/sampling_round_4/02_sampling/sampling_13/group_13_unrelaxed_rank_001_alphafold2_ptm_model_1_seed_042.pdb,90.59618122977345,0.88782,0.67596,12
/results/PPAC_BACSU/run1/02_hierarchical_m_fold_sampling_2haw/sampling_round_4/02_sampling/sampling_13/group_7_unrelaxed_rank_001_alphafold2_ptm_model_1_seed_042.pdb,89.03323624595467,0.89318,0.6707,11
/results/PPAC_BACSU/run1/02_hierarchical_m_fold_sampling_2haw/sampling_round_4/02_sampling/sampling_13/group_4_unrelaxed_rank_001_alphafold2_ptm_model_1_seed_042.pdb,90.49148867313913,0.89764,0.67299,11
/results/PPAC_BACSU/run1/02_hierarchical_m_fold_sampling_2haw/sampling_round_4/02_sampling/sampling_13/group_12_unrelaxed_rank_001_alphafold2_ptm_model_1_seed_042.pdb,91.20951456310678,0.87046,0.67554,11
/results/PPAC_BACSU/run1/02_hierarchical_m_fold_sampling_2haw/sampling_round_4/02_sampling/sampling_13/group_5_unrelaxed_rank_001_alphafold2_ptm_model_1_seed_042.pdb,91.45870550161817,0.90144,0.67462,11
/results/PPAC_BACSU/run1/02_hierarchical_m_fold_sampling_2haw/sampling_round_4/02_sampling/sampling_13/group_10_unrelaxed_rank_001_alphafold2_ptm_model_1_seed_042.pdb,90.36420711974107,0.83583,0.67481,11
/results/PPAC_BACSU/run1/02_hierarchical_m_fold_sampling_2haw/sampling_round_4/02_sampling/sampling_13/group_3_unrelaxed_rank_001_alphafold2_ptm_model_1_seed_042.pdb,89.7326860841424,0.90662,0.67531,11
/results/PPAC_BACSU/run1/02_hierarchical_m_fold_sampling_2haw/sampling_round_4/02_sampling/sampling_13/group_9_unrelaxed_rank_001_alphafold2_ptm_model_1_seed_042.pdb,90.65336569579286,0.81959,0.6851,11
/results/PPAC_BACSU/run1/02_hierarchical_m_fold_sampling_2haw/sampling_round_4/02_sampling/sampling_13/group_1_unrelaxed_rank_001_alphafold2_ptm_model_1_seed_042.pdb,87.65420711974109,0.81547,0.67947,11
/results/PPAC_BACSU/run1/02_hierarchical_m_fold_sampling_2haw/sampling_round_4/02_sampling/sampling_13/group_11_unrelaxed_rank_001_alphafold2_ptm_model_1_seed_042.pdb,90.07556634304203,0.75789,0.69777,11
/results/PPAC_BACSU/run1/02_hierarchical_m_fold_sampling_2haw/sampling_round_4/02_sampling/sampling_13/group_2_unrelaxed_rank_001_alphafold2_ptm_model_1_seed_042.pdb,90.89812297734628,0.89662,0.67473,11
/results/PPAC_BACSU/run1/02_hierarchical_m_fold_sampling_2haw/sampling_round_4/02_sampling/sampling_4/group_8_unrelaxed_rank_001_alphafold2_ptm_model_1_seed_042.pdb,89.0829773462783,0.91866,0.6718,11
/results/PPAC_BACSU/run1/02_hierarchical_m_fold_sampling_2haw/sampling_round_4/02_sampling/sampling_4/group_6_unrelaxed_rank_001_alphafold2_ptm_model_1_seed_042.pdb,89.10190938511326,0.84148,0.67986,11
/results/PPAC_BACSU/run1/02_hierarchical_m_fold_sampling_2haw/sampling_round_4/02_sampling/sampling_4/group_13_unrelaxed_rank_001_alphafold2_ptm_model_1_seed_042.pdb,92.50585760517798,0.90389,0.67495,15
/results/PPAC_BACSU/run1/02_hierarchical_m_fold_sampling_2haw/sampling_round_4/02_sampling/sampling_4/group_7_unrelaxed_rank_001_alphafold2_ptm_model_1_seed_042.pdb,91.81521035598703,0.89345,0.66958,11
/results/PPAC_BACSU/run1/02_hierarchical_m_fold_sampling_2haw/sampling_round_4/02_sampling/sampling_4/group_4_unrelaxed_rank_001_alphafold2_ptm_model_1_seed_042.pdb,92.41375404530743,0.87415,0.67854,11
/results/PPAC_BACSU/run1/02_hierarchical_m_fold_sampling_2haw/sampling_round_4/02_sampling/sampling_4/group_12_unrelaxed_rank_001_alphafold2_ptm_model_1_seed_042.pdb,89.95048543689333,0.86897,0.67581,11
/results/PPAC_BACSU/run1/02_hierarchical_m_fold_sampling_2haw/sampling_round_4/02_sampling/sampling_4/group_5_unrelaxed_rank_001_alphafold2_ptm_model_1_seed_042.pdb,89.32294498381876,0.74938,0.69238,11
/results/PPAC_BACSU/run1/02_hierarchical_m_fold_sampling_2haw/sampling_round_4/02_sampling/sampling_4/group_10_unrelaxed_rank_001_alphafold2_ptm_model_1_seed_042.pdb,89.43132686084141,0.75487,0.7112,11
/results/PPAC_BACSU/run1/02_hierarchical_m_fold_sampling_2haw/sampling_round_4/02_sampling/sampling_4/group_3_unrelaxed_rank_001_alphafold2_ptm_model_1_seed_042.pdb,91.2783818770227,0.8803,0.67515,11
/results/PPAC_BACSU/run1/02_hierarchical_m_fold_sampling_2haw/sampling_round_4/02_sampling/sampling_4/group_9_unrelaxed_rank_001_alphafold2_ptm_model_1_seed_042.pdb,88.89485436893209,0.77579,0.69579,11
/results/PPAC_BACSU/run1/02_hierarchical_m_fold_sampling_2haw/sampling_round_4/02_sampling/sampling_4/group_1_unrelaxed_rank_001_alphafold2_ptm_model_1_seed_042.pdb,92.20834951456307,0.88876,0.67343,11
/results/PPAC_BACSU/run1/02_hierarchical_m_fold_sampling_2haw/sampling_round_4/02_sampling/sampling_4/group_11_unrelaxed_rank_001_alphafold2_ptm_model_1_seed_042.pdb,88.8045954692557,0.83811,0.68119,11
/results/PPAC_BACSU/run1/02_hierarchical_m_fold_sampling_2haw/sampling_round_4/02_sampling/sampling_4/group_2_unrelaxed_rank_001_alphafold2_ptm_model_1_seed_042.pdb,90.2644660194175,0.89288,0.67347,11
/results/PPAC_BACSU/run1/02_hierarchical_m_fold_sampling_2haw/sampling_round_4/02_sampling/sampling_12/group_8_unrelaxed_rank_001_alphafold2_ptm_model_1_seed_042.pdb,91.42074433656956,0.88894,0.67665,11
/results/PPAC_BACSU/run1/02_hierarchical_m_fold_sampling_2haw/sampling_round_4/02_sampling/sampling_12/group_6_unrelaxed_rank_001_alphafold2_ptm_model_1_seed_042.pdb,90.21242718446598,0.86001,0.67623,11
/results/PPAC_BACSU/run1/02_hierarchical_m_fold_sampling_2haw/sampling_round_4/02_sampling/sampling_12/group_13_unrelaxed_rank_001_alphafold2_ptm_model_1_seed_042.pdb,90.6586084142395,0.7493,0.70356,15
/results/PPAC_BACSU/run1/02_hierarchical_m_fold_sampling_2haw/sampling_round_4/02_sampling/sampling_12/group_7_unrelaxed_rank_001_alphafold2_ptm_model_1_seed_042.pdb,89.91870550161812,0.88559,0.67122,11
/results/PPAC_BACSU/run1/02_hierarchical_m_fold_sampling_2haw/sampling_round_4/02_sampling/sampling_12/group_4_unrelaxed_rank_001_alphafold2_ptm_model_1_seed_042.pdb,90.67352750809061,0.89662,0.67595,11
/results/PPAC_BACSU/run1/02_hierarchical_m_fold_sampling_2haw/sampling_round_4/02_sampling/sampling_12/group_12_unrelaxed_rank_001_alphafold2_ptm_model_1_seed_042.pdb,90.07233009708735,0.87034,0.67513,11
/results/PPAC_BACSU/run1/02_hierarchical_m_fold_sampling_2haw/sampling_round_4/02_sampling/sampling_12/group_5_unrelaxed_rank_001_alphafold2_ptm_model_1_seed_042.pdb,90.99320388349513,0.69434,0.79765,11
/results/PPAC_BACSU/run1/02_hierarchical_m_fold_sampling_2haw/sampling_round_4/02_sampling/sampling_12/group_10_unrelaxed_rank_001_alphafold2_ptm_model_1_seed_042.pdb,90.50385113268608,0.90486,0.67312,11
/results/PPAC_BACSU/run1/02_hierarchical_m_fold_sampling_2haw/sampling_round_4/02_sampling/sampling_12/group_3_unrelaxed_rank_001_alphafold2_ptm_model_1_seed_042.pdb,92.0395792880259,0.87816,0.6769,11
/results/PPAC_BACSU/run1/02_hierarchical_m_fold_sampling_2haw/sampling_round_4/02_sampling/sampling_12/group_9_unrelaxed_rank_001_alphafold2_ptm_model_1_seed_042.pdb,87.17550161812287,0.84966,0.67531,11
/results/PPAC_BACSU/run1/02_hierarchical_m_fold_sampling_2haw/sampling_round_4/02_sampling/sampling_12/group_1_unrelaxed_rank_001_alphafold2_ptm_model_1_seed_042.pdb,88.71731391585769,0.86895,0.6738,11
/results/PPAC_BACSU/run1/02_hierarchical_m_fold_sampling_2haw/sampling_round_4/02_sampling/sampling_12/group_11_unrelaxed_rank_001_alphafold2_ptm_model_1_seed_042.pdb,90.47951456310682,0.89031,0.67468,11
/results/PPAC_BACSU/run1/02_hierarchical_m_fold_sampling_2haw/sampling_round_4/02_sampling/sampling_12/group_2_unrelaxed_rank_001_alphafold2_ptm_model_1_seed_042.pdb,90.36187702265379,0.89338,0.67406,11
/results/PPAC_BACSU/run1/02_hierarchical_m_fold_sampling_2haw/sampling_round_4/02_sampling/sampling_3/group_8_unrelaxed_rank_001_alphafold2_ptm_model_1_seed_042.pdb,90.81080906148861,0.87929,0.67677,11
/results/PPAC_BACSU/run1/02_hierarchical_m_fold_sampling_2haw/sampling_round_4/02_sampling/sampling_3/group_6_unrelaxed_rank_001_alphafold2_ptm_model_1_seed_042.pdb,89.62948220064716,0.8994,0.67305,11
/results/PPAC_BACSU/run1/02_hierarchical_m_fold_sampling_2haw/sampling_round_4/02_sampling/sampling_3/group_13_unrelaxed_rank_001_alphafold2_ptm_model_1_seed_042.pdb,91.96093851132687,0.85688,0.6792,15
/results/PPAC_BACSU/run1/02_hierarchical_m_fold_sampling_2haw/sampling_round_4/02_sampling/sampling_3/group_7_unrelaxed_rank_001_alphafold2_ptm_model_1_seed_042.pdb,90.92090614886732,0.88366,0.67564,11
/results/PPAC_BACSU/run1/02_hierarchical_m_fold_sampling_2haw/sampling_round_4/02_sampling/sampling_3/group_4_unrelaxed_rank_001_alphafold2_ptm_model_1_seed_042.pdb,89.63928802588997,0.84987,0.67815,11
/results/PPAC_BACSU/run1/02_hierarchical_m_fold_sampling_2haw/sampling_round_4/02_sampling/sampling_3/group_12_unrelaxed_rank_001_alphafold2_ptm_model_1_seed_042.pdb,89.63093851132685,0.90576,0.67172,11
/results/PPAC_BACSU/run1/02_hierarchical_m_fold_sampling_2haw/sampling_round_4/02_sampling/sampling_3/group_5_unrelaxed_rank_001_alphafold2_ptm_model_1_seed_042.pdb,90.75262135922326,0.88803,0.67681,11
/results/PPAC_BACSU/run1/02_hierarchical_m_fold_sampling_2haw/sampling_round_4/02_sampling/sampling_3/group_10_unrelaxed_rank_001_alphafold2_ptm_model_1_seed_042.pdb,91.58563106796115,0.72423,0.73628,11
/results/PPAC_BACSU/run1/02_hierarchical_m_fold_sampling_2haw/sampling_round_4/02_sampling/sampling_3/group_3_unrelaxed_rank_001_alphafold2_ptm_model_1_seed_042.pdb,90.87601941747569,0.81744,0.67296,11
/results/PPAC_BACSU/run1/02_hierarchical_m_fold_sampling_2haw/sampling_round_4/02_sampling/sampling_3/group_9_unrelaxed_rank_001_alphafold2_ptm_model_1_seed_042.pdb,89.8854692556635,0.90433,0.67584,11
/results/PPAC_BACSU/run1/02_hierarchical_m_fold_sampling_2haw/sampling_round_4/02_sampling/sampling_3/group_1_unrelaxed_rank_001_alphafold2_ptm_model_1_seed_042.pdb,90.65828478964407,0.8767,0.67628,11
/results/PPAC_BACSU/run1/02_hierarchical_m_fold_sampling_2haw/sampling_round_4/02_sampling/sampling_3/group_11_unrelaxed_rank_001_alphafold2_ptm_model_1_seed_042.pdb,90.98129449838186,0.79407,0.68735,11
/results/PPAC_BACSU/run1/02_hierarchical_m_fold_sampling_2haw/sampling_round_4/02_sampling/sampling_3/group_2_unrelaxed_rank_001_alphafold2_ptm_model_1_seed_042.pdb,89.35883495145623,0.86261,0.67913,11
/results/PPAC_BACSU/run1/02_hierarchical_m_fold_sampling_2haw/sampling_round_4/02_sampling/sampling_14/group_8_unrelaxed_rank_001_alphafold2_ptm_model_1_seed_042.pdb,87.45666666666666,0.86457,0.67357,11
/results/PPAC_BACSU/run1/02_hierarchical_m_fold_sampling_2haw/sampling_round_4/02_sampling/sampling_14/group_6_unrelaxed_rank_001_alphafold2_ptm_model_1_seed_042.pdb,91.05093851132676,0.89155,0.67174,11
/results/PPAC_BACSU/run1/02_hierarchical_m_fold_sampling_2haw/sampling_round_4/02_sampling/sampling_14/group_13_unrelaxed_rank_001_alphafold2_ptm_model_1_seed_042.pdb,90.50627831715208,0.83634,0.67959,15
/results/PPAC_BACSU/run1/02_hierarchical_m_fold_sampling_2haw/sampling_round_4/02_sampling/sampling_14/group_7_unrelaxed_rank_001_alphafold2_ptm_model_1_seed_042.pdb,91.41996763754042,0.92675,0.67783,11
/results/PPAC_BACSU/run1/02_hierarchical_m_fold_sampling_2haw/sampling_round_4/02_sampling/sampling_14/group_4_unrelaxed_rank_001_alphafold2_ptm_model_1_seed_042.pdb,89.14737864077664,0.86713,0.67837,11
/results/PPAC_BACSU/run1/02_hierarchical_m_fold_sampling_2haw/sampling_round_4/02_sampling/sampling_14/group_12_unrelaxed_rank_001_alphafold2_ptm_model_1_seed_042.pdb,91.31446601941751,0.87581,0.67656,11
/results/PPAC_BACSU/run1/02_hierarchical_m_fold_sampling_2haw/sampling_round_4/02_sampling/sampling_14/group_5_unrelaxed_rank_001_alphafold2_ptm_model_1_seed_042.pdb,91.83990291262133,0.81809,0.68219,11
/results/PPAC_BACSU/run1/02_hierarchical_m_fold_sampling_2haw/sampling_round_4/02_sampling/sampling_14/group_10_unrelaxed_rank_001_alphafold2_ptm_model_1_seed_042.pdb,91.8189320388351,0.88732,0.67619,11
/results/PPAC_BACSU/run1/02_hierarchical_m_fold_sampling_2haw/sampling_round_4/02_sampling/sampling_14/group_3_unrelaxed_rank_001_alphafold2_ptm_model_1_seed_042.pdb,89.74796116504855,0.8224,0.68192,11
/results/PPAC_BACSU/run1/02_hierarchical_m_fold_sampling_2haw/sampling_round_4/02_sampling/sampling_14/group_9_unrelaxed_rank_001_alphafold2_ptm_model_1_seed_042.pdb,90.41873786407766,0.85693,0.6784,11
/results/PPAC_BACSU/run1/02_hierarchical_m_fold_sampling_2haw/sampling_round_4/02_sampling/sampling_14/group_1_unrelaxed_rank_001_alphafold2_ptm_model_1_seed_042.pdb,91.26443365695793,0.8808,0.68012,11
/results/PPAC_BACSU/run1/02_hierarchical_m_fold_sampling_2haw/sampling_round_4/02_sampling/sampling_14/group_11_unrelaxed_rank_001_alphafold2_ptm_model_1_seed_042.pdb,89.60938511326863,0.87953,0.67572,11
/results/PPAC_BACSU/run1/02_hierarchical_m_fold_sampling_2haw/sampling_round_4/02_sampling/sampling_14/group_2_unrelaxed_rank_001_alphafold2_ptm_model_1_seed_042.pdb,90.84582524271843,0.87551,0.67422,11
/results/PPAC_BACSU/run1/02_hierarchical_m_fold_sampling_2haw/sampling_round_16/02_sampling/sampling_10/group_8_unrelaxed_rank_001_alphafold2_ptm_model_1_seed_042.pdb,88.90440129449838,0.85372,0.67812,11
/results/PPAC_BACSU/run1/02_hierarchical_m_fold_sampling_2haw/sampling_round_16/02_sampling/sampling_10/group_6_unrelaxed_rank_001_alphafold2_ptm_model_1_seed_042.pdb,90.31721682847895,0.8466,0.67972,11
/results/PPAC_BACSU/run1/02_hierarchical_m_fold_sampling_2haw/sampling_round_16/02_sampling/sampling_10/group_13_unrelaxed_rank_001_alphafold2_ptm_model_1_seed_042.pdb,91.6939482200647,0.8781,0.68018,15
/results/PPAC_BACSU/run1/02_hierarchical_m_fold_sampling_2haw/sampling_round_16/02_sampling/sampling_10/group_7_unrelaxed_rank_001_alphafold2_ptm_model_1_seed_042.pdb,91.25174757281555,0.7024,0.76871,11
/results/PPAC_BACSU/run1/02_hierarchical_m_fold_sampling_2haw/sampling_round_16/02_sampling/sampling_10/group_4_unrelaxed_rank_001_alphafold2_ptm_model_1_seed_042.pdb,88.80019417475725,0.89066,0.67397,11
/results/PPAC_BACSU/run1/02_hierarchical_m_fold_sampling_2haw/sampling_round_16/02_sampling/sampling_10/group_12_unrelaxed_rank_001_alphafold2_ptm_model_1_seed_042.pdb,90.73974110032366,0.88487,0.67214,11
/results/PPAC_BACSU/run1/02_hierarchical_m_fold_sampling_2haw/sampling_round_16/02_sampling/sampling_10/group_5_unrelaxed_rank_001_alphafold2_ptm_model_1_seed_042.pdb,88.86310679611655,0.88148,0.67709,11
/results/PPAC_BACSU/run1/02_hierarchical_m_fold_sampling_2haw/sampling_round_16/02_sampling/sampling_10/group_10_unrelaxed_rank_001_alphafold2_ptm_model_1_seed_042.pdb,91.05142394822,0.87535,0.67482,11
/results/PPAC_BACSU/run1/02_hierarchical_m_fold_sampling_2haw/sampling_round_16/02_sampling/sampling_10/group_3_unrelaxed_rank_001_alphafold2_ptm_model_1_seed_042.pdb,88.8764077669903,0.89608,0.66669,11
/results/PPAC_BACSU/run1/02_hierarchical_m_fold_sampling_2haw/sampling_round_16/02_sampling/sampling_10/group_9_unrelaxed_rank_001_alphafold2_ptm_model_1_seed_042.pdb,90.47932038834948,0.83204,0.68201,11
/results/PPAC_BACSU/run1/02_hierarchical_m_fold_sampling_2haw/sampling_round_16/02_sampling/sampling_10/group_1_unrelaxed_rank_001_alphafold2_ptm_model_1_seed_042.pdb,89.6082200647249,0.88339,0.6761,11
/results/PPAC_BACSU/run1/02_hierarchical_m_fold_sampling_2haw/sampling_round_16/02_sampling/sampling_10/group_11_unrelaxed_rank_001_alphafold2_ptm_model_1_seed_042.pdb,90.73822006472491,0.8717,0.6739,11
/results/PPAC_BACSU/run1/02_hierarchical_m_fold_sampling_2haw/sampling_round_16/02_sampling/sampling_10/group_2_unrelaxed_rank_001_alphafold2_ptm_model_1_seed_042.pdb,90.879644012945,0.89149,0.67328,11
/results/PPAC_BACSU/run1/02_hierarchical_m_fold_sampling_2haw/sampling_round_16/02_sampling/sampling_9/group_8_unrelaxed_rank_001_alphafold2_ptm_model_1_seed_042.pdb,90.78546925566341,0.87413,0.67657,11
/results/PPAC_BACSU/run1/02_hierarchical_m_fold_sampling_2haw/sampling_round_16/02_sampling/sampling_9/group_6_unrelaxed_rank_001_alphafold2_ptm_model_1_seed_042.pdb,90.69404530744333,0.91204,0.67298,11
/results/PPAC_BACSU/run1/02_hierarchical_m_fold_sampling_2haw/sampling_round_16/02_sampling/sampling_9/group_13_unrelaxed_rank_001_alphafold2_ptm_model_1_seed_042.pdb,91.41805825242719,0.86245,0.68153,15
/results/PPAC_BACSU/run1/02_hierarchical_m_fold_sampling_2haw/sampling_round_16/02_sampling/sampling_9/group_7_unrelaxed_rank_001_alphafold2_ptm_model_1_seed_042.pdb,91.49009708737862,0.67061,0.90242,11
/results/PPAC_BACSU/run1/02_hierarchical_m_fold_sampling_2haw/sampling_round_16/02_sampling/sampling_9/group_4_unrelaxed_rank_001_alphafold2_ptm_model_1_seed_042.pdb,89.1735275080907,0.89845,0.66552,11
/results/PPAC_BACSU/run1/02_hierarchical_m_fold_sampling_2haw/sampling_round_16/02_sampling/sampling_9/group_12_unrelaxed_rank_001_alphafold2_ptm_model_1_seed_042.pdb,89.74077669902921,0.90354,0.67369,11
/results/PPAC_BACSU/run1/02_hierarchical_m_fold_sampling_2haw/sampling_round_16/02_sampling/sampling_9/group_5_unrelaxed_rank_001_alphafold2_ptm_model_1_seed_042.pdb,90.84792880258902,0.8945,0.67719,11
/results/PPAC_BACSU/run1/02_hierarchical_m_fold_sampling_2haw/sampling_round_16/02_sampling/sampling_9/group_10_unrelaxed_rank_001_alphafold2_ptm_model_1_seed_042.pdb,90.74763754045307,0.90839,0.67381,11
/results/PPAC_BACSU/run1/02_hierarchical_m_fold_sampling_2haw/sampling_round_16/02_sampling/sampling_9/group_3_unrelaxed_rank_001_alphafold2_ptm_model_1_seed_042.pdb,90.32288025889973,0.90603,0.67286,11
/results/PPAC_BACSU/run1/02_hierarchical_m_fold_sampling_2haw/sampling_round_16/02_sampling/sampling_9/group_9_unrelaxed_rank_001_alphafold2_ptm_model_1_seed_042.pdb,90.40948220064728,0.78272,0.7012,11
/results/PPAC_BACSU/run1/02_hierarchical_m_fold_sampling_2haw/sampling_round_16/02_sampling/sampling_9/group_1_unrelaxed_rank_001_alphafold2_ptm_model_1_seed_042.pdb,89.84090614886738,0.87685,0.67387,11
/results/PPAC_BACSU/run1/02_hierarchical_m_fold_sampling_2haw/sampling_round_16/02_sampling/sampling_9/group_11_unrelaxed_rank_001_alphafold2_ptm_model_1_seed_042.pdb,90.87307443365692,0.88706,0.67439,11
/results/PPAC_BACSU/run1/02_hierarchical_m_fold_sampling_2haw/sampling_round_16/02_sampling/sampling_9/group_2_unrelaxed_rank_001_alphafold2_ptm_model_1_seed_042.pdb,90.83676375404534,0.67783,0.88238,11
/results/PPAC_BACSU/run1/02_hierarchical_m_fold_sampling_2haw/sampling_round_16/02_sampling/sampling_6/group_8_unrelaxed_rank_001_alphafold2_ptm_model_1_seed_042.pdb,90.814142394822,0.9107,0.67538,11
/results/PPAC_BACSU/run1/02_hierarchical_m_fold_sampling_2haw/sampling_round_16/02_sampling/sampling_6/group_6_unrelaxed_rank_001_alphafold2_ptm_model_1_seed_042.pdb,89.75935275080903,0.86196,0.67287,11
/results/PPAC_BACSU/run1/02_hierarchical_m_fold_sampling_2haw/sampling_round_16/02_sampling/sampling_6/group_13_unrelaxed_rank_001_alphafold2_ptm_model_1_seed_042.pdb,92.05449838187701,0.88281,0.67214,15
/results/PPAC_BACSU/run1/02_hierarchical_m_fold_sampling_2haw/sampling_round_16/02_sampling/sampling_6/group_7_unrelaxed_rank_001_alphafold2_ptm_model_1_seed_042.pdb,91.77715210355986,0.88402,0.67523,11
/results/PPAC_BACSU/run1/02_hierarchical_m_fold_sampling_2haw/sampling_round_16/02_sampling/sampling_6/group_4_unrelaxed_rank_001_alphafold2_ptm_model_1_seed_042.pdb,90.65045307443366,0.91397,0.67326,11
/results/PPAC_BACSU/run1/02_hierarchical_m_fold_sampling_2haw/sampling_round_16/02_sampling/sampling_6/group_12_unrelaxed_rank_001_alphafold2_ptm_model_1_seed_042.pdb,90.43663430420716,0.86613,0.67915,11
/results/PPAC_BACSU/run1/02_hierarchical_m_fold_sampling_2haw/sampling_round_16/02_sampling/sampling_6/group_5_unrelaxed_rank_001_alphafold2_ptm_model_1_seed_042.pdb,91.01708737864078,0.85212,0.6774,11
/results/PPAC_BACSU/run1/02_hierarchical_m_fold_sampling_2haw/sampling_round_16/02_sampling/sampling_6/group_10_unrelaxed_rank_001_alphafold2_ptm_model_1_seed_042.pdb,90.87362459546934,0.88902,0.67488,11
/results/PPAC_BACSU/run1/02_hierarchical_m_fold_sampling_2haw/sampling_round_16/02_sampling/sampling_6/group_3_unrelaxed_rank_001_alphafold2_ptm_model_1_seed_042.pdb,89.84048543689329,0.76052,0.70515,11
/results/PPAC_BACSU/run1/02_hierarchical_m_fold_sampling_2haw/sampling_round_16/02_sampling/sampling_6/group_9_unrelaxed_rank_001_alphafold2_ptm_model_1_seed_042.pdb,90.73618122977345,0.90544,0.67145,11
/results/PPAC_BACSU/run1/02_hierarchical_m_fold_sampling_2haw/sampling_round_16/02_sampling/sampling_6/group_1_unrelaxed_rank_001_alphafold2_ptm_model_1_seed_042.pdb,90.61284789644016,0.87908,0.67524,11
/results/PPAC_BACSU/run1/02_hierarchical_m_fold_sampling_2haw/sampling_round_16/02_sampling/sampling_6/group_11_unrelaxed_rank_001_alphafold2_ptm_model_1_seed_042.pdb,89.0728802588997,0.74924,0.70338,11
/results/PPAC_BACSU/run1/02_hierarchical_m_fold_sampling_2haw/sampling_round_16/02_sampling/sampling_6/group_2_unrelaxed_rank_001_alphafold2_ptm_model_1_seed_042.pdb,91.90433656957933,0.88612,0.67864,11
/results/PPAC_BACSU/run1/02_hierarchical_m_fold_sampling_2haw/sampling_round_16/02_sampling/sampling_1/group_8_unrelaxed_rank_001_alphafold2_ptm_model_1_seed_042.pdb,90.85689320388349,0.88414,0.67412,11
/results/PPAC_BACSU/run1/02_hierarchical_m_fold_sampling_2haw/sampling_round_16/02_sampling/sampling_1/group_6_unrelaxed_rank_001_alphafold2_ptm_model_1_seed_042.pdb,91.09724919093853,0.89032,0.67816,11
/results/PPAC_BACSU/run1/02_hierarchical_m_fold_sampling_2haw/sampling_round_16/02_sampling/sampling_1/group_13_unrelaxed_rank_001_alphafold2_ptm_model_1_seed_042.pdb,91.83388349514564,0.89921,0.67335,15
/results/PPAC_BACSU/run1/02_hierarchical_m_fold_sampling_2haw/sampling_round_16/02_sampling/sampling_1/group_7_unrelaxed_rank_001_alphafold2_ptm_model_1_seed_042.pdb,91.1603236245954,0.86887,0.67964,11
/results/PPAC_BACSU/run1/02_hierarchical_m_fold_sampling_2haw/sampling_round_16/02_sampling/sampling_1/group_4_unrelaxed_rank_001_alphafold2_ptm_model_1_seed_042.pdb,89.0107443365695,0.93594,0.67197,11
/results/PPAC_BACSU/run1/02_hierarchical_m_fold_sampling_2haw/sampling_round_16/02_sampling/sampling_1/group_12_unrelaxed_rank_001_alphafold2_ptm_model_1_seed_042.pdb,90.96695792880259,0.87621,0.67701,11
/results/PPAC_BACSU/run1/02_hierarchical_m_fold_sampling_2haw/sampling_round_16/02_sampling/sampling_1/group_5_unrelaxed_rank_001_alphafold2_ptm_model_1_seed_042.pdb,92.11996763754047,0.70217,0.78837,11
/results/PPAC_BACSU/run1/02_hierarchical_m_fold_sampling_2haw/sampling_round_16/02_sampling/sampling_1/group_10_unrelaxed_rank_001_alphafold2_ptm_model_1_seed_042.pdb,90.64132686084139,0.89384,0.67318,11
/results/PPAC_BACSU/run1/02_hierarchical_m_fold_sampling_2haw/sampling_round_16/02_sampling/sampling_1/group_3_unrelaxed_rank_001_alphafold2_ptm_model_1_seed_042.pdb,90.71640776699026,0.87542,0.67697,11
/results/PPAC_BACSU/run1/02_hierarchical_m_fold_sampling_2haw/sampling_round_16/02_sampling/sampling_1/group_9_unrelaxed_rank_001_alphafold2_ptm_model_1_seed_042.pdb,89.81990291262133,0.92855,0.67425,11
/results/PPAC_BACSU/run1/02_hierarchical_m_fold_sampling_2haw/sampling_round_16/02_sampling/sampling_1/group_1_unrelaxed_rank_001_alphafold2_ptm_model_1_seed_042.pdb,90.26145631067958,0.89802,0.67513,11
/results/PPAC_BACSU/run1/02_hierarchical_m_fold_sampling_2haw/sampling_round_16/02_sampling/sampling_1/group_11_unrelaxed_rank_001_alphafold2_ptm_model_1_seed_042.pdb,90.86116504854371,0.89899,0.67446,11
/results/PPAC_BACSU/run1/02_hierarchical_m_fold_sampling_2haw/sampling_round_16/02_sampling/sampling_1/group_2_unrelaxed_rank_001_alphafold2_ptm_model_1_seed_042.pdb,90.0722006472492,0.86116,0.67634,11
/results/PPAC_BACSU/run1/02_hierarchical_m_fold_sampling_2haw/sampling_round_16/02_sampling/sampling_5/group_8_unrelaxed_rank_001_alphafold2_ptm_model_1_seed_042.pdb,90.56365695792879,0.89485,0.67605,11
/results/PPAC_BACSU/run1/02_hierarchical_m_fold_sampling_2haw/sampling_round_16/02_sampling/sampling_5/group_6_unrelaxed_rank_001_alphafold2_ptm_model_1_seed_042.pdb,87.97281553398055,0.91505,0.67151,11
/results/PPAC_BACSU/run1/02_hierarchical_m_fold_sampling_2haw/sampling_round_16/02_sampling/sampling_5/group_13_unrelaxed_rank_001_alphafold2_ptm_model_1_seed_042.pdb,89.55899676375404,0.81503,0.67215,15
/results/PPAC_BACSU/run1/02_hierarchical_m_fold_sampling_2haw/sampling_round_16/02_sampling/sampling_5/group_7_unrelaxed_rank_001_alphafold2_ptm_model_1_seed_042.pdb,91.71233009708737,0.87474,0.67646,11
/results/PPAC_BACSU/run1/02_hierarchical_m_fold_sampling_2haw/sampling_round_16/02_sampling/sampling_5/group_4_unrelaxed_rank_001_alphafold2_ptm_model_1_seed_042.pdb,89.79498381877025,0.83625,0.67563,11
/results/PPAC_BACSU/run1/02_hierarchical_m_fold_sampling_2haw/sampling_round_16/02_sampling/sampling_5/group_12_unrelaxed_rank_001_alphafold2_ptm_model_1_seed_042.pdb,90.53443365695792,0.88733,0.67577,11
/results/PPAC_BACSU/run1/02_hierarchical_m_fold_sampling_2haw/sampling_round_16/02_sampling/sampling_5/group_5_unrelaxed_rank_001_alphafold2_ptm_model_1_seed_042.pdb,91.1890291262136,0.89257,0.67283,11
/results/PPAC_BACSU/run1/02_hierarchical_m_fold_sampling_2haw/sampling_round_16/02_sampling/sampling_5/group_10_unrelaxed_rank_001_alphafold2_ptm_model_1_seed_042.pdb,91.88339805825248,0.8814,0.67538,11
/results/PPAC_BACSU/run1/02_hierarchical_m_fold_sampling_2haw/sampling_round_16/02_sampling/sampling_5/group_3_unrelaxed_rank_001_alphafold2_ptm_model_1_seed_042.pdb,90.64944983818768,0.86739,0.67982,11
/results/PPAC_BACSU/run1/02_hierarchical_m_fold_sampling_2haw/sampling_round_16/02_sampling/sampling_5/group_9_unrelaxed_rank_001_alphafold2_ptm_model_1_seed_042.pdb,91.30867313915856,0.68626,0.85538,11
/results/PPAC_BACSU/run1/02_hierarchical_m_fold_sampling_2haw/sampling_round_16/02_sampling/sampling_5/group_1_unrelaxed_rank_001_alphafold2_ptm_model_1_seed_042.pdb,90.72048543689316,0.88814,0.6715,11
/results/PPAC_BACSU/run1/02_hierarchical_m_fold_sampling_2haw/sampling_round_16/02_sampling/sampling_5/group_11_unrelaxed_rank_001_alphafold2_ptm_model_1_seed_042.pdb,90.57113268608417,0.88089,0.67881,11
/results/PPAC_BACSU/run1/02_hierarchical_m_fold_sampling_2haw/sampling_round_16/02_sampling/sampling_5/group_2_unrelaxed_rank_001_alphafold2_ptm_model_1_seed_042.pdb,90.4193527508091,0.91428,0.67583,11
/results/PPAC_BACSU/run1/02_hierarchical_m_fold_sampling_2haw/sampling_round_16/02_sampling/sampling_8/group_8_unrelaxed_rank_001_alphafold2_ptm_model_1_seed_042.pdb,90.16375404530746,0.89759,0.6749,11
/results/PPAC_BACSU/run1/02_hierarchical_m_fold_sampling_2haw/sampling_round_16/02_sampling/sampling_8/group_6_unrelaxed_rank_001_alphafold2_ptm_model_1_seed_042.pdb,92.68427184466022,0.66138,0.93696,11
/results/PPAC_BACSU/run1/02_hierarchical_m_fold_sampling_2haw/sampling_round_16/02_sampling/sampling_8/group_13_unrelaxed_rank_001_alphafold2_ptm_model_1_seed_042.pdb,91.68653721682854,0.90847,0.66945,15
/results/PPAC_BACSU/run1/02_hierarchical_m_fold_sampling_2haw/sampling_round_16/02_sampling/sampling_8/group_7_unrelaxed_rank_001_alphafold2_ptm_model_1_seed_042.pdb,91.5719741100324,0.88133,0.6758,11
/results/PPAC_BACSU/run1/02_hierarchical_m_fold_sampling_2haw/sampling_round_16/02_sampling/sampling_8/group_4_unrelaxed_rank_001_alphafold2_ptm_model_1_seed_042.pdb,91.30724919093859,0.92126,0.67077,11
/results/PPAC_BACSU/run1/02_hierarchical_m_fold_sampling_2haw/sampling_round_16/02_sampling/sampling_8/group_12_unrelaxed_rank_001_alphafold2_ptm_model_1_seed_042.pdb,90.19398058252425,0.87589,0.67614,11
/results/PPAC_BACSU/run1/02_hierarchical_m_fold_sampling_2haw/sampling_round_16/02_sampling/sampling_8/group_5_unrelaxed_rank_001_alphafold2_ptm_model_1_seed_042.pdb,91.13436893203885,0.88536,0.67884,11
/results/PPAC_BACSU/run1/02_hierarchical_m_fold_sampling_2haw/sampling_round_16/02_sampling/sampling_8/group_10_unrelaxed_rank_001_alphafold2_ptm_model_1_seed_042.pdb,89.27401294498382,0.90229,0.67114,11
/results/PPAC_BACSU/run1/02_hierarchical_m_fold_sampling_2haw/sampling_round_16/02_sampling/sampling_8/group_3_unrelaxed_rank_001_alphafold2_ptm_model_1_seed_042.pdb,89.87443365695795,0.89372,0.67356,11
/results/PPAC_BACSU/run1/02_hierarchical_m_fold_sampling_2haw/sampling_round_16/02_sampling/sampling_8/group_9_unrelaxed_rank_001_alphafold2_ptm_model_1_seed_042.pdb,90.11941747572814,0.8699,0.67855,11
/results/PPAC_BACSU/run1/02_hierarchical_m_fold_sampling_2haw/sampling_round_16/02_sampling/sampling_8/group_1_unrelaxed_rank_001_alphafold2_ptm_model_1_seed_042.pdb,91.41304207119748,0.87491,0.67604,11
/results/PPAC_BACSU/run1/02_hierarchical_m_fold_sampling_2haw/sampling_round_16/02_sampling/sampling_8/group_11_unrelaxed_rank_001_alphafold2_ptm_model_1_seed_042.pdb,90.93773462783177,0.89938,0.67479,11
/results/PPAC_BACSU/run1/02_hierarchical_m_fold_sampling_2haw/sampling_round_16/02_sampling/sampling_8/group_2_unrelaxed_rank_001_alphafold2_ptm_model_1_seed_042.pdb,90.2450485436894,0.90564,0.67246,11
/results/PPAC_BACSU/run1/02_hierarchical_m_fold_sampling_2haw/sampling_round_16/02_sampling/sampling_7/group_8_unrelaxed_rank_001_alphafold2_ptm_model_1_seed_042.pdb,90.32145631067958,0.83282,0.67886,11
/results/PPAC_BACSU/run1/02_hierarchical_m_fold_sampling_2haw/sampling_round_16/02_sampling/sampling_7/group_6_unrelaxed_rank_001_alphafold2_ptm_model_1_seed_042.pdb,90.87359223300975,0.88136,0.6773,11
/results/PPAC_BACSU/run1/02_hierarchical_m_fold_sampling_2haw/sampling_round_16/02_sampling/sampling_7/group_13_unrelaxed_rank_001_alphafold2_ptm_model_1_seed_042.pdb,90.83262135922327,0.88453,0.6745,15
/results/PPAC_BACSU/run1/02_hierarchical_m_fold_sampling_2haw/sampling_round_16/02_sampling/sampling_7/group_7_unrelaxed_rank_001_alphafold2_ptm_model_1_seed_042.pdb,89.03537216828471,0.68539,0.86092,11
/results/PPAC_BACSU/run1/02_hierarchical_m_fold_sampling_2haw/sampling_round_16/02_sampling/sampling_7/group_4_unrelaxed_rank_001_alphafold2_ptm_model_1_seed_042.pdb,89.89084142394823,0.9163,0.67577,11
/results/PPAC_BACSU/run1/02_hierarchical_m_fold_sampling_2haw/sampling_round_16/02_sampling/sampling_7/group_12_unrelaxed_rank_001_alphafold2_ptm_model_1_seed_042.pdb,87.10229773462791,0.88006,0.63543,11
/results/PPAC_BACSU/run1/02_hierarchical_m_fold_sampling_2haw/sampling_round_16/02_sampling/sampling_7/group_5_unrelaxed_rank_001_alphafold2_ptm_model_1_seed_042.pdb,90.05491909385113,0.90227,0.67283,11
/results/PPAC_BACSU/run1/02_hierarchical_m_fold_sampling_2haw/sampling_round_16/02_sampling/sampling_7/group_10_unrelaxed_rank_001_alphafold2_ptm_model_1_seed_042.pdb,87.218932038835,0.88227,0.66294,11
/results/PPAC_BACSU/run1/02_hierarchical_m_fold_sampling_2haw/sampling_round_16/02_sampling/sampling_7/group_3_unrelaxed_rank_001_alphafold2_ptm_model_1_seed_042.pdb,89.74430420711984,0.88021,0.67282,11
/results/PPAC_BACSU/run1/02_hierarchical_m_fold_sampling_2haw/sampling_round_16/02_sampling/sampling_7/group_9_unrelaxed_rank_001_alphafold2_ptm_model_1_seed_042.pdb,91.22786407766992,0.93402,0.67442,11
/results/PPAC_BACSU/run1/02_hierarchical_m_fold_sampling_2haw/sampling_round_16/02_sampling/sampling_7/group_1_unrelaxed_rank_001_alphafold2_ptm_model_1_seed_042.pdb,89.9996763754045,0.86073,0.67809,11
/results/PPAC_BACSU/run1/02_hierarchical_m_fold_sampling_2haw/sampling_round_16/02_sampling/sampling_7/group_11_unrelaxed_rank_001_alphafold2_ptm_model_1_seed_042.pdb,90.75809061488667,0.89435,0.67266,11
/results/PPAC_BACSU/run1/02_hierarchical_m_fold_sampling_2haw/sampling_round_16/02_sampling/sampling_7/group_2_unrelaxed_rank_001_alphafold2_ptm_model_1_seed_042.pdb,90.21278317152105,0.88534,0.67609,11
/results/PPAC_BACSU/run1/02_hierarchical_m_fold_sampling_2haw/sampling_round_16/02_sampling/sampling_2/group_8_unrelaxed_rank_001_alphafold2_ptm_model_1_seed_042.pdb,91.27122977346282,0.89899,0.67475,11
/results/PPAC_BACSU/run1/02_hierarchical_m_fold_sampling_2haw/sampling_round_16/02_sampling/sampling_2/group_6_unrelaxed_rank_001_alphafold2_ptm_model_1_seed_042.pdb,88.19420711974108,0.89667,0.66504,11
/results/PPAC_BACSU/run1/02_hierarchical_m_fold_sampling_2haw/sampling_round_16/02_sampling/sampling_2/group_13_unrelaxed_rank_001_alphafold2_ptm_model_1_seed_042.pdb,91.54281553398067,0.88955,0.67349,15
/results/PPAC_BACSU/run1/02_hierarchical_m_fold_sampling_2haw/sampling_round_16/02_sampling/sampling_2/group_7_unrelaxed_rank_001_alphafold2_ptm_model_1_seed_042.pdb,90.31381877022656,0.86318,0.67817,11
/results/PPAC_BACSU/run1/02_hierarchical_m_fold_sampling_2haw/sampling_round_16/02_sampling/sampling_2/group_4_unrelaxed_rank_001_alphafold2_ptm_model_1_seed_042.pdb,88.39466019417475,0.89542,0.675,11
/results/PPAC_BACSU/run1/02_hierarchical_m_fold_sampling_2haw/sampling_round_16/02_sampling/sampling_2/group_12_unrelaxed_rank_001_alphafold2_ptm_model_1_seed_042.pdb,90.81611650485443,0.86892,0.67662,11
/results/PPAC_BACSU/run1/02_hierarchical_m_fold_sampling_2haw/sampling_round_16/02_sampling/sampling_2/group_5_unrelaxed_rank_001_alphafold2_ptm_model_1_seed_042.pdb,89.27902912621366,0.87848,0.67759,11
/results/PPAC_BACSU/run1/02_hierarchical_m_fold_sampling_2haw/sampling_round_16/02_sampling/sampling_2/group_10_unrelaxed_rank_001_alphafold2_ptm_model_1_seed_042.pdb,89.76563106796118,0.87692,0.67679,11
/results/PPAC_BACSU/run1/02_hierarchical_m_fold_sampling_2haw/sampling_round_16/02_sampling/sampling_2/group_3_unrelaxed_rank_001_alphafold2_ptm_model_1_seed_042.pdb,90.97378640776701,0.86861,0.67698,11
/results/PPAC_BACSU/run1/02_hierarchical_m_fold_sampling_2haw/sampling_round_16/02_sampling/sampling_2/group_9_unrelaxed_rank_001_alphafold2_ptm_model_1_seed_042.pdb,90.65699029126213,0.88992,0.67655,11
/results/PPAC_BACSU/run1/02_hierarchical_m_fold_sampling_2haw/sampling_round_16/02_sampling/sampling_2/group_1_unrelaxed_rank_001_alphafold2_ptm_model_1_seed_042.pdb,89.68414239482202,0.85625,0.67846,11
/results/PPAC_BACSU/run1/02_hierarchical_m_fold_sampling_2haw/sampling_round_16/02_sampling/sampling_2/group_11_unrelaxed_rank_001_alphafold2_ptm_model_1_seed_042.pdb,90.32559870550159,0.89208,0.67441,11
/results/PPAC_BACSU/run1/02_hierarchical_m_fold_sampling_2haw/sampling_round_16/02_sampling/sampling_2/group_2_unrelaxed_rank_001_alphafold2_ptm_model_1_seed_042.pdb,90.76679611650489,0.88517,0.67273,11
/results/PPAC_BACSU/run1/02_hierarchical_m_fold_sampling_2haw/sampling_round_16/02_sampling/sampling_11/group_8_unrelaxed_rank_001_alphafold2_ptm_model_1_seed_042.pdb,90.68449838187703,0.87131,0.67692,11
/results/PPAC_BACSU/run1/02_hierarchical_m_fold_sampling_2haw/sampling_round_16/02_sampling/sampling_11/group_6_unrelaxed_rank_001_alphafold2_ptm_model_1_seed_042.pdb,88.70097087378647,0.90431,0.67241,11
/results/PPAC_BACSU/run1/02_hierarchical_m_fold_sampling_2haw/sampling_round_16/02_sampling/sampling_11/group_13_unrelaxed_rank_001_alphafold2_ptm_model_1_seed_042.pdb,91.328284789644,0.87523,0.67897,15
/results/PPAC_BACSU/run1/02_hierarchical_m_fold_sampling_2haw/sampling_round_16/02_sampling/sampling_11/group_7_unrelaxed_rank_001_alphafold2_ptm_model_1_seed_042.pdb,90.68304207119743,0.90128,0.67479,11
/results/PPAC_BACSU/run1/02_hierarchical_m_fold_sampling_2haw/sampling_round_16/02_sampling/sampling_11/group_4_unrelaxed_rank_001_alphafold2_ptm_model_1_seed_042.pdb,90.4191585760517,0.89302,0.67578,11
/results/PPAC_BACSU/run1/02_hierarchical_m_fold_sampling_2haw/sampling_round_16/02_sampling/sampling_11/group_12_unrelaxed_rank_001_alphafold2_ptm_model_1_seed_042.pdb,90.51320388349514,0.89329,0.67307,11
/results/PPAC_BACSU/run1/02_hierarchical_m_fold_sampling_2haw/sampling_round_16/02_sampling/sampling_11/group_5_unrelaxed_rank_001_alphafold2_ptm_model_1_seed_042.pdb,90.34588996763758,0.87793,0.67553,11
/results/PPAC_BACSU/run1/02_hierarchical_m_fold_sampling_2haw/sampling_round_16/02_sampling/sampling_11/group_10_unrelaxed_rank_001_alphafold2_ptm_model_1_seed_042.pdb,90.9927184466019,0.92272,0.67306,11
/results/PPAC_BACSU/run1/02_hierarchical_m_fold_sampling_2haw/sampling_round_16/02_sampling/sampling_11/group_3_unrelaxed_rank_001_alphafold2_ptm_model_1_seed_042.pdb,91.17122977346276,0.85257,0.67961,11
/results/PPAC_BACSU/run1/02_hierarchical_m_fold_sampling_2haw/sampling_round_16/02_sampling/sampling_11/group_9_unrelaxed_rank_001_alphafold2_ptm_model_1_seed_042.pdb,89.49647249190942,0.8704,0.6751,11
/results/PPAC_BACSU/run1/02_hierarchical_m_fold_sampling_2haw/sampling_round_16/02_sampling/sampling_11/group_1_unrelaxed_rank_001_alphafold2_ptm_model_1_seed_042.pdb,93.7078964401294,0.82664,0.68382,11
/results/PPAC_BACSU/run1/02_hierarchical_m_fold_sampling_2haw/sampling_round_16/02_sampling/sampling_11/group_11_unrelaxed_rank_001_alphafold2_ptm_model_1_seed_042.pdb,86.56588996763757,0.88613,0.67269,11
/results/PPAC_BACSU/run1/02_hierarchical_m_fold_sampling_2haw/sampling_round_16/02_sampling/sampling_11/group_2_unrelaxed_rank_001_alphafold2_ptm_model_1_seed_042.pdb,90.72297734627837,0.88249,0.67729,11
/results/PPAC_BACSU/run1/02_hierarchical_m_fold_sampling_2haw/sampling_round_16/02_sampling/sampling_13/group_8_unrelaxed_rank_001_alphafold2_ptm_model_1_seed_042.pdb,90.89579288025881,0.8868,0.67614,11
/results/PPAC_BACSU/run1/02_hierarchical_m_fold_sampling_2haw/sampling_round_16/02_sampling/sampling_13/group_6_unrelaxed_rank_001_alphafold2_ptm_model_1_seed_042.pdb,90.99889967637537,0.86736,0.67725,11
/results/PPAC_BACSU/run1/02_hierarchical_m_fold_sampling_2haw/sampling_round_16/02_sampling/sampling_13/group_13_unrelaxed_rank_001_alphafold2_ptm_model_1_seed_042.pdb,90.32711974110032,0.8576,0.67166,12
/results/PPAC_BACSU/run1/02_hierarchical_m_fold_sampling_2haw/sampling_round_16/02_sampling/sampling_13/group_7_unrelaxed_rank_001_alphafold2_ptm_model_1_seed_042.pdb,93.26016181229768,0.87181,0.67993,11
/results/PPAC_BACSU/run1/02_hierarchical_m_fold_sampling_2haw/sampling_round_16/02_sampling/sampling_13/group_4_unrelaxed_rank_001_alphafold2_ptm_model_1_seed_042.pdb,90.02158576051784,0.88363,0.67526,11
/results/PPAC_BACSU/run1/02_hierarchical_m_fold_sampling_2haw/sampling_round_16/02_sampling/sampling_13/group_12_unrelaxed_rank_001_alphafold2_ptm_model_1_seed_042.pdb,89.55362459546926,0.93027,0.67284,11
/results/PPAC_BACSU/run1/02_hierarchical_m_fold_sampling_2haw/sampling_round_16/02_sampling/sampling_13/group_5_unrelaxed_rank_001_alphafold2_ptm_model_1_seed_042.pdb,91.46103559870554,0.67198,0.89732,11
/results/PPAC_BACSU/run1/02_hierarchical_m_fold_sampling_2haw/sampling_round_16/02_sampling/sampling_13/group_10_unrelaxed_rank_001_alphafold2_ptm_model_1_seed_042.pdb,87.69789644012953,0.89888,0.64124,11
/results/PPAC_BACSU/run1/02_hierarchical_m_fold_sampling_2haw/sampling_round_16/02_sampling/sampling_13/group_3_unrelaxed_rank_001_alphafold2_ptm_model_1_seed_042.pdb,90.60967637540452,0.80301,0.68432,11
/results/PPAC_BACSU/run1/02_hierarchical_m_fold_sampling_2haw/sampling_round_16/02_sampling/sampling_13/group_9_unrelaxed_rank_001_alphafold2_ptm_model_1_seed_042.pdb,90.85877022653723,0.88762,0.6753,11
/results/PPAC_BACSU/run1/02_hierarchical_m_fold_sampling_2haw/sampling_round_16/02_sampling/sampling_13/group_1_unrelaxed_rank_001_alphafold2_ptm_model_1_seed_042.pdb,90.52472491909387,0.80421,0.6823,11
/results/PPAC_BACSU/run1/02_hierarchical_m_fold_sampling_2haw/sampling_round_16/02_sampling/sampling_13/group_11_unrelaxed_rank_001_alphafold2_ptm_model_1_seed_042.pdb,91.62168284789648,0.87989,0.67725,11
/results/PPAC_BACSU/run1/02_hierarchical_m_fold_sampling_2haw/sampling_round_16/02_sampling/sampling_13/group_2_unrelaxed_rank_001_alphafold2_ptm_model_1_seed_042.pdb,91.52045307443365,0.87707,0.67781,11
/results/PPAC_BACSU/run1/02_hierarchical_m_fold_sampling_2haw/sampling_round_16/02_sampling/sampling_4/group_8_unrelaxed_rank_001_alphafold2_ptm_model_1_seed_042.pdb,89.57313915857611,0.79791,0.68361,11
/results/PPAC_BACSU/run1/02_hierarchical_m_fold_sampling_2haw/sampling_round_16/02_sampling/sampling_4/group_6_unrelaxed_rank_001_alphafold2_ptm_model_1_seed_042.pdb,89.81598705501631,0.83305,0.6821,11
/results/PPAC_BACSU/run1/02_hierarchical_m_fold_sampling_2haw/sampling_round_16/02_sampling/sampling_4/group_13_unrelaxed_rank_001_alphafold2_ptm_model_1_seed_042.pdb,91.03857605177996,0.8879,0.67479,15
/results/PPAC_BACSU/run1/02_hierarchical_m_fold_sampling_2haw/sampling_round_16/02_sampling/sampling_4/group_7_unrelaxed_rank_001_alphafold2_ptm_model_1_seed_042.pdb,90.12864077669899,0.87754,0.67604,11
/results/PPAC_BACSU/run1/02_hierarchical_m_fold_sampling_2haw/sampling_round_16/02_sampling/sampling_4/group_4_unrelaxed_rank_001_alphafold2_ptm_model_1_seed_042.pdb,92.00627831715208,0.68007,0.88743,11
/results/PPAC_BACSU/run1/02_hierarchical_m_fold_sampling_2haw/sampling_round_16/02_sampling/sampling_4/group_12_unrelaxed_rank_001_alphafold2_ptm_model_1_seed_042.pdb,90.55860841423957,0.8964,0.67211,11
/results/PPAC_BACSU/run1/02_hierarchical_m_fold_sampling_2haw/sampling_round_16/02_sampling/sampling_4/group_5_unrelaxed_rank_001_alphafold2_ptm_model_1_seed_042.pdb,90.83294498381878,0.8772,0.67512,11
/results/PPAC_BACSU/run1/02_hierarchical_m_fold_sampling_2haw/sampling_round_16/02_sampling/sampling_4/group_10_unrelaxed_rank_001_alphafold2_ptm_model_1_seed_042.pdb,91.9866019417476,0.88959,0.67626,11
/results/PPAC_BACSU/run1/02_hierarchical_m_fold_sampling_2haw/sampling_round_16/02_sampling/sampling_4/group_3_unrelaxed_rank_001_alphafold2_ptm_model_1_seed_042.pdb,90.51233009708731,0.71236,0.7395,11
/results/PPAC_BACSU/run1/02_hierarchical_m_fold_sampling_2haw/sampling_round_16/02_sampling/sampling_4/group_9_unrelaxed_rank_001_alphafold2_ptm_model_1_seed_042.pdb,90.92702265372174,0.82945,0.6801,11
/results/PPAC_BACSU/run1/02_hierarchical_m_fold_sampling_2haw/sampling_round_16/02_sampling/sampling_4/group_1_unrelaxed_rank_001_alphafold2_ptm_model_1_seed_042.pdb,91.8468932038835,0.89902,0.6748,11
/results/PPAC_BACSU/run1/02_hierarchical_m_fold_sampling_2haw/sampling_round_16/02_sampling/sampling_4/group_11_unrelaxed_rank_001_alphafold2_ptm_model_1_seed_042.pdb,90.49453074433657,0.83962,0.67996,11
/results/PPAC_BACSU/run1/02_hierarchical_m_fold_sampling_2haw/sampling_round_16/02_sampling/sampling_4/group_2_unrelaxed_rank_001_alphafold2_ptm_model_1_seed_042.pdb,90.30171521035595,0.90189,0.67549,11
/results/PPAC_BACSU/run1/02_hierarchical_m_fold_sampling_2haw/sampling_round_16/02_sampling/sampling_12/group_8_unrelaxed_rank_001_alphafold2_ptm_model_1_seed_042.pdb,89.97831715210353,0.90357,0.672,11
/results/PPAC_BACSU/run1/02_hierarchical_m_fold_sampling_2haw/sampling_round_16/02_sampling/sampling_12/group_6_unrelaxed_rank_001_alphafold2_ptm_model_1_seed_042.pdb,89.37851132686082,0.87632,0.67774,11
/results/PPAC_BACSU/run1/02_hierarchical_m_fold_sampling_2haw/sampling_round_16/02_sampling/sampling_12/group_13_unrelaxed_rank_001_alphafold2_ptm_model_1_seed_042.pdb,91.25430420711972,0.90479,0.67434,15
/results/PPAC_BACSU/run1/02_hierarchical_m_fold_sampling_2haw/sampling_round_16/02_sampling/sampling_12/group_7_unrelaxed_rank_001_alphafold2_ptm_model_1_seed_042.pdb,90.70262135922334,0.89699,0.67131,11
/results/PPAC_BACSU/run1/02_hierarchical_m_fold_sampling_2haw/sampling_round_16/02_sampling/sampling_12/group_4_unrelaxed_rank_001_alphafold2_ptm_model_1_seed_042.pdb,89.63899676375402,0.86236,0.67416,11
/results/PPAC_BACSU/run1/02_hierarchical_m_fold_sampling_2haw/sampling_round_16/02_sampling/sampling_12/group_12_unrelaxed_rank_001_alphafold2_ptm_model_1_seed_042.pdb,90.4705501618123,0.8811,0.67364,11
/results/PPAC_BACSU/run1/02_hierarchical_m_fold_sampling_2haw/sampling_round_16/02_sampling/sampling_12/group_5_unrelaxed_rank_001_alphafold2_ptm_model_1_seed_042.pdb,91.92313915857603,0.89776,0.67307,11
/results/PPAC_BACSU/run1/02_hierarchical_m_fold_sampling_2haw/sampling_round_16/02_sampling/sampling_12/group_10_unrelaxed_rank_001_alphafold2_ptm_model_1_seed_042.pdb,90.3554692556634,0.88829,0.67334,11
/results/PPAC_BACSU/run1/02_hierarchical_m_fold_sampling_2haw/sampling_round_16/02_sampling/sampling_12/group_3_unrelaxed_rank_001_alphafold2_ptm_model_1_seed_042.pdb,90.37896440129447,0.87221,0.67382,11
/results/PPAC_BACSU/run1/02_hierarchical_m_fold_sampling_2haw/sampling_round_16/02_sampling/sampling_12/group_9_unrelaxed_rank_001_alphafold2_ptm_model_1_seed_042.pdb,90.7769902912621,0.89027,0.67493,11
/results/PPAC_BACSU/run1/02_hierarchical_m_fold_sampling_2haw/sampling_round_16/02_sampling/sampling_12/group_1_unrelaxed_rank_001_alphafold2_ptm_model_1_seed_042.pdb,91.46928802589002,0.87336,0.67451,11
/results/PPAC_BACSU/run1/02_hierarchical_m_fold_sampling_2haw/sampling_round_16/02_sampling/sampling_12/group_11_unrelaxed_rank_001_alphafold2_ptm_model_1_seed_042.pdb,89.74045307443362,0.79587,0.69676,11
/results/PPAC_BACSU/run1/02_hierarchical_m_fold_sampling_2haw/sampling_round_16/02_sampling/sampling_12/group_2_unrelaxed_rank_001_alphafold2_ptm_model_1_seed_042.pdb,90.33964401294503,0.82268,0.68795,11
/results/PPAC_BACSU/run1/02_hierarchical_m_fold_sampling_2haw/sampling_round_16/02_sampling/sampling_3/group_8_unrelaxed_rank_001_alphafold2_ptm_model_1_seed_042.pdb,91.04252427184464,0.85481,0.67798,11
/results/PPAC_BACSU/run1/02_hierarchical_m_fold_sampling_2haw/sampling_round_16/02_sampling/sampling_3/group_6_unrelaxed_rank_001_alphafold2_ptm_model_1_seed_042.pdb,90.46456310679619,0.8884,0.67563,11
/results/PPAC_BACSU/run1/02_hierarchical_m_fold_sampling_2haw/sampling_round_16/02_sampling/sampling_3/group_13_unrelaxed_rank_001_alphafold2_ptm_model_1_seed_042.pdb,90.6113915857605,0.88033,0.67521,15
/results/PPAC_BACSU/run1/02_hierarchical_m_fold_sampling_2haw/sampling_round_16/02_sampling/sampling_3/group_7_unrelaxed_rank_001_alphafold2_ptm_model_1_seed_042.pdb,90.63957928802594,0.88818,0.67607,11
/results/PPAC_BACSU/run1/02_hierarchical_m_fold_sampling_2haw/sampling_round_16/02_sampling/sampling_3/group_4_unrelaxed_rank_001_alphafold2_ptm_model_1_seed_042.pdb,90.66436893203881,0.90694,0.67892,11
/results/PPAC_BACSU/run1/02_hierarchical_m_fold_sampling_2haw/sampling_round_16/02_sampling/sampling_3/group_12_unrelaxed_rank_001_alphafold2_ptm_model_1_seed_042.pdb,91.41559870550161,0.6986,0.79213,11
/results/PPAC_BACSU/run1/02_hierarchical_m_fold_sampling_2haw/sampling_round_16/02_sampling/sampling_3/group_5_unrelaxed_rank_001_alphafold2_ptm_model_1_seed_042.pdb,91.18721682847892,0.8578,0.68151,11
/results/PPAC_BACSU/run1/02_hierarchical_m_fold_sampling_2haw/sampling_round_16/02_sampling/sampling_3/group_10_unrelaxed_rank_001_alphafold2_ptm_model_1_seed_042.pdb,91.55404530744332,0.89161,0.67722,11
/results/PPAC_BACSU/run1/02_hierarchical_m_fold_sampling_2haw/sampling_round_16/02_sampling/sampling_3/group_3_unrelaxed_rank_001_alphafold2_ptm_model_1_seed_042.pdb,90.59307443365701,0.9097,0.67237,11
/results/PPAC_BACSU/run1/02_hierarchical_m_fold_sampling_2haw/sampling_round_16/02_sampling/sampling_3/group_9_unrelaxed_rank_001_alphafold2_ptm_model_1_seed_042.pdb,92.21200647249192,0.7169,0.74009,11
/results/PPAC_BACSU/run1/02_hierarchical_m_fold_sampling_2haw/sampling_round_16/02_sampling/sampling_3/group_1_unrelaxed_rank_001_alphafold2_ptm_model_1_seed_042.pdb,91.83074433656957,0.67704,0.88157,11
/results/PPAC_BACSU/run1/02_hierarchical_m_fold_sampling_2haw/sampling_round_16/02_sampling/sampling_3/group_11_unrelaxed_rank_001_alphafold2_ptm_model_1_seed_042.pdb,88.87640776699031,0.82708,0.68541,11
/results/PPAC_BACSU/run1/02_hierarchical_m_fold_sampling_2haw/sampling_round_16/02_sampling/sampling_3/group_2_unrelaxed_rank_001_alphafold2_ptm_model_1_seed_042.pdb,91.38579288025889,0.70569,0.75741,11
/results/PPAC_BACSU/run1/02_hierarchical_m_fold_sampling_2haw/sampling_round_16/02_sampling/sampling_14/group_8_unrelaxed_rank_001_alphafold2_ptm_model_1_seed_042.pdb,89.20171521035591,0.7428,0.7043,11
/results/PPAC_BACSU/run1/02_hierarchical_m_fold_sampling_2haw/sampling_round_16/02_sampling/sampling_14/group_6_unrelaxed_rank_001_alphafold2_ptm_model_1_seed_042.pdb,92.01896440129447,0.87903,0.67701,11
/results/PPAC_BACSU/run1/02_hierarchical_m_fold_sampling_2haw/sampling_round_16/02_sampling/sampling_14/group_13_unrelaxed_rank_001_alphafold2_ptm_model_1_seed_042.pdb,90.13035598705505,0.67184,0.91056,15
/results/PPAC_BACSU/run1/02_hierarchical_m_fold_sampling_2haw/sampling_round_16/02_sampling/sampling_14/group_7_unrelaxed_rank_001_alphafold2_ptm_model_1_seed_042.pdb,89.71705501618122,0.79215,0.68805,11
/results/PPAC_BACSU/run1/02_hierarchical_m_fold_sampling_2haw/sampling_round_16/02_sampling/sampling_14/group_4_unrelaxed_rank_001_alphafold2_ptm_model_1_seed_042.pdb,90.17155339805821,0.8891,0.67694,11
/results/PPAC_BACSU/run1/02_hierarchical_m_fold_sampling_2haw/sampling_round_16/02_sampling/sampling_14/group_12_unrelaxed_rank_001_alphafold2_ptm_model_1_seed_042.pdb,89.26420711974109,0.86995,0.67626,11
/results/PPAC_BACSU/run1/02_hierarchical_m_fold_sampling_2haw/sampling_round_16/02_sampling/sampling_14/group_5_unrelaxed_rank_001_alphafold2_ptm_model_1_seed_042.pdb,91.38090614886741,0.95135,0.67291,11
/results/PPAC_BACSU/run1/02_hierarchical_m_fold_sampling_2haw/sampling_round_16/02_sampling/sampling_14/group_10_unrelaxed_rank_001_alphafold2_ptm_model_1_seed_042.pdb,90.73524271844653,0.85881,0.67953,11
/results/PPAC_BACSU/run1/02_hierarchical_m_fold_sampling_2haw/sampling_round_16/02_sampling/sampling_14/group_3_unrelaxed_rank_001_alphafold2_ptm_model_1_seed_042.pdb,88.69501618122979,0.87304,0.67457,11
/results/PPAC_BACSU/run1/02_hierarchical_m_fold_sampling_2haw/sampling_round_16/02_sampling/sampling_14/group_9_unrelaxed_rank_001_alphafold2_ptm_model_1_seed_042.pdb,92.24744336569576,0.86814,0.67701,11
/results/PPAC_BACSU/run1/02_hierarchical_m_fold_sampling_2haw/sampling_round_16/02_sampling/sampling_14/group_1_unrelaxed_rank_001_alphafold2_ptm_model_1_seed_042.pdb,90.77148867313919,0.87151,0.67954,11
/results/PPAC_BACSU/run1/02_hierarchical_m_fold_sampling_2haw/sampling_round_16/02_sampling/sampling_14/group_11_unrelaxed_rank_001_alphafold2_ptm_model_1_seed_042.pdb,90.88071197411,0.89533,0.67536,11
/results/PPAC_BACSU/run1/02_hierarchical_m_fold_sampling_2haw/sampling_round_16/02_sampling/sampling_14/group_2_unrelaxed_rank_001_alphafold2_ptm_model_1_seed_042.pdb,89.9788996763754,0.87994,0.67653,11
/results/PPAC_BACSU/run1/02_hierarchical_m_fold_sampling_2haw/sampling_round_14/02_sampling/sampling_10/group_8_unrelaxed_rank_001_alphafold2_ptm_model_1_seed_042.pdb,89.44122977346278,0.85069,0.67429,11
/results/PPAC_BACSU/run1/02_hierarchical_m_fold_sampling_2haw/sampling_round_14/02_sampling/sampling_10/group_6_unrelaxed_rank_001_alphafold2_ptm_model_1_seed_042.pdb,90.51912621359222,0.86974,0.67928,11
/results/PPAC_BACSU/run1/02_hierarchical_m_fold_sampling_2haw/sampling_round_14/02_sampling/sampling_10/group_13_unrelaxed_rank_001_alphafold2_ptm_model_1_seed_042.pdb,91.39877022653717,0.88568,0.6785,15
/results/PPAC_BACSU/run1/02_hierarchical_m_fold_sampling_2haw/sampling_round_14/02_sampling/sampling_10/group_7_unrelaxed_rank_001_alphafold2_ptm_model_1_seed_042.pdb,92.2565048543689,0.85624,0.67912,11
/results/PPAC_BACSU/run1/02_hierarchical_m_fold_sampling_2haw/sampling_round_14/02_sampling/sampling_10/group_4_unrelaxed_rank_001_alphafold2_ptm_model_1_seed_042.pdb,91.29524271844669,0.87762,0.67618,11
/results/PPAC_BACSU/run1/02_hierarchical_m_fold_sampling_2haw/sampling_round_14/02_sampling/sampling_10/group_12_unrelaxed_rank_001_alphafold2_ptm_model_1_seed_042.pdb,90.4040776699029,0.90907,0.67409,11
/results/PPAC_BACSU/run1/02_hierarchical_m_fold_sampling_2haw/sampling_round_14/02_sampling/sampling_10/group_5_unrelaxed_rank_001_alphafold2_ptm_model_1_seed_042.pdb,89.45093851132687,0.82454,0.67839,11
/results/PPAC_BACSU/run1/02_hierarchical_m_fold_sampling_2haw/sampling_round_14/02_sampling/sampling_10/group_10_unrelaxed_rank_001_alphafold2_ptm_model_1_seed_042.pdb,91.08673139158572,0.90461,0.67453,11
/results/PPAC_BACSU/run1/02_hierarchical_m_fold_sampling_2haw/sampling_round_14/02_sampling/sampling_10/group_3_unrelaxed_rank_001_alphafold2_ptm_model_1_seed_042.pdb,90.00152103559873,0.8802,0.67371,11
/results/PPAC_BACSU/run1/02_hierarchical_m_fold_sampling_2haw/sampling_round_14/02_sampling/sampling_10/group_9_unrelaxed_rank_001_alphafold2_ptm_model_1_seed_042.pdb,89.3676699029126,0.68144,0.85701,11
/results/PPAC_BACSU/run1/02_hierarchical_m_fold_sampling_2haw/sampling_round_14/02_sampling/sampling_10/group_1_unrelaxed_rank_001_alphafold2_ptm_model_1_seed_042.pdb,90.97220064724921,0.89222,0.67453,11
/results/PPAC_BACSU/run1/02_hierarchical_m_fold_sampling_2haw/sampling_round_14/02_sampling/sampling_10/group_11_unrelaxed_rank_001_alphafold2_ptm_model_1_seed_042.pdb,90.62809061488663,0.84778,0.67757,11
/results/PPAC_BACSU/run1/02_hierarchical_m_fold_sampling_2haw/sampling_round_14/02_sampling/sampling_10/group_2_unrelaxed_rank_001_alphafold2_ptm_model_1_seed_042.pdb,91.58886731391576,0.80998,0.68524,11
/results/PPAC_BACSU/run1/02_hierarchical_m_fold_sampling_2haw/sampling_round_14/02_sampling/sampling_9/group_8_unrelaxed_rank_001_alphafold2_ptm_model_1_seed_042.pdb,89.70721682847905,0.85336,0.68009,11
/results/PPAC_BACSU/run1/02_hierarchical_m_fold_sampling_2haw/sampling_round_14/02_sampling/sampling_9/group_6_unrelaxed_rank_001_alphafold2_ptm_model_1_seed_042.pdb,90.76893203883492,0.89536,0.67754,11
/results/PPAC_BACSU/run1/02_hierarchical_m_fold_sampling_2haw/sampling_round_14/02_sampling/sampling_9/group_13_unrelaxed_rank_001_alphafold2_ptm_model_1_seed_042.pdb,91.31161812297725,0.87694,0.67722,15
/results/PPAC_BACSU/run1/02_hierarchical_m_fold_sampling_2haw/sampling_round_14/02_sampling/sampling_9/group_7_unrelaxed_rank_001_alphafold2_ptm_model_1_seed_042.pdb,90.2031067961165,0.89787,0.67469,11
/results/PPAC_BACSU/run1/02_hierarchical_m_fold_sampling_2haw/sampling_round_14/02_sampling/sampling_9/group_4_unrelaxed_rank_001_alphafold2_ptm_model_1_seed_042.pdb,91.25488673139155,0.85671,0.6777,11
/results/PPAC_BACSU/run1/02_hierarchical_m_fold_sampling_2haw/sampling_round_14/02_sampling/sampling_9/group_12_unrelaxed_rank_001_alphafold2_ptm_model_1_seed_042.pdb,91.42113268608418,0.89156,0.67408,11
/results/PPAC_BACSU/run1/02_hierarchical_m_fold_sampling_2haw/sampling_round_14/02_sampling/sampling_9/group_5_unrelaxed_rank_001_alphafold2_ptm_model_1_seed_042.pdb,90.63776699029125,0.86139,0.67932,11
/results/PPAC_BACSU/run1/02_hierarchical_m_fold_sampling_2haw/sampling_round_14/02_sampling/sampling_9/group_10_unrelaxed_rank_001_alphafold2_ptm_model_1_seed_042.pdb,87.87815533980589,0.89852,0.67335,11
/results/PPAC_BACSU/run1/02_hierarchical_m_fold_sampling_2haw/sampling_round_14/02_sampling/sampling_9/group_3_unrelaxed_rank_001_alphafold2_ptm_model_1_seed_042.pdb,88.48912621359226,0.86023,0.67788,11
/results/PPAC_BACSU/run1/02_hierarchical_m_fold_sampling_2haw/sampling_round_14/02_sampling/sampling_9/group_9_unrelaxed_rank_001_alphafold2_ptm_model_1_seed_042.pdb,89.06754045307453,0.87224,0.67044,11
/results/PPAC_BACSU/run1/02_hierarchical_m_fold_sampling_2haw/sampling_round_14/02_sampling/sampling_9/group_1_unrelaxed_rank_001_alphafold2_ptm_model_1_seed_042.pdb,90.58708737864082,0.91996,0.6762,11
/results/PPAC_BACSU/run1/02_hierarchical_m_fold_sampling_2haw/sampling_round_14/02_sampling/sampling_9/group_11_unrelaxed_rank_001_alphafold2_ptm_model_1_seed_042.pdb,91.45071197411006,0.89178,0.67322,11
/results/PPAC_BACSU/run1/02_hierarchical_m_fold_sampling_2haw/sampling_round_14/02_sampling/sampling_9/group_2_unrelaxed_rank_001_alphafold2_ptm_model_1_seed_042.pdb,92.3306148867314,0.82184,0.67786,11
/results/PPAC_BACSU/run1/02_hierarchical_m_fold_sampling_2haw/sampling_round_14/02_sampling/sampling_6/group_8_unrelaxed_rank_001_alphafold2_ptm_model_1_seed_042.pdb,89.56003236245955,0.90865,0.66958,11
/results/PPAC_BACSU/run1/02_hierarchical_m_fold_sampling_2haw/sampling_round_14/02_sampling/sampling_6/group_6_unrelaxed_rank_001_alphafold2_ptm_model_1_seed_042.pdb,89.3457281553398,0.8707,0.67943,11
/results/PPAC_BACSU/run1/02_hierarchical_m_fold_sampling_2haw/sampling_round_14/02_sampling/sampling_6/group_13_unrelaxed_rank_001_alphafold2_ptm_model_1_seed_042.pdb,92.78508090614883,0.89141,0.67768,15
/results/PPAC_BACSU/run1/02_hierarchical_m_fold_sampling_2haw/sampling_round_14/02_sampling/sampling_6/group_7_unrelaxed_rank_001_alphafold2_ptm_model_1_seed_042.pdb,91.12385113268608,0.68163,0.85107,11
/results/PPAC_BACSU/run1/02_hierarchical_m_fold_sampling_2haw/sampling_round_14/02_sampling/sampling_6/group_4_unrelaxed_rank_001_alphafold2_ptm_model_1_seed_042.pdb,88.93799352750804,0.70731,0.75923,11
/results/PPAC_BACSU/run1/02_hierarchical_m_fold_sampling_2haw/sampling_round_14/02_sampling/sampling_6/group_12_unrelaxed_rank_001_alphafold2_ptm_model_1_seed_042.pdb,90.91268608414231,0.87448,0.6744,11
/results/PPAC_BACSU/run1/02_hierarchical_m_fold_sampling_2haw/sampling_round_14/02_sampling/sampling_6/group_5_unrelaxed_rank_001_alphafold2_ptm_model_1_seed_042.pdb,90.57239482200647,0.90623,0.67209,11
/results/PPAC_BACSU/run1/02_hierarchical_m_fold_sampling_2haw/sampling_round_14/02_sampling/sampling_6/group_10_unrelaxed_rank_001_alphafold2_ptm_model_1_seed_042.pdb,90.23113268608417,0.81708,0.68327,11
/results/PPAC_BACSU/run1/02_hierarchical_m_fold_sampling_2haw/sampling_round_14/02_sampling/sampling_6/group_3_unrelaxed_rank_001_alphafold2_ptm_model_1_seed_042.pdb,92.05792880258896,0.89276,0.67601,11
/results/PPAC_BACSU/run1/02_hierarchical_m_fold_sampling_2haw/sampling_round_14/02_sampling/sampling_6/group_9_unrelaxed_rank_001_alphafold2_ptm_model_1_seed_042.pdb,87.88297734627825,0.7235,0.65088,11
/results/PPAC_BACSU/run1/02_hierarchical_m_fold_sampling_2haw/sampling_round_14/02_sampling/sampling_6/group_1_unrelaxed_rank_001_alphafold2_ptm_model_1_seed_042.pdb,92.12278317152102,0.83236,0.68534,11
/results/PPAC_BACSU/run1/02_hierarchical_m_fold_sampling_2haw/sampling_round_14/02_sampling/sampling_6/group_11_unrelaxed_rank_001_alphafold2_ptm_model_1_seed_042.pdb,90.1209708737864,0.89087,0.67817,11
/results/PPAC_BACSU/run1/02_hierarchical_m_fold_sampling_2haw/sampling_round_14/02_sampling/sampling_6/group_2_unrelaxed_rank_001_alphafold2_ptm_model_1_seed_042.pdb,90.3761812297735,0.90205,0.6746,11
/results/PPAC_BACSU/run1/02_hierarchical_m_fold_sampling_2haw/sampling_round_14/02_sampling/sampling_1/group_8_unrelaxed_rank_001_alphafold2_ptm_model_1_seed_042.pdb,90.79961165048547,0.87484,0.6758,11
/results/PPAC_BACSU/run1/02_hierarchical_m_fold_sampling_2haw/sampling_round_14/02_sampling/sampling_1/group_6_unrelaxed_rank_001_alphafold2_ptm_model_1_seed_042.pdb,89.55679611650487,0.9025,0.67491,11
/results/PPAC_BACSU/run1/02_hierarchical_m_fold_sampling_2haw/sampling_round_14/02_sampling/sampling_1/group_13_unrelaxed_rank_001_alphafold2_ptm_model_1_seed_042.pdb,91.62012944983822,0.67694,0.86369,15
/results/PPAC_BACSU/run1/02_hierarchical_m_fold_sampling_2haw/sampling_round_14/02_sampling/sampling_1/group_7_unrelaxed_rank_001_alphafold2_ptm_model_1_seed_042.pdb,89.5891262135922,0.90151,0.6726,11
/results/PPAC_BACSU/run1/02_hierarchical_m_fold_sampling_2haw/sampling_round_14/02_sampling/sampling_1/group_4_unrelaxed_rank_001_alphafold2_ptm_model_1_seed_042.pdb,89.73456310679614,0.85139,0.67481,11
/results/PPAC_BACSU/run1/02_hierarchical_m_fold_sampling_2haw/sampling_round_14/02_sampling/sampling_1/group_12_unrelaxed_rank_001_alphafold2_ptm_model_1_seed_042.pdb,87.98207119741093,0.8529,0.66269,11
/results/PPAC_BACSU/run1/02_hierarchical_m_fold_sampling_2haw/sampling_round_14/02_sampling/sampling_1/group_5_unrelaxed_rank_001_alphafold2_ptm_model_1_seed_042.pdb,90.3904207119741,0.89444,0.67229,11
/results/PPAC_BACSU/run1/02_hierarchical_m_fold_sampling_2haw/sampling_round_14/02_sampling/sampling_1/group_10_unrelaxed_rank_001_alphafold2_ptm_model_1_seed_042.pdb,90.57970873786411,0.89196,0.67458,11
/results/PPAC_BACSU/run1/02_hierarchical_m_fold_sampling_2haw/sampling_round_14/02_sampling/sampling_1/group_3_unrelaxed_rank_001_alphafold2_ptm_model_1_seed_042.pdb,89.6416504854368,0.91748,0.67357,11
/results/PPAC_BACSU/run1/02_hierarchical_m_fold_sampling_2haw/sampling_round_14/02_sampling/sampling_1/group_9_unrelaxed_rank_001_alphafold2_ptm_model_1_seed_042.pdb,90.53278317152105,0.86295,0.67868,11
/results/PPAC_BACSU/run1/02_hierarchical_m_fold_sampling_2haw/sampling_round_14/02_sampling/sampling_1/group_1_unrelaxed_rank_001_alphafold2_ptm_model_1_seed_042.pdb,88.85459546925566,0.90089,0.6753,11
/results/PPAC_BACSU/run1/02_hierarchical_m_fold_sampling_2haw/sampling_round_14/02_sampling/sampling_1/group_11_unrelaxed_rank_001_alphafold2_ptm_model_1_seed_042.pdb,91.02352750809068,0.90964,0.67327,11
/results/PPAC_BACSU/run1/02_hierarchical_m_fold_sampling_2haw/sampling_round_14/02_sampling/sampling_1/group_2_unrelaxed_rank_001_alphafold2_ptm_model_1_seed_042.pdb,90.24165048543688,0.71043,0.7564,11
/results/PPAC_BACSU/run1/02_hierarchical_m_fold_sampling_2haw/sampling_round_14/02_sampling/sampling_5/group_8_unrelaxed_rank_001_alphafold2_ptm_model_1_seed_042.pdb,91.04750809061484,0.66533,0.90751,11
/results/PPAC_BACSU/run1/02_hierarchical_m_fold_sampling_2haw/sampling_round_14/02_sampling/sampling_5/group_6_unrelaxed_rank_001_alphafold2_ptm_model_1_seed_042.pdb,91.61682847896438,0.8988,0.67469,11
/results/PPAC_BACSU/run1/02_hierarchical_m_fold_sampling_2haw/sampling_round_14/02_sampling/sampling_5/group_13_unrelaxed_rank_001_alphafold2_ptm_model_1_seed_042.pdb,91.50588996763754,0.79243,0.68643,15
/results/PPAC_BACSU/run1/02_hierarchical_m_fold_sampling_2haw/sampling_round_14/02_sampling/sampling_5/group_7_unrelaxed_rank_001_alphafold2_ptm_model_1_seed_042.pdb,90.28938511326862,0.88621,0.6743,11
/results/PPAC_BACSU/run1/02_hierarchical_m_fold_sampling_2haw/sampling_round_14/02_sampling/sampling_5/group_4_unrelaxed_rank_001_alphafold2_ptm_model_1_seed_042.pdb,92.10987055016186,0.87055,0.67855,11
/results/PPAC_BACSU/run1/02_hierarchical_m_fold_sampling_2haw/sampling_round_14/02_sampling/sampling_5/group_12_unrelaxed_rank_001_alphafold2_ptm_model_1_seed_042.pdb,91.85093851132692,0.8704,0.67803,11
/results/PPAC_BACSU/run1/02_hierarchical_m_fold_sampling_2haw/sampling_round_14/02_sampling/sampling_5/group_5_unrelaxed_rank_001_alphafold2_ptm_model_1_seed_042.pdb,90.49718446601945,0.90734,0.67445,11
/results/PPAC_BACSU/run1/02_hierarchical_m_fold_sampling_2haw/sampling_round_14/02_sampling/sampling_5/group_10_unrelaxed_rank_001_alphafold2_ptm_model_1_seed_042.pdb,90.29608414239473,0.85271,0.67893,11
/results/PPAC_BACSU/run1/02_hierarchical_m_fold_sampling_2haw/sampling_round_14/02_sampling/sampling_5/group_3_unrelaxed_rank_001_alphafold2_ptm_model_1_seed_042.pdb,90.48608414239476,0.89083,0.67481,11
/results/PPAC_BACSU/run1/02_hierarchical_m_fold_sampling_2haw/sampling_round_14/02_sampling/sampling_5/group_9_unrelaxed_rank_001_alphafold2_ptm_model_1_seed_042.pdb,86.34708737864085,0.78468,0.68772,11
/results/PPAC_BACSU/run1/02_hierarchical_m_fold_sampling_2haw/sampling_round_14/02_sampling/sampling_5/group_1_unrelaxed_rank_001_alphafold2_ptm_model_1_seed_042.pdb,89.22148867313916,0.8869,0.67311,11
/results/PPAC_BACSU/run1/02_hierarchical_m_fold_sampling_2haw/sampling_round_14/02_sampling/sampling_5/group_11_unrelaxed_rank_001_alphafold2_ptm_model_1_seed_042.pdb,90.94592233009705,0.9017,0.67502,11
/results/PPAC_BACSU/run1/02_hierarchical_m_fold_sampling_2haw/sampling_round_14/02_sampling/sampling_5/group_2_unrelaxed_rank_001_alphafold2_ptm_model_1_seed_042.pdb,90.26080906148863,0.93636,0.67327,11
/results/PPAC_BACSU/run1/02_hierarchical_m_fold_sampling_2haw/sampling_round_14/02_sampling/sampling_8/group_8_unrelaxed_rank_001_alphafold2_ptm_model_1_seed_042.pdb,90.16889967637535,0.91337,0.67608,11
/results/PPAC_BACSU/run1/02_hierarchical_m_fold_sampling_2haw/sampling_round_14/02_sampling/sampling_8/group_6_unrelaxed_rank_001_alphafold2_ptm_model_1_seed_042.pdb,91.13912621359222,0.87612,0.67842,11
/results/PPAC_BACSU/run1/02_hierarchical_m_fold_sampling_2haw/sampling_round_14/02_sampling/sampling_8/group_13_unrelaxed_rank_001_alphafold2_ptm_model_1_seed_042.pdb,90.91142394822013,0.84842,0.68116,15
/results/PPAC_BACSU/run1/02_hierarchical_m_fold_sampling_2haw/sampling_round_14/02_sampling/sampling_8/group_7_unrelaxed_rank_001_alphafold2_ptm_model_1_seed_042.pdb,90.87255663430422,0.89347,0.67625,11
/results/PPAC_BACSU/run1/02_hierarchical_m_fold_sampling_2haw/sampling_round_14/02_sampling/sampling_8/group_4_unrelaxed_rank_001_alphafold2_ptm_model_1_seed_042.pdb,89.3930744336569,0.87223,0.67513,11
/results/PPAC_BACSU/run1/02_hierarchical_m_fold_sampling_2haw/sampling_round_14/02_sampling/sampling_8/group_12_unrelaxed_rank_001_alphafold2_ptm_model_1_seed_042.pdb,90.01757281553398,0.91492,0.67101,11
/results/PPAC_BACSU/run1/02_hierarchical_m_fold_sampling_2haw/sampling_round_14/02_sampling/sampling_8/group_5_unrelaxed_rank_001_alphafold2_ptm_model_1_seed_042.pdb,91.27113268608412,0.92316,0.67451,11
/results/PPAC_BACSU/run1/02_hierarchical_m_fold_sampling_2haw/sampling_round_14/02_sampling/sampling_8/group_10_unrelaxed_rank_001_alphafold2_ptm_model_1_seed_042.pdb,90.09048543689316,0.87912,0.67536,11
/results/PPAC_BACSU/run1/02_hierarchical_m_fold_sampling_2haw/sampling_round_14/02_sampling/sampling_8/group_3_unrelaxed_rank_001_alphafold2_ptm_model_1_seed_042.pdb,90.95365695792883,0.74306,0.71752,11
/results/PPAC_BACSU/run1/02_hierarchical_m_fold_sampling_2haw/sampling_round_14/02_sampling/sampling_8/group_9_unrelaxed_rank_001_alphafold2_ptm_model_1_seed_042.pdb,90.27546925566351,0.8247,0.68215,11
/results/PPAC_BACSU/run1/02_hierarchical_m_fold_sampling_2haw/sampling_round_14/02_sampling/sampling_8/group_1_unrelaxed_rank_001_alphafold2_ptm_model_1_seed_042.pdb,91.08621359223297,0.87047,0.67945,11
/results/PPAC_BACSU/run1/02_hierarchical_m_fold_sampling_2haw/sampling_round_14/02_sampling/sampling_8/group_11_unrelaxed_rank_001_alphafold2_ptm_model_1_seed_042.pdb,91.30485436893198,0.86051,0.68027,11
/results/PPAC_BACSU/run1/02_hierarchical_m_fold_sampling_2haw/sampling_round_14/02_sampling/sampling_8/group_2_unrelaxed_rank_001_alphafold2_ptm_model_1_seed_042.pdb,89.95404530744335,0.8768,0.67786,11
/results/PPAC_BACSU/run1/02_hierarchical_m_fold_sampling_2haw/sampling_round_14/02_sampling/sampling_7/group_8_unrelaxed_rank_001_alphafold2_ptm_model_1_seed_042.pdb,91.74585760517799,0.88055,0.67555,11
/results/PPAC_BACSU/run1/02_hierarchical_m_fold_sampling_2haw/sampling_round_14/02_sampling/sampling_7/group_6_unrelaxed_rank_001_alphafold2_ptm_model_1_seed_042.pdb,89.80058252427187,0.82631,0.67859,11
/results/PPAC_BACSU/run1/02_hierarchical_m_fold_sampling_2haw/sampling_round_14/02_sampling/sampling_7/group_13_unrelaxed_rank_001_alphafold2_ptm_model_1_seed_042.pdb,90.33142394822003,0.88181,0.67391,15
/results/PPAC_BACSU/run1/02_hierarchical_m_fold_sampling_2haw/sampling_round_14/02_sampling/sampling_7/group_7_unrelaxed_rank_001_alphafold2_ptm_model_1_seed_042.pdb,89.60194174757281,0.65334,0.92092,11
/results/PPAC_BACSU/run1/02_hierarchical_m_fold_sampling_2haw/sampling_round_14/02_sampling/sampling_7/group_4_unrelaxed_rank_001_alphafold2_ptm_model_1_seed_042.pdb,92.27818770226538,0.86756,0.67425,11
/results/PPAC_BACSU/run1/02_hierarchical_m_fold_sampling_2haw/sampling_round_14/02_sampling/sampling_7/group_12_unrelaxed_rank_001_alphafold2_ptm_model_1_seed_042.pdb,89.58323624595467,0.87982,0.67624,11
/results/PPAC_BACSU/run1/02_hierarchical_m_fold_sampling_2haw/sampling_round_14/02_sampling/sampling_7/group_5_unrelaxed_rank_001_alphafold2_ptm_model_1_seed_042.pdb,90.70750809061487,0.86708,0.68113,11
/results/PPAC_BACSU/run1/02_hierarchical_m_fold_sampling_2haw/sampling_round_14/02_sampling/sampling_7/group_10_unrelaxed_rank_001_alphafold2_ptm_model_1_seed_042.pdb,90.1141100323625,0.88308,0.67376,11
/results/PPAC_BACSU/run1/02_hierarchical_m_fold_sampling_2haw/sampling_round_14/02_sampling/sampling_7/group_3_unrelaxed_rank_001_alphafold2_ptm_model_1_seed_042.pdb,90.41524271844659,0.67111,0.89174,11
/results/PPAC_BACSU/run1/02_hierarchical_m_fold_sampling_2haw/sampling_round_14/02_sampling/sampling_7/group_9_unrelaxed_rank_001_alphafold2_ptm_model_1_seed_042.pdb,92.52809061488679,0.87768,0.67758,11
/results/PPAC_BACSU/run1/02_hierarchical_m_fold_sampling_2haw/sampling_round_14/02_sampling/sampling_7/group_1_unrelaxed_rank_001_alphafold2_ptm_model_1_seed_042.pdb,91.69844660194181,0.87691,0.67704,11
/results/PPAC_BACSU/run1/02_hierarchical_m_fold_sampling_2haw/sampling_round_14/02_sampling/sampling_7/group_11_unrelaxed_rank_001_alphafold2_ptm_model_1_seed_042.pdb,90.48928802588998,0.84921,0.68006,11
/results/PPAC_BACSU/run1/02_hierarchical_m_fold_sampling_2haw/sampling_round_14/02_sampling/sampling_7/group_2_unrelaxed_rank_001_alphafold2_ptm_model_1_seed_042.pdb,89.3805177993527,0.86325,0.6752,11
/results/PPAC_BACSU/run1/02_hierarchical_m_fold_sampling_2haw/sampling_round_14/02_sampling/sampling_2/group_8_unrelaxed_rank_001_alphafold2_ptm_model_1_seed_042.pdb,91.09313915857612,0.91433,0.67607,11
/results/PPAC_BACSU/run1/02_hierarchical_m_fold_sampling_2haw/sampling_round_14/02_sampling/sampling_2/group_6_unrelaxed_rank_001_alphafold2_ptm_model_1_seed_042.pdb,89.65961165048549,0.72898,0.71469,11
/results/PPAC_BACSU/run1/02_hierarchical_m_fold_sampling_2haw/sampling_round_14/02_sampling/sampling_2/group_13_unrelaxed_rank_001_alphafold2_ptm_model_1_seed_042.pdb,90.88514563106801,0.76993,0.69426,15
/results/PPAC_BACSU/run1/02_hierarchical_m_fold_sampling_2haw/sampling_round_14/02_sampling/sampling_2/group_7_unrelaxed_rank_001_alphafold2_ptm_model_1_seed_042.pdb,91.25919093851137,0.90159,0.67148,11
/results/PPAC_BACSU/run1/02_hierarchical_m_fold_sampling_2haw/sampling_round_14/02_sampling/sampling_2/group_4_unrelaxed_rank_001_alphafold2_ptm_model_1_seed_042.pdb,89.4627184466019,0.9018,0.67403,11
/results/PPAC_BACSU/run1/02_hierarchical_m_fold_sampling_2haw/sampling_round_14/02_sampling/sampling_2/group_12_unrelaxed_rank_001_alphafold2_ptm_model_1_seed_042.pdb,90.14867313915857,0.88037,0.67814,11
/results/PPAC_BACSU/run1/02_hierarchical_m_fold_sampling_2haw/sampling_round_14/02_sampling/sampling_2/group_5_unrelaxed_rank_001_alphafold2_ptm_model_1_seed_042.pdb,90.68673139158578,0.88115,0.67739,11
/results/PPAC_BACSU/run1/02_hierarchical_m_fold_sampling_2haw/sampling_round_14/02_sampling/sampling_2/group_10_unrelaxed_rank_001_alphafold2_ptm_model_1_seed_042.pdb,89.93679611650491,0.87878,0.67355,11
/results/PPAC_BACSU/run1/02_hierarchical_m_fold_sampling_2haw/sampling_round_14/02_sampling/sampling_2/group_3_unrelaxed_rank_001_alphafold2_ptm_model_1_seed_042.pdb,88.13336569579286,0.89204,0.6682,11
/results/PPAC_BACSU/run1/02_hierarchical_m_fold_sampling_2haw/sampling_round_14/02_sampling/sampling_2/group_9_unrelaxed_rank_001_alphafold2_ptm_model_1_seed_042.pdb,91.09407766990292,0.88409,0.67866,11
/results/PPAC_BACSU/run1/02_hierarchical_m_fold_sampling_2haw/sampling_round_14/02_sampling/sampling_2/group_1_unrelaxed_rank_001_alphafold2_ptm_model_1_seed_042.pdb,90.75705501618124,0.81624,0.68641,11
/results/PPAC_BACSU/run1/02_hierarchical_m_fold_sampling_2haw/sampling_round_14/02_sampling/sampling_2/group_11_unrelaxed_rank_001_alphafold2_ptm_model_1_seed_042.pdb,90.59673139158568,0.88658,0.67382,11
/results/PPAC_BACSU/run1/02_hierarchical_m_fold_sampling_2haw/sampling_round_14/02_sampling/sampling_2/group_2_unrelaxed_rank_001_alphafold2_ptm_model_1_seed_042.pdb,88.17588996763757,0.89615,0.64802,11
/results/PPAC_BACSU/run1/02_hierarchical_m_fold_sampling_2haw/sampling_round_14/02_sampling/sampling_11/group_8_unrelaxed_rank_001_alphafold2_ptm_model_1_seed_042.pdb,90.19705501618121,0.88542,0.67393,11
/results/PPAC_BACSU/run1/02_hierarchical_m_fold_sampling_2haw/sampling_round_14/02_sampling/sampling_11/group_6_unrelaxed_rank_001_alphafold2_ptm_model_1_seed_042.pdb,91.27330097087369,0.93918,0.67543,11
/results/PPAC_BACSU/run1/02_hierarchical_m_fold_sampling_2haw/sampling_round_14/02_sampling/sampling_11/group_13_unrelaxed_rank_001_alphafold2_ptm_model_1_seed_042.pdb,91.23258899676375,0.88706,0.67772,15
/results/PPAC_BACSU/run1/02_hierarchical_m_fold_sampling_2haw/sampling_round_14/02_sampling/sampling_11/group_7_unrelaxed_rank_001_alphafold2_ptm_model_1_seed_042.pdb,90.7086084142395,0.87617,0.67539,11
/results/PPAC_BACSU/run1/02_hierarchical_m_fold_sampling_2haw/sampling_round_14/02_sampling/sampling_11/group_4_unrelaxed_rank_001_alphafold2_ptm_model_1_seed_042.pdb,91.58760517799347,0.90512,0.67026,11
/results/PPAC_BACSU/run1/02_hierarchical_m_fold_sampling_2haw/sampling_round_14/02_sampling/sampling_11/group_12_unrelaxed_rank_001_alphafold2_ptm_model_1_seed_042.pdb,90.48349514563108,0.87031,0.67274,11
/results/PPAC_BACSU/run1/02_hierarchical_m_fold_sampling_2haw/sampling_round_14/02_sampling/sampling_11/group_5_unrelaxed_rank_001_alphafold2_ptm_model_1_seed_042.pdb,90.08860841423946,0.89323,0.67329,11
/results/PPAC_BACSU/run1/02_hierarchical_m_fold_sampling_2haw/sampling_round_14/02_sampling/sampling_11/group_10_unrelaxed_rank_001_alphafold2_ptm_model_1_seed_042.pdb,89.0349838187702,0.88074,0.67457,11
/results/PPAC_BACSU/run1/02_hierarchical_m_fold_sampling_2haw/sampling_round_14/02_sampling/sampling_11/group_3_unrelaxed_rank_001_alphafold2_ptm_model_1_seed_042.pdb,89.54336569579293,0.92081,0.67064,11
/results/PPAC_BACSU/run1/02_hierarchical_m_fold_sampling_2haw/sampling_round_14/02_sampling/sampling_11/group_9_unrelaxed_rank_001_alphafold2_ptm_model_1_seed_042.pdb,89.41860841423942,0.71698,0.73927,11
/results/PPAC_BACSU/run1/02_hierarchical_m_fold_sampling_2haw/sampling_round_14/02_sampling/sampling_11/group_1_unrelaxed_rank_001_alphafold2_ptm_model_1_seed_042.pdb,90.83187702265371,0.86066,0.67968,11
/results/PPAC_BACSU/run1/02_hierarchical_m_fold_sampling_2haw/sampling_round_14/02_sampling/sampling_11/group_11_unrelaxed_rank_001_alphafold2_ptm_model_1_seed_042.pdb,90.24944983818774,0.72437,0.72394,11
/results/PPAC_BACSU/run1/02_hierarchical_m_fold_sampling_2haw/sampling_round_14/02_sampling/sampling_11/group_2_unrelaxed_rank_001_alphafold2_ptm_model_1_seed_042.pdb,89.76951456310678,0.90501,0.67367,11
/results/PPAC_BACSU/run1/02_hierarchical_m_fold_sampling_2haw/sampling_round_14/02_sampling/sampling_13/group_8_unrelaxed_rank_001_alphafold2_ptm_model_1_seed_042.pdb,91.41090614886727,0.88897,0.67834,11
/results/PPAC_BACSU/run1/02_hierarchical_m_fold_sampling_2haw/sampling_round_14/02_sampling/sampling_13/group_6_unrelaxed_rank_001_alphafold2_ptm_model_1_seed_042.pdb,91.09359223300966,0.88645,0.67442,11
/results/PPAC_BACSU/run1/02_hierarchical_m_fold_sampling_2haw/sampling_round_14/02_sampling/sampling_13/group_13_unrelaxed_rank_001_alphafold2_ptm_model_1_seed_042.pdb,90.26582524271846,0.86924,0.67803,12
/results/PPAC_BACSU/run1/02_hierarchical_m_fold_sampling_2haw/sampling_round_14/02_sampling/sampling_13/group_7_unrelaxed_rank_001_alphafold2_ptm_model_1_seed_042.pdb,91.07466019417484,0.86498,0.6802,11
/results/PPAC_BACSU/run1/02_hierarchical_m_fold_sampling_2haw/sampling_round_14/02_sampling/sampling_13/group_4_unrelaxed_rank_001_alphafold2_ptm_model_1_seed_042.pdb,90.03482200647247,0.86525,0.67405,11
/results/PPAC_BACSU/run1/02_hierarchical_m_fold_sampling_2haw/sampling_round_14/02_sampling/sampling_13/group_12_unrelaxed_rank_001_alphafold2_ptm_model_1_seed_042.pdb,91.99398058252426,0.87482,0.6795,11
/results/PPAC_BACSU/run1/02_hierarchical_m_fold_sampling_2haw/sampling_round_14/02_sampling/sampling_13/group_5_unrelaxed_rank_001_alphafold2_ptm_model_1_seed_042.pdb,91.60925566343043,0.88491,0.67542,11
/results/PPAC_BACSU/run1/02_hierarchical_m_fold_sampling_2haw/sampling_round_14/02_sampling/sampling_13/group_10_unrelaxed_rank_001_alphafold2_ptm_model_1_seed_042.pdb,90.27747572815535,0.87321,0.67659,11
/results/PPAC_BACSU/run1/02_hierarchical_m_fold_sampling_2haw/sampling_round_14/02_sampling/sampling_13/group_3_unrelaxed_rank_001_alphafold2_ptm_model_1_seed_042.pdb,90.63453074433652,0.91856,0.66999,11
/results/PPAC_BACSU/run1/02_hierarchical_m_fold_sampling_2haw/sampling_round_14/02_sampling/sampling_13/group_9_unrelaxed_rank_001_alphafold2_ptm_model_1_seed_042.pdb,89.99378640776695,0.8099,0.68708,11
/results/PPAC_BACSU/run1/02_hierarchical_m_fold_sampling_2haw/sampling_round_14/02_sampling/sampling_13/group_1_unrelaxed_rank_001_alphafold2_ptm_model_1_seed_042.pdb,88.52805825242714,0.91564,0.66929,11
/results/PPAC_BACSU/run1/02_hierarchical_m_fold_sampling_2haw/sampling_round_14/02_sampling/sampling_13/group_11_unrelaxed_rank_001_alphafold2_ptm_model_1_seed_042.pdb,91.05161812297726,0.85884,0.67815,11
/results/PPAC_BACSU/run1/02_hierarchical_m_fold_sampling_2haw/sampling_round_14/02_sampling/sampling_13/group_2_unrelaxed_rank_001_alphafold2_ptm_model_1_seed_042.pdb,90.91229773462777,0.92139,0.67463,11
/results/PPAC_BACSU/run1/02_hierarchical_m_fold_sampling_2haw/sampling_round_14/02_sampling/sampling_4/group_8_unrelaxed_rank_001_alphafold2_ptm_model_1_seed_042.pdb,90.25417475728156,0.8675,0.67595,11
/results/PPAC_BACSU/run1/02_hierarchical_m_fold_sampling_2haw/sampling_round_14/02_sampling/sampling_4/group_6_unrelaxed_rank_001_alphafold2_ptm_model_1_seed_042.pdb,88.60158576051778,0.91716,0.67132,11
/results/PPAC_BACSU/run1/02_hierarchical_m_fold_sampling_2haw/sampling_round_14/02_sampling/sampling_4/group_13_unrelaxed_rank_001_alphafold2_ptm_model_1_seed_042.pdb,91.7870226537217,0.88649,0.6766,15
/results/PPAC_BACSU/run1/02_hierarchical_m_fold_sampling_2haw/sampling_round_14/02_sampling/sampling_4/group_7_unrelaxed_rank_001_alphafold2_ptm_model_1_seed_042.pdb,90.66938511326849,0.84845,0.67195,11
/results/PPAC_BACSU/run1/02_hierarchical_m_fold_sampling_2haw/sampling_round_14/02_sampling/sampling_4/group_4_unrelaxed_rank_001_alphafold2_ptm_model_1_seed_042.pdb,91.06207119741097,0.86141,0.68072,11
/results/PPAC_BACSU/run1/02_hierarchical_m_fold_sampling_2haw/sampling_round_14/02_sampling/sampling_4/group_12_unrelaxed_rank_001_alphafold2_ptm_model_1_seed_042.pdb,92.0377346278317,0.89063,0.67413,11
/results/PPAC_BACSU/run1/02_hierarchical_m_fold_sampling_2haw/sampling_round_14/02_sampling/sampling_4/group_5_unrelaxed_rank_001_alphafold2_ptm_model_1_seed_042.pdb,91.07226537216836,0.68433,0.81684,11
/results/PPAC_BACSU/run1/02_hierarchical_m_fold_sampling_2haw/sampling_round_14/02_sampling/sampling_4/group_10_unrelaxed_rank_001_alphafold2_ptm_model_1_seed_042.pdb,90.44718446601948,0.83041,0.67116,11
/results/PPAC_BACSU/run1/02_hierarchical_m_fold_sampling_2haw/sampling_round_14/02_sampling/sampling_4/group_3_unrelaxed_rank_001_alphafold2_ptm_model_1_seed_042.pdb,89.69258899676376,0.78725,0.68705,11
/results/PPAC_BACSU/run1/02_hierarchical_m_fold_sampling_2haw/sampling_round_14/02_sampling/sampling_4/group_9_unrelaxed_rank_001_alphafold2_ptm_model_1_seed_042.pdb,89.40838187702268,0.8239,0.6816,11
/results/PPAC_BACSU/run1/02_hierarchical_m_fold_sampling_2haw/sampling_round_14/02_sampling/sampling_4/group_1_unrelaxed_rank_001_alphafold2_ptm_model_1_seed_042.pdb,88.69893203883495,0.72922,0.716,11
/results/PPAC_BACSU/run1/02_hierarchical_m_fold_sampling_2haw/sampling_round_14/02_sampling/sampling_4/group_11_unrelaxed_rank_001_alphafold2_ptm_model_1_seed_042.pdb,89.01330097087381,0.92262,0.67371,11
/results/PPAC_BACSU/run1/02_hierarchical_m_fold_sampling_2haw/sampling_round_14/02_sampling/sampling_4/group_2_unrelaxed_rank_001_alphafold2_ptm_model_1_seed_042.pdb,89.93679611650488,0.87925,0.67491,11
/results/PPAC_BACSU/run1/02_hierarchical_m_fold_sampling_2haw/sampling_round_14/02_sampling/sampling_12/group_8_unrelaxed_rank_001_alphafold2_ptm_model_1_seed_042.pdb,90.84003236245954,0.91598,0.67528,11
/results/PPAC_BACSU/run1/02_hierarchical_m_fold_sampling_2haw/sampling_round_14/02_sampling/sampling_12/group_6_unrelaxed_rank_001_alphafold2_ptm_model_1_seed_042.pdb,89.86472491909382,0.78231,0.69042,11
/results/PPAC_BACSU/run1/02_hierarchical_m_fold_sampling_2haw/sampling_round_14/02_sampling/sampling_12/group_13_unrelaxed_rank_001_alphafold2_ptm_model_1_seed_042.pdb,91.66779935275085,0.88313,0.67716,15
/results/PPAC_BACSU/run1/02_hierarchical_m_fold_sampling_2haw/sampling_round_14/02_sampling/sampling_12/group_7_unrelaxed_rank_001_alphafold2_ptm_model_1_seed_042.pdb,90.82025889967643,0.8658,0.68,11
/results/PPAC_BACSU/run1/02_hierarchical_m_fold_sampling_2haw/sampling_round_14/02_sampling/sampling_12/group_4_unrelaxed_rank_001_alphafold2_ptm_model_1_seed_042.pdb,90.11067961165055,0.888,0.67691,11
/results/PPAC_BACSU/run1/02_hierarchical_m_fold_sampling_2haw/sampling_round_14/02_sampling/sampling_12/group_12_unrelaxed_rank_001_alphafold2_ptm_model_1_seed_042.pdb,91.01974110032356,0.87939,0.67774,11
/results/PPAC_BACSU/run1/02_hierarchical_m_fold_sampling_2haw/sampling_round_14/02_sampling/sampling_12/group_5_unrelaxed_rank_001_alphafold2_ptm_model_1_seed_042.pdb,90.33521035598713,0.85787,0.67948,11
/results/PPAC_BACSU/run1/02_hierarchical_m_fold_sampling_2haw/sampling_round_14/02_sampling/sampling_12/group_10_unrelaxed_rank_001_alphafold2_ptm_model_1_seed_042.pdb,91.45621359223296,0.88996,0.67743,11
/results/PPAC_BACSU/run1/02_hierarchical_m_fold_sampling_2haw/sampling_round_14/02_sampling/sampling_12/group_3_unrelaxed_rank_001_alphafold2_ptm_model_1_seed_042.pdb,91.71695792880257,0.87827,0.676,11
/results/PPAC_BACSU/run1/02_hierarchical_m_fold_sampling_2haw/sampling_round_14/02_sampling/sampling_12/group_9_unrelaxed_rank_001_alphafold2_ptm_model_1_seed_042.pdb,90.87935275080913,0.91586,0.67466,11
/results/PPAC_BACSU/run1/02_hierarchical_m_fold_sampling_2haw/sampling_round_14/02_sampling/sampling_12/group_1_unrelaxed_rank_001_alphafold2_ptm_model_1_seed_042.pdb,89.00275080906152,0.88898,0.67308,11
/results/PPAC_BACSU/run1/02_hierarchical_m_fold_sampling_2haw/sampling_round_14/02_sampling/sampling_12/group_11_unrelaxed_rank_001_alphafold2_ptm_model_1_seed_042.pdb,91.55744336569578,0.87759,0.67757,11
/results/PPAC_BACSU/run1/02_hierarchical_m_fold_sampling_2haw/sampling_round_14/02_sampling/sampling_12/group_2_unrelaxed_rank_001_alphafold2_ptm_model_1_seed_042.pdb,87.08255663430423,0.87752,0.67102,11
/results/PPAC_BACSU/run1/02_hierarchical_m_fold_sampling_2haw/sampling_round_14/02_sampling/sampling_3/group_8_unrelaxed_rank_001_alphafold2_ptm_model_1_seed_042.pdb,90.17284789644009,0.87748,0.67257,11
/results/PPAC_BACSU/run1/02_hierarchical_m_fold_sampling_2haw/sampling_round_14/02_sampling/sampling_3/group_6_unrelaxed_rank_001_alphafold2_ptm_model_1_seed_042.pdb,90.50983818770227,0.89283,0.6754,11
/results/PPAC_BACSU/run1/02_hierarchical_m_fold_sampling_2haw/sampling_round_14/02_sampling/sampling_3/group_13_unrelaxed_rank_001_alphafold2_ptm_model_1_seed_042.pdb,90.26922330097085,0.89759,0.66917,15
/results/PPAC_BACSU/run1/02_hierarchical_m_fold_sampling_2haw/sampling_round_14/02_sampling/sampling_3/group_7_unrelaxed_rank_001_alphafold2_ptm_model_1_seed_042.pdb,91.03129449838187,0.90916,0.67143,11
/results/PPAC_BACSU/run1/02_hierarchical_m_fold_sampling_2haw/sampling_round_14/02_sampling/sampling_3/group_4_unrelaxed_rank_001_alphafold2_ptm_model_1_seed_042.pdb,91.8425889967637,0.80168,0.68461,11
/results/PPAC_BACSU/run1/02_hierarchical_m_fold_sampling_2haw/sampling_round_14/02_sampling/sampling_3/group_12_unrelaxed_rank_001_alphafold2_ptm_model_1_seed_042.pdb,87.99038834951455,0.88247,0.67148,11
/results/PPAC_BACSU/run1/02_hierarchical_m_fold_sampling_2haw/sampling_round_14/02_sampling/sampling_3/group_5_unrelaxed_rank_001_alphafold2_ptm_model_1_seed_042.pdb,90.77223300970867,0.81257,0.68045,11
/results/PPAC_BACSU/run1/02_hierarchical_m_fold_sampling_2haw/sampling_round_14/02_sampling/sampling_3/group_10_unrelaxed_rank_001_alphafold2_ptm_model_1_seed_042.pdb,90.91417475728156,0.869,0.67628,11
/results/PPAC_BACSU/run1/02_hierarchical_m_fold_sampling_2haw/sampling_round_14/02_sampling/sampling_3/group_3_unrelaxed_rank_001_alphafold2_ptm_model_1_seed_042.pdb,90.85488673139166,0.75322,0.71117,11
/results/PPAC_BACSU/run1/02_hierarchical_m_fold_sampling_2haw/sampling_round_14/02_sampling/sampling_3/group_9_unrelaxed_rank_001_alphafold2_ptm_model_1_seed_042.pdb,90.31909385113269,0.86812,0.67783,11
/results/PPAC_BACSU/run1/02_hierarchical_m_fold_sampling_2haw/sampling_round_14/02_sampling/sampling_3/group_1_unrelaxed_rank_001_alphafold2_ptm_model_1_seed_042.pdb,90.47055016181228,0.72443,0.72547,11
/results/PPAC_BACSU/run1/02_hierarchical_m_fold_sampling_2haw/sampling_round_14/02_sampling/sampling_3/group_11_unrelaxed_rank_001_alphafold2_ptm_model_1_seed_042.pdb,89.55679611650496,0.71226,0.75008,11
/results/PPAC_BACSU/run1/02_hierarchical_m_fold_sampling_2haw/sampling_round_14/02_sampling/sampling_3/group_2_unrelaxed_rank_001_alphafold2_ptm_model_1_seed_042.pdb,89.08055016181227,0.88597,0.67118,11
/results/PPAC_BACSU/run1/02_hierarchical_m_fold_sampling_2haw/sampling_round_14/02_sampling/sampling_14/group_8_unrelaxed_rank_001_alphafold2_ptm_model_1_seed_042.pdb,90.943430420712,0.89638,0.67224,11
/results/PPAC_BACSU/run1/02_hierarchical_m_fold_sampling_2haw/sampling_round_14/02_sampling/sampling_14/group_6_unrelaxed_rank_001_alphafold2_ptm_model_1_seed_042.pdb,90.34006472491912,0.90052,0.6719,11
/results/PPAC_BACSU/run1/02_hierarchical_m_fold_sampling_2haw/sampling_round_14/02_sampling/sampling_14/group_13_unrelaxed_rank_001_alphafold2_ptm_model_1_seed_042.pdb,90.98242718446589,0.86733,0.6793,15
/results/PPAC_BACSU/run1/02_hierarchical_m_fold_sampling_2haw/sampling_round_14/02_sampling/sampling_14/group_7_unrelaxed_rank_001_alphafold2_ptm_model_1_seed_042.pdb,90.6533009708738,0.87664,0.67572,11
/results/PPAC_BACSU/run1/02_hierarchical_m_fold_sampling_2haw/sampling_round_14/02_sampling/sampling_14/group_4_unrelaxed_rank_001_alphafold2_ptm_model_1_seed_042.pdb,91.03857605177984,0.9263,0.67437,11
/results/PPAC_BACSU/run1/02_hierarchical_m_fold_sampling_2haw/sampling_round_14/02_sampling/sampling_14/group_12_unrelaxed_rank_001_alphafold2_ptm_model_1_seed_042.pdb,88.85245954692559,0.89563,0.67353,11
/results/PPAC_BACSU/run1/02_hierarchical_m_fold_sampling_2haw/sampling_round_14/02_sampling/sampling_14/group_5_unrelaxed_rank_001_alphafold2_ptm_model_1_seed_042.pdb,90.94326860841429,0.88886,0.67738,11
/results/PPAC_BACSU/run1/02_hierarchical_m_fold_sampling_2haw/sampling_round_14/02_sampling/sampling_14/group_10_unrelaxed_rank_001_alphafold2_ptm_model_1_seed_042.pdb,91.52407766990298,0.88844,0.67481,11
/results/PPAC_BACSU/run1/02_hierarchical_m_fold_sampling_2haw/sampling_round_14/02_sampling/sampling_14/group_3_unrelaxed_rank_001_alphafold2_ptm_model_1_seed_042.pdb,88.42019417475728,0.91161,0.66789,11
/results/PPAC_BACSU/run1/02_hierarchical_m_fold_sampling_2haw/sampling_round_14/02_sampling/sampling_14/group_9_unrelaxed_rank_001_alphafold2_ptm_model_1_seed_042.pdb,92.03770226537218,0.86406,0.67802,11
/results/PPAC_BACSU/run1/02_hierarchical_m_fold_sampling_2haw/sampling_round_14/02_sampling/sampling_14/group_1_unrelaxed_rank_001_alphafold2_ptm_model_1_seed_042.pdb,90.61177993527508,0.85095,0.67825,11
/results/PPAC_BACSU/run1/02_hierarchical_m_fold_sampling_2haw/sampling_round_14/02_sampling/sampling_14/group_11_unrelaxed_rank_001_alphafold2_ptm_model_1_seed_042.pdb,90.07731391585764,0.75211,0.7084,11
/results/PPAC_BACSU/run1/02_hierarchical_m_fold_sampling_2haw/sampling_round_14/02_sampling/sampling_14/group_2_unrelaxed_rank_001_alphafold2_ptm_model_1_seed_042.pdb,91.26077669902914,0.89088,0.67426,11
/results/PPAC_BACSU/run1/02_hierarchical_m_fold_sampling_2haw/sampling_round_1/02_sampling/sampling_10/group_8_unrelaxed_rank_001_alphafold2_ptm_model_1_seed_042.pdb,89.23647249190931,0.90858,0.67693,11
/results/PPAC_BACSU/run1/02_hierarchical_m_fold_sampling_2haw/sampling_round_1/02_sampling/sampling_10/group_6_unrelaxed_rank_001_alphafold2_ptm_model_1_seed_042.pdb,90.97961165048544,0.90862,0.67119,11
/results/PPAC_BACSU/run1/02_hierarchical_m_fold_sampling_2haw/sampling_round_1/02_sampling/sampling_10/group_13_unrelaxed_rank_001_alphafold2_ptm_model_1_seed_042.pdb,91.7922653721683,0.88227,0.67532,15
/results/PPAC_BACSU/run1/02_hierarchical_m_fold_sampling_2haw/sampling_round_1/02_sampling/sampling_10/group_7_unrelaxed_rank_001_alphafold2_ptm_model_1_seed_042.pdb,90.45695792880258,0.89862,0.67373,11
/results/PPAC_BACSU/run1/02_hierarchical_m_fold_sampling_2haw/sampling_round_1/02_sampling/sampling_10/group_4_unrelaxed_rank_001_alphafold2_ptm_model_1_seed_042.pdb,91.5734951456311,0.84786,0.67852,11
/results/PPAC_BACSU/run1/02_hierarchical_m_fold_sampling_2haw/sampling_round_1/02_sampling/sampling_10/group_12_unrelaxed_rank_001_alphafold2_ptm_model_1_seed_042.pdb,89.50194174757286,0.89922,0.67234,11
/results/PPAC_BACSU/run1/02_hierarchical_m_fold_sampling_2haw/sampling_round_1/02_sampling/sampling_10/group_5_unrelaxed_rank_001_alphafold2_ptm_model_1_seed_042.pdb,89.50854368932042,0.86925,0.67644,11
/results/PPAC_BACSU/run1/02_hierarchical_m_fold_sampling_2haw/sampling_round_1/02_sampling/sampling_10/group_10_unrelaxed_rank_001_alphafold2_ptm_model_1_seed_042.pdb,91.35294498381876,0.78345,0.68737,11
/results/PPAC_BACSU/run1/02_hierarchical_m_fold_sampling_2haw/sampling_round_1/02_sampling/sampling_10/group_3_unrelaxed_rank_001_alphafold2_ptm_model_1_seed_042.pdb,89.26459546925564,0.88338,0.67698,11
/results/PPAC_BACSU/run1/02_hierarchical_m_fold_sampling_2haw/sampling_round_1/02_sampling/sampling_10/group_9_unrelaxed_rank_001_alphafold2_ptm_model_1_seed_042.pdb,90.87016181229777,0.81086,0.68071,11
/results/PPAC_BACSU/run1/02_hierarchical_m_fold_sampling_2haw/sampling_round_1/02_sampling/sampling_10/group_1_unrelaxed_rank_001_alphafold2_ptm_model_1_seed_042.pdb,91.22569579288029,0.71585,0.74492,11
/results/PPAC_BACSU/run1/02_hierarchical_m_fold_sampling_2haw/sampling_round_1/02_sampling/sampling_10/group_11_unrelaxed_rank_001_alphafold2_ptm_model_1_seed_042.pdb,88.58135922330095,0.71607,0.74207,11
/results/PPAC_BACSU/run1/02_hierarchical_m_fold_sampling_2haw/sampling_round_1/02_sampling/sampling_10/group_2_unrelaxed_rank_001_alphafold2_ptm_model_1_seed_042.pdb,91.39540453074433,0.92586,0.67205,11
/results/PPAC_BACSU/run1/02_hierarchical_m_fold_sampling_2haw/sampling_round_1/02_sampling/sampling_9/group_8_unrelaxed_rank_001_alphafold2_ptm_model_1_seed_042.pdb,93.04090614886724,0.86183,0.6816,11
/results/PPAC_BACSU/run1/02_hierarchical_m_fold_sampling_2haw/sampling_round_1/02_sampling/sampling_9/group_6_unrelaxed_rank_001_alphafold2_ptm_model_1_seed_042.pdb,90.69174757281546,0.88426,0.67485,11
/results/PPAC_BACSU/run1/02_hierarchical_m_fold_sampling_2haw/sampling_round_1/02_sampling/sampling_9/group_13_unrelaxed_rank_001_alphafold2_ptm_model_1_seed_042.pdb,92.073074433657,0.78942,0.68351,15
/results/PPAC_BACSU/run1/02_hierarchical_m_fold_sampling_2haw/sampling_round_1/02_sampling/sampling_9/group_7_unrelaxed_rank_001_alphafold2_ptm_model_1_seed_042.pdb,89.3463430420711,0.85431,0.67987,11
/results/PPAC_BACSU/run1/02_hierarchical_m_fold_sampling_2haw/sampling_round_1/02_sampling/sampling_9/group_4_unrelaxed_rank_001_alphafold2_ptm_model_1_seed_042.pdb,90.1419093851133,0.84154,0.68069,11
/results/PPAC_BACSU/run1/02_hierarchical_m_fold_sampling_2haw/sampling_round_1/02_sampling/sampling_9/group_12_unrelaxed_rank_001_alphafold2_ptm_model_1_seed_042.pdb,90.93294498381881,0.87802,0.67837,11
/results/PPAC_BACSU/run1/02_hierarchical_m_fold_sampling_2haw/sampling_round_1/02_sampling/sampling_9/group_5_unrelaxed_rank_001_alphafold2_ptm_model_1_seed_042.pdb,89.81608414239486,0.89026,0.67539,11
/results/PPAC_BACSU/run1/02_hierarchical_m_fold_sampling_2haw/sampling_round_1/02_sampling/sampling_9/group_10_unrelaxed_rank_001_alphafold2_ptm_model_1_seed_042.pdb,91.09938511326867,0.83523,0.68055,11
/results/PPAC_BACSU/run1/02_hierarchical_m_fold_sampling_2haw/sampling_round_1/02_sampling/sampling_9/group_3_unrelaxed_rank_001_alphafold2_ptm_model_1_seed_042.pdb,88.00689320388345,0.90548,0.66836,11
/results/PPAC_BACSU/run1/02_hierarchical_m_fold_sampling_2haw/sampling_round_1/02_sampling/sampling_9/group_9_unrelaxed_rank_001_alphafold2_ptm_model_1_seed_042.pdb,88.62084142394818,0.88684,0.67256,11
/results/PPAC_BACSU/run1/02_hierarchical_m_fold_sampling_2haw/sampling_round_1/02_sampling/sampling_9/group_1_unrelaxed_rank_001_alphafold2_ptm_model_1_seed_042.pdb,92.1512297734628,0.89443,0.67024,11
/results/PPAC_BACSU/run1/02_hierarchical_m_fold_sampling_2haw/sampling_round_1/02_sampling/sampling_9/group_11_unrelaxed_rank_001_alphafold2_ptm_model_1_seed_042.pdb,89.91372168284788,0.89106,0.67588,11
/results/PPAC_BACSU/run1/02_hierarchical_m_fold_sampling_2haw/sampling_round_1/02_sampling/sampling_9/group_2_unrelaxed_rank_001_alphafold2_ptm_model_1_seed_042.pdb,90.11941747572818,0.73408,0.71498,11
/results/PPAC_BACSU/run1/02_hierarchical_m_fold_sampling_2haw/sampling_round_1/02_sampling/sampling_6/group_8_unrelaxed_rank_001_alphafold2_ptm_model_1_seed_042.pdb,89.53715210355989,0.85819,0.6797,11
/results/PPAC_BACSU/run1/02_hierarchical_m_fold_sampling_2haw/sampling_round_1/02_sampling/sampling_6/group_6_unrelaxed_rank_001_alphafold2_ptm_model_1_seed_042.pdb,89.33812297734629,0.86053,0.67488,11
/results/PPAC_BACSU/run1/02_hierarchical_m_fold_sampling_2haw/sampling_round_1/02_sampling/sampling_6/group_13_unrelaxed_rank_001_alphafold2_ptm_model_1_seed_042.pdb,90.33728155339804,0.72957,0.72951,15
/results/PPAC_BACSU/run1/02_hierarchical_m_fold_sampling_2haw/sampling_round_1/02_sampling/sampling_6/group_7_unrelaxed_rank_001_alphafold2_ptm_model_1_seed_042.pdb,92.09851132686082,0.80296,0.68183,11
/results/PPAC_BACSU/run1/02_hierarchical_m_fold_sampling_2haw/sampling_round_1/02_sampling/sampling_6/group_4_unrelaxed_rank_001_alphafold2_ptm_model_1_seed_042.pdb,89.95058252427185,0.94235,0.67492,11
/results/PPAC_BACSU/run1/02_hierarchical_m_fold_sampling_2haw/sampling_round_1/02_sampling/sampling_6/group_12_unrelaxed_rank_001_alphafold2_ptm_model_1_seed_042.pdb,91.60899676375413,0.85443,0.67985,11
/results/PPAC_BACSU/run1/02_hierarchical_m_fold_sampling_2haw/sampling_round_1/02_sampling/sampling_6/group_5_unrelaxed_rank_001_alphafold2_ptm_model_1_seed_042.pdb,91.24343042071199,0.91618,0.67058,11
/results/PPAC_BACSU/run1/02_hierarchical_m_fold_sampling_2haw/sampling_round_1/02_sampling/sampling_6/group_10_unrelaxed_rank_001_alphafold2_ptm_model_1_seed_042.pdb,87.75592233009706,0.89956,0.65425,11
/results/PPAC_BACSU/run1/02_hierarchical_m_fold_sampling_2haw/sampling_round_1/02_sampling/sampling_6/group_3_unrelaxed_rank_001_alphafold2_ptm_model_1_seed_042.pdb,90.57889967637537,0.88962,0.67538,11
/results/PPAC_BACSU/run1/02_hierarchical_m_fold_sampling_2haw/sampling_round_1/02_sampling/sampling_6/group_9_unrelaxed_rank_001_alphafold2_ptm_model_1_seed_042.pdb,90.9279935275081,0.871,0.67793,11
/results/PPAC_BACSU/run1/02_hierarchical_m_fold_sampling_2haw/sampling_round_1/02_sampling/sampling_6/group_1_unrelaxed_rank_001_alphafold2_ptm_model_1_seed_042.pdb,90.56563106796109,0.7201,0.72946,11
/results/PPAC_BACSU/run1/02_hierarchical_m_fold_sampling_2haw/sampling_round_1/02_sampling/sampling_6/group_11_unrelaxed_rank_001_alphafold2_ptm_model_1_seed_042.pdb,90.36805825242725,0.88765,0.6756,11
/results/PPAC_BACSU/run1/02_hierarchical_m_fold_sampling_2haw/sampling_round_1/02_sampling/sampling_6/group_2_unrelaxed_rank_001_alphafold2_ptm_model_1_seed_042.pdb,89.50401294498383,0.88566,0.672,11
/results/PPAC_BACSU/run1/02_hierarchical_m_fold_sampling_2haw/sampling_round_1/02_sampling/sampling_1/group_8_unrelaxed_rank_001_alphafold2_ptm_model_1_seed_042.pdb,90.34294498381877,0.84659,0.68218,11
/results/PPAC_BACSU/run1/02_hierarchical_m_fold_sampling_2haw/sampling_round_1/02_sampling/sampling_1/group_6_unrelaxed_rank_001_alphafold2_ptm_model_1_seed_042.pdb,89.2370226537217,0.87632,0.67262,11
/results/PPAC_BACSU/run1/02_hierarchical_m_fold_sampling_2haw/sampling_round_1/02_sampling/sampling_1/group_13_unrelaxed_rank_001_alphafold2_ptm_model_1_seed_042.pdb,91.42660194174755,0.82801,0.68056,15
/results/PPAC_BACSU/run1/02_hierarchical_m_fold_sampling_2haw/sampling_round_1/02_sampling/sampling_1/group_7_unrelaxed_rank_001_alphafold2_ptm_model_1_seed_042.pdb,90.88812297734627,0.88554,0.67577,11
/results/PPAC_BACSU/run1/02_hierarchical_m_fold_sampling_2haw/sampling_round_1/02_sampling/sampling_1/group_4_unrelaxed_rank_001_alphafold2_ptm_model_1_seed_042.pdb,91.11828478964408,0.91472,0.67346,11
/results/PPAC_BACSU/run1/02_hierarchical_m_fold_sampling_2haw/sampling_round_1/02_sampling/sampling_1/group_12_unrelaxed_rank_001_alphafold2_ptm_model_1_seed_042.pdb,90.74449838187704,0.72485,0.72757,11
/results/PPAC_BACSU/run1/02_hierarchical_m_fold_sampling_2haw/sampling_round_1/02_sampling/sampling_1/group_5_unrelaxed_rank_001_alphafold2_ptm_model_1_seed_042.pdb,91.44469255663437,0.85522,0.67547,11
/results/PPAC_BACSU/run1/02_hierarchical_m_fold_sampling_2haw/sampling_round_1/02_sampling/sampling_1/group_10_unrelaxed_rank_001_alphafold2_ptm_model_1_seed_042.pdb,89.0811650485437,0.90028,0.66673,11
/results/PPAC_BACSU/run1/02_hierarchical_m_fold_sampling_2haw/sampling_round_1/02_sampling/sampling_1/group_3_unrelaxed_rank_001_alphafold2_ptm_model_1_seed_042.pdb,90.60702265372163,0.9133,0.67706,11
/results/PPAC_BACSU/run1/02_hierarchical_m_fold_sampling_2haw/sampling_round_1/02_sampling/sampling_1/group_9_unrelaxed_rank_001_alphafold2_ptm_model_1_seed_042.pdb,91.61951456310682,0.90047,0.67515,11
/results/PPAC_BACSU/run1/02_hierarchical_m_fold_sampling_2haw/sampling_round_1/02_sampling/sampling_1/group_1_unrelaxed_rank_001_alphafold2_ptm_model_1_seed_042.pdb,91.98362459546921,0.85726,0.67863,11
/results/PPAC_BACSU/run1/02_hierarchical_m_fold_sampling_2haw/sampling_round_1/02_sampling/sampling_1/group_11_unrelaxed_rank_001_alphafold2_ptm_model_1_seed_042.pdb,89.78462783171516,0.92314,0.6725,11
/results/PPAC_BACSU/run1/02_hierarchical_m_fold_sampling_2haw/sampling_round_1/02_sampling/sampling_1/group_2_unrelaxed_rank_001_alphafold2_ptm_model_1_seed_042.pdb,90.65766990291262,0.87515,0.67663,11
/results/PPAC_BACSU/run1/02_hierarchical_m_fold_sampling_2haw/sampling_round_1/02_sampling/sampling_5/group_8_unrelaxed_rank_001_alphafold2_ptm_model_1_seed_042.pdb,91.30572815533984,0.87942,0.67537,11
/results/PPAC_BACSU/run1/02_hierarchical_m_fold_sampling_2haw/sampling_round_1/02_sampling/sampling_5/group_6_unrelaxed_rank_001_alphafold2_ptm_model_1_seed_042.pdb,87.9301618122978,0.89983,0.67511,11
/results/PPAC_BACSU/run1/02_hierarchical_m_fold_sampling_2haw/sampling_round_1/02_sampling/sampling_5/group_13_unrelaxed_rank_001_alphafold2_ptm_model_1_seed_042.pdb,91.16559870550155,0.87883,0.67832,15
/results/PPAC_BACSU/run1/02_hierarchical_m_fold_sampling_2haw/sampling_round_1/02_sampling/sampling_5/group_7_unrelaxed_rank_001_alphafold2_ptm_model_1_seed_042.pdb,88.0149190938511,0.86772,0.67409,11
/results/PPAC_BACSU/run1/02_hierarchical_m_fold_sampling_2haw/sampling_round_1/02_sampling/sampling_5/group_4_unrelaxed_rank_001_alphafold2_ptm_model_1_seed_042.pdb,91.18401294498383,0.85871,0.67779,11
/results/PPAC_BACSU/run1/02_hierarchical_m_fold_sampling_2haw/sampling_round_1/02_sampling/sampling_5/group_12_unrelaxed_rank_001_alphafold2_ptm_model_1_seed_042.pdb,90.51770226537224,0.88819,0.67788,11
/results/PPAC_BACSU/run1/02_hierarchical_m_fold_sampling_2haw/sampling_round_1/02_sampling/sampling_5/group_5_unrelaxed_rank_001_alphafold2_ptm_model_1_seed_042.pdb,92.82932038834957,0.69184,0.84188,11
/results/PPAC_BACSU/run1/02_hierarchical_m_fold_sampling_2haw/sampling_round_1/02_sampling/sampling_5/group_10_unrelaxed_rank_001_alphafold2_ptm_model_1_seed_042.pdb,89.94582524271844,0.85822,0.67743,11
/results/PPAC_BACSU/run1/02_hierarchical_m_fold_sampling_2haw/sampling_round_1/02_sampling/sampling_5/group_3_unrelaxed_rank_001_alphafold2_ptm_model_1_seed_042.pdb,92.07174757281557,0.90148,0.67148,11
/results/PPAC_BACSU/run1/02_hierarchical_m_fold_sampling_2haw/sampling_round_1/02_sampling/sampling_5/group_9_unrelaxed_rank_001_alphafold2_ptm_model_1_seed_042.pdb,90.28776699029125,0.7256,0.72164,11
/results/PPAC_BACSU/run1/02_hierarchical_m_fold_sampling_2haw/sampling_round_1/02_sampling/sampling_5/group_1_unrelaxed_rank_001_alphafold2_ptm_model_1_seed_042.pdb,89.14012944983808,0.67261,0.89757,11
/results/PPAC_BACSU/run1/02_hierarchical_m_fold_sampling_2haw/sampling_round_1/02_sampling/sampling_5/group_11_unrelaxed_rank_001_alphafold2_ptm_model_1_seed_042.pdb,90.18466019417471,0.86604,0.6792,11
/results/PPAC_BACSU/run1/02_hierarchical_m_fold_sampling_2haw/sampling_round_1/02_sampling/sampling_5/group_2_unrelaxed_rank_001_alphafold2_ptm_model_1_seed_042.pdb,89.5883818770226,0.70227,0.75175,11
/results/PPAC_BACSU/run1/02_hierarchical_m_fold_sampling_2haw/sampling_round_1/02_sampling/sampling_8/group_8_unrelaxed_rank_001_alphafold2_ptm_model_1_seed_042.pdb,90.94187702265361,0.90825,0.6714,11
/results/PPAC_BACSU/run1/02_hierarchical_m_fold_sampling_2haw/sampling_round_1/02_sampling/sampling_8/group_6_unrelaxed_rank_001_alphafold2_ptm_model_1_seed_042.pdb,91.88666666666674,0.8345,0.67684,11
/results/PPAC_BACSU/run1/02_hierarchical_m_fold_sampling_2haw/sampling_round_1/02_sampling/sampling_8/group_13_unrelaxed_rank_001_alphafold2_ptm_model_1_seed_042.pdb,90.90472491909384,0.88033,0.67795,15
/results/PPAC_BACSU/run1/02_hierarchical_m_fold_sampling_2haw/sampling_round_1/02_sampling/sampling_8/group_7_unrelaxed_rank_001_alphafold2_ptm_model_1_seed_042.pdb,90.60747572815538,0.82737,0.67351,11
/results/PPAC_BACSU/run1/02_hierarchical_m_fold_sampling_2haw/sampling_round_1/02_sampling/sampling_8/group_4_unrelaxed_rank_001_alphafold2_ptm_model_1_seed_042.pdb,90.64576051779937,0.88601,0.67665,11
/results/PPAC_BACSU/run1/02_hierarchical_m_fold_sampling_2haw/sampling_round_1/02_sampling/sampling_8/group_12_unrelaxed_rank_001_alphafold2_ptm_model_1_seed_042.pdb,90.94857605177984,0.89726,0.67601,11
/results/PPAC_BACSU/run1/02_hierarchical_m_fold_sampling_2haw/sampling_round_1/02_sampling/sampling_8/group_5_unrelaxed_rank_001_alphafold2_ptm_model_1_seed_042.pdb,90.63766990291262,0.89214,0.67334,11
/results/PPAC_BACSU/run1/02_hierarchical_m_fold_sampling_2haw/sampling_round_1/02_sampling/sampling_8/group_10_unrelaxed_rank_001_alphafold2_ptm_model_1_seed_042.pdb,89.90896440129453,0.91836,0.67307,11
/results/PPAC_BACSU/run1/02_hierarchical_m_fold_sampling_2haw/sampling_round_1/02_sampling/sampling_8/group_3_unrelaxed_rank_001_alphafold2_ptm_model_1_seed_042.pdb,89.83883495145636,0.85284,0.67865,11
/results/PPAC_BACSU/run1/02_hierarchical_m_fold_sampling_2haw/sampling_round_1/02_sampling/sampling_8/group_9_unrelaxed_rank_001_alphafold2_ptm_model_1_seed_042.pdb,91.59608414239487,0.88629,0.67679,11
/results/PPAC_BACSU/run1/02_hierarchical_m_fold_sampling_2haw/sampling_round_1/02_sampling/sampling_8/group_1_unrelaxed_rank_001_alphafold2_ptm_model_1_seed_042.pdb,92.205922330097,0.88586,0.67983,11
/results/PPAC_BACSU/run1/02_hierarchical_m_fold_sampling_2haw/sampling_round_1/02_sampling/sampling_8/group_11_unrelaxed_rank_001_alphafold2_ptm_model_1_seed_042.pdb,89.09595469255672,0.90283,0.67638,11
/results/PPAC_BACSU/run1/02_hierarchical_m_fold_sampling_2haw/sampling_round_1/02_sampling/sampling_8/group_2_unrelaxed_rank_001_alphafold2_ptm_model_1_seed_042.pdb,91.81880258899685,0.86597,0.6758,11
/results/PPAC_BACSU/run1/02_hierarchical_m_fold_sampling_2haw/sampling_round_1/02_sampling/sampling_7/group_8_unrelaxed_rank_001_alphafold2_ptm_model_1_seed_042.pdb,91.09737864077675,0.92082,0.67453,11
/results/PPAC_BACSU/run1/02_hierarchical_m_fold_sampling_2haw/sampling_round_1/02_sampling/sampling_7/group_6_unrelaxed_rank_001_alphafold2_ptm_model_1_seed_042.pdb,91.9783495145631,0.84606,0.67799,11
/results/PPAC_BACSU/run1/02_hierarchical_m_fold_sampling_2haw/sampling_round_1/02_sampling/sampling_7/group_13_unrelaxed_rank_001_alphafold2_ptm_model_1_seed_042.pdb,91.62333333333328,0.91013,0.67363,15
/results/PPAC_BACSU/run1/02_hierarchical_m_fold_sampling_2haw/sampling_round_1/02_sampling/sampling_7/group_7_unrelaxed_rank_001_alphafold2_ptm_model_1_seed_042.pdb,91.73812297734631,0.87431,0.67597,11
/results/PPAC_BACSU/run1/02_hierarchical_m_fold_sampling_2haw/sampling_round_1/02_sampling/sampling_7/group_4_unrelaxed_rank_001_alphafold2_ptm_model_1_seed_042.pdb,89.98951456310685,0.88496,0.67388,11
/results/PPAC_BACSU/run1/02_hierarchical_m_fold_sampling_2haw/sampling_round_1/02_sampling/sampling_7/group_12_unrelaxed_rank_001_alphafold2_ptm_model_1_seed_042.pdb,90.85336569579282,0.88094,0.67848,11
/results/PPAC_BACSU/run1/02_hierarchical_m_fold_sampling_2haw/sampling_round_1/02_sampling/sampling_7/group_5_unrelaxed_rank_001_alphafold2_ptm_model_1_seed_042.pdb,90.7450809061489,0.8915,0.67333,11
/results/PPAC_BACSU/run1/02_hierarchical_m_fold_sampling_2haw/sampling_round_1/02_sampling/sampling_7/group_10_unrelaxed_rank_001_alphafold2_ptm_model_1_seed_042.pdb,88.09653721682845,0.67423,0.90759,11
/results/PPAC_BACSU/run1/02_hierarchical_m_fold_sampling_2haw/sampling_round_1/02_sampling/sampling_7/group_3_unrelaxed_rank_001_alphafold2_ptm_model_1_seed_042.pdb,91.34673139158568,0.87632,0.67773,11
/results/PPAC_BACSU/run1/02_hierarchical_m_fold_sampling_2haw/sampling_round_1/02_sampling/sampling_7/group_9_unrelaxed_rank_001_alphafold2_ptm_model_1_seed_042.pdb,91.79210355987054,0.85929,0.68092,11
/results/PPAC_BACSU/run1/02_hierarchical_m_fold_sampling_2haw/sampling_round_1/02_sampling/sampling_7/group_1_unrelaxed_rank_001_alphafold2_ptm_model_1_seed_042.pdb,91.30763754045302,0.6851,0.84045,11
/results/PPAC_BACSU/run1/02_hierarchical_m_fold_sampling_2haw/sampling_round_1/02_sampling/sampling_7/group_11_unrelaxed_rank_001_alphafold2_ptm_model_1_seed_042.pdb,90.56961165048548,0.89077,0.67632,11
/results/PPAC_BACSU/run1/02_hierarchical_m_fold_sampling_2haw/sampling_round_1/02_sampling/sampling_7/group_2_unrelaxed_rank_001_alphafold2_ptm_model_1_seed_042.pdb,90.59715210355989,0.90136,0.67557,11
/results/PPAC_BACSU/run1/02_hierarchical_m_fold_sampling_2haw/sampling_round_1/02_sampling/sampling_2/group_8_unrelaxed_rank_001_alphafold2_ptm_model_1_seed_042.pdb,91.35055016181227,0.85771,0.68034,11
/results/PPAC_BACSU/run1/02_hierarchical_m_fold_sampling_2haw/sampling_round_1/02_sampling/sampling_2/group_6_unrelaxed_rank_001_alphafold2_ptm_model_1_seed_042.pdb,92.03750809061488,0.89191,0.67123,11
/results/PPAC_BACSU/run1/02_hierarchical_m_fold_sampling_2haw/sampling_round_1/02_sampling/sampling_2/group_13_unrelaxed_rank_001_alphafold2_ptm_model_1_seed_042.pdb,91.68229773462781,0.90146,0.67275,15
/results/PPAC_BACSU/run1/02_hierarchical_m_fold_sampling_2haw/sampling_round_1/02_sampling/sampling_2/group_7_unrelaxed_rank_001_alphafold2_ptm_model_1_seed_042.pdb,90.38074433656953,0.87973,0.67772,11
/results/PPAC_BACSU/run1/02_hierarchical_m_fold_sampling_2haw/sampling_round_1/02_sampling/sampling_2/group_4_unrelaxed_rank_001_alphafold2_ptm_model_1_seed_042.pdb,89.12954692556634,0.89245,0.67396,11
/results/PPAC_BACSU/run1/02_hierarchical_m_fold_sampling_2haw/sampling_round_1/02_sampling/sampling_2/group_12_unrelaxed_rank_001_alphafold2_ptm_model_1_seed_042.pdb,91.15776699029126,0.86393,0.67523,11
/results/PPAC_BACSU/run1/02_hierarchical_m_fold_sampling_2haw/sampling_round_1/02_sampling/sampling_2/group_5_unrelaxed_rank_001_alphafold2_ptm_model_1_seed_042.pdb,91.18511326860833,0.90177,0.67293,11
/results/PPAC_BACSU/run1/02_hierarchical_m_fold_sampling_2haw/sampling_round_1/02_sampling/sampling_2/group_10_unrelaxed_rank_001_alphafold2_ptm_model_1_seed_042.pdb,90.89873786407763,0.92322,0.67231,11
/results/PPAC_BACSU/run1/02_hierarchical_m_fold_sampling_2haw/sampling_round_1/02_sampling/sampling_2/group_3_unrelaxed_rank_001_alphafold2_ptm_model_1_seed_042.pdb,91.3227508090615,0.90209,0.67485,11
/results/PPAC_BACSU/run1/02_hierarchical_m_fold_sampling_2haw/sampling_round_1/02_sampling/sampling_2/group_9_unrelaxed_rank_001_alphafold2_ptm_model_1_seed_042.pdb,88.97792880258903,0.90581,0.6723,11
/results/PPAC_BACSU/run1/02_hierarchical_m_fold_sampling_2haw/sampling_round_1/02_sampling/sampling_2/group_1_unrelaxed_rank_001_alphafold2_ptm_model_1_seed_042.pdb,89.88045307443366,0.87837,0.67577,11
/results/PPAC_BACSU/run1/02_hierarchical_m_fold_sampling_2haw/sampling_round_1/02_sampling/sampling_2/group_11_unrelaxed_rank_001_alphafold2_ptm_model_1_seed_042.pdb,90.0041747572815,0.68757,0.80702,11
/results/PPAC_BACSU/run1/02_hierarchical_m_fold_sampling_2haw/sampling_round_1/02_sampling/sampling_2/group_2_unrelaxed_rank_001_alphafold2_ptm_model_1_seed_042.pdb,92.13145631067954,0.79692,0.68885,11
/results/PPAC_BACSU/run1/02_hierarchical_m_fold_sampling_2haw/sampling_round_1/02_sampling/sampling_11/group_8_unrelaxed_rank_001_alphafold2_ptm_model_1_seed_042.pdb,91.38825242718441,0.89326,0.67445,11
/results/PPAC_BACSU/run1/02_hierarchical_m_fold_sampling_2haw/sampling_round_1/02_sampling/sampling_11/group_6_unrelaxed_rank_001_alphafold2_ptm_model_1_seed_042.pdb,90.04258899676377,0.77358,0.69167,11
/results/PPAC_BACSU/run1/02_hierarchical_m_fold_sampling_2haw/sampling_round_1/02_sampling/sampling_11/group_13_unrelaxed_rank_001_alphafold2_ptm_model_1_seed_042.pdb,92.95200647249185,0.84263,0.67987,15
/results/PPAC_BACSU/run1/02_hierarchical_m_fold_sampling_2haw/sampling_round_1/02_sampling/sampling_11/group_7_unrelaxed_rank_001_alphafold2_ptm_model_1_seed_042.pdb,91.39686084142396,0.92189,0.67457,11
/results/PPAC_BACSU/run1/02_hierarchical_m_fold_sampling_2haw/sampling_round_1/02_sampling/sampling_11/group_4_unrelaxed_rank_001_alphafold2_ptm_model_1_seed_042.pdb,90.33042071197413,0.88185,0.67559,11
/results/PPAC_BACSU/run1/02_hierarchical_m_fold_sampling_2haw/sampling_round_1/02_sampling/sampling_11/group_12_unrelaxed_rank_001_alphafold2_ptm_model_1_seed_042.pdb,88.60236245954685,0.89148,0.66949,11
/results/PPAC_BACSU/run1/02_hierarchical_m_fold_sampling_2haw/sampling_round_1/02_sampling/sampling_11/group_5_unrelaxed_rank_001_alphafold2_ptm_model_1_seed_042.pdb,88.95783171521029,0.88977,0.67359,11
/results/PPAC_BACSU/run1/02_hierarchical_m_fold_sampling_2haw/sampling_round_1/02_sampling/sampling_11/group_10_unrelaxed_rank_001_alphafold2_ptm_model_1_seed_042.pdb,91.29401294498382,0.88681,0.67539,11
/results/PPAC_BACSU/run1/02_hierarchical_m_fold_sampling_2haw/sampling_round_1/02_sampling/sampling_11/group_3_unrelaxed_rank_001_alphafold2_ptm_model_1_seed_042.pdb,91.37220064724914,0.84095,0.67567,11
/results/PPAC_BACSU/run1/02_hierarchical_m_fold_sampling_2haw/sampling_round_1/02_sampling/sampling_11/group_9_unrelaxed_rank_001_alphafold2_ptm_model_1_seed_042.pdb,90.54051779935273,0.90007,0.675,11
/results/PPAC_BACSU/run1/02_hierarchical_m_fold_sampling_2haw/sampling_round_1/02_sampling/sampling_11/group_1_unrelaxed_rank_001_alphafold2_ptm_model_1_seed_042.pdb,91.2529449838188,0.88799,0.67406,11
/results/PPAC_BACSU/run1/02_hierarchical_m_fold_sampling_2haw/sampling_round_1/02_sampling/sampling_11/group_11_unrelaxed_rank_001_alphafold2_ptm_model_1_seed_042.pdb,91.09378640776697,0.89168,0.67341,11
/results/PPAC_BACSU/run1/02_hierarchical_m_fold_sampling_2haw/sampling_round_1/02_sampling/sampling_11/group_2_unrelaxed_rank_001_alphafold2_ptm_model_1_seed_042.pdb,88.90744336569583,0.80328,0.68656,11
/results/PPAC_BACSU/run1/02_hierarchical_m_fold_sampling_2haw/sampling_round_1/02_sampling/sampling_13/group_8_unrelaxed_rank_001_alphafold2_ptm_model_1_seed_042.pdb,90.39466019417478,0.8945,0.67396,11
/results/PPAC_BACSU/run1/02_hierarchical_m_fold_sampling_2haw/sampling_round_1/02_sampling/sampling_13/group_6_unrelaxed_rank_001_alphafold2_ptm_model_1_seed_042.pdb,89.36077669902912,0.75265,0.70868,11
/results/PPAC_BACSU/run1/02_hierarchical_m_fold_sampling_2haw/sampling_round_1/02_sampling/sampling_13/group_13_unrelaxed_rank_001_alphafold2_ptm_model_1_seed_042.pdb,90.09042071197412,0.69666,0.78903,12
/results/PPAC_BACSU/run1/02_hierarchical_m_fold_sampling_2haw/sampling_round_1/02_sampling/sampling_13/group_7_unrelaxed_rank_001_alphafold2_ptm_model_1_seed_042.pdb,90.90822006472497,0.86877,0.67919,11
/results/PPAC_BACSU/run1/02_hierarchical_m_fold_sampling_2haw/sampling_round_1/02_sampling/sampling_13/group_4_unrelaxed_rank_001_alphafold2_ptm_model_1_seed_042.pdb,89.19320388349523,0.97361,0.66459,11
/results/PPAC_BACSU/run1/02_hierarchical_m_fold_sampling_2haw/sampling_round_1/02_sampling/sampling_13/group_12_unrelaxed_rank_001_alphafold2_ptm_model_1_seed_042.pdb,90.71851132686085,0.90554,0.67185,11
/results/PPAC_BACSU/run1/02_hierarchical_m_fold_sampling_2haw/sampling_round_1/02_sampling/sampling_13/group_5_unrelaxed_rank_001_alphafold2_ptm_model_1_seed_042.pdb,90.4953721682848,0.87817,0.67678,11
/results/PPAC_BACSU/run1/02_hierarchical_m_fold_sampling_2haw/sampling_round_1/02_sampling/sampling_13/group_10_unrelaxed_rank_001_alphafold2_ptm_model_1_seed_042.pdb,90.89922330097093,0.88236,0.67758,11
/results/PPAC_BACSU/run1/02_hierarchical_m_fold_sampling_2haw/sampling_round_1/02_sampling/sampling_13/group_3_unrelaxed_rank_001_alphafold2_ptm_model_1_seed_042.pdb,91.43029126213592,0.8735,0.67773,11
/results/PPAC_BACSU/run1/02_hierarchical_m_fold_sampling_2haw/sampling_round_1/02_sampling/sampling_13/group_9_unrelaxed_rank_001_alphafold2_ptm_model_1_seed_042.pdb,92.0742071197411,0.86897,0.67965,11
/results/PPAC_BACSU/run1/02_hierarchical_m_fold_sampling_2haw/sampling_round_1/02_sampling/sampling_13/group_1_unrelaxed_rank_001_alphafold2_ptm_model_1_seed_042.pdb,90.64443365695797,0.89704,0.67567,11
/results/PPAC_BACSU/run1/02_hierarchical_m_fold_sampling_2haw/sampling_round_1/02_sampling/sampling_13/group_11_unrelaxed_rank_001_alphafold2_ptm_model_1_seed_042.pdb,90.89388349514563,0.88606,0.6785,11
/results/PPAC_BACSU/run1/02_hierarchical_m_fold_sampling_2haw/sampling_round_1/02_sampling/sampling_13/group_2_unrelaxed_rank_001_alphafold2_ptm_model_1_seed_042.pdb,90.44799352750809,0.90273,0.67696,11
/results/PPAC_BACSU/run1/02_hierarchical_m_fold_sampling_2haw/sampling_round_1/02_sampling/sampling_4/group_8_unrelaxed_rank_001_alphafold2_ptm_model_1_seed_042.pdb,90.59181229773465,0.88197,0.67791,11
/results/PPAC_BACSU/run1/02_hierarchical_m_fold_sampling_2haw/sampling_round_1/02_sampling/sampling_4/group_6_unrelaxed_rank_001_alphafold2_ptm_model_1_seed_042.pdb,89.68854368932034,0.67363,0.88569,11
/results/PPAC_BACSU/run1/02_hierarchical_m_fold_sampling_2haw/sampling_round_1/02_sampling/sampling_4/group_13_unrelaxed_rank_001_alphafold2_ptm_model_1_seed_042.pdb,92.01779935275083,0.90816,0.67462,15
/results/PPAC_BACSU/run1/02_hierarchical_m_fold_sampling_2haw/sampling_round_1/02_sampling/sampling_4/group_7_unrelaxed_rank_001_alphafold2_ptm_model_1_seed_042.pdb,87.90967637540462,0.90264,0.67024,11
/results/PPAC_BACSU/run1/02_hierarchical_m_fold_sampling_2haw/sampling_round_1/02_sampling/sampling_4/group_4_unrelaxed_rank_001_alphafold2_ptm_model_1_seed_042.pdb,90.72472491909377,0.89568,0.67564,11
/results/PPAC_BACSU/run1/02_hierarchical_m_fold_sampling_2haw/sampling_round_1/02_sampling/sampling_4/group_12_unrelaxed_rank_001_alphafold2_ptm_model_1_seed_042.pdb,90.94132686084141,0.88732,0.67338,11
/results/PPAC_BACSU/run1/02_hierarchical_m_fold_sampling_2haw/sampling_round_1/02_sampling/sampling_4/group_5_unrelaxed_rank_001_alphafold2_ptm_model_1_seed_042.pdb,90.10747572815534,0.71814,0.73843,11
/results/PPAC_BACSU/run1/02_hierarchical_m_fold_sampling_2haw/sampling_round_1/02_sampling/sampling_4/group_10_unrelaxed_rank_001_alphafold2_ptm_model_1_seed_042.pdb,88.11776699029126,0.91293,0.67767,11
/results/PPAC_BACSU/run1/02_hierarchical_m_fold_sampling_2haw/sampling_round_1/02_sampling/sampling_4/group_3_unrelaxed_rank_001_alphafold2_ptm_model_1_seed_042.pdb,90.58116504854371,0.71992,0.74476,11
/results/PPAC_BACSU/run1/02_hierarchical_m_fold_sampling_2haw/sampling_round_1/02_sampling/sampling_4/group_9_unrelaxed_rank_001_alphafold2_ptm_model_1_seed_042.pdb,91.78294498381875,0.72488,0.73007,11
/results/PPAC_BACSU/run1/02_hierarchical_m_fold_sampling_2haw/sampling_round_1/02_sampling/sampling_4/group_1_unrelaxed_rank_001_alphafold2_ptm_model_1_seed_042.pdb,91.14336569579292,0.88642,0.67453,11
/results/PPAC_BACSU/run1/02_hierarchical_m_fold_sampling_2haw/sampling_round_1/02_sampling/sampling_4/group_11_unrelaxed_rank_001_alphafold2_ptm_model_1_seed_042.pdb,91.52592233009709,0.85592,0.67941,11
/results/PPAC_BACSU/run1/02_hierarchical_m_fold_sampling_2haw/sampling_round_1/02_sampling/sampling_4/group_2_unrelaxed_rank_001_alphafold2_ptm_model_1_seed_042.pdb,89.23349514563108,0.8874,0.67153,11
/results/PPAC_BACSU/run1/02_hierarchical_m_fold_sampling_2haw/sampling_round_1/02_sampling/sampling_12/group_8_unrelaxed_rank_001_alphafold2_ptm_model_1_seed_042.pdb,88.78472491909383,0.8651,0.67907,11
/results/PPAC_BACSU/run1/02_hierarchical_m_fold_sampling_2haw/sampling_round_1/02_sampling/sampling_12/group_6_unrelaxed_rank_001_alphafold2_ptm_model_1_seed_042.pdb,89.20932038834951,0.90126,0.67287,11
/results/PPAC_BACSU/run1/02_hierarchical_m_fold_sampling_2haw/sampling_round_1/02_sampling/sampling_12/group_13_unrelaxed_rank_001_alphafold2_ptm_model_1_seed_042.pdb,90.8717475728155,0.8428,0.68106,15
/results/PPAC_BACSU/run1/02_hierarchical_m_fold_sampling_2haw/sampling_round_1/02_sampling/sampling_12/group_7_unrelaxed_rank_001_alphafold2_ptm_model_1_seed_042.pdb,90.945857605178,0.86045,0.67917,11
/results/PPAC_BACSU/run1/02_hierarchical_m_fold_sampling_2haw/sampling_round_1/02_sampling/sampling_12/group_4_unrelaxed_rank_001_alphafold2_ptm_model_1_seed_042.pdb,91.02249190938518,0.88461,0.67721,11
/results/PPAC_BACSU/run1/02_hierarchical_m_fold_sampling_2haw/sampling_round_1/02_sampling/sampling_12/group_12_unrelaxed_rank_001_alphafold2_ptm_model_1_seed_042.pdb,91.71398058252429,0.88002,0.677,11
/results/PPAC_BACSU/run1/02_hierarchical_m_fold_sampling_2haw/sampling_round_1/02_sampling/sampling_12/group_5_unrelaxed_rank_001_alphafold2_ptm_model_1_seed_042.pdb,91.86423948220059,0.88999,0.67578,11
/results/PPAC_BACSU/run1/02_hierarchical_m_fold_sampling_2haw/sampling_round_1/02_sampling/sampling_12/group_10_unrelaxed_rank_001_alphafold2_ptm_model_1_seed_042.pdb,91.36631067961169,0.70751,0.75664,11
/results/PPAC_BACSU/run1/02_hierarchical_m_fold_sampling_2haw/sampling_round_1/02_sampling/sampling_12/group_3_unrelaxed_rank_001_alphafold2_ptm_model_1_seed_042.pdb,90.29165048543696,0.74293,0.7007,11
/results/PPAC_BACSU/run1/02_hierarchical_m_fold_sampling_2haw/sampling_round_1/02_sampling/sampling_12/group_9_unrelaxed_rank_001_alphafold2_ptm_model_1_seed_042.pdb,89.51627831715207,0.80876,0.68323,11
/results/PPAC_BACSU/run1/02_hierarchical_m_fold_sampling_2haw/sampling_round_1/02_sampling/sampling_12/group_1_unrelaxed_rank_001_alphafold2_ptm_model_1_seed_042.pdb,89.86944983818768,0.91925,0.67216,11
/results/PPAC_BACSU/run1/02_hierarchical_m_fold_sampling_2haw/sampling_round_1/02_sampling/sampling_12/group_11_unrelaxed_rank_001_alphafold2_ptm_model_1_seed_042.pdb,86.09459546925562,0.85262,0.63064,11
/results/PPAC_BACSU/run1/02_hierarchical_m_fold_sampling_2haw/sampling_round_1/02_sampling/sampling_12/group_2_unrelaxed_rank_001_alphafold2_ptm_model_1_seed_042.pdb,90.84498381877027,0.89055,0.67341,11
/results/PPAC_BACSU/run1/02_hierarchical_m_fold_sampling_2haw/sampling_round_1/02_sampling/sampling_3/group_8_unrelaxed_rank_001_alphafold2_ptm_model_1_seed_042.pdb,90.79731391585754,0.89671,0.67037,11
/results/PPAC_BACSU/run1/02_hierarchical_m_fold_sampling_2haw/sampling_round_1/02_sampling/sampling_3/group_6_unrelaxed_rank_001_alphafold2_ptm_model_1_seed_042.pdb,90.77440129449839,0.87094,0.67751,11
/results/PPAC_BACSU/run1/02_hierarchical_m_fold_sampling_2haw/sampling_round_1/02_sampling/sampling_3/group_13_unrelaxed_rank_001_alphafold2_ptm_model_1_seed_042.pdb,91.72576051779934,0.74681,0.70338,15
/results/PPAC_BACSU/run1/02_hierarchical_m_fold_sampling_2haw/sampling_round_1/02_sampling/sampling_3/group_7_unrelaxed_rank_001_alphafold2_ptm_model_1_seed_042.pdb,90.91844660194167,0.87778,0.67616,11
/results/PPAC_BACSU/run1/02_hierarchical_m_fold_sampling_2haw/sampling_round_1/02_sampling/sampling_3/group_4_unrelaxed_rank_001_alphafold2_ptm_model_1_seed_042.pdb,89.90388349514564,0.86795,0.67847,11
/results/PPAC_BACSU/run1/02_hierarchical_m_fold_sampling_2haw/sampling_round_1/02_sampling/sampling_3/group_12_unrelaxed_rank_001_alphafold2_ptm_model_1_seed_042.pdb,90.27601941747568,0.87019,0.67805,11
/results/PPAC_BACSU/run1/02_hierarchical_m_fold_sampling_2haw/sampling_round_1/02_sampling/sampling_3/group_5_unrelaxed_rank_001_alphafold2_ptm_model_1_seed_042.pdb,90.48029126213589,0.89485,0.67562,11
/results/PPAC_BACSU/run1/02_hierarchical_m_fold_sampling_2haw/sampling_round_1/02_sampling/sampling_3/group_10_unrelaxed_rank_001_alphafold2_ptm_model_1_seed_042.pdb,89.69271844660196,0.87992,0.67655,11
/results/PPAC_BACSU/run1/02_hierarchical_m_fold_sampling_2haw/sampling_round_1/02_sampling/sampling_3/group_3_unrelaxed_rank_001_alphafold2_ptm_model_1_seed_042.pdb,91.47174757281557,0.88844,0.67712,11
/results/PPAC_BACSU/run1/02_hierarchical_m_fold_sampling_2haw/sampling_round_1/02_sampling/sampling_3/group_9_unrelaxed_rank_001_alphafold2_ptm_model_1_seed_042.pdb,90.13148867313915,0.91086,0.6719,11
/results/PPAC_BACSU/run1/02_hierarchical_m_fold_sampling_2haw/sampling_round_1/02_sampling/sampling_3/group_1_unrelaxed_rank_001_alphafold2_ptm_model_1_seed_042.pdb,89.80391585760508,0.92721,0.6737,11
/results/PPAC_BACSU/run1/02_hierarchical_m_fold_sampling_2haw/sampling_round_1/02_sampling/sampling_3/group_11_unrelaxed_rank_001_alphafold2_ptm_model_1_seed_042.pdb,90.19779935275082,0.87503,0.67769,11
/results/PPAC_BACSU/run1/02_hierarchical_m_fold_sampling_2haw/sampling_round_1/02_sampling/sampling_3/group_2_unrelaxed_rank_001_alphafold2_ptm_model_1_seed_042.pdb,90.9216181229774,0.95446,0.67058,11
/results/PPAC_BACSU/run1/02_hierarchical_m_fold_sampling_2haw/sampling_round_1/02_sampling/sampling_14/group_8_unrelaxed_rank_001_alphafold2_ptm_model_1_seed_042.pdb,91.36210355987052,0.93129,0.67559,11
/results/PPAC_BACSU/run1/02_hierarchical_m_fold_sampling_2haw/sampling_round_1/02_sampling/sampling_14/group_6_unrelaxed_rank_001_alphafold2_ptm_model_1_seed_042.pdb,89.46682847896437,0.92703,0.67324,11
/results/PPAC_BACSU/run1/02_hierarchical_m_fold_sampling_2haw/sampling_round_1/02_sampling/sampling_14/group_13_unrelaxed_rank_001_alphafold2_ptm_model_1_seed_042.pdb,90.12621359223297,0.77383,0.69073,15
/results/PPAC_BACSU/run1/02_hierarchical_m_fold_sampling_2haw/sampling_round_1/02_sampling/sampling_14/group_7_unrelaxed_rank_001_alphafold2_ptm_model_1_seed_042.pdb,91.28867313915863,0.89921,0.67623,11
/results/PPAC_BACSU/run1/02_hierarchical_m_fold_sampling_2haw/sampling_round_1/02_sampling/sampling_14/group_4_unrelaxed_rank_001_alphafold2_ptm_model_1_seed_042.pdb,90.06718446601936,0.87206,0.67575,11
/results/PPAC_BACSU/run1/02_hierarchical_m_fold_sampling_2haw/sampling_round_1/02_sampling/sampling_14/group_12_unrelaxed_rank_001_alphafold2_ptm_model_1_seed_042.pdb,90.69779935275074,0.90266,0.67347,11
/results/PPAC_BACSU/run1/02_hierarchical_m_fold_sampling_2haw/sampling_round_1/02_sampling/sampling_14/group_5_unrelaxed_rank_001_alphafold2_ptm_model_1_seed_042.pdb,89.95019417475729,0.73845,0.71684,11
/results/PPAC_BACSU/run1/02_hierarchical_m_fold_sampling_2haw/sampling_round_1/02_sampling/sampling_14/group_10_unrelaxed_rank_001_alphafold2_ptm_model_1_seed_042.pdb,90.73145631067959,0.67406,0.88826,11
/results/PPAC_BACSU/run1/02_hierarchical_m_fold_sampling_2haw/sampling_round_1/02_sampling/sampling_14/group_3_unrelaxed_rank_001_alphafold2_ptm_model_1_seed_042.pdb,90.60650485436892,0.88328,0.67667,11
/results/PPAC_BACSU/run1/02_hierarchical_m_fold_sampling_2haw/sampling_round_1/02_sampling/sampling_14/group_9_unrelaxed_rank_001_alphafold2_ptm_model_1_seed_042.pdb,91.30375404530743,0.88134,0.67622,11
/results/PPAC_BACSU/run1/02_hierarchical_m_fold_sampling_2haw/sampling_round_1/02_sampling/sampling_14/group_1_unrelaxed_rank_001_alphafold2_ptm_model_1_seed_042.pdb,91.30763754045311,0.89161,0.67367,11
/results/PPAC_BACSU/run1/02_hierarchical_m_fold_sampling_2haw/sampling_round_1/02_sampling/sampling_14/group_11_unrelaxed_rank_001_alphafold2_ptm_model_1_seed_042.pdb,91.72754045307445,0.90683,0.67343,11
/results/PPAC_BACSU/run1/02_hierarchical_m_fold_sampling_2haw/sampling_round_1/02_sampling/sampling_14/group_2_unrelaxed_rank_001_alphafold2_ptm_model_1_seed_042.pdb,91.03951456310686,0.87509,0.67908,11
/results/PPAC_BACSU/run1/02_hierarchical_m_fold_sampling_2haw/sampling_round_17/02_sampling/sampling_10/group_8_unrelaxed_rank_001_alphafold2_ptm_model_1_seed_042.pdb,89.2379611650485,0.7229,0.72708,11
/results/PPAC_BACSU/run1/02_hierarchical_m_fold_sampling_2haw/sampling_round_17/02_sampling/sampling_10/group_6_unrelaxed_rank_001_alphafold2_ptm_model_1_seed_042.pdb,91.30194174757288,0.87958,0.67422,11
/results/PPAC_BACSU/run1/02_hierarchical_m_fold_sampling_2haw/sampling_round_17/02_sampling/sampling_10/group_13_unrelaxed_rank_001_alphafold2_ptm_model_1_seed_042.pdb,92.00818770226543,0.86818,0.68045,15
/results/PPAC_BACSU/run1/02_hierarchical_m_fold_sampling_2haw/sampling_round_17/02_sampling/sampling_10/group_7_unrelaxed_rank_001_alphafold2_ptm_model_1_seed_042.pdb,91.02233009708728,0.89155,0.67632,11
/results/PPAC_BACSU/run1/02_hierarchical_m_fold_sampling_2haw/sampling_round_17/02_sampling/sampling_10/group_4_unrelaxed_rank_001_alphafold2_ptm_model_1_seed_042.pdb,91.08093851132685,0.90659,0.67062,11
/results/PPAC_BACSU/run1/02_hierarchical_m_fold_sampling_2haw/sampling_round_17/02_sampling/sampling_10/group_12_unrelaxed_rank_001_alphafold2_ptm_model_1_seed_042.pdb,90.43601941747576,0.87488,0.68032,11
/results/PPAC_BACSU/run1/02_hierarchical_m_fold_sampling_2haw/sampling_round_17/02_sampling/sampling_10/group_5_unrelaxed_rank_001_alphafold2_ptm_model_1_seed_042.pdb,90.7598058252427,0.89569,0.67519,11
/results/PPAC_BACSU/run1/02_hierarchical_m_fold_sampling_2haw/sampling_round_17/02_sampling/sampling_10/group_10_unrelaxed_rank_001_alphafold2_ptm_model_1_seed_042.pdb,91.46245954692549,0.88717,0.67654,11
/results/PPAC_BACSU/run1/02_hierarchical_m_fold_sampling_2haw/sampling_round_17/02_sampling/sampling_10/group_3_unrelaxed_rank_001_alphafold2_ptm_model_1_seed_042.pdb,91.2396116504855,0.88325,0.67481,11
/results/PPAC_BACSU/run1/02_hierarchical_m_fold_sampling_2haw/sampling_round_17/02_sampling/sampling_10/group_9_unrelaxed_rank_001_alphafold2_ptm_model_1_seed_042.pdb,91.92171521035603,0.84168,0.68179,11
/results/PPAC_BACSU/run1/02_hierarchical_m_fold_sampling_2haw/sampling_round_17/02_sampling/sampling_10/group_1_unrelaxed_rank_001_alphafold2_ptm_model_1_seed_042.pdb,89.17637540453075,0.70935,0.75194,11
/results/PPAC_BACSU/run1/02_hierarchical_m_fold_sampling_2haw/sampling_round_17/02_sampling/sampling_10/group_11_unrelaxed_rank_001_alphafold2_ptm_model_1_seed_042.pdb,90.71249190938514,0.87585,0.67764,11
/results/PPAC_BACSU/run1/02_hierarchical_m_fold_sampling_2haw/sampling_round_17/02_sampling/sampling_10/group_2_unrelaxed_rank_001_alphafold2_ptm_model_1_seed_042.pdb,90.83579288025895,0.85785,0.6791,11
/results/PPAC_BACSU/run1/02_hierarchical_m_fold_sampling_2haw/sampling_round_17/02_sampling/sampling_9/group_8_unrelaxed_rank_001_alphafold2_ptm_model_1_seed_042.pdb,91.2251779935275,0.90322,0.672,11
/results/PPAC_BACSU/run1/02_hierarchical_m_fold_sampling_2haw/sampling_round_17/02_sampling/sampling_9/group_6_unrelaxed_rank_001_alphafold2_ptm_model_1_seed_042.pdb,89.90880258899676,0.90643,0.67219,11
/results/PPAC_BACSU/run1/02_hierarchical_m_fold_sampling_2haw/sampling_round_17/02_sampling/sampling_9/group_13_unrelaxed_rank_001_alphafold2_ptm_model_1_seed_042.pdb,90.99495145631074,0.91003,0.67467,15
/results/PPAC_BACSU/run1/02_hierarchical_m_fold_sampling_2haw/sampling_round_17/02_sampling/sampling_9/group_7_unrelaxed_rank_001_alphafold2_ptm_model_1_seed_042.pdb,90.44333333333336,0.8492,0.67633,11
/results/PPAC_BACSU/run1/02_hierarchical_m_fold_sampling_2haw/sampling_round_17/02_sampling/sampling_9/group_4_unrelaxed_rank_001_alphafold2_ptm_model_1_seed_042.pdb,90.0158899676376,0.85988,0.67759,11
/results/PPAC_BACSU/run1/02_hierarchical_m_fold_sampling_2haw/sampling_round_17/02_sampling/sampling_9/group_12_unrelaxed_rank_001_alphafold2_ptm_model_1_seed_042.pdb,91.54310679611665,0.88574,0.67626,11
/results/PPAC_BACSU/run1/02_hierarchical_m_fold_sampling_2haw/sampling_round_17/02_sampling/sampling_9/group_5_unrelaxed_rank_001_alphafold2_ptm_model_1_seed_042.pdb,90.84216828478965,0.79916,0.69033,11
/results/PPAC_BACSU/run1/02_hierarchical_m_fold_sampling_2haw/sampling_round_17/02_sampling/sampling_9/group_10_unrelaxed_rank_001_alphafold2_ptm_model_1_seed_042.pdb,91.20067961165049,0.91503,0.67359,11
/results/PPAC_BACSU/run1/02_hierarchical_m_fold_sampling_2haw/sampling_round_17/02_sampling/sampling_9/group_3_unrelaxed_rank_001_alphafold2_ptm_model_1_seed_042.pdb,89.80877022653716,0.87451,0.67239,11
/results/PPAC_BACSU/run1/02_hierarchical_m_fold_sampling_2haw/sampling_round_17/02_sampling/sampling_9/group_9_unrelaxed_rank_001_alphafold2_ptm_model_1_seed_042.pdb,90.51537216828478,0.85806,0.67965,11
/results/PPAC_BACSU/run1/02_hierarchical_m_fold_sampling_2haw/sampling_round_17/02_sampling/sampling_9/group_1_unrelaxed_rank_001_alphafold2_ptm_model_1_seed_042.pdb,89.27106796116503,0.90706,0.66948,11
/results/PPAC_BACSU/run1/02_hierarchical_m_fold_sampling_2haw/sampling_round_17/02_sampling/sampling_9/group_11_unrelaxed_rank_001_alphafold2_ptm_model_1_seed_042.pdb,90.86951456310682,0.89128,0.67525,11
/results/PPAC_BACSU/run1/02_hierarchical_m_fold_sampling_2haw/sampling_round_17/02_sampling/sampling_9/group_2_unrelaxed_rank_001_alphafold2_ptm_model_1_seed_042.pdb,91.55844660194185,0.89808,0.67448,11
/results/PPAC_BACSU/run1/02_hierarchical_m_fold_sampling_2haw/sampling_round_17/02_sampling/sampling_6/group_8_unrelaxed_rank_001_alphafold2_ptm_model_1_seed_042.pdb,90.85258899676377,0.75889,0.69376,11
/results/PPAC_BACSU/run1/02_hierarchical_m_fold_sampling_2haw/sampling_round_17/02_sampling/sampling_6/group_6_unrelaxed_rank_001_alphafold2_ptm_model_1_seed_042.pdb,90.07954692556633,0.89847,0.67556,11
/results/PPAC_BACSU/run1/02_hierarchical_m_fold_sampling_2haw/sampling_round_17/02_sampling/sampling_6/group_13_unrelaxed_rank_001_alphafold2_ptm_model_1_seed_042.pdb,91.74718446601948,0.79082,0.69032,15
/results/PPAC_BACSU/run1/02_hierarchical_m_fold_sampling_2haw/sampling_round_17/02_sampling/sampling_6/group_7_unrelaxed_rank_001_alphafold2_ptm_model_1_seed_042.pdb,89.34080906148863,0.85933,0.67969,11
/results/PPAC_BACSU/run1/02_hierarchical_m_fold_sampling_2haw/sampling_round_17/02_sampling/sampling_6/group_4_unrelaxed_rank_001_alphafold2_ptm_model_1_seed_042.pdb,90.78822006472488,0.91149,0.67061,11
/results/PPAC_BACSU/run1/02_hierarchical_m_fold_sampling_2haw/sampling_round_17/02_sampling/sampling_6/group_12_unrelaxed_rank_001_alphafold2_ptm_model_1_seed_042.pdb,89.49705501618128,0.88268,0.67501,11
/results/PPAC_BACSU/run1/02_hierarchical_m_fold_sampling_2haw/sampling_round_17/02_sampling/sampling_6/group_5_unrelaxed_rank_001_alphafold2_ptm_model_1_seed_042.pdb,90.68365695792882,0.92238,0.67201,11
/results/PPAC_BACSU/run1/02_hierarchical_m_fold_sampling_2haw/sampling_round_17/02_sampling/sampling_6/group_10_unrelaxed_rank_001_alphafold2_ptm_model_1_seed_042.pdb,87.93284789644018,0.75154,0.70143,11
/results/PPAC_BACSU/run1/02_hierarchical_m_fold_sampling_2haw/sampling_round_17/02_sampling/sampling_6/group_3_unrelaxed_rank_001_alphafold2_ptm_model_1_seed_042.pdb,91.34608414239491,0.88141,0.67863,11
/results/PPAC_BACSU/run1/02_hierarchical_m_fold_sampling_2haw/sampling_round_17/02_sampling/sampling_6/group_9_unrelaxed_rank_001_alphafold2_ptm_model_1_seed_042.pdb,90.11896440129449,0.88973,0.67362,11
/results/PPAC_BACSU/run1/02_hierarchical_m_fold_sampling_2haw/sampling_round_17/02_sampling/sampling_6/group_1_unrelaxed_rank_001_alphafold2_ptm_model_1_seed_042.pdb,91.43789644012948,0.88685,0.67501,11
/results/PPAC_BACSU/run1/02_hierarchical_m_fold_sampling_2haw/sampling_round_17/02_sampling/sampling_6/group_11_unrelaxed_rank_001_alphafold2_ptm_model_1_seed_042.pdb,91.43825242718454,0.68068,0.8833,11
/results/PPAC_BACSU/run1/02_hierarchical_m_fold_sampling_2haw/sampling_round_17/02_sampling/sampling_6/group_2_unrelaxed_rank_001_alphafold2_ptm_model_1_seed_042.pdb,90.85705501618126,0.87176,0.67721,11
/results/PPAC_BACSU/run1/02_hierarchical_m_fold_sampling_2haw/sampling_round_17/02_sampling/sampling_1/group_8_unrelaxed_rank_001_alphafold2_ptm_model_1_seed_042.pdb,90.64449838187694,0.88694,0.6744,11
/results/PPAC_BACSU/run1/02_hierarchical_m_fold_sampling_2haw/sampling_round_17/02_sampling/sampling_1/group_6_unrelaxed_rank_001_alphafold2_ptm_model_1_seed_042.pdb,88.62019417475723,0.79583,0.68312,11
/results/PPAC_BACSU/run1/02_hierarchical_m_fold_sampling_2haw/sampling_round_17/02_sampling/sampling_1/group_13_unrelaxed_rank_001_alphafold2_ptm_model_1_seed_042.pdb,90.44669902912625,0.88694,0.67632,15
/results/PPAC_BACSU/run1/02_hierarchical_m_fold_sampling_2haw/sampling_round_17/02_sampling/sampling_1/group_7_unrelaxed_rank_001_alphafold2_ptm_model_1_seed_042.pdb,90.78524271844665,0.86852,0.68049,11
/results/PPAC_BACSU/run1/02_hierarchical_m_fold_sampling_2haw/sampling_round_17/02_sampling/sampling_1/group_4_unrelaxed_rank_001_alphafold2_ptm_model_1_seed_042.pdb,90.49032362459548,0.93223,0.67573,11
/results/PPAC_BACSU/run1/02_hierarchical_m_fold_sampling_2haw/sampling_round_17/02_sampling/sampling_1/group_12_unrelaxed_rank_001_alphafold2_ptm_model_1_seed_042.pdb,92.44851132686088,0.86753,0.67565,11
/results/PPAC_BACSU/run1/02_hierarchical_m_fold_sampling_2haw/sampling_round_17/02_sampling/sampling_1/group_5_unrelaxed_rank_001_alphafold2_ptm_model_1_seed_042.pdb,89.8085760517799,0.86285,0.67823,11
/results/PPAC_BACSU/run1/02_hierarchical_m_fold_sampling_2haw/sampling_round_17/02_sampling/sampling_1/group_10_unrelaxed_rank_001_alphafold2_ptm_model_1_seed_042.pdb,89.66126213592227,0.8854,0.67472,11
/results/PPAC_BACSU/run1/02_hierarchical_m_fold_sampling_2haw/sampling_round_17/02_sampling/sampling_1/group_3_unrelaxed_rank_001_alphafold2_ptm_model_1_seed_042.pdb,90.87420711974106,0.87634,0.67998,11
/results/PPAC_BACSU/run1/02_hierarchical_m_fold_sampling_2haw/sampling_round_17/02_sampling/sampling_1/group_9_unrelaxed_rank_001_alphafold2_ptm_model_1_seed_042.pdb,89.8897411003236,0.88773,0.67296,11
/results/PPAC_BACSU/run1/02_hierarchical_m_fold_sampling_2haw/sampling_round_17/02_sampling/sampling_1/group_1_unrelaxed_rank_001_alphafold2_ptm_model_1_seed_042.pdb,91.0299352750808,0.90623,0.67242,11
/results/PPAC_BACSU/run1/02_hierarchical_m_fold_sampling_2haw/sampling_round_17/02_sampling/sampling_1/group_11_unrelaxed_rank_001_alphafold2_ptm_model_1_seed_042.pdb,90.77394822006477,0.86445,0.67735,11
/results/PPAC_BACSU/run1/02_hierarchical_m_fold_sampling_2haw/sampling_round_17/02_sampling/sampling_1/group_2_unrelaxed_rank_001_alphafold2_ptm_model_1_seed_042.pdb,89.21307443365694,0.81244,0.68186,11
/results/PPAC_BACSU/run1/02_hierarchical_m_fold_sampling_2haw/sampling_round_17/02_sampling/sampling_5/group_8_unrelaxed_rank_001_alphafold2_ptm_model_1_seed_042.pdb,89.31818770226545,0.90116,0.67501,11
/results/PPAC_BACSU/run1/02_hierarchical_m_fold_sampling_2haw/sampling_round_17/02_sampling/sampling_5/group_6_unrelaxed_rank_001_alphafold2_ptm_model_1_seed_042.pdb,90.39627831715214,0.90154,0.67327,11
/results/PPAC_BACSU/run1/02_hierarchical_m_fold_sampling_2haw/sampling_round_17/02_sampling/sampling_5/group_13_unrelaxed_rank_001_alphafold2_ptm_model_1_seed_042.pdb,91.42734627831712,0.8318,0.68335,15
/results/PPAC_BACSU/run1/02_hierarchical_m_fold_sampling_2haw/sampling_round_17/02_sampling/sampling_5/group_7_unrelaxed_rank_001_alphafold2_ptm_model_1_seed_042.pdb,89.85718446601942,0.84579,0.67925,11
/results/PPAC_BACSU/run1/02_hierarchical_m_fold_sampling_2haw/sampling_round_17/02_sampling/sampling_5/group_4_unrelaxed_rank_001_alphafold2_ptm_model_1_seed_042.pdb,91.36113268608413,0.89227,0.67696,11
/results/PPAC_BACSU/run1/02_hierarchical_m_fold_sampling_2haw/sampling_round_17/02_sampling/sampling_5/group_12_unrelaxed_rank_001_alphafold2_ptm_model_1_seed_042.pdb,91.97601941747575,0.90085,0.67263,11
/results/PPAC_BACSU/run1/02_hierarchical_m_fold_sampling_2haw/sampling_round_17/02_sampling/sampling_5/group_5_unrelaxed_rank_001_alphafold2_ptm_model_1_seed_042.pdb,90.82051779935273,0.89778,0.67236,11
/results/PPAC_BACSU/run1/02_hierarchical_m_fold_sampling_2haw/sampling_round_17/02_sampling/sampling_5/group_10_unrelaxed_rank_001_alphafold2_ptm_model_1_seed_042.pdb,88.19763754045307,0.8439,0.67421,11
/results/PPAC_BACSU/run1/02_hierarchical_m_fold_sampling_2haw/sampling_round_17/02_sampling/sampling_5/group_3_unrelaxed_rank_001_alphafold2_ptm_model_1_seed_042.pdb,91.86906148867315,0.87573,0.67741,11
/results/PPAC_BACSU/run1/02_hierarchical_m_fold_sampling_2haw/sampling_round_17/02_sampling/sampling_5/group_9_unrelaxed_rank_001_alphafold2_ptm_model_1_seed_042.pdb,90.47880258899674,0.73923,0.71727,11
/results/PPAC_BACSU/run1/02_hierarchical_m_fold_sampling_2haw/sampling_round_17/02_sampling/sampling_5/group_1_unrelaxed_rank_001_alphafold2_ptm_model_1_seed_042.pdb,91.77352750809068,0.87304,0.67964,11
/results/PPAC_BACSU/run1/02_hierarchical_m_fold_sampling_2haw/sampling_round_17/02_sampling/sampling_5/group_11_unrelaxed_rank_001_alphafold2_ptm_model_1_seed_042.pdb,90.65320388349512,0.89924,0.67234,11
/results/PPAC_BACSU/run1/02_hierarchical_m_fold_sampling_2haw/sampling_round_17/02_sampling/sampling_5/group_2_unrelaxed_rank_001_alphafold2_ptm_model_1_seed_042.pdb,90.38110032362471,0.88178,0.67738,11
/results/PPAC_BACSU/run1/02_hierarchical_m_fold_sampling_2haw/sampling_round_17/02_sampling/sampling_8/group_8_unrelaxed_rank_001_alphafold2_ptm_model_1_seed_042.pdb,89.66223300970877,0.88701,0.67332,11
/results/PPAC_BACSU/run1/02_hierarchical_m_fold_sampling_2haw/sampling_round_17/02_sampling/sampling_8/group_6_unrelaxed_rank_001_alphafold2_ptm_model_1_seed_042.pdb,89.35760517799359,0.87496,0.67424,11
/results/PPAC_BACSU/run1/02_hierarchical_m_fold_sampling_2haw/sampling_round_17/02_sampling/sampling_8/group_13_unrelaxed_rank_001_alphafold2_ptm_model_1_seed_042.pdb,91.72300970873789,0.66273,0.89939,15
/results/PPAC_BACSU/run1/02_hierarchical_m_fold_sampling_2haw/sampling_round_17/02_sampling/sampling_8/group_7_unrelaxed_rank_001_alphafold2_ptm_model_1_seed_042.pdb,91.19343042071186,0.73168,0.73203,11
/results/PPAC_BACSU/run1/02_hierarchical_m_fold_sampling_2haw/sampling_round_17/02_sampling/sampling_8/group_4_unrelaxed_rank_001_alphafold2_ptm_model_1_seed_042.pdb,91.07660194174758,0.89709,0.67687,11
/results/PPAC_BACSU/run1/02_hierarchical_m_fold_sampling_2haw/sampling_round_17/02_sampling/sampling_8/group_12_unrelaxed_rank_001_alphafold2_ptm_model_1_seed_042.pdb,86.81553398058247,0.71757,0.74681,11
/results/PPAC_BACSU/run1/02_hierarchical_m_fold_sampling_2haw/sampling_round_17/02_sampling/sampling_8/group_5_unrelaxed_rank_001_alphafold2_ptm_model_1_seed_042.pdb,91.52650485436901,0.8625,0.67937,11
/results/PPAC_BACSU/run1/02_hierarchical_m_fold_sampling_2haw/sampling_round_17/02_sampling/sampling_8/group_10_unrelaxed_rank_001_alphafold2_ptm_model_1_seed_042.pdb,91.81537216828475,0.87242,0.67869,11
/results/PPAC_BACSU/run1/02_hierarchical_m_fold_sampling_2haw/sampling_round_17/02_sampling/sampling_8/group_3_unrelaxed_rank_001_alphafold2_ptm_model_1_seed_042.pdb,88.8329126213593,0.78516,0.68893,11
/results/PPAC_BACSU/run1/02_hierarchical_m_fold_sampling_2haw/sampling_round_17/02_sampling/sampling_8/group_9_unrelaxed_rank_001_alphafold2_ptm_model_1_seed_042.pdb,89.96019417475738,0.85196,0.67997,11
/results/PPAC_BACSU/run1/02_hierarchical_m_fold_sampling_2haw/sampling_round_17/02_sampling/sampling_8/group_1_unrelaxed_rank_001_alphafold2_ptm_model_1_seed_042.pdb,91.11634304207118,0.87481,0.67723,11
/results/PPAC_BACSU/run1/02_hierarchical_m_fold_sampling_2haw/sampling_round_17/02_sampling/sampling_8/group_11_unrelaxed_rank_001_alphafold2_ptm_model_1_seed_042.pdb,90.09699029126214,0.90766,0.67089,11
/results/PPAC_BACSU/run1/02_hierarchical_m_fold_sampling_2haw/sampling_round_17/02_sampling/sampling_8/group_2_unrelaxed_rank_001_alphafold2_ptm_model_1_seed_042.pdb,91.68805825242715,0.70556,0.76268,11
/results/PPAC_BACSU/run1/02_hierarchical_m_fold_sampling_2haw/sampling_round_17/02_sampling/sampling_7/group_8_unrelaxed_rank_001_alphafold2_ptm_model_1_seed_042.pdb,90.65718446601946,0.87932,0.6759,11
/results/PPAC_BACSU/run1/02_hierarchical_m_fold_sampling_2haw/sampling_round_17/02_sampling/sampling_7/group_6_unrelaxed_rank_001_alphafold2_ptm_model_1_seed_042.pdb,91.42129449838184,0.7686,0.69698,11
/results/PPAC_BACSU/run1/02_hierarchical_m_fold_sampling_2haw/sampling_round_17/02_sampling/sampling_7/group_13_unrelaxed_rank_001_alphafold2_ptm_model_1_seed_042.pdb,91.48974110032367,0.79882,0.68547,15
/results/PPAC_BACSU/run1/02_hierarchical_m_fold_sampling_2haw/sampling_round_17/02_sampling/sampling_7/group_7_unrelaxed_rank_001_alphafold2_ptm_model_1_seed_042.pdb,89.95313915857605,0.91094,0.67399,11
/results/PPAC_BACSU/run1/02_hierarchical_m_fold_sampling_2haw/sampling_round_17/02_sampling/sampling_7/group_4_unrelaxed_rank_001_alphafold2_ptm_model_1_seed_042.pdb,88.47754045307438,0.67247,0.91056,11
/results/PPAC_BACSU/run1/02_hierarchical_m_fold_sampling_2haw/sampling_round_17/02_sampling/sampling_7/group_12_unrelaxed_rank_001_alphafold2_ptm_model_1_seed_042.pdb,91.26381877022654,0.71294,0.74997,11
/results/PPAC_BACSU/run1/02_hierarchical_m_fold_sampling_2haw/sampling_round_17/02_sampling/sampling_7/group_5_unrelaxed_rank_001_alphafold2_ptm_model_1_seed_042.pdb,87.99870550161809,0.90748,0.66795,11
/results/PPAC_BACSU/run1/02_hierarchical_m_fold_sampling_2haw/sampling_round_17/02_sampling/sampling_7/group_10_unrelaxed_rank_001_alphafold2_ptm_model_1_seed_042.pdb,88.7594174757282,0.86704,0.67597,11
/results/PPAC_BACSU/run1/02_hierarchical_m_fold_sampling_2haw/sampling_round_17/02_sampling/sampling_7/group_3_unrelaxed_rank_001_alphafold2_ptm_model_1_seed_042.pdb,89.0344012944984,0.78802,0.68579,11
/results/PPAC_BACSU/run1/02_hierarchical_m_fold_sampling_2haw/sampling_round_17/02_sampling/sampling_7/group_9_unrelaxed_rank_001_alphafold2_ptm_model_1_seed_042.pdb,91.75504854368936,0.94979,0.67024,11
/results/PPAC_BACSU/run1/02_hierarchical_m_fold_sampling_2haw/sampling_round_17/02_sampling/sampling_7/group_1_unrelaxed_rank_001_alphafold2_ptm_model_1_seed_042.pdb,89.52103559870547,0.87999,0.6754,11
/results/PPAC_BACSU/run1/02_hierarchical_m_fold_sampling_2haw/sampling_round_17/02_sampling/sampling_7/group_11_unrelaxed_rank_001_alphafold2_ptm_model_1_seed_042.pdb,89.17899676375404,0.74129,0.72094,11
/results/PPAC_BACSU/run1/02_hierarchical_m_fold_sampling_2haw/sampling_round_17/02_sampling/sampling_7/group_2_unrelaxed_rank_001_alphafold2_ptm_model_1_seed_042.pdb,92.06271844660193,0.88492,0.67702,11
/results/PPAC_BACSU/run1/02_hierarchical_m_fold_sampling_2haw/sampling_round_17/02_sampling/sampling_2/group_8_unrelaxed_rank_001_alphafold2_ptm_model_1_seed_042.pdb,90.97042071197413,0.90009,0.67044,11
/results/PPAC_BACSU/run1/02_hierarchical_m_fold_sampling_2haw/sampling_round_17/02_sampling/sampling_2/group_6_unrelaxed_rank_001_alphafold2_ptm_model_1_seed_042.pdb,89.63566343042072,0.65794,0.93536,11
/results/PPAC_BACSU/run1/02_hierarchical_m_fold_sampling_2haw/sampling_round_17/02_sampling/sampling_2/group_13_unrelaxed_rank_001_alphafold2_ptm_model_1_seed_042.pdb,92.4417799352751,0.8243,0.68813,15
/results/PPAC_BACSU/run1/02_hierarchical_m_fold_sampling_2haw/sampling_round_17/02_sampling/sampling_2/group_7_unrelaxed_rank_001_alphafold2_ptm_model_1_seed_042.pdb,89.86948220064727,0.87988,0.67676,11
/results/PPAC_BACSU/run1/02_hierarchical_m_fold_sampling_2haw/sampling_round_17/02_sampling/sampling_2/group_4_unrelaxed_rank_001_alphafold2_ptm_model_1_seed_042.pdb,91.81051779935275,0.89139,0.67374,11
/results/PPAC_BACSU/run1/02_hierarchical_m_fold_sampling_2haw/sampling_round_17/02_sampling/sampling_2/group_12_unrelaxed_rank_001_alphafold2_ptm_model_1_seed_042.pdb,92.03135922330097,0.85495,0.67889,11
/results/PPAC_BACSU/run1/02_hierarchical_m_fold_sampling_2haw/sampling_round_17/02_sampling/sampling_2/group_5_unrelaxed_rank_001_alphafold2_ptm_model_1_seed_042.pdb,88.06401294498382,0.87425,0.67729,11
/results/PPAC_BACSU/run1/02_hierarchical_m_fold_sampling_2haw/sampling_round_17/02_sampling/sampling_2/group_10_unrelaxed_rank_001_alphafold2_ptm_model_1_seed_042.pdb,89.94242718446603,0.90389,0.67457,11
/results/PPAC_BACSU/run1/02_hierarchical_m_fold_sampling_2haw/sampling_round_17/02_sampling/sampling_2/group_3_unrelaxed_rank_001_alphafold2_ptm_model_1_seed_042.pdb,90.3664724919095,0.7995,0.68426,11
/results/PPAC_BACSU/run1/02_hierarchical_m_fold_sampling_2haw/sampling_round_17/02_sampling/sampling_2/group_9_unrelaxed_rank_001_alphafold2_ptm_model_1_seed_042.pdb,91.03498381877021,0.87187,0.67771,11
/results/PPAC_BACSU/run1/02_hierarchical_m_fold_sampling_2haw/sampling_round_17/02_sampling/sampling_2/group_1_unrelaxed_rank_001_alphafold2_ptm_model_1_seed_042.pdb,89.96174757281557,0.71387,0.73899,11
/results/PPAC_BACSU/run1/02_hierarchical_m_fold_sampling_2haw/sampling_round_17/02_sampling/sampling_2/group_11_unrelaxed_rank_001_alphafold2_ptm_model_1_seed_042.pdb,91.28847896440126,0.91802,0.67179,11
/results/PPAC_BACSU/run1/02_hierarchical_m_fold_sampling_2haw/sampling_round_17/02_sampling/sampling_2/group_2_unrelaxed_rank_001_alphafold2_ptm_model_1_seed_042.pdb,91.83152103559868,0.93978,0.67413,11
/results/PPAC_BACSU/run1/02_hierarchical_m_fold_sampling_2haw/sampling_round_17/02_sampling/sampling_11/group_8_unrelaxed_rank_001_alphafold2_ptm_model_1_seed_042.pdb,90.59375404530748,0.88606,0.67878,11
/results/PPAC_BACSU/run1/02_hierarchical_m_fold_sampling_2haw/sampling_round_17/02_sampling/sampling_11/group_6_unrelaxed_rank_001_alphafold2_ptm_model_1_seed_042.pdb,91.1715857605178,0.89878,0.67388,11
/results/PPAC_BACSU/run1/02_hierarchical_m_fold_sampling_2haw/sampling_round_17/02_sampling/sampling_11/group_13_unrelaxed_rank_001_alphafold2_ptm_model_1_seed_042.pdb,90.6931715210356,0.90953,0.67253,15
/results/PPAC_BACSU/run1/02_hierarchical_m_fold_sampling_2haw/sampling_round_17/02_sampling/sampling_11/group_7_unrelaxed_rank_001_alphafold2_ptm_model_1_seed_042.pdb,91.21896440129453,0.8909,0.67666,11
/results/PPAC_BACSU/run1/02_hierarchical_m_fold_sampling_2haw/sampling_round_17/02_sampling/sampling_11/group_4_unrelaxed_rank_001_alphafold2_ptm_model_1_seed_042.pdb,91.0549190938512,0.89159,0.67813,11
/results/PPAC_BACSU/run1/02_hierarchical_m_fold_sampling_2haw/sampling_round_17/02_sampling/sampling_11/group_12_unrelaxed_rank_001_alphafold2_ptm_model_1_seed_042.pdb,90.01618122977344,0.8753,0.67791,11
/results/PPAC_BACSU/run1/02_hierarchical_m_fold_sampling_2haw/sampling_round_17/02_sampling/sampling_11/group_5_unrelaxed_rank_001_alphafold2_ptm_model_1_seed_042.pdb,91.51304207119735,0.89071,0.67809,11
/results/PPAC_BACSU/run1/02_hierarchical_m_fold_sampling_2haw/sampling_round_17/02_sampling/sampling_11/group_10_unrelaxed_rank_001_alphafold2_ptm_model_1_seed_042.pdb,88.27546925566338,0.91101,0.67166,11
/results/PPAC_BACSU/run1/02_hierarchical_m_fold_sampling_2haw/sampling_round_17/02_sampling/sampling_11/group_3_unrelaxed_rank_001_alphafold2_ptm_model_1_seed_042.pdb,88.6497087378641,0.79603,0.68445,11
/results/PPAC_BACSU/run1/02_hierarchical_m_fold_sampling_2haw/sampling_round_17/02_sampling/sampling_11/group_9_unrelaxed_rank_001_alphafold2_ptm_model_1_seed_042.pdb,90.80093851132692,0.81369,0.6791,11
/results/PPAC_BACSU/run1/02_hierarchical_m_fold_sampling_2haw/sampling_round_17/02_sampling/sampling_11/group_1_unrelaxed_rank_001_alphafold2_ptm_model_1_seed_042.pdb,92.1279611650486,0.89527,0.67664,11
/results/PPAC_BACSU/run1/02_hierarchical_m_fold_sampling_2haw/sampling_round_17/02_sampling/sampling_11/group_11_unrelaxed_rank_001_alphafold2_ptm_model_1_seed_042.pdb,91.28132686084143,0.80729,0.69828,11
/results/PPAC_BACSU/run1/02_hierarchical_m_fold_sampling_2haw/sampling_round_17/02_sampling/sampling_11/group_2_unrelaxed_rank_001_alphafold2_ptm_model_1_seed_042.pdb,91.21355987055016,0.92526,0.67265,11
/results/PPAC_BACSU/run1/02_hierarchical_m_fold_sampling_2haw/sampling_round_17/02_sampling/sampling_13/group_8_unrelaxed_rank_001_alphafold2_ptm_model_1_seed_042.pdb,90.97177993527515,0.91582,0.67713,11
/results/PPAC_BACSU/run1/02_hierarchical_m_fold_sampling_2haw/sampling_round_17/02_sampling/sampling_13/group_6_unrelaxed_rank_001_alphafold2_ptm_model_1_seed_042.pdb,90.35948220064718,0.76525,0.69734,11
/results/PPAC_BACSU/run1/02_hierarchical_m_fold_sampling_2haw/sampling_round_17/02_sampling/sampling_13/group_13_unrelaxed_rank_001_alphafold2_ptm_model_1_seed_042.pdb,91.6141100323625,0.6574,0.92805,12
/results/PPAC_BACSU/run1/02_hierarchical_m_fold_sampling_2haw/sampling_round_17/02_sampling/sampling_13/group_7_unrelaxed_rank_001_alphafold2_ptm_model_1_seed_042.pdb,91.19359223300962,0.88499,0.67661,11
/results/PPAC_BACSU/run1/02_hierarchical_m_fold_sampling_2haw/sampling_round_17/02_sampling/sampling_13/group_4_unrelaxed_rank_001_alphafold2_ptm_model_1_seed_042.pdb,88.61158576051774,0.89012,0.67312,11
/results/PPAC_BACSU/run1/02_hierarchical_m_fold_sampling_2haw/sampling_round_17/02_sampling/sampling_13/group_12_unrelaxed_rank_001_alphafold2_ptm_model_1_seed_042.pdb,91.3339158576051,0.88851,0.67538,11
/results/PPAC_BACSU/run1/02_hierarchical_m_fold_sampling_2haw/sampling_round_17/02_sampling/sampling_13/group_5_unrelaxed_rank_001_alphafold2_ptm_model_1_seed_042.pdb,90.7027184466019,0.72626,0.72365,11
/results/PPAC_BACSU/run1/02_hierarchical_m_fold_sampling_2haw/sampling_round_17/02_sampling/sampling_13/group_10_unrelaxed_rank_001_alphafold2_ptm_model_1_seed_042.pdb,89.34417475728164,0.90861,0.66723,11
/results/PPAC_BACSU/run1/02_hierarchical_m_fold_sampling_2haw/sampling_round_17/02_sampling/sampling_13/group_3_unrelaxed_rank_001_alphafold2_ptm_model_1_seed_042.pdb,90.31446601941748,0.91181,0.66996,11
/results/PPAC_BACSU/run1/02_hierarchical_m_fold_sampling_2haw/sampling_round_17/02_sampling/sampling_13/group_9_unrelaxed_rank_001_alphafold2_ptm_model_1_seed_042.pdb,90.92996763754041,0.86389,0.68033,11
/results/PPAC_BACSU/run1/02_hierarchical_m_fold_sampling_2haw/sampling_round_17/02_sampling/sampling_13/group_1_unrelaxed_rank_001_alphafold2_ptm_model_1_seed_042.pdb,91.47783171521037,0.87759,0.67575,11
/results/PPAC_BACSU/run1/02_hierarchical_m_fold_sampling_2haw/sampling_round_17/02_sampling/sampling_13/group_11_unrelaxed_rank_001_alphafold2_ptm_model_1_seed_042.pdb,90.75132686084143,0.88261,0.67673,11
/results/PPAC_BACSU/run1/02_hierarchical_m_fold_sampling_2haw/sampling_round_17/02_sampling/sampling_13/group_2_unrelaxed_rank_001_alphafold2_ptm_model_1_seed_042.pdb,91.03770226537209,0.88213,0.67724,11
/results/PPAC_BACSU/run1/02_hierarchical_m_fold_sampling_2haw/sampling_round_17/02_sampling/sampling_4/group_8_unrelaxed_rank_001_alphafold2_ptm_model_1_seed_042.pdb,90.95893203883497,0.87001,0.67807,11
/results/PPAC_BACSU/run1/02_hierarchical_m_fold_sampling_2haw/sampling_round_17/02_sampling/sampling_4/group_6_unrelaxed_rank_001_alphafold2_ptm_model_1_seed_042.pdb,91.31268608414238,0.85973,0.67756,11
/results/PPAC_BACSU/run1/02_hierarchical_m_fold_sampling_2haw/sampling_round_17/02_sampling/sampling_4/group_13_unrelaxed_rank_001_alphafold2_ptm_model_1_seed_042.pdb,91.68443365695789,0.87909,0.67323,15
/results/PPAC_BACSU/run1/02_hierarchical_m_fold_sampling_2haw/sampling_round_17/02_sampling/sampling_4/group_7_unrelaxed_rank_001_alphafold2_ptm_model_1_seed_042.pdb,89.66838187702274,0.70434,0.71537,11
/results/PPAC_BACSU/run1/02_hierarchical_m_fold_sampling_2haw/sampling_round_17/02_sampling/sampling_4/group_4_unrelaxed_rank_001_alphafold2_ptm_model_1_seed_042.pdb,91.03653721682846,0.68072,0.8817,11
/results/PPAC_BACSU/run1/02_hierarchical_m_fold_sampling_2haw/sampling_round_17/02_sampling/sampling_4/group_12_unrelaxed_rank_001_alphafold2_ptm_model_1_seed_042.pdb,90.2232362459547,0.91459,0.67479,11
/results/PPAC_BACSU/run1/02_hierarchical_m_fold_sampling_2haw/sampling_round_17/02_sampling/sampling_4/group_5_unrelaxed_rank_001_alphafold2_ptm_model_1_seed_042.pdb,91.06174757281549,0.73692,0.70391,11
/results/PPAC_BACSU/run1/02_hierarchical_m_fold_sampling_2haw/sampling_round_17/02_sampling/sampling_4/group_10_unrelaxed_rank_001_alphafold2_ptm_model_1_seed_042.pdb,84.484498381877,0.89692,0.63755,11
/results/PPAC_BACSU/run1/02_hierarchical_m_fold_sampling_2haw/sampling_round_17/02_sampling/sampling_4/group_3_unrelaxed_rank_001_alphafold2_ptm_model_1_seed_042.pdb,91.67440129449838,0.88797,0.67599,11
/results/PPAC_BACSU/run1/02_hierarchical_m_fold_sampling_2haw/sampling_round_17/02_sampling/sampling_4/group_9_unrelaxed_rank_001_alphafold2_ptm_model_1_seed_042.pdb,91.82055016181232,0.8928,0.67154,11
/results/PPAC_BACSU/run1/02_hierarchical_m_fold_sampling_2haw/sampling_round_17/02_sampling/sampling_4/group_1_unrelaxed_rank_001_alphafold2_ptm_model_1_seed_042.pdb,90.25598705501616,0.91519,0.67609,11
/results/PPAC_BACSU/run1/02_hierarchical_m_fold_sampling_2haw/sampling_round_17/02_sampling/sampling_4/group_11_unrelaxed_rank_001_alphafold2_ptm_model_1_seed_042.pdb,90.89300970873785,0.85904,0.68016,11
/results/PPAC_BACSU/run1/02_hierarchical_m_fold_sampling_2haw/sampling_round_17/02_sampling/sampling_4/group_2_unrelaxed_rank_001_alphafold2_ptm_model_1_seed_042.pdb,88.36197411003234,0.88969,0.67391,11
/results/PPAC_BACSU/run1/02_hierarchical_m_fold_sampling_2haw/sampling_round_17/02_sampling/sampling_12/group_8_unrelaxed_rank_001_alphafold2_ptm_model_1_seed_042.pdb,90.37016181229778,0.8699,0.67781,11
/results/PPAC_BACSU/run1/02_hierarchical_m_fold_sampling_2haw/sampling_round_17/02_sampling/sampling_12/group_6_unrelaxed_rank_001_alphafold2_ptm_model_1_seed_042.pdb,87.43423948220068,0.88761,0.65789,11
/results/PPAC_BACSU/run1/02_hierarchical_m_fold_sampling_2haw/sampling_round_17/02_sampling/sampling_12/group_13_unrelaxed_rank_001_alphafold2_ptm_model_1_seed_042.pdb,91.69954692556637,0.88422,0.67707,15
/results/PPAC_BACSU/run1/02_hierarchical_m_fold_sampling_2haw/sampling_round_17/02_sampling/sampling_12/group_7_unrelaxed_rank_001_alphafold2_ptm_model_1_seed_042.pdb,90.09621359223304,0.79277,0.69603,11
/results/PPAC_BACSU/run1/02_hierarchical_m_fold_sampling_2haw/sampling_round_17/02_sampling/sampling_12/group_4_unrelaxed_rank_001_alphafold2_ptm_model_1_seed_042.pdb,91.02423948220067,0.82561,0.684,11
/results/PPAC_BACSU/run1/02_hierarchical_m_fold_sampling_2haw/sampling_round_17/02_sampling/sampling_12/group_12_unrelaxed_rank_001_alphafold2_ptm_model_1_seed_042.pdb,89.96880258899671,0.88316,0.67675,11
/results/PPAC_BACSU/run1/02_hierarchical_m_fold_sampling_2haw/sampling_round_17/02_sampling/sampling_12/group_5_unrelaxed_rank_001_alphafold2_ptm_model_1_seed_042.pdb,89.40012944983815,0.87247,0.67506,11
/results/PPAC_BACSU/run1/02_hierarchical_m_fold_sampling_2haw/sampling_round_17/02_sampling/sampling_12/group_10_unrelaxed_rank_001_alphafold2_ptm_model_1_seed_042.pdb,89.17938511326858,0.66231,0.88251,11
/results/PPAC_BACSU/run1/02_hierarchical_m_fold_sampling_2haw/sampling_round_17/02_sampling/sampling_12/group_3_unrelaxed_rank_001_alphafold2_ptm_model_1_seed_042.pdb,92.11595469255668,0.901,0.67394,11
/results/PPAC_BACSU/run1/02_hierarchical_m_fold_sampling_2haw/sampling_round_17/02_sampling/sampling_12/group_9_unrelaxed_rank_001_alphafold2_ptm_model_1_seed_042.pdb,91.11106796116499,0.91354,0.67247,11
/results/PPAC_BACSU/run1/02_hierarchical_m_fold_sampling_2haw/sampling_round_17/02_sampling/sampling_12/group_1_unrelaxed_rank_001_alphafold2_ptm_model_1_seed_042.pdb,91.24168284789647,0.89604,0.67489,11
/results/PPAC_BACSU/run1/02_hierarchical_m_fold_sampling_2haw/sampling_round_17/02_sampling/sampling_12/group_11_unrelaxed_rank_001_alphafold2_ptm_model_1_seed_042.pdb,88.83368932038842,0.89596,0.67192,11
/results/PPAC_BACSU/run1/02_hierarchical_m_fold_sampling_2haw/sampling_round_17/02_sampling/sampling_12/group_2_unrelaxed_rank_001_alphafold2_ptm_model_1_seed_042.pdb,90.58446601941755,0.86158,0.67434,11
/results/PPAC_BACSU/run1/02_hierarchical_m_fold_sampling_2haw/sampling_round_17/02_sampling/sampling_3/group_8_unrelaxed_rank_001_alphafold2_ptm_model_1_seed_042.pdb,91.12893203883502,0.90547,0.67803,11
/results/PPAC_BACSU/run1/02_hierarchical_m_fold_sampling_2haw/sampling_round_17/02_sampling/sampling_3/group_6_unrelaxed_rank_001_alphafold2_ptm_model_1_seed_042.pdb,91.04621359223304,0.90052,0.67611,11
/results/PPAC_BACSU/run1/02_hierarchical_m_fold_sampling_2haw/sampling_round_17/02_sampling/sampling_3/group_13_unrelaxed_rank_001_alphafold2_ptm_model_1_seed_042.pdb,93.16394822006468,0.84479,0.67917,15
/results/PPAC_BACSU/run1/02_hierarchical_m_fold_sampling_2haw/sampling_round_17/02_sampling/sampling_3/group_7_unrelaxed_rank_001_alphafold2_ptm_model_1_seed_042.pdb,88.01783171521032,0.88464,0.67317,11
/results/PPAC_BACSU/run1/02_hierarchical_m_fold_sampling_2haw/sampling_round_17/02_sampling/sampling_3/group_4_unrelaxed_rank_001_alphafold2_ptm_model_1_seed_042.pdb,91.97323624595462,0.90198,0.67573,11
/results/PPAC_BACSU/run1/02_hierarchical_m_fold_sampling_2haw/sampling_round_17/02_sampling/sampling_3/group_12_unrelaxed_rank_001_alphafold2_ptm_model_1_seed_042.pdb,91.32569579288034,0.8804,0.67707,11
/results/PPAC_BACSU/run1/02_hierarchical_m_fold_sampling_2haw/sampling_round_17/02_sampling/sampling_3/group_5_unrelaxed_rank_001_alphafold2_ptm_model_1_seed_042.pdb,90.57844660194183,0.89154,0.67414,11
/results/PPAC_BACSU/run1/02_hierarchical_m_fold_sampling_2haw/sampling_round_17/02_sampling/sampling_3/group_10_unrelaxed_rank_001_alphafold2_ptm_model_1_seed_042.pdb,90.83553398058257,0.89895,0.67334,11
/results/PPAC_BACSU/run1/02_hierarchical_m_fold_sampling_2haw/sampling_round_17/02_sampling/sampling_3/group_3_unrelaxed_rank_001_alphafold2_ptm_model_1_seed_042.pdb,90.0668284789645,0.72939,0.72213,11
/results/PPAC_BACSU/run1/02_hierarchical_m_fold_sampling_2haw/sampling_round_17/02_sampling/sampling_3/group_9_unrelaxed_rank_001_alphafold2_ptm_model_1_seed_042.pdb,90.95220064724916,0.86457,0.67561,11
/results/PPAC_BACSU/run1/02_hierarchical_m_fold_sampling_2haw/sampling_round_17/02_sampling/sampling_3/group_1_unrelaxed_rank_001_alphafold2_ptm_model_1_seed_042.pdb,89.34404530744337,0.88825,0.6712,11
/results/PPAC_BACSU/run1/02_hierarchical_m_fold_sampling_2haw/sampling_round_17/02_sampling/sampling_3/group_11_unrelaxed_rank_001_alphafold2_ptm_model_1_seed_042.pdb,87.87368932038827,0.7261,0.71264,11
/results/PPAC_BACSU/run1/02_hierarchical_m_fold_sampling_2haw/sampling_round_17/02_sampling/sampling_3/group_2_unrelaxed_rank_001_alphafold2_ptm_model_1_seed_042.pdb,88.38715210355986,0.85987,0.67688,11
/results/PPAC_BACSU/run1/02_hierarchical_m_fold_sampling_2haw/sampling_round_17/02_sampling/sampling_14/group_8_unrelaxed_rank_001_alphafold2_ptm_model_1_seed_042.pdb,89.10728155339798,0.87901,0.67641,11
/results/PPAC_BACSU/run1/02_hierarchical_m_fold_sampling_2haw/sampling_round_17/02_sampling/sampling_14/group_6_unrelaxed_rank_001_alphafold2_ptm_model_1_seed_042.pdb,90.68770226537212,0.76456,0.69353,11
/results/PPAC_BACSU/run1/02_hierarchical_m_fold_sampling_2haw/sampling_round_17/02_sampling/sampling_14/group_13_unrelaxed_rank_001_alphafold2_ptm_model_1_seed_042.pdb,91.35737864077674,0.91175,0.67074,15
/results/PPAC_BACSU/run1/02_hierarchical_m_fold_sampling_2haw/sampling_round_17/02_sampling/sampling_14/group_7_unrelaxed_rank_001_alphafold2_ptm_model_1_seed_042.pdb,90.38822006472483,0.8866,0.67351,11
/results/PPAC_BACSU/run1/02_hierarchical_m_fold_sampling_2haw/sampling_round_17/02_sampling/sampling_14/group_4_unrelaxed_rank_001_alphafold2_ptm_model_1_seed_042.pdb,90.07815533980585,0.85303,0.67717,11
/results/PPAC_BACSU/run1/02_hierarchical_m_fold_sampling_2haw/sampling_round_17/02_sampling/sampling_14/group_12_unrelaxed_rank_001_alphafold2_ptm_model_1_seed_042.pdb,91.83491909385113,0.87991,0.67676,11
/results/PPAC_BACSU/run1/02_hierarchical_m_fold_sampling_2haw/sampling_round_17/02_sampling/sampling_14/group_5_unrelaxed_rank_001_alphafold2_ptm_model_1_seed_042.pdb,90.88631067961165,0.76553,0.70007,11
/results/PPAC_BACSU/run1/02_hierarchical_m_fold_sampling_2haw/sampling_round_17/02_sampling/sampling_14/group_10_unrelaxed_rank_001_alphafold2_ptm_model_1_seed_042.pdb,91.83553398058257,0.85712,0.67949,11
/results/PPAC_BACSU/run1/02_hierarchical_m_fold_sampling_2haw/sampling_round_17/02_sampling/sampling_14/group_3_unrelaxed_rank_001_alphafold2_ptm_model_1_seed_042.pdb,90.38197411003233,0.89416,0.67354,11
/results/PPAC_BACSU/run1/02_hierarchical_m_fold_sampling_2haw/sampling_round_17/02_sampling/sampling_14/group_9_unrelaxed_rank_001_alphafold2_ptm_model_1_seed_042.pdb,90.41812297734627,0.90394,0.67385,11
/results/PPAC_BACSU/run1/02_hierarchical_m_fold_sampling_2haw/sampling_round_17/02_sampling/sampling_14/group_1_unrelaxed_rank_001_alphafold2_ptm_model_1_seed_042.pdb,90.7022330097087,0.85506,0.67639,11
/results/PPAC_BACSU/run1/02_hierarchical_m_fold_sampling_2haw/sampling_round_17/02_sampling/sampling_14/group_11_unrelaxed_rank_001_alphafold2_ptm_model_1_seed_042.pdb,90.24498381877024,0.91696,0.66865,11
/results/PPAC_BACSU/run1/02_hierarchical_m_fold_sampling_2haw/sampling_round_17/02_sampling/sampling_14/group_2_unrelaxed_rank_001_alphafold2_ptm_model_1_seed_042.pdb,91.16449838187708,0.90345,0.67504,11
/results/PPAC_BACSU/run1/02_hierarchical_m_fold_sampling_2haw/sampling_round_7/02_sampling/sampling_10/group_8_unrelaxed_rank_001_alphafold2_ptm_model_1_seed_042.pdb,89.37074433656956,0.93161,0.6723,11
/results/PPAC_BACSU/run1/02_hierarchical_m_fold_sampling_2haw/sampling_round_7/02_sampling/sampling_10/group_6_unrelaxed_rank_001_alphafold2_ptm_model_1_seed_042.pdb,89.67184466019414,0.86603,0.67459,11
/results/PPAC_BACSU/run1/02_hierarchical_m_fold_sampling_2haw/sampling_round_7/02_sampling/sampling_10/group_13_unrelaxed_rank_001_alphafold2_ptm_model_1_seed_042.pdb,91.65106796116501,0.80458,0.68282,15
/results/PPAC_BACSU/run1/02_hierarchical_m_fold_sampling_2haw/sampling_round_7/02_sampling/sampling_10/group_7_unrelaxed_rank_001_alphafold2_ptm_model_1_seed_042.pdb,88.97012944983817,0.87523,0.67644,11
/results/PPAC_BACSU/run1/02_hierarchical_m_fold_sampling_2haw/sampling_round_7/02_sampling/sampling_10/group_4_unrelaxed_rank_001_alphafold2_ptm_model_1_seed_042.pdb,89.80540453074428,0.8849,0.67572,11
/results/PPAC_BACSU/run1/02_hierarchical_m_fold_sampling_2haw/sampling_round_7/02_sampling/sampling_10/group_12_unrelaxed_rank_001_alphafold2_ptm_model_1_seed_042.pdb,91.33744336569579,0.89864,0.67277,11
/results/PPAC_BACSU/run1/02_hierarchical_m_fold_sampling_2haw/sampling_round_7/02_sampling/sampling_10/group_5_unrelaxed_rank_001_alphafold2_ptm_model_1_seed_042.pdb,90.14381877022647,0.9245,0.67448,11
/results/PPAC_BACSU/run1/02_hierarchical_m_fold_sampling_2haw/sampling_round_7/02_sampling/sampling_10/group_10_unrelaxed_rank_001_alphafold2_ptm_model_1_seed_042.pdb,91.5447572815534,0.68095,0.86468,11
/results/PPAC_BACSU/run1/02_hierarchical_m_fold_sampling_2haw/sampling_round_7/02_sampling/sampling_10/group_3_unrelaxed_rank_001_alphafold2_ptm_model_1_seed_042.pdb,90.5881877022654,0.87927,0.67657,11
/results/PPAC_BACSU/run1/02_hierarchical_m_fold_sampling_2haw/sampling_round_7/02_sampling/sampling_10/group_9_unrelaxed_rank_001_alphafold2_ptm_model_1_seed_042.pdb,88.95155339805821,0.71648,0.72789,11
/results/PPAC_BACSU/run1/02_hierarchical_m_fold_sampling_2haw/sampling_round_7/02_sampling/sampling_10/group_1_unrelaxed_rank_001_alphafold2_ptm_model_1_seed_042.pdb,92.30543689320389,0.9027,0.67493,11
/results/PPAC_BACSU/run1/02_hierarchical_m_fold_sampling_2haw/sampling_round_7/02_sampling/sampling_10/group_11_unrelaxed_rank_001_alphafold2_ptm_model_1_seed_042.pdb,91.1655339805825,0.87657,0.67586,11
/results/PPAC_BACSU/run1/02_hierarchical_m_fold_sampling_2haw/sampling_round_7/02_sampling/sampling_10/group_2_unrelaxed_rank_001_alphafold2_ptm_model_1_seed_042.pdb,89.76983818770229,0.89042,0.67488,11
/results/PPAC_BACSU/run1/02_hierarchical_m_fold_sampling_2haw/sampling_round_7/02_sampling/sampling_9/group_8_unrelaxed_rank_001_alphafold2_ptm_model_1_seed_042.pdb,91.47216828478966,0.90519,0.67353,11
/results/PPAC_BACSU/run1/02_hierarchical_m_fold_sampling_2haw/sampling_round_7/02_sampling/sampling_9/group_6_unrelaxed_rank_001_alphafold2_ptm_model_1_seed_042.pdb,86.67773462783173,0.74613,0.71288,11
/results/PPAC_BACSU/run1/02_hierarchical_m_fold_sampling_2haw/sampling_round_7/02_sampling/sampling_9/group_13_unrelaxed_rank_001_alphafold2_ptm_model_1_seed_042.pdb,92.08569579288029,0.90448,0.67541,15
/results/PPAC_BACSU/run1/02_hierarchical_m_fold_sampling_2haw/sampling_round_7/02_sampling/sampling_9/group_7_unrelaxed_rank_001_alphafold2_ptm_model_1_seed_042.pdb,89.66993527508089,0.73464,0.72065,11
/results/PPAC_BACSU/run1/02_hierarchical_m_fold_sampling_2haw/sampling_round_7/02_sampling/sampling_9/group_4_unrelaxed_rank_001_alphafold2_ptm_model_1_seed_042.pdb,90.4377346278317,0.87367,0.67737,11
/results/PPAC_BACSU/run1/02_hierarchical_m_fold_sampling_2haw/sampling_round_7/02_sampling/sampling_9/group_12_unrelaxed_rank_001_alphafold2_ptm_model_1_seed_042.pdb,91.09948220064732,0.86708,0.67873,11
/results/PPAC_BACSU/run1/02_hierarchical_m_fold_sampling_2haw/sampling_round_7/02_sampling/sampling_9/group_5_unrelaxed_rank_001_alphafold2_ptm_model_1_seed_042.pdb,91.15064724919092,0.92672,0.67249,11
/results/PPAC_BACSU/run1/02_hierarchical_m_fold_sampling_2haw/sampling_round_7/02_sampling/sampling_9/group_10_unrelaxed_rank_001_alphafold2_ptm_model_1_seed_042.pdb,89.4855339805825,0.93274,0.67392,11
/results/PPAC_BACSU/run1/02_hierarchical_m_fold_sampling_2haw/sampling_round_7/02_sampling/sampling_9/group_3_unrelaxed_rank_001_alphafold2_ptm_model_1_seed_042.pdb,91.67925566343035,0.88122,0.67636,11
/results/PPAC_BACSU/run1/02_hierarchical_m_fold_sampling_2haw/sampling_round_7/02_sampling/sampling_9/group_9_unrelaxed_rank_001_alphafold2_ptm_model_1_seed_042.pdb,91.39129449838188,0.82498,0.68393,11
/results/PPAC_BACSU/run1/02_hierarchical_m_fold_sampling_2haw/sampling_round_7/02_sampling/sampling_9/group_1_unrelaxed_rank_001_alphafold2_ptm_model_1_seed_042.pdb,92.20148867313912,0.91153,0.67272,11
/results/PPAC_BACSU/run1/02_hierarchical_m_fold_sampling_2haw/sampling_round_7/02_sampling/sampling_9/group_11_unrelaxed_rank_001_alphafold2_ptm_model_1_seed_042.pdb,89.96155339805821,0.83706,0.67544,11
/results/PPAC_BACSU/run1/02_hierarchical_m_fold_sampling_2haw/sampling_round_7/02_sampling/sampling_9/group_2_unrelaxed_rank_001_alphafold2_ptm_model_1_seed_042.pdb,91.65459546925564,0.81952,0.68503,11
/results/PPAC_BACSU/run1/02_hierarchical_m_fold_sampling_2haw/sampling_round_7/02_sampling/sampling_6/group_8_unrelaxed_rank_001_alphafold2_ptm_model_1_seed_042.pdb,91.7433009708738,0.90998,0.67436,11
/results/PPAC_BACSU/run1/02_hierarchical_m_fold_sampling_2haw/sampling_round_7/02_sampling/sampling_6/group_6_unrelaxed_rank_001_alphafold2_ptm_model_1_seed_042.pdb,89.11223300970867,0.82133,0.68499,11
/results/PPAC_BACSU/run1/02_hierarchical_m_fold_sampling_2haw/sampling_round_7/02_sampling/sampling_6/group_13_unrelaxed_rank_001_alphafold2_ptm_model_1_seed_042.pdb,91.10352750809065,0.77826,0.69885,15
/results/PPAC_BACSU/run1/02_hierarchical_m_fold_sampling_2haw/sampling_round_7/02_sampling/sampling_6/group_7_unrelaxed_rank_001_alphafold2_ptm_model_1_seed_042.pdb,89.20391585760512,0.81207,0.68176,11
/results/PPAC_BACSU/run1/02_hierarchical_m_fold_sampling_2haw/sampling_round_7/02_sampling/sampling_6/group_4_unrelaxed_rank_001_alphafold2_ptm_model_1_seed_042.pdb,87.97844660194171,0.67193,0.89528,11
/results/PPAC_BACSU/run1/02_hierarchical_m_fold_sampling_2haw/sampling_round_7/02_sampling/sampling_6/group_12_unrelaxed_rank_001_alphafold2_ptm_model_1_seed_042.pdb,91.12847896440128,0.84898,0.67996,11
/results/PPAC_BACSU/run1/02_hierarchical_m_fold_sampling_2haw/sampling_round_7/02_sampling/sampling_6/group_5_unrelaxed_rank_001_alphafold2_ptm_model_1_seed_042.pdb,91.14867313915859,0.88952,0.67154,11
/results/PPAC_BACSU/run1/02_hierarchical_m_fold_sampling_2haw/sampling_round_7/02_sampling/sampling_6/group_10_unrelaxed_rank_001_alphafold2_ptm_model_1_seed_042.pdb,91.54427184466014,0.87427,0.67846,11
/results/PPAC_BACSU/run1/02_hierarchical_m_fold_sampling_2haw/sampling_round_7/02_sampling/sampling_6/group_3_unrelaxed_rank_001_alphafold2_ptm_model_1_seed_042.pdb,91.27880258899677,0.88969,0.67448,11
/results/PPAC_BACSU/run1/02_hierarchical_m_fold_sampling_2haw/sampling_round_7/02_sampling/sampling_6/group_9_unrelaxed_rank_001_alphafold2_ptm_model_1_seed_042.pdb,90.41948220064725,0.90906,0.66884,11
/results/PPAC_BACSU/run1/02_hierarchical_m_fold_sampling_2haw/sampling_round_7/02_sampling/sampling_6/group_1_unrelaxed_rank_001_alphafold2_ptm_model_1_seed_042.pdb,91.79754045307442,0.69857,0.78176,11
/results/PPAC_BACSU/run1/02_hierarchical_m_fold_sampling_2haw/sampling_round_7/02_sampling/sampling_6/group_11_unrelaxed_rank_001_alphafold2_ptm_model_1_seed_042.pdb,90.09948220064727,0.87257,0.67265,11
/results/PPAC_BACSU/run1/02_hierarchical_m_fold_sampling_2haw/sampling_round_7/02_sampling/sampling_6/group_2_unrelaxed_rank_001_alphafold2_ptm_model_1_seed_042.pdb,90.87537216828488,0.87552,0.67732,11
/results/PPAC_BACSU/run1/02_hierarchical_m_fold_sampling_2haw/sampling_round_7/02_sampling/sampling_1/group_8_unrelaxed_rank_001_alphafold2_ptm_model_1_seed_042.pdb,90.47165048543688,0.69943,0.78372,11
/results/PPAC_BACSU/run1/02_hierarchical_m_fold_sampling_2haw/sampling_round_7/02_sampling/sampling_1/group_6_unrelaxed_rank_001_alphafold2_ptm_model_1_seed_042.pdb,91.0785760517799,0.87208,0.6788,11
/results/PPAC_BACSU/run1/02_hierarchical_m_fold_sampling_2haw/sampling_round_7/02_sampling/sampling_1/group_13_unrelaxed_rank_001_alphafold2_ptm_model_1_seed_042.pdb,92.18343042071183,0.92117,0.67552,15
/results/PPAC_BACSU/run1/02_hierarchical_m_fold_sampling_2haw/sampling_round_7/02_sampling/sampling_1/group_7_unrelaxed_rank_001_alphafold2_ptm_model_1_seed_042.pdb,91.64022653721675,0.86924,0.67747,11
/results/PPAC_BACSU/run1/02_hierarchical_m_fold_sampling_2haw/sampling_round_7/02_sampling/sampling_1/group_4_unrelaxed_rank_001_alphafold2_ptm_model_1_seed_042.pdb,90.64009708737869,0.90461,0.67231,11
/results/PPAC_BACSU/run1/02_hierarchical_m_fold_sampling_2haw/sampling_round_7/02_sampling/sampling_1/group_12_unrelaxed_rank_001_alphafold2_ptm_model_1_seed_042.pdb,89.65686084142399,0.92346,0.66967,11
/results/PPAC_BACSU/run1/02_hierarchical_m_fold_sampling_2haw/sampling_round_7/02_sampling/sampling_1/group_5_unrelaxed_rank_001_alphafold2_ptm_model_1_seed_042.pdb,90.96200647249185,0.85255,0.67378,11
/results/PPAC_BACSU/run1/02_hierarchical_m_fold_sampling_2haw/sampling_round_7/02_sampling/sampling_1/group_10_unrelaxed_rank_001_alphafold2_ptm_model_1_seed_042.pdb,90.1484466019417,0.67463,0.89924,11
/results/PPAC_BACSU/run1/02_hierarchical_m_fold_sampling_2haw/sampling_round_7/02_sampling/sampling_1/group_3_unrelaxed_rank_001_alphafold2_ptm_model_1_seed_042.pdb,91.40951456310681,0.8682,0.67771,11
/results/PPAC_BACSU/run1/02_hierarchical_m_fold_sampling_2haw/sampling_round_7/02_sampling/sampling_1/group_9_unrelaxed_rank_001_alphafold2_ptm_model_1_seed_042.pdb,90.86012944983821,0.88978,0.67575,11
/results/PPAC_BACSU/run1/02_hierarchical_m_fold_sampling_2haw/sampling_round_7/02_sampling/sampling_1/group_1_unrelaxed_rank_001_alphafold2_ptm_model_1_seed_042.pdb,91.15938511326863,0.87787,0.67864,11
/results/PPAC_BACSU/run1/02_hierarchical_m_fold_sampling_2haw/sampling_round_7/02_sampling/sampling_1/group_11_unrelaxed_rank_001_alphafold2_ptm_model_1_seed_042.pdb,91.60867313915851,0.86661,0.6731,11
/results/PPAC_BACSU/run1/02_hierarchical_m_fold_sampling_2haw/sampling_round_7/02_sampling/sampling_1/group_2_unrelaxed_rank_001_alphafold2_ptm_model_1_seed_042.pdb,88.29757281553393,0.88501,0.66605,11
/results/PPAC_BACSU/run1/02_hierarchical_m_fold_sampling_2haw/sampling_round_7/02_sampling/sampling_5/group_8_unrelaxed_rank_001_alphafold2_ptm_model_1_seed_042.pdb,91.01320388349518,0.87213,0.67714,11
/results/PPAC_BACSU/run1/02_hierarchical_m_fold_sampling_2haw/sampling_round_7/02_sampling/sampling_5/group_6_unrelaxed_rank_001_alphafold2_ptm_model_1_seed_042.pdb,89.27676375404536,0.8316,0.68067,11
/results/PPAC_BACSU/run1/02_hierarchical_m_fold_sampling_2haw/sampling_round_7/02_sampling/sampling_5/group_13_unrelaxed_rank_001_alphafold2_ptm_model_1_seed_042.pdb,90.95922330097079,0.90907,0.67344,15
/results/PPAC_BACSU/run1/02_hierarchical_m_fold_sampling_2haw/sampling_round_7/02_sampling/sampling_5/group_7_unrelaxed_rank_001_alphafold2_ptm_model_1_seed_042.pdb,90.14644012944984,0.82982,0.68272,11
/results/PPAC_BACSU/run1/02_hierarchical_m_fold_sampling_2haw/sampling_round_7/02_sampling/sampling_5/group_4_unrelaxed_rank_001_alphafold2_ptm_model_1_seed_042.pdb,90.64569579288026,0.88682,0.67683,11
/results/PPAC_BACSU/run1/02_hierarchical_m_fold_sampling_2haw/sampling_round_7/02_sampling/sampling_5/group_12_unrelaxed_rank_001_alphafold2_ptm_model_1_seed_042.pdb,89.21592233009703,0.88244,0.67482,11
/results/PPAC_BACSU/run1/02_hierarchical_m_fold_sampling_2haw/sampling_round_7/02_sampling/sampling_5/group_5_unrelaxed_rank_001_alphafold2_ptm_model_1_seed_042.pdb,91.20362459546935,0.8648,0.68036,11
/results/PPAC_BACSU/run1/02_hierarchical_m_fold_sampling_2haw/sampling_round_7/02_sampling/sampling_5/group_10_unrelaxed_rank_001_alphafold2_ptm_model_1_seed_042.pdb,90.93132686084155,0.91986,0.67155,11
/results/PPAC_BACSU/run1/02_hierarchical_m_fold_sampling_2haw/sampling_round_7/02_sampling/sampling_5/group_3_unrelaxed_rank_001_alphafold2_ptm_model_1_seed_042.pdb,90.76582524271846,0.90713,0.6728,11
/results/PPAC_BACSU/run1/02_hierarchical_m_fold_sampling_2haw/sampling_round_7/02_sampling/sampling_5/group_9_unrelaxed_rank_001_alphafold2_ptm_model_1_seed_042.pdb,89.68676375404533,0.76813,0.68885,11
/results/PPAC_BACSU/run1/02_hierarchical_m_fold_sampling_2haw/sampling_round_7/02_sampling/sampling_5/group_1_unrelaxed_rank_001_alphafold2_ptm_model_1_seed_042.pdb,91.89236245954693,0.88283,0.67597,11
/results/PPAC_BACSU/run1/02_hierarchical_m_fold_sampling_2haw/sampling_round_7/02_sampling/sampling_5/group_11_unrelaxed_rank_001_alphafold2_ptm_model_1_seed_042.pdb,92.20870550161818,0.86696,0.67978,11
/results/PPAC_BACSU/run1/02_hierarchical_m_fold_sampling_2haw/sampling_round_7/02_sampling/sampling_5/group_2_unrelaxed_rank_001_alphafold2_ptm_model_1_seed_042.pdb,91.97042071197416,0.9092,0.67171,11
/results/PPAC_BACSU/run1/02_hierarchical_m_fold_sampling_2haw/sampling_round_7/02_sampling/sampling_8/group_8_unrelaxed_rank_001_alphafold2_ptm_model_1_seed_042.pdb,90.9327184466019,0.68425,0.84952,11
/results/PPAC_BACSU/run1/02_hierarchical_m_fold_sampling_2haw/sampling_round_7/02_sampling/sampling_8/group_6_unrelaxed_rank_001_alphafold2_ptm_model_1_seed_042.pdb,91.04511326860843,0.87226,0.67709,11
/results/PPAC_BACSU/run1/02_hierarchical_m_fold_sampling_2haw/sampling_round_7/02_sampling/sampling_8/group_13_unrelaxed_rank_001_alphafold2_ptm_model_1_seed_042.pdb,91.42288025889965,0.90654,0.67409,15
/results/PPAC_BACSU/run1/02_hierarchical_m_fold_sampling_2haw/sampling_round_7/02_sampling/sampling_8/group_7_unrelaxed_rank_001_alphafold2_ptm_model_1_seed_042.pdb,91.2862459546926,0.90367,0.67041,11
/results/PPAC_BACSU/run1/02_hierarchical_m_fold_sampling_2haw/sampling_round_7/02_sampling/sampling_8/group_4_unrelaxed_rank_001_alphafold2_ptm_model_1_seed_042.pdb,89.71423948220061,0.91901,0.66834,11
/results/PPAC_BACSU/run1/02_hierarchical_m_fold_sampling_2haw/sampling_round_7/02_sampling/sampling_8/group_12_unrelaxed_rank_001_alphafold2_ptm_model_1_seed_042.pdb,91.76906148867312,0.72551,0.72728,11
/results/PPAC_BACSU/run1/02_hierarchical_m_fold_sampling_2haw/sampling_round_7/02_sampling/sampling_8/group_5_unrelaxed_rank_001_alphafold2_ptm_model_1_seed_042.pdb,89.39679611650482,0.87355,0.67703,11
/results/PPAC_BACSU/run1/02_hierarchical_m_fold_sampling_2haw/sampling_round_7/02_sampling/sampling_8/group_10_unrelaxed_rank_001_alphafold2_ptm_model_1_seed_042.pdb,91.97343042071198,0.89864,0.67218,11
/results/PPAC_BACSU/run1/02_hierarchical_m_fold_sampling_2haw/sampling_round_7/02_sampling/sampling_8/group_3_unrelaxed_rank_001_alphafold2_ptm_model_1_seed_042.pdb,89.49970873786404,0.83715,0.68135,11
/results/PPAC_BACSU/run1/02_hierarchical_m_fold_sampling_2haw/sampling_round_7/02_sampling/sampling_8/group_9_unrelaxed_rank_001_alphafold2_ptm_model_1_seed_042.pdb,91.35569579288028,0.88351,0.6756,11
/results/PPAC_BACSU/run1/02_hierarchical_m_fold_sampling_2haw/sampling_round_7/02_sampling/sampling_8/group_1_unrelaxed_rank_001_alphafold2_ptm_model_1_seed_042.pdb,89.5411974110032,0.90807,0.67251,11
/results/PPAC_BACSU/run1/02_hierarchical_m_fold_sampling_2haw/sampling_round_7/02_sampling/sampling_8/group_11_unrelaxed_rank_001_alphafold2_ptm_model_1_seed_042.pdb,90.31190938511322,0.88477,0.67505,11
/results/PPAC_BACSU/run1/02_hierarchical_m_fold_sampling_2haw/sampling_round_7/02_sampling/sampling_8/group_2_unrelaxed_rank_001_alphafold2_ptm_model_1_seed_042.pdb,90.6808414239482,0.87573,0.67389,11
/results/PPAC_BACSU/run1/02_hierarchical_m_fold_sampling_2haw/sampling_round_7/02_sampling/sampling_7/group_8_unrelaxed_rank_001_alphafold2_ptm_model_1_seed_042.pdb,91.51184466019416,0.87436,0.67655,11
/results/PPAC_BACSU/run1/02_hierarchical_m_fold_sampling_2haw/sampling_round_7/02_sampling/sampling_7/group_6_unrelaxed_rank_001_alphafold2_ptm_model_1_seed_042.pdb,91.64262135922323,0.87324,0.67734,11
/results/PPAC_BACSU/run1/02_hierarchical_m_fold_sampling_2haw/sampling_round_7/02_sampling/sampling_7/group_13_unrelaxed_rank_001_alphafold2_ptm_model_1_seed_042.pdb,91.8340453074434,0.83984,0.68133,15
/results/PPAC_BACSU/run1/02_hierarchical_m_fold_sampling_2haw/sampling_round_7/02_sampling/sampling_7/group_7_unrelaxed_rank_001_alphafold2_ptm_model_1_seed_042.pdb,91.73660194174758,0.91207,0.67264,11
/results/PPAC_BACSU/run1/02_hierarchical_m_fold_sampling_2haw/sampling_round_7/02_sampling/sampling_7/group_4_unrelaxed_rank_001_alphafold2_ptm_model_1_seed_042.pdb,92.0440453074434,0.86697,0.67935,11
/results/PPAC_BACSU/run1/02_hierarchical_m_fold_sampling_2haw/sampling_round_7/02_sampling/sampling_7/group_12_unrelaxed_rank_001_alphafold2_ptm_model_1_seed_042.pdb,89.40488673139153,0.79569,0.68887,11
/results/PPAC_BACSU/run1/02_hierarchical_m_fold_sampling_2haw/sampling_round_7/02_sampling/sampling_7/group_5_unrelaxed_rank_001_alphafold2_ptm_model_1_seed_042.pdb,90.89889967637545,0.89592,0.67185,11
/results/PPAC_BACSU/run1/02_hierarchical_m_fold_sampling_2haw/sampling_round_7/02_sampling/sampling_7/group_10_unrelaxed_rank_001_alphafold2_ptm_model_1_seed_042.pdb,88.7900970873786,0.92442,0.67339,11
/results/PPAC_BACSU/run1/02_hierarchical_m_fold_sampling_2haw/sampling_round_7/02_sampling/sampling_7/group_3_unrelaxed_rank_001_alphafold2_ptm_model_1_seed_042.pdb,88.53508090614888,0.8131,0.68701,11
/results/PPAC_BACSU/run1/02_hierarchical_m_fold_sampling_2haw/sampling_round_7/02_sampling/sampling_7/group_9_unrelaxed_rank_001_alphafold2_ptm_model_1_seed_042.pdb,90.86129449838191,0.8254,0.67706,11
/results/PPAC_BACSU/run1/02_hierarchical_m_fold_sampling_2haw/sampling_round_7/02_sampling/sampling_7/group_1_unrelaxed_rank_001_alphafold2_ptm_model_1_seed_042.pdb,91.06543689320388,0.89365,0.67728,11
/results/PPAC_BACSU/run1/02_hierarchical_m_fold_sampling_2haw/sampling_round_7/02_sampling/sampling_7/group_11_unrelaxed_rank_001_alphafold2_ptm_model_1_seed_042.pdb,88.9898381877023,0.86345,0.68225,11
/results/PPAC_BACSU/run1/02_hierarchical_m_fold_sampling_2haw/sampling_round_7/02_sampling/sampling_7/group_2_unrelaxed_rank_001_alphafold2_ptm_model_1_seed_042.pdb,88.88171521035603,0.88474,0.67082,11
/results/PPAC_BACSU/run1/02_hierarchical_m_fold_sampling_2haw/sampling_round_7/02_sampling/sampling_2/group_8_unrelaxed_rank_001_alphafold2_ptm_model_1_seed_042.pdb,91.4191909385113,0.86222,0.68018,11
/results/PPAC_BACSU/run1/02_hierarchical_m_fold_sampling_2haw/sampling_round_7/02_sampling/sampling_2/group_6_unrelaxed_rank_001_alphafold2_ptm_model_1_seed_042.pdb,91.2601618122978,0.89265,0.67451,11
/results/PPAC_BACSU/run1/02_hierarchical_m_fold_sampling_2haw/sampling_round_7/02_sampling/sampling_2/group_13_unrelaxed_rank_001_alphafold2_ptm_model_1_seed_042.pdb,91.45126213592235,0.82784,0.68258,15
/results/PPAC_BACSU/run1/02_hierarchical_m_fold_sampling_2haw/sampling_round_7/02_sampling/sampling_2/group_7_unrelaxed_rank_001_alphafold2_ptm_model_1_seed_042.pdb,90.99634304207123,0.87401,0.67901,11
/results/PPAC_BACSU/run1/02_hierarchical_m_fold_sampling_2haw/sampling_round_7/02_sampling/sampling_2/group_4_unrelaxed_rank_001_alphafold2_ptm_model_1_seed_042.pdb,91.2173462783172,0.90168,0.67426,11
/results/PPAC_BACSU/run1/02_hierarchical_m_fold_sampling_2haw/sampling_round_7/02_sampling/sampling_2/group_12_unrelaxed_rank_001_alphafold2_ptm_model_1_seed_042.pdb,90.39873786407767,0.71321,0.75044,11
/results/PPAC_BACSU/run1/02_hierarchical_m_fold_sampling_2haw/sampling_round_7/02_sampling/sampling_2/group_5_unrelaxed_rank_001_alphafold2_ptm_model_1_seed_042.pdb,91.11640776699028,0.84771,0.68112,11
/results/PPAC_BACSU/run1/02_hierarchical_m_fold_sampling_2haw/sampling_round_7/02_sampling/sampling_2/group_10_unrelaxed_rank_001_alphafold2_ptm_model_1_seed_042.pdb,90.09019417475734,0.85167,0.679,11
/results/PPAC_BACSU/run1/02_hierarchical_m_fold_sampling_2haw/sampling_round_7/02_sampling/sampling_2/group_3_unrelaxed_rank_001_alphafold2_ptm_model_1_seed_042.pdb,90.69844660194175,0.67016,0.9052,11
/results/PPAC_BACSU/run1/02_hierarchical_m_fold_sampling_2haw/sampling_round_7/02_sampling/sampling_2/group_9_unrelaxed_rank_001_alphafold2_ptm_model_1_seed_042.pdb,91.11614886731391,0.88585,0.6756,11
/results/PPAC_BACSU/run1/02_hierarchical_m_fold_sampling_2haw/sampling_round_7/02_sampling/sampling_2/group_1_unrelaxed_rank_001_alphafold2_ptm_model_1_seed_042.pdb,90.92682847896447,0.88734,0.67713,11
/results/PPAC_BACSU/run1/02_hierarchical_m_fold_sampling_2haw/sampling_round_7/02_sampling/sampling_2/group_11_unrelaxed_rank_001_alphafold2_ptm_model_1_seed_042.pdb,89.56886731391587,0.86383,0.67896,11
/results/PPAC_BACSU/run1/02_hierarchical_m_fold_sampling_2haw/sampling_round_7/02_sampling/sampling_2/group_2_unrelaxed_rank_001_alphafold2_ptm_model_1_seed_042.pdb,90.57275080906149,0.92223,0.67347,11
/results/PPAC_BACSU/run1/02_hierarchical_m_fold_sampling_2haw/sampling_round_7/02_sampling/sampling_11/group_8_unrelaxed_rank_001_alphafold2_ptm_model_1_seed_042.pdb,88.78462783171524,0.88165,0.67637,11
/results/PPAC_BACSU/run1/02_hierarchical_m_fold_sampling_2haw/sampling_round_7/02_sampling/sampling_11/group_6_unrelaxed_rank_001_alphafold2_ptm_model_1_seed_042.pdb,90.53928802588996,0.80905,0.68864,11
/results/PPAC_BACSU/run1/02_hierarchical_m_fold_sampling_2haw/sampling_round_7/02_sampling/sampling_11/group_13_unrelaxed_rank_001_alphafold2_ptm_model_1_seed_042.pdb,91.46106796116503,0.85484,0.67906,15
/results/PPAC_BACSU/run1/02_hierarchical_m_fold_sampling_2haw/sampling_round_7/02_sampling/sampling_11/group_7_unrelaxed_rank_001_alphafold2_ptm_model_1_seed_042.pdb,89.59634304207123,0.81475,0.68136,11
/results/PPAC_BACSU/run1/02_hierarchical_m_fold_sampling_2haw/sampling_round_7/02_sampling/sampling_11/group_4_unrelaxed_rank_001_alphafold2_ptm_model_1_seed_042.pdb,90.77605177993532,0.85529,0.67593,11
/results/PPAC_BACSU/run1/02_hierarchical_m_fold_sampling_2haw/sampling_round_7/02_sampling/sampling_11/group_12_unrelaxed_rank_001_alphafold2_ptm_model_1_seed_042.pdb,91.24323624595469,0.771,0.70056,11
/results/PPAC_BACSU/run1/02_hierarchical_m_fold_sampling_2haw/sampling_round_7/02_sampling/sampling_11/group_5_unrelaxed_rank_001_alphafold2_ptm_model_1_seed_042.pdb,88.15346278317153,0.90678,0.63956,11
/results/PPAC_BACSU/run1/02_hierarchical_m_fold_sampling_2haw/sampling_round_7/02_sampling/sampling_11/group_10_unrelaxed_rank_001_alphafold2_ptm_model_1_seed_042.pdb,89.63472491909387,0.90985,0.67227,11
/results/PPAC_BACSU/run1/02_hierarchical_m_fold_sampling_2haw/sampling_round_7/02_sampling/sampling_11/group_3_unrelaxed_rank_001_alphafold2_ptm_model_1_seed_042.pdb,88.26504854368928,0.76833,0.6993,11
/results/PPAC_BACSU/run1/02_hierarchical_m_fold_sampling_2haw/sampling_round_7/02_sampling/sampling_11/group_9_unrelaxed_rank_001_alphafold2_ptm_model_1_seed_042.pdb,90.91935275080908,0.85951,0.67952,11
/results/PPAC_BACSU/run1/02_hierarchical_m_fold_sampling_2haw/sampling_round_7/02_sampling/sampling_11/group_1_unrelaxed_rank_001_alphafold2_ptm_model_1_seed_042.pdb,89.60080906148873,0.77258,0.69691,11
/results/PPAC_BACSU/run1/02_hierarchical_m_fold_sampling_2haw/sampling_round_7/02_sampling/sampling_11/group_11_unrelaxed_rank_001_alphafold2_ptm_model_1_seed_042.pdb,91.01177993527506,0.92454,0.67601,11
/results/PPAC_BACSU/run1/02_hierarchical_m_fold_sampling_2haw/sampling_round_7/02_sampling/sampling_11/group_2_unrelaxed_rank_001_alphafold2_ptm_model_1_seed_042.pdb,91.83255663430408,0.92984,0.67362,11
/results/PPAC_BACSU/run1/02_hierarchical_m_fold_sampling_2haw/sampling_round_7/02_sampling/sampling_13/group_8_unrelaxed_rank_001_alphafold2_ptm_model_1_seed_042.pdb,91.04715210355991,0.90411,0.67383,11
/results/PPAC_BACSU/run1/02_hierarchical_m_fold_sampling_2haw/sampling_round_7/02_sampling/sampling_13/group_6_unrelaxed_rank_001_alphafold2_ptm_model_1_seed_042.pdb,91.71019417475735,0.88363,0.67817,11
/results/PPAC_BACSU/run1/02_hierarchical_m_fold_sampling_2haw/sampling_round_7/02_sampling/sampling_13/group_13_unrelaxed_rank_001_alphafold2_ptm_model_1_seed_042.pdb,90.9304854368932,0.85734,0.67984,12
/results/PPAC_BACSU/run1/02_hierarchical_m_fold_sampling_2haw/sampling_round_7/02_sampling/sampling_13/group_7_unrelaxed_rank_001_alphafold2_ptm_model_1_seed_042.pdb,90.58524271844661,0.76417,0.69715,11
/results/PPAC_BACSU/run1/02_hierarchical_m_fold_sampling_2haw/sampling_round_7/02_sampling/sampling_13/group_4_unrelaxed_rank_001_alphafold2_ptm_model_1_seed_042.pdb,89.43822006472489,0.89142,0.67961,11
/results/PPAC_BACSU/run1/02_hierarchical_m_fold_sampling_2haw/sampling_round_7/02_sampling/sampling_13/group_12_unrelaxed_rank_001_alphafold2_ptm_model_1_seed_042.pdb,85.68165048543686,0.88315,0.66449,11
/results/PPAC_BACSU/run1/02_hierarchical_m_fold_sampling_2haw/sampling_round_7/02_sampling/sampling_13/group_5_unrelaxed_rank_001_alphafold2_ptm_model_1_seed_042.pdb,89.12469255663433,0.76593,0.69441,11
/results/PPAC_BACSU/run1/02_hierarchical_m_fold_sampling_2haw/sampling_round_7/02_sampling/sampling_13/group_10_unrelaxed_rank_001_alphafold2_ptm_model_1_seed_042.pdb,91.0142394822006,0.86601,0.67938,11
/results/PPAC_BACSU/run1/02_hierarchical_m_fold_sampling_2haw/sampling_round_7/02_sampling/sampling_13/group_3_unrelaxed_rank_001_alphafold2_ptm_model_1_seed_042.pdb,91.03252427184466,0.89225,0.67185,11
/results/PPAC_BACSU/run1/02_hierarchical_m_fold_sampling_2haw/sampling_round_7/02_sampling/sampling_13/group_9_unrelaxed_rank_001_alphafold2_ptm_model_1_seed_042.pdb,90.22090614886734,0.85773,0.66738,11
/results/PPAC_BACSU/run1/02_hierarchical_m_fold_sampling_2haw/sampling_round_7/02_sampling/sampling_13/group_1_unrelaxed_rank_001_alphafold2_ptm_model_1_seed_042.pdb,90.5354368932039,0.85957,0.68088,11
/results/PPAC_BACSU/run1/02_hierarchical_m_fold_sampling_2haw/sampling_round_7/02_sampling/sampling_13/group_11_unrelaxed_rank_001_alphafold2_ptm_model_1_seed_042.pdb,89.78705501618121,0.87109,0.67367,11
/results/PPAC_BACSU/run1/02_hierarchical_m_fold_sampling_2haw/sampling_round_7/02_sampling/sampling_13/group_2_unrelaxed_rank_001_alphafold2_ptm_model_1_seed_042.pdb,90.45058252427185,0.862,0.68056,11
/results/PPAC_BACSU/run1/02_hierarchical_m_fold_sampling_2haw/sampling_round_7/02_sampling/sampling_4/group_8_unrelaxed_rank_001_alphafold2_ptm_model_1_seed_042.pdb,90.29569579288024,0.89825,0.67282,11
/results/PPAC_BACSU/run1/02_hierarchical_m_fold_sampling_2haw/sampling_round_7/02_sampling/sampling_4/group_6_unrelaxed_rank_001_alphafold2_ptm_model_1_seed_042.pdb,91.40067961165052,0.79935,0.68467,11
/results/PPAC_BACSU/run1/02_hierarchical_m_fold_sampling_2haw/sampling_round_7/02_sampling/sampling_4/group_13_unrelaxed_rank_001_alphafold2_ptm_model_1_seed_042.pdb,91.06893203883487,0.8873,0.67645,15
/results/PPAC_BACSU/run1/02_hierarchical_m_fold_sampling_2haw/sampling_round_7/02_sampling/sampling_4/group_7_unrelaxed_rank_001_alphafold2_ptm_model_1_seed_042.pdb,90.44990291262141,0.85728,0.67722,11
/results/PPAC_BACSU/run1/02_hierarchical_m_fold_sampling_2haw/sampling_round_7/02_sampling/sampling_4/group_4_unrelaxed_rank_001_alphafold2_ptm_model_1_seed_042.pdb,88.65559870550155,0.85248,0.67964,11
/results/PPAC_BACSU/run1/02_hierarchical_m_fold_sampling_2haw/sampling_round_7/02_sampling/sampling_4/group_12_unrelaxed_rank_001_alphafold2_ptm_model_1_seed_042.pdb,90.80669902912621,0.84941,0.68149,11
/results/PPAC_BACSU/run1/02_hierarchical_m_fold_sampling_2haw/sampling_round_7/02_sampling/sampling_4/group_5_unrelaxed_rank_001_alphafold2_ptm_model_1_seed_042.pdb,89.85278317152101,0.88313,0.6783,11
/results/PPAC_BACSU/run1/02_hierarchical_m_fold_sampling_2haw/sampling_round_7/02_sampling/sampling_4/group_10_unrelaxed_rank_001_alphafold2_ptm_model_1_seed_042.pdb,88.9235922330097,0.77759,0.68814,11
/results/PPAC_BACSU/run1/02_hierarchical_m_fold_sampling_2haw/sampling_round_7/02_sampling/sampling_4/group_3_unrelaxed_rank_001_alphafold2_ptm_model_1_seed_042.pdb,89.80097087378643,0.84949,0.67784,11
/results/PPAC_BACSU/run1/02_hierarchical_m_fold_sampling_2haw/sampling_round_7/02_sampling/sampling_4/group_9_unrelaxed_rank_001_alphafold2_ptm_model_1_seed_042.pdb,89.85012944983815,0.89545,0.67596,11
/results/PPAC_BACSU/run1/02_hierarchical_m_fold_sampling_2haw/sampling_round_7/02_sampling/sampling_4/group_1_unrelaxed_rank_001_alphafold2_ptm_model_1_seed_042.pdb,90.73715210355991,0.88142,0.67605,11
/results/PPAC_BACSU/run1/02_hierarchical_m_fold_sampling_2haw/sampling_round_7/02_sampling/sampling_4/group_11_unrelaxed_rank_001_alphafold2_ptm_model_1_seed_042.pdb,91.69249190938513,0.89148,0.67536,11
/results/PPAC_BACSU/run1/02_hierarchical_m_fold_sampling_2haw/sampling_round_7/02_sampling/sampling_4/group_2_unrelaxed_rank_001_alphafold2_ptm_model_1_seed_042.pdb,87.65294498381876,0.7692,0.6894,11
/results/PPAC_BACSU/run1/02_hierarchical_m_fold_sampling_2haw/sampling_round_7/02_sampling/sampling_12/group_8_unrelaxed_rank_001_alphafold2_ptm_model_1_seed_042.pdb,91.38941747572818,0.87485,0.67587,11
/results/PPAC_BACSU/run1/02_hierarchical_m_fold_sampling_2haw/sampling_round_7/02_sampling/sampling_12/group_6_unrelaxed_rank_001_alphafold2_ptm_model_1_seed_042.pdb,90.93802588996758,0.86067,0.68084,11
/results/PPAC_BACSU/run1/02_hierarchical_m_fold_sampling_2haw/sampling_round_7/02_sampling/sampling_12/group_13_unrelaxed_rank_001_alphafold2_ptm_model_1_seed_042.pdb,91.77757281553397,0.8601,0.67877,15
/results/PPAC_BACSU/run1/02_hierarchical_m_fold_sampling_2haw/sampling_round_7/02_sampling/sampling_12/group_7_unrelaxed_rank_001_alphafold2_ptm_model_1_seed_042.pdb,89.41951456310682,0.89463,0.67397,11
/results/PPAC_BACSU/run1/02_hierarchical_m_fold_sampling_2haw/sampling_round_7/02_sampling/sampling_12/group_4_unrelaxed_rank_001_alphafold2_ptm_model_1_seed_042.pdb,89.29682847896427,0.88685,0.67644,11
/results/PPAC_BACSU/run1/02_hierarchical_m_fold_sampling_2haw/sampling_round_7/02_sampling/sampling_12/group_12_unrelaxed_rank_001_alphafold2_ptm_model_1_seed_042.pdb,91.51779935275079,0.8733,0.67959,11
/results/PPAC_BACSU/run1/02_hierarchical_m_fold_sampling_2haw/sampling_round_7/02_sampling/sampling_12/group_5_unrelaxed_rank_001_alphafold2_ptm_model_1_seed_042.pdb,91.15423948220065,0.89945,0.67421,11
/results/PPAC_BACSU/run1/02_hierarchical_m_fold_sampling_2haw/sampling_round_7/02_sampling/sampling_12/group_10_unrelaxed_rank_001_alphafold2_ptm_model_1_seed_042.pdb,90.825145631068,0.71057,0.75064,11
/results/PPAC_BACSU/run1/02_hierarchical_m_fold_sampling_2haw/sampling_round_7/02_sampling/sampling_12/group_3_unrelaxed_rank_001_alphafold2_ptm_model_1_seed_042.pdb,90.3672491909385,0.68418,0.87336,11
/results/PPAC_BACSU/run1/02_hierarchical_m_fold_sampling_2haw/sampling_round_7/02_sampling/sampling_12/group_9_unrelaxed_rank_001_alphafold2_ptm_model_1_seed_042.pdb,90.1029449838188,0.86204,0.67949,11
/results/PPAC_BACSU/run1/02_hierarchical_m_fold_sampling_2haw/sampling_round_7/02_sampling/sampling_12/group_1_unrelaxed_rank_001_alphafold2_ptm_model_1_seed_042.pdb,92.12411003236254,0.86248,0.67512,11
/results/PPAC_BACSU/run1/02_hierarchical_m_fold_sampling_2haw/sampling_round_7/02_sampling/sampling_12/group_11_unrelaxed_rank_001_alphafold2_ptm_model_1_seed_042.pdb,89.28093851132688,0.8621,0.68015,11
/results/PPAC_BACSU/run1/02_hierarchical_m_fold_sampling_2haw/sampling_round_7/02_sampling/sampling_12/group_2_unrelaxed_rank_001_alphafold2_ptm_model_1_seed_042.pdb,89.78291262135924,0.87615,0.67472,11
/results/PPAC_BACSU/run1/02_hierarchical_m_fold_sampling_2haw/sampling_round_7/02_sampling/sampling_3/group_8_unrelaxed_rank_001_alphafold2_ptm_model_1_seed_042.pdb,91.43601941747573,0.88686,0.67805,11
/results/PPAC_BACSU/run1/02_hierarchical_m_fold_sampling_2haw/sampling_round_7/02_sampling/sampling_3/group_6_unrelaxed_rank_001_alphafold2_ptm_model_1_seed_042.pdb,90.99245954692552,0.87873,0.67783,11
/results/PPAC_BACSU/run1/02_hierarchical_m_fold_sampling_2haw/sampling_round_7/02_sampling/sampling_3/group_13_unrelaxed_rank_001_alphafold2_ptm_model_1_seed_042.pdb,91.34449838187705,0.85891,0.67904,15
/results/PPAC_BACSU/run1/02_hierarchical_m_fold_sampling_2haw/sampling_round_7/02_sampling/sampling_3/group_7_unrelaxed_rank_001_alphafold2_ptm_model_1_seed_042.pdb,90.97812297734629,0.90192,0.6707,11
/results/PPAC_BACSU/run1/02_hierarchical_m_fold_sampling_2haw/sampling_round_7/02_sampling/sampling_3/group_4_unrelaxed_rank_001_alphafold2_ptm_model_1_seed_042.pdb,91.68527508090618,0.89563,0.67533,11
/results/PPAC_BACSU/run1/02_hierarchical_m_fold_sampling_2haw/sampling_round_7/02_sampling/sampling_3/group_12_unrelaxed_rank_001_alphafold2_ptm_model_1_seed_042.pdb,89.26909385113271,0.88677,0.67541,11
/results/PPAC_BACSU/run1/02_hierarchical_m_fold_sampling_2haw/sampling_round_7/02_sampling/sampling_3/group_5_unrelaxed_rank_001_alphafold2_ptm_model_1_seed_042.pdb,89.42705501618127,0.88557,0.66967,11
/results/PPAC_BACSU/run1/02_hierarchical_m_fold_sampling_2haw/sampling_round_7/02_sampling/sampling_3/group_10_unrelaxed_rank_001_alphafold2_ptm_model_1_seed_042.pdb,88.91071197411001,0.85932,0.67627,11
/results/PPAC_BACSU/run1/02_hierarchical_m_fold_sampling_2haw/sampling_round_7/02_sampling/sampling_3/group_3_unrelaxed_rank_001_alphafold2_ptm_model_1_seed_042.pdb,89.82016181229774,0.81417,0.68157,11
/results/PPAC_BACSU/run1/02_hierarchical_m_fold_sampling_2haw/sampling_round_7/02_sampling/sampling_3/group_9_unrelaxed_rank_001_alphafold2_ptm_model_1_seed_042.pdb,90.56601941747579,0.6976,0.78623,11
/results/PPAC_BACSU/run1/02_hierarchical_m_fold_sampling_2haw/sampling_round_7/02_sampling/sampling_3/group_1_unrelaxed_rank_001_alphafold2_ptm_model_1_seed_042.pdb,90.76168284789648,0.85523,0.67874,11
/results/PPAC_BACSU/run1/02_hierarchical_m_fold_sampling_2haw/sampling_round_7/02_sampling/sampling_3/group_11_unrelaxed_rank_001_alphafold2_ptm_model_1_seed_042.pdb,91.40488673139161,0.90983,0.67463,11
/results/PPAC_BACSU/run1/02_hierarchical_m_fold_sampling_2haw/sampling_round_7/02_sampling/sampling_3/group_2_unrelaxed_rank_001_alphafold2_ptm_model_1_seed_042.pdb,89.45711974110036,0.92026,0.67004,11
/results/PPAC_BACSU/run1/02_hierarchical_m_fold_sampling_2haw/sampling_round_7/02_sampling/sampling_14/group_8_unrelaxed_rank_001_alphafold2_ptm_model_1_seed_042.pdb,90.80190938511329,0.89433,0.67803,11
/results/PPAC_BACSU/run1/02_hierarchical_m_fold_sampling_2haw/sampling_round_7/02_sampling/sampling_14/group_6_unrelaxed_rank_001_alphafold2_ptm_model_1_seed_042.pdb,91.20032362459553,0.89997,0.67714,11
/results/PPAC_BACSU/run1/02_hierarchical_m_fold_sampling_2haw/sampling_round_7/02_sampling/sampling_14/group_13_unrelaxed_rank_001_alphafold2_ptm_model_1_seed_042.pdb,89.54676375404529,0.82745,0.67855,15
/results/PPAC_BACSU/run1/02_hierarchical_m_fold_sampling_2haw/sampling_round_7/02_sampling/sampling_14/group_7_unrelaxed_rank_001_alphafold2_ptm_model_1_seed_042.pdb,88.55482200647246,0.87688,0.67617,11
/results/PPAC_BACSU/run1/02_hierarchical_m_fold_sampling_2haw/sampling_round_7/02_sampling/sampling_14/group_4_unrelaxed_rank_001_alphafold2_ptm_model_1_seed_042.pdb,91.2100647249191,0.88893,0.67702,11
/results/PPAC_BACSU/run1/02_hierarchical_m_fold_sampling_2haw/sampling_round_7/02_sampling/sampling_14/group_12_unrelaxed_rank_001_alphafold2_ptm_model_1_seed_042.pdb,90.54265372168278,0.85736,0.67989,11
/results/PPAC_BACSU/run1/02_hierarchical_m_fold_sampling_2haw/sampling_round_7/02_sampling/sampling_14/group_5_unrelaxed_rank_001_alphafold2_ptm_model_1_seed_042.pdb,91.63051779935277,0.71592,0.74186,11
/results/PPAC_BACSU/run1/02_hierarchical_m_fold_sampling_2haw/sampling_round_7/02_sampling/sampling_14/group_10_unrelaxed_rank_001_alphafold2_ptm_model_1_seed_042.pdb,90.55281553398055,0.87821,0.67495,11
/results/PPAC_BACSU/run1/02_hierarchical_m_fold_sampling_2haw/sampling_round_7/02_sampling/sampling_14/group_3_unrelaxed_rank_001_alphafold2_ptm_model_1_seed_042.pdb,91.16074433656958,0.91632,0.67438,11
/results/PPAC_BACSU/run1/02_hierarchical_m_fold_sampling_2haw/sampling_round_7/02_sampling/sampling_14/group_9_unrelaxed_rank_001_alphafold2_ptm_model_1_seed_042.pdb,90.26220064724924,0.85952,0.68036,11
/results/PPAC_BACSU/run1/02_hierarchical_m_fold_sampling_2haw/sampling_round_7/02_sampling/sampling_14/group_1_unrelaxed_rank_001_alphafold2_ptm_model_1_seed_042.pdb,88.85093851132694,0.89651,0.67369,11
/results/PPAC_BACSU/run1/02_hierarchical_m_fold_sampling_2haw/sampling_round_7/02_sampling/sampling_14/group_11_unrelaxed_rank_001_alphafold2_ptm_model_1_seed_042.pdb,91.15789644012939,0.89364,0.67474,11
/results/PPAC_BACSU/run1/02_hierarchical_m_fold_sampling_2haw/sampling_round_7/02_sampling/sampling_14/group_2_unrelaxed_rank_001_alphafold2_ptm_model_1_seed_042.pdb,90.80792880258896,0.90296,0.67342,11
/results/PPAC_BACSU/run1/02_hierarchical_m_fold_sampling_2haw/sampling_round_19/02_sampling/sampling_10/group_8_unrelaxed_rank_001_alphafold2_ptm_model_1_seed_042.pdb,89.83501618122975,0.89463,0.66978,11
/results/PPAC_BACSU/run1/02_hierarchical_m_fold_sampling_2haw/sampling_round_19/02_sampling/sampling_10/group_6_unrelaxed_rank_001_alphafold2_ptm_model_1_seed_042.pdb,91.80948220064728,0.88189,0.67946,11
/results/PPAC_BACSU/run1/02_hierarchical_m_fold_sampling_2haw/sampling_round_19/02_sampling/sampling_10/group_13_unrelaxed_rank_001_alphafold2_ptm_model_1_seed_042.pdb,91.56731391585765,0.89607,0.6747,15
/results/PPAC_BACSU/run1/02_hierarchical_m_fold_sampling_2haw/sampling_round_19/02_sampling/sampling_10/group_7_unrelaxed_rank_001_alphafold2_ptm_model_1_seed_042.pdb,91.40980582524269,0.88144,0.67725,11
/results/PPAC_BACSU/run1/02_hierarchical_m_fold_sampling_2haw/sampling_round_19/02_sampling/sampling_10/group_4_unrelaxed_rank_001_alphafold2_ptm_model_1_seed_042.pdb,87.33805825242715,0.89831,0.67133,11
/results/PPAC_BACSU/run1/02_hierarchical_m_fold_sampling_2haw/sampling_round_19/02_sampling/sampling_10/group_12_unrelaxed_rank_001_alphafold2_ptm_model_1_seed_042.pdb,90.8192556634304,0.91151,0.67481,11
/results/PPAC_BACSU/run1/02_hierarchical_m_fold_sampling_2haw/sampling_round_19/02_sampling/sampling_10/group_5_unrelaxed_rank_001_alphafold2_ptm_model_1_seed_042.pdb,91.08621359223307,0.86644,0.67826,11
/results/PPAC_BACSU/run1/02_hierarchical_m_fold_sampling_2haw/sampling_round_19/02_sampling/sampling_10/group_10_unrelaxed_rank_001_alphafold2_ptm_model_1_seed_042.pdb,91.47980582524269,0.72779,0.72214,11
/results/PPAC_BACSU/run1/02_hierarchical_m_fold_sampling_2haw/sampling_round_19/02_sampling/sampling_10/group_3_unrelaxed_rank_001_alphafold2_ptm_model_1_seed_042.pdb,91.28559870550161,0.91016,0.67204,11
/results/PPAC_BACSU/run1/02_hierarchical_m_fold_sampling_2haw/sampling_round_19/02_sampling/sampling_10/group_9_unrelaxed_rank_001_alphafold2_ptm_model_1_seed_042.pdb,90.00197411003228,0.88209,0.6755,11
/results/PPAC_BACSU/run1/02_hierarchical_m_fold_sampling_2haw/sampling_round_19/02_sampling/sampling_10/group_1_unrelaxed_rank_001_alphafold2_ptm_model_1_seed_042.pdb,89.58268608414241,0.90618,0.67259,11
/results/PPAC_BACSU/run1/02_hierarchical_m_fold_sampling_2haw/sampling_round_19/02_sampling/sampling_10/group_11_unrelaxed_rank_001_alphafold2_ptm_model_1_seed_042.pdb,93.05284789644013,0.87246,0.67979,11
/results/PPAC_BACSU/run1/02_hierarchical_m_fold_sampling_2haw/sampling_round_19/02_sampling/sampling_10/group_2_unrelaxed_rank_001_alphafold2_ptm_model_1_seed_042.pdb,90.87776699029124,0.88403,0.67313,11
/results/PPAC_BACSU/run1/02_hierarchical_m_fold_sampling_2haw/sampling_round_19/02_sampling/sampling_9/group_8_unrelaxed_rank_001_alphafold2_ptm_model_1_seed_042.pdb,91.20333333333338,0.88665,0.67883,11
/results/PPAC_BACSU/run1/02_hierarchical_m_fold_sampling_2haw/sampling_round_19/02_sampling/sampling_9/group_6_unrelaxed_rank_001_alphafold2_ptm_model_1_seed_042.pdb,90.46025889967642,0.90191,0.67508,11
/results/PPAC_BACSU/run1/02_hierarchical_m_fold_sampling_2haw/sampling_round_19/02_sampling/sampling_9/group_13_unrelaxed_rank_001_alphafold2_ptm_model_1_seed_042.pdb,90.57993527508084,0.90489,0.67173,15
/results/PPAC_BACSU/run1/02_hierarchical_m_fold_sampling_2haw/sampling_round_19/02_sampling/sampling_9/group_7_unrelaxed_rank_001_alphafold2_ptm_model_1_seed_042.pdb,91.78025889967643,0.87108,0.67723,11
/results/PPAC_BACSU/run1/02_hierarchical_m_fold_sampling_2haw/sampling_round_19/02_sampling/sampling_9/group_4_unrelaxed_rank_001_alphafold2_ptm_model_1_seed_042.pdb,92.30533980582527,0.8494,0.68203,11
/results/PPAC_BACSU/run1/02_hierarchical_m_fold_sampling_2haw/sampling_round_19/02_sampling/sampling_9/group_12_unrelaxed_rank_001_alphafold2_ptm_model_1_seed_042.pdb,88.38779935275082,0.85041,0.67793,11
/results/PPAC_BACSU/run1/02_hierarchical_m_fold_sampling_2haw/sampling_round_19/02_sampling/sampling_9/group_5_unrelaxed_rank_001_alphafold2_ptm_model_1_seed_042.pdb,90.2619417475728,0.8683,0.67482,11
/results/PPAC_BACSU/run1/02_hierarchical_m_fold_sampling_2haw/sampling_round_19/02_sampling/sampling_9/group_10_unrelaxed_rank_001_alphafold2_ptm_model_1_seed_042.pdb,89.75686084142392,0.86661,0.679,11
/results/PPAC_BACSU/run1/02_hierarchical_m_fold_sampling_2haw/sampling_round_19/02_sampling/sampling_9/group_3_unrelaxed_rank_001_alphafold2_ptm_model_1_seed_042.pdb,91.76430420711978,0.88649,0.67526,11
/results/PPAC_BACSU/run1/02_hierarchical_m_fold_sampling_2haw/sampling_round_19/02_sampling/sampling_9/group_9_unrelaxed_rank_001_alphafold2_ptm_model_1_seed_042.pdb,91.21779935275083,0.88715,0.6733,11
/results/PPAC_BACSU/run1/02_hierarchical_m_fold_sampling_2haw/sampling_round_19/02_sampling/sampling_9/group_1_unrelaxed_rank_001_alphafold2_ptm_model_1_seed_042.pdb,91.30644012944983,0.77062,0.68872,11
/results/PPAC_BACSU/run1/02_hierarchical_m_fold_sampling_2haw/sampling_round_19/02_sampling/sampling_9/group_11_unrelaxed_rank_001_alphafold2_ptm_model_1_seed_042.pdb,88.37194174757276,0.80787,0.67824,11
/results/PPAC_BACSU/run1/02_hierarchical_m_fold_sampling_2haw/sampling_round_19/02_sampling/sampling_9/group_2_unrelaxed_rank_001_alphafold2_ptm_model_1_seed_042.pdb,89.49294498381884,0.88439,0.67614,11
/results/PPAC_BACSU/run1/02_hierarchical_m_fold_sampling_2haw/sampling_round_19/02_sampling/sampling_6/group_8_unrelaxed_rank_001_alphafold2_ptm_model_1_seed_042.pdb,91.65051779935278,0.84798,0.68045,11
/results/PPAC_BACSU/run1/02_hierarchical_m_fold_sampling_2haw/sampling_round_19/02_sampling/sampling_6/group_6_unrelaxed_rank_001_alphafold2_ptm_model_1_seed_042.pdb,91.67828478964401,0.88306,0.67697,11
/results/PPAC_BACSU/run1/02_hierarchical_m_fold_sampling_2haw/sampling_round_19/02_sampling/sampling_6/group_13_unrelaxed_rank_001_alphafold2_ptm_model_1_seed_042.pdb,92.33190938511335,0.89466,0.67621,15
/results/PPAC_BACSU/run1/02_hierarchical_m_fold_sampling_2haw/sampling_round_19/02_sampling/sampling_6/group_7_unrelaxed_rank_001_alphafold2_ptm_model_1_seed_042.pdb,90.15265372168291,0.86296,0.6776,11
/results/PPAC_BACSU/run1/02_hierarchical_m_fold_sampling_2haw/sampling_round_19/02_sampling/sampling_6/group_4_unrelaxed_rank_001_alphafold2_ptm_model_1_seed_042.pdb,89.2921359223301,0.83539,0.6765,11
/results/PPAC_BACSU/run1/02_hierarchical_m_fold_sampling_2haw/sampling_round_19/02_sampling/sampling_6/group_12_unrelaxed_rank_001_alphafold2_ptm_model_1_seed_042.pdb,89.58423948220064,0.81832,0.68063,11
/results/PPAC_BACSU/run1/02_hierarchical_m_fold_sampling_2haw/sampling_round_19/02_sampling/sampling_6/group_5_unrelaxed_rank_001_alphafold2_ptm_model_1_seed_042.pdb,91.056860841424,0.82877,0.68153,11
/results/PPAC_BACSU/run1/02_hierarchical_m_fold_sampling_2haw/sampling_round_19/02_sampling/sampling_6/group_10_unrelaxed_rank_001_alphafold2_ptm_model_1_seed_042.pdb,91.34103559870543,0.86648,0.68129,11
/results/PPAC_BACSU/run1/02_hierarchical_m_fold_sampling_2haw/sampling_round_19/02_sampling/sampling_6/group_3_unrelaxed_rank_001_alphafold2_ptm_model_1_seed_042.pdb,90.83488673139156,0.90141,0.67228,11
/results/PPAC_BACSU/run1/02_hierarchical_m_fold_sampling_2haw/sampling_round_19/02_sampling/sampling_6/group_9_unrelaxed_rank_001_alphafold2_ptm_model_1_seed_042.pdb,91.13174757281558,0.89712,0.67524,11
/results/PPAC_BACSU/run1/02_hierarchical_m_fold_sampling_2haw/sampling_round_19/02_sampling/sampling_6/group_1_unrelaxed_rank_001_alphafold2_ptm_model_1_seed_042.pdb,90.5092233009709,0.70825,0.74699,11
/results/PPAC_BACSU/run1/02_hierarchical_m_fold_sampling_2haw/sampling_round_19/02_sampling/sampling_6/group_11_unrelaxed_rank_001_alphafold2_ptm_model_1_seed_042.pdb,90.56220064724923,0.91143,0.67104,11
/results/PPAC_BACSU/run1/02_hierarchical_m_fold_sampling_2haw/sampling_round_19/02_sampling/sampling_6/group_2_unrelaxed_rank_001_alphafold2_ptm_model_1_seed_042.pdb,90.5175404530744,0.92076,0.67714,11
/results/PPAC_BACSU/run1/02_hierarchical_m_fold_sampling_2haw/sampling_round_19/02_sampling/sampling_1/group_8_unrelaxed_rank_001_alphafold2_ptm_model_1_seed_042.pdb,90.17404530744334,0.85922,0.67767,11
/results/PPAC_BACSU/run1/02_hierarchical_m_fold_sampling_2haw/sampling_round_19/02_sampling/sampling_1/group_6_unrelaxed_rank_001_alphafold2_ptm_model_1_seed_042.pdb,90.73527508090625,0.88838,0.67552,11
/results/PPAC_BACSU/run1/02_hierarchical_m_fold_sampling_2haw/sampling_round_19/02_sampling/sampling_1/group_13_unrelaxed_rank_001_alphafold2_ptm_model_1_seed_042.pdb,91.07796116504842,0.87491,0.67751,15
/results/PPAC_BACSU/run1/02_hierarchical_m_fold_sampling_2haw/sampling_round_19/02_sampling/sampling_1/group_7_unrelaxed_rank_001_alphafold2_ptm_model_1_seed_042.pdb,88.79074433656952,0.81609,0.67683,11
/results/PPAC_BACSU/run1/02_hierarchical_m_fold_sampling_2haw/sampling_round_19/02_sampling/sampling_1/group_4_unrelaxed_rank_001_alphafold2_ptm_model_1_seed_042.pdb,90.39122977346275,0.89281,0.67556,11
/results/PPAC_BACSU/run1/02_hierarchical_m_fold_sampling_2haw/sampling_round_19/02_sampling/sampling_1/group_12_unrelaxed_rank_001_alphafold2_ptm_model_1_seed_042.pdb,91.01275080906146,0.90738,0.6722,11
/results/PPAC_BACSU/run1/02_hierarchical_m_fold_sampling_2haw/sampling_round_19/02_sampling/sampling_1/group_5_unrelaxed_rank_001_alphafold2_ptm_model_1_seed_042.pdb,91.70880258899673,0.88906,0.67697,11
/results/PPAC_BACSU/run1/02_hierarchical_m_fold_sampling_2haw/sampling_round_19/02_sampling/sampling_1/group_10_unrelaxed_rank_001_alphafold2_ptm_model_1_seed_042.pdb,90.83333333333337,0.74455,0.71548,11
/results/PPAC_BACSU/run1/02_hierarchical_m_fold_sampling_2haw/sampling_round_19/02_sampling/sampling_1/group_3_unrelaxed_rank_001_alphafold2_ptm_model_1_seed_042.pdb,88.63414239482199,0.86681,0.67405,11
/results/PPAC_BACSU/run1/02_hierarchical_m_fold_sampling_2haw/sampling_round_19/02_sampling/sampling_1/group_9_unrelaxed_rank_001_alphafold2_ptm_model_1_seed_042.pdb,89.22407766990295,0.90254,0.67329,11
/results/PPAC_BACSU/run1/02_hierarchical_m_fold_sampling_2haw/sampling_round_19/02_sampling/sampling_1/group_1_unrelaxed_rank_001_alphafold2_ptm_model_1_seed_042.pdb,90.1033980582524,0.86201,0.67994,11
/results/PPAC_BACSU/run1/02_hierarchical_m_fold_sampling_2haw/sampling_round_19/02_sampling/sampling_1/group_11_unrelaxed_rank_001_alphafold2_ptm_model_1_seed_042.pdb,89.85106796116501,0.92295,0.67391,11
/results/PPAC_BACSU/run1/02_hierarchical_m_fold_sampling_2haw/sampling_round_19/02_sampling/sampling_1/group_2_unrelaxed_rank_001_alphafold2_ptm_model_1_seed_042.pdb,89.80304207119744,0.8696,0.67619,11
/results/PPAC_BACSU/run1/02_hierarchical_m_fold_sampling_2haw/sampling_round_19/02_sampling/sampling_5/group_8_unrelaxed_rank_001_alphafold2_ptm_model_1_seed_042.pdb,90.33006472491914,0.88012,0.67719,11
/results/PPAC_BACSU/run1/02_hierarchical_m_fold_sampling_2haw/sampling_round_19/02_sampling/sampling_5/group_6_unrelaxed_rank_001_alphafold2_ptm_model_1_seed_042.pdb,90.24161812297736,0.76074,0.70245,11
/results/PPAC_BACSU/run1/02_hierarchical_m_fold_sampling_2haw/sampling_round_19/02_sampling/sampling_5/group_13_unrelaxed_rank_001_alphafold2_ptm_model_1_seed_042.pdb,92.00029126213593,0.86793,0.67871,15
/results/PPAC_BACSU/run1/02_hierarchical_m_fold_sampling_2haw/sampling_round_19/02_sampling/sampling_5/group_7_unrelaxed_rank_001_alphafold2_ptm_model_1_seed_042.pdb,91.43964401294494,0.89661,0.67394,11
/results/PPAC_BACSU/run1/02_hierarchical_m_fold_sampling_2haw/sampling_round_19/02_sampling/sampling_5/group_4_unrelaxed_rank_001_alphafold2_ptm_model_1_seed_042.pdb,91.0720064724919,0.86055,0.68062,11
/results/PPAC_BACSU/run1/02_hierarchical_m_fold_sampling_2haw/sampling_round_19/02_sampling/sampling_5/group_12_unrelaxed_rank_001_alphafold2_ptm_model_1_seed_042.pdb,89.5486084142395,0.76528,0.68857,11
/results/PPAC_BACSU/run1/02_hierarchical_m_fold_sampling_2haw/sampling_round_19/02_sampling/sampling_5/group_5_unrelaxed_rank_001_alphafold2_ptm_model_1_seed_042.pdb,90.82375404530738,0.81368,0.67891,11
/results/PPAC_BACSU/run1/02_hierarchical_m_fold_sampling_2haw/sampling_round_19/02_sampling/sampling_5/group_10_unrelaxed_rank_001_alphafold2_ptm_model_1_seed_042.pdb,91.24035598705505,0.87508,0.67726,11
/results/PPAC_BACSU/run1/02_hierarchical_m_fold_sampling_2haw/sampling_round_19/02_sampling/sampling_5/group_3_unrelaxed_rank_001_alphafold2_ptm_model_1_seed_042.pdb,90.07453074433658,0.87728,0.67814,11
/results/PPAC_BACSU/run1/02_hierarchical_m_fold_sampling_2haw/sampling_round_19/02_sampling/sampling_5/group_9_unrelaxed_rank_001_alphafold2_ptm_model_1_seed_042.pdb,90.12744336569583,0.86963,0.67914,11
/results/PPAC_BACSU/run1/02_hierarchical_m_fold_sampling_2haw/sampling_round_19/02_sampling/sampling_5/group_1_unrelaxed_rank_001_alphafold2_ptm_model_1_seed_042.pdb,88.43006472491915,0.75023,0.69945,11
/results/PPAC_BACSU/run1/02_hierarchical_m_fold_sampling_2haw/sampling_round_19/02_sampling/sampling_5/group_11_unrelaxed_rank_001_alphafold2_ptm_model_1_seed_042.pdb,91.40339805825246,0.8855,0.67501,11
/results/PPAC_BACSU/run1/02_hierarchical_m_fold_sampling_2haw/sampling_round_19/02_sampling/sampling_5/group_2_unrelaxed_rank_001_alphafold2_ptm_model_1_seed_042.pdb,91.64440129449834,0.89103,0.67664,11
/results/PPAC_BACSU/run1/02_hierarchical_m_fold_sampling_2haw/sampling_round_19/02_sampling/sampling_8/group_8_unrelaxed_rank_001_alphafold2_ptm_model_1_seed_042.pdb,88.21922330097088,0.82413,0.67084,11
/results/PPAC_BACSU/run1/02_hierarchical_m_fold_sampling_2haw/sampling_round_19/02_sampling/sampling_8/group_6_unrelaxed_rank_001_alphafold2_ptm_model_1_seed_042.pdb,91.45184466019411,0.67443,0.88441,11
/results/PPAC_BACSU/run1/02_hierarchical_m_fold_sampling_2haw/sampling_round_19/02_sampling/sampling_8/group_13_unrelaxed_rank_001_alphafold2_ptm_model_1_seed_042.pdb,90.90284789644005,0.90606,0.67329,15
/results/PPAC_BACSU/run1/02_hierarchical_m_fold_sampling_2haw/sampling_round_19/02_sampling/sampling_8/group_7_unrelaxed_rank_001_alphafold2_ptm_model_1_seed_042.pdb,91.95453074433655,0.86536,0.67978,11
/results/PPAC_BACSU/run1/02_hierarchical_m_fold_sampling_2haw/sampling_round_19/02_sampling/sampling_8/group_4_unrelaxed_rank_001_alphafold2_ptm_model_1_seed_042.pdb,88.3945307443366,0.77231,0.69282,11
/results/PPAC_BACSU/run1/02_hierarchical_m_fold_sampling_2haw/sampling_round_19/02_sampling/sampling_8/group_12_unrelaxed_rank_001_alphafold2_ptm_model_1_seed_042.pdb,90.20362459546931,0.82532,0.67763,11
/results/PPAC_BACSU/run1/02_hierarchical_m_fold_sampling_2haw/sampling_round_19/02_sampling/sampling_8/group_5_unrelaxed_rank_001_alphafold2_ptm_model_1_seed_042.pdb,88.86676375404537,0.86295,0.67856,11
/results/PPAC_BACSU/run1/02_hierarchical_m_fold_sampling_2haw/sampling_round_19/02_sampling/sampling_8/group_10_unrelaxed_rank_001_alphafold2_ptm_model_1_seed_042.pdb,90.79847896440137,0.88386,0.67533,11
/results/PPAC_BACSU/run1/02_hierarchical_m_fold_sampling_2haw/sampling_round_19/02_sampling/sampling_8/group_3_unrelaxed_rank_001_alphafold2_ptm_model_1_seed_042.pdb,89.81527508090619,0.87433,0.67581,11
/results/PPAC_BACSU/run1/02_hierarchical_m_fold_sampling_2haw/sampling_round_19/02_sampling/sampling_8/group_9_unrelaxed_rank_001_alphafold2_ptm_model_1_seed_042.pdb,90.62831715210359,0.68962,0.82586,11
/results/PPAC_BACSU/run1/02_hierarchical_m_fold_sampling_2haw/sampling_round_19/02_sampling/sampling_8/group_1_unrelaxed_rank_001_alphafold2_ptm_model_1_seed_042.pdb,89.89210355987052,0.8319,0.67581,11
/results/PPAC_BACSU/run1/02_hierarchical_m_fold_sampling_2haw/sampling_round_19/02_sampling/sampling_8/group_11_unrelaxed_rank_001_alphafold2_ptm_model_1_seed_042.pdb,90.43207119741099,0.9382,0.67284,11
/results/PPAC_BACSU/run1/02_hierarchical_m_fold_sampling_2haw/sampling_round_19/02_sampling/sampling_8/group_2_unrelaxed_rank_001_alphafold2_ptm_model_1_seed_042.pdb,89.8773139158576,0.88644,0.67303,11
/results/PPAC_BACSU/run1/02_hierarchical_m_fold_sampling_2haw/sampling_round_19/02_sampling/sampling_7/group_8_unrelaxed_rank_001_alphafold2_ptm_model_1_seed_042.pdb,91.3050161812299,0.89568,0.67449,11
/results/PPAC_BACSU/run1/02_hierarchical_m_fold_sampling_2haw/sampling_round_19/02_sampling/sampling_7/group_6_unrelaxed_rank_001_alphafold2_ptm_model_1_seed_042.pdb,90.22576051779934,0.91386,0.67031,11
/results/PPAC_BACSU/run1/02_hierarchical_m_fold_sampling_2haw/sampling_round_19/02_sampling/sampling_7/group_13_unrelaxed_rank_001_alphafold2_ptm_model_1_seed_042.pdb,91.92207119741096,0.70964,0.75722,15
/results/PPAC_BACSU/run1/02_hierarchical_m_fold_sampling_2haw/sampling_round_19/02_sampling/sampling_7/group_7_unrelaxed_rank_001_alphafold2_ptm_model_1_seed_042.pdb,90.20491909385107,0.86755,0.67361,11
/results/PPAC_BACSU/run1/02_hierarchical_m_fold_sampling_2haw/sampling_round_19/02_sampling/sampling_7/group_4_unrelaxed_rank_001_alphafold2_ptm_model_1_seed_042.pdb,89.93841423948219,0.89508,0.67398,11
/results/PPAC_BACSU/run1/02_hierarchical_m_fold_sampling_2haw/sampling_round_19/02_sampling/sampling_7/group_12_unrelaxed_rank_001_alphafold2_ptm_model_1_seed_042.pdb,89.79378640776702,0.86901,0.67751,11
/results/PPAC_BACSU/run1/02_hierarchical_m_fold_sampling_2haw/sampling_round_19/02_sampling/sampling_7/group_5_unrelaxed_rank_001_alphafold2_ptm_model_1_seed_042.pdb,90.92381877022657,0.90209,0.67286,11
/results/PPAC_BACSU/run1/02_hierarchical_m_fold_sampling_2haw/sampling_round_19/02_sampling/sampling_7/group_10_unrelaxed_rank_001_alphafold2_ptm_model_1_seed_042.pdb,91.37174757281554,0.89157,0.6725,11
/results/PPAC_BACSU/run1/02_hierarchical_m_fold_sampling_2haw/sampling_round_19/02_sampling/sampling_7/group_3_unrelaxed_rank_001_alphafold2_ptm_model_1_seed_042.pdb,89.7150485436893,0.81209,0.6895,11
/results/PPAC_BACSU/run1/02_hierarchical_m_fold_sampling_2haw/sampling_round_19/02_sampling/sampling_7/group_9_unrelaxed_rank_001_alphafold2_ptm_model_1_seed_042.pdb,91.06673139158576,0.87452,0.67828,11
/results/PPAC_BACSU/run1/02_hierarchical_m_fold_sampling_2haw/sampling_round_19/02_sampling/sampling_7/group_1_unrelaxed_rank_001_alphafold2_ptm_model_1_seed_042.pdb,91.27783171521041,0.87928,0.67752,11
/results/PPAC_BACSU/run1/02_hierarchical_m_fold_sampling_2haw/sampling_round_19/02_sampling/sampling_7/group_11_unrelaxed_rank_001_alphafold2_ptm_model_1_seed_042.pdb,91.32229773462777,0.88746,0.67689,11
/results/PPAC_BACSU/run1/02_hierarchical_m_fold_sampling_2haw/sampling_round_19/02_sampling/sampling_7/group_2_unrelaxed_rank_001_alphafold2_ptm_model_1_seed_042.pdb,91.71783171521032,0.91878,0.67125,11
/results/PPAC_BACSU/run1/02_hierarchical_m_fold_sampling_2haw/sampling_round_19/02_sampling/sampling_2/group_8_unrelaxed_rank_001_alphafold2_ptm_model_1_seed_042.pdb,90.95763754045316,0.88762,0.67282,11
/results/PPAC_BACSU/run1/02_hierarchical_m_fold_sampling_2haw/sampling_round_19/02_sampling/sampling_2/group_6_unrelaxed_rank_001_alphafold2_ptm_model_1_seed_042.pdb,85.904498381877,0.8771,0.66022,11
/results/PPAC_BACSU/run1/02_hierarchical_m_fold_sampling_2haw/sampling_round_19/02_sampling/sampling_2/group_13_unrelaxed_rank_001_alphafold2_ptm_model_1_seed_042.pdb,93.17650485436893,0.70979,0.75714,15
/results/PPAC_BACSU/run1/02_hierarchical_m_fold_sampling_2haw/sampling_round_19/02_sampling/sampling_2/group_7_unrelaxed_rank_001_alphafold2_ptm_model_1_seed_042.pdb,90.65757281553388,0.84794,0.67835,11
/results/PPAC_BACSU/run1/02_hierarchical_m_fold_sampling_2haw/sampling_round_19/02_sampling/sampling_2/group_4_unrelaxed_rank_001_alphafold2_ptm_model_1_seed_042.pdb,91.1632362459547,0.73807,0.71209,11
/results/PPAC_BACSU/run1/02_hierarchical_m_fold_sampling_2haw/sampling_round_19/02_sampling/sampling_2/group_12_unrelaxed_rank_001_alphafold2_ptm_model_1_seed_042.pdb,89.8449190938512,0.92717,0.67354,11
/results/PPAC_BACSU/run1/02_hierarchical_m_fold_sampling_2haw/sampling_round_19/02_sampling/sampling_2/group_5_unrelaxed_rank_001_alphafold2_ptm_model_1_seed_042.pdb,90.66980582524276,0.81654,0.68464,11
/results/PPAC_BACSU/run1/02_hierarchical_m_fold_sampling_2haw/sampling_round_19/02_sampling/sampling_2/group_10_unrelaxed_rank_001_alphafold2_ptm_model_1_seed_042.pdb,89.03239482200648,0.82264,0.68377,11
/results/PPAC_BACSU/run1/02_hierarchical_m_fold_sampling_2haw/sampling_round_19/02_sampling/sampling_2/group_3_unrelaxed_rank_001_alphafold2_ptm_model_1_seed_042.pdb,91.88941747572812,0.81458,0.68065,11
/results/PPAC_BACSU/run1/02_hierarchical_m_fold_sampling_2haw/sampling_round_19/02_sampling/sampling_2/group_9_unrelaxed_rank_001_alphafold2_ptm_model_1_seed_042.pdb,89.63841423948227,0.96884,0.66907,11
/results/PPAC_BACSU/run1/02_hierarchical_m_fold_sampling_2haw/sampling_round_19/02_sampling/sampling_2/group_1_unrelaxed_rank_001_alphafold2_ptm_model_1_seed_042.pdb,91.77893203883501,0.89554,0.67443,11
/results/PPAC_BACSU/run1/02_hierarchical_m_fold_sampling_2haw/sampling_round_19/02_sampling/sampling_2/group_11_unrelaxed_rank_001_alphafold2_ptm_model_1_seed_042.pdb,91.38071197411004,0.88913,0.6767,11
/results/PPAC_BACSU/run1/02_hierarchical_m_fold_sampling_2haw/sampling_round_19/02_sampling/sampling_2/group_2_unrelaxed_rank_001_alphafold2_ptm_model_1_seed_042.pdb,90.87411003236238,0.80036,0.68341,11
/results/PPAC_BACSU/run1/02_hierarchical_m_fold_sampling_2haw/sampling_round_19/02_sampling/sampling_11/group_8_unrelaxed_rank_001_alphafold2_ptm_model_1_seed_042.pdb,90.95527508090612,0.91002,0.67727,11
/results/PPAC_BACSU/run1/02_hierarchical_m_fold_sampling_2haw/sampling_round_19/02_sampling/sampling_11/group_6_unrelaxed_rank_001_alphafold2_ptm_model_1_seed_042.pdb,90.95158576051784,0.87073,0.6785,11
/results/PPAC_BACSU/run1/02_hierarchical_m_fold_sampling_2haw/sampling_round_19/02_sampling/sampling_11/group_13_unrelaxed_rank_001_alphafold2_ptm_model_1_seed_042.pdb,91.74022653721683,0.89408,0.67534,15
/results/PPAC_BACSU/run1/02_hierarchical_m_fold_sampling_2haw/sampling_round_19/02_sampling/sampling_11/group_7_unrelaxed_rank_001_alphafold2_ptm_model_1_seed_042.pdb,91.33922330097083,0.87174,0.6783,11
/results/PPAC_BACSU/run1/02_hierarchical_m_fold_sampling_2haw/sampling_round_19/02_sampling/sampling_11/group_4_unrelaxed_rank_001_alphafold2_ptm_model_1_seed_042.pdb,87.991003236246,0.87044,0.65928,11
/results/PPAC_BACSU/run1/02_hierarchical_m_fold_sampling_2haw/sampling_round_19/02_sampling/sampling_11/group_12_unrelaxed_rank_001_alphafold2_ptm_model_1_seed_042.pdb,89.79588996763749,0.87885,0.67722,11
/results/PPAC_BACSU/run1/02_hierarchical_m_fold_sampling_2haw/sampling_round_19/02_sampling/sampling_11/group_5_unrelaxed_rank_001_alphafold2_ptm_model_1_seed_042.pdb,91.36074433656958,0.88405,0.67578,11
/results/PPAC_BACSU/run1/02_hierarchical_m_fold_sampling_2haw/sampling_round_19/02_sampling/sampling_11/group_10_unrelaxed_rank_001_alphafold2_ptm_model_1_seed_042.pdb,91.81585760517798,0.86737,0.67966,11
/results/PPAC_BACSU/run1/02_hierarchical_m_fold_sampling_2haw/sampling_round_19/02_sampling/sampling_11/group_3_unrelaxed_rank_001_alphafold2_ptm_model_1_seed_042.pdb,87.2744012944984,0.80658,0.66771,11
/results/PPAC_BACSU/run1/02_hierarchical_m_fold_sampling_2haw/sampling_round_19/02_sampling/sampling_11/group_9_unrelaxed_rank_001_alphafold2_ptm_model_1_seed_042.pdb,88.8952427184466,0.91566,0.67025,11
/results/PPAC_BACSU/run1/02_hierarchical_m_fold_sampling_2haw/sampling_round_19/02_sampling/sampling_11/group_1_unrelaxed_rank_001_alphafold2_ptm_model_1_seed_042.pdb,91.29035598705501,0.88676,0.67734,11
/results/PPAC_BACSU/run1/02_hierarchical_m_fold_sampling_2haw/sampling_round_19/02_sampling/sampling_11/group_11_unrelaxed_rank_001_alphafold2_ptm_model_1_seed_042.pdb,90.49783171521032,0.6806,0.85968,11
/results/PPAC_BACSU/run1/02_hierarchical_m_fold_sampling_2haw/sampling_round_19/02_sampling/sampling_11/group_2_unrelaxed_rank_001_alphafold2_ptm_model_1_seed_042.pdb,89.38860841423941,0.93755,0.67226,11
/results/PPAC_BACSU/run1/02_hierarchical_m_fold_sampling_2haw/sampling_round_19/02_sampling/sampling_13/group_8_unrelaxed_rank_001_alphafold2_ptm_model_1_seed_042.pdb,91.8173139158576,0.85997,0.67729,11
/results/PPAC_BACSU/run1/02_hierarchical_m_fold_sampling_2haw/sampling_round_19/02_sampling/sampling_13/group_6_unrelaxed_rank_001_alphafold2_ptm_model_1_seed_042.pdb,91.23669902912623,0.88722,0.6776,11
/results/PPAC_BACSU/run1/02_hierarchical_m_fold_sampling_2haw/sampling_round_19/02_sampling/sampling_13/group_13_unrelaxed_rank_001_alphafold2_ptm_model_1_seed_042.pdb,90.62029126213599,0.72254,0.7282,12
/results/PPAC_BACSU/run1/02_hierarchical_m_fold_sampling_2haw/sampling_round_19/02_sampling/sampling_13/group_7_unrelaxed_rank_001_alphafold2_ptm_model_1_seed_042.pdb,90.51870550161809,0.66083,0.91858,11
/results/PPAC_BACSU/run1/02_hierarchical_m_fold_sampling_2haw/sampling_round_19/02_sampling/sampling_13/group_4_unrelaxed_rank_001_alphafold2_ptm_model_1_seed_042.pdb,90.21902912621353,0.91316,0.67275,11
/results/PPAC_BACSU/run1/02_hierarchical_m_fold_sampling_2haw/sampling_round_19/02_sampling/sampling_13/group_12_unrelaxed_rank_001_alphafold2_ptm_model_1_seed_042.pdb,90.01579288025889,0.85903,0.68107,11
/results/PPAC_BACSU/run1/02_hierarchical_m_fold_sampling_2haw/sampling_round_19/02_sampling/sampling_13/group_5_unrelaxed_rank_001_alphafold2_ptm_model_1_seed_042.pdb,91.38084142394825,0.67348,0.8886,11
/results/PPAC_BACSU/run1/02_hierarchical_m_fold_sampling_2haw/sampling_round_19/02_sampling/sampling_13/group_10_unrelaxed_rank_001_alphafold2_ptm_model_1_seed_042.pdb,90.63352750809061,0.86916,0.6772,11
/results/PPAC_BACSU/run1/02_hierarchical_m_fold_sampling_2haw/sampling_round_19/02_sampling/sampling_13/group_3_unrelaxed_rank_001_alphafold2_ptm_model_1_seed_042.pdb,87.52754045307447,0.82752,0.67853,11
/results/PPAC_BACSU/run1/02_hierarchical_m_fold_sampling_2haw/sampling_round_19/02_sampling/sampling_13/group_9_unrelaxed_rank_001_alphafold2_ptm_model_1_seed_042.pdb,90.81935275080906,0.66748,0.89642,11
/results/PPAC_BACSU/run1/02_hierarchical_m_fold_sampling_2haw/sampling_round_19/02_sampling/sampling_13/group_1_unrelaxed_rank_001_alphafold2_ptm_model_1_seed_042.pdb,90.64737864077671,0.88531,0.67464,11
/results/PPAC_BACSU/run1/02_hierarchical_m_fold_sampling_2haw/sampling_round_19/02_sampling/sampling_13/group_11_unrelaxed_rank_001_alphafold2_ptm_model_1_seed_042.pdb,91.0736245954693,0.72923,0.71451,11
/results/PPAC_BACSU/run1/02_hierarchical_m_fold_sampling_2haw/sampling_round_19/02_sampling/sampling_13/group_2_unrelaxed_rank_001_alphafold2_ptm_model_1_seed_042.pdb,91.5881553398058,0.90344,0.67794,11
/results/PPAC_BACSU/run1/02_hierarchical_m_fold_sampling_2haw/sampling_round_19/02_sampling/sampling_4/group_8_unrelaxed_rank_001_alphafold2_ptm_model_1_seed_042.pdb,90.89469255663423,0.86127,0.68157,11
/results/PPAC_BACSU/run1/02_hierarchical_m_fold_sampling_2haw/sampling_round_19/02_sampling/sampling_4/group_6_unrelaxed_rank_001_alphafold2_ptm_model_1_seed_042.pdb,90.18559870550162,0.88364,0.67482,11
/results/PPAC_BACSU/run1/02_hierarchical_m_fold_sampling_2haw/sampling_round_19/02_sampling/sampling_4/group_13_unrelaxed_rank_001_alphafold2_ptm_model_1_seed_042.pdb,91.4006472491909,0.81042,0.6848,15
/results/PPAC_BACSU/run1/02_hierarchical_m_fold_sampling_2haw/sampling_round_19/02_sampling/sampling_4/group_7_unrelaxed_rank_001_alphafold2_ptm_model_1_seed_042.pdb,90.85330097087373,0.87887,0.67565,11
/results/PPAC_BACSU/run1/02_hierarchical_m_fold_sampling_2haw/sampling_round_19/02_sampling/sampling_4/group_4_unrelaxed_rank_001_alphafold2_ptm_model_1_seed_042.pdb,90.38721682847898,0.88856,0.67651,11
/results/PPAC_BACSU/run1/02_hierarchical_m_fold_sampling_2haw/sampling_round_19/02_sampling/sampling_4/group_12_unrelaxed_rank_001_alphafold2_ptm_model_1_seed_042.pdb,91.31145631067957,0.87795,0.67373,11
/results/PPAC_BACSU/run1/02_hierarchical_m_fold_sampling_2haw/sampling_round_19/02_sampling/sampling_4/group_5_unrelaxed_rank_001_alphafold2_ptm_model_1_seed_042.pdb,88.18226537216823,0.88051,0.66487,11
/results/PPAC_BACSU/run1/02_hierarchical_m_fold_sampling_2haw/sampling_round_19/02_sampling/sampling_4/group_10_unrelaxed_rank_001_alphafold2_ptm_model_1_seed_042.pdb,88.54692556634306,0.91348,0.66647,11
/results/PPAC_BACSU/run1/02_hierarchical_m_fold_sampling_2haw/sampling_round_19/02_sampling/sampling_4/group_3_unrelaxed_rank_001_alphafold2_ptm_model_1_seed_042.pdb,90.597637540453,0.89097,0.67493,11
/results/PPAC_BACSU/run1/02_hierarchical_m_fold_sampling_2haw/sampling_round_19/02_sampling/sampling_4/group_9_unrelaxed_rank_001_alphafold2_ptm_model_1_seed_042.pdb,91.38346278317154,0.86918,0.67574,11
/results/PPAC_BACSU/run1/02_hierarchical_m_fold_sampling_2haw/sampling_round_19/02_sampling/sampling_4/group_1_unrelaxed_rank_001_alphafold2_ptm_model_1_seed_042.pdb,90.97530744336574,0.74473,0.71516,11
/results/PPAC_BACSU/run1/02_hierarchical_m_fold_sampling_2haw/sampling_round_19/02_sampling/sampling_4/group_11_unrelaxed_rank_001_alphafold2_ptm_model_1_seed_042.pdb,89.15249190938505,0.7523,0.68845,11
/results/PPAC_BACSU/run1/02_hierarchical_m_fold_sampling_2haw/sampling_round_19/02_sampling/sampling_4/group_2_unrelaxed_rank_001_alphafold2_ptm_model_1_seed_042.pdb,89.21365695792882,0.84073,0.67723,11
/results/PPAC_BACSU/run1/02_hierarchical_m_fold_sampling_2haw/sampling_round_19/02_sampling/sampling_12/group_8_unrelaxed_rank_001_alphafold2_ptm_model_1_seed_042.pdb,90.92288025889962,0.8482,0.67863,11
/results/PPAC_BACSU/run1/02_hierarchical_m_fold_sampling_2haw/sampling_round_19/02_sampling/sampling_12/group_6_unrelaxed_rank_001_alphafold2_ptm_model_1_seed_042.pdb,91.31799352750807,0.85252,0.67948,11
/results/PPAC_BACSU/run1/02_hierarchical_m_fold_sampling_2haw/sampling_round_19/02_sampling/sampling_12/group_13_unrelaxed_rank_001_alphafold2_ptm_model_1_seed_042.pdb,91.21210355987053,0.88077,0.67427,15
/results/PPAC_BACSU/run1/02_hierarchical_m_fold_sampling_2haw/sampling_round_19/02_sampling/sampling_12/group_7_unrelaxed_rank_001_alphafold2_ptm_model_1_seed_042.pdb,88.99459546925573,0.84722,0.6682,11
/results/PPAC_BACSU/run1/02_hierarchical_m_fold_sampling_2haw/sampling_round_19/02_sampling/sampling_12/group_4_unrelaxed_rank_001_alphafold2_ptm_model_1_seed_042.pdb,88.35851132686085,0.7947,0.68617,11
/results/PPAC_BACSU/run1/02_hierarchical_m_fold_sampling_2haw/sampling_round_19/02_sampling/sampling_12/group_12_unrelaxed_rank_001_alphafold2_ptm_model_1_seed_042.pdb,91.08679611650486,0.87709,0.677,11
/results/PPAC_BACSU/run1/02_hierarchical_m_fold_sampling_2haw/sampling_round_19/02_sampling/sampling_12/group_5_unrelaxed_rank_001_alphafold2_ptm_model_1_seed_042.pdb,89.64789644012946,0.77042,0.69108,11
/results/PPAC_BACSU/run1/02_hierarchical_m_fold_sampling_2haw/sampling_round_19/02_sampling/sampling_12/group_10_unrelaxed_rank_001_alphafold2_ptm_model_1_seed_042.pdb,88.86003236245956,0.89488,0.67345,11
/results/PPAC_BACSU/run1/02_hierarchical_m_fold_sampling_2haw/sampling_round_19/02_sampling/sampling_12/group_3_unrelaxed_rank_001_alphafold2_ptm_model_1_seed_042.pdb,88.04809061488676,0.88902,0.67491,11
/results/PPAC_BACSU/run1/02_hierarchical_m_fold_sampling_2haw/sampling_round_19/02_sampling/sampling_12/group_9_unrelaxed_rank_001_alphafold2_ptm_model_1_seed_042.pdb,91.30055016181231,0.68701,0.86096,11
/results/PPAC_BACSU/run1/02_hierarchical_m_fold_sampling_2haw/sampling_round_19/02_sampling/sampling_12/group_1_unrelaxed_rank_001_alphafold2_ptm_model_1_seed_042.pdb,90.71527508090617,0.89484,0.6777,11
/results/PPAC_BACSU/run1/02_hierarchical_m_fold_sampling_2haw/sampling_round_19/02_sampling/sampling_12/group_11_unrelaxed_rank_001_alphafold2_ptm_model_1_seed_042.pdb,89.42614886731386,0.89634,0.67043,11
/results/PPAC_BACSU/run1/02_hierarchical_m_fold_sampling_2haw/sampling_round_19/02_sampling/sampling_12/group_2_unrelaxed_rank_001_alphafold2_ptm_model_1_seed_042.pdb,90.05763754045306,0.79191,0.69111,11
/results/PPAC_BACSU/run1/02_hierarchical_m_fold_sampling_2haw/sampling_round_19/02_sampling/sampling_3/group_8_unrelaxed_rank_001_alphafold2_ptm_model_1_seed_042.pdb,88.37618122977345,0.8858,0.67273,11
/results/PPAC_BACSU/run1/02_hierarchical_m_fold_sampling_2haw/sampling_round_19/02_sampling/sampling_3/group_6_unrelaxed_rank_001_alphafold2_ptm_model_1_seed_042.pdb,90.70818770226543,0.88991,0.67631,11
/results/PPAC_BACSU/run1/02_hierarchical_m_fold_sampling_2haw/sampling_round_19/02_sampling/sampling_3/group_13_unrelaxed_rank_001_alphafold2_ptm_model_1_seed_042.pdb,91.86699029126214,0.88379,0.67521,15
/results/PPAC_BACSU/run1/02_hierarchical_m_fold_sampling_2haw/sampling_round_19/02_sampling/sampling_3/group_7_unrelaxed_rank_001_alphafold2_ptm_model_1_seed_042.pdb,91.26834951456314,0.86985,0.67804,11
/results/PPAC_BACSU/run1/02_hierarchical_m_fold_sampling_2haw/sampling_round_19/02_sampling/sampling_3/group_4_unrelaxed_rank_001_alphafold2_ptm_model_1_seed_042.pdb,89.5674110032362,0.8819,0.67464,11
/results/PPAC_BACSU/run1/02_hierarchical_m_fold_sampling_2haw/sampling_round_19/02_sampling/sampling_3/group_12_unrelaxed_rank_001_alphafold2_ptm_model_1_seed_042.pdb,91.69527508090613,0.80726,0.68846,11
/results/PPAC_BACSU/run1/02_hierarchical_m_fold_sampling_2haw/sampling_round_19/02_sampling/sampling_3/group_5_unrelaxed_rank_001_alphafold2_ptm_model_1_seed_042.pdb,91.7464724919094,0.90274,0.67613,11
/results/PPAC_BACSU/run1/02_hierarchical_m_fold_sampling_2haw/sampling_round_19/02_sampling/sampling_3/group_10_unrelaxed_rank_001_alphafold2_ptm_model_1_seed_042.pdb,90.64307443365699,0.87986,0.67887,11
/results/PPAC_BACSU/run1/02_hierarchical_m_fold_sampling_2haw/sampling_round_19/02_sampling/sampling_3/group_3_unrelaxed_rank_001_alphafold2_ptm_model_1_seed_042.pdb,89.79867313915854,0.79777,0.68755,11
/results/PPAC_BACSU/run1/02_hierarchical_m_fold_sampling_2haw/sampling_round_19/02_sampling/sampling_3/group_9_unrelaxed_rank_001_alphafold2_ptm_model_1_seed_042.pdb,88.7774757281554,0.76342,0.70189,11
/results/PPAC_BACSU/run1/02_hierarchical_m_fold_sampling_2haw/sampling_round_19/02_sampling/sampling_3/group_1_unrelaxed_rank_001_alphafold2_ptm_model_1_seed_042.pdb,89.46948220064715,0.88229,0.67318,11
/results/PPAC_BACSU/run1/02_hierarchical_m_fold_sampling_2haw/sampling_round_19/02_sampling/sampling_3/group_11_unrelaxed_rank_001_alphafold2_ptm_model_1_seed_042.pdb,87.64779935275088,0.89348,0.64524,11
/results/PPAC_BACSU/run1/02_hierarchical_m_fold_sampling_2haw/sampling_round_19/02_sampling/sampling_3/group_2_unrelaxed_rank_001_alphafold2_ptm_model_1_seed_042.pdb,90.01851132686083,0.93721,0.67371,11
/results/PPAC_BACSU/run1/02_hierarchical_m_fold_sampling_2haw/sampling_round_19/02_sampling/sampling_14/group_8_unrelaxed_rank_001_alphafold2_ptm_model_1_seed_042.pdb,90.28964401294498,0.89863,0.67663,11
/results/PPAC_BACSU/run1/02_hierarchical_m_fold_sampling_2haw/sampling_round_19/02_sampling/sampling_14/group_6_unrelaxed_rank_001_alphafold2_ptm_model_1_seed_042.pdb,89.54433656957931,0.78951,0.69285,11
/results/PPAC_BACSU/run1/02_hierarchical_m_fold_sampling_2haw/sampling_round_19/02_sampling/sampling_14/group_13_unrelaxed_rank_001_alphafold2_ptm_model_1_seed_042.pdb,92.46456310679609,0.84931,0.679,15
/results/PPAC_BACSU/run1/02_hierarchical_m_fold_sampling_2haw/sampling_round_19/02_sampling/sampling_14/group_7_unrelaxed_rank_001_alphafold2_ptm_model_1_seed_042.pdb,91.14546925566343,0.78909,0.69149,11
/results/PPAC_BACSU/run1/02_hierarchical_m_fold_sampling_2haw/sampling_round_19/02_sampling/sampling_14/group_4_unrelaxed_rank_001_alphafold2_ptm_model_1_seed_042.pdb,91.3834951456311,0.90997,0.67488,11
/results/PPAC_BACSU/run1/02_hierarchical_m_fold_sampling_2haw/sampling_round_19/02_sampling/sampling_14/group_12_unrelaxed_rank_001_alphafold2_ptm_model_1_seed_042.pdb,91.71106796116506,0.87562,0.6794,11
/results/PPAC_BACSU/run1/02_hierarchical_m_fold_sampling_2haw/sampling_round_19/02_sampling/sampling_14/group_5_unrelaxed_rank_001_alphafold2_ptm_model_1_seed_042.pdb,88.86854368932043,0.87071,0.67471,11
/results/PPAC_BACSU/run1/02_hierarchical_m_fold_sampling_2haw/sampling_round_19/02_sampling/sampling_14/group_10_unrelaxed_rank_001_alphafold2_ptm_model_1_seed_042.pdb,91.06161812297736,0.8873,0.67386,11
/results/PPAC_BACSU/run1/02_hierarchical_m_fold_sampling_2haw/sampling_round_19/02_sampling/sampling_14/group_3_unrelaxed_rank_001_alphafold2_ptm_model_1_seed_042.pdb,88.56433656957927,0.8814,0.67398,11
/results/PPAC_BACSU/run1/02_hierarchical_m_fold_sampling_2haw/sampling_round_19/02_sampling/sampling_14/group_9_unrelaxed_rank_001_alphafold2_ptm_model_1_seed_042.pdb,88.0319093851132,0.87672,0.64497,11
/results/PPAC_BACSU/run1/02_hierarchical_m_fold_sampling_2haw/sampling_round_19/02_sampling/sampling_14/group_1_unrelaxed_rank_001_alphafold2_ptm_model_1_seed_042.pdb,88.88514563106799,0.93168,0.67217,11
/results/PPAC_BACSU/run1/02_hierarchical_m_fold_sampling_2haw/sampling_round_19/02_sampling/sampling_14/group_11_unrelaxed_rank_001_alphafold2_ptm_model_1_seed_042.pdb,91.67789644012943,0.89574,0.67596,11
/results/PPAC_BACSU/run1/02_hierarchical_m_fold_sampling_2haw/sampling_round_19/02_sampling/sampling_14/group_2_unrelaxed_rank_001_alphafold2_ptm_model_1_seed_042.pdb,90.20472491909383,0.88512,0.67469,11
/results/PPAC_BACSU/run1/02_hierarchical_m_fold_sampling_2haw/sampling_round_5/02_sampling/sampling_10/group_8_unrelaxed_rank_001_alphafold2_ptm_model_1_seed_042.pdb,89.23074433656964,0.84429,0.6803,11
/results/PPAC_BACSU/run1/02_hierarchical_m_fold_sampling_2haw/sampling_round_5/02_sampling/sampling_10/group_6_unrelaxed_rank_001_alphafold2_ptm_model_1_seed_042.pdb,90.01025889967643,0.75865,0.7003,11
/results/PPAC_BACSU/run1/02_hierarchical_m_fold_sampling_2haw/sampling_round_5/02_sampling/sampling_10/group_13_unrelaxed_rank_001_alphafold2_ptm_model_1_seed_042.pdb,92.11475728155338,0.92432,0.67312,15
/results/PPAC_BACSU/run1/02_hierarchical_m_fold_sampling_2haw/sampling_round_5/02_sampling/sampling_10/group_7_unrelaxed_rank_001_alphafold2_ptm_model_1_seed_042.pdb,89.19757281553396,0.81602,0.67818,11
/results/PPAC_BACSU/run1/02_hierarchical_m_fold_sampling_2haw/sampling_round_5/02_sampling/sampling_10/group_4_unrelaxed_rank_001_alphafold2_ptm_model_1_seed_042.pdb,90.81983818770229,0.8989,0.67511,11
/results/PPAC_BACSU/run1/02_hierarchical_m_fold_sampling_2haw/sampling_round_5/02_sampling/sampling_10/group_12_unrelaxed_rank_001_alphafold2_ptm_model_1_seed_042.pdb,90.96071197411,0.84772,0.68101,11
/results/PPAC_BACSU/run1/02_hierarchical_m_fold_sampling_2haw/sampling_round_5/02_sampling/sampling_10/group_5_unrelaxed_rank_001_alphafold2_ptm_model_1_seed_042.pdb,92.2022006472492,0.90332,0.67382,11
/results/PPAC_BACSU/run1/02_hierarchical_m_fold_sampling_2haw/sampling_round_5/02_sampling/sampling_10/group_10_unrelaxed_rank_001_alphafold2_ptm_model_1_seed_042.pdb,91.1850161812298,0.911,0.67575,11
/results/PPAC_BACSU/run1/02_hierarchical_m_fold_sampling_2haw/sampling_round_5/02_sampling/sampling_10/group_3_unrelaxed_rank_001_alphafold2_ptm_model_1_seed_042.pdb,91.19521035598711,0.86579,0.67903,11
/results/PPAC_BACSU/run1/02_hierarchical_m_fold_sampling_2haw/sampling_round_5/02_sampling/sampling_10/group_9_unrelaxed_rank_001_alphafold2_ptm_model_1_seed_042.pdb,91.07307443365701,0.87084,0.67895,11
/results/PPAC_BACSU/run1/02_hierarchical_m_fold_sampling_2haw/sampling_round_5/02_sampling/sampling_10/group_1_unrelaxed_rank_001_alphafold2_ptm_model_1_seed_042.pdb,90.76682847896438,0.76761,0.70057,11
/results/PPAC_BACSU/run1/02_hierarchical_m_fold_sampling_2haw/sampling_round_5/02_sampling/sampling_10/group_11_unrelaxed_rank_001_alphafold2_ptm_model_1_seed_042.pdb,89.69255663430424,0.9035,0.67097,11
/results/PPAC_BACSU/run1/02_hierarchical_m_fold_sampling_2haw/sampling_round_5/02_sampling/sampling_10/group_2_unrelaxed_rank_001_alphafold2_ptm_model_1_seed_042.pdb,89.33572815533986,0.7248,0.72926,11
/results/PPAC_BACSU/run1/02_hierarchical_m_fold_sampling_2haw/sampling_round_5/02_sampling/sampling_9/group_8_unrelaxed_rank_001_alphafold2_ptm_model_1_seed_042.pdb,90.68663430420716,0.89564,0.67569,11
/results/PPAC_BACSU/run1/02_hierarchical_m_fold_sampling_2haw/sampling_round_5/02_sampling/sampling_9/group_6_unrelaxed_rank_001_alphafold2_ptm_model_1_seed_042.pdb,89.02766990291262,0.90236,0.66973,11
/results/PPAC_BACSU/run1/02_hierarchical_m_fold_sampling_2haw/sampling_round_5/02_sampling/sampling_9/group_13_unrelaxed_rank_001_alphafold2_ptm_model_1_seed_042.pdb,90.88647249190933,0.90707,0.67283,15
/results/PPAC_BACSU/run1/02_hierarchical_m_fold_sampling_2haw/sampling_round_5/02_sampling/sampling_9/group_7_unrelaxed_rank_001_alphafold2_ptm_model_1_seed_042.pdb,89.52799352750804,0.83906,0.6791,11
/results/PPAC_BACSU/run1/02_hierarchical_m_fold_sampling_2haw/sampling_round_5/02_sampling/sampling_9/group_4_unrelaxed_rank_001_alphafold2_ptm_model_1_seed_042.pdb,91.39576051779933,0.73565,0.71088,11
/results/PPAC_BACSU/run1/02_hierarchical_m_fold_sampling_2haw/sampling_round_5/02_sampling/sampling_9/group_12_unrelaxed_rank_001_alphafold2_ptm_model_1_seed_042.pdb,88.90715210355991,0.87366,0.67696,11
/results/PPAC_BACSU/run1/02_hierarchical_m_fold_sampling_2haw/sampling_round_5/02_sampling/sampling_9/group_5_unrelaxed_rank_001_alphafold2_ptm_model_1_seed_042.pdb,90.97838187702261,0.86614,0.6771,11
/results/PPAC_BACSU/run1/02_hierarchical_m_fold_sampling_2haw/sampling_round_5/02_sampling/sampling_9/group_10_unrelaxed_rank_001_alphafold2_ptm_model_1_seed_042.pdb,91.0322977346279,0.85176,0.68076,11
/results/PPAC_BACSU/run1/02_hierarchical_m_fold_sampling_2haw/sampling_round_5/02_sampling/sampling_9/group_3_unrelaxed_rank_001_alphafold2_ptm_model_1_seed_042.pdb,91.06443365695797,0.68295,0.85386,11
/results/PPAC_BACSU/run1/02_hierarchical_m_fold_sampling_2haw/sampling_round_5/02_sampling/sampling_9/group_9_unrelaxed_rank_001_alphafold2_ptm_model_1_seed_042.pdb,90.25957928802593,0.87024,0.67759,11
/results/PPAC_BACSU/run1/02_hierarchical_m_fold_sampling_2haw/sampling_round_5/02_sampling/sampling_9/group_1_unrelaxed_rank_001_alphafold2_ptm_model_1_seed_042.pdb,90.82669902912629,0.82319,0.67835,11
/results/PPAC_BACSU/run1/02_hierarchical_m_fold_sampling_2haw/sampling_round_5/02_sampling/sampling_9/group_11_unrelaxed_rank_001_alphafold2_ptm_model_1_seed_042.pdb,89.8608414239482,0.9333,0.67282,11
/results/PPAC_BACSU/run1/02_hierarchical_m_fold_sampling_2haw/sampling_round_5/02_sampling/sampling_9/group_2_unrelaxed_rank_001_alphafold2_ptm_model_1_seed_042.pdb,91.77508090614884,0.89304,0.67546,11
/results/PPAC_BACSU/run1/02_hierarchical_m_fold_sampling_2haw/sampling_round_5/02_sampling/sampling_6/group_8_unrelaxed_rank_001_alphafold2_ptm_model_1_seed_042.pdb,91.46394822006481,0.91815,0.6759,11
/results/PPAC_BACSU/run1/02_hierarchical_m_fold_sampling_2haw/sampling_round_5/02_sampling/sampling_6/group_6_unrelaxed_rank_001_alphafold2_ptm_model_1_seed_042.pdb,92.95262135922333,0.84074,0.67743,11
/results/PPAC_BACSU/run1/02_hierarchical_m_fold_sampling_2haw/sampling_round_5/02_sampling/sampling_6/group_13_unrelaxed_rank_001_alphafold2_ptm_model_1_seed_042.pdb,91.57728155339805,0.89383,0.67849,15
/results/PPAC_BACSU/run1/02_hierarchical_m_fold_sampling_2haw/sampling_round_5/02_sampling/sampling_6/group_7_unrelaxed_rank_001_alphafold2_ptm_model_1_seed_042.pdb,92.06932038834952,0.90618,0.67483,11
/results/PPAC_BACSU/run1/02_hierarchical_m_fold_sampling_2haw/sampling_round_5/02_sampling/sampling_6/group_4_unrelaxed_rank_001_alphafold2_ptm_model_1_seed_042.pdb,90.56621359223304,0.81727,0.6782,11
/results/PPAC_BACSU/run1/02_hierarchical_m_fold_sampling_2haw/sampling_round_5/02_sampling/sampling_6/group_12_unrelaxed_rank_001_alphafold2_ptm_model_1_seed_042.pdb,90.03919093851131,0.77371,0.7009,11
/results/PPAC_BACSU/run1/02_hierarchical_m_fold_sampling_2haw/sampling_round_5/02_sampling/sampling_6/group_5_unrelaxed_rank_001_alphafold2_ptm_model_1_seed_042.pdb,91.57692556634305,0.85933,0.68007,11
/results/PPAC_BACSU/run1/02_hierarchical_m_fold_sampling_2haw/sampling_round_5/02_sampling/sampling_6/group_10_unrelaxed_rank_001_alphafold2_ptm_model_1_seed_042.pdb,89.59653721682852,0.80022,0.69514,11
/results/PPAC_BACSU/run1/02_hierarchical_m_fold_sampling_2haw/sampling_round_5/02_sampling/sampling_6/group_3_unrelaxed_rank_001_alphafold2_ptm_model_1_seed_042.pdb,88.77355987055019,0.91173,0.67458,11
/results/PPAC_BACSU/run1/02_hierarchical_m_fold_sampling_2haw/sampling_round_5/02_sampling/sampling_6/group_9_unrelaxed_rank_001_alphafold2_ptm_model_1_seed_042.pdb,88.27841423948216,0.89368,0.67533,11
/results/PPAC_BACSU/run1/02_hierarchical_m_fold_sampling_2haw/sampling_round_5/02_sampling/sampling_6/group_1_unrelaxed_rank_001_alphafold2_ptm_model_1_seed_042.pdb,90.57194174757285,0.87856,0.6775,11
/results/PPAC_BACSU/run1/02_hierarchical_m_fold_sampling_2haw/sampling_round_5/02_sampling/sampling_6/group_11_unrelaxed_rank_001_alphafold2_ptm_model_1_seed_042.pdb,90.49708737864081,0.88636,0.67481,11
/results/PPAC_BACSU/run1/02_hierarchical_m_fold_sampling_2haw/sampling_round_5/02_sampling/sampling_6/group_2_unrelaxed_rank_001_alphafold2_ptm_model_1_seed_042.pdb,91.01271844660192,0.70403,0.7706,11
/results/PPAC_BACSU/run1/02_hierarchical_m_fold_sampling_2haw/sampling_round_5/02_sampling/sampling_1/group_8_unrelaxed_rank_001_alphafold2_ptm_model_1_seed_042.pdb,91.49051779935273,0.88569,0.67635,11
/results/PPAC_BACSU/run1/02_hierarchical_m_fold_sampling_2haw/sampling_round_5/02_sampling/sampling_1/group_6_unrelaxed_rank_001_alphafold2_ptm_model_1_seed_042.pdb,89.6654692556635,0.81879,0.68139,11
/results/PPAC_BACSU/run1/02_hierarchical_m_fold_sampling_2haw/sampling_round_5/02_sampling/sampling_1/group_13_unrelaxed_rank_001_alphafold2_ptm_model_1_seed_042.pdb,89.65653721682851,0.88872,0.66949,15
/results/PPAC_BACSU/run1/02_hierarchical_m_fold_sampling_2haw/sampling_round_5/02_sampling/sampling_1/group_7_unrelaxed_rank_001_alphafold2_ptm_model_1_seed_042.pdb,90.80864077669901,0.89076,0.67555,11
/results/PPAC_BACSU/run1/02_hierarchical_m_fold_sampling_2haw/sampling_round_5/02_sampling/sampling_1/group_4_unrelaxed_rank_001_alphafold2_ptm_model_1_seed_042.pdb,89.08252427184458,0.90551,0.6714,11
/results/PPAC_BACSU/run1/02_hierarchical_m_fold_sampling_2haw/sampling_round_5/02_sampling/sampling_1/group_12_unrelaxed_rank_001_alphafold2_ptm_model_1_seed_042.pdb,90.67530744336572,0.83726,0.67919,11
/results/PPAC_BACSU/run1/02_hierarchical_m_fold_sampling_2haw/sampling_round_5/02_sampling/sampling_1/group_5_unrelaxed_rank_001_alphafold2_ptm_model_1_seed_042.pdb,91.05236245954688,0.88872,0.67349,11
/results/PPAC_BACSU/run1/02_hierarchical_m_fold_sampling_2haw/sampling_round_5/02_sampling/sampling_1/group_10_unrelaxed_rank_001_alphafold2_ptm_model_1_seed_042.pdb,90.98346278317153,0.68047,0.88612,11
/results/PPAC_BACSU/run1/02_hierarchical_m_fold_sampling_2haw/sampling_round_5/02_sampling/sampling_1/group_3_unrelaxed_rank_001_alphafold2_ptm_model_1_seed_042.pdb,89.33171521035597,0.78734,0.68921,11
/results/PPAC_BACSU/run1/02_hierarchical_m_fold_sampling_2haw/sampling_round_5/02_sampling/sampling_1/group_9_unrelaxed_rank_001_alphafold2_ptm_model_1_seed_042.pdb,90.27511326860835,0.87657,0.67553,11
/results/PPAC_BACSU/run1/02_hierarchical_m_fold_sampling_2haw/sampling_round_5/02_sampling/sampling_1/group_1_unrelaxed_rank_001_alphafold2_ptm_model_1_seed_042.pdb,91.16135922330095,0.89345,0.67327,11
/results/PPAC_BACSU/run1/02_hierarchical_m_fold_sampling_2haw/sampling_round_5/02_sampling/sampling_1/group_11_unrelaxed_rank_001_alphafold2_ptm_model_1_seed_042.pdb,88.86119741100316,0.85892,0.67362,11
/results/PPAC_BACSU/run1/02_hierarchical_m_fold_sampling_2haw/sampling_round_5/02_sampling/sampling_1/group_2_unrelaxed_rank_001_alphafold2_ptm_model_1_seed_042.pdb,90.86320388349523,0.89076,0.67587,11
/results/PPAC_BACSU/run1/02_hierarchical_m_fold_sampling_2haw/sampling_round_5/02_sampling/sampling_5/group_8_unrelaxed_rank_001_alphafold2_ptm_model_1_seed_042.pdb,91.2724919093851,0.91908,0.67637,11
/results/PPAC_BACSU/run1/02_hierarchical_m_fold_sampling_2haw/sampling_round_5/02_sampling/sampling_5/group_6_unrelaxed_rank_001_alphafold2_ptm_model_1_seed_042.pdb,91.0112944983819,0.89581,0.66894,11
/results/PPAC_BACSU/run1/02_hierarchical_m_fold_sampling_2haw/sampling_round_5/02_sampling/sampling_5/group_13_unrelaxed_rank_001_alphafold2_ptm_model_1_seed_042.pdb,92.56754045307449,0.8098,0.68646,15
/results/PPAC_BACSU/run1/02_hierarchical_m_fold_sampling_2haw/sampling_round_5/02_sampling/sampling_5/group_7_unrelaxed_rank_001_alphafold2_ptm_model_1_seed_042.pdb,89.80576051779937,0.8126,0.68717,11
/results/PPAC_BACSU/run1/02_hierarchical_m_fold_sampling_2haw/sampling_round_5/02_sampling/sampling_5/group_4_unrelaxed_rank_001_alphafold2_ptm_model_1_seed_042.pdb,91.77825242718454,0.90153,0.67295,11
/results/PPAC_BACSU/run1/02_hierarchical_m_fold_sampling_2haw/sampling_round_5/02_sampling/sampling_5/group_12_unrelaxed_rank_001_alphafold2_ptm_model_1_seed_042.pdb,91.08103559870554,0.88322,0.67777,11
/results/PPAC_BACSU/run1/02_hierarchical_m_fold_sampling_2haw/sampling_round_5/02_sampling/sampling_5/group_5_unrelaxed_rank_001_alphafold2_ptm_model_1_seed_042.pdb,88.76184466019416,0.80722,0.68156,11
/results/PPAC_BACSU/run1/02_hierarchical_m_fold_sampling_2haw/sampling_round_5/02_sampling/sampling_5/group_10_unrelaxed_rank_001_alphafold2_ptm_model_1_seed_042.pdb,90.82093851132694,0.88173,0.67371,11
/results/PPAC_BACSU/run1/02_hierarchical_m_fold_sampling_2haw/sampling_round_5/02_sampling/sampling_5/group_3_unrelaxed_rank_001_alphafold2_ptm_model_1_seed_042.pdb,90.43025889967636,0.8969,0.6748,11
/results/PPAC_BACSU/run1/02_hierarchical_m_fold_sampling_2haw/sampling_round_5/02_sampling/sampling_5/group_9_unrelaxed_rank_001_alphafold2_ptm_model_1_seed_042.pdb,89.50825242718437,0.89046,0.67837,11
/results/PPAC_BACSU/run1/02_hierarchical_m_fold_sampling_2haw/sampling_round_5/02_sampling/sampling_5/group_1_unrelaxed_rank_001_alphafold2_ptm_model_1_seed_042.pdb,91.23783171521033,0.93385,0.67481,11
/results/PPAC_BACSU/run1/02_hierarchical_m_fold_sampling_2haw/sampling_round_5/02_sampling/sampling_5/group_11_unrelaxed_rank_001_alphafold2_ptm_model_1_seed_042.pdb,90.0174433656958,0.81515,0.6841,11
/results/PPAC_BACSU/run1/02_hierarchical_m_fold_sampling_2haw/sampling_round_5/02_sampling/sampling_5/group_2_unrelaxed_rank_001_alphafold2_ptm_model_1_seed_042.pdb,91.58556634304206,0.67908,0.88716,11
/results/PPAC_BACSU/run1/02_hierarchical_m_fold_sampling_2haw/sampling_round_5/02_sampling/sampling_8/group_8_unrelaxed_rank_001_alphafold2_ptm_model_1_seed_042.pdb,89.80640776699026,0.84163,0.67709,11
/results/PPAC_BACSU/run1/02_hierarchical_m_fold_sampling_2haw/sampling_round_5/02_sampling/sampling_8/group_6_unrelaxed_rank_001_alphafold2_ptm_model_1_seed_042.pdb,90.61394822006481,0.88217,0.67721,11
/results/PPAC_BACSU/run1/02_hierarchical_m_fold_sampling_2haw/sampling_round_5/02_sampling/sampling_8/group_13_unrelaxed_rank_001_alphafold2_ptm_model_1_seed_042.pdb,92.24831715210352,0.91364,0.67321,15
/results/PPAC_BACSU/run1/02_hierarchical_m_fold_sampling_2haw/sampling_round_5/02_sampling/sampling_8/group_7_unrelaxed_rank_001_alphafold2_ptm_model_1_seed_042.pdb,89.86203883495142,0.89367,0.66807,11
/results/PPAC_BACSU/run1/02_hierarchical_m_fold_sampling_2haw/sampling_round_5/02_sampling/sampling_8/group_4_unrelaxed_rank_001_alphafold2_ptm_model_1_seed_042.pdb,91.00993527508092,0.89575,0.67481,11
/results/PPAC_BACSU/run1/02_hierarchical_m_fold_sampling_2haw/sampling_round_5/02_sampling/sampling_8/group_12_unrelaxed_rank_001_alphafold2_ptm_model_1_seed_042.pdb,91.56446601941745,0.88214,0.67857,11
/results/PPAC_BACSU/run1/02_hierarchical_m_fold_sampling_2haw/sampling_round_5/02_sampling/sampling_8/group_5_unrelaxed_rank_001_alphafold2_ptm_model_1_seed_042.pdb,91.26543689320386,0.88926,0.67434,11
/results/PPAC_BACSU/run1/02_hierarchical_m_fold_sampling_2haw/sampling_round_5/02_sampling/sampling_8/group_10_unrelaxed_rank_001_alphafold2_ptm_model_1_seed_042.pdb,90.39051779935275,0.8959,0.67136,11
/results/PPAC_BACSU/run1/02_hierarchical_m_fold_sampling_2haw/sampling_round_5/02_sampling/sampling_8/group_3_unrelaxed_rank_001_alphafold2_ptm_model_1_seed_042.pdb,92.22242718446614,0.86025,0.67835,11
/results/PPAC_BACSU/run1/02_hierarchical_m_fold_sampling_2haw/sampling_round_5/02_sampling/sampling_8/group_9_unrelaxed_rank_001_alphafold2_ptm_model_1_seed_042.pdb,88.97595469255667,0.8639,0.64341,11
/results/PPAC_BACSU/run1/02_hierarchical_m_fold_sampling_2haw/sampling_round_5/02_sampling/sampling_8/group_1_unrelaxed_rank_001_alphafold2_ptm_model_1_seed_042.pdb,89.58291262135921,0.93005,0.67436,11
/results/PPAC_BACSU/run1/02_hierarchical_m_fold_sampling_2haw/sampling_round_5/02_sampling/sampling_8/group_11_unrelaxed_rank_001_alphafold2_ptm_model_1_seed_042.pdb,90.46537216828476,0.87298,0.67733,11
/results/PPAC_BACSU/run1/02_hierarchical_m_fold_sampling_2haw/sampling_round_5/02_sampling/sampling_8/group_2_unrelaxed_rank_001_alphafold2_ptm_model_1_seed_042.pdb,90.19699029126217,0.86505,0.67971,11
/results/PPAC_BACSU/run1/02_hierarchical_m_fold_sampling_2haw/sampling_round_5/02_sampling/sampling_7/group_8_unrelaxed_rank_001_alphafold2_ptm_model_1_seed_042.pdb,91.17485436893212,0.88309,0.67553,11
/results/PPAC_BACSU/run1/02_hierarchical_m_fold_sampling_2haw/sampling_round_5/02_sampling/sampling_7/group_6_unrelaxed_rank_001_alphafold2_ptm_model_1_seed_042.pdb,89.49540453074444,0.89077,0.67266,11
/results/PPAC_BACSU/run1/02_hierarchical_m_fold_sampling_2haw/sampling_round_5/02_sampling/sampling_7/group_13_unrelaxed_rank_001_alphafold2_ptm_model_1_seed_042.pdb,91.43294498381874,0.7275,0.72393,15
/results/PPAC_BACSU/run1/02_hierarchical_m_fold_sampling_2haw/sampling_round_5/02_sampling/sampling_7/group_7_unrelaxed_rank_001_alphafold2_ptm_model_1_seed_042.pdb,90.6825242718447,0.88259,0.67537,11
/results/PPAC_BACSU/run1/02_hierarchical_m_fold_sampling_2haw/sampling_round_5/02_sampling/sampling_7/group_4_unrelaxed_rank_001_alphafold2_ptm_model_1_seed_042.pdb,87.9473462783172,0.90602,0.66571,11
/results/PPAC_BACSU/run1/02_hierarchical_m_fold_sampling_2haw/sampling_round_5/02_sampling/sampling_7/group_12_unrelaxed_rank_001_alphafold2_ptm_model_1_seed_042.pdb,90.44090614886736,0.8413,0.67852,11
/results/PPAC_BACSU/run1/02_hierarchical_m_fold_sampling_2haw/sampling_round_5/02_sampling/sampling_7/group_5_unrelaxed_rank_001_alphafold2_ptm_model_1_seed_042.pdb,92.48673139158576,0.86402,0.67637,11
/results/PPAC_BACSU/run1/02_hierarchical_m_fold_sampling_2haw/sampling_round_5/02_sampling/sampling_7/group_10_unrelaxed_rank_001_alphafold2_ptm_model_1_seed_042.pdb,89.13902912621364,0.86963,0.67727,11
/results/PPAC_BACSU/run1/02_hierarchical_m_fold_sampling_2haw/sampling_round_5/02_sampling/sampling_7/group_3_unrelaxed_rank_001_alphafold2_ptm_model_1_seed_042.pdb,90.55100323624593,0.88873,0.67343,11
/results/PPAC_BACSU/run1/02_hierarchical_m_fold_sampling_2haw/sampling_round_5/02_sampling/sampling_7/group_9_unrelaxed_rank_001_alphafold2_ptm_model_1_seed_042.pdb,91.70016181229776,0.93325,0.67314,11
/results/PPAC_BACSU/run1/02_hierarchical_m_fold_sampling_2haw/sampling_round_5/02_sampling/sampling_7/group_1_unrelaxed_rank_001_alphafold2_ptm_model_1_seed_042.pdb,90.3958899676375,0.87822,0.67877,11
/results/PPAC_BACSU/run1/02_hierarchical_m_fold_sampling_2haw/sampling_round_5/02_sampling/sampling_7/group_11_unrelaxed_rank_001_alphafold2_ptm_model_1_seed_042.pdb,90.39954692556634,0.85164,0.6827,11
/results/PPAC_BACSU/run1/02_hierarchical_m_fold_sampling_2haw/sampling_round_5/02_sampling/sampling_7/group_2_unrelaxed_rank_001_alphafold2_ptm_model_1_seed_042.pdb,90.61883495145636,0.90871,0.67232,11
/results/PPAC_BACSU/run1/02_hierarchical_m_fold_sampling_2haw/sampling_round_5/02_sampling/sampling_2/group_8_unrelaxed_rank_001_alphafold2_ptm_model_1_seed_042.pdb,90.23754045307447,0.9028,0.67259,11
/results/PPAC_BACSU/run1/02_hierarchical_m_fold_sampling_2haw/sampling_round_5/02_sampling/sampling_2/group_6_unrelaxed_rank_001_alphafold2_ptm_model_1_seed_042.pdb,91.64902912621359,0.86134,0.6797,11
/results/PPAC_BACSU/run1/02_hierarchical_m_fold_sampling_2haw/sampling_round_5/02_sampling/sampling_2/group_13_unrelaxed_rank_001_alphafold2_ptm_model_1_seed_042.pdb,90.56864077669903,0.86955,0.67765,15
/results/PPAC_BACSU/run1/02_hierarchical_m_fold_sampling_2haw/sampling_round_5/02_sampling/sampling_2/group_7_unrelaxed_rank_001_alphafold2_ptm_model_1_seed_042.pdb,90.05530744336563,0.72298,0.73099,11
/results/PPAC_BACSU/run1/02_hierarchical_m_fold_sampling_2haw/sampling_round_5/02_sampling/sampling_2/group_4_unrelaxed_rank_001_alphafold2_ptm_model_1_seed_042.pdb,88.05938511326858,0.90148,0.67106,11
/results/PPAC_BACSU/run1/02_hierarchical_m_fold_sampling_2haw/sampling_round_5/02_sampling/sampling_2/group_12_unrelaxed_rank_001_alphafold2_ptm_model_1_seed_042.pdb,90.81572815533981,0.94524,0.67013,11
/results/PPAC_BACSU/run1/02_hierarchical_m_fold_sampling_2haw/sampling_round_5/02_sampling/sampling_2/group_5_unrelaxed_rank_001_alphafold2_ptm_model_1_seed_042.pdb,89.89495145631068,0.85521,0.67871,11
/results/PPAC_BACSU/run1/02_hierarchical_m_fold_sampling_2haw/sampling_round_5/02_sampling/sampling_2/group_10_unrelaxed_rank_001_alphafold2_ptm_model_1_seed_042.pdb,89.80896440129452,0.73076,0.69453,11
/results/PPAC_BACSU/run1/02_hierarchical_m_fold_sampling_2haw/sampling_round_5/02_sampling/sampling_2/group_3_unrelaxed_rank_001_alphafold2_ptm_model_1_seed_042.pdb,89.94255663430422,0.68201,0.86022,11
/results/PPAC_BACSU/run1/02_hierarchical_m_fold_sampling_2haw/sampling_round_5/02_sampling/sampling_2/group_9_unrelaxed_rank_001_alphafold2_ptm_model_1_seed_042.pdb,91.27472491909386,0.88481,0.67579,11
/results/PPAC_BACSU/run1/02_hierarchical_m_fold_sampling_2haw/sampling_round_5/02_sampling/sampling_2/group_1_unrelaxed_rank_001_alphafold2_ptm_model_1_seed_042.pdb,91.08754045307448,0.86187,0.67829,11
/results/PPAC_BACSU/run1/02_hierarchical_m_fold_sampling_2haw/sampling_round_5/02_sampling/sampling_2/group_11_unrelaxed_rank_001_alphafold2_ptm_model_1_seed_042.pdb,91.3621035598705,0.89771,0.67568,11
/results/PPAC_BACSU/run1/02_hierarchical_m_fold_sampling_2haw/sampling_round_5/02_sampling/sampling_2/group_2_unrelaxed_rank_001_alphafold2_ptm_model_1_seed_042.pdb,91.5103883495145,0.65861,0.91185,11
/results/PPAC_BACSU/run1/02_hierarchical_m_fold_sampling_2haw/sampling_round_5/02_sampling/sampling_11/group_8_unrelaxed_rank_001_alphafold2_ptm_model_1_seed_042.pdb,90.45245954692555,0.88225,0.67474,11
/results/PPAC_BACSU/run1/02_hierarchical_m_fold_sampling_2haw/sampling_round_5/02_sampling/sampling_11/group_6_unrelaxed_rank_001_alphafold2_ptm_model_1_seed_042.pdb,91.51187702265372,0.87736,0.67677,11
/results/PPAC_BACSU/run1/02_hierarchical_m_fold_sampling_2haw/sampling_round_5/02_sampling/sampling_11/group_13_unrelaxed_rank_001_alphafold2_ptm_model_1_seed_042.pdb,91.33077669902916,0.8659,0.68056,15
/results/PPAC_BACSU/run1/02_hierarchical_m_fold_sampling_2haw/sampling_round_5/02_sampling/sampling_11/group_7_unrelaxed_rank_001_alphafold2_ptm_model_1_seed_042.pdb,88.95543689320388,0.87846,0.6768,11
/results/PPAC_BACSU/run1/02_hierarchical_m_fold_sampling_2haw/sampling_round_5/02_sampling/sampling_11/group_4_unrelaxed_rank_001_alphafold2_ptm_model_1_seed_042.pdb,89.89834951456311,0.88584,0.67446,11
/results/PPAC_BACSU/run1/02_hierarchical_m_fold_sampling_2haw/sampling_round_5/02_sampling/sampling_11/group_12_unrelaxed_rank_001_alphafold2_ptm_model_1_seed_042.pdb,91.82860841423944,0.89768,0.67619,11
/results/PPAC_BACSU/run1/02_hierarchical_m_fold_sampling_2haw/sampling_round_5/02_sampling/sampling_11/group_5_unrelaxed_rank_001_alphafold2_ptm_model_1_seed_042.pdb,92.59760517799354,0.86061,0.68114,11
/results/PPAC_BACSU/run1/02_hierarchical_m_fold_sampling_2haw/sampling_round_5/02_sampling/sampling_11/group_10_unrelaxed_rank_001_alphafold2_ptm_model_1_seed_042.pdb,88.25886731391584,0.76726,0.69464,11
/results/PPAC_BACSU/run1/02_hierarchical_m_fold_sampling_2haw/sampling_round_5/02_sampling/sampling_11/group_3_unrelaxed_rank_001_alphafold2_ptm_model_1_seed_042.pdb,87.45731391585763,0.88705,0.66493,11
/results/PPAC_BACSU/run1/02_hierarchical_m_fold_sampling_2haw/sampling_round_5/02_sampling/sampling_11/group_9_unrelaxed_rank_001_alphafold2_ptm_model_1_seed_042.pdb,91.07909385113268,0.88769,0.67434,11
/results/PPAC_BACSU/run1/02_hierarchical_m_fold_sampling_2haw/sampling_round_5/02_sampling/sampling_11/group_1_unrelaxed_rank_001_alphafold2_ptm_model_1_seed_042.pdb,89.91550161812302,0.88126,0.67507,11
/results/PPAC_BACSU/run1/02_hierarchical_m_fold_sampling_2haw/sampling_round_5/02_sampling/sampling_11/group_11_unrelaxed_rank_001_alphafold2_ptm_model_1_seed_042.pdb,91.73391585760521,0.83525,0.67665,11
/results/PPAC_BACSU/run1/02_hierarchical_m_fold_sampling_2haw/sampling_round_5/02_sampling/sampling_11/group_2_unrelaxed_rank_001_alphafold2_ptm_model_1_seed_042.pdb,91.18773462783169,0.69203,0.807,11
/results/PPAC_BACSU/run1/02_hierarchical_m_fold_sampling_2haw/sampling_round_5/02_sampling/sampling_13/group_8_unrelaxed_rank_001_alphafold2_ptm_model_1_seed_042.pdb,89.76265372168284,0.88659,0.67339,11
/results/PPAC_BACSU/run1/02_hierarchical_m_fold_sampling_2haw/sampling_round_5/02_sampling/sampling_13/group_6_unrelaxed_rank_001_alphafold2_ptm_model_1_seed_042.pdb,90.68812297734634,0.91075,0.67266,11
/results/PPAC_BACSU/run1/02_hierarchical_m_fold_sampling_2haw/sampling_round_5/02_sampling/sampling_13/group_13_unrelaxed_rank_001_alphafold2_ptm_model_1_seed_042.pdb,91.17449838187706,0.90899,0.67103,12
/results/PPAC_BACSU/run1/02_hierarchical_m_fold_sampling_2haw/sampling_round_5/02_sampling/sampling_13/group_7_unrelaxed_rank_001_alphafold2_ptm_model_1_seed_042.pdb,88.62922330097089,0.89966,0.63773,11
/results/PPAC_BACSU/run1/02_hierarchical_m_fold_sampling_2haw/sampling_round_5/02_sampling/sampling_13/group_4_unrelaxed_rank_001_alphafold2_ptm_model_1_seed_042.pdb,89.3588349514563,0.80354,0.68796,11
/results/PPAC_BACSU/run1/02_hierarchical_m_fold_sampling_2haw/sampling_round_5/02_sampling/sampling_13/group_12_unrelaxed_rank_001_alphafold2_ptm_model_1_seed_042.pdb,89.63873786407764,0.77289,0.69279,11
/results/PPAC_BACSU/run1/02_hierarchical_m_fold_sampling_2haw/sampling_round_5/02_sampling/sampling_13/group_5_unrelaxed_rank_001_alphafold2_ptm_model_1_seed_042.pdb,90.7955663430421,0.90416,0.67239,11
/results/PPAC_BACSU/run1/02_hierarchical_m_fold_sampling_2haw/sampling_round_5/02_sampling/sampling_13/group_10_unrelaxed_rank_001_alphafold2_ptm_model_1_seed_042.pdb,90.71466019417477,0.84165,0.68026,11
/results/PPAC_BACSU/run1/02_hierarchical_m_fold_sampling_2haw/sampling_round_5/02_sampling/sampling_13/group_3_unrelaxed_rank_001_alphafold2_ptm_model_1_seed_042.pdb,92.56637540453079,0.87331,0.67844,11
/results/PPAC_BACSU/run1/02_hierarchical_m_fold_sampling_2haw/sampling_round_5/02_sampling/sampling_13/group_9_unrelaxed_rank_001_alphafold2_ptm_model_1_seed_042.pdb,89.82168284789643,0.87571,0.67748,11
/results/PPAC_BACSU/run1/02_hierarchical_m_fold_sampling_2haw/sampling_round_5/02_sampling/sampling_13/group_1_unrelaxed_rank_001_alphafold2_ptm_model_1_seed_042.pdb,90.50744336569583,0.87024,0.67969,11
/results/PPAC_BACSU/run1/02_hierarchical_m_fold_sampling_2haw/sampling_round_5/02_sampling/sampling_13/group_11_unrelaxed_rank_001_alphafold2_ptm_model_1_seed_042.pdb,91.38239482200646,0.88569,0.67492,11
/results/PPAC_BACSU/run1/02_hierarchical_m_fold_sampling_2haw/sampling_round_5/02_sampling/sampling_13/group_2_unrelaxed_rank_001_alphafold2_ptm_model_1_seed_042.pdb,92.03592233009705,0.89686,0.66964,11
/results/PPAC_BACSU/run1/02_hierarchical_m_fold_sampling_2haw/sampling_round_5/02_sampling/sampling_4/group_8_unrelaxed_rank_001_alphafold2_ptm_model_1_seed_042.pdb,88.89213592233008,0.89004,0.67378,11
/results/PPAC_BACSU/run1/02_hierarchical_m_fold_sampling_2haw/sampling_round_5/02_sampling/sampling_4/group_6_unrelaxed_rank_001_alphafold2_ptm_model_1_seed_042.pdb,91.1893203883495,0.86635,0.67485,11
/results/PPAC_BACSU/run1/02_hierarchical_m_fold_sampling_2haw/sampling_round_5/02_sampling/sampling_4/group_13_unrelaxed_rank_001_alphafold2_ptm_model_1_seed_042.pdb,91.63278317152098,0.89799,0.67489,15
/results/PPAC_BACSU/run1/02_hierarchical_m_fold_sampling_2haw/sampling_round_5/02_sampling/sampling_4/group_7_unrelaxed_rank_001_alphafold2_ptm_model_1_seed_042.pdb,90.83339805825238,0.86752,0.67824,11
/results/PPAC_BACSU/run1/02_hierarchical_m_fold_sampling_2haw/sampling_round_5/02_sampling/sampling_4/group_4_unrelaxed_rank_001_alphafold2_ptm_model_1_seed_042.pdb,89.86310679611647,0.8787,0.67256,11
/results/PPAC_BACSU/run1/02_hierarchical_m_fold_sampling_2haw/sampling_round_5/02_sampling/sampling_4/group_12_unrelaxed_rank_001_alphafold2_ptm_model_1_seed_042.pdb,90.79770226537212,0.87591,0.6785,11
/results/PPAC_BACSU/run1/02_hierarchical_m_fold_sampling_2haw/sampling_round_5/02_sampling/sampling_4/group_5_unrelaxed_rank_001_alphafold2_ptm_model_1_seed_042.pdb,91.5612621359223,0.70485,0.76672,11
/results/PPAC_BACSU/run1/02_hierarchical_m_fold_sampling_2haw/sampling_round_5/02_sampling/sampling_4/group_10_unrelaxed_rank_001_alphafold2_ptm_model_1_seed_042.pdb,91.43236245954695,0.88322,0.6785,11
/results/PPAC_BACSU/run1/02_hierarchical_m_fold_sampling_2haw/sampling_round_5/02_sampling/sampling_4/group_3_unrelaxed_rank_001_alphafold2_ptm_model_1_seed_042.pdb,90.10161812297731,0.76629,0.69824,11
/results/PPAC_BACSU/run1/02_hierarchical_m_fold_sampling_2haw/sampling_round_5/02_sampling/sampling_4/group_9_unrelaxed_rank_001_alphafold2_ptm_model_1_seed_042.pdb,89.8128802588997,0.8564,0.67626,11
/results/PPAC_BACSU/run1/02_hierarchical_m_fold_sampling_2haw/sampling_round_5/02_sampling/sampling_4/group_1_unrelaxed_rank_001_alphafold2_ptm_model_1_seed_042.pdb,90.54961165048542,0.91723,0.67339,11
/results/PPAC_BACSU/run1/02_hierarchical_m_fold_sampling_2haw/sampling_round_5/02_sampling/sampling_4/group_11_unrelaxed_rank_001_alphafold2_ptm_model_1_seed_042.pdb,90.1266666666667,0.80353,0.68423,11
/results/PPAC_BACSU/run1/02_hierarchical_m_fold_sampling_2haw/sampling_round_5/02_sampling/sampling_4/group_2_unrelaxed_rank_001_alphafold2_ptm_model_1_seed_042.pdb,90.2840453074434,0.93691,0.67412,11
/results/PPAC_BACSU/run1/02_hierarchical_m_fold_sampling_2haw/sampling_round_5/02_sampling/sampling_12/group_8_unrelaxed_rank_001_alphafold2_ptm_model_1_seed_042.pdb,90.58035598705501,0.76852,0.69132,11
/results/PPAC_BACSU/run1/02_hierarchical_m_fold_sampling_2haw/sampling_round_5/02_sampling/sampling_12/group_6_unrelaxed_rank_001_alphafold2_ptm_model_1_seed_042.pdb,90.05721682847897,0.71704,0.7356,11
/results/PPAC_BACSU/run1/02_hierarchical_m_fold_sampling_2haw/sampling_round_5/02_sampling/sampling_12/group_13_unrelaxed_rank_001_alphafold2_ptm_model_1_seed_042.pdb,92.1765372168285,0.79822,0.68725,15
/results/PPAC_BACSU/run1/02_hierarchical_m_fold_sampling_2haw/sampling_round_5/02_sampling/sampling_12/group_7_unrelaxed_rank_001_alphafold2_ptm_model_1_seed_042.pdb,88.525501618123,0.87517,0.67568,11
/results/PPAC_BACSU/run1/02_hierarchical_m_fold_sampling_2haw/sampling_round_5/02_sampling/sampling_12/group_4_unrelaxed_rank_001_alphafold2_ptm_model_1_seed_042.pdb,90.08456310679615,0.87479,0.67359,11
/results/PPAC_BACSU/run1/02_hierarchical_m_fold_sampling_2haw/sampling_round_5/02_sampling/sampling_12/group_12_unrelaxed_rank_001_alphafold2_ptm_model_1_seed_042.pdb,90.67754045307446,0.90398,0.67139,11
/results/PPAC_BACSU/run1/02_hierarchical_m_fold_sampling_2haw/sampling_round_5/02_sampling/sampling_12/group_5_unrelaxed_rank_001_alphafold2_ptm_model_1_seed_042.pdb,90.78627831715212,0.87449,0.67727,11
/results/PPAC_BACSU/run1/02_hierarchical_m_fold_sampling_2haw/sampling_round_5/02_sampling/sampling_12/group_10_unrelaxed_rank_001_alphafold2_ptm_model_1_seed_042.pdb,90.78148867313914,0.90641,0.67337,11
/results/PPAC_BACSU/run1/02_hierarchical_m_fold_sampling_2haw/sampling_round_5/02_sampling/sampling_12/group_3_unrelaxed_rank_001_alphafold2_ptm_model_1_seed_042.pdb,89.86362459546919,0.86207,0.68139,11
/results/PPAC_BACSU/run1/02_hierarchical_m_fold_sampling_2haw/sampling_round_5/02_sampling/sampling_12/group_9_unrelaxed_rank_001_alphafold2_ptm_model_1_seed_042.pdb,91.39598705501618,0.88749,0.67965,11
/results/PPAC_BACSU/run1/02_hierarchical_m_fold_sampling_2haw/sampling_round_5/02_sampling/sampling_12/group_1_unrelaxed_rank_001_alphafold2_ptm_model_1_seed_042.pdb,91.07307443365698,0.86529,0.67795,11
/results/PPAC_BACSU/run1/02_hierarchical_m_fold_sampling_2haw/sampling_round_5/02_sampling/sampling_12/group_11_unrelaxed_rank_001_alphafold2_ptm_model_1_seed_042.pdb,89.82278317152102,0.90002,0.67516,11
/results/PPAC_BACSU/run1/02_hierarchical_m_fold_sampling_2haw/sampling_round_5/02_sampling/sampling_12/group_2_unrelaxed_rank_001_alphafold2_ptm_model_1_seed_042.pdb,90.02174757281543,0.87085,0.67732,11
/results/PPAC_BACSU/run1/02_hierarchical_m_fold_sampling_2haw/sampling_round_5/02_sampling/sampling_3/group_8_unrelaxed_rank_001_alphafold2_ptm_model_1_seed_042.pdb,90.49132686084141,0.87496,0.6776,11
/results/PPAC_BACSU/run1/02_hierarchical_m_fold_sampling_2haw/sampling_round_5/02_sampling/sampling_3/group_6_unrelaxed_rank_001_alphafold2_ptm_model_1_seed_042.pdb,91.37763754045307,0.94899,0.6741,11
/results/PPAC_BACSU/run1/02_hierarchical_m_fold_sampling_2haw/sampling_round_5/02_sampling/sampling_3/group_13_unrelaxed_rank_001_alphafold2_ptm_model_1_seed_042.pdb,91.07747572815529,0.88187,0.67382,15
/results/PPAC_BACSU/run1/02_hierarchical_m_fold_sampling_2haw/sampling_round_5/02_sampling/sampling_3/group_7_unrelaxed_rank_001_alphafold2_ptm_model_1_seed_042.pdb,91.73433656957927,0.88268,0.67716,11
/results/PPAC_BACSU/run1/02_hierarchical_m_fold_sampling_2haw/sampling_round_5/02_sampling/sampling_3/group_4_unrelaxed_rank_001_alphafold2_ptm_model_1_seed_042.pdb,91.91116504854372,0.87081,0.67921,11
/results/PPAC_BACSU/run1/02_hierarchical_m_fold_sampling_2haw/sampling_round_5/02_sampling/sampling_3/group_12_unrelaxed_rank_001_alphafold2_ptm_model_1_seed_042.pdb,90.46433656957933,0.87134,0.67576,11
/results/PPAC_BACSU/run1/02_hierarchical_m_fold_sampling_2haw/sampling_round_5/02_sampling/sampling_3/group_5_unrelaxed_rank_001_alphafold2_ptm_model_1_seed_042.pdb,91.85368932038838,0.67771,0.9045,11
/results/PPAC_BACSU/run1/02_hierarchical_m_fold_sampling_2haw/sampling_round_5/02_sampling/sampling_3/group_10_unrelaxed_rank_001_alphafold2_ptm_model_1_seed_042.pdb,89.98430420711978,0.78801,0.69851,11
/results/PPAC_BACSU/run1/02_hierarchical_m_fold_sampling_2haw/sampling_round_5/02_sampling/sampling_3/group_3_unrelaxed_rank_001_alphafold2_ptm_model_1_seed_042.pdb,89.83440129449842,0.90403,0.67217,11
/results/PPAC_BACSU/run1/02_hierarchical_m_fold_sampling_2haw/sampling_round_5/02_sampling/sampling_3/group_9_unrelaxed_rank_001_alphafold2_ptm_model_1_seed_042.pdb,88.417508090615,0.90087,0.67194,11
/results/PPAC_BACSU/run1/02_hierarchical_m_fold_sampling_2haw/sampling_round_5/02_sampling/sampling_3/group_1_unrelaxed_rank_001_alphafold2_ptm_model_1_seed_042.pdb,91.58194174757283,0.8895,0.67684,11
/results/PPAC_BACSU/run1/02_hierarchical_m_fold_sampling_2haw/sampling_round_5/02_sampling/sampling_3/group_11_unrelaxed_rank_001_alphafold2_ptm_model_1_seed_042.pdb,90.08640776699028,0.89667,0.67217,11
/results/PPAC_BACSU/run1/02_hierarchical_m_fold_sampling_2haw/sampling_round_5/02_sampling/sampling_3/group_2_unrelaxed_rank_001_alphafold2_ptm_model_1_seed_042.pdb,90.1236569579288,0.88022,0.67942,11
/results/PPAC_BACSU/run1/02_hierarchical_m_fold_sampling_2haw/sampling_round_5/02_sampling/sampling_14/group_8_unrelaxed_rank_001_alphafold2_ptm_model_1_seed_042.pdb,89.94588996763748,0.85757,0.67991,11
/results/PPAC_BACSU/run1/02_hierarchical_m_fold_sampling_2haw/sampling_round_5/02_sampling/sampling_14/group_6_unrelaxed_rank_001_alphafold2_ptm_model_1_seed_042.pdb,91.54200647249193,0.89498,0.6758,11
/results/PPAC_BACSU/run1/02_hierarchical_m_fold_sampling_2haw/sampling_round_5/02_sampling/sampling_14/group_13_unrelaxed_rank_001_alphafold2_ptm_model_1_seed_042.pdb,91.84673139158572,0.89301,0.6767,15
/results/PPAC_BACSU/run1/02_hierarchical_m_fold_sampling_2haw/sampling_round_5/02_sampling/sampling_14/group_7_unrelaxed_rank_001_alphafold2_ptm_model_1_seed_042.pdb,91.64239482200642,0.90408,0.67282,11
/results/PPAC_BACSU/run1/02_hierarchical_m_fold_sampling_2haw/sampling_round_5/02_sampling/sampling_14/group_4_unrelaxed_rank_001_alphafold2_ptm_model_1_seed_042.pdb,90.78540453074432,0.87529,0.67818,11
/results/PPAC_BACSU/run1/02_hierarchical_m_fold_sampling_2haw/sampling_round_5/02_sampling/sampling_14/group_12_unrelaxed_rank_001_alphafold2_ptm_model_1_seed_042.pdb,91.20951456310682,0.91399,0.6732,11
/results/PPAC_BACSU/run1/02_hierarchical_m_fold_sampling_2haw/sampling_round_5/02_sampling/sampling_14/group_5_unrelaxed_rank_001_alphafold2_ptm_model_1_seed_042.pdb,90.6494498381877,0.88858,0.67773,11
/results/PPAC_BACSU/run1/02_hierarchical_m_fold_sampling_2haw/sampling_round_5/02_sampling/sampling_14/group_10_unrelaxed_rank_001_alphafold2_ptm_model_1_seed_042.pdb,90.19475728155335,0.87685,0.67714,11
/results/PPAC_BACSU/run1/02_hierarchical_m_fold_sampling_2haw/sampling_round_5/02_sampling/sampling_14/group_3_unrelaxed_rank_001_alphafold2_ptm_model_1_seed_042.pdb,90.85453074433661,0.88203,0.67517,11
/results/PPAC_BACSU/run1/02_hierarchical_m_fold_sampling_2haw/sampling_round_5/02_sampling/sampling_14/group_9_unrelaxed_rank_001_alphafold2_ptm_model_1_seed_042.pdb,90.08857605177998,0.86163,0.6757,11
/results/PPAC_BACSU/run1/02_hierarchical_m_fold_sampling_2haw/sampling_round_5/02_sampling/sampling_14/group_1_unrelaxed_rank_001_alphafold2_ptm_model_1_seed_042.pdb,90.784142394822,0.87145,0.67947,11
/results/PPAC_BACSU/run1/02_hierarchical_m_fold_sampling_2haw/sampling_round_5/02_sampling/sampling_14/group_11_unrelaxed_rank_001_alphafold2_ptm_model_1_seed_042.pdb,88.27961165048545,0.88452,0.67192,11
/results/PPAC_BACSU/run1/02_hierarchical_m_fold_sampling_2haw/sampling_round_5/02_sampling/sampling_14/group_2_unrelaxed_rank_001_alphafold2_ptm_model_1_seed_042.pdb,91.92207119741104,0.87327,0.67973,11
