PDB,plddt,5jyt_tmscore,seq_count,round
/fs/ess/PAA0203/xing244/AF_ClaSeq/results_updated/KaiB/run1/m_fold_sampling_voting_5jyt/01_m_fold_sampling/round_1/01_sampling/sampling_42/group_20_unrelaxed_rank_001_alphafold2_ptm_model_1_seed_042.pdb,86.48120879120877,0.76516,11,1
/fs/ess/PAA0203/xing244/AF_ClaSeq/results_updated/KaiB/run1/m_fold_sampling_voting_5jyt/01_m_fold_sampling/round_1/01_sampling/sampling_42/group_44_unrelaxed_rank_001_alphafold2_ptm_model_1_seed_042.pdb,68.76736263736262,0.792,11,1
/fs/ess/PAA0203/xing244/AF_ClaSeq/results_updated/KaiB/run1/m_fold_sampling_voting_5jyt/01_m_fold_sampling/round_1/01_sampling/sampling_42/group_16_unrelaxed_rank_001_alphafold2_ptm_model_1_seed_042.pdb,80.65978021978023,0.75682,11,1
/fs/ess/PAA0203/xing244/AF_ClaSeq/results_updated/KaiB/run1/m_fold_sampling_voting_5jyt/01_m_fold_sampling/round_1/01_sampling/sampling_42/group_8_unrelaxed_rank_001_alphafold2_ptm_model_1_seed_042.pdb,89.4578021978022,0.81707,11,1
/fs/ess/PAA0203/xing244/AF_ClaSeq/results_updated/KaiB/run1/m_fold_sampling_voting_5jyt/01_m_fold_sampling/round_1/01_sampling/sampling_42/group_48_unrelaxed_rank_001_alphafold2_ptm_model_1_seed_042.pdb,88.41230769230769,0.77994,11,1
/fs/ess/PAA0203/xing244/AF_ClaSeq/results_updated/KaiB/run1/m_fold_sampling_voting_5jyt/01_m_fold_sampling/round_1/01_sampling/sampling_42/group_6_unrelaxed_rank_001_alphafold2_ptm_model_1_seed_042.pdb,84.90637362637364,0.78296,11,1
/fs/ess/PAA0203/xing244/AF_ClaSeq/results_updated/KaiB/run1/m_fold_sampling_voting_5jyt/01_m_fold_sampling/round_1/01_sampling/sampling_42/group_19_unrelaxed_rank_001_alphafold2_ptm_model_1_seed_042.pdb,86.62615384615385,0.80972,11,1
/fs/ess/PAA0203/xing244/AF_ClaSeq/results_updated/KaiB/run1/m_fold_sampling_voting_5jyt/01_m_fold_sampling/round_1/01_sampling/sampling_42/group_13_unrelaxed_rank_001_alphafold2_ptm_model_1_seed_042.pdb,84.54186813186813,0.78807,11,1
/fs/ess/PAA0203/xing244/AF_ClaSeq/results_updated/KaiB/run1/m_fold_sampling_voting_5jyt/01_m_fold_sampling/round_1/01_sampling/sampling_42/group_28_unrelaxed_rank_001_alphafold2_ptm_model_1_seed_042.pdb,85.32000000000001,0.79092,11,1
/fs/ess/PAA0203/xing244/AF_ClaSeq/results_updated/KaiB/run1/m_fold_sampling_voting_5jyt/01_m_fold_sampling/round_1/01_sampling/sampling_42/group_32_unrelaxed_rank_001_alphafold2_ptm_model_1_seed_042.pdb,62.80373626373627,0.6677,11,1
/fs/ess/PAA0203/xing244/AF_ClaSeq/results_updated/KaiB/run1/m_fold_sampling_voting_5jyt/01_m_fold_sampling/round_1/01_sampling/sampling_42/group_22_unrelaxed_rank_001_alphafold2_ptm_model_1_seed_042.pdb,66.20395604395604,0.79058,11,1
/fs/ess/PAA0203/xing244/AF_ClaSeq/results_updated/KaiB/run1/m_fold_sampling_voting_5jyt/01_m_fold_sampling/round_1/01_sampling/sampling_42/group_7_unrelaxed_rank_001_alphafold2_ptm_model_1_seed_042.pdb,91.62120879120877,0.79956,11,1
/fs/ess/PAA0203/xing244/AF_ClaSeq/results_updated/KaiB/run1/m_fold_sampling_voting_5jyt/01_m_fold_sampling/round_1/01_sampling/sampling_42/group_21_unrelaxed_rank_001_alphafold2_ptm_model_1_seed_042.pdb,74.18857142857142,0.81561,11,1
/fs/ess/PAA0203/xing244/AF_ClaSeq/results_updated/KaiB/run1/m_fold_sampling_voting_5jyt/01_m_fold_sampling/round_1/01_sampling/sampling_42/group_41_unrelaxed_rank_001_alphafold2_ptm_model_1_seed_042.pdb,64.22769230769231,0.46771,11,1
/fs/ess/PAA0203/xing244/AF_ClaSeq/results_updated/KaiB/run1/m_fold_sampling_voting_5jyt/01_m_fold_sampling/round_1/01_sampling/sampling_42/group_31_unrelaxed_rank_001_alphafold2_ptm_model_1_seed_042.pdb,58.96043956043957,0.52075,11,1
/fs/ess/PAA0203/xing244/AF_ClaSeq/results_updated/KaiB/run1/m_fold_sampling_voting_5jyt/01_m_fold_sampling/round_1/01_sampling/sampling_42/group_46_unrelaxed_rank_001_alphafold2_ptm_model_1_seed_042.pdb,84.31626373626375,0.75029,11,1
/fs/ess/PAA0203/xing244/AF_ClaSeq/results_updated/KaiB/run1/m_fold_sampling_voting_5jyt/01_m_fold_sampling/round_1/01_sampling/sampling_42/group_17_unrelaxed_rank_001_alphafold2_ptm_model_1_seed_042.pdb,83.87747252747252,0.76912,11,1
/fs/ess/PAA0203/xing244/AF_ClaSeq/results_updated/KaiB/run1/m_fold_sampling_voting_5jyt/01_m_fold_sampling/round_1/01_sampling/sampling_42/group_14_unrelaxed_rank_001_alphafold2_ptm_model_1_seed_042.pdb,87.66417582417581,0.80487,11,1
/fs/ess/PAA0203/xing244/AF_ClaSeq/results_updated/KaiB/run1/m_fold_sampling_voting_5jyt/01_m_fold_sampling/round_1/01_sampling/sampling_42/group_4_unrelaxed_rank_001_alphafold2_ptm_model_1_seed_042.pdb,86.87637362637363,0.79239,11,1
/fs/ess/PAA0203/xing244/AF_ClaSeq/results_updated/KaiB/run1/m_fold_sampling_voting_5jyt/01_m_fold_sampling/round_1/01_sampling/sampling_42/group_12_unrelaxed_rank_001_alphafold2_ptm_model_1_seed_042.pdb,84.54307692307692,0.75989,11,1
/fs/ess/PAA0203/xing244/AF_ClaSeq/results_updated/KaiB/run1/m_fold_sampling_voting_5jyt/01_m_fold_sampling/round_1/01_sampling/sampling_42/group_38_unrelaxed_rank_001_alphafold2_ptm_model_1_seed_042.pdb,72.5510989010989,0.50437,11,1
/fs/ess/PAA0203/xing244/AF_ClaSeq/results_updated/KaiB/run1/m_fold_sampling_voting_5jyt/01_m_fold_sampling/round_1/01_sampling/sampling_42/group_15_unrelaxed_rank_001_alphafold2_ptm_model_1_seed_042.pdb,87.82395604395604,0.80864,11,1
/fs/ess/PAA0203/xing244/AF_ClaSeq/results_updated/KaiB/run1/m_fold_sampling_voting_5jyt/01_m_fold_sampling/round_1/01_sampling/sampling_42/group_23_unrelaxed_rank_001_alphafold2_ptm_model_1_seed_042.pdb,88.59714285714284,0.80982,11,1
/fs/ess/PAA0203/xing244/AF_ClaSeq/results_updated/KaiB/run1/m_fold_sampling_voting_5jyt/01_m_fold_sampling/round_1/01_sampling/sampling_42/group_5_unrelaxed_rank_001_alphafold2_ptm_model_1_seed_042.pdb,85.57230769230769,0.76775,11,1
/fs/ess/PAA0203/xing244/AF_ClaSeq/results_updated/KaiB/run1/m_fold_sampling_voting_5jyt/01_m_fold_sampling/round_1/01_sampling/sampling_42/group_33_unrelaxed_rank_001_alphafold2_ptm_model_1_seed_042.pdb,86.70065934065936,0.7511,11,1
/fs/ess/PAA0203/xing244/AF_ClaSeq/results_updated/KaiB/run1/m_fold_sampling_voting_5jyt/01_m_fold_sampling/round_1/01_sampling/sampling_42/group_27_unrelaxed_rank_001_alphafold2_ptm_model_1_seed_042.pdb,70.62692307692308,0.81448,11,1
/fs/ess/PAA0203/xing244/AF_ClaSeq/results_updated/KaiB/run1/m_fold_sampling_voting_5jyt/01_m_fold_sampling/round_1/01_sampling/sampling_42/group_42_unrelaxed_rank_001_alphafold2_ptm_model_1_seed_042.pdb,87.44461538461537,0.80591,11,1
/fs/ess/PAA0203/xing244/AF_ClaSeq/results_updated/KaiB/run1/m_fold_sampling_voting_5jyt/01_m_fold_sampling/round_1/01_sampling/sampling_42/group_10_unrelaxed_rank_001_alphafold2_ptm_model_1_seed_042.pdb,87.37208791208789,0.79345,11,1
/fs/ess/PAA0203/xing244/AF_ClaSeq/results_updated/KaiB/run1/m_fold_sampling_voting_5jyt/01_m_fold_sampling/round_1/01_sampling/sampling_42/group_37_unrelaxed_rank_001_alphafold2_ptm_model_1_seed_042.pdb,85.02802197802198,0.78516,11,1
/fs/ess/PAA0203/xing244/AF_ClaSeq/results_updated/KaiB/run1/m_fold_sampling_voting_5jyt/01_m_fold_sampling/round_1/01_sampling/sampling_42/group_29_unrelaxed_rank_001_alphafold2_ptm_model_1_seed_042.pdb,86.62681318681318,0.77704,11,1
/fs/ess/PAA0203/xing244/AF_ClaSeq/results_updated/KaiB/run1/m_fold_sampling_voting_5jyt/01_m_fold_sampling/round_1/01_sampling/sampling_42/group_18_unrelaxed_rank_001_alphafold2_ptm_model_1_seed_042.pdb,84.73670329670331,0.79784,11,1
/fs/ess/PAA0203/xing244/AF_ClaSeq/results_updated/KaiB/run1/m_fold_sampling_voting_5jyt/01_m_fold_sampling/round_1/01_sampling/sampling_42/group_43_unrelaxed_rank_001_alphafold2_ptm_model_1_seed_042.pdb,86.84692307692306,0.77698,11,1
/fs/ess/PAA0203/xing244/AF_ClaSeq/results_updated/KaiB/run1/m_fold_sampling_voting_5jyt/01_m_fold_sampling/round_1/01_sampling/sampling_42/group_25_unrelaxed_rank_001_alphafold2_ptm_model_1_seed_042.pdb,87.84472527472528,0.80473,11,1
/fs/ess/PAA0203/xing244/AF_ClaSeq/results_updated/KaiB/run1/m_fold_sampling_voting_5jyt/01_m_fold_sampling/round_1/01_sampling/sampling_42/group_3_unrelaxed_rank_001_alphafold2_ptm_model_1_seed_042.pdb,81.67516483516484,0.79789,11,1
/fs/ess/PAA0203/xing244/AF_ClaSeq/results_updated/KaiB/run1/m_fold_sampling_voting_5jyt/01_m_fold_sampling/round_1/01_sampling/sampling_42/group_34_unrelaxed_rank_001_alphafold2_ptm_model_1_seed_042.pdb,84.43791208791208,0.75248,11,1
/fs/ess/PAA0203/xing244/AF_ClaSeq/results_updated/KaiB/run1/m_fold_sampling_voting_5jyt/01_m_fold_sampling/round_1/01_sampling/sampling_42/group_9_unrelaxed_rank_001_alphafold2_ptm_model_1_seed_042.pdb,87.12725274725274,0.81337,11,1
/fs/ess/PAA0203/xing244/AF_ClaSeq/results_updated/KaiB/run1/m_fold_sampling_voting_5jyt/01_m_fold_sampling/round_1/01_sampling/sampling_42/group_47_unrelaxed_rank_001_alphafold2_ptm_model_1_seed_042.pdb,85.0556043956044,0.76763,11,1
/fs/ess/PAA0203/xing244/AF_ClaSeq/results_updated/KaiB/run1/m_fold_sampling_voting_5jyt/01_m_fold_sampling/round_1/01_sampling/sampling_42/group_35_unrelaxed_rank_001_alphafold2_ptm_model_1_seed_042.pdb,87.19285714285715,0.81666,11,1
/fs/ess/PAA0203/xing244/AF_ClaSeq/results_updated/KaiB/run1/m_fold_sampling_voting_5jyt/01_m_fold_sampling/round_1/01_sampling/sampling_42/group_24_unrelaxed_rank_001_alphafold2_ptm_model_1_seed_042.pdb,84.70923076923077,0.75573,11,1
/fs/ess/PAA0203/xing244/AF_ClaSeq/results_updated/KaiB/run1/m_fold_sampling_voting_5jyt/01_m_fold_sampling/round_1/01_sampling/sampling_42/group_40_unrelaxed_rank_001_alphafold2_ptm_model_1_seed_042.pdb,82.17626373626375,0.8304,11,1
/fs/ess/PAA0203/xing244/AF_ClaSeq/results_updated/KaiB/run1/m_fold_sampling_voting_5jyt/01_m_fold_sampling/round_1/01_sampling/sampling_42/group_1_unrelaxed_rank_001_alphafold2_ptm_model_1_seed_042.pdb,86.33175824175824,0.80264,11,1
/fs/ess/PAA0203/xing244/AF_ClaSeq/results_updated/KaiB/run1/m_fold_sampling_voting_5jyt/01_m_fold_sampling/round_1/01_sampling/sampling_42/group_30_unrelaxed_rank_001_alphafold2_ptm_model_1_seed_042.pdb,87.39604395604395,0.79328,11,1
/fs/ess/PAA0203/xing244/AF_ClaSeq/results_updated/KaiB/run1/m_fold_sampling_voting_5jyt/01_m_fold_sampling/round_1/01_sampling/sampling_42/group_26_unrelaxed_rank_001_alphafold2_ptm_model_1_seed_042.pdb,89.33362637362637,0.80682,11,1
/fs/ess/PAA0203/xing244/AF_ClaSeq/results_updated/KaiB/run1/m_fold_sampling_voting_5jyt/01_m_fold_sampling/round_1/01_sampling/sampling_42/group_39_unrelaxed_rank_001_alphafold2_ptm_model_1_seed_042.pdb,81.65714285714284,0.80359,11,1
/fs/ess/PAA0203/xing244/AF_ClaSeq/results_updated/KaiB/run1/m_fold_sampling_voting_5jyt/01_m_fold_sampling/round_1/01_sampling/sampling_42/group_11_unrelaxed_rank_001_alphafold2_ptm_model_1_seed_042.pdb,84.9443956043956,0.77999,11,1
/fs/ess/PAA0203/xing244/AF_ClaSeq/results_updated/KaiB/run1/m_fold_sampling_voting_5jyt/01_m_fold_sampling/round_1/01_sampling/sampling_42/group_49_unrelaxed_rank_001_alphafold2_ptm_model_1_seed_042.pdb,83.57670329670329,0.77258,12,1
/fs/ess/PAA0203/xing244/AF_ClaSeq/results_updated/KaiB/run1/m_fold_sampling_voting_5jyt/01_m_fold_sampling/round_1/01_sampling/sampling_42/group_45_unrelaxed_rank_001_alphafold2_ptm_model_1_seed_042.pdb,86.95384615384614,0.81971,11,1
/fs/ess/PAA0203/xing244/AF_ClaSeq/results_updated/KaiB/run1/m_fold_sampling_voting_5jyt/01_m_fold_sampling/round_1/01_sampling/sampling_42/group_2_unrelaxed_rank_001_alphafold2_ptm_model_1_seed_042.pdb,82.08593406593407,0.78015,11,1
/fs/ess/PAA0203/xing244/AF_ClaSeq/results_updated/KaiB/run1/m_fold_sampling_voting_5jyt/01_m_fold_sampling/round_1/01_sampling/sampling_42/group_36_unrelaxed_rank_001_alphafold2_ptm_model_1_seed_042.pdb,85.65120879120879,0.79125,11,1
/fs/ess/PAA0203/xing244/AF_ClaSeq/results_updated/KaiB/run1/m_fold_sampling_voting_5jyt/01_m_fold_sampling/round_1/01_sampling/sampling_38/group_20_unrelaxed_rank_001_alphafold2_ptm_model_1_seed_042.pdb,85.47197802197802,0.77633,11,1
/fs/ess/PAA0203/xing244/AF_ClaSeq/results_updated/KaiB/run1/m_fold_sampling_voting_5jyt/01_m_fold_sampling/round_1/01_sampling/sampling_38/group_44_unrelaxed_rank_001_alphafold2_ptm_model_1_seed_042.pdb,85.13967032967032,0.80251,11,1
/fs/ess/PAA0203/xing244/AF_ClaSeq/results_updated/KaiB/run1/m_fold_sampling_voting_5jyt/01_m_fold_sampling/round_1/01_sampling/sampling_38/group_16_unrelaxed_rank_001_alphafold2_ptm_model_1_seed_042.pdb,86.78417582417583,0.79809,11,1
/fs/ess/PAA0203/xing244/AF_ClaSeq/results_updated/KaiB/run1/m_fold_sampling_voting_5jyt/01_m_fold_sampling/round_1/01_sampling/sampling_38/group_8_unrelaxed_rank_001_alphafold2_ptm_model_1_seed_042.pdb,87.33890109890108,0.79574,11,1
/fs/ess/PAA0203/xing244/AF_ClaSeq/results_updated/KaiB/run1/m_fold_sampling_voting_5jyt/01_m_fold_sampling/round_1/01_sampling/sampling_38/group_48_unrelaxed_rank_001_alphafold2_ptm_model_1_seed_042.pdb,74.37604395604394,0.75724,11,1
/fs/ess/PAA0203/xing244/AF_ClaSeq/results_updated/KaiB/run1/m_fold_sampling_voting_5jyt/01_m_fold_sampling/round_1/01_sampling/sampling_38/group_6_unrelaxed_rank_001_alphafold2_ptm_model_1_seed_042.pdb,84.26868131868132,0.80241,11,1
/fs/ess/PAA0203/xing244/AF_ClaSeq/results_updated/KaiB/run1/m_fold_sampling_voting_5jyt/01_m_fold_sampling/round_1/01_sampling/sampling_38/group_19_unrelaxed_rank_001_alphafold2_ptm_model_1_seed_042.pdb,88.34395604395606,0.75021,11,1
/fs/ess/PAA0203/xing244/AF_ClaSeq/results_updated/KaiB/run1/m_fold_sampling_voting_5jyt/01_m_fold_sampling/round_1/01_sampling/sampling_38/group_13_unrelaxed_rank_001_alphafold2_ptm_model_1_seed_042.pdb,67.29351648351648,0.65978,11,1
/fs/ess/PAA0203/xing244/AF_ClaSeq/results_updated/KaiB/run1/m_fold_sampling_voting_5jyt/01_m_fold_sampling/round_1/01_sampling/sampling_38/group_28_unrelaxed_rank_001_alphafold2_ptm_model_1_seed_042.pdb,87.98835164835164,0.7846,11,1
/fs/ess/PAA0203/xing244/AF_ClaSeq/results_updated/KaiB/run1/m_fold_sampling_voting_5jyt/01_m_fold_sampling/round_1/01_sampling/sampling_38/group_32_unrelaxed_rank_001_alphafold2_ptm_model_1_seed_042.pdb,81.48120879120879,0.73938,11,1
/fs/ess/PAA0203/xing244/AF_ClaSeq/results_updated/KaiB/run1/m_fold_sampling_voting_5jyt/01_m_fold_sampling/round_1/01_sampling/sampling_38/group_22_unrelaxed_rank_001_alphafold2_ptm_model_1_seed_042.pdb,85.15626373626374,0.76594,11,1
/fs/ess/PAA0203/xing244/AF_ClaSeq/results_updated/KaiB/run1/m_fold_sampling_voting_5jyt/01_m_fold_sampling/round_1/01_sampling/sampling_38/group_7_unrelaxed_rank_001_alphafold2_ptm_model_1_seed_042.pdb,70.34593406593406,0.67975,11,1
/fs/ess/PAA0203/xing244/AF_ClaSeq/results_updated/KaiB/run1/m_fold_sampling_voting_5jyt/01_m_fold_sampling/round_1/01_sampling/sampling_38/group_21_unrelaxed_rank_001_alphafold2_ptm_model_1_seed_042.pdb,87.52593406593407,0.79472,11,1
/fs/ess/PAA0203/xing244/AF_ClaSeq/results_updated/KaiB/run1/m_fold_sampling_voting_5jyt/01_m_fold_sampling/round_1/01_sampling/sampling_38/group_41_unrelaxed_rank_001_alphafold2_ptm_model_1_seed_042.pdb,89.62791208791208,0.80707,11,1
/fs/ess/PAA0203/xing244/AF_ClaSeq/results_updated/KaiB/run1/m_fold_sampling_voting_5jyt/01_m_fold_sampling/round_1/01_sampling/sampling_38/group_31_unrelaxed_rank_001_alphafold2_ptm_model_1_seed_042.pdb,89.96593406593408,0.80047,11,1
/fs/ess/PAA0203/xing244/AF_ClaSeq/results_updated/KaiB/run1/m_fold_sampling_voting_5jyt/01_m_fold_sampling/round_1/01_sampling/sampling_38/group_46_unrelaxed_rank_001_alphafold2_ptm_model_1_seed_042.pdb,77.85758241758242,0.75172,11,1
/fs/ess/PAA0203/xing244/AF_ClaSeq/results_updated/KaiB/run1/m_fold_sampling_voting_5jyt/01_m_fold_sampling/round_1/01_sampling/sampling_38/group_17_unrelaxed_rank_001_alphafold2_ptm_model_1_seed_042.pdb,56.9523076923077,0.53581,11,1
/fs/ess/PAA0203/xing244/AF_ClaSeq/results_updated/KaiB/run1/m_fold_sampling_voting_5jyt/01_m_fold_sampling/round_1/01_sampling/sampling_38/group_14_unrelaxed_rank_001_alphafold2_ptm_model_1_seed_042.pdb,84.7834065934066,0.79603,11,1
/fs/ess/PAA0203/xing244/AF_ClaSeq/results_updated/KaiB/run1/m_fold_sampling_voting_5jyt/01_m_fold_sampling/round_1/01_sampling/sampling_38/group_4_unrelaxed_rank_001_alphafold2_ptm_model_1_seed_042.pdb,85.18153846153845,0.79277,11,1
/fs/ess/PAA0203/xing244/AF_ClaSeq/results_updated/KaiB/run1/m_fold_sampling_voting_5jyt/01_m_fold_sampling/round_1/01_sampling/sampling_38/group_12_unrelaxed_rank_001_alphafold2_ptm_model_1_seed_042.pdb,85.5765934065934,0.81589,11,1
/fs/ess/PAA0203/xing244/AF_ClaSeq/results_updated/KaiB/run1/m_fold_sampling_voting_5jyt/01_m_fold_sampling/round_1/01_sampling/sampling_38/group_38_unrelaxed_rank_001_alphafold2_ptm_model_1_seed_042.pdb,82.17923076923077,0.75624,11,1
/fs/ess/PAA0203/xing244/AF_ClaSeq/results_updated/KaiB/run1/m_fold_sampling_voting_5jyt/01_m_fold_sampling/round_1/01_sampling/sampling_38/group_15_unrelaxed_rank_001_alphafold2_ptm_model_1_seed_042.pdb,89.74208791208791,0.77595,11,1
/fs/ess/PAA0203/xing244/AF_ClaSeq/results_updated/KaiB/run1/m_fold_sampling_voting_5jyt/01_m_fold_sampling/round_1/01_sampling/sampling_38/group_23_unrelaxed_rank_001_alphafold2_ptm_model_1_seed_042.pdb,87.92890109890108,0.79073,11,1
/fs/ess/PAA0203/xing244/AF_ClaSeq/results_updated/KaiB/run1/m_fold_sampling_voting_5jyt/01_m_fold_sampling/round_1/01_sampling/sampling_38/group_5_unrelaxed_rank_001_alphafold2_ptm_model_1_seed_042.pdb,79.85714285714286,0.7615,11,1
/fs/ess/PAA0203/xing244/AF_ClaSeq/results_updated/KaiB/run1/m_fold_sampling_voting_5jyt/01_m_fold_sampling/round_1/01_sampling/sampling_38/group_33_unrelaxed_rank_001_alphafold2_ptm_model_1_seed_042.pdb,86.8767032967033,0.82111,11,1
/fs/ess/PAA0203/xing244/AF_ClaSeq/results_updated/KaiB/run1/m_fold_sampling_voting_5jyt/01_m_fold_sampling/round_1/01_sampling/sampling_38/group_27_unrelaxed_rank_001_alphafold2_ptm_model_1_seed_042.pdb,77.91032967032967,0.75387,11,1
/fs/ess/PAA0203/xing244/AF_ClaSeq/results_updated/KaiB/run1/m_fold_sampling_voting_5jyt/01_m_fold_sampling/round_1/01_sampling/sampling_38/group_42_unrelaxed_rank_001_alphafold2_ptm_model_1_seed_042.pdb,85.18307692307692,0.78509,11,1
/fs/ess/PAA0203/xing244/AF_ClaSeq/results_updated/KaiB/run1/m_fold_sampling_voting_5jyt/01_m_fold_sampling/round_1/01_sampling/sampling_38/group_10_unrelaxed_rank_001_alphafold2_ptm_model_1_seed_042.pdb,86.14901098901099,0.8023,11,1
/fs/ess/PAA0203/xing244/AF_ClaSeq/results_updated/KaiB/run1/m_fold_sampling_voting_5jyt/01_m_fold_sampling/round_1/01_sampling/sampling_38/group_37_unrelaxed_rank_001_alphafold2_ptm_model_1_seed_042.pdb,86.91945054945054,0.77828,11,1
/fs/ess/PAA0203/xing244/AF_ClaSeq/results_updated/KaiB/run1/m_fold_sampling_voting_5jyt/01_m_fold_sampling/round_1/01_sampling/sampling_38/group_29_unrelaxed_rank_001_alphafold2_ptm_model_1_seed_042.pdb,83.98736263736264,0.78016,11,1
/fs/ess/PAA0203/xing244/AF_ClaSeq/results_updated/KaiB/run1/m_fold_sampling_voting_5jyt/01_m_fold_sampling/round_1/01_sampling/sampling_38/group_18_unrelaxed_rank_001_alphafold2_ptm_model_1_seed_042.pdb,73.3645054945055,0.75394,11,1
/fs/ess/PAA0203/xing244/AF_ClaSeq/results_updated/KaiB/run1/m_fold_sampling_voting_5jyt/01_m_fold_sampling/round_1/01_sampling/sampling_38/group_43_unrelaxed_rank_001_alphafold2_ptm_model_1_seed_042.pdb,91.1510989010989,0.80621,11,1
/fs/ess/PAA0203/xing244/AF_ClaSeq/results_updated/KaiB/run1/m_fold_sampling_voting_5jyt/01_m_fold_sampling/round_1/01_sampling/sampling_38/group_25_unrelaxed_rank_001_alphafold2_ptm_model_1_seed_042.pdb,83.33725274725275,0.77169,11,1
/fs/ess/PAA0203/xing244/AF_ClaSeq/results_updated/KaiB/run1/m_fold_sampling_voting_5jyt/01_m_fold_sampling/round_1/01_sampling/sampling_38/group_3_unrelaxed_rank_001_alphafold2_ptm_model_1_seed_042.pdb,85.81923076923077,0.81219,11,1
/fs/ess/PAA0203/xing244/AF_ClaSeq/results_updated/KaiB/run1/m_fold_sampling_voting_5jyt/01_m_fold_sampling/round_1/01_sampling/sampling_38/group_34_unrelaxed_rank_001_alphafold2_ptm_model_1_seed_042.pdb,87.59197802197802,0.81177,11,1
/fs/ess/PAA0203/xing244/AF_ClaSeq/results_updated/KaiB/run1/m_fold_sampling_voting_5jyt/01_m_fold_sampling/round_1/01_sampling/sampling_38/group_9_unrelaxed_rank_001_alphafold2_ptm_model_1_seed_042.pdb,88.93296703296703,0.80974,11,1
/fs/ess/PAA0203/xing244/AF_ClaSeq/results_updated/KaiB/run1/m_fold_sampling_voting_5jyt/01_m_fold_sampling/round_1/01_sampling/sampling_38/group_47_unrelaxed_rank_001_alphafold2_ptm_model_1_seed_042.pdb,88.65417582417584,0.77742,11,1
/fs/ess/PAA0203/xing244/AF_ClaSeq/results_updated/KaiB/run1/m_fold_sampling_voting_5jyt/01_m_fold_sampling/round_1/01_sampling/sampling_38/group_35_unrelaxed_rank_001_alphafold2_ptm_model_1_seed_042.pdb,78.8921978021978,0.73426,11,1
/fs/ess/PAA0203/xing244/AF_ClaSeq/results_updated/KaiB/run1/m_fold_sampling_voting_5jyt/01_m_fold_sampling/round_1/01_sampling/sampling_38/group_24_unrelaxed_rank_001_alphafold2_ptm_model_1_seed_042.pdb,85.5443956043956,0.76707,11,1
/fs/ess/PAA0203/xing244/AF_ClaSeq/results_updated/KaiB/run1/m_fold_sampling_voting_5jyt/01_m_fold_sampling/round_1/01_sampling/sampling_38/group_40_unrelaxed_rank_001_alphafold2_ptm_model_1_seed_042.pdb,63.52065934065934,0.73265,11,1
/fs/ess/PAA0203/xing244/AF_ClaSeq/results_updated/KaiB/run1/m_fold_sampling_voting_5jyt/01_m_fold_sampling/round_1/01_sampling/sampling_38/group_1_unrelaxed_rank_001_alphafold2_ptm_model_1_seed_042.pdb,83.26076923076923,0.79451,11,1
/fs/ess/PAA0203/xing244/AF_ClaSeq/results_updated/KaiB/run1/m_fold_sampling_voting_5jyt/01_m_fold_sampling/round_1/01_sampling/sampling_38/group_30_unrelaxed_rank_001_alphafold2_ptm_model_1_seed_042.pdb,61.41802197802197,0.70815,11,1
/fs/ess/PAA0203/xing244/AF_ClaSeq/results_updated/KaiB/run1/m_fold_sampling_voting_5jyt/01_m_fold_sampling/round_1/01_sampling/sampling_38/group_26_unrelaxed_rank_001_alphafold2_ptm_model_1_seed_042.pdb,81.08857142857143,0.76308,11,1
/fs/ess/PAA0203/xing244/AF_ClaSeq/results_updated/KaiB/run1/m_fold_sampling_voting_5jyt/01_m_fold_sampling/round_1/01_sampling/sampling_38/group_39_unrelaxed_rank_001_alphafold2_ptm_model_1_seed_042.pdb,87.01296703296704,0.8129,11,1
/fs/ess/PAA0203/xing244/AF_ClaSeq/results_updated/KaiB/run1/m_fold_sampling_voting_5jyt/01_m_fold_sampling/round_1/01_sampling/sampling_38/group_11_unrelaxed_rank_001_alphafold2_ptm_model_1_seed_042.pdb,87.82527472527472,0.80265,11,1
/fs/ess/PAA0203/xing244/AF_ClaSeq/results_updated/KaiB/run1/m_fold_sampling_voting_5jyt/01_m_fold_sampling/round_1/01_sampling/sampling_38/group_49_unrelaxed_rank_001_alphafold2_ptm_model_1_seed_042.pdb,85.00912087912087,0.80444,12,1
/fs/ess/PAA0203/xing244/AF_ClaSeq/results_updated/KaiB/run1/m_fold_sampling_voting_5jyt/01_m_fold_sampling/round_1/01_sampling/sampling_38/group_45_unrelaxed_rank_001_alphafold2_ptm_model_1_seed_042.pdb,83.34461538461538,0.79811,11,1
/fs/ess/PAA0203/xing244/AF_ClaSeq/results_updated/KaiB/run1/m_fold_sampling_voting_5jyt/01_m_fold_sampling/round_1/01_sampling/sampling_38/group_2_unrelaxed_rank_001_alphafold2_ptm_model_1_seed_042.pdb,67.36494505494504,0.8223,11,1
/fs/ess/PAA0203/xing244/AF_ClaSeq/results_updated/KaiB/run1/m_fold_sampling_voting_5jyt/01_m_fold_sampling/round_1/01_sampling/sampling_38/group_36_unrelaxed_rank_001_alphafold2_ptm_model_1_seed_042.pdb,83.98516483516484,0.77589,11,1
/fs/ess/PAA0203/xing244/AF_ClaSeq/results_updated/KaiB/run1/m_fold_sampling_voting_5jyt/01_m_fold_sampling/round_1/01_sampling/sampling_10/group_20_unrelaxed_rank_001_alphafold2_ptm_model_1_seed_042.pdb,86.88516483516483,0.80163,11,1
/fs/ess/PAA0203/xing244/AF_ClaSeq/results_updated/KaiB/run1/m_fold_sampling_voting_5jyt/01_m_fold_sampling/round_1/01_sampling/sampling_10/group_44_unrelaxed_rank_001_alphafold2_ptm_model_1_seed_042.pdb,85.59263736263736,0.79397,11,1
/fs/ess/PAA0203/xing244/AF_ClaSeq/results_updated/KaiB/run1/m_fold_sampling_voting_5jyt/01_m_fold_sampling/round_1/01_sampling/sampling_10/group_16_unrelaxed_rank_001_alphafold2_ptm_model_1_seed_042.pdb,85.1413186813187,0.79521,11,1
/fs/ess/PAA0203/xing244/AF_ClaSeq/results_updated/KaiB/run1/m_fold_sampling_voting_5jyt/01_m_fold_sampling/round_1/01_sampling/sampling_10/group_8_unrelaxed_rank_001_alphafold2_ptm_model_1_seed_042.pdb,86.13945054945054,0.80536,11,1
/fs/ess/PAA0203/xing244/AF_ClaSeq/results_updated/KaiB/run1/m_fold_sampling_voting_5jyt/01_m_fold_sampling/round_1/01_sampling/sampling_10/group_48_unrelaxed_rank_001_alphafold2_ptm_model_1_seed_042.pdb,85.77725274725275,0.79348,11,1
/fs/ess/PAA0203/xing244/AF_ClaSeq/results_updated/KaiB/run1/m_fold_sampling_voting_5jyt/01_m_fold_sampling/round_1/01_sampling/sampling_10/group_6_unrelaxed_rank_001_alphafold2_ptm_model_1_seed_042.pdb,85.58087912087912,0.80163,11,1
/fs/ess/PAA0203/xing244/AF_ClaSeq/results_updated/KaiB/run1/m_fold_sampling_voting_5jyt/01_m_fold_sampling/round_1/01_sampling/sampling_10/group_19_unrelaxed_rank_001_alphafold2_ptm_model_1_seed_042.pdb,82.91791208791209,0.79527,11,1
/fs/ess/PAA0203/xing244/AF_ClaSeq/results_updated/KaiB/run1/m_fold_sampling_voting_5jyt/01_m_fold_sampling/round_1/01_sampling/sampling_10/group_13_unrelaxed_rank_001_alphafold2_ptm_model_1_seed_042.pdb,85.85637362637362,0.77588,11,1
/fs/ess/PAA0203/xing244/AF_ClaSeq/results_updated/KaiB/run1/m_fold_sampling_voting_5jyt/01_m_fold_sampling/round_1/01_sampling/sampling_10/group_28_unrelaxed_rank_001_alphafold2_ptm_model_1_seed_042.pdb,87.95175824175824,0.87791,11,1
/fs/ess/PAA0203/xing244/AF_ClaSeq/results_updated/KaiB/run1/m_fold_sampling_voting_5jyt/01_m_fold_sampling/round_1/01_sampling/sampling_10/group_32_unrelaxed_rank_001_alphafold2_ptm_model_1_seed_042.pdb,79.13615384615385,0.76626,11,1
/fs/ess/PAA0203/xing244/AF_ClaSeq/results_updated/KaiB/run1/m_fold_sampling_voting_5jyt/01_m_fold_sampling/round_1/01_sampling/sampling_10/group_22_unrelaxed_rank_001_alphafold2_ptm_model_1_seed_042.pdb,89.4678021978022,0.80509,11,1
/fs/ess/PAA0203/xing244/AF_ClaSeq/results_updated/KaiB/run1/m_fold_sampling_voting_5jyt/01_m_fold_sampling/round_1/01_sampling/sampling_10/group_7_unrelaxed_rank_001_alphafold2_ptm_model_1_seed_042.pdb,74.86285714285715,0.7607,11,1
/fs/ess/PAA0203/xing244/AF_ClaSeq/results_updated/KaiB/run1/m_fold_sampling_voting_5jyt/01_m_fold_sampling/round_1/01_sampling/sampling_10/group_21_unrelaxed_rank_001_alphafold2_ptm_model_1_seed_042.pdb,84.02483516483515,0.78642,11,1
/fs/ess/PAA0203/xing244/AF_ClaSeq/results_updated/KaiB/run1/m_fold_sampling_voting_5jyt/01_m_fold_sampling/round_1/01_sampling/sampling_10/group_41_unrelaxed_rank_001_alphafold2_ptm_model_1_seed_042.pdb,82.41021978021978,0.76237,11,1
/fs/ess/PAA0203/xing244/AF_ClaSeq/results_updated/KaiB/run1/m_fold_sampling_voting_5jyt/01_m_fold_sampling/round_1/01_sampling/sampling_10/group_31_unrelaxed_rank_001_alphafold2_ptm_model_1_seed_042.pdb,81.77362637362639,0.76602,11,1
/fs/ess/PAA0203/xing244/AF_ClaSeq/results_updated/KaiB/run1/m_fold_sampling_voting_5jyt/01_m_fold_sampling/round_1/01_sampling/sampling_10/group_46_unrelaxed_rank_001_alphafold2_ptm_model_1_seed_042.pdb,87.15120879120879,0.80743,11,1
/fs/ess/PAA0203/xing244/AF_ClaSeq/results_updated/KaiB/run1/m_fold_sampling_voting_5jyt/01_m_fold_sampling/round_1/01_sampling/sampling_10/group_17_unrelaxed_rank_001_alphafold2_ptm_model_1_seed_042.pdb,78.71241758241759,0.77753,11,1
/fs/ess/PAA0203/xing244/AF_ClaSeq/results_updated/KaiB/run1/m_fold_sampling_voting_5jyt/01_m_fold_sampling/round_1/01_sampling/sampling_10/group_14_unrelaxed_rank_001_alphafold2_ptm_model_1_seed_042.pdb,83.64252747252746,0.7354,11,1
/fs/ess/PAA0203/xing244/AF_ClaSeq/results_updated/KaiB/run1/m_fold_sampling_voting_5jyt/01_m_fold_sampling/round_1/01_sampling/sampling_10/group_4_unrelaxed_rank_001_alphafold2_ptm_model_1_seed_042.pdb,80.12472527472528,0.77011,11,1
/fs/ess/PAA0203/xing244/AF_ClaSeq/results_updated/KaiB/run1/m_fold_sampling_voting_5jyt/01_m_fold_sampling/round_1/01_sampling/sampling_10/group_12_unrelaxed_rank_001_alphafold2_ptm_model_1_seed_042.pdb,76.22670329670329,0.76087,11,1
/fs/ess/PAA0203/xing244/AF_ClaSeq/results_updated/KaiB/run1/m_fold_sampling_voting_5jyt/01_m_fold_sampling/round_1/01_sampling/sampling_10/group_38_unrelaxed_rank_001_alphafold2_ptm_model_1_seed_042.pdb,85.9954945054945,0.78339,11,1
/fs/ess/PAA0203/xing244/AF_ClaSeq/results_updated/KaiB/run1/m_fold_sampling_voting_5jyt/01_m_fold_sampling/round_1/01_sampling/sampling_10/group_15_unrelaxed_rank_001_alphafold2_ptm_model_1_seed_042.pdb,88.51670329670328,0.80502,11,1
/fs/ess/PAA0203/xing244/AF_ClaSeq/results_updated/KaiB/run1/m_fold_sampling_voting_5jyt/01_m_fold_sampling/round_1/01_sampling/sampling_10/group_23_unrelaxed_rank_001_alphafold2_ptm_model_1_seed_042.pdb,86.23516483516485,0.76365,11,1
/fs/ess/PAA0203/xing244/AF_ClaSeq/results_updated/KaiB/run1/m_fold_sampling_voting_5jyt/01_m_fold_sampling/round_1/01_sampling/sampling_10/group_5_unrelaxed_rank_001_alphafold2_ptm_model_1_seed_042.pdb,85.97516483516483,0.78009,11,1
/fs/ess/PAA0203/xing244/AF_ClaSeq/results_updated/KaiB/run1/m_fold_sampling_voting_5jyt/01_m_fold_sampling/round_1/01_sampling/sampling_10/group_33_unrelaxed_rank_001_alphafold2_ptm_model_1_seed_042.pdb,88.57142857142858,0.80053,11,1
/fs/ess/PAA0203/xing244/AF_ClaSeq/results_updated/KaiB/run1/m_fold_sampling_voting_5jyt/01_m_fold_sampling/round_1/01_sampling/sampling_10/group_27_unrelaxed_rank_001_alphafold2_ptm_model_1_seed_042.pdb,87.66637362637363,0.80959,11,1
/fs/ess/PAA0203/xing244/AF_ClaSeq/results_updated/KaiB/run1/m_fold_sampling_voting_5jyt/01_m_fold_sampling/round_1/01_sampling/sampling_10/group_42_unrelaxed_rank_001_alphafold2_ptm_model_1_seed_042.pdb,84.96373626373627,0.77056,11,1
/fs/ess/PAA0203/xing244/AF_ClaSeq/results_updated/KaiB/run1/m_fold_sampling_voting_5jyt/01_m_fold_sampling/round_1/01_sampling/sampling_10/group_10_unrelaxed_rank_001_alphafold2_ptm_model_1_seed_042.pdb,86.4987912087912,0.79809,11,1
/fs/ess/PAA0203/xing244/AF_ClaSeq/results_updated/KaiB/run1/m_fold_sampling_voting_5jyt/01_m_fold_sampling/round_1/01_sampling/sampling_10/group_37_unrelaxed_rank_001_alphafold2_ptm_model_1_seed_042.pdb,87.00615384615385,0.80921,11,1
/fs/ess/PAA0203/xing244/AF_ClaSeq/results_updated/KaiB/run1/m_fold_sampling_voting_5jyt/01_m_fold_sampling/round_1/01_sampling/sampling_10/group_29_unrelaxed_rank_001_alphafold2_ptm_model_1_seed_042.pdb,88.17120879120878,0.80792,11,1
/fs/ess/PAA0203/xing244/AF_ClaSeq/results_updated/KaiB/run1/m_fold_sampling_voting_5jyt/01_m_fold_sampling/round_1/01_sampling/sampling_10/group_18_unrelaxed_rank_001_alphafold2_ptm_model_1_seed_042.pdb,80.48692307692309,0.77726,11,1
/fs/ess/PAA0203/xing244/AF_ClaSeq/results_updated/KaiB/run1/m_fold_sampling_voting_5jyt/01_m_fold_sampling/round_1/01_sampling/sampling_10/group_43_unrelaxed_rank_001_alphafold2_ptm_model_1_seed_042.pdb,82.06318681318682,0.76869,11,1
/fs/ess/PAA0203/xing244/AF_ClaSeq/results_updated/KaiB/run1/m_fold_sampling_voting_5jyt/01_m_fold_sampling/round_1/01_sampling/sampling_10/group_25_unrelaxed_rank_001_alphafold2_ptm_model_1_seed_042.pdb,84.01824175824177,0.76223,11,1
/fs/ess/PAA0203/xing244/AF_ClaSeq/results_updated/KaiB/run1/m_fold_sampling_voting_5jyt/01_m_fold_sampling/round_1/01_sampling/sampling_10/group_3_unrelaxed_rank_001_alphafold2_ptm_model_1_seed_042.pdb,84.17351648351648,0.78306,11,1
/fs/ess/PAA0203/xing244/AF_ClaSeq/results_updated/KaiB/run1/m_fold_sampling_voting_5jyt/01_m_fold_sampling/round_1/01_sampling/sampling_10/group_34_unrelaxed_rank_001_alphafold2_ptm_model_1_seed_042.pdb,57.44824175824176,0.55841,11,1
/fs/ess/PAA0203/xing244/AF_ClaSeq/results_updated/KaiB/run1/m_fold_sampling_voting_5jyt/01_m_fold_sampling/round_1/01_sampling/sampling_10/group_9_unrelaxed_rank_001_alphafold2_ptm_model_1_seed_042.pdb,86.33615384615386,0.79867,11,1
/fs/ess/PAA0203/xing244/AF_ClaSeq/results_updated/KaiB/run1/m_fold_sampling_voting_5jyt/01_m_fold_sampling/round_1/01_sampling/sampling_10/group_47_unrelaxed_rank_001_alphafold2_ptm_model_1_seed_042.pdb,85.42505494505494,0.78155,11,1
/fs/ess/PAA0203/xing244/AF_ClaSeq/results_updated/KaiB/run1/m_fold_sampling_voting_5jyt/01_m_fold_sampling/round_1/01_sampling/sampling_10/group_35_unrelaxed_rank_001_alphafold2_ptm_model_1_seed_042.pdb,87.39043956043956,0.81722,11,1
/fs/ess/PAA0203/xing244/AF_ClaSeq/results_updated/KaiB/run1/m_fold_sampling_voting_5jyt/01_m_fold_sampling/round_1/01_sampling/sampling_10/group_24_unrelaxed_rank_001_alphafold2_ptm_model_1_seed_042.pdb,88.9112087912088,0.80057,11,1
/fs/ess/PAA0203/xing244/AF_ClaSeq/results_updated/KaiB/run1/m_fold_sampling_voting_5jyt/01_m_fold_sampling/round_1/01_sampling/sampling_10/group_40_unrelaxed_rank_001_alphafold2_ptm_model_1_seed_042.pdb,86.44956043956044,0.80391,11,1
/fs/ess/PAA0203/xing244/AF_ClaSeq/results_updated/KaiB/run1/m_fold_sampling_voting_5jyt/01_m_fold_sampling/round_1/01_sampling/sampling_10/group_1_unrelaxed_rank_001_alphafold2_ptm_model_1_seed_042.pdb,89.18087912087913,0.80845,11,1
/fs/ess/PAA0203/xing244/AF_ClaSeq/results_updated/KaiB/run1/m_fold_sampling_voting_5jyt/01_m_fold_sampling/round_1/01_sampling/sampling_10/group_30_unrelaxed_rank_001_alphafold2_ptm_model_1_seed_042.pdb,79.0587912087912,0.84515,11,1
/fs/ess/PAA0203/xing244/AF_ClaSeq/results_updated/KaiB/run1/m_fold_sampling_voting_5jyt/01_m_fold_sampling/round_1/01_sampling/sampling_10/group_26_unrelaxed_rank_001_alphafold2_ptm_model_1_seed_042.pdb,72.27307692307693,0.75212,11,1
/fs/ess/PAA0203/xing244/AF_ClaSeq/results_updated/KaiB/run1/m_fold_sampling_voting_5jyt/01_m_fold_sampling/round_1/01_sampling/sampling_10/group_39_unrelaxed_rank_001_alphafold2_ptm_model_1_seed_042.pdb,79.45021978021977,0.76007,11,1
/fs/ess/PAA0203/xing244/AF_ClaSeq/results_updated/KaiB/run1/m_fold_sampling_voting_5jyt/01_m_fold_sampling/round_1/01_sampling/sampling_10/group_11_unrelaxed_rank_001_alphafold2_ptm_model_1_seed_042.pdb,83.590989010989,0.74787,11,1
/fs/ess/PAA0203/xing244/AF_ClaSeq/results_updated/KaiB/run1/m_fold_sampling_voting_5jyt/01_m_fold_sampling/round_1/01_sampling/sampling_10/group_49_unrelaxed_rank_001_alphafold2_ptm_model_1_seed_042.pdb,87.52197802197803,0.80517,12,1
/fs/ess/PAA0203/xing244/AF_ClaSeq/results_updated/KaiB/run1/m_fold_sampling_voting_5jyt/01_m_fold_sampling/round_1/01_sampling/sampling_10/group_45_unrelaxed_rank_001_alphafold2_ptm_model_1_seed_042.pdb,85.94714285714286,0.79254,11,1
/fs/ess/PAA0203/xing244/AF_ClaSeq/results_updated/KaiB/run1/m_fold_sampling_voting_5jyt/01_m_fold_sampling/round_1/01_sampling/sampling_10/group_2_unrelaxed_rank_001_alphafold2_ptm_model_1_seed_042.pdb,84.06703296703296,0.79571,11,1
/fs/ess/PAA0203/xing244/AF_ClaSeq/results_updated/KaiB/run1/m_fold_sampling_voting_5jyt/01_m_fold_sampling/round_1/01_sampling/sampling_10/group_36_unrelaxed_rank_001_alphafold2_ptm_model_1_seed_042.pdb,84.24241758241759,0.77673,11,1
/fs/ess/PAA0203/xing244/AF_ClaSeq/results_updated/KaiB/run1/m_fold_sampling_voting_5jyt/01_m_fold_sampling/round_1/01_sampling/sampling_25/group_20_unrelaxed_rank_001_alphafold2_ptm_model_1_seed_042.pdb,86.62373626373626,0.77795,11,1
/fs/ess/PAA0203/xing244/AF_ClaSeq/results_updated/KaiB/run1/m_fold_sampling_voting_5jyt/01_m_fold_sampling/round_1/01_sampling/sampling_25/group_44_unrelaxed_rank_001_alphafold2_ptm_model_1_seed_042.pdb,83.64637362637362,0.75916,11,1
/fs/ess/PAA0203/xing244/AF_ClaSeq/results_updated/KaiB/run1/m_fold_sampling_voting_5jyt/01_m_fold_sampling/round_1/01_sampling/sampling_25/group_16_unrelaxed_rank_001_alphafold2_ptm_model_1_seed_042.pdb,87.36043956043956,0.81548,11,1
/fs/ess/PAA0203/xing244/AF_ClaSeq/results_updated/KaiB/run1/m_fold_sampling_voting_5jyt/01_m_fold_sampling/round_1/01_sampling/sampling_25/group_8_unrelaxed_rank_001_alphafold2_ptm_model_1_seed_042.pdb,82.41186813186813,0.76891,11,1
/fs/ess/PAA0203/xing244/AF_ClaSeq/results_updated/KaiB/run1/m_fold_sampling_voting_5jyt/01_m_fold_sampling/round_1/01_sampling/sampling_25/group_48_unrelaxed_rank_001_alphafold2_ptm_model_1_seed_042.pdb,87.85142857142857,0.77741,11,1
/fs/ess/PAA0203/xing244/AF_ClaSeq/results_updated/KaiB/run1/m_fold_sampling_voting_5jyt/01_m_fold_sampling/round_1/01_sampling/sampling_25/group_6_unrelaxed_rank_001_alphafold2_ptm_model_1_seed_042.pdb,89.0768131868132,0.7826,11,1
/fs/ess/PAA0203/xing244/AF_ClaSeq/results_updated/KaiB/run1/m_fold_sampling_voting_5jyt/01_m_fold_sampling/round_1/01_sampling/sampling_25/group_19_unrelaxed_rank_001_alphafold2_ptm_model_1_seed_042.pdb,86.63373626373625,0.80809,11,1
/fs/ess/PAA0203/xing244/AF_ClaSeq/results_updated/KaiB/run1/m_fold_sampling_voting_5jyt/01_m_fold_sampling/round_1/01_sampling/sampling_25/group_13_unrelaxed_rank_001_alphafold2_ptm_model_1_seed_042.pdb,88.3012087912088,0.81806,11,1
/fs/ess/PAA0203/xing244/AF_ClaSeq/results_updated/KaiB/run1/m_fold_sampling_voting_5jyt/01_m_fold_sampling/round_1/01_sampling/sampling_25/group_28_unrelaxed_rank_001_alphafold2_ptm_model_1_seed_042.pdb,87.74670329670329,0.80569,11,1
/fs/ess/PAA0203/xing244/AF_ClaSeq/results_updated/KaiB/run1/m_fold_sampling_voting_5jyt/01_m_fold_sampling/round_1/01_sampling/sampling_25/group_32_unrelaxed_rank_001_alphafold2_ptm_model_1_seed_042.pdb,60.013846153846146,0.56401,11,1
/fs/ess/PAA0203/xing244/AF_ClaSeq/results_updated/KaiB/run1/m_fold_sampling_voting_5jyt/01_m_fold_sampling/round_1/01_sampling/sampling_25/group_22_unrelaxed_rank_001_alphafold2_ptm_model_1_seed_042.pdb,87.36472527472527,0.78756,11,1
/fs/ess/PAA0203/xing244/AF_ClaSeq/results_updated/KaiB/run1/m_fold_sampling_voting_5jyt/01_m_fold_sampling/round_1/01_sampling/sampling_25/group_7_unrelaxed_rank_001_alphafold2_ptm_model_1_seed_042.pdb,85.24868131868132,0.77554,11,1
/fs/ess/PAA0203/xing244/AF_ClaSeq/results_updated/KaiB/run1/m_fold_sampling_voting_5jyt/01_m_fold_sampling/round_1/01_sampling/sampling_25/group_21_unrelaxed_rank_001_alphafold2_ptm_model_1_seed_042.pdb,86.03054945054946,0.78961,11,1
/fs/ess/PAA0203/xing244/AF_ClaSeq/results_updated/KaiB/run1/m_fold_sampling_voting_5jyt/01_m_fold_sampling/round_1/01_sampling/sampling_25/group_41_unrelaxed_rank_001_alphafold2_ptm_model_1_seed_042.pdb,88.68142857142857,0.79122,11,1
/fs/ess/PAA0203/xing244/AF_ClaSeq/results_updated/KaiB/run1/m_fold_sampling_voting_5jyt/01_m_fold_sampling/round_1/01_sampling/sampling_25/group_31_unrelaxed_rank_001_alphafold2_ptm_model_1_seed_042.pdb,86.59692307692308,0.79011,11,1
/fs/ess/PAA0203/xing244/AF_ClaSeq/results_updated/KaiB/run1/m_fold_sampling_voting_5jyt/01_m_fold_sampling/round_1/01_sampling/sampling_25/group_46_unrelaxed_rank_001_alphafold2_ptm_model_1_seed_042.pdb,85.44637362637363,0.77978,11,1
/fs/ess/PAA0203/xing244/AF_ClaSeq/results_updated/KaiB/run1/m_fold_sampling_voting_5jyt/01_m_fold_sampling/round_1/01_sampling/sampling_25/group_17_unrelaxed_rank_001_alphafold2_ptm_model_1_seed_042.pdb,87.62285714285714,0.79896,11,1
/fs/ess/PAA0203/xing244/AF_ClaSeq/results_updated/KaiB/run1/m_fold_sampling_voting_5jyt/01_m_fold_sampling/round_1/01_sampling/sampling_25/group_14_unrelaxed_rank_001_alphafold2_ptm_model_1_seed_042.pdb,81.97054945054944,0.74605,11,1
/fs/ess/PAA0203/xing244/AF_ClaSeq/results_updated/KaiB/run1/m_fold_sampling_voting_5jyt/01_m_fold_sampling/round_1/01_sampling/sampling_25/group_4_unrelaxed_rank_001_alphafold2_ptm_model_1_seed_042.pdb,87.42736263736262,0.79847,11,1
/fs/ess/PAA0203/xing244/AF_ClaSeq/results_updated/KaiB/run1/m_fold_sampling_voting_5jyt/01_m_fold_sampling/round_1/01_sampling/sampling_25/group_12_unrelaxed_rank_001_alphafold2_ptm_model_1_seed_042.pdb,85.41736263736264,0.75915,11,1
/fs/ess/PAA0203/xing244/AF_ClaSeq/results_updated/KaiB/run1/m_fold_sampling_voting_5jyt/01_m_fold_sampling/round_1/01_sampling/sampling_25/group_38_unrelaxed_rank_001_alphafold2_ptm_model_1_seed_042.pdb,83.56681318681319,0.78778,11,1
/fs/ess/PAA0203/xing244/AF_ClaSeq/results_updated/KaiB/run1/m_fold_sampling_voting_5jyt/01_m_fold_sampling/round_1/01_sampling/sampling_25/group_15_unrelaxed_rank_001_alphafold2_ptm_model_1_seed_042.pdb,86.39593406593407,0.7978,11,1
/fs/ess/PAA0203/xing244/AF_ClaSeq/results_updated/KaiB/run1/m_fold_sampling_voting_5jyt/01_m_fold_sampling/round_1/01_sampling/sampling_25/group_23_unrelaxed_rank_001_alphafold2_ptm_model_1_seed_042.pdb,70.19109890109891,0.75814,11,1
/fs/ess/PAA0203/xing244/AF_ClaSeq/results_updated/KaiB/run1/m_fold_sampling_voting_5jyt/01_m_fold_sampling/round_1/01_sampling/sampling_25/group_5_unrelaxed_rank_001_alphafold2_ptm_model_1_seed_042.pdb,85.8565934065934,0.8127,11,1
/fs/ess/PAA0203/xing244/AF_ClaSeq/results_updated/KaiB/run1/m_fold_sampling_voting_5jyt/01_m_fold_sampling/round_1/01_sampling/sampling_25/group_33_unrelaxed_rank_001_alphafold2_ptm_model_1_seed_042.pdb,70.97703296703297,0.73036,11,1
/fs/ess/PAA0203/xing244/AF_ClaSeq/results_updated/KaiB/run1/m_fold_sampling_voting_5jyt/01_m_fold_sampling/round_1/01_sampling/sampling_25/group_27_unrelaxed_rank_001_alphafold2_ptm_model_1_seed_042.pdb,86.89428571428572,0.79859,11,1
/fs/ess/PAA0203/xing244/AF_ClaSeq/results_updated/KaiB/run1/m_fold_sampling_voting_5jyt/01_m_fold_sampling/round_1/01_sampling/sampling_25/group_42_unrelaxed_rank_001_alphafold2_ptm_model_1_seed_042.pdb,87.77054945054945,0.7923,11,1
/fs/ess/PAA0203/xing244/AF_ClaSeq/results_updated/KaiB/run1/m_fold_sampling_voting_5jyt/01_m_fold_sampling/round_1/01_sampling/sampling_25/group_10_unrelaxed_rank_001_alphafold2_ptm_model_1_seed_042.pdb,80.6267032967033,0.7608,11,1
/fs/ess/PAA0203/xing244/AF_ClaSeq/results_updated/KaiB/run1/m_fold_sampling_voting_5jyt/01_m_fold_sampling/round_1/01_sampling/sampling_25/group_37_unrelaxed_rank_001_alphafold2_ptm_model_1_seed_042.pdb,89.79714285714286,0.7825,11,1
/fs/ess/PAA0203/xing244/AF_ClaSeq/results_updated/KaiB/run1/m_fold_sampling_voting_5jyt/01_m_fold_sampling/round_1/01_sampling/sampling_25/group_29_unrelaxed_rank_001_alphafold2_ptm_model_1_seed_042.pdb,89.44230769230768,0.79224,11,1
/fs/ess/PAA0203/xing244/AF_ClaSeq/results_updated/KaiB/run1/m_fold_sampling_voting_5jyt/01_m_fold_sampling/round_1/01_sampling/sampling_25/group_18_unrelaxed_rank_001_alphafold2_ptm_model_1_seed_042.pdb,85.28483516483517,0.79003,11,1
/fs/ess/PAA0203/xing244/AF_ClaSeq/results_updated/KaiB/run1/m_fold_sampling_voting_5jyt/01_m_fold_sampling/round_1/01_sampling/sampling_25/group_43_unrelaxed_rank_001_alphafold2_ptm_model_1_seed_042.pdb,84.76186813186813,0.78941,11,1
/fs/ess/PAA0203/xing244/AF_ClaSeq/results_updated/KaiB/run1/m_fold_sampling_voting_5jyt/01_m_fold_sampling/round_1/01_sampling/sampling_25/group_25_unrelaxed_rank_001_alphafold2_ptm_model_1_seed_042.pdb,85.4389010989011,0.74646,11,1
/fs/ess/PAA0203/xing244/AF_ClaSeq/results_updated/KaiB/run1/m_fold_sampling_voting_5jyt/01_m_fold_sampling/round_1/01_sampling/sampling_25/group_3_unrelaxed_rank_001_alphafold2_ptm_model_1_seed_042.pdb,82.8157142857143,0.76741,11,1
/fs/ess/PAA0203/xing244/AF_ClaSeq/results_updated/KaiB/run1/m_fold_sampling_voting_5jyt/01_m_fold_sampling/round_1/01_sampling/sampling_25/group_34_unrelaxed_rank_001_alphafold2_ptm_model_1_seed_042.pdb,76.5365934065934,0.76528,11,1
/fs/ess/PAA0203/xing244/AF_ClaSeq/results_updated/KaiB/run1/m_fold_sampling_voting_5jyt/01_m_fold_sampling/round_1/01_sampling/sampling_25/group_9_unrelaxed_rank_001_alphafold2_ptm_model_1_seed_042.pdb,78.8310989010989,0.76707,11,1
/fs/ess/PAA0203/xing244/AF_ClaSeq/results_updated/KaiB/run1/m_fold_sampling_voting_5jyt/01_m_fold_sampling/round_1/01_sampling/sampling_25/group_47_unrelaxed_rank_001_alphafold2_ptm_model_1_seed_042.pdb,60.22065934065934,0.74491,11,1
/fs/ess/PAA0203/xing244/AF_ClaSeq/results_updated/KaiB/run1/m_fold_sampling_voting_5jyt/01_m_fold_sampling/round_1/01_sampling/sampling_25/group_35_unrelaxed_rank_001_alphafold2_ptm_model_1_seed_042.pdb,55.747032967032965,0.53996,11,1
/fs/ess/PAA0203/xing244/AF_ClaSeq/results_updated/KaiB/run1/m_fold_sampling_voting_5jyt/01_m_fold_sampling/round_1/01_sampling/sampling_25/group_24_unrelaxed_rank_001_alphafold2_ptm_model_1_seed_042.pdb,84.68890109890108,0.7978,11,1
/fs/ess/PAA0203/xing244/AF_ClaSeq/results_updated/KaiB/run1/m_fold_sampling_voting_5jyt/01_m_fold_sampling/round_1/01_sampling/sampling_25/group_40_unrelaxed_rank_001_alphafold2_ptm_model_1_seed_042.pdb,87.7654945054945,0.79497,11,1
/fs/ess/PAA0203/xing244/AF_ClaSeq/results_updated/KaiB/run1/m_fold_sampling_voting_5jyt/01_m_fold_sampling/round_1/01_sampling/sampling_25/group_1_unrelaxed_rank_001_alphafold2_ptm_model_1_seed_042.pdb,85.73494505494504,0.77289,11,1
/fs/ess/PAA0203/xing244/AF_ClaSeq/results_updated/KaiB/run1/m_fold_sampling_voting_5jyt/01_m_fold_sampling/round_1/01_sampling/sampling_25/group_30_unrelaxed_rank_001_alphafold2_ptm_model_1_seed_042.pdb,67.72681318681319,0.47866,11,1
/fs/ess/PAA0203/xing244/AF_ClaSeq/results_updated/KaiB/run1/m_fold_sampling_voting_5jyt/01_m_fold_sampling/round_1/01_sampling/sampling_25/group_26_unrelaxed_rank_001_alphafold2_ptm_model_1_seed_042.pdb,85.47285714285714,0.78573,11,1
/fs/ess/PAA0203/xing244/AF_ClaSeq/results_updated/KaiB/run1/m_fold_sampling_voting_5jyt/01_m_fold_sampling/round_1/01_sampling/sampling_25/group_39_unrelaxed_rank_001_alphafold2_ptm_model_1_seed_042.pdb,85.87175824175824,0.81171,11,1
/fs/ess/PAA0203/xing244/AF_ClaSeq/results_updated/KaiB/run1/m_fold_sampling_voting_5jyt/01_m_fold_sampling/round_1/01_sampling/sampling_25/group_11_unrelaxed_rank_001_alphafold2_ptm_model_1_seed_042.pdb,88.13197802197803,0.79964,11,1
/fs/ess/PAA0203/xing244/AF_ClaSeq/results_updated/KaiB/run1/m_fold_sampling_voting_5jyt/01_m_fold_sampling/round_1/01_sampling/sampling_25/group_49_unrelaxed_rank_001_alphafold2_ptm_model_1_seed_042.pdb,88.24527472527473,0.81142,12,1
/fs/ess/PAA0203/xing244/AF_ClaSeq/results_updated/KaiB/run1/m_fold_sampling_voting_5jyt/01_m_fold_sampling/round_1/01_sampling/sampling_25/group_45_unrelaxed_rank_001_alphafold2_ptm_model_1_seed_042.pdb,78.05395604395605,0.74699,11,1
/fs/ess/PAA0203/xing244/AF_ClaSeq/results_updated/KaiB/run1/m_fold_sampling_voting_5jyt/01_m_fold_sampling/round_1/01_sampling/sampling_25/group_2_unrelaxed_rank_001_alphafold2_ptm_model_1_seed_042.pdb,81.21824175824176,0.74754,11,1
/fs/ess/PAA0203/xing244/AF_ClaSeq/results_updated/KaiB/run1/m_fold_sampling_voting_5jyt/01_m_fold_sampling/round_1/01_sampling/sampling_25/group_36_unrelaxed_rank_001_alphafold2_ptm_model_1_seed_042.pdb,85.86527472527473,0.79358,11,1
/fs/ess/PAA0203/xing244/AF_ClaSeq/results_updated/KaiB/run1/m_fold_sampling_voting_5jyt/01_m_fold_sampling/round_1/01_sampling/sampling_30/group_20_unrelaxed_rank_001_alphafold2_ptm_model_1_seed_042.pdb,87.16483516483517,0.80322,11,1
/fs/ess/PAA0203/xing244/AF_ClaSeq/results_updated/KaiB/run1/m_fold_sampling_voting_5jyt/01_m_fold_sampling/round_1/01_sampling/sampling_30/group_44_unrelaxed_rank_001_alphafold2_ptm_model_1_seed_042.pdb,86.56692307692308,0.80664,11,1
/fs/ess/PAA0203/xing244/AF_ClaSeq/results_updated/KaiB/run1/m_fold_sampling_voting_5jyt/01_m_fold_sampling/round_1/01_sampling/sampling_30/group_16_unrelaxed_rank_001_alphafold2_ptm_model_1_seed_042.pdb,87.8278021978022,0.81889,11,1
/fs/ess/PAA0203/xing244/AF_ClaSeq/results_updated/KaiB/run1/m_fold_sampling_voting_5jyt/01_m_fold_sampling/round_1/01_sampling/sampling_30/group_8_unrelaxed_rank_001_alphafold2_ptm_model_1_seed_042.pdb,87.3379120879121,0.81807,11,1
/fs/ess/PAA0203/xing244/AF_ClaSeq/results_updated/KaiB/run1/m_fold_sampling_voting_5jyt/01_m_fold_sampling/round_1/01_sampling/sampling_30/group_48_unrelaxed_rank_001_alphafold2_ptm_model_1_seed_042.pdb,86.31065934065936,0.78443,11,1
/fs/ess/PAA0203/xing244/AF_ClaSeq/results_updated/KaiB/run1/m_fold_sampling_voting_5jyt/01_m_fold_sampling/round_1/01_sampling/sampling_30/group_6_unrelaxed_rank_001_alphafold2_ptm_model_1_seed_042.pdb,84.42747252747252,0.77455,11,1
/fs/ess/PAA0203/xing244/AF_ClaSeq/results_updated/KaiB/run1/m_fold_sampling_voting_5jyt/01_m_fold_sampling/round_1/01_sampling/sampling_30/group_19_unrelaxed_rank_001_alphafold2_ptm_model_1_seed_042.pdb,83.35252747252747,0.76943,11,1
/fs/ess/PAA0203/xing244/AF_ClaSeq/results_updated/KaiB/run1/m_fold_sampling_voting_5jyt/01_m_fold_sampling/round_1/01_sampling/sampling_30/group_13_unrelaxed_rank_001_alphafold2_ptm_model_1_seed_042.pdb,81.65142857142858,0.76138,11,1
/fs/ess/PAA0203/xing244/AF_ClaSeq/results_updated/KaiB/run1/m_fold_sampling_voting_5jyt/01_m_fold_sampling/round_1/01_sampling/sampling_30/group_28_unrelaxed_rank_001_alphafold2_ptm_model_1_seed_042.pdb,71.22527472527473,0.76071,11,1
/fs/ess/PAA0203/xing244/AF_ClaSeq/results_updated/KaiB/run1/m_fold_sampling_voting_5jyt/01_m_fold_sampling/round_1/01_sampling/sampling_30/group_32_unrelaxed_rank_001_alphafold2_ptm_model_1_seed_042.pdb,76.99802197802198,0.75997,11,1
/fs/ess/PAA0203/xing244/AF_ClaSeq/results_updated/KaiB/run1/m_fold_sampling_voting_5jyt/01_m_fold_sampling/round_1/01_sampling/sampling_30/group_22_unrelaxed_rank_001_alphafold2_ptm_model_1_seed_042.pdb,59.81417582417583,0.56927,11,1
/fs/ess/PAA0203/xing244/AF_ClaSeq/results_updated/KaiB/run1/m_fold_sampling_voting_5jyt/01_m_fold_sampling/round_1/01_sampling/sampling_30/group_7_unrelaxed_rank_001_alphafold2_ptm_model_1_seed_042.pdb,80.60010989010989,0.74539,11,1
/fs/ess/PAA0203/xing244/AF_ClaSeq/results_updated/KaiB/run1/m_fold_sampling_voting_5jyt/01_m_fold_sampling/round_1/01_sampling/sampling_30/group_21_unrelaxed_rank_001_alphafold2_ptm_model_1_seed_042.pdb,63.195384615384626,0.68515,11,1
/fs/ess/PAA0203/xing244/AF_ClaSeq/results_updated/KaiB/run1/m_fold_sampling_voting_5jyt/01_m_fold_sampling/round_1/01_sampling/sampling_30/group_41_unrelaxed_rank_001_alphafold2_ptm_model_1_seed_042.pdb,84.5254945054945,0.76912,11,1
/fs/ess/PAA0203/xing244/AF_ClaSeq/results_updated/KaiB/run1/m_fold_sampling_voting_5jyt/01_m_fold_sampling/round_1/01_sampling/sampling_30/group_31_unrelaxed_rank_001_alphafold2_ptm_model_1_seed_042.pdb,77.14054945054944,0.78011,11,1
/fs/ess/PAA0203/xing244/AF_ClaSeq/results_updated/KaiB/run1/m_fold_sampling_voting_5jyt/01_m_fold_sampling/round_1/01_sampling/sampling_30/group_46_unrelaxed_rank_001_alphafold2_ptm_model_1_seed_042.pdb,87.41505494505493,0.79,11,1
/fs/ess/PAA0203/xing244/AF_ClaSeq/results_updated/KaiB/run1/m_fold_sampling_voting_5jyt/01_m_fold_sampling/round_1/01_sampling/sampling_30/group_17_unrelaxed_rank_001_alphafold2_ptm_model_1_seed_042.pdb,80.82241758241757,0.79015,11,1
/fs/ess/PAA0203/xing244/AF_ClaSeq/results_updated/KaiB/run1/m_fold_sampling_voting_5jyt/01_m_fold_sampling/round_1/01_sampling/sampling_30/group_14_unrelaxed_rank_001_alphafold2_ptm_model_1_seed_042.pdb,85.7765934065934,0.80341,11,1
/fs/ess/PAA0203/xing244/AF_ClaSeq/results_updated/KaiB/run1/m_fold_sampling_voting_5jyt/01_m_fold_sampling/round_1/01_sampling/sampling_30/group_4_unrelaxed_rank_001_alphafold2_ptm_model_1_seed_042.pdb,85.82252747252748,0.79666,11,1
/fs/ess/PAA0203/xing244/AF_ClaSeq/results_updated/KaiB/run1/m_fold_sampling_voting_5jyt/01_m_fold_sampling/round_1/01_sampling/sampling_30/group_12_unrelaxed_rank_001_alphafold2_ptm_model_1_seed_042.pdb,87.22593406593406,0.78701,11,1
/fs/ess/PAA0203/xing244/AF_ClaSeq/results_updated/KaiB/run1/m_fold_sampling_voting_5jyt/01_m_fold_sampling/round_1/01_sampling/sampling_30/group_38_unrelaxed_rank_001_alphafold2_ptm_model_1_seed_042.pdb,85.27846153846153,0.79146,11,1
/fs/ess/PAA0203/xing244/AF_ClaSeq/results_updated/KaiB/run1/m_fold_sampling_voting_5jyt/01_m_fold_sampling/round_1/01_sampling/sampling_30/group_15_unrelaxed_rank_001_alphafold2_ptm_model_1_seed_042.pdb,76.66494505494506,0.75772,11,1
/fs/ess/PAA0203/xing244/AF_ClaSeq/results_updated/KaiB/run1/m_fold_sampling_voting_5jyt/01_m_fold_sampling/round_1/01_sampling/sampling_30/group_23_unrelaxed_rank_001_alphafold2_ptm_model_1_seed_042.pdb,54.29956043956043,0.62679,11,1
/fs/ess/PAA0203/xing244/AF_ClaSeq/results_updated/KaiB/run1/m_fold_sampling_voting_5jyt/01_m_fold_sampling/round_1/01_sampling/sampling_30/group_5_unrelaxed_rank_001_alphafold2_ptm_model_1_seed_042.pdb,84.34296703296704,0.7753,11,1
/fs/ess/PAA0203/xing244/AF_ClaSeq/results_updated/KaiB/run1/m_fold_sampling_voting_5jyt/01_m_fold_sampling/round_1/01_sampling/sampling_30/group_33_unrelaxed_rank_001_alphafold2_ptm_model_1_seed_042.pdb,78.61945054945055,0.77984,11,1
/fs/ess/PAA0203/xing244/AF_ClaSeq/results_updated/KaiB/run1/m_fold_sampling_voting_5jyt/01_m_fold_sampling/round_1/01_sampling/sampling_30/group_27_unrelaxed_rank_001_alphafold2_ptm_model_1_seed_042.pdb,87.64692307692307,0.8097,11,1
/fs/ess/PAA0203/xing244/AF_ClaSeq/results_updated/KaiB/run1/m_fold_sampling_voting_5jyt/01_m_fold_sampling/round_1/01_sampling/sampling_30/group_42_unrelaxed_rank_001_alphafold2_ptm_model_1_seed_042.pdb,86.14956043956043,0.80969,11,1
/fs/ess/PAA0203/xing244/AF_ClaSeq/results_updated/KaiB/run1/m_fold_sampling_voting_5jyt/01_m_fold_sampling/round_1/01_sampling/sampling_30/group_10_unrelaxed_rank_001_alphafold2_ptm_model_1_seed_042.pdb,71.9076923076923,0.81001,11,1
/fs/ess/PAA0203/xing244/AF_ClaSeq/results_updated/KaiB/run1/m_fold_sampling_voting_5jyt/01_m_fold_sampling/round_1/01_sampling/sampling_30/group_37_unrelaxed_rank_001_alphafold2_ptm_model_1_seed_042.pdb,85.69087912087912,0.80276,11,1
/fs/ess/PAA0203/xing244/AF_ClaSeq/results_updated/KaiB/run1/m_fold_sampling_voting_5jyt/01_m_fold_sampling/round_1/01_sampling/sampling_30/group_29_unrelaxed_rank_001_alphafold2_ptm_model_1_seed_042.pdb,89.29747252747252,0.7789,11,1
/fs/ess/PAA0203/xing244/AF_ClaSeq/results_updated/KaiB/run1/m_fold_sampling_voting_5jyt/01_m_fold_sampling/round_1/01_sampling/sampling_30/group_18_unrelaxed_rank_001_alphafold2_ptm_model_1_seed_042.pdb,85.42472527472526,0.79932,11,1
/fs/ess/PAA0203/xing244/AF_ClaSeq/results_updated/KaiB/run1/m_fold_sampling_voting_5jyt/01_m_fold_sampling/round_1/01_sampling/sampling_30/group_43_unrelaxed_rank_001_alphafold2_ptm_model_1_seed_042.pdb,79.03758241758241,0.77153,11,1
/fs/ess/PAA0203/xing244/AF_ClaSeq/results_updated/KaiB/run1/m_fold_sampling_voting_5jyt/01_m_fold_sampling/round_1/01_sampling/sampling_30/group_25_unrelaxed_rank_001_alphafold2_ptm_model_1_seed_042.pdb,81.38791208791208,0.76756,11,1
/fs/ess/PAA0203/xing244/AF_ClaSeq/results_updated/KaiB/run1/m_fold_sampling_voting_5jyt/01_m_fold_sampling/round_1/01_sampling/sampling_30/group_3_unrelaxed_rank_001_alphafold2_ptm_model_1_seed_042.pdb,84.40604395604396,0.78966,11,1
/fs/ess/PAA0203/xing244/AF_ClaSeq/results_updated/KaiB/run1/m_fold_sampling_voting_5jyt/01_m_fold_sampling/round_1/01_sampling/sampling_30/group_34_unrelaxed_rank_001_alphafold2_ptm_model_1_seed_042.pdb,80.11252747252747,0.76891,11,1
/fs/ess/PAA0203/xing244/AF_ClaSeq/results_updated/KaiB/run1/m_fold_sampling_voting_5jyt/01_m_fold_sampling/round_1/01_sampling/sampling_30/group_9_unrelaxed_rank_001_alphafold2_ptm_model_1_seed_042.pdb,85.55593406593407,0.77026,11,1
/fs/ess/PAA0203/xing244/AF_ClaSeq/results_updated/KaiB/run1/m_fold_sampling_voting_5jyt/01_m_fold_sampling/round_1/01_sampling/sampling_30/group_47_unrelaxed_rank_001_alphafold2_ptm_model_1_seed_042.pdb,87.4745054945055,0.80468,11,1
/fs/ess/PAA0203/xing244/AF_ClaSeq/results_updated/KaiB/run1/m_fold_sampling_voting_5jyt/01_m_fold_sampling/round_1/01_sampling/sampling_30/group_35_unrelaxed_rank_001_alphafold2_ptm_model_1_seed_042.pdb,86.90461538461538,0.8015,11,1
/fs/ess/PAA0203/xing244/AF_ClaSeq/results_updated/KaiB/run1/m_fold_sampling_voting_5jyt/01_m_fold_sampling/round_1/01_sampling/sampling_30/group_24_unrelaxed_rank_001_alphafold2_ptm_model_1_seed_042.pdb,79.05802197802197,0.75635,11,1
/fs/ess/PAA0203/xing244/AF_ClaSeq/results_updated/KaiB/run1/m_fold_sampling_voting_5jyt/01_m_fold_sampling/round_1/01_sampling/sampling_30/group_40_unrelaxed_rank_001_alphafold2_ptm_model_1_seed_042.pdb,88.27340659340659,0.80263,11,1
/fs/ess/PAA0203/xing244/AF_ClaSeq/results_updated/KaiB/run1/m_fold_sampling_voting_5jyt/01_m_fold_sampling/round_1/01_sampling/sampling_30/group_1_unrelaxed_rank_001_alphafold2_ptm_model_1_seed_042.pdb,79.04945054945055,0.75977,11,1
/fs/ess/PAA0203/xing244/AF_ClaSeq/results_updated/KaiB/run1/m_fold_sampling_voting_5jyt/01_m_fold_sampling/round_1/01_sampling/sampling_30/group_30_unrelaxed_rank_001_alphafold2_ptm_model_1_seed_042.pdb,81.690989010989,0.78079,11,1
/fs/ess/PAA0203/xing244/AF_ClaSeq/results_updated/KaiB/run1/m_fold_sampling_voting_5jyt/01_m_fold_sampling/round_1/01_sampling/sampling_30/group_26_unrelaxed_rank_001_alphafold2_ptm_model_1_seed_042.pdb,85.41043956043957,0.76795,11,1
/fs/ess/PAA0203/xing244/AF_ClaSeq/results_updated/KaiB/run1/m_fold_sampling_voting_5jyt/01_m_fold_sampling/round_1/01_sampling/sampling_30/group_39_unrelaxed_rank_001_alphafold2_ptm_model_1_seed_042.pdb,88.62263736263735,0.81395,11,1
/fs/ess/PAA0203/xing244/AF_ClaSeq/results_updated/KaiB/run1/m_fold_sampling_voting_5jyt/01_m_fold_sampling/round_1/01_sampling/sampling_30/group_11_unrelaxed_rank_001_alphafold2_ptm_model_1_seed_042.pdb,84.63923076923078,0.74803,11,1
/fs/ess/PAA0203/xing244/AF_ClaSeq/results_updated/KaiB/run1/m_fold_sampling_voting_5jyt/01_m_fold_sampling/round_1/01_sampling/sampling_30/group_49_unrelaxed_rank_001_alphafold2_ptm_model_1_seed_042.pdb,87.47527472527473,0.77008,12,1
/fs/ess/PAA0203/xing244/AF_ClaSeq/results_updated/KaiB/run1/m_fold_sampling_voting_5jyt/01_m_fold_sampling/round_1/01_sampling/sampling_30/group_45_unrelaxed_rank_001_alphafold2_ptm_model_1_seed_042.pdb,85.3287912087912,0.77466,11,1
/fs/ess/PAA0203/xing244/AF_ClaSeq/results_updated/KaiB/run1/m_fold_sampling_voting_5jyt/01_m_fold_sampling/round_1/01_sampling/sampling_30/group_2_unrelaxed_rank_001_alphafold2_ptm_model_1_seed_042.pdb,82.61604395604394,0.79119,11,1
/fs/ess/PAA0203/xing244/AF_ClaSeq/results_updated/KaiB/run1/m_fold_sampling_voting_5jyt/01_m_fold_sampling/round_1/01_sampling/sampling_30/group_36_unrelaxed_rank_001_alphafold2_ptm_model_1_seed_042.pdb,86.34230769230768,0.78917,11,1
/fs/ess/PAA0203/xing244/AF_ClaSeq/results_updated/KaiB/run1/m_fold_sampling_voting_5jyt/01_m_fold_sampling/round_1/01_sampling/sampling_9/group_20_unrelaxed_rank_001_alphafold2_ptm_model_1_seed_042.pdb,83.85395604395605,0.7778,11,1
/fs/ess/PAA0203/xing244/AF_ClaSeq/results_updated/KaiB/run1/m_fold_sampling_voting_5jyt/01_m_fold_sampling/round_1/01_sampling/sampling_9/group_44_unrelaxed_rank_001_alphafold2_ptm_model_1_seed_042.pdb,82.84967032967032,0.78836,11,1
/fs/ess/PAA0203/xing244/AF_ClaSeq/results_updated/KaiB/run1/m_fold_sampling_voting_5jyt/01_m_fold_sampling/round_1/01_sampling/sampling_9/group_16_unrelaxed_rank_001_alphafold2_ptm_model_1_seed_042.pdb,82.59351648351648,0.76419,11,1
/fs/ess/PAA0203/xing244/AF_ClaSeq/results_updated/KaiB/run1/m_fold_sampling_voting_5jyt/01_m_fold_sampling/round_1/01_sampling/sampling_9/group_8_unrelaxed_rank_001_alphafold2_ptm_model_1_seed_042.pdb,82.21956043956044,0.75531,11,1
/fs/ess/PAA0203/xing244/AF_ClaSeq/results_updated/KaiB/run1/m_fold_sampling_voting_5jyt/01_m_fold_sampling/round_1/01_sampling/sampling_9/group_48_unrelaxed_rank_001_alphafold2_ptm_model_1_seed_042.pdb,84.17186813186812,0.79597,11,1
/fs/ess/PAA0203/xing244/AF_ClaSeq/results_updated/KaiB/run1/m_fold_sampling_voting_5jyt/01_m_fold_sampling/round_1/01_sampling/sampling_9/group_6_unrelaxed_rank_001_alphafold2_ptm_model_1_seed_042.pdb,79.74835164835164,0.76083,11,1
/fs/ess/PAA0203/xing244/AF_ClaSeq/results_updated/KaiB/run1/m_fold_sampling_voting_5jyt/01_m_fold_sampling/round_1/01_sampling/sampling_9/group_19_unrelaxed_rank_001_alphafold2_ptm_model_1_seed_042.pdb,85.13076923076923,0.79497,11,1
/fs/ess/PAA0203/xing244/AF_ClaSeq/results_updated/KaiB/run1/m_fold_sampling_voting_5jyt/01_m_fold_sampling/round_1/01_sampling/sampling_9/group_13_unrelaxed_rank_001_alphafold2_ptm_model_1_seed_042.pdb,83.57945054945054,0.79113,11,1
/fs/ess/PAA0203/xing244/AF_ClaSeq/results_updated/KaiB/run1/m_fold_sampling_voting_5jyt/01_m_fold_sampling/round_1/01_sampling/sampling_9/group_28_unrelaxed_rank_001_alphafold2_ptm_model_1_seed_042.pdb,81.25241758241758,0.77057,11,1
/fs/ess/PAA0203/xing244/AF_ClaSeq/results_updated/KaiB/run1/m_fold_sampling_voting_5jyt/01_m_fold_sampling/round_1/01_sampling/sampling_9/group_32_unrelaxed_rank_001_alphafold2_ptm_model_1_seed_042.pdb,82.26615384615386,0.7851,11,1
/fs/ess/PAA0203/xing244/AF_ClaSeq/results_updated/KaiB/run1/m_fold_sampling_voting_5jyt/01_m_fold_sampling/round_1/01_sampling/sampling_9/group_22_unrelaxed_rank_001_alphafold2_ptm_model_1_seed_042.pdb,85.66153846153844,0.78745,11,1
/fs/ess/PAA0203/xing244/AF_ClaSeq/results_updated/KaiB/run1/m_fold_sampling_voting_5jyt/01_m_fold_sampling/round_1/01_sampling/sampling_9/group_7_unrelaxed_rank_001_alphafold2_ptm_model_1_seed_042.pdb,85.75307692307692,0.81951,11,1
/fs/ess/PAA0203/xing244/AF_ClaSeq/results_updated/KaiB/run1/m_fold_sampling_voting_5jyt/01_m_fold_sampling/round_1/01_sampling/sampling_9/group_21_unrelaxed_rank_001_alphafold2_ptm_model_1_seed_042.pdb,85.57692307692307,0.81021,11,1
/fs/ess/PAA0203/xing244/AF_ClaSeq/results_updated/KaiB/run1/m_fold_sampling_voting_5jyt/01_m_fold_sampling/round_1/01_sampling/sampling_9/group_41_unrelaxed_rank_001_alphafold2_ptm_model_1_seed_042.pdb,64.46692307692308,0.68564,11,1
/fs/ess/PAA0203/xing244/AF_ClaSeq/results_updated/KaiB/run1/m_fold_sampling_voting_5jyt/01_m_fold_sampling/round_1/01_sampling/sampling_9/group_31_unrelaxed_rank_001_alphafold2_ptm_model_1_seed_042.pdb,82.34934065934067,0.75231,11,1
/fs/ess/PAA0203/xing244/AF_ClaSeq/results_updated/KaiB/run1/m_fold_sampling_voting_5jyt/01_m_fold_sampling/round_1/01_sampling/sampling_9/group_46_unrelaxed_rank_001_alphafold2_ptm_model_1_seed_042.pdb,86.51868131868132,0.81342,11,1
/fs/ess/PAA0203/xing244/AF_ClaSeq/results_updated/KaiB/run1/m_fold_sampling_voting_5jyt/01_m_fold_sampling/round_1/01_sampling/sampling_9/group_17_unrelaxed_rank_001_alphafold2_ptm_model_1_seed_042.pdb,84.1413186813187,0.80909,11,1
/fs/ess/PAA0203/xing244/AF_ClaSeq/results_updated/KaiB/run1/m_fold_sampling_voting_5jyt/01_m_fold_sampling/round_1/01_sampling/sampling_9/group_14_unrelaxed_rank_001_alphafold2_ptm_model_1_seed_042.pdb,85.58307692307692,0.76177,11,1
/fs/ess/PAA0203/xing244/AF_ClaSeq/results_updated/KaiB/run1/m_fold_sampling_voting_5jyt/01_m_fold_sampling/round_1/01_sampling/sampling_9/group_4_unrelaxed_rank_001_alphafold2_ptm_model_1_seed_042.pdb,87.63384615384615,0.79402,11,1
/fs/ess/PAA0203/xing244/AF_ClaSeq/results_updated/KaiB/run1/m_fold_sampling_voting_5jyt/01_m_fold_sampling/round_1/01_sampling/sampling_9/group_12_unrelaxed_rank_001_alphafold2_ptm_model_1_seed_042.pdb,65.11263736263736,0.63304,11,1
/fs/ess/PAA0203/xing244/AF_ClaSeq/results_updated/KaiB/run1/m_fold_sampling_voting_5jyt/01_m_fold_sampling/round_1/01_sampling/sampling_9/group_38_unrelaxed_rank_001_alphafold2_ptm_model_1_seed_042.pdb,88.24725274725274,0.81537,11,1
/fs/ess/PAA0203/xing244/AF_ClaSeq/results_updated/KaiB/run1/m_fold_sampling_voting_5jyt/01_m_fold_sampling/round_1/01_sampling/sampling_9/group_15_unrelaxed_rank_001_alphafold2_ptm_model_1_seed_042.pdb,85.59593406593406,0.79455,11,1
/fs/ess/PAA0203/xing244/AF_ClaSeq/results_updated/KaiB/run1/m_fold_sampling_voting_5jyt/01_m_fold_sampling/round_1/01_sampling/sampling_9/group_23_unrelaxed_rank_001_alphafold2_ptm_model_1_seed_042.pdb,80.51505494505496,0.74005,11,1
/fs/ess/PAA0203/xing244/AF_ClaSeq/results_updated/KaiB/run1/m_fold_sampling_voting_5jyt/01_m_fold_sampling/round_1/01_sampling/sampling_9/group_5_unrelaxed_rank_001_alphafold2_ptm_model_1_seed_042.pdb,81.01373626373626,0.75775,11,1
/fs/ess/PAA0203/xing244/AF_ClaSeq/results_updated/KaiB/run1/m_fold_sampling_voting_5jyt/01_m_fold_sampling/round_1/01_sampling/sampling_9/group_33_unrelaxed_rank_001_alphafold2_ptm_model_1_seed_042.pdb,83.32263736263737,0.75926,11,1
/fs/ess/PAA0203/xing244/AF_ClaSeq/results_updated/KaiB/run1/m_fold_sampling_voting_5jyt/01_m_fold_sampling/round_1/01_sampling/sampling_9/group_27_unrelaxed_rank_001_alphafold2_ptm_model_1_seed_042.pdb,80.21296703296704,0.74235,11,1
/fs/ess/PAA0203/xing244/AF_ClaSeq/results_updated/KaiB/run1/m_fold_sampling_voting_5jyt/01_m_fold_sampling/round_1/01_sampling/sampling_9/group_42_unrelaxed_rank_001_alphafold2_ptm_model_1_seed_042.pdb,87.68131868131869,0.8085,11,1
/fs/ess/PAA0203/xing244/AF_ClaSeq/results_updated/KaiB/run1/m_fold_sampling_voting_5jyt/01_m_fold_sampling/round_1/01_sampling/sampling_9/group_10_unrelaxed_rank_001_alphafold2_ptm_model_1_seed_042.pdb,87.89120879120878,0.79912,11,1
/fs/ess/PAA0203/xing244/AF_ClaSeq/results_updated/KaiB/run1/m_fold_sampling_voting_5jyt/01_m_fold_sampling/round_1/01_sampling/sampling_9/group_37_unrelaxed_rank_001_alphafold2_ptm_model_1_seed_042.pdb,87.15626373626374,0.79843,11,1
/fs/ess/PAA0203/xing244/AF_ClaSeq/results_updated/KaiB/run1/m_fold_sampling_voting_5jyt/01_m_fold_sampling/round_1/01_sampling/sampling_9/group_29_unrelaxed_rank_001_alphafold2_ptm_model_1_seed_042.pdb,74.9801098901099,0.73459,11,1
/fs/ess/PAA0203/xing244/AF_ClaSeq/results_updated/KaiB/run1/m_fold_sampling_voting_5jyt/01_m_fold_sampling/round_1/01_sampling/sampling_9/group_18_unrelaxed_rank_001_alphafold2_ptm_model_1_seed_042.pdb,87.8789010989011,0.81098,11,1
/fs/ess/PAA0203/xing244/AF_ClaSeq/results_updated/KaiB/run1/m_fold_sampling_voting_5jyt/01_m_fold_sampling/round_1/01_sampling/sampling_9/group_43_unrelaxed_rank_001_alphafold2_ptm_model_1_seed_042.pdb,83.8613186813187,0.77284,11,1
/fs/ess/PAA0203/xing244/AF_ClaSeq/results_updated/KaiB/run1/m_fold_sampling_voting_5jyt/01_m_fold_sampling/round_1/01_sampling/sampling_9/group_25_unrelaxed_rank_001_alphafold2_ptm_model_1_seed_042.pdb,84.1112087912088,0.79069,11,1
/fs/ess/PAA0203/xing244/AF_ClaSeq/results_updated/KaiB/run1/m_fold_sampling_voting_5jyt/01_m_fold_sampling/round_1/01_sampling/sampling_9/group_3_unrelaxed_rank_001_alphafold2_ptm_model_1_seed_042.pdb,87.83857142857143,0.80946,11,1
/fs/ess/PAA0203/xing244/AF_ClaSeq/results_updated/KaiB/run1/m_fold_sampling_voting_5jyt/01_m_fold_sampling/round_1/01_sampling/sampling_9/group_34_unrelaxed_rank_001_alphafold2_ptm_model_1_seed_042.pdb,86.42032967032966,0.77865,11,1
/fs/ess/PAA0203/xing244/AF_ClaSeq/results_updated/KaiB/run1/m_fold_sampling_voting_5jyt/01_m_fold_sampling/round_1/01_sampling/sampling_9/group_9_unrelaxed_rank_001_alphafold2_ptm_model_1_seed_042.pdb,86.7020879120879,0.76631,11,1
/fs/ess/PAA0203/xing244/AF_ClaSeq/results_updated/KaiB/run1/m_fold_sampling_voting_5jyt/01_m_fold_sampling/round_1/01_sampling/sampling_9/group_47_unrelaxed_rank_001_alphafold2_ptm_model_1_seed_042.pdb,85.61285714285715,0.78899,11,1
/fs/ess/PAA0203/xing244/AF_ClaSeq/results_updated/KaiB/run1/m_fold_sampling_voting_5jyt/01_m_fold_sampling/round_1/01_sampling/sampling_9/group_35_unrelaxed_rank_001_alphafold2_ptm_model_1_seed_042.pdb,67.91571428571429,0.75967,11,1
/fs/ess/PAA0203/xing244/AF_ClaSeq/results_updated/KaiB/run1/m_fold_sampling_voting_5jyt/01_m_fold_sampling/round_1/01_sampling/sampling_9/group_24_unrelaxed_rank_001_alphafold2_ptm_model_1_seed_042.pdb,88.98802197802198,0.78496,11,1
/fs/ess/PAA0203/xing244/AF_ClaSeq/results_updated/KaiB/run1/m_fold_sampling_voting_5jyt/01_m_fold_sampling/round_1/01_sampling/sampling_9/group_40_unrelaxed_rank_001_alphafold2_ptm_model_1_seed_042.pdb,82.99703296703298,0.78951,11,1
/fs/ess/PAA0203/xing244/AF_ClaSeq/results_updated/KaiB/run1/m_fold_sampling_voting_5jyt/01_m_fold_sampling/round_1/01_sampling/sampling_9/group_1_unrelaxed_rank_001_alphafold2_ptm_model_1_seed_042.pdb,73.34252747252748,0.748,11,1
/fs/ess/PAA0203/xing244/AF_ClaSeq/results_updated/KaiB/run1/m_fold_sampling_voting_5jyt/01_m_fold_sampling/round_1/01_sampling/sampling_9/group_30_unrelaxed_rank_001_alphafold2_ptm_model_1_seed_042.pdb,80.60714285714286,0.7944,11,1
/fs/ess/PAA0203/xing244/AF_ClaSeq/results_updated/KaiB/run1/m_fold_sampling_voting_5jyt/01_m_fold_sampling/round_1/01_sampling/sampling_9/group_26_unrelaxed_rank_001_alphafold2_ptm_model_1_seed_042.pdb,85.33901098901099,0.79362,11,1
/fs/ess/PAA0203/xing244/AF_ClaSeq/results_updated/KaiB/run1/m_fold_sampling_voting_5jyt/01_m_fold_sampling/round_1/01_sampling/sampling_9/group_39_unrelaxed_rank_001_alphafold2_ptm_model_1_seed_042.pdb,85.54340659340659,0.79453,11,1
/fs/ess/PAA0203/xing244/AF_ClaSeq/results_updated/KaiB/run1/m_fold_sampling_voting_5jyt/01_m_fold_sampling/round_1/01_sampling/sampling_9/group_11_unrelaxed_rank_001_alphafold2_ptm_model_1_seed_042.pdb,83.70296703296701,0.78718,11,1
/fs/ess/PAA0203/xing244/AF_ClaSeq/results_updated/KaiB/run1/m_fold_sampling_voting_5jyt/01_m_fold_sampling/round_1/01_sampling/sampling_9/group_49_unrelaxed_rank_001_alphafold2_ptm_model_1_seed_042.pdb,81.05296703296703,0.76005,12,1
/fs/ess/PAA0203/xing244/AF_ClaSeq/results_updated/KaiB/run1/m_fold_sampling_voting_5jyt/01_m_fold_sampling/round_1/01_sampling/sampling_9/group_45_unrelaxed_rank_001_alphafold2_ptm_model_1_seed_042.pdb,86.24604395604393,0.78473,11,1
/fs/ess/PAA0203/xing244/AF_ClaSeq/results_updated/KaiB/run1/m_fold_sampling_voting_5jyt/01_m_fold_sampling/round_1/01_sampling/sampling_9/group_2_unrelaxed_rank_001_alphafold2_ptm_model_1_seed_042.pdb,84.39615384615387,0.79682,11,1
/fs/ess/PAA0203/xing244/AF_ClaSeq/results_updated/KaiB/run1/m_fold_sampling_voting_5jyt/01_m_fold_sampling/round_1/01_sampling/sampling_9/group_36_unrelaxed_rank_001_alphafold2_ptm_model_1_seed_042.pdb,85.33615384615385,0.79582,11,1
/fs/ess/PAA0203/xing244/AF_ClaSeq/results_updated/KaiB/run1/m_fold_sampling_voting_5jyt/01_m_fold_sampling/round_1/01_sampling/sampling_32/group_20_unrelaxed_rank_001_alphafold2_ptm_model_1_seed_042.pdb,89.93912087912089,0.80387,11,1
/fs/ess/PAA0203/xing244/AF_ClaSeq/results_updated/KaiB/run1/m_fold_sampling_voting_5jyt/01_m_fold_sampling/round_1/01_sampling/sampling_32/group_44_unrelaxed_rank_001_alphafold2_ptm_model_1_seed_042.pdb,89.78681318681318,0.80984,11,1
/fs/ess/PAA0203/xing244/AF_ClaSeq/results_updated/KaiB/run1/m_fold_sampling_voting_5jyt/01_m_fold_sampling/round_1/01_sampling/sampling_32/group_16_unrelaxed_rank_001_alphafold2_ptm_model_1_seed_042.pdb,82.32670329670331,0.81337,11,1
/fs/ess/PAA0203/xing244/AF_ClaSeq/results_updated/KaiB/run1/m_fold_sampling_voting_5jyt/01_m_fold_sampling/round_1/01_sampling/sampling_32/group_8_unrelaxed_rank_001_alphafold2_ptm_model_1_seed_042.pdb,82.65538461538462,0.76934,11,1
/fs/ess/PAA0203/xing244/AF_ClaSeq/results_updated/KaiB/run1/m_fold_sampling_voting_5jyt/01_m_fold_sampling/round_1/01_sampling/sampling_32/group_48_unrelaxed_rank_001_alphafold2_ptm_model_1_seed_042.pdb,83.87956043956044,0.75163,11,1
/fs/ess/PAA0203/xing244/AF_ClaSeq/results_updated/KaiB/run1/m_fold_sampling_voting_5jyt/01_m_fold_sampling/round_1/01_sampling/sampling_32/group_6_unrelaxed_rank_001_alphafold2_ptm_model_1_seed_042.pdb,84.79769230769232,0.78668,11,1
/fs/ess/PAA0203/xing244/AF_ClaSeq/results_updated/KaiB/run1/m_fold_sampling_voting_5jyt/01_m_fold_sampling/round_1/01_sampling/sampling_32/group_19_unrelaxed_rank_001_alphafold2_ptm_model_1_seed_042.pdb,89.08296703296702,0.81921,11,1
/fs/ess/PAA0203/xing244/AF_ClaSeq/results_updated/KaiB/run1/m_fold_sampling_voting_5jyt/01_m_fold_sampling/round_1/01_sampling/sampling_32/group_13_unrelaxed_rank_001_alphafold2_ptm_model_1_seed_042.pdb,78.69824175824176,0.76811,11,1
/fs/ess/PAA0203/xing244/AF_ClaSeq/results_updated/KaiB/run1/m_fold_sampling_voting_5jyt/01_m_fold_sampling/round_1/01_sampling/sampling_32/group_28_unrelaxed_rank_001_alphafold2_ptm_model_1_seed_042.pdb,83.45494505494506,0.79997,11,1
/fs/ess/PAA0203/xing244/AF_ClaSeq/results_updated/KaiB/run1/m_fold_sampling_voting_5jyt/01_m_fold_sampling/round_1/01_sampling/sampling_32/group_32_unrelaxed_rank_001_alphafold2_ptm_model_1_seed_042.pdb,83.39406593406594,0.79986,11,1
/fs/ess/PAA0203/xing244/AF_ClaSeq/results_updated/KaiB/run1/m_fold_sampling_voting_5jyt/01_m_fold_sampling/round_1/01_sampling/sampling_32/group_22_unrelaxed_rank_001_alphafold2_ptm_model_1_seed_042.pdb,83.31384615384617,0.75296,11,1
/fs/ess/PAA0203/xing244/AF_ClaSeq/results_updated/KaiB/run1/m_fold_sampling_voting_5jyt/01_m_fold_sampling/round_1/01_sampling/sampling_32/group_7_unrelaxed_rank_001_alphafold2_ptm_model_1_seed_042.pdb,63.875164835164846,0.74746,11,1
/fs/ess/PAA0203/xing244/AF_ClaSeq/results_updated/KaiB/run1/m_fold_sampling_voting_5jyt/01_m_fold_sampling/round_1/01_sampling/sampling_32/group_21_unrelaxed_rank_001_alphafold2_ptm_model_1_seed_042.pdb,86.69153846153847,0.78081,11,1
/fs/ess/PAA0203/xing244/AF_ClaSeq/results_updated/KaiB/run1/m_fold_sampling_voting_5jyt/01_m_fold_sampling/round_1/01_sampling/sampling_32/group_41_unrelaxed_rank_001_alphafold2_ptm_model_1_seed_042.pdb,77.01043956043956,0.73259,11,1
/fs/ess/PAA0203/xing244/AF_ClaSeq/results_updated/KaiB/run1/m_fold_sampling_voting_5jyt/01_m_fold_sampling/round_1/01_sampling/sampling_32/group_31_unrelaxed_rank_001_alphafold2_ptm_model_1_seed_042.pdb,85.0953846153846,0.79834,11,1
/fs/ess/PAA0203/xing244/AF_ClaSeq/results_updated/KaiB/run1/m_fold_sampling_voting_5jyt/01_m_fold_sampling/round_1/01_sampling/sampling_32/group_46_unrelaxed_rank_001_alphafold2_ptm_model_1_seed_042.pdb,88.6086813186813,0.80783,11,1
/fs/ess/PAA0203/xing244/AF_ClaSeq/results_updated/KaiB/run1/m_fold_sampling_voting_5jyt/01_m_fold_sampling/round_1/01_sampling/sampling_32/group_17_unrelaxed_rank_001_alphafold2_ptm_model_1_seed_042.pdb,86.43362637362638,0.79259,11,1
/fs/ess/PAA0203/xing244/AF_ClaSeq/results_updated/KaiB/run1/m_fold_sampling_voting_5jyt/01_m_fold_sampling/round_1/01_sampling/sampling_32/group_14_unrelaxed_rank_001_alphafold2_ptm_model_1_seed_042.pdb,81.53098901098902,0.72911,11,1
/fs/ess/PAA0203/xing244/AF_ClaSeq/results_updated/KaiB/run1/m_fold_sampling_voting_5jyt/01_m_fold_sampling/round_1/01_sampling/sampling_32/group_4_unrelaxed_rank_001_alphafold2_ptm_model_1_seed_042.pdb,74.7513186813187,0.76471,11,1
/fs/ess/PAA0203/xing244/AF_ClaSeq/results_updated/KaiB/run1/m_fold_sampling_voting_5jyt/01_m_fold_sampling/round_1/01_sampling/sampling_32/group_12_unrelaxed_rank_001_alphafold2_ptm_model_1_seed_042.pdb,83.69868131868132,0.78188,11,1
/fs/ess/PAA0203/xing244/AF_ClaSeq/results_updated/KaiB/run1/m_fold_sampling_voting_5jyt/01_m_fold_sampling/round_1/01_sampling/sampling_32/group_38_unrelaxed_rank_001_alphafold2_ptm_model_1_seed_042.pdb,85.63351648351647,0.80947,11,1
/fs/ess/PAA0203/xing244/AF_ClaSeq/results_updated/KaiB/run1/m_fold_sampling_voting_5jyt/01_m_fold_sampling/round_1/01_sampling/sampling_32/group_15_unrelaxed_rank_001_alphafold2_ptm_model_1_seed_042.pdb,87.71813186813188,0.80558,11,1
/fs/ess/PAA0203/xing244/AF_ClaSeq/results_updated/KaiB/run1/m_fold_sampling_voting_5jyt/01_m_fold_sampling/round_1/01_sampling/sampling_32/group_23_unrelaxed_rank_001_alphafold2_ptm_model_1_seed_042.pdb,87.78802197802197,0.79066,11,1
/fs/ess/PAA0203/xing244/AF_ClaSeq/results_updated/KaiB/run1/m_fold_sampling_voting_5jyt/01_m_fold_sampling/round_1/01_sampling/sampling_32/group_5_unrelaxed_rank_001_alphafold2_ptm_model_1_seed_042.pdb,64.53582417582417,0.68167,11,1
/fs/ess/PAA0203/xing244/AF_ClaSeq/results_updated/KaiB/run1/m_fold_sampling_voting_5jyt/01_m_fold_sampling/round_1/01_sampling/sampling_32/group_33_unrelaxed_rank_001_alphafold2_ptm_model_1_seed_042.pdb,81.82307692307693,0.77733,11,1
/fs/ess/PAA0203/xing244/AF_ClaSeq/results_updated/KaiB/run1/m_fold_sampling_voting_5jyt/01_m_fold_sampling/round_1/01_sampling/sampling_32/group_27_unrelaxed_rank_001_alphafold2_ptm_model_1_seed_042.pdb,88.81472527472526,0.8132,11,1
/fs/ess/PAA0203/xing244/AF_ClaSeq/results_updated/KaiB/run1/m_fold_sampling_voting_5jyt/01_m_fold_sampling/round_1/01_sampling/sampling_32/group_42_unrelaxed_rank_001_alphafold2_ptm_model_1_seed_042.pdb,88.33945054945055,0.80467,11,1
/fs/ess/PAA0203/xing244/AF_ClaSeq/results_updated/KaiB/run1/m_fold_sampling_voting_5jyt/01_m_fold_sampling/round_1/01_sampling/sampling_32/group_10_unrelaxed_rank_001_alphafold2_ptm_model_1_seed_042.pdb,85.71219780219779,0.79486,11,1
/fs/ess/PAA0203/xing244/AF_ClaSeq/results_updated/KaiB/run1/m_fold_sampling_voting_5jyt/01_m_fold_sampling/round_1/01_sampling/sampling_32/group_37_unrelaxed_rank_001_alphafold2_ptm_model_1_seed_042.pdb,87.3945054945055,0.80859,11,1
/fs/ess/PAA0203/xing244/AF_ClaSeq/results_updated/KaiB/run1/m_fold_sampling_voting_5jyt/01_m_fold_sampling/round_1/01_sampling/sampling_32/group_29_unrelaxed_rank_001_alphafold2_ptm_model_1_seed_042.pdb,84.21956043956044,0.78716,11,1
/fs/ess/PAA0203/xing244/AF_ClaSeq/results_updated/KaiB/run1/m_fold_sampling_voting_5jyt/01_m_fold_sampling/round_1/01_sampling/sampling_32/group_18_unrelaxed_rank_001_alphafold2_ptm_model_1_seed_042.pdb,85.8745054945055,0.77523,11,1
/fs/ess/PAA0203/xing244/AF_ClaSeq/results_updated/KaiB/run1/m_fold_sampling_voting_5jyt/01_m_fold_sampling/round_1/01_sampling/sampling_32/group_43_unrelaxed_rank_001_alphafold2_ptm_model_1_seed_042.pdb,86.57406593406593,0.78712,11,1
/fs/ess/PAA0203/xing244/AF_ClaSeq/results_updated/KaiB/run1/m_fold_sampling_voting_5jyt/01_m_fold_sampling/round_1/01_sampling/sampling_32/group_25_unrelaxed_rank_001_alphafold2_ptm_model_1_seed_042.pdb,62.63461538461539,0.6215,11,1
/fs/ess/PAA0203/xing244/AF_ClaSeq/results_updated/KaiB/run1/m_fold_sampling_voting_5jyt/01_m_fold_sampling/round_1/01_sampling/sampling_32/group_3_unrelaxed_rank_001_alphafold2_ptm_model_1_seed_042.pdb,84.52417582417581,0.76976,11,1
/fs/ess/PAA0203/xing244/AF_ClaSeq/results_updated/KaiB/run1/m_fold_sampling_voting_5jyt/01_m_fold_sampling/round_1/01_sampling/sampling_32/group_34_unrelaxed_rank_001_alphafold2_ptm_model_1_seed_042.pdb,82.58923076923075,0.80203,11,1
/fs/ess/PAA0203/xing244/AF_ClaSeq/results_updated/KaiB/run1/m_fold_sampling_voting_5jyt/01_m_fold_sampling/round_1/01_sampling/sampling_32/group_9_unrelaxed_rank_001_alphafold2_ptm_model_1_seed_042.pdb,85.87868131868132,0.80428,11,1
/fs/ess/PAA0203/xing244/AF_ClaSeq/results_updated/KaiB/run1/m_fold_sampling_voting_5jyt/01_m_fold_sampling/round_1/01_sampling/sampling_32/group_47_unrelaxed_rank_001_alphafold2_ptm_model_1_seed_042.pdb,84.87681318681318,0.79259,11,1
/fs/ess/PAA0203/xing244/AF_ClaSeq/results_updated/KaiB/run1/m_fold_sampling_voting_5jyt/01_m_fold_sampling/round_1/01_sampling/sampling_32/group_35_unrelaxed_rank_001_alphafold2_ptm_model_1_seed_042.pdb,88.13747252747253,0.80019,11,1
/fs/ess/PAA0203/xing244/AF_ClaSeq/results_updated/KaiB/run1/m_fold_sampling_voting_5jyt/01_m_fold_sampling/round_1/01_sampling/sampling_32/group_24_unrelaxed_rank_001_alphafold2_ptm_model_1_seed_042.pdb,85.35934065934065,0.78186,11,1
/fs/ess/PAA0203/xing244/AF_ClaSeq/results_updated/KaiB/run1/m_fold_sampling_voting_5jyt/01_m_fold_sampling/round_1/01_sampling/sampling_32/group_40_unrelaxed_rank_001_alphafold2_ptm_model_1_seed_042.pdb,86.90505494505494,0.76119,11,1
/fs/ess/PAA0203/xing244/AF_ClaSeq/results_updated/KaiB/run1/m_fold_sampling_voting_5jyt/01_m_fold_sampling/round_1/01_sampling/sampling_32/group_1_unrelaxed_rank_001_alphafold2_ptm_model_1_seed_042.pdb,83.7264835164835,0.7715,11,1
/fs/ess/PAA0203/xing244/AF_ClaSeq/results_updated/KaiB/run1/m_fold_sampling_voting_5jyt/01_m_fold_sampling/round_1/01_sampling/sampling_32/group_30_unrelaxed_rank_001_alphafold2_ptm_model_1_seed_042.pdb,87.05000000000001,0.80964,11,1
/fs/ess/PAA0203/xing244/AF_ClaSeq/results_updated/KaiB/run1/m_fold_sampling_voting_5jyt/01_m_fold_sampling/round_1/01_sampling/sampling_32/group_26_unrelaxed_rank_001_alphafold2_ptm_model_1_seed_042.pdb,87.19263736263736,0.79494,11,1
/fs/ess/PAA0203/xing244/AF_ClaSeq/results_updated/KaiB/run1/m_fold_sampling_voting_5jyt/01_m_fold_sampling/round_1/01_sampling/sampling_32/group_39_unrelaxed_rank_001_alphafold2_ptm_model_1_seed_042.pdb,86.6801098901099,0.7856,11,1
/fs/ess/PAA0203/xing244/AF_ClaSeq/results_updated/KaiB/run1/m_fold_sampling_voting_5jyt/01_m_fold_sampling/round_1/01_sampling/sampling_32/group_11_unrelaxed_rank_001_alphafold2_ptm_model_1_seed_042.pdb,85.40230769230767,0.78966,11,1
/fs/ess/PAA0203/xing244/AF_ClaSeq/results_updated/KaiB/run1/m_fold_sampling_voting_5jyt/01_m_fold_sampling/round_1/01_sampling/sampling_32/group_49_unrelaxed_rank_001_alphafold2_ptm_model_1_seed_042.pdb,86.37802197802199,0.78945,12,1
/fs/ess/PAA0203/xing244/AF_ClaSeq/results_updated/KaiB/run1/m_fold_sampling_voting_5jyt/01_m_fold_sampling/round_1/01_sampling/sampling_32/group_45_unrelaxed_rank_001_alphafold2_ptm_model_1_seed_042.pdb,83.29736263736264,0.79888,11,1
/fs/ess/PAA0203/xing244/AF_ClaSeq/results_updated/KaiB/run1/m_fold_sampling_voting_5jyt/01_m_fold_sampling/round_1/01_sampling/sampling_32/group_2_unrelaxed_rank_001_alphafold2_ptm_model_1_seed_042.pdb,65.30703296703297,0.74386,11,1
/fs/ess/PAA0203/xing244/AF_ClaSeq/results_updated/KaiB/run1/m_fold_sampling_voting_5jyt/01_m_fold_sampling/round_1/01_sampling/sampling_32/group_36_unrelaxed_rank_001_alphafold2_ptm_model_1_seed_042.pdb,89.4289010989011,0.77214,11,1
/fs/ess/PAA0203/xing244/AF_ClaSeq/results_updated/KaiB/run1/m_fold_sampling_voting_5jyt/01_m_fold_sampling/round_1/01_sampling/sampling_22/group_20_unrelaxed_rank_001_alphafold2_ptm_model_1_seed_042.pdb,86.16494505494505,0.78556,11,1
/fs/ess/PAA0203/xing244/AF_ClaSeq/results_updated/KaiB/run1/m_fold_sampling_voting_5jyt/01_m_fold_sampling/round_1/01_sampling/sampling_22/group_44_unrelaxed_rank_001_alphafold2_ptm_model_1_seed_042.pdb,64.38065934065934,0.77172,11,1
/fs/ess/PAA0203/xing244/AF_ClaSeq/results_updated/KaiB/run1/m_fold_sampling_voting_5jyt/01_m_fold_sampling/round_1/01_sampling/sampling_22/group_16_unrelaxed_rank_001_alphafold2_ptm_model_1_seed_042.pdb,83.37604395604396,0.78127,11,1
/fs/ess/PAA0203/xing244/AF_ClaSeq/results_updated/KaiB/run1/m_fold_sampling_voting_5jyt/01_m_fold_sampling/round_1/01_sampling/sampling_22/group_8_unrelaxed_rank_001_alphafold2_ptm_model_1_seed_042.pdb,82.08538461538463,0.77398,11,1
/fs/ess/PAA0203/xing244/AF_ClaSeq/results_updated/KaiB/run1/m_fold_sampling_voting_5jyt/01_m_fold_sampling/round_1/01_sampling/sampling_22/group_48_unrelaxed_rank_001_alphafold2_ptm_model_1_seed_042.pdb,81.29835164835164,0.76927,11,1
/fs/ess/PAA0203/xing244/AF_ClaSeq/results_updated/KaiB/run1/m_fold_sampling_voting_5jyt/01_m_fold_sampling/round_1/01_sampling/sampling_22/group_6_unrelaxed_rank_001_alphafold2_ptm_model_1_seed_042.pdb,70.64098901098902,0.5052,11,1
/fs/ess/PAA0203/xing244/AF_ClaSeq/results_updated/KaiB/run1/m_fold_sampling_voting_5jyt/01_m_fold_sampling/round_1/01_sampling/sampling_22/group_19_unrelaxed_rank_001_alphafold2_ptm_model_1_seed_042.pdb,87.01582417582418,0.79952,11,1
/fs/ess/PAA0203/xing244/AF_ClaSeq/results_updated/KaiB/run1/m_fold_sampling_voting_5jyt/01_m_fold_sampling/round_1/01_sampling/sampling_22/group_13_unrelaxed_rank_001_alphafold2_ptm_model_1_seed_042.pdb,91.0743956043956,0.77001,11,1
/fs/ess/PAA0203/xing244/AF_ClaSeq/results_updated/KaiB/run1/m_fold_sampling_voting_5jyt/01_m_fold_sampling/round_1/01_sampling/sampling_22/group_28_unrelaxed_rank_001_alphafold2_ptm_model_1_seed_042.pdb,88.44087912087912,0.80308,11,1
/fs/ess/PAA0203/xing244/AF_ClaSeq/results_updated/KaiB/run1/m_fold_sampling_voting_5jyt/01_m_fold_sampling/round_1/01_sampling/sampling_22/group_32_unrelaxed_rank_001_alphafold2_ptm_model_1_seed_042.pdb,84.8786813186813,0.79599,11,1
/fs/ess/PAA0203/xing244/AF_ClaSeq/results_updated/KaiB/run1/m_fold_sampling_voting_5jyt/01_m_fold_sampling/round_1/01_sampling/sampling_22/group_22_unrelaxed_rank_001_alphafold2_ptm_model_1_seed_042.pdb,81.40582417582418,0.75824,11,1
/fs/ess/PAA0203/xing244/AF_ClaSeq/results_updated/KaiB/run1/m_fold_sampling_voting_5jyt/01_m_fold_sampling/round_1/01_sampling/sampling_22/group_7_unrelaxed_rank_001_alphafold2_ptm_model_1_seed_042.pdb,84.49274725274725,0.75785,11,1
/fs/ess/PAA0203/xing244/AF_ClaSeq/results_updated/KaiB/run1/m_fold_sampling_voting_5jyt/01_m_fold_sampling/round_1/01_sampling/sampling_22/group_21_unrelaxed_rank_001_alphafold2_ptm_model_1_seed_042.pdb,84.37395604395606,0.74464,11,1
/fs/ess/PAA0203/xing244/AF_ClaSeq/results_updated/KaiB/run1/m_fold_sampling_voting_5jyt/01_m_fold_sampling/round_1/01_sampling/sampling_22/group_41_unrelaxed_rank_001_alphafold2_ptm_model_1_seed_042.pdb,87.89274725274726,0.80411,11,1
/fs/ess/PAA0203/xing244/AF_ClaSeq/results_updated/KaiB/run1/m_fold_sampling_voting_5jyt/01_m_fold_sampling/round_1/01_sampling/sampling_22/group_31_unrelaxed_rank_001_alphafold2_ptm_model_1_seed_042.pdb,78.56769230769231,0.76686,11,1
/fs/ess/PAA0203/xing244/AF_ClaSeq/results_updated/KaiB/run1/m_fold_sampling_voting_5jyt/01_m_fold_sampling/round_1/01_sampling/sampling_22/group_46_unrelaxed_rank_001_alphafold2_ptm_model_1_seed_042.pdb,85.63230769230768,0.78314,11,1
/fs/ess/PAA0203/xing244/AF_ClaSeq/results_updated/KaiB/run1/m_fold_sampling_voting_5jyt/01_m_fold_sampling/round_1/01_sampling/sampling_22/group_17_unrelaxed_rank_001_alphafold2_ptm_model_1_seed_042.pdb,85.26186813186813,0.79369,11,1
/fs/ess/PAA0203/xing244/AF_ClaSeq/results_updated/KaiB/run1/m_fold_sampling_voting_5jyt/01_m_fold_sampling/round_1/01_sampling/sampling_22/group_14_unrelaxed_rank_001_alphafold2_ptm_model_1_seed_042.pdb,85.4332967032967,0.76308,11,1
/fs/ess/PAA0203/xing244/AF_ClaSeq/results_updated/KaiB/run1/m_fold_sampling_voting_5jyt/01_m_fold_sampling/round_1/01_sampling/sampling_22/group_4_unrelaxed_rank_001_alphafold2_ptm_model_1_seed_042.pdb,86.62197802197804,0.78628,11,1
/fs/ess/PAA0203/xing244/AF_ClaSeq/results_updated/KaiB/run1/m_fold_sampling_voting_5jyt/01_m_fold_sampling/round_1/01_sampling/sampling_22/group_12_unrelaxed_rank_001_alphafold2_ptm_model_1_seed_042.pdb,82.89813186813187,0.7734,11,1
/fs/ess/PAA0203/xing244/AF_ClaSeq/results_updated/KaiB/run1/m_fold_sampling_voting_5jyt/01_m_fold_sampling/round_1/01_sampling/sampling_22/group_38_unrelaxed_rank_001_alphafold2_ptm_model_1_seed_042.pdb,85.72615384615385,0.78056,11,1
/fs/ess/PAA0203/xing244/AF_ClaSeq/results_updated/KaiB/run1/m_fold_sampling_voting_5jyt/01_m_fold_sampling/round_1/01_sampling/sampling_22/group_15_unrelaxed_rank_001_alphafold2_ptm_model_1_seed_042.pdb,73.81868131868131,0.78497,11,1
/fs/ess/PAA0203/xing244/AF_ClaSeq/results_updated/KaiB/run1/m_fold_sampling_voting_5jyt/01_m_fold_sampling/round_1/01_sampling/sampling_22/group_23_unrelaxed_rank_001_alphafold2_ptm_model_1_seed_042.pdb,86.24186813186813,0.78847,11,1
/fs/ess/PAA0203/xing244/AF_ClaSeq/results_updated/KaiB/run1/m_fold_sampling_voting_5jyt/01_m_fold_sampling/round_1/01_sampling/sampling_22/group_5_unrelaxed_rank_001_alphafold2_ptm_model_1_seed_042.pdb,85.9557142857143,0.79446,11,1
/fs/ess/PAA0203/xing244/AF_ClaSeq/results_updated/KaiB/run1/m_fold_sampling_voting_5jyt/01_m_fold_sampling/round_1/01_sampling/sampling_22/group_33_unrelaxed_rank_001_alphafold2_ptm_model_1_seed_042.pdb,70.16483516483515,0.73156,11,1
/fs/ess/PAA0203/xing244/AF_ClaSeq/results_updated/KaiB/run1/m_fold_sampling_voting_5jyt/01_m_fold_sampling/round_1/01_sampling/sampling_22/group_27_unrelaxed_rank_001_alphafold2_ptm_model_1_seed_042.pdb,78.16681318681319,0.76999,11,1
/fs/ess/PAA0203/xing244/AF_ClaSeq/results_updated/KaiB/run1/m_fold_sampling_voting_5jyt/01_m_fold_sampling/round_1/01_sampling/sampling_22/group_42_unrelaxed_rank_001_alphafold2_ptm_model_1_seed_042.pdb,88.940989010989,0.81503,11,1
/fs/ess/PAA0203/xing244/AF_ClaSeq/results_updated/KaiB/run1/m_fold_sampling_voting_5jyt/01_m_fold_sampling/round_1/01_sampling/sampling_22/group_10_unrelaxed_rank_001_alphafold2_ptm_model_1_seed_042.pdb,85.51582417582416,0.76383,11,1
/fs/ess/PAA0203/xing244/AF_ClaSeq/results_updated/KaiB/run1/m_fold_sampling_voting_5jyt/01_m_fold_sampling/round_1/01_sampling/sampling_22/group_37_unrelaxed_rank_001_alphafold2_ptm_model_1_seed_042.pdb,87.79010989010989,0.81452,11,1
/fs/ess/PAA0203/xing244/AF_ClaSeq/results_updated/KaiB/run1/m_fold_sampling_voting_5jyt/01_m_fold_sampling/round_1/01_sampling/sampling_22/group_29_unrelaxed_rank_001_alphafold2_ptm_model_1_seed_042.pdb,90.5667032967033,0.8048,11,1
/fs/ess/PAA0203/xing244/AF_ClaSeq/results_updated/KaiB/run1/m_fold_sampling_voting_5jyt/01_m_fold_sampling/round_1/01_sampling/sampling_22/group_18_unrelaxed_rank_001_alphafold2_ptm_model_1_seed_042.pdb,87.89362637362638,0.82263,11,1
/fs/ess/PAA0203/xing244/AF_ClaSeq/results_updated/KaiB/run1/m_fold_sampling_voting_5jyt/01_m_fold_sampling/round_1/01_sampling/sampling_22/group_43_unrelaxed_rank_001_alphafold2_ptm_model_1_seed_042.pdb,86.06153846153846,0.8014,11,1
/fs/ess/PAA0203/xing244/AF_ClaSeq/results_updated/KaiB/run1/m_fold_sampling_voting_5jyt/01_m_fold_sampling/round_1/01_sampling/sampling_22/group_25_unrelaxed_rank_001_alphafold2_ptm_model_1_seed_042.pdb,84.81857142857143,0.77058,11,1
/fs/ess/PAA0203/xing244/AF_ClaSeq/results_updated/KaiB/run1/m_fold_sampling_voting_5jyt/01_m_fold_sampling/round_1/01_sampling/sampling_22/group_3_unrelaxed_rank_001_alphafold2_ptm_model_1_seed_042.pdb,83.10967032967032,0.77874,11,1
/fs/ess/PAA0203/xing244/AF_ClaSeq/results_updated/KaiB/run1/m_fold_sampling_voting_5jyt/01_m_fold_sampling/round_1/01_sampling/sampling_22/group_34_unrelaxed_rank_001_alphafold2_ptm_model_1_seed_042.pdb,86.72769230769232,0.80702,11,1
/fs/ess/PAA0203/xing244/AF_ClaSeq/results_updated/KaiB/run1/m_fold_sampling_voting_5jyt/01_m_fold_sampling/round_1/01_sampling/sampling_22/group_9_unrelaxed_rank_001_alphafold2_ptm_model_1_seed_042.pdb,81.16824175824175,0.78347,11,1
/fs/ess/PAA0203/xing244/AF_ClaSeq/results_updated/KaiB/run1/m_fold_sampling_voting_5jyt/01_m_fold_sampling/round_1/01_sampling/sampling_22/group_47_unrelaxed_rank_001_alphafold2_ptm_model_1_seed_042.pdb,80.05032967032967,0.76798,11,1
/fs/ess/PAA0203/xing244/AF_ClaSeq/results_updated/KaiB/run1/m_fold_sampling_voting_5jyt/01_m_fold_sampling/round_1/01_sampling/sampling_22/group_35_unrelaxed_rank_001_alphafold2_ptm_model_1_seed_042.pdb,77.74659340659342,0.78293,11,1
/fs/ess/PAA0203/xing244/AF_ClaSeq/results_updated/KaiB/run1/m_fold_sampling_voting_5jyt/01_m_fold_sampling/round_1/01_sampling/sampling_22/group_24_unrelaxed_rank_001_alphafold2_ptm_model_1_seed_042.pdb,84.7778021978022,0.78671,11,1
/fs/ess/PAA0203/xing244/AF_ClaSeq/results_updated/KaiB/run1/m_fold_sampling_voting_5jyt/01_m_fold_sampling/round_1/01_sampling/sampling_22/group_40_unrelaxed_rank_001_alphafold2_ptm_model_1_seed_042.pdb,85.4534065934066,0.77522,11,1
/fs/ess/PAA0203/xing244/AF_ClaSeq/results_updated/KaiB/run1/m_fold_sampling_voting_5jyt/01_m_fold_sampling/round_1/01_sampling/sampling_22/group_1_unrelaxed_rank_001_alphafold2_ptm_model_1_seed_042.pdb,86.74197802197803,0.82178,11,1
/fs/ess/PAA0203/xing244/AF_ClaSeq/results_updated/KaiB/run1/m_fold_sampling_voting_5jyt/01_m_fold_sampling/round_1/01_sampling/sampling_22/group_30_unrelaxed_rank_001_alphafold2_ptm_model_1_seed_042.pdb,69.11593406593406,0.74524,11,1
/fs/ess/PAA0203/xing244/AF_ClaSeq/results_updated/KaiB/run1/m_fold_sampling_voting_5jyt/01_m_fold_sampling/round_1/01_sampling/sampling_22/group_26_unrelaxed_rank_001_alphafold2_ptm_model_1_seed_042.pdb,80.83714285714287,0.76275,11,1
/fs/ess/PAA0203/xing244/AF_ClaSeq/results_updated/KaiB/run1/m_fold_sampling_voting_5jyt/01_m_fold_sampling/round_1/01_sampling/sampling_22/group_39_unrelaxed_rank_001_alphafold2_ptm_model_1_seed_042.pdb,83.90175824175824,0.78755,11,1
/fs/ess/PAA0203/xing244/AF_ClaSeq/results_updated/KaiB/run1/m_fold_sampling_voting_5jyt/01_m_fold_sampling/round_1/01_sampling/sampling_22/group_11_unrelaxed_rank_001_alphafold2_ptm_model_1_seed_042.pdb,89.3465934065934,0.79592,11,1
/fs/ess/PAA0203/xing244/AF_ClaSeq/results_updated/KaiB/run1/m_fold_sampling_voting_5jyt/01_m_fold_sampling/round_1/01_sampling/sampling_22/group_49_unrelaxed_rank_001_alphafold2_ptm_model_1_seed_042.pdb,84.20604395604396,0.79514,12,1
/fs/ess/PAA0203/xing244/AF_ClaSeq/results_updated/KaiB/run1/m_fold_sampling_voting_5jyt/01_m_fold_sampling/round_1/01_sampling/sampling_22/group_45_unrelaxed_rank_001_alphafold2_ptm_model_1_seed_042.pdb,76.79813186813188,0.77909,11,1
/fs/ess/PAA0203/xing244/AF_ClaSeq/results_updated/KaiB/run1/m_fold_sampling_voting_5jyt/01_m_fold_sampling/round_1/01_sampling/sampling_22/group_2_unrelaxed_rank_001_alphafold2_ptm_model_1_seed_042.pdb,88.94164835164837,0.78245,11,1
/fs/ess/PAA0203/xing244/AF_ClaSeq/results_updated/KaiB/run1/m_fold_sampling_voting_5jyt/01_m_fold_sampling/round_1/01_sampling/sampling_22/group_36_unrelaxed_rank_001_alphafold2_ptm_model_1_seed_042.pdb,87.64241758241758,0.77843,11,1
/fs/ess/PAA0203/xing244/AF_ClaSeq/results_updated/KaiB/run1/m_fold_sampling_voting_5jyt/01_m_fold_sampling/round_1/01_sampling/sampling_31/group_20_unrelaxed_rank_001_alphafold2_ptm_model_1_seed_042.pdb,86.6842857142857,0.77663,11,1
/fs/ess/PAA0203/xing244/AF_ClaSeq/results_updated/KaiB/run1/m_fold_sampling_voting_5jyt/01_m_fold_sampling/round_1/01_sampling/sampling_31/group_44_unrelaxed_rank_001_alphafold2_ptm_model_1_seed_042.pdb,87.031978021978,0.81215,11,1
/fs/ess/PAA0203/xing244/AF_ClaSeq/results_updated/KaiB/run1/m_fold_sampling_voting_5jyt/01_m_fold_sampling/round_1/01_sampling/sampling_31/group_16_unrelaxed_rank_001_alphafold2_ptm_model_1_seed_042.pdb,88.14780219780219,0.79925,11,1
/fs/ess/PAA0203/xing244/AF_ClaSeq/results_updated/KaiB/run1/m_fold_sampling_voting_5jyt/01_m_fold_sampling/round_1/01_sampling/sampling_31/group_8_unrelaxed_rank_001_alphafold2_ptm_model_1_seed_042.pdb,83.82208791208791,0.79259,11,1
/fs/ess/PAA0203/xing244/AF_ClaSeq/results_updated/KaiB/run1/m_fold_sampling_voting_5jyt/01_m_fold_sampling/round_1/01_sampling/sampling_31/group_48_unrelaxed_rank_001_alphafold2_ptm_model_1_seed_042.pdb,67.39791208791209,0.74478,11,1
/fs/ess/PAA0203/xing244/AF_ClaSeq/results_updated/KaiB/run1/m_fold_sampling_voting_5jyt/01_m_fold_sampling/round_1/01_sampling/sampling_31/group_6_unrelaxed_rank_001_alphafold2_ptm_model_1_seed_042.pdb,87.01263736263736,0.80426,11,1
/fs/ess/PAA0203/xing244/AF_ClaSeq/results_updated/KaiB/run1/m_fold_sampling_voting_5jyt/01_m_fold_sampling/round_1/01_sampling/sampling_31/group_19_unrelaxed_rank_001_alphafold2_ptm_model_1_seed_042.pdb,86.31604395604396,0.76137,11,1
/fs/ess/PAA0203/xing244/AF_ClaSeq/results_updated/KaiB/run1/m_fold_sampling_voting_5jyt/01_m_fold_sampling/round_1/01_sampling/sampling_31/group_13_unrelaxed_rank_001_alphafold2_ptm_model_1_seed_042.pdb,85.37604395604394,0.78562,11,1
/fs/ess/PAA0203/xing244/AF_ClaSeq/results_updated/KaiB/run1/m_fold_sampling_voting_5jyt/01_m_fold_sampling/round_1/01_sampling/sampling_31/group_28_unrelaxed_rank_001_alphafold2_ptm_model_1_seed_042.pdb,79.08648351648351,0.79747,11,1
/fs/ess/PAA0203/xing244/AF_ClaSeq/results_updated/KaiB/run1/m_fold_sampling_voting_5jyt/01_m_fold_sampling/round_1/01_sampling/sampling_31/group_32_unrelaxed_rank_001_alphafold2_ptm_model_1_seed_042.pdb,65.58912087912088,0.51234,11,1
/fs/ess/PAA0203/xing244/AF_ClaSeq/results_updated/KaiB/run1/m_fold_sampling_voting_5jyt/01_m_fold_sampling/round_1/01_sampling/sampling_31/group_22_unrelaxed_rank_001_alphafold2_ptm_model_1_seed_042.pdb,85.58604395604395,0.7748,11,1
/fs/ess/PAA0203/xing244/AF_ClaSeq/results_updated/KaiB/run1/m_fold_sampling_voting_5jyt/01_m_fold_sampling/round_1/01_sampling/sampling_31/group_7_unrelaxed_rank_001_alphafold2_ptm_model_1_seed_042.pdb,83.03604395604394,0.77934,11,1
/fs/ess/PAA0203/xing244/AF_ClaSeq/results_updated/KaiB/run1/m_fold_sampling_voting_5jyt/01_m_fold_sampling/round_1/01_sampling/sampling_31/group_21_unrelaxed_rank_001_alphafold2_ptm_model_1_seed_042.pdb,84.66571428571427,0.78118,11,1
/fs/ess/PAA0203/xing244/AF_ClaSeq/results_updated/KaiB/run1/m_fold_sampling_voting_5jyt/01_m_fold_sampling/round_1/01_sampling/sampling_31/group_41_unrelaxed_rank_001_alphafold2_ptm_model_1_seed_042.pdb,80.89516483516485,0.75563,11,1
/fs/ess/PAA0203/xing244/AF_ClaSeq/results_updated/KaiB/run1/m_fold_sampling_voting_5jyt/01_m_fold_sampling/round_1/01_sampling/sampling_31/group_31_unrelaxed_rank_001_alphafold2_ptm_model_1_seed_042.pdb,86.84175824175824,0.79782,11,1
/fs/ess/PAA0203/xing244/AF_ClaSeq/results_updated/KaiB/run1/m_fold_sampling_voting_5jyt/01_m_fold_sampling/round_1/01_sampling/sampling_31/group_46_unrelaxed_rank_001_alphafold2_ptm_model_1_seed_042.pdb,87.08692307692309,0.8043,11,1
/fs/ess/PAA0203/xing244/AF_ClaSeq/results_updated/KaiB/run1/m_fold_sampling_voting_5jyt/01_m_fold_sampling/round_1/01_sampling/sampling_31/group_17_unrelaxed_rank_001_alphafold2_ptm_model_1_seed_042.pdb,88.40021978021977,0.80409,11,1
/fs/ess/PAA0203/xing244/AF_ClaSeq/results_updated/KaiB/run1/m_fold_sampling_voting_5jyt/01_m_fold_sampling/round_1/01_sampling/sampling_31/group_14_unrelaxed_rank_001_alphafold2_ptm_model_1_seed_042.pdb,77.95989010989011,0.78651,11,1
/fs/ess/PAA0203/xing244/AF_ClaSeq/results_updated/KaiB/run1/m_fold_sampling_voting_5jyt/01_m_fold_sampling/round_1/01_sampling/sampling_31/group_4_unrelaxed_rank_001_alphafold2_ptm_model_1_seed_042.pdb,85.2701098901099,0.79371,11,1
/fs/ess/PAA0203/xing244/AF_ClaSeq/results_updated/KaiB/run1/m_fold_sampling_voting_5jyt/01_m_fold_sampling/round_1/01_sampling/sampling_31/group_12_unrelaxed_rank_001_alphafold2_ptm_model_1_seed_042.pdb,86.47780219780222,0.78605,11,1
/fs/ess/PAA0203/xing244/AF_ClaSeq/results_updated/KaiB/run1/m_fold_sampling_voting_5jyt/01_m_fold_sampling/round_1/01_sampling/sampling_31/group_38_unrelaxed_rank_001_alphafold2_ptm_model_1_seed_042.pdb,86.22725274725275,0.78374,11,1
/fs/ess/PAA0203/xing244/AF_ClaSeq/results_updated/KaiB/run1/m_fold_sampling_voting_5jyt/01_m_fold_sampling/round_1/01_sampling/sampling_31/group_15_unrelaxed_rank_001_alphafold2_ptm_model_1_seed_042.pdb,88.09076923076924,0.79314,11,1
/fs/ess/PAA0203/xing244/AF_ClaSeq/results_updated/KaiB/run1/m_fold_sampling_voting_5jyt/01_m_fold_sampling/round_1/01_sampling/sampling_31/group_23_unrelaxed_rank_001_alphafold2_ptm_model_1_seed_042.pdb,80.12527472527474,0.76101,11,1
/fs/ess/PAA0203/xing244/AF_ClaSeq/results_updated/KaiB/run1/m_fold_sampling_voting_5jyt/01_m_fold_sampling/round_1/01_sampling/sampling_31/group_5_unrelaxed_rank_001_alphafold2_ptm_model_1_seed_042.pdb,78.28340659340658,0.78896,11,1
/fs/ess/PAA0203/xing244/AF_ClaSeq/results_updated/KaiB/run1/m_fold_sampling_voting_5jyt/01_m_fold_sampling/round_1/01_sampling/sampling_31/group_33_unrelaxed_rank_001_alphafold2_ptm_model_1_seed_042.pdb,87.0176923076923,0.79871,11,1
/fs/ess/PAA0203/xing244/AF_ClaSeq/results_updated/KaiB/run1/m_fold_sampling_voting_5jyt/01_m_fold_sampling/round_1/01_sampling/sampling_31/group_27_unrelaxed_rank_001_alphafold2_ptm_model_1_seed_042.pdb,74.2968131868132,0.77375,11,1
/fs/ess/PAA0203/xing244/AF_ClaSeq/results_updated/KaiB/run1/m_fold_sampling_voting_5jyt/01_m_fold_sampling/round_1/01_sampling/sampling_31/group_42_unrelaxed_rank_001_alphafold2_ptm_model_1_seed_042.pdb,86.89736263736265,0.78927,11,1
/fs/ess/PAA0203/xing244/AF_ClaSeq/results_updated/KaiB/run1/m_fold_sampling_voting_5jyt/01_m_fold_sampling/round_1/01_sampling/sampling_31/group_10_unrelaxed_rank_001_alphafold2_ptm_model_1_seed_042.pdb,87.56010989010989,0.81041,11,1
/fs/ess/PAA0203/xing244/AF_ClaSeq/results_updated/KaiB/run1/m_fold_sampling_voting_5jyt/01_m_fold_sampling/round_1/01_sampling/sampling_31/group_37_unrelaxed_rank_001_alphafold2_ptm_model_1_seed_042.pdb,85.31252747252748,0.75495,11,1
/fs/ess/PAA0203/xing244/AF_ClaSeq/results_updated/KaiB/run1/m_fold_sampling_voting_5jyt/01_m_fold_sampling/round_1/01_sampling/sampling_31/group_29_unrelaxed_rank_001_alphafold2_ptm_model_1_seed_042.pdb,76.11637362637362,0.76316,11,1
/fs/ess/PAA0203/xing244/AF_ClaSeq/results_updated/KaiB/run1/m_fold_sampling_voting_5jyt/01_m_fold_sampling/round_1/01_sampling/sampling_31/group_18_unrelaxed_rank_001_alphafold2_ptm_model_1_seed_042.pdb,76.87846153846152,0.77076,11,1
/fs/ess/PAA0203/xing244/AF_ClaSeq/results_updated/KaiB/run1/m_fold_sampling_voting_5jyt/01_m_fold_sampling/round_1/01_sampling/sampling_31/group_43_unrelaxed_rank_001_alphafold2_ptm_model_1_seed_042.pdb,82.8510989010989,0.63625,11,1
/fs/ess/PAA0203/xing244/AF_ClaSeq/results_updated/KaiB/run1/m_fold_sampling_voting_5jyt/01_m_fold_sampling/round_1/01_sampling/sampling_31/group_25_unrelaxed_rank_001_alphafold2_ptm_model_1_seed_042.pdb,87.32252747252747,0.79678,11,1
/fs/ess/PAA0203/xing244/AF_ClaSeq/results_updated/KaiB/run1/m_fold_sampling_voting_5jyt/01_m_fold_sampling/round_1/01_sampling/sampling_31/group_3_unrelaxed_rank_001_alphafold2_ptm_model_1_seed_042.pdb,86.56934065934065,0.78192,11,1
/fs/ess/PAA0203/xing244/AF_ClaSeq/results_updated/KaiB/run1/m_fold_sampling_voting_5jyt/01_m_fold_sampling/round_1/01_sampling/sampling_31/group_34_unrelaxed_rank_001_alphafold2_ptm_model_1_seed_042.pdb,83.59736263736265,0.79093,11,1
/fs/ess/PAA0203/xing244/AF_ClaSeq/results_updated/KaiB/run1/m_fold_sampling_voting_5jyt/01_m_fold_sampling/round_1/01_sampling/sampling_31/group_9_unrelaxed_rank_001_alphafold2_ptm_model_1_seed_042.pdb,76.97318681318681,0.75687,11,1
/fs/ess/PAA0203/xing244/AF_ClaSeq/results_updated/KaiB/run1/m_fold_sampling_voting_5jyt/01_m_fold_sampling/round_1/01_sampling/sampling_31/group_47_unrelaxed_rank_001_alphafold2_ptm_model_1_seed_042.pdb,83.16912087912088,0.78411,11,1
/fs/ess/PAA0203/xing244/AF_ClaSeq/results_updated/KaiB/run1/m_fold_sampling_voting_5jyt/01_m_fold_sampling/round_1/01_sampling/sampling_31/group_35_unrelaxed_rank_001_alphafold2_ptm_model_1_seed_042.pdb,82.59824175824177,0.77612,11,1
/fs/ess/PAA0203/xing244/AF_ClaSeq/results_updated/KaiB/run1/m_fold_sampling_voting_5jyt/01_m_fold_sampling/round_1/01_sampling/sampling_31/group_24_unrelaxed_rank_001_alphafold2_ptm_model_1_seed_042.pdb,82.60879120879122,0.74123,11,1
/fs/ess/PAA0203/xing244/AF_ClaSeq/results_updated/KaiB/run1/m_fold_sampling_voting_5jyt/01_m_fold_sampling/round_1/01_sampling/sampling_31/group_40_unrelaxed_rank_001_alphafold2_ptm_model_1_seed_042.pdb,82.6689010989011,0.77169,11,1
/fs/ess/PAA0203/xing244/AF_ClaSeq/results_updated/KaiB/run1/m_fold_sampling_voting_5jyt/01_m_fold_sampling/round_1/01_sampling/sampling_31/group_1_unrelaxed_rank_001_alphafold2_ptm_model_1_seed_042.pdb,84.92692307692307,0.79508,11,1
/fs/ess/PAA0203/xing244/AF_ClaSeq/results_updated/KaiB/run1/m_fold_sampling_voting_5jyt/01_m_fold_sampling/round_1/01_sampling/sampling_31/group_30_unrelaxed_rank_001_alphafold2_ptm_model_1_seed_042.pdb,85.5167032967033,0.80085,11,1
/fs/ess/PAA0203/xing244/AF_ClaSeq/results_updated/KaiB/run1/m_fold_sampling_voting_5jyt/01_m_fold_sampling/round_1/01_sampling/sampling_31/group_26_unrelaxed_rank_001_alphafold2_ptm_model_1_seed_042.pdb,55.40428571428573,0.55475,11,1
/fs/ess/PAA0203/xing244/AF_ClaSeq/results_updated/KaiB/run1/m_fold_sampling_voting_5jyt/01_m_fold_sampling/round_1/01_sampling/sampling_31/group_39_unrelaxed_rank_001_alphafold2_ptm_model_1_seed_042.pdb,81.38527472527473,0.7913,11,1
/fs/ess/PAA0203/xing244/AF_ClaSeq/results_updated/KaiB/run1/m_fold_sampling_voting_5jyt/01_m_fold_sampling/round_1/01_sampling/sampling_31/group_11_unrelaxed_rank_001_alphafold2_ptm_model_1_seed_042.pdb,87.84934065934064,0.81,11,1
/fs/ess/PAA0203/xing244/AF_ClaSeq/results_updated/KaiB/run1/m_fold_sampling_voting_5jyt/01_m_fold_sampling/round_1/01_sampling/sampling_31/group_49_unrelaxed_rank_001_alphafold2_ptm_model_1_seed_042.pdb,82.01483516483516,0.77898,12,1
/fs/ess/PAA0203/xing244/AF_ClaSeq/results_updated/KaiB/run1/m_fold_sampling_voting_5jyt/01_m_fold_sampling/round_1/01_sampling/sampling_31/group_45_unrelaxed_rank_001_alphafold2_ptm_model_1_seed_042.pdb,86.8678021978022,0.79946,11,1
/fs/ess/PAA0203/xing244/AF_ClaSeq/results_updated/KaiB/run1/m_fold_sampling_voting_5jyt/01_m_fold_sampling/round_1/01_sampling/sampling_31/group_2_unrelaxed_rank_001_alphafold2_ptm_model_1_seed_042.pdb,82.28406593406592,0.77136,11,1
/fs/ess/PAA0203/xing244/AF_ClaSeq/results_updated/KaiB/run1/m_fold_sampling_voting_5jyt/01_m_fold_sampling/round_1/01_sampling/sampling_31/group_36_unrelaxed_rank_001_alphafold2_ptm_model_1_seed_042.pdb,84.68714285714286,0.77469,11,1
/fs/ess/PAA0203/xing244/AF_ClaSeq/results_updated/KaiB/run1/m_fold_sampling_voting_5jyt/01_m_fold_sampling/round_1/01_sampling/sampling_6/group_20_unrelaxed_rank_001_alphafold2_ptm_model_1_seed_042.pdb,81.92758241758241,0.77771,11,1
/fs/ess/PAA0203/xing244/AF_ClaSeq/results_updated/KaiB/run1/m_fold_sampling_voting_5jyt/01_m_fold_sampling/round_1/01_sampling/sampling_6/group_44_unrelaxed_rank_001_alphafold2_ptm_model_1_seed_042.pdb,77.27835164835166,0.78924,11,1
/fs/ess/PAA0203/xing244/AF_ClaSeq/results_updated/KaiB/run1/m_fold_sampling_voting_5jyt/01_m_fold_sampling/round_1/01_sampling/sampling_6/group_16_unrelaxed_rank_001_alphafold2_ptm_model_1_seed_042.pdb,84.60395604395605,0.74387,11,1
/fs/ess/PAA0203/xing244/AF_ClaSeq/results_updated/KaiB/run1/m_fold_sampling_voting_5jyt/01_m_fold_sampling/round_1/01_sampling/sampling_6/group_8_unrelaxed_rank_001_alphafold2_ptm_model_1_seed_042.pdb,85.42362637362639,0.79789,11,1
/fs/ess/PAA0203/xing244/AF_ClaSeq/results_updated/KaiB/run1/m_fold_sampling_voting_5jyt/01_m_fold_sampling/round_1/01_sampling/sampling_6/group_48_unrelaxed_rank_001_alphafold2_ptm_model_1_seed_042.pdb,73.95659340659341,0.76246,11,1
/fs/ess/PAA0203/xing244/AF_ClaSeq/results_updated/KaiB/run1/m_fold_sampling_voting_5jyt/01_m_fold_sampling/round_1/01_sampling/sampling_6/group_6_unrelaxed_rank_001_alphafold2_ptm_model_1_seed_042.pdb,86.870989010989,0.80565,11,1
/fs/ess/PAA0203/xing244/AF_ClaSeq/results_updated/KaiB/run1/m_fold_sampling_voting_5jyt/01_m_fold_sampling/round_1/01_sampling/sampling_6/group_19_unrelaxed_rank_001_alphafold2_ptm_model_1_seed_042.pdb,85.94835164835165,0.76356,11,1
/fs/ess/PAA0203/xing244/AF_ClaSeq/results_updated/KaiB/run1/m_fold_sampling_voting_5jyt/01_m_fold_sampling/round_1/01_sampling/sampling_6/group_13_unrelaxed_rank_001_alphafold2_ptm_model_1_seed_042.pdb,78.72494505494504,0.77512,11,1
/fs/ess/PAA0203/xing244/AF_ClaSeq/results_updated/KaiB/run1/m_fold_sampling_voting_5jyt/01_m_fold_sampling/round_1/01_sampling/sampling_6/group_28_unrelaxed_rank_001_alphafold2_ptm_model_1_seed_042.pdb,86.97758241758241,0.77009,11,1
/fs/ess/PAA0203/xing244/AF_ClaSeq/results_updated/KaiB/run1/m_fold_sampling_voting_5jyt/01_m_fold_sampling/round_1/01_sampling/sampling_6/group_32_unrelaxed_rank_001_alphafold2_ptm_model_1_seed_042.pdb,84.23824175824176,0.80487,11,1
/fs/ess/PAA0203/xing244/AF_ClaSeq/results_updated/KaiB/run1/m_fold_sampling_voting_5jyt/01_m_fold_sampling/round_1/01_sampling/sampling_6/group_22_unrelaxed_rank_001_alphafold2_ptm_model_1_seed_042.pdb,86.89098901098903,0.81972,11,1
/fs/ess/PAA0203/xing244/AF_ClaSeq/results_updated/KaiB/run1/m_fold_sampling_voting_5jyt/01_m_fold_sampling/round_1/01_sampling/sampling_6/group_7_unrelaxed_rank_001_alphafold2_ptm_model_1_seed_042.pdb,85.16043956043957,0.78756,11,1
/fs/ess/PAA0203/xing244/AF_ClaSeq/results_updated/KaiB/run1/m_fold_sampling_voting_5jyt/01_m_fold_sampling/round_1/01_sampling/sampling_6/group_21_unrelaxed_rank_001_alphafold2_ptm_model_1_seed_042.pdb,87.72274725274725,0.80962,11,1
/fs/ess/PAA0203/xing244/AF_ClaSeq/results_updated/KaiB/run1/m_fold_sampling_voting_5jyt/01_m_fold_sampling/round_1/01_sampling/sampling_6/group_41_unrelaxed_rank_001_alphafold2_ptm_model_1_seed_042.pdb,85.75439560439561,0.79296,11,1
/fs/ess/PAA0203/xing244/AF_ClaSeq/results_updated/KaiB/run1/m_fold_sampling_voting_5jyt/01_m_fold_sampling/round_1/01_sampling/sampling_6/group_31_unrelaxed_rank_001_alphafold2_ptm_model_1_seed_042.pdb,82.49505494505493,0.76937,11,1
/fs/ess/PAA0203/xing244/AF_ClaSeq/results_updated/KaiB/run1/m_fold_sampling_voting_5jyt/01_m_fold_sampling/round_1/01_sampling/sampling_6/group_46_unrelaxed_rank_001_alphafold2_ptm_model_1_seed_042.pdb,86.38956043956046,0.79888,11,1
/fs/ess/PAA0203/xing244/AF_ClaSeq/results_updated/KaiB/run1/m_fold_sampling_voting_5jyt/01_m_fold_sampling/round_1/01_sampling/sampling_6/group_17_unrelaxed_rank_001_alphafold2_ptm_model_1_seed_042.pdb,89.27043956043957,0.8075,11,1
/fs/ess/PAA0203/xing244/AF_ClaSeq/results_updated/KaiB/run1/m_fold_sampling_voting_5jyt/01_m_fold_sampling/round_1/01_sampling/sampling_6/group_14_unrelaxed_rank_001_alphafold2_ptm_model_1_seed_042.pdb,81.55175824175825,0.76569,11,1
/fs/ess/PAA0203/xing244/AF_ClaSeq/results_updated/KaiB/run1/m_fold_sampling_voting_5jyt/01_m_fold_sampling/round_1/01_sampling/sampling_6/group_4_unrelaxed_rank_001_alphafold2_ptm_model_1_seed_042.pdb,60.611428571428576,0.70361,11,1
/fs/ess/PAA0203/xing244/AF_ClaSeq/results_updated/KaiB/run1/m_fold_sampling_voting_5jyt/01_m_fold_sampling/round_1/01_sampling/sampling_6/group_12_unrelaxed_rank_001_alphafold2_ptm_model_1_seed_042.pdb,84.97252747252746,0.79344,11,1
/fs/ess/PAA0203/xing244/AF_ClaSeq/results_updated/KaiB/run1/m_fold_sampling_voting_5jyt/01_m_fold_sampling/round_1/01_sampling/sampling_6/group_38_unrelaxed_rank_001_alphafold2_ptm_model_1_seed_042.pdb,82.26527472527472,0.77963,11,1
/fs/ess/PAA0203/xing244/AF_ClaSeq/results_updated/KaiB/run1/m_fold_sampling_voting_5jyt/01_m_fold_sampling/round_1/01_sampling/sampling_6/group_15_unrelaxed_rank_001_alphafold2_ptm_model_1_seed_042.pdb,84.42648351648353,0.78182,11,1
/fs/ess/PAA0203/xing244/AF_ClaSeq/results_updated/KaiB/run1/m_fold_sampling_voting_5jyt/01_m_fold_sampling/round_1/01_sampling/sampling_6/group_23_unrelaxed_rank_001_alphafold2_ptm_model_1_seed_042.pdb,88.37835164835164,0.79666,11,1
/fs/ess/PAA0203/xing244/AF_ClaSeq/results_updated/KaiB/run1/m_fold_sampling_voting_5jyt/01_m_fold_sampling/round_1/01_sampling/sampling_6/group_5_unrelaxed_rank_001_alphafold2_ptm_model_1_seed_042.pdb,59.67076923076923,0.61545,11,1
/fs/ess/PAA0203/xing244/AF_ClaSeq/results_updated/KaiB/run1/m_fold_sampling_voting_5jyt/01_m_fold_sampling/round_1/01_sampling/sampling_6/group_33_unrelaxed_rank_001_alphafold2_ptm_model_1_seed_042.pdb,85.00406593406593,0.8017,11,1
/fs/ess/PAA0203/xing244/AF_ClaSeq/results_updated/KaiB/run1/m_fold_sampling_voting_5jyt/01_m_fold_sampling/round_1/01_sampling/sampling_6/group_27_unrelaxed_rank_001_alphafold2_ptm_model_1_seed_042.pdb,88.46076923076923,0.80722,11,1
/fs/ess/PAA0203/xing244/AF_ClaSeq/results_updated/KaiB/run1/m_fold_sampling_voting_5jyt/01_m_fold_sampling/round_1/01_sampling/sampling_6/group_42_unrelaxed_rank_001_alphafold2_ptm_model_1_seed_042.pdb,88.26307692307692,0.80136,11,1
/fs/ess/PAA0203/xing244/AF_ClaSeq/results_updated/KaiB/run1/m_fold_sampling_voting_5jyt/01_m_fold_sampling/round_1/01_sampling/sampling_6/group_10_unrelaxed_rank_001_alphafold2_ptm_model_1_seed_042.pdb,84.37681318681318,0.78458,11,1
/fs/ess/PAA0203/xing244/AF_ClaSeq/results_updated/KaiB/run1/m_fold_sampling_voting_5jyt/01_m_fold_sampling/round_1/01_sampling/sampling_6/group_37_unrelaxed_rank_001_alphafold2_ptm_model_1_seed_042.pdb,87.62923076923079,0.76862,11,1
/fs/ess/PAA0203/xing244/AF_ClaSeq/results_updated/KaiB/run1/m_fold_sampling_voting_5jyt/01_m_fold_sampling/round_1/01_sampling/sampling_6/group_29_unrelaxed_rank_001_alphafold2_ptm_model_1_seed_042.pdb,74.97208791208791,0.77404,11,1
/fs/ess/PAA0203/xing244/AF_ClaSeq/results_updated/KaiB/run1/m_fold_sampling_voting_5jyt/01_m_fold_sampling/round_1/01_sampling/sampling_6/group_18_unrelaxed_rank_001_alphafold2_ptm_model_1_seed_042.pdb,73.79340659340659,0.7591,11,1
/fs/ess/PAA0203/xing244/AF_ClaSeq/results_updated/KaiB/run1/m_fold_sampling_voting_5jyt/01_m_fold_sampling/round_1/01_sampling/sampling_6/group_43_unrelaxed_rank_001_alphafold2_ptm_model_1_seed_042.pdb,78.5832967032967,0.77973,11,1
/fs/ess/PAA0203/xing244/AF_ClaSeq/results_updated/KaiB/run1/m_fold_sampling_voting_5jyt/01_m_fold_sampling/round_1/01_sampling/sampling_6/group_25_unrelaxed_rank_001_alphafold2_ptm_model_1_seed_042.pdb,83.91516483516483,0.76828,11,1
/fs/ess/PAA0203/xing244/AF_ClaSeq/results_updated/KaiB/run1/m_fold_sampling_voting_5jyt/01_m_fold_sampling/round_1/01_sampling/sampling_6/group_3_unrelaxed_rank_001_alphafold2_ptm_model_1_seed_042.pdb,66.45494505494506,0.75235,11,1
/fs/ess/PAA0203/xing244/AF_ClaSeq/results_updated/KaiB/run1/m_fold_sampling_voting_5jyt/01_m_fold_sampling/round_1/01_sampling/sampling_6/group_34_unrelaxed_rank_001_alphafold2_ptm_model_1_seed_042.pdb,81.12043956043956,0.76217,11,1
/fs/ess/PAA0203/xing244/AF_ClaSeq/results_updated/KaiB/run1/m_fold_sampling_voting_5jyt/01_m_fold_sampling/round_1/01_sampling/sampling_6/group_9_unrelaxed_rank_001_alphafold2_ptm_model_1_seed_042.pdb,88.6321978021978,0.80395,11,1
/fs/ess/PAA0203/xing244/AF_ClaSeq/results_updated/KaiB/run1/m_fold_sampling_voting_5jyt/01_m_fold_sampling/round_1/01_sampling/sampling_6/group_47_unrelaxed_rank_001_alphafold2_ptm_model_1_seed_042.pdb,87.32780219780221,0.78013,11,1
/fs/ess/PAA0203/xing244/AF_ClaSeq/results_updated/KaiB/run1/m_fold_sampling_voting_5jyt/01_m_fold_sampling/round_1/01_sampling/sampling_6/group_35_unrelaxed_rank_001_alphafold2_ptm_model_1_seed_042.pdb,82.09054945054945,0.79139,11,1
/fs/ess/PAA0203/xing244/AF_ClaSeq/results_updated/KaiB/run1/m_fold_sampling_voting_5jyt/01_m_fold_sampling/round_1/01_sampling/sampling_6/group_24_unrelaxed_rank_001_alphafold2_ptm_model_1_seed_042.pdb,83.0812087912088,0.75056,11,1
/fs/ess/PAA0203/xing244/AF_ClaSeq/results_updated/KaiB/run1/m_fold_sampling_voting_5jyt/01_m_fold_sampling/round_1/01_sampling/sampling_6/group_40_unrelaxed_rank_001_alphafold2_ptm_model_1_seed_042.pdb,85.11868131868131,0.78404,11,1
/fs/ess/PAA0203/xing244/AF_ClaSeq/results_updated/KaiB/run1/m_fold_sampling_voting_5jyt/01_m_fold_sampling/round_1/01_sampling/sampling_6/group_1_unrelaxed_rank_001_alphafold2_ptm_model_1_seed_042.pdb,68.59945054945054,0.74405,11,1
/fs/ess/PAA0203/xing244/AF_ClaSeq/results_updated/KaiB/run1/m_fold_sampling_voting_5jyt/01_m_fold_sampling/round_1/01_sampling/sampling_6/group_30_unrelaxed_rank_001_alphafold2_ptm_model_1_seed_042.pdb,89.60802197802198,0.80357,11,1
/fs/ess/PAA0203/xing244/AF_ClaSeq/results_updated/KaiB/run1/m_fold_sampling_voting_5jyt/01_m_fold_sampling/round_1/01_sampling/sampling_6/group_26_unrelaxed_rank_001_alphafold2_ptm_model_1_seed_042.pdb,88.47538461538461,0.77483,11,1
/fs/ess/PAA0203/xing244/AF_ClaSeq/results_updated/KaiB/run1/m_fold_sampling_voting_5jyt/01_m_fold_sampling/round_1/01_sampling/sampling_6/group_39_unrelaxed_rank_001_alphafold2_ptm_model_1_seed_042.pdb,79.52076923076923,0.77618,11,1
/fs/ess/PAA0203/xing244/AF_ClaSeq/results_updated/KaiB/run1/m_fold_sampling_voting_5jyt/01_m_fold_sampling/round_1/01_sampling/sampling_6/group_11_unrelaxed_rank_001_alphafold2_ptm_model_1_seed_042.pdb,84.10637362637362,0.80784,11,1
/fs/ess/PAA0203/xing244/AF_ClaSeq/results_updated/KaiB/run1/m_fold_sampling_voting_5jyt/01_m_fold_sampling/round_1/01_sampling/sampling_6/group_49_unrelaxed_rank_001_alphafold2_ptm_model_1_seed_042.pdb,87.19384615384617,0.79556,12,1
/fs/ess/PAA0203/xing244/AF_ClaSeq/results_updated/KaiB/run1/m_fold_sampling_voting_5jyt/01_m_fold_sampling/round_1/01_sampling/sampling_6/group_45_unrelaxed_rank_001_alphafold2_ptm_model_1_seed_042.pdb,88.9842857142857,0.78396,11,1
/fs/ess/PAA0203/xing244/AF_ClaSeq/results_updated/KaiB/run1/m_fold_sampling_voting_5jyt/01_m_fold_sampling/round_1/01_sampling/sampling_6/group_2_unrelaxed_rank_001_alphafold2_ptm_model_1_seed_042.pdb,85.939010989011,0.78502,11,1
/fs/ess/PAA0203/xing244/AF_ClaSeq/results_updated/KaiB/run1/m_fold_sampling_voting_5jyt/01_m_fold_sampling/round_1/01_sampling/sampling_6/group_36_unrelaxed_rank_001_alphafold2_ptm_model_1_seed_042.pdb,87.30758241758241,0.749,11,1
/fs/ess/PAA0203/xing244/AF_ClaSeq/results_updated/KaiB/run1/m_fold_sampling_voting_5jyt/01_m_fold_sampling/round_1/01_sampling/sampling_21/group_20_unrelaxed_rank_001_alphafold2_ptm_model_1_seed_042.pdb,79.7,0.77795,11,1
/fs/ess/PAA0203/xing244/AF_ClaSeq/results_updated/KaiB/run1/m_fold_sampling_voting_5jyt/01_m_fold_sampling/round_1/01_sampling/sampling_21/group_44_unrelaxed_rank_001_alphafold2_ptm_model_1_seed_042.pdb,85.94912087912088,0.79571,11,1
/fs/ess/PAA0203/xing244/AF_ClaSeq/results_updated/KaiB/run1/m_fold_sampling_voting_5jyt/01_m_fold_sampling/round_1/01_sampling/sampling_21/group_16_unrelaxed_rank_001_alphafold2_ptm_model_1_seed_042.pdb,77.29747252747252,0.74679,11,1
/fs/ess/PAA0203/xing244/AF_ClaSeq/results_updated/KaiB/run1/m_fold_sampling_voting_5jyt/01_m_fold_sampling/round_1/01_sampling/sampling_21/group_8_unrelaxed_rank_001_alphafold2_ptm_model_1_seed_042.pdb,62.28747252747254,0.73551,11,1
/fs/ess/PAA0203/xing244/AF_ClaSeq/results_updated/KaiB/run1/m_fold_sampling_voting_5jyt/01_m_fold_sampling/round_1/01_sampling/sampling_21/group_48_unrelaxed_rank_001_alphafold2_ptm_model_1_seed_042.pdb,85.79252747252747,0.80812,11,1
/fs/ess/PAA0203/xing244/AF_ClaSeq/results_updated/KaiB/run1/m_fold_sampling_voting_5jyt/01_m_fold_sampling/round_1/01_sampling/sampling_21/group_6_unrelaxed_rank_001_alphafold2_ptm_model_1_seed_042.pdb,86.60912087912088,0.79247,11,1
/fs/ess/PAA0203/xing244/AF_ClaSeq/results_updated/KaiB/run1/m_fold_sampling_voting_5jyt/01_m_fold_sampling/round_1/01_sampling/sampling_21/group_19_unrelaxed_rank_001_alphafold2_ptm_model_1_seed_042.pdb,84.6345054945055,0.74963,11,1
/fs/ess/PAA0203/xing244/AF_ClaSeq/results_updated/KaiB/run1/m_fold_sampling_voting_5jyt/01_m_fold_sampling/round_1/01_sampling/sampling_21/group_13_unrelaxed_rank_001_alphafold2_ptm_model_1_seed_042.pdb,89.87384615384616,0.80655,11,1
/fs/ess/PAA0203/xing244/AF_ClaSeq/results_updated/KaiB/run1/m_fold_sampling_voting_5jyt/01_m_fold_sampling/round_1/01_sampling/sampling_21/group_28_unrelaxed_rank_001_alphafold2_ptm_model_1_seed_042.pdb,86.38000000000001,0.78406,11,1
/fs/ess/PAA0203/xing244/AF_ClaSeq/results_updated/KaiB/run1/m_fold_sampling_voting_5jyt/01_m_fold_sampling/round_1/01_sampling/sampling_21/group_32_unrelaxed_rank_001_alphafold2_ptm_model_1_seed_042.pdb,87.82021978021979,0.79183,11,1
/fs/ess/PAA0203/xing244/AF_ClaSeq/results_updated/KaiB/run1/m_fold_sampling_voting_5jyt/01_m_fold_sampling/round_1/01_sampling/sampling_21/group_22_unrelaxed_rank_001_alphafold2_ptm_model_1_seed_042.pdb,86.89373626373626,0.78783,11,1
/fs/ess/PAA0203/xing244/AF_ClaSeq/results_updated/KaiB/run1/m_fold_sampling_voting_5jyt/01_m_fold_sampling/round_1/01_sampling/sampling_21/group_7_unrelaxed_rank_001_alphafold2_ptm_model_1_seed_042.pdb,85.76362637362637,0.79956,11,1
/fs/ess/PAA0203/xing244/AF_ClaSeq/results_updated/KaiB/run1/m_fold_sampling_voting_5jyt/01_m_fold_sampling/round_1/01_sampling/sampling_21/group_21_unrelaxed_rank_001_alphafold2_ptm_model_1_seed_042.pdb,82.18109890109889,0.78667,11,1
/fs/ess/PAA0203/xing244/AF_ClaSeq/results_updated/KaiB/run1/m_fold_sampling_voting_5jyt/01_m_fold_sampling/round_1/01_sampling/sampling_21/group_41_unrelaxed_rank_001_alphafold2_ptm_model_1_seed_042.pdb,79.01362637362637,0.75591,11,1
/fs/ess/PAA0203/xing244/AF_ClaSeq/results_updated/KaiB/run1/m_fold_sampling_voting_5jyt/01_m_fold_sampling/round_1/01_sampling/sampling_21/group_31_unrelaxed_rank_001_alphafold2_ptm_model_1_seed_042.pdb,84.22703296703298,0.80162,11,1
/fs/ess/PAA0203/xing244/AF_ClaSeq/results_updated/KaiB/run1/m_fold_sampling_voting_5jyt/01_m_fold_sampling/round_1/01_sampling/sampling_21/group_46_unrelaxed_rank_001_alphafold2_ptm_model_1_seed_042.pdb,74.93769230769232,0.75985,11,1
/fs/ess/PAA0203/xing244/AF_ClaSeq/results_updated/KaiB/run1/m_fold_sampling_voting_5jyt/01_m_fold_sampling/round_1/01_sampling/sampling_21/group_17_unrelaxed_rank_001_alphafold2_ptm_model_1_seed_042.pdb,87.2157142857143,0.7892,11,1
/fs/ess/PAA0203/xing244/AF_ClaSeq/results_updated/KaiB/run1/m_fold_sampling_voting_5jyt/01_m_fold_sampling/round_1/01_sampling/sampling_21/group_14_unrelaxed_rank_001_alphafold2_ptm_model_1_seed_042.pdb,86.60263736263735,0.81123,11,1
/fs/ess/PAA0203/xing244/AF_ClaSeq/results_updated/KaiB/run1/m_fold_sampling_voting_5jyt/01_m_fold_sampling/round_1/01_sampling/sampling_21/group_4_unrelaxed_rank_001_alphafold2_ptm_model_1_seed_042.pdb,88.63087912087911,0.7973,11,1
/fs/ess/PAA0203/xing244/AF_ClaSeq/results_updated/KaiB/run1/m_fold_sampling_voting_5jyt/01_m_fold_sampling/round_1/01_sampling/sampling_21/group_12_unrelaxed_rank_001_alphafold2_ptm_model_1_seed_042.pdb,83.47252747252749,0.75611,11,1
/fs/ess/PAA0203/xing244/AF_ClaSeq/results_updated/KaiB/run1/m_fold_sampling_voting_5jyt/01_m_fold_sampling/round_1/01_sampling/sampling_21/group_38_unrelaxed_rank_001_alphafold2_ptm_model_1_seed_042.pdb,71.1765934065934,0.52621,11,1
/fs/ess/PAA0203/xing244/AF_ClaSeq/results_updated/KaiB/run1/m_fold_sampling_voting_5jyt/01_m_fold_sampling/round_1/01_sampling/sampling_21/group_15_unrelaxed_rank_001_alphafold2_ptm_model_1_seed_042.pdb,84.31868131868133,0.74462,11,1
/fs/ess/PAA0203/xing244/AF_ClaSeq/results_updated/KaiB/run1/m_fold_sampling_voting_5jyt/01_m_fold_sampling/round_1/01_sampling/sampling_21/group_23_unrelaxed_rank_001_alphafold2_ptm_model_1_seed_042.pdb,87.3878021978022,0.79367,11,1
/fs/ess/PAA0203/xing244/AF_ClaSeq/results_updated/KaiB/run1/m_fold_sampling_voting_5jyt/01_m_fold_sampling/round_1/01_sampling/sampling_21/group_5_unrelaxed_rank_001_alphafold2_ptm_model_1_seed_042.pdb,86.75956043956045,0.80702,11,1
/fs/ess/PAA0203/xing244/AF_ClaSeq/results_updated/KaiB/run1/m_fold_sampling_voting_5jyt/01_m_fold_sampling/round_1/01_sampling/sampling_21/group_33_unrelaxed_rank_001_alphafold2_ptm_model_1_seed_042.pdb,84.42076923076922,0.77996,11,1
/fs/ess/PAA0203/xing244/AF_ClaSeq/results_updated/KaiB/run1/m_fold_sampling_voting_5jyt/01_m_fold_sampling/round_1/01_sampling/sampling_21/group_27_unrelaxed_rank_001_alphafold2_ptm_model_1_seed_042.pdb,76.22516483516483,0.73634,11,1
/fs/ess/PAA0203/xing244/AF_ClaSeq/results_updated/KaiB/run1/m_fold_sampling_voting_5jyt/01_m_fold_sampling/round_1/01_sampling/sampling_21/group_42_unrelaxed_rank_001_alphafold2_ptm_model_1_seed_042.pdb,91.42021978021978,0.80953,11,1
/fs/ess/PAA0203/xing244/AF_ClaSeq/results_updated/KaiB/run1/m_fold_sampling_voting_5jyt/01_m_fold_sampling/round_1/01_sampling/sampling_21/group_10_unrelaxed_rank_001_alphafold2_ptm_model_1_seed_042.pdb,88.20714285714286,0.77291,11,1
/fs/ess/PAA0203/xing244/AF_ClaSeq/results_updated/KaiB/run1/m_fold_sampling_voting_5jyt/01_m_fold_sampling/round_1/01_sampling/sampling_21/group_37_unrelaxed_rank_001_alphafold2_ptm_model_1_seed_042.pdb,69.45164835164834,0.72302,11,1
/fs/ess/PAA0203/xing244/AF_ClaSeq/results_updated/KaiB/run1/m_fold_sampling_voting_5jyt/01_m_fold_sampling/round_1/01_sampling/sampling_21/group_29_unrelaxed_rank_001_alphafold2_ptm_model_1_seed_042.pdb,68.78527472527472,0.67742,11,1
/fs/ess/PAA0203/xing244/AF_ClaSeq/results_updated/KaiB/run1/m_fold_sampling_voting_5jyt/01_m_fold_sampling/round_1/01_sampling/sampling_21/group_18_unrelaxed_rank_001_alphafold2_ptm_model_1_seed_042.pdb,86.41692307692308,0.77139,11,1
/fs/ess/PAA0203/xing244/AF_ClaSeq/results_updated/KaiB/run1/m_fold_sampling_voting_5jyt/01_m_fold_sampling/round_1/01_sampling/sampling_21/group_43_unrelaxed_rank_001_alphafold2_ptm_model_1_seed_042.pdb,68.47648351648353,0.62021,11,1
/fs/ess/PAA0203/xing244/AF_ClaSeq/results_updated/KaiB/run1/m_fold_sampling_voting_5jyt/01_m_fold_sampling/round_1/01_sampling/sampling_21/group_25_unrelaxed_rank_001_alphafold2_ptm_model_1_seed_042.pdb,67.5534065934066,0.74851,11,1
/fs/ess/PAA0203/xing244/AF_ClaSeq/results_updated/KaiB/run1/m_fold_sampling_voting_5jyt/01_m_fold_sampling/round_1/01_sampling/sampling_21/group_3_unrelaxed_rank_001_alphafold2_ptm_model_1_seed_042.pdb,87.83021978021978,0.80193,11,1
/fs/ess/PAA0203/xing244/AF_ClaSeq/results_updated/KaiB/run1/m_fold_sampling_voting_5jyt/01_m_fold_sampling/round_1/01_sampling/sampling_21/group_34_unrelaxed_rank_001_alphafold2_ptm_model_1_seed_042.pdb,65.98164835164836,0.66736,11,1
/fs/ess/PAA0203/xing244/AF_ClaSeq/results_updated/KaiB/run1/m_fold_sampling_voting_5jyt/01_m_fold_sampling/round_1/01_sampling/sampling_21/group_9_unrelaxed_rank_001_alphafold2_ptm_model_1_seed_042.pdb,83.15175824175823,0.80413,11,1
/fs/ess/PAA0203/xing244/AF_ClaSeq/results_updated/KaiB/run1/m_fold_sampling_voting_5jyt/01_m_fold_sampling/round_1/01_sampling/sampling_21/group_47_unrelaxed_rank_001_alphafold2_ptm_model_1_seed_042.pdb,85.9856043956044,0.80043,11,1
/fs/ess/PAA0203/xing244/AF_ClaSeq/results_updated/KaiB/run1/m_fold_sampling_voting_5jyt/01_m_fold_sampling/round_1/01_sampling/sampling_21/group_35_unrelaxed_rank_001_alphafold2_ptm_model_1_seed_042.pdb,85.97780219780218,0.76598,11,1
/fs/ess/PAA0203/xing244/AF_ClaSeq/results_updated/KaiB/run1/m_fold_sampling_voting_5jyt/01_m_fold_sampling/round_1/01_sampling/sampling_21/group_24_unrelaxed_rank_001_alphafold2_ptm_model_1_seed_042.pdb,85.98010989010989,0.79197,11,1
/fs/ess/PAA0203/xing244/AF_ClaSeq/results_updated/KaiB/run1/m_fold_sampling_voting_5jyt/01_m_fold_sampling/round_1/01_sampling/sampling_21/group_40_unrelaxed_rank_001_alphafold2_ptm_model_1_seed_042.pdb,89.08098901098901,0.80603,11,1
/fs/ess/PAA0203/xing244/AF_ClaSeq/results_updated/KaiB/run1/m_fold_sampling_voting_5jyt/01_m_fold_sampling/round_1/01_sampling/sampling_21/group_1_unrelaxed_rank_001_alphafold2_ptm_model_1_seed_042.pdb,80.89736263736263,0.76963,11,1
/fs/ess/PAA0203/xing244/AF_ClaSeq/results_updated/KaiB/run1/m_fold_sampling_voting_5jyt/01_m_fold_sampling/round_1/01_sampling/sampling_21/group_30_unrelaxed_rank_001_alphafold2_ptm_model_1_seed_042.pdb,88.12846153846155,0.77973,11,1
/fs/ess/PAA0203/xing244/AF_ClaSeq/results_updated/KaiB/run1/m_fold_sampling_voting_5jyt/01_m_fold_sampling/round_1/01_sampling/sampling_21/group_26_unrelaxed_rank_001_alphafold2_ptm_model_1_seed_042.pdb,86.26549450549449,0.79963,11,1
/fs/ess/PAA0203/xing244/AF_ClaSeq/results_updated/KaiB/run1/m_fold_sampling_voting_5jyt/01_m_fold_sampling/round_1/01_sampling/sampling_21/group_39_unrelaxed_rank_001_alphafold2_ptm_model_1_seed_042.pdb,89.20186813186812,0.79609,11,1
/fs/ess/PAA0203/xing244/AF_ClaSeq/results_updated/KaiB/run1/m_fold_sampling_voting_5jyt/01_m_fold_sampling/round_1/01_sampling/sampling_21/group_11_unrelaxed_rank_001_alphafold2_ptm_model_1_seed_042.pdb,74.70032967032968,0.64509,11,1
/fs/ess/PAA0203/xing244/AF_ClaSeq/results_updated/KaiB/run1/m_fold_sampling_voting_5jyt/01_m_fold_sampling/round_1/01_sampling/sampling_21/group_49_unrelaxed_rank_001_alphafold2_ptm_model_1_seed_042.pdb,86.83252747252746,0.76957,12,1
/fs/ess/PAA0203/xing244/AF_ClaSeq/results_updated/KaiB/run1/m_fold_sampling_voting_5jyt/01_m_fold_sampling/round_1/01_sampling/sampling_21/group_45_unrelaxed_rank_001_alphafold2_ptm_model_1_seed_042.pdb,87.77461538461539,0.80849,11,1
/fs/ess/PAA0203/xing244/AF_ClaSeq/results_updated/KaiB/run1/m_fold_sampling_voting_5jyt/01_m_fold_sampling/round_1/01_sampling/sampling_21/group_2_unrelaxed_rank_001_alphafold2_ptm_model_1_seed_042.pdb,77.80967032967033,0.54983,11,1
/fs/ess/PAA0203/xing244/AF_ClaSeq/results_updated/KaiB/run1/m_fold_sampling_voting_5jyt/01_m_fold_sampling/round_1/01_sampling/sampling_21/group_36_unrelaxed_rank_001_alphafold2_ptm_model_1_seed_042.pdb,85.85098901098901,0.77508,11,1
/fs/ess/PAA0203/xing244/AF_ClaSeq/results_updated/KaiB/run1/m_fold_sampling_voting_5jyt/01_m_fold_sampling/round_1/01_sampling/sampling_1/group_20_unrelaxed_rank_001_alphafold2_ptm_model_1_seed_042.pdb,82.96934065934066,0.75163,11,1
/fs/ess/PAA0203/xing244/AF_ClaSeq/results_updated/KaiB/run1/m_fold_sampling_voting_5jyt/01_m_fold_sampling/round_1/01_sampling/sampling_1/group_44_unrelaxed_rank_001_alphafold2_ptm_model_1_seed_042.pdb,84.95362637362638,0.78285,11,1
/fs/ess/PAA0203/xing244/AF_ClaSeq/results_updated/KaiB/run1/m_fold_sampling_voting_5jyt/01_m_fold_sampling/round_1/01_sampling/sampling_1/group_16_unrelaxed_rank_001_alphafold2_ptm_model_1_seed_042.pdb,69.53494505494506,0.75921,11,1
/fs/ess/PAA0203/xing244/AF_ClaSeq/results_updated/KaiB/run1/m_fold_sampling_voting_5jyt/01_m_fold_sampling/round_1/01_sampling/sampling_1/group_8_unrelaxed_rank_001_alphafold2_ptm_model_1_seed_042.pdb,87.66758241758242,0.81241,11,1
/fs/ess/PAA0203/xing244/AF_ClaSeq/results_updated/KaiB/run1/m_fold_sampling_voting_5jyt/01_m_fold_sampling/round_1/01_sampling/sampling_1/group_48_unrelaxed_rank_001_alphafold2_ptm_model_1_seed_042.pdb,80.87274725274726,0.7981,11,1
/fs/ess/PAA0203/xing244/AF_ClaSeq/results_updated/KaiB/run1/m_fold_sampling_voting_5jyt/01_m_fold_sampling/round_1/01_sampling/sampling_1/group_6_unrelaxed_rank_001_alphafold2_ptm_model_1_seed_042.pdb,85.47758241758241,0.7948,11,1
/fs/ess/PAA0203/xing244/AF_ClaSeq/results_updated/KaiB/run1/m_fold_sampling_voting_5jyt/01_m_fold_sampling/round_1/01_sampling/sampling_1/group_19_unrelaxed_rank_001_alphafold2_ptm_model_1_seed_042.pdb,88.38626373626373,0.80591,11,1
/fs/ess/PAA0203/xing244/AF_ClaSeq/results_updated/KaiB/run1/m_fold_sampling_voting_5jyt/01_m_fold_sampling/round_1/01_sampling/sampling_1/group_13_unrelaxed_rank_001_alphafold2_ptm_model_1_seed_042.pdb,73.73505494505494,0.75944,11,1
/fs/ess/PAA0203/xing244/AF_ClaSeq/results_updated/KaiB/run1/m_fold_sampling_voting_5jyt/01_m_fold_sampling/round_1/01_sampling/sampling_1/group_28_unrelaxed_rank_001_alphafold2_ptm_model_1_seed_042.pdb,83.34450549450548,0.77165,11,1
/fs/ess/PAA0203/xing244/AF_ClaSeq/results_updated/KaiB/run1/m_fold_sampling_voting_5jyt/01_m_fold_sampling/round_1/01_sampling/sampling_1/group_32_unrelaxed_rank_001_alphafold2_ptm_model_1_seed_042.pdb,89.56285714285714,0.80883,11,1
/fs/ess/PAA0203/xing244/AF_ClaSeq/results_updated/KaiB/run1/m_fold_sampling_voting_5jyt/01_m_fold_sampling/round_1/01_sampling/sampling_1/group_22_unrelaxed_rank_001_alphafold2_ptm_model_1_seed_042.pdb,85.19450549450548,0.76115,11,1
/fs/ess/PAA0203/xing244/AF_ClaSeq/results_updated/KaiB/run1/m_fold_sampling_voting_5jyt/01_m_fold_sampling/round_1/01_sampling/sampling_1/group_7_unrelaxed_rank_001_alphafold2_ptm_model_1_seed_042.pdb,63.06835164835166,0.72767,11,1
/fs/ess/PAA0203/xing244/AF_ClaSeq/results_updated/KaiB/run1/m_fold_sampling_voting_5jyt/01_m_fold_sampling/round_1/01_sampling/sampling_1/group_21_unrelaxed_rank_001_alphafold2_ptm_model_1_seed_042.pdb,79.13736263736264,0.78782,11,1
/fs/ess/PAA0203/xing244/AF_ClaSeq/results_updated/KaiB/run1/m_fold_sampling_voting_5jyt/01_m_fold_sampling/round_1/01_sampling/sampling_1/group_41_unrelaxed_rank_001_alphafold2_ptm_model_1_seed_042.pdb,86.04087912087913,0.78136,11,1
/fs/ess/PAA0203/xing244/AF_ClaSeq/results_updated/KaiB/run1/m_fold_sampling_voting_5jyt/01_m_fold_sampling/round_1/01_sampling/sampling_1/group_31_unrelaxed_rank_001_alphafold2_ptm_model_1_seed_042.pdb,86.7220879120879,0.81004,11,1
/fs/ess/PAA0203/xing244/AF_ClaSeq/results_updated/KaiB/run1/m_fold_sampling_voting_5jyt/01_m_fold_sampling/round_1/01_sampling/sampling_1/group_46_unrelaxed_rank_001_alphafold2_ptm_model_1_seed_042.pdb,83.66142857142857,0.76922,11,1
/fs/ess/PAA0203/xing244/AF_ClaSeq/results_updated/KaiB/run1/m_fold_sampling_voting_5jyt/01_m_fold_sampling/round_1/01_sampling/sampling_1/group_17_unrelaxed_rank_001_alphafold2_ptm_model_1_seed_042.pdb,86.09142857142858,0.7907,11,1
/fs/ess/PAA0203/xing244/AF_ClaSeq/results_updated/KaiB/run1/m_fold_sampling_voting_5jyt/01_m_fold_sampling/round_1/01_sampling/sampling_1/group_14_unrelaxed_rank_001_alphafold2_ptm_model_1_seed_042.pdb,88.16021978021978,0.81822,11,1
/fs/ess/PAA0203/xing244/AF_ClaSeq/results_updated/KaiB/run1/m_fold_sampling_voting_5jyt/01_m_fold_sampling/round_1/01_sampling/sampling_1/group_4_unrelaxed_rank_001_alphafold2_ptm_model_1_seed_042.pdb,87.89934065934065,0.80317,11,1
/fs/ess/PAA0203/xing244/AF_ClaSeq/results_updated/KaiB/run1/m_fold_sampling_voting_5jyt/01_m_fold_sampling/round_1/01_sampling/sampling_1/group_12_unrelaxed_rank_001_alphafold2_ptm_model_1_seed_042.pdb,85.99307692307693,0.74321,11,1
/fs/ess/PAA0203/xing244/AF_ClaSeq/results_updated/KaiB/run1/m_fold_sampling_voting_5jyt/01_m_fold_sampling/round_1/01_sampling/sampling_1/group_38_unrelaxed_rank_001_alphafold2_ptm_model_1_seed_042.pdb,80.74582417582417,0.76701,11,1
/fs/ess/PAA0203/xing244/AF_ClaSeq/results_updated/KaiB/run1/m_fold_sampling_voting_5jyt/01_m_fold_sampling/round_1/01_sampling/sampling_1/group_15_unrelaxed_rank_001_alphafold2_ptm_model_1_seed_042.pdb,86.97472527472527,0.78369,11,1
/fs/ess/PAA0203/xing244/AF_ClaSeq/results_updated/KaiB/run1/m_fold_sampling_voting_5jyt/01_m_fold_sampling/round_1/01_sampling/sampling_1/group_23_unrelaxed_rank_001_alphafold2_ptm_model_1_seed_042.pdb,87.86296703296703,0.79502,11,1
/fs/ess/PAA0203/xing244/AF_ClaSeq/results_updated/KaiB/run1/m_fold_sampling_voting_5jyt/01_m_fold_sampling/round_1/01_sampling/sampling_1/group_5_unrelaxed_rank_001_alphafold2_ptm_model_1_seed_042.pdb,87.44747252747253,0.78679,11,1
/fs/ess/PAA0203/xing244/AF_ClaSeq/results_updated/KaiB/run1/m_fold_sampling_voting_5jyt/01_m_fold_sampling/round_1/01_sampling/sampling_1/group_33_unrelaxed_rank_001_alphafold2_ptm_model_1_seed_042.pdb,75.33076923076923,0.76746,11,1
/fs/ess/PAA0203/xing244/AF_ClaSeq/results_updated/KaiB/run1/m_fold_sampling_voting_5jyt/01_m_fold_sampling/round_1/01_sampling/sampling_1/group_27_unrelaxed_rank_001_alphafold2_ptm_model_1_seed_042.pdb,84.29604395604395,0.78292,11,1
/fs/ess/PAA0203/xing244/AF_ClaSeq/results_updated/KaiB/run1/m_fold_sampling_voting_5jyt/01_m_fold_sampling/round_1/01_sampling/sampling_1/group_42_unrelaxed_rank_001_alphafold2_ptm_model_1_seed_042.pdb,74.16054945054945,0.805,11,1
/fs/ess/PAA0203/xing244/AF_ClaSeq/results_updated/KaiB/run1/m_fold_sampling_voting_5jyt/01_m_fold_sampling/round_1/01_sampling/sampling_1/group_10_unrelaxed_rank_001_alphafold2_ptm_model_1_seed_042.pdb,83.25989010989012,0.76941,11,1
/fs/ess/PAA0203/xing244/AF_ClaSeq/results_updated/KaiB/run1/m_fold_sampling_voting_5jyt/01_m_fold_sampling/round_1/01_sampling/sampling_1/group_37_unrelaxed_rank_001_alphafold2_ptm_model_1_seed_042.pdb,85.48307692307692,0.77358,11,1
/fs/ess/PAA0203/xing244/AF_ClaSeq/results_updated/KaiB/run1/m_fold_sampling_voting_5jyt/01_m_fold_sampling/round_1/01_sampling/sampling_1/group_29_unrelaxed_rank_001_alphafold2_ptm_model_1_seed_042.pdb,89.42164835164834,0.77618,11,1
/fs/ess/PAA0203/xing244/AF_ClaSeq/results_updated/KaiB/run1/m_fold_sampling_voting_5jyt/01_m_fold_sampling/round_1/01_sampling/sampling_1/group_18_unrelaxed_rank_001_alphafold2_ptm_model_1_seed_042.pdb,86.96494505494506,0.79511,11,1
/fs/ess/PAA0203/xing244/AF_ClaSeq/results_updated/KaiB/run1/m_fold_sampling_voting_5jyt/01_m_fold_sampling/round_1/01_sampling/sampling_1/group_43_unrelaxed_rank_001_alphafold2_ptm_model_1_seed_042.pdb,83.28516483516484,0.81127,11,1
/fs/ess/PAA0203/xing244/AF_ClaSeq/results_updated/KaiB/run1/m_fold_sampling_voting_5jyt/01_m_fold_sampling/round_1/01_sampling/sampling_1/group_25_unrelaxed_rank_001_alphafold2_ptm_model_1_seed_042.pdb,83.81307692307692,0.79065,11,1
/fs/ess/PAA0203/xing244/AF_ClaSeq/results_updated/KaiB/run1/m_fold_sampling_voting_5jyt/01_m_fold_sampling/round_1/01_sampling/sampling_1/group_3_unrelaxed_rank_001_alphafold2_ptm_model_1_seed_042.pdb,83.99582417582417,0.80143,11,1
/fs/ess/PAA0203/xing244/AF_ClaSeq/results_updated/KaiB/run1/m_fold_sampling_voting_5jyt/01_m_fold_sampling/round_1/01_sampling/sampling_1/group_34_unrelaxed_rank_001_alphafold2_ptm_model_1_seed_042.pdb,85.72714285714285,0.8012,11,1
/fs/ess/PAA0203/xing244/AF_ClaSeq/results_updated/KaiB/run1/m_fold_sampling_voting_5jyt/01_m_fold_sampling/round_1/01_sampling/sampling_1/group_9_unrelaxed_rank_001_alphafold2_ptm_model_1_seed_042.pdb,85.15362637362638,0.77701,11,1
/fs/ess/PAA0203/xing244/AF_ClaSeq/results_updated/KaiB/run1/m_fold_sampling_voting_5jyt/01_m_fold_sampling/round_1/01_sampling/sampling_1/group_47_unrelaxed_rank_001_alphafold2_ptm_model_1_seed_042.pdb,83.41945054945054,0.77851,11,1
/fs/ess/PAA0203/xing244/AF_ClaSeq/results_updated/KaiB/run1/m_fold_sampling_voting_5jyt/01_m_fold_sampling/round_1/01_sampling/sampling_1/group_35_unrelaxed_rank_001_alphafold2_ptm_model_1_seed_042.pdb,81.75021978021978,0.75846,11,1
/fs/ess/PAA0203/xing244/AF_ClaSeq/results_updated/KaiB/run1/m_fold_sampling_voting_5jyt/01_m_fold_sampling/round_1/01_sampling/sampling_1/group_24_unrelaxed_rank_001_alphafold2_ptm_model_1_seed_042.pdb,86.079010989011,0.80141,11,1
/fs/ess/PAA0203/xing244/AF_ClaSeq/results_updated/KaiB/run1/m_fold_sampling_voting_5jyt/01_m_fold_sampling/round_1/01_sampling/sampling_1/group_40_unrelaxed_rank_001_alphafold2_ptm_model_1_seed_042.pdb,76.12648351648352,0.78924,11,1
/fs/ess/PAA0203/xing244/AF_ClaSeq/results_updated/KaiB/run1/m_fold_sampling_voting_5jyt/01_m_fold_sampling/round_1/01_sampling/sampling_1/group_1_unrelaxed_rank_001_alphafold2_ptm_model_1_seed_042.pdb,86.39285714285714,0.78748,11,1
/fs/ess/PAA0203/xing244/AF_ClaSeq/results_updated/KaiB/run1/m_fold_sampling_voting_5jyt/01_m_fold_sampling/round_1/01_sampling/sampling_1/group_30_unrelaxed_rank_001_alphafold2_ptm_model_1_seed_042.pdb,78.98175824175826,0.71992,11,1
/fs/ess/PAA0203/xing244/AF_ClaSeq/results_updated/KaiB/run1/m_fold_sampling_voting_5jyt/01_m_fold_sampling/round_1/01_sampling/sampling_1/group_26_unrelaxed_rank_001_alphafold2_ptm_model_1_seed_042.pdb,57.874505494505506,0.63862,11,1
/fs/ess/PAA0203/xing244/AF_ClaSeq/results_updated/KaiB/run1/m_fold_sampling_voting_5jyt/01_m_fold_sampling/round_1/01_sampling/sampling_1/group_39_unrelaxed_rank_001_alphafold2_ptm_model_1_seed_042.pdb,60.29736263736265,0.51759,11,1
/fs/ess/PAA0203/xing244/AF_ClaSeq/results_updated/KaiB/run1/m_fold_sampling_voting_5jyt/01_m_fold_sampling/round_1/01_sampling/sampling_1/group_11_unrelaxed_rank_001_alphafold2_ptm_model_1_seed_042.pdb,77.1332967032967,0.74255,11,1
/fs/ess/PAA0203/xing244/AF_ClaSeq/results_updated/KaiB/run1/m_fold_sampling_voting_5jyt/01_m_fold_sampling/round_1/01_sampling/sampling_1/group_49_unrelaxed_rank_001_alphafold2_ptm_model_1_seed_042.pdb,86.41648351648351,0.76066,12,1
/fs/ess/PAA0203/xing244/AF_ClaSeq/results_updated/KaiB/run1/m_fold_sampling_voting_5jyt/01_m_fold_sampling/round_1/01_sampling/sampling_1/group_45_unrelaxed_rank_001_alphafold2_ptm_model_1_seed_042.pdb,87.19505494505495,0.8044,11,1
/fs/ess/PAA0203/xing244/AF_ClaSeq/results_updated/KaiB/run1/m_fold_sampling_voting_5jyt/01_m_fold_sampling/round_1/01_sampling/sampling_1/group_2_unrelaxed_rank_001_alphafold2_ptm_model_1_seed_042.pdb,85.93263736263735,0.80087,11,1
/fs/ess/PAA0203/xing244/AF_ClaSeq/results_updated/KaiB/run1/m_fold_sampling_voting_5jyt/01_m_fold_sampling/round_1/01_sampling/sampling_1/group_36_unrelaxed_rank_001_alphafold2_ptm_model_1_seed_042.pdb,86.10274725274725,0.81243,11,1
/fs/ess/PAA0203/xing244/AF_ClaSeq/results_updated/KaiB/run1/m_fold_sampling_voting_5jyt/01_m_fold_sampling/round_1/01_sampling/sampling_46/group_20_unrelaxed_rank_001_alphafold2_ptm_model_1_seed_042.pdb,86.49087912087911,0.79993,11,1
/fs/ess/PAA0203/xing244/AF_ClaSeq/results_updated/KaiB/run1/m_fold_sampling_voting_5jyt/01_m_fold_sampling/round_1/01_sampling/sampling_46/group_44_unrelaxed_rank_001_alphafold2_ptm_model_1_seed_042.pdb,76.9064835164835,0.77997,11,1
/fs/ess/PAA0203/xing244/AF_ClaSeq/results_updated/KaiB/run1/m_fold_sampling_voting_5jyt/01_m_fold_sampling/round_1/01_sampling/sampling_46/group_16_unrelaxed_rank_001_alphafold2_ptm_model_1_seed_042.pdb,86.88626373626373,0.79416,11,1
/fs/ess/PAA0203/xing244/AF_ClaSeq/results_updated/KaiB/run1/m_fold_sampling_voting_5jyt/01_m_fold_sampling/round_1/01_sampling/sampling_46/group_8_unrelaxed_rank_001_alphafold2_ptm_model_1_seed_042.pdb,63.298021978021985,0.67718,11,1
/fs/ess/PAA0203/xing244/AF_ClaSeq/results_updated/KaiB/run1/m_fold_sampling_voting_5jyt/01_m_fold_sampling/round_1/01_sampling/sampling_46/group_48_unrelaxed_rank_001_alphafold2_ptm_model_1_seed_042.pdb,86.47956043956043,0.79599,11,1
/fs/ess/PAA0203/xing244/AF_ClaSeq/results_updated/KaiB/run1/m_fold_sampling_voting_5jyt/01_m_fold_sampling/round_1/01_sampling/sampling_46/group_6_unrelaxed_rank_001_alphafold2_ptm_model_1_seed_042.pdb,85.14582417582417,0.78172,11,1
/fs/ess/PAA0203/xing244/AF_ClaSeq/results_updated/KaiB/run1/m_fold_sampling_voting_5jyt/01_m_fold_sampling/round_1/01_sampling/sampling_46/group_19_unrelaxed_rank_001_alphafold2_ptm_model_1_seed_042.pdb,84.43241758241759,0.77302,11,1
/fs/ess/PAA0203/xing244/AF_ClaSeq/results_updated/KaiB/run1/m_fold_sampling_voting_5jyt/01_m_fold_sampling/round_1/01_sampling/sampling_46/group_13_unrelaxed_rank_001_alphafold2_ptm_model_1_seed_042.pdb,88.13142857142856,0.74596,11,1
/fs/ess/PAA0203/xing244/AF_ClaSeq/results_updated/KaiB/run1/m_fold_sampling_voting_5jyt/01_m_fold_sampling/round_1/01_sampling/sampling_46/group_28_unrelaxed_rank_001_alphafold2_ptm_model_1_seed_042.pdb,85.78824175824177,0.80214,11,1
/fs/ess/PAA0203/xing244/AF_ClaSeq/results_updated/KaiB/run1/m_fold_sampling_voting_5jyt/01_m_fold_sampling/round_1/01_sampling/sampling_46/group_32_unrelaxed_rank_001_alphafold2_ptm_model_1_seed_042.pdb,77.28230769230768,0.75568,11,1
/fs/ess/PAA0203/xing244/AF_ClaSeq/results_updated/KaiB/run1/m_fold_sampling_voting_5jyt/01_m_fold_sampling/round_1/01_sampling/sampling_46/group_22_unrelaxed_rank_001_alphafold2_ptm_model_1_seed_042.pdb,78.19681318681319,0.73454,11,1
/fs/ess/PAA0203/xing244/AF_ClaSeq/results_updated/KaiB/run1/m_fold_sampling_voting_5jyt/01_m_fold_sampling/round_1/01_sampling/sampling_46/group_7_unrelaxed_rank_001_alphafold2_ptm_model_1_seed_042.pdb,60.0179120879121,0.73065,11,1
/fs/ess/PAA0203/xing244/AF_ClaSeq/results_updated/KaiB/run1/m_fold_sampling_voting_5jyt/01_m_fold_sampling/round_1/01_sampling/sampling_46/group_21_unrelaxed_rank_001_alphafold2_ptm_model_1_seed_042.pdb,68.34648351648353,0.60578,11,1
/fs/ess/PAA0203/xing244/AF_ClaSeq/results_updated/KaiB/run1/m_fold_sampling_voting_5jyt/01_m_fold_sampling/round_1/01_sampling/sampling_46/group_41_unrelaxed_rank_001_alphafold2_ptm_model_1_seed_042.pdb,87.11758241758243,0.80466,11,1
/fs/ess/PAA0203/xing244/AF_ClaSeq/results_updated/KaiB/run1/m_fold_sampling_voting_5jyt/01_m_fold_sampling/round_1/01_sampling/sampling_46/group_31_unrelaxed_rank_001_alphafold2_ptm_model_1_seed_042.pdb,89.5487912087912,0.80865,11,1
/fs/ess/PAA0203/xing244/AF_ClaSeq/results_updated/KaiB/run1/m_fold_sampling_voting_5jyt/01_m_fold_sampling/round_1/01_sampling/sampling_46/group_46_unrelaxed_rank_001_alphafold2_ptm_model_1_seed_042.pdb,88.99087912087913,0.82028,11,1
/fs/ess/PAA0203/xing244/AF_ClaSeq/results_updated/KaiB/run1/m_fold_sampling_voting_5jyt/01_m_fold_sampling/round_1/01_sampling/sampling_46/group_17_unrelaxed_rank_001_alphafold2_ptm_model_1_seed_042.pdb,86.15032967032967,0.76447,11,1
/fs/ess/PAA0203/xing244/AF_ClaSeq/results_updated/KaiB/run1/m_fold_sampling_voting_5jyt/01_m_fold_sampling/round_1/01_sampling/sampling_46/group_14_unrelaxed_rank_001_alphafold2_ptm_model_1_seed_042.pdb,83.49912087912088,0.7809,11,1
/fs/ess/PAA0203/xing244/AF_ClaSeq/results_updated/KaiB/run1/m_fold_sampling_voting_5jyt/01_m_fold_sampling/round_1/01_sampling/sampling_46/group_4_unrelaxed_rank_001_alphafold2_ptm_model_1_seed_042.pdb,87.27758241758242,0.78144,11,1
/fs/ess/PAA0203/xing244/AF_ClaSeq/results_updated/KaiB/run1/m_fold_sampling_voting_5jyt/01_m_fold_sampling/round_1/01_sampling/sampling_46/group_12_unrelaxed_rank_001_alphafold2_ptm_model_1_seed_042.pdb,89.09725274725274,0.78947,11,1
/fs/ess/PAA0203/xing244/AF_ClaSeq/results_updated/KaiB/run1/m_fold_sampling_voting_5jyt/01_m_fold_sampling/round_1/01_sampling/sampling_46/group_38_unrelaxed_rank_001_alphafold2_ptm_model_1_seed_042.pdb,88.10747252747254,0.78911,11,1
/fs/ess/PAA0203/xing244/AF_ClaSeq/results_updated/KaiB/run1/m_fold_sampling_voting_5jyt/01_m_fold_sampling/round_1/01_sampling/sampling_46/group_15_unrelaxed_rank_001_alphafold2_ptm_model_1_seed_042.pdb,70.7556043956044,0.73247,11,1
/fs/ess/PAA0203/xing244/AF_ClaSeq/results_updated/KaiB/run1/m_fold_sampling_voting_5jyt/01_m_fold_sampling/round_1/01_sampling/sampling_46/group_23_unrelaxed_rank_001_alphafold2_ptm_model_1_seed_042.pdb,73.76318681318682,0.74381,11,1
/fs/ess/PAA0203/xing244/AF_ClaSeq/results_updated/KaiB/run1/m_fold_sampling_voting_5jyt/01_m_fold_sampling/round_1/01_sampling/sampling_46/group_5_unrelaxed_rank_001_alphafold2_ptm_model_1_seed_042.pdb,89.24857142857144,0.81601,11,1
/fs/ess/PAA0203/xing244/AF_ClaSeq/results_updated/KaiB/run1/m_fold_sampling_voting_5jyt/01_m_fold_sampling/round_1/01_sampling/sampling_46/group_33_unrelaxed_rank_001_alphafold2_ptm_model_1_seed_042.pdb,86.13714285714285,0.79182,11,1
/fs/ess/PAA0203/xing244/AF_ClaSeq/results_updated/KaiB/run1/m_fold_sampling_voting_5jyt/01_m_fold_sampling/round_1/01_sampling/sampling_46/group_27_unrelaxed_rank_001_alphafold2_ptm_model_1_seed_042.pdb,77.55978021978022,0.78447,11,1
/fs/ess/PAA0203/xing244/AF_ClaSeq/results_updated/KaiB/run1/m_fold_sampling_voting_5jyt/01_m_fold_sampling/round_1/01_sampling/sampling_46/group_42_unrelaxed_rank_001_alphafold2_ptm_model_1_seed_042.pdb,84.3123076923077,0.78123,11,1
/fs/ess/PAA0203/xing244/AF_ClaSeq/results_updated/KaiB/run1/m_fold_sampling_voting_5jyt/01_m_fold_sampling/round_1/01_sampling/sampling_46/group_10_unrelaxed_rank_001_alphafold2_ptm_model_1_seed_042.pdb,87.51725274725274,0.80009,11,1
/fs/ess/PAA0203/xing244/AF_ClaSeq/results_updated/KaiB/run1/m_fold_sampling_voting_5jyt/01_m_fold_sampling/round_1/01_sampling/sampling_46/group_37_unrelaxed_rank_001_alphafold2_ptm_model_1_seed_042.pdb,88.76934065934066,0.79479,11,1
/fs/ess/PAA0203/xing244/AF_ClaSeq/results_updated/KaiB/run1/m_fold_sampling_voting_5jyt/01_m_fold_sampling/round_1/01_sampling/sampling_46/group_29_unrelaxed_rank_001_alphafold2_ptm_model_1_seed_042.pdb,82.52648351648352,0.80392,11,1
/fs/ess/PAA0203/xing244/AF_ClaSeq/results_updated/KaiB/run1/m_fold_sampling_voting_5jyt/01_m_fold_sampling/round_1/01_sampling/sampling_46/group_18_unrelaxed_rank_001_alphafold2_ptm_model_1_seed_042.pdb,83.71186813186813,0.79597,11,1
/fs/ess/PAA0203/xing244/AF_ClaSeq/results_updated/KaiB/run1/m_fold_sampling_voting_5jyt/01_m_fold_sampling/round_1/01_sampling/sampling_46/group_43_unrelaxed_rank_001_alphafold2_ptm_model_1_seed_042.pdb,84.42714285714285,0.80524,11,1
/fs/ess/PAA0203/xing244/AF_ClaSeq/results_updated/KaiB/run1/m_fold_sampling_voting_5jyt/01_m_fold_sampling/round_1/01_sampling/sampling_46/group_25_unrelaxed_rank_001_alphafold2_ptm_model_1_seed_042.pdb,58.035384615384615,0.67686,11,1
/fs/ess/PAA0203/xing244/AF_ClaSeq/results_updated/KaiB/run1/m_fold_sampling_voting_5jyt/01_m_fold_sampling/round_1/01_sampling/sampling_46/group_3_unrelaxed_rank_001_alphafold2_ptm_model_1_seed_042.pdb,79.76725274725275,0.76685,11,1
/fs/ess/PAA0203/xing244/AF_ClaSeq/results_updated/KaiB/run1/m_fold_sampling_voting_5jyt/01_m_fold_sampling/round_1/01_sampling/sampling_46/group_34_unrelaxed_rank_001_alphafold2_ptm_model_1_seed_042.pdb,86.8934065934066,0.79683,11,1
/fs/ess/PAA0203/xing244/AF_ClaSeq/results_updated/KaiB/run1/m_fold_sampling_voting_5jyt/01_m_fold_sampling/round_1/01_sampling/sampling_46/group_9_unrelaxed_rank_001_alphafold2_ptm_model_1_seed_042.pdb,84.58076923076923,0.77796,11,1
/fs/ess/PAA0203/xing244/AF_ClaSeq/results_updated/KaiB/run1/m_fold_sampling_voting_5jyt/01_m_fold_sampling/round_1/01_sampling/sampling_46/group_47_unrelaxed_rank_001_alphafold2_ptm_model_1_seed_042.pdb,84.33263736263737,0.80021,11,1
/fs/ess/PAA0203/xing244/AF_ClaSeq/results_updated/KaiB/run1/m_fold_sampling_voting_5jyt/01_m_fold_sampling/round_1/01_sampling/sampling_46/group_35_unrelaxed_rank_001_alphafold2_ptm_model_1_seed_042.pdb,84.29626373626374,0.80263,11,1
/fs/ess/PAA0203/xing244/AF_ClaSeq/results_updated/KaiB/run1/m_fold_sampling_voting_5jyt/01_m_fold_sampling/round_1/01_sampling/sampling_46/group_24_unrelaxed_rank_001_alphafold2_ptm_model_1_seed_042.pdb,88.26373626373626,0.80623,11,1
/fs/ess/PAA0203/xing244/AF_ClaSeq/results_updated/KaiB/run1/m_fold_sampling_voting_5jyt/01_m_fold_sampling/round_1/01_sampling/sampling_46/group_40_unrelaxed_rank_001_alphafold2_ptm_model_1_seed_042.pdb,83.69978021978021,0.76854,11,1
/fs/ess/PAA0203/xing244/AF_ClaSeq/results_updated/KaiB/run1/m_fold_sampling_voting_5jyt/01_m_fold_sampling/round_1/01_sampling/sampling_46/group_1_unrelaxed_rank_001_alphafold2_ptm_model_1_seed_042.pdb,89.48087912087912,0.80761,11,1
/fs/ess/PAA0203/xing244/AF_ClaSeq/results_updated/KaiB/run1/m_fold_sampling_voting_5jyt/01_m_fold_sampling/round_1/01_sampling/sampling_46/group_30_unrelaxed_rank_001_alphafold2_ptm_model_1_seed_042.pdb,85.21791208791208,0.78653,11,1
/fs/ess/PAA0203/xing244/AF_ClaSeq/results_updated/KaiB/run1/m_fold_sampling_voting_5jyt/01_m_fold_sampling/round_1/01_sampling/sampling_46/group_26_unrelaxed_rank_001_alphafold2_ptm_model_1_seed_042.pdb,88.89428571428573,0.80745,11,1
/fs/ess/PAA0203/xing244/AF_ClaSeq/results_updated/KaiB/run1/m_fold_sampling_voting_5jyt/01_m_fold_sampling/round_1/01_sampling/sampling_46/group_39_unrelaxed_rank_001_alphafold2_ptm_model_1_seed_042.pdb,74.81153846153846,0.77957,11,1
/fs/ess/PAA0203/xing244/AF_ClaSeq/results_updated/KaiB/run1/m_fold_sampling_voting_5jyt/01_m_fold_sampling/round_1/01_sampling/sampling_46/group_11_unrelaxed_rank_001_alphafold2_ptm_model_1_seed_042.pdb,84.91571428571427,0.7418,11,1
/fs/ess/PAA0203/xing244/AF_ClaSeq/results_updated/KaiB/run1/m_fold_sampling_voting_5jyt/01_m_fold_sampling/round_1/01_sampling/sampling_46/group_49_unrelaxed_rank_001_alphafold2_ptm_model_1_seed_042.pdb,83.91527472527473,0.74796,12,1
/fs/ess/PAA0203/xing244/AF_ClaSeq/results_updated/KaiB/run1/m_fold_sampling_voting_5jyt/01_m_fold_sampling/round_1/01_sampling/sampling_46/group_45_unrelaxed_rank_001_alphafold2_ptm_model_1_seed_042.pdb,86.1289010989011,0.80856,11,1
/fs/ess/PAA0203/xing244/AF_ClaSeq/results_updated/KaiB/run1/m_fold_sampling_voting_5jyt/01_m_fold_sampling/round_1/01_sampling/sampling_46/group_2_unrelaxed_rank_001_alphafold2_ptm_model_1_seed_042.pdb,85.36153846153847,0.79596,11,1
/fs/ess/PAA0203/xing244/AF_ClaSeq/results_updated/KaiB/run1/m_fold_sampling_voting_5jyt/01_m_fold_sampling/round_1/01_sampling/sampling_46/group_36_unrelaxed_rank_001_alphafold2_ptm_model_1_seed_042.pdb,65.12857142857143,0.65129,11,1
/fs/ess/PAA0203/xing244/AF_ClaSeq/results_updated/KaiB/run1/m_fold_sampling_voting_5jyt/01_m_fold_sampling/round_1/01_sampling/sampling_5/group_20_unrelaxed_rank_001_alphafold2_ptm_model_1_seed_042.pdb,57.98010989010989,0.58299,11,1
/fs/ess/PAA0203/xing244/AF_ClaSeq/results_updated/KaiB/run1/m_fold_sampling_voting_5jyt/01_m_fold_sampling/round_1/01_sampling/sampling_5/group_44_unrelaxed_rank_001_alphafold2_ptm_model_1_seed_042.pdb,88.99274725274725,0.81193,11,1
/fs/ess/PAA0203/xing244/AF_ClaSeq/results_updated/KaiB/run1/m_fold_sampling_voting_5jyt/01_m_fold_sampling/round_1/01_sampling/sampling_5/group_16_unrelaxed_rank_001_alphafold2_ptm_model_1_seed_042.pdb,82.8278021978022,0.74893,11,1
/fs/ess/PAA0203/xing244/AF_ClaSeq/results_updated/KaiB/run1/m_fold_sampling_voting_5jyt/01_m_fold_sampling/round_1/01_sampling/sampling_5/group_8_unrelaxed_rank_001_alphafold2_ptm_model_1_seed_042.pdb,78.12472527472528,0.75917,11,1
/fs/ess/PAA0203/xing244/AF_ClaSeq/results_updated/KaiB/run1/m_fold_sampling_voting_5jyt/01_m_fold_sampling/round_1/01_sampling/sampling_5/group_48_unrelaxed_rank_001_alphafold2_ptm_model_1_seed_042.pdb,77.16483516483517,0.71844,11,1
/fs/ess/PAA0203/xing244/AF_ClaSeq/results_updated/KaiB/run1/m_fold_sampling_voting_5jyt/01_m_fold_sampling/round_1/01_sampling/sampling_5/group_6_unrelaxed_rank_001_alphafold2_ptm_model_1_seed_042.pdb,83.54505494505494,0.81405,11,1
/fs/ess/PAA0203/xing244/AF_ClaSeq/results_updated/KaiB/run1/m_fold_sampling_voting_5jyt/01_m_fold_sampling/round_1/01_sampling/sampling_5/group_19_unrelaxed_rank_001_alphafold2_ptm_model_1_seed_042.pdb,82.37934065934067,0.77329,11,1
/fs/ess/PAA0203/xing244/AF_ClaSeq/results_updated/KaiB/run1/m_fold_sampling_voting_5jyt/01_m_fold_sampling/round_1/01_sampling/sampling_5/group_13_unrelaxed_rank_001_alphafold2_ptm_model_1_seed_042.pdb,85.95406593406594,0.76169,11,1
/fs/ess/PAA0203/xing244/AF_ClaSeq/results_updated/KaiB/run1/m_fold_sampling_voting_5jyt/01_m_fold_sampling/round_1/01_sampling/sampling_5/group_28_unrelaxed_rank_001_alphafold2_ptm_model_1_seed_042.pdb,86.00175824175824,0.79084,11,1
/fs/ess/PAA0203/xing244/AF_ClaSeq/results_updated/KaiB/run1/m_fold_sampling_voting_5jyt/01_m_fold_sampling/round_1/01_sampling/sampling_5/group_32_unrelaxed_rank_001_alphafold2_ptm_model_1_seed_042.pdb,87.27989010989012,0.79867,11,1
/fs/ess/PAA0203/xing244/AF_ClaSeq/results_updated/KaiB/run1/m_fold_sampling_voting_5jyt/01_m_fold_sampling/round_1/01_sampling/sampling_5/group_22_unrelaxed_rank_001_alphafold2_ptm_model_1_seed_042.pdb,86.32472527472528,0.76588,11,1
/fs/ess/PAA0203/xing244/AF_ClaSeq/results_updated/KaiB/run1/m_fold_sampling_voting_5jyt/01_m_fold_sampling/round_1/01_sampling/sampling_5/group_7_unrelaxed_rank_001_alphafold2_ptm_model_1_seed_042.pdb,83.88604395604396,0.76325,11,1
/fs/ess/PAA0203/xing244/AF_ClaSeq/results_updated/KaiB/run1/m_fold_sampling_voting_5jyt/01_m_fold_sampling/round_1/01_sampling/sampling_5/group_21_unrelaxed_rank_001_alphafold2_ptm_model_1_seed_042.pdb,61.71703296703298,0.67408,11,1
/fs/ess/PAA0203/xing244/AF_ClaSeq/results_updated/KaiB/run1/m_fold_sampling_voting_5jyt/01_m_fold_sampling/round_1/01_sampling/sampling_5/group_41_unrelaxed_rank_001_alphafold2_ptm_model_1_seed_042.pdb,79.3021978021978,0.75333,11,1
/fs/ess/PAA0203/xing244/AF_ClaSeq/results_updated/KaiB/run1/m_fold_sampling_voting_5jyt/01_m_fold_sampling/round_1/01_sampling/sampling_5/group_31_unrelaxed_rank_001_alphafold2_ptm_model_1_seed_042.pdb,87.43945054945054,0.79478,11,1
/fs/ess/PAA0203/xing244/AF_ClaSeq/results_updated/KaiB/run1/m_fold_sampling_voting_5jyt/01_m_fold_sampling/round_1/01_sampling/sampling_5/group_46_unrelaxed_rank_001_alphafold2_ptm_model_1_seed_042.pdb,82.13142857142857,0.62374,11,1
/fs/ess/PAA0203/xing244/AF_ClaSeq/results_updated/KaiB/run1/m_fold_sampling_voting_5jyt/01_m_fold_sampling/round_1/01_sampling/sampling_5/group_17_unrelaxed_rank_001_alphafold2_ptm_model_1_seed_042.pdb,88.69560439560439,0.78828,11,1
/fs/ess/PAA0203/xing244/AF_ClaSeq/results_updated/KaiB/run1/m_fold_sampling_voting_5jyt/01_m_fold_sampling/round_1/01_sampling/sampling_5/group_14_unrelaxed_rank_001_alphafold2_ptm_model_1_seed_042.pdb,88.84395604395604,0.79977,11,1
/fs/ess/PAA0203/xing244/AF_ClaSeq/results_updated/KaiB/run1/m_fold_sampling_voting_5jyt/01_m_fold_sampling/round_1/01_sampling/sampling_5/group_4_unrelaxed_rank_001_alphafold2_ptm_model_1_seed_042.pdb,89.1521978021978,0.81379,11,1
/fs/ess/PAA0203/xing244/AF_ClaSeq/results_updated/KaiB/run1/m_fold_sampling_voting_5jyt/01_m_fold_sampling/round_1/01_sampling/sampling_5/group_12_unrelaxed_rank_001_alphafold2_ptm_model_1_seed_042.pdb,76.90373626373626,0.74717,11,1
/fs/ess/PAA0203/xing244/AF_ClaSeq/results_updated/KaiB/run1/m_fold_sampling_voting_5jyt/01_m_fold_sampling/round_1/01_sampling/sampling_5/group_38_unrelaxed_rank_001_alphafold2_ptm_model_1_seed_042.pdb,87.10857142857142,0.80051,11,1
/fs/ess/PAA0203/xing244/AF_ClaSeq/results_updated/KaiB/run1/m_fold_sampling_voting_5jyt/01_m_fold_sampling/round_1/01_sampling/sampling_5/group_15_unrelaxed_rank_001_alphafold2_ptm_model_1_seed_042.pdb,89.52241758241759,0.8103,11,1
/fs/ess/PAA0203/xing244/AF_ClaSeq/results_updated/KaiB/run1/m_fold_sampling_voting_5jyt/01_m_fold_sampling/round_1/01_sampling/sampling_5/group_23_unrelaxed_rank_001_alphafold2_ptm_model_1_seed_042.pdb,82.9589010989011,0.79428,11,1
/fs/ess/PAA0203/xing244/AF_ClaSeq/results_updated/KaiB/run1/m_fold_sampling_voting_5jyt/01_m_fold_sampling/round_1/01_sampling/sampling_5/group_5_unrelaxed_rank_001_alphafold2_ptm_model_1_seed_042.pdb,86.33307692307692,0.8107,11,1
/fs/ess/PAA0203/xing244/AF_ClaSeq/results_updated/KaiB/run1/m_fold_sampling_voting_5jyt/01_m_fold_sampling/round_1/01_sampling/sampling_5/group_33_unrelaxed_rank_001_alphafold2_ptm_model_1_seed_042.pdb,89.88032967032967,0.80931,11,1
/fs/ess/PAA0203/xing244/AF_ClaSeq/results_updated/KaiB/run1/m_fold_sampling_voting_5jyt/01_m_fold_sampling/round_1/01_sampling/sampling_5/group_27_unrelaxed_rank_001_alphafold2_ptm_model_1_seed_042.pdb,83.40604395604396,0.76736,11,1
/fs/ess/PAA0203/xing244/AF_ClaSeq/results_updated/KaiB/run1/m_fold_sampling_voting_5jyt/01_m_fold_sampling/round_1/01_sampling/sampling_5/group_42_unrelaxed_rank_001_alphafold2_ptm_model_1_seed_042.pdb,83.87318681318682,0.76111,11,1
/fs/ess/PAA0203/xing244/AF_ClaSeq/results_updated/KaiB/run1/m_fold_sampling_voting_5jyt/01_m_fold_sampling/round_1/01_sampling/sampling_5/group_10_unrelaxed_rank_001_alphafold2_ptm_model_1_seed_042.pdb,83.20912087912089,0.74448,11,1
/fs/ess/PAA0203/xing244/AF_ClaSeq/results_updated/KaiB/run1/m_fold_sampling_voting_5jyt/01_m_fold_sampling/round_1/01_sampling/sampling_5/group_37_unrelaxed_rank_001_alphafold2_ptm_model_1_seed_042.pdb,88.92582417582418,0.80115,11,1
/fs/ess/PAA0203/xing244/AF_ClaSeq/results_updated/KaiB/run1/m_fold_sampling_voting_5jyt/01_m_fold_sampling/round_1/01_sampling/sampling_5/group_29_unrelaxed_rank_001_alphafold2_ptm_model_1_seed_042.pdb,72.79318681318682,0.7672,11,1
/fs/ess/PAA0203/xing244/AF_ClaSeq/results_updated/KaiB/run1/m_fold_sampling_voting_5jyt/01_m_fold_sampling/round_1/01_sampling/sampling_5/group_18_unrelaxed_rank_001_alphafold2_ptm_model_1_seed_042.pdb,68.58428571428571,0.79127,11,1
/fs/ess/PAA0203/xing244/AF_ClaSeq/results_updated/KaiB/run1/m_fold_sampling_voting_5jyt/01_m_fold_sampling/round_1/01_sampling/sampling_5/group_43_unrelaxed_rank_001_alphafold2_ptm_model_1_seed_042.pdb,78.18582417582418,0.77718,11,1
/fs/ess/PAA0203/xing244/AF_ClaSeq/results_updated/KaiB/run1/m_fold_sampling_voting_5jyt/01_m_fold_sampling/round_1/01_sampling/sampling_5/group_25_unrelaxed_rank_001_alphafold2_ptm_model_1_seed_042.pdb,84.55626373626373,0.78543,11,1
/fs/ess/PAA0203/xing244/AF_ClaSeq/results_updated/KaiB/run1/m_fold_sampling_voting_5jyt/01_m_fold_sampling/round_1/01_sampling/sampling_5/group_3_unrelaxed_rank_001_alphafold2_ptm_model_1_seed_042.pdb,66.18637362637362,0.66402,11,1
/fs/ess/PAA0203/xing244/AF_ClaSeq/results_updated/KaiB/run1/m_fold_sampling_voting_5jyt/01_m_fold_sampling/round_1/01_sampling/sampling_5/group_34_unrelaxed_rank_001_alphafold2_ptm_model_1_seed_042.pdb,84.3268131868132,0.79182,11,1
/fs/ess/PAA0203/xing244/AF_ClaSeq/results_updated/KaiB/run1/m_fold_sampling_voting_5jyt/01_m_fold_sampling/round_1/01_sampling/sampling_5/group_9_unrelaxed_rank_001_alphafold2_ptm_model_1_seed_042.pdb,87.84307692307692,0.78974,11,1
/fs/ess/PAA0203/xing244/AF_ClaSeq/results_updated/KaiB/run1/m_fold_sampling_voting_5jyt/01_m_fold_sampling/round_1/01_sampling/sampling_5/group_47_unrelaxed_rank_001_alphafold2_ptm_model_1_seed_042.pdb,85.4635164835165,0.76736,11,1
/fs/ess/PAA0203/xing244/AF_ClaSeq/results_updated/KaiB/run1/m_fold_sampling_voting_5jyt/01_m_fold_sampling/round_1/01_sampling/sampling_5/group_35_unrelaxed_rank_001_alphafold2_ptm_model_1_seed_042.pdb,87.69472527472527,0.79572,11,1
/fs/ess/PAA0203/xing244/AF_ClaSeq/results_updated/KaiB/run1/m_fold_sampling_voting_5jyt/01_m_fold_sampling/round_1/01_sampling/sampling_5/group_24_unrelaxed_rank_001_alphafold2_ptm_model_1_seed_042.pdb,84.6389010989011,0.7595,11,1
/fs/ess/PAA0203/xing244/AF_ClaSeq/results_updated/KaiB/run1/m_fold_sampling_voting_5jyt/01_m_fold_sampling/round_1/01_sampling/sampling_5/group_40_unrelaxed_rank_001_alphafold2_ptm_model_1_seed_042.pdb,87.75780219780219,0.79612,11,1
/fs/ess/PAA0203/xing244/AF_ClaSeq/results_updated/KaiB/run1/m_fold_sampling_voting_5jyt/01_m_fold_sampling/round_1/01_sampling/sampling_5/group_1_unrelaxed_rank_001_alphafold2_ptm_model_1_seed_042.pdb,86.5298901098901,0.79375,11,1
/fs/ess/PAA0203/xing244/AF_ClaSeq/results_updated/KaiB/run1/m_fold_sampling_voting_5jyt/01_m_fold_sampling/round_1/01_sampling/sampling_5/group_30_unrelaxed_rank_001_alphafold2_ptm_model_1_seed_042.pdb,87.40791208791208,0.76224,11,1
/fs/ess/PAA0203/xing244/AF_ClaSeq/results_updated/KaiB/run1/m_fold_sampling_voting_5jyt/01_m_fold_sampling/round_1/01_sampling/sampling_5/group_26_unrelaxed_rank_001_alphafold2_ptm_model_1_seed_042.pdb,90.21604395604396,0.78753,11,1
/fs/ess/PAA0203/xing244/AF_ClaSeq/results_updated/KaiB/run1/m_fold_sampling_voting_5jyt/01_m_fold_sampling/round_1/01_sampling/sampling_5/group_39_unrelaxed_rank_001_alphafold2_ptm_model_1_seed_042.pdb,87.05241758241759,0.80232,11,1
/fs/ess/PAA0203/xing244/AF_ClaSeq/results_updated/KaiB/run1/m_fold_sampling_voting_5jyt/01_m_fold_sampling/round_1/01_sampling/sampling_5/group_11_unrelaxed_rank_001_alphafold2_ptm_model_1_seed_042.pdb,77.53494505494506,0.73723,11,1
/fs/ess/PAA0203/xing244/AF_ClaSeq/results_updated/KaiB/run1/m_fold_sampling_voting_5jyt/01_m_fold_sampling/round_1/01_sampling/sampling_5/group_49_unrelaxed_rank_001_alphafold2_ptm_model_1_seed_042.pdb,87.9676923076923,0.8133,12,1
/fs/ess/PAA0203/xing244/AF_ClaSeq/results_updated/KaiB/run1/m_fold_sampling_voting_5jyt/01_m_fold_sampling/round_1/01_sampling/sampling_5/group_45_unrelaxed_rank_001_alphafold2_ptm_model_1_seed_042.pdb,83.8621978021978,0.78586,11,1
/fs/ess/PAA0203/xing244/AF_ClaSeq/results_updated/KaiB/run1/m_fold_sampling_voting_5jyt/01_m_fold_sampling/round_1/01_sampling/sampling_5/group_2_unrelaxed_rank_001_alphafold2_ptm_model_1_seed_042.pdb,75.3845054945055,0.77492,11,1
/fs/ess/PAA0203/xing244/AF_ClaSeq/results_updated/KaiB/run1/m_fold_sampling_voting_5jyt/01_m_fold_sampling/round_1/01_sampling/sampling_5/group_36_unrelaxed_rank_001_alphafold2_ptm_model_1_seed_042.pdb,84.90142857142857,0.79812,11,1
/fs/ess/PAA0203/xing244/AF_ClaSeq/results_updated/KaiB/run1/m_fold_sampling_voting_5jyt/01_m_fold_sampling/round_1/01_sampling/sampling_19/group_20_unrelaxed_rank_001_alphafold2_ptm_model_1_seed_042.pdb,87.39175824175823,0.79028,11,1
/fs/ess/PAA0203/xing244/AF_ClaSeq/results_updated/KaiB/run1/m_fold_sampling_voting_5jyt/01_m_fold_sampling/round_1/01_sampling/sampling_19/group_44_unrelaxed_rank_001_alphafold2_ptm_model_1_seed_042.pdb,79.94461538461539,0.79257,11,1
/fs/ess/PAA0203/xing244/AF_ClaSeq/results_updated/KaiB/run1/m_fold_sampling_voting_5jyt/01_m_fold_sampling/round_1/01_sampling/sampling_19/group_16_unrelaxed_rank_001_alphafold2_ptm_model_1_seed_042.pdb,87.52692307692308,0.81596,11,1
/fs/ess/PAA0203/xing244/AF_ClaSeq/results_updated/KaiB/run1/m_fold_sampling_voting_5jyt/01_m_fold_sampling/round_1/01_sampling/sampling_19/group_8_unrelaxed_rank_001_alphafold2_ptm_model_1_seed_042.pdb,88.45241758241757,0.7823,11,1
/fs/ess/PAA0203/xing244/AF_ClaSeq/results_updated/KaiB/run1/m_fold_sampling_voting_5jyt/01_m_fold_sampling/round_1/01_sampling/sampling_19/group_48_unrelaxed_rank_001_alphafold2_ptm_model_1_seed_042.pdb,85.25648351648351,0.74602,11,1
/fs/ess/PAA0203/xing244/AF_ClaSeq/results_updated/KaiB/run1/m_fold_sampling_voting_5jyt/01_m_fold_sampling/round_1/01_sampling/sampling_19/group_6_unrelaxed_rank_001_alphafold2_ptm_model_1_seed_042.pdb,61.89538461538461,0.65415,11,1
/fs/ess/PAA0203/xing244/AF_ClaSeq/results_updated/KaiB/run1/m_fold_sampling_voting_5jyt/01_m_fold_sampling/round_1/01_sampling/sampling_19/group_19_unrelaxed_rank_001_alphafold2_ptm_model_1_seed_042.pdb,83.39164835164834,0.8076,11,1
/fs/ess/PAA0203/xing244/AF_ClaSeq/results_updated/KaiB/run1/m_fold_sampling_voting_5jyt/01_m_fold_sampling/round_1/01_sampling/sampling_19/group_13_unrelaxed_rank_001_alphafold2_ptm_model_1_seed_042.pdb,83.85692307692307,0.76996,11,1
/fs/ess/PAA0203/xing244/AF_ClaSeq/results_updated/KaiB/run1/m_fold_sampling_voting_5jyt/01_m_fold_sampling/round_1/01_sampling/sampling_19/group_28_unrelaxed_rank_001_alphafold2_ptm_model_1_seed_042.pdb,85.30186813186813,0.78702,11,1
/fs/ess/PAA0203/xing244/AF_ClaSeq/results_updated/KaiB/run1/m_fold_sampling_voting_5jyt/01_m_fold_sampling/round_1/01_sampling/sampling_19/group_32_unrelaxed_rank_001_alphafold2_ptm_model_1_seed_042.pdb,87.27000000000001,0.80088,11,1
/fs/ess/PAA0203/xing244/AF_ClaSeq/results_updated/KaiB/run1/m_fold_sampling_voting_5jyt/01_m_fold_sampling/round_1/01_sampling/sampling_19/group_22_unrelaxed_rank_001_alphafold2_ptm_model_1_seed_042.pdb,88.92131868131868,0.81711,11,1
/fs/ess/PAA0203/xing244/AF_ClaSeq/results_updated/KaiB/run1/m_fold_sampling_voting_5jyt/01_m_fold_sampling/round_1/01_sampling/sampling_19/group_7_unrelaxed_rank_001_alphafold2_ptm_model_1_seed_042.pdb,82.0657142857143,0.74534,11,1
/fs/ess/PAA0203/xing244/AF_ClaSeq/results_updated/KaiB/run1/m_fold_sampling_voting_5jyt/01_m_fold_sampling/round_1/01_sampling/sampling_19/group_21_unrelaxed_rank_001_alphafold2_ptm_model_1_seed_042.pdb,88.24142857142857,0.79303,11,1
/fs/ess/PAA0203/xing244/AF_ClaSeq/results_updated/KaiB/run1/m_fold_sampling_voting_5jyt/01_m_fold_sampling/round_1/01_sampling/sampling_19/group_41_unrelaxed_rank_001_alphafold2_ptm_model_1_seed_042.pdb,87.75824175824175,0.80363,11,1
/fs/ess/PAA0203/xing244/AF_ClaSeq/results_updated/KaiB/run1/m_fold_sampling_voting_5jyt/01_m_fold_sampling/round_1/01_sampling/sampling_19/group_31_unrelaxed_rank_001_alphafold2_ptm_model_1_seed_042.pdb,87.19043956043957,0.81192,11,1
/fs/ess/PAA0203/xing244/AF_ClaSeq/results_updated/KaiB/run1/m_fold_sampling_voting_5jyt/01_m_fold_sampling/round_1/01_sampling/sampling_19/group_46_unrelaxed_rank_001_alphafold2_ptm_model_1_seed_042.pdb,80.31021978021978,0.75908,11,1
/fs/ess/PAA0203/xing244/AF_ClaSeq/results_updated/KaiB/run1/m_fold_sampling_voting_5jyt/01_m_fold_sampling/round_1/01_sampling/sampling_19/group_17_unrelaxed_rank_001_alphafold2_ptm_model_1_seed_042.pdb,89.31835164835164,0.81501,11,1
/fs/ess/PAA0203/xing244/AF_ClaSeq/results_updated/KaiB/run1/m_fold_sampling_voting_5jyt/01_m_fold_sampling/round_1/01_sampling/sampling_19/group_14_unrelaxed_rank_001_alphafold2_ptm_model_1_seed_042.pdb,85.81835164835165,0.78259,11,1
/fs/ess/PAA0203/xing244/AF_ClaSeq/results_updated/KaiB/run1/m_fold_sampling_voting_5jyt/01_m_fold_sampling/round_1/01_sampling/sampling_19/group_4_unrelaxed_rank_001_alphafold2_ptm_model_1_seed_042.pdb,86.35615384615384,0.80397,11,1
/fs/ess/PAA0203/xing244/AF_ClaSeq/results_updated/KaiB/run1/m_fold_sampling_voting_5jyt/01_m_fold_sampling/round_1/01_sampling/sampling_19/group_12_unrelaxed_rank_001_alphafold2_ptm_model_1_seed_042.pdb,82.33318681318681,0.78795,11,1
/fs/ess/PAA0203/xing244/AF_ClaSeq/results_updated/KaiB/run1/m_fold_sampling_voting_5jyt/01_m_fold_sampling/round_1/01_sampling/sampling_19/group_38_unrelaxed_rank_001_alphafold2_ptm_model_1_seed_042.pdb,63.92868131868132,0.76384,11,1
/fs/ess/PAA0203/xing244/AF_ClaSeq/results_updated/KaiB/run1/m_fold_sampling_voting_5jyt/01_m_fold_sampling/round_1/01_sampling/sampling_19/group_15_unrelaxed_rank_001_alphafold2_ptm_model_1_seed_042.pdb,89.1268131868132,0.77744,11,1
/fs/ess/PAA0203/xing244/AF_ClaSeq/results_updated/KaiB/run1/m_fold_sampling_voting_5jyt/01_m_fold_sampling/round_1/01_sampling/sampling_19/group_23_unrelaxed_rank_001_alphafold2_ptm_model_1_seed_042.pdb,82.59384615384616,0.74062,11,1
/fs/ess/PAA0203/xing244/AF_ClaSeq/results_updated/KaiB/run1/m_fold_sampling_voting_5jyt/01_m_fold_sampling/round_1/01_sampling/sampling_19/group_5_unrelaxed_rank_001_alphafold2_ptm_model_1_seed_042.pdb,85.52703296703297,0.78171,11,1
/fs/ess/PAA0203/xing244/AF_ClaSeq/results_updated/KaiB/run1/m_fold_sampling_voting_5jyt/01_m_fold_sampling/round_1/01_sampling/sampling_19/group_33_unrelaxed_rank_001_alphafold2_ptm_model_1_seed_042.pdb,80.66802197802198,0.80748,11,1
/fs/ess/PAA0203/xing244/AF_ClaSeq/results_updated/KaiB/run1/m_fold_sampling_voting_5jyt/01_m_fold_sampling/round_1/01_sampling/sampling_19/group_27_unrelaxed_rank_001_alphafold2_ptm_model_1_seed_042.pdb,85.98076923076923,0.80308,11,1
/fs/ess/PAA0203/xing244/AF_ClaSeq/results_updated/KaiB/run1/m_fold_sampling_voting_5jyt/01_m_fold_sampling/round_1/01_sampling/sampling_19/group_42_unrelaxed_rank_001_alphafold2_ptm_model_1_seed_042.pdb,88.01208791208789,0.81569,11,1
/fs/ess/PAA0203/xing244/AF_ClaSeq/results_updated/KaiB/run1/m_fold_sampling_voting_5jyt/01_m_fold_sampling/round_1/01_sampling/sampling_19/group_10_unrelaxed_rank_001_alphafold2_ptm_model_1_seed_042.pdb,88.43945054945054,0.81189,11,1
/fs/ess/PAA0203/xing244/AF_ClaSeq/results_updated/KaiB/run1/m_fold_sampling_voting_5jyt/01_m_fold_sampling/round_1/01_sampling/sampling_19/group_37_unrelaxed_rank_001_alphafold2_ptm_model_1_seed_042.pdb,84.2402197802198,0.79448,11,1
/fs/ess/PAA0203/xing244/AF_ClaSeq/results_updated/KaiB/run1/m_fold_sampling_voting_5jyt/01_m_fold_sampling/round_1/01_sampling/sampling_19/group_29_unrelaxed_rank_001_alphafold2_ptm_model_1_seed_042.pdb,65.1886813186813,0.67063,11,1
/fs/ess/PAA0203/xing244/AF_ClaSeq/results_updated/KaiB/run1/m_fold_sampling_voting_5jyt/01_m_fold_sampling/round_1/01_sampling/sampling_19/group_18_unrelaxed_rank_001_alphafold2_ptm_model_1_seed_042.pdb,86.39912087912087,0.80007,11,1
/fs/ess/PAA0203/xing244/AF_ClaSeq/results_updated/KaiB/run1/m_fold_sampling_voting_5jyt/01_m_fold_sampling/round_1/01_sampling/sampling_19/group_43_unrelaxed_rank_001_alphafold2_ptm_model_1_seed_042.pdb,79.87318681318682,0.72205,11,1
/fs/ess/PAA0203/xing244/AF_ClaSeq/results_updated/KaiB/run1/m_fold_sampling_voting_5jyt/01_m_fold_sampling/round_1/01_sampling/sampling_19/group_25_unrelaxed_rank_001_alphafold2_ptm_model_1_seed_042.pdb,77.02164835164834,0.77562,11,1
/fs/ess/PAA0203/xing244/AF_ClaSeq/results_updated/KaiB/run1/m_fold_sampling_voting_5jyt/01_m_fold_sampling/round_1/01_sampling/sampling_19/group_3_unrelaxed_rank_001_alphafold2_ptm_model_1_seed_042.pdb,86.69230769230768,0.76335,11,1
/fs/ess/PAA0203/xing244/AF_ClaSeq/results_updated/KaiB/run1/m_fold_sampling_voting_5jyt/01_m_fold_sampling/round_1/01_sampling/sampling_19/group_34_unrelaxed_rank_001_alphafold2_ptm_model_1_seed_042.pdb,85.80593406593405,0.78592,11,1
/fs/ess/PAA0203/xing244/AF_ClaSeq/results_updated/KaiB/run1/m_fold_sampling_voting_5jyt/01_m_fold_sampling/round_1/01_sampling/sampling_19/group_9_unrelaxed_rank_001_alphafold2_ptm_model_1_seed_042.pdb,86.84648351648353,0.77727,11,1
/fs/ess/PAA0203/xing244/AF_ClaSeq/results_updated/KaiB/run1/m_fold_sampling_voting_5jyt/01_m_fold_sampling/round_1/01_sampling/sampling_19/group_47_unrelaxed_rank_001_alphafold2_ptm_model_1_seed_042.pdb,87.28824175824174,0.80757,11,1
/fs/ess/PAA0203/xing244/AF_ClaSeq/results_updated/KaiB/run1/m_fold_sampling_voting_5jyt/01_m_fold_sampling/round_1/01_sampling/sampling_19/group_35_unrelaxed_rank_001_alphafold2_ptm_model_1_seed_042.pdb,82.33087912087913,0.61887,11,1
/fs/ess/PAA0203/xing244/AF_ClaSeq/results_updated/KaiB/run1/m_fold_sampling_voting_5jyt/01_m_fold_sampling/round_1/01_sampling/sampling_19/group_24_unrelaxed_rank_001_alphafold2_ptm_model_1_seed_042.pdb,77.95340659340658,0.77285,11,1
/fs/ess/PAA0203/xing244/AF_ClaSeq/results_updated/KaiB/run1/m_fold_sampling_voting_5jyt/01_m_fold_sampling/round_1/01_sampling/sampling_19/group_40_unrelaxed_rank_001_alphafold2_ptm_model_1_seed_042.pdb,79.31175824175824,0.78874,11,1
/fs/ess/PAA0203/xing244/AF_ClaSeq/results_updated/KaiB/run1/m_fold_sampling_voting_5jyt/01_m_fold_sampling/round_1/01_sampling/sampling_19/group_1_unrelaxed_rank_001_alphafold2_ptm_model_1_seed_042.pdb,88.88175824175825,0.80562,11,1
/fs/ess/PAA0203/xing244/AF_ClaSeq/results_updated/KaiB/run1/m_fold_sampling_voting_5jyt/01_m_fold_sampling/round_1/01_sampling/sampling_19/group_30_unrelaxed_rank_001_alphafold2_ptm_model_1_seed_042.pdb,83.75296703296704,0.79342,11,1
/fs/ess/PAA0203/xing244/AF_ClaSeq/results_updated/KaiB/run1/m_fold_sampling_voting_5jyt/01_m_fold_sampling/round_1/01_sampling/sampling_19/group_26_unrelaxed_rank_001_alphafold2_ptm_model_1_seed_042.pdb,86.09538461538463,0.7739,11,1
/fs/ess/PAA0203/xing244/AF_ClaSeq/results_updated/KaiB/run1/m_fold_sampling_voting_5jyt/01_m_fold_sampling/round_1/01_sampling/sampling_19/group_39_unrelaxed_rank_001_alphafold2_ptm_model_1_seed_042.pdb,84.11835164835165,0.7981,11,1
/fs/ess/PAA0203/xing244/AF_ClaSeq/results_updated/KaiB/run1/m_fold_sampling_voting_5jyt/01_m_fold_sampling/round_1/01_sampling/sampling_19/group_11_unrelaxed_rank_001_alphafold2_ptm_model_1_seed_042.pdb,84.51362637362638,0.7611,11,1
/fs/ess/PAA0203/xing244/AF_ClaSeq/results_updated/KaiB/run1/m_fold_sampling_voting_5jyt/01_m_fold_sampling/round_1/01_sampling/sampling_19/group_49_unrelaxed_rank_001_alphafold2_ptm_model_1_seed_042.pdb,87.41593406593408,0.80128,12,1
/fs/ess/PAA0203/xing244/AF_ClaSeq/results_updated/KaiB/run1/m_fold_sampling_voting_5jyt/01_m_fold_sampling/round_1/01_sampling/sampling_19/group_45_unrelaxed_rank_001_alphafold2_ptm_model_1_seed_042.pdb,86.5134065934066,0.77035,11,1
/fs/ess/PAA0203/xing244/AF_ClaSeq/results_updated/KaiB/run1/m_fold_sampling_voting_5jyt/01_m_fold_sampling/round_1/01_sampling/sampling_19/group_2_unrelaxed_rank_001_alphafold2_ptm_model_1_seed_042.pdb,82.21164835164835,0.78323,11,1
/fs/ess/PAA0203/xing244/AF_ClaSeq/results_updated/KaiB/run1/m_fold_sampling_voting_5jyt/01_m_fold_sampling/round_1/01_sampling/sampling_19/group_36_unrelaxed_rank_001_alphafold2_ptm_model_1_seed_042.pdb,52.83813186813185,0.55845,11,1
/fs/ess/PAA0203/xing244/AF_ClaSeq/results_updated/KaiB/run1/m_fold_sampling_voting_5jyt/01_m_fold_sampling/round_1/01_sampling/sampling_28/group_20_unrelaxed_rank_001_alphafold2_ptm_model_1_seed_042.pdb,76.78428571428572,0.76564,11,1
/fs/ess/PAA0203/xing244/AF_ClaSeq/results_updated/KaiB/run1/m_fold_sampling_voting_5jyt/01_m_fold_sampling/round_1/01_sampling/sampling_28/group_44_unrelaxed_rank_001_alphafold2_ptm_model_1_seed_042.pdb,84.01571428571428,0.77941,11,1
/fs/ess/PAA0203/xing244/AF_ClaSeq/results_updated/KaiB/run1/m_fold_sampling_voting_5jyt/01_m_fold_sampling/round_1/01_sampling/sampling_28/group_16_unrelaxed_rank_001_alphafold2_ptm_model_1_seed_042.pdb,83.78912087912087,0.79192,11,1
/fs/ess/PAA0203/xing244/AF_ClaSeq/results_updated/KaiB/run1/m_fold_sampling_voting_5jyt/01_m_fold_sampling/round_1/01_sampling/sampling_28/group_8_unrelaxed_rank_001_alphafold2_ptm_model_1_seed_042.pdb,85.4020879120879,0.80524,11,1
/fs/ess/PAA0203/xing244/AF_ClaSeq/results_updated/KaiB/run1/m_fold_sampling_voting_5jyt/01_m_fold_sampling/round_1/01_sampling/sampling_28/group_48_unrelaxed_rank_001_alphafold2_ptm_model_1_seed_042.pdb,82.35340659340659,0.79304,11,1
/fs/ess/PAA0203/xing244/AF_ClaSeq/results_updated/KaiB/run1/m_fold_sampling_voting_5jyt/01_m_fold_sampling/round_1/01_sampling/sampling_28/group_6_unrelaxed_rank_001_alphafold2_ptm_model_1_seed_042.pdb,87.01989010989011,0.79016,11,1
/fs/ess/PAA0203/xing244/AF_ClaSeq/results_updated/KaiB/run1/m_fold_sampling_voting_5jyt/01_m_fold_sampling/round_1/01_sampling/sampling_28/group_19_unrelaxed_rank_001_alphafold2_ptm_model_1_seed_042.pdb,60.24967032967033,0.66475,11,1
/fs/ess/PAA0203/xing244/AF_ClaSeq/results_updated/KaiB/run1/m_fold_sampling_voting_5jyt/01_m_fold_sampling/round_1/01_sampling/sampling_28/group_13_unrelaxed_rank_001_alphafold2_ptm_model_1_seed_042.pdb,88.2067032967033,0.81525,11,1
/fs/ess/PAA0203/xing244/AF_ClaSeq/results_updated/KaiB/run1/m_fold_sampling_voting_5jyt/01_m_fold_sampling/round_1/01_sampling/sampling_28/group_28_unrelaxed_rank_001_alphafold2_ptm_model_1_seed_042.pdb,86.02142857142857,0.79731,11,1
/fs/ess/PAA0203/xing244/AF_ClaSeq/results_updated/KaiB/run1/m_fold_sampling_voting_5jyt/01_m_fold_sampling/round_1/01_sampling/sampling_28/group_32_unrelaxed_rank_001_alphafold2_ptm_model_1_seed_042.pdb,85.05582417582417,0.73946,11,1
/fs/ess/PAA0203/xing244/AF_ClaSeq/results_updated/KaiB/run1/m_fold_sampling_voting_5jyt/01_m_fold_sampling/round_1/01_sampling/sampling_28/group_22_unrelaxed_rank_001_alphafold2_ptm_model_1_seed_042.pdb,61.66076923076923,0.76183,11,1
/fs/ess/PAA0203/xing244/AF_ClaSeq/results_updated/KaiB/run1/m_fold_sampling_voting_5jyt/01_m_fold_sampling/round_1/01_sampling/sampling_28/group_7_unrelaxed_rank_001_alphafold2_ptm_model_1_seed_042.pdb,85.63769230769232,0.79346,11,1
/fs/ess/PAA0203/xing244/AF_ClaSeq/results_updated/KaiB/run1/m_fold_sampling_voting_5jyt/01_m_fold_sampling/round_1/01_sampling/sampling_28/group_21_unrelaxed_rank_001_alphafold2_ptm_model_1_seed_042.pdb,86.4021978021978,0.78107,11,1
/fs/ess/PAA0203/xing244/AF_ClaSeq/results_updated/KaiB/run1/m_fold_sampling_voting_5jyt/01_m_fold_sampling/round_1/01_sampling/sampling_28/group_41_unrelaxed_rank_001_alphafold2_ptm_model_1_seed_042.pdb,77.83945054945055,0.79069,11,1
/fs/ess/PAA0203/xing244/AF_ClaSeq/results_updated/KaiB/run1/m_fold_sampling_voting_5jyt/01_m_fold_sampling/round_1/01_sampling/sampling_28/group_31_unrelaxed_rank_001_alphafold2_ptm_model_1_seed_042.pdb,74.50989010989012,0.79768,11,1
/fs/ess/PAA0203/xing244/AF_ClaSeq/results_updated/KaiB/run1/m_fold_sampling_voting_5jyt/01_m_fold_sampling/round_1/01_sampling/sampling_28/group_46_unrelaxed_rank_001_alphafold2_ptm_model_1_seed_042.pdb,82.48483516483516,0.77254,11,1
/fs/ess/PAA0203/xing244/AF_ClaSeq/results_updated/KaiB/run1/m_fold_sampling_voting_5jyt/01_m_fold_sampling/round_1/01_sampling/sampling_28/group_17_unrelaxed_rank_001_alphafold2_ptm_model_1_seed_042.pdb,85.129010989011,0.7942,11,1
/fs/ess/PAA0203/xing244/AF_ClaSeq/results_updated/KaiB/run1/m_fold_sampling_voting_5jyt/01_m_fold_sampling/round_1/01_sampling/sampling_28/group_14_unrelaxed_rank_001_alphafold2_ptm_model_1_seed_042.pdb,78.70197802197801,0.75522,11,1
/fs/ess/PAA0203/xing244/AF_ClaSeq/results_updated/KaiB/run1/m_fold_sampling_voting_5jyt/01_m_fold_sampling/round_1/01_sampling/sampling_28/group_4_unrelaxed_rank_001_alphafold2_ptm_model_1_seed_042.pdb,85.3931868131868,0.79713,11,1
/fs/ess/PAA0203/xing244/AF_ClaSeq/results_updated/KaiB/run1/m_fold_sampling_voting_5jyt/01_m_fold_sampling/round_1/01_sampling/sampling_28/group_12_unrelaxed_rank_001_alphafold2_ptm_model_1_seed_042.pdb,86.89120879120878,0.78781,11,1
/fs/ess/PAA0203/xing244/AF_ClaSeq/results_updated/KaiB/run1/m_fold_sampling_voting_5jyt/01_m_fold_sampling/round_1/01_sampling/sampling_28/group_38_unrelaxed_rank_001_alphafold2_ptm_model_1_seed_042.pdb,84.52000000000001,0.79351,11,1
/fs/ess/PAA0203/xing244/AF_ClaSeq/results_updated/KaiB/run1/m_fold_sampling_voting_5jyt/01_m_fold_sampling/round_1/01_sampling/sampling_28/group_15_unrelaxed_rank_001_alphafold2_ptm_model_1_seed_042.pdb,80.29527472527472,0.81313,11,1
/fs/ess/PAA0203/xing244/AF_ClaSeq/results_updated/KaiB/run1/m_fold_sampling_voting_5jyt/01_m_fold_sampling/round_1/01_sampling/sampling_28/group_23_unrelaxed_rank_001_alphafold2_ptm_model_1_seed_042.pdb,85.28626373626373,0.80489,11,1
/fs/ess/PAA0203/xing244/AF_ClaSeq/results_updated/KaiB/run1/m_fold_sampling_voting_5jyt/01_m_fold_sampling/round_1/01_sampling/sampling_28/group_5_unrelaxed_rank_001_alphafold2_ptm_model_1_seed_042.pdb,87.19648351648351,0.81235,11,1
/fs/ess/PAA0203/xing244/AF_ClaSeq/results_updated/KaiB/run1/m_fold_sampling_voting_5jyt/01_m_fold_sampling/round_1/01_sampling/sampling_28/group_33_unrelaxed_rank_001_alphafold2_ptm_model_1_seed_042.pdb,84.96,0.78041,11,1
/fs/ess/PAA0203/xing244/AF_ClaSeq/results_updated/KaiB/run1/m_fold_sampling_voting_5jyt/01_m_fold_sampling/round_1/01_sampling/sampling_28/group_27_unrelaxed_rank_001_alphafold2_ptm_model_1_seed_042.pdb,85.43197802197803,0.79171,11,1
/fs/ess/PAA0203/xing244/AF_ClaSeq/results_updated/KaiB/run1/m_fold_sampling_voting_5jyt/01_m_fold_sampling/round_1/01_sampling/sampling_28/group_42_unrelaxed_rank_001_alphafold2_ptm_model_1_seed_042.pdb,86.14835164835165,0.78449,11,1
/fs/ess/PAA0203/xing244/AF_ClaSeq/results_updated/KaiB/run1/m_fold_sampling_voting_5jyt/01_m_fold_sampling/round_1/01_sampling/sampling_28/group_10_unrelaxed_rank_001_alphafold2_ptm_model_1_seed_042.pdb,86.05208791208791,0.79265,11,1
/fs/ess/PAA0203/xing244/AF_ClaSeq/results_updated/KaiB/run1/m_fold_sampling_voting_5jyt/01_m_fold_sampling/round_1/01_sampling/sampling_28/group_37_unrelaxed_rank_001_alphafold2_ptm_model_1_seed_042.pdb,80.46747252747252,0.78802,11,1
/fs/ess/PAA0203/xing244/AF_ClaSeq/results_updated/KaiB/run1/m_fold_sampling_voting_5jyt/01_m_fold_sampling/round_1/01_sampling/sampling_28/group_29_unrelaxed_rank_001_alphafold2_ptm_model_1_seed_042.pdb,86.38010989010988,0.80979,11,1
/fs/ess/PAA0203/xing244/AF_ClaSeq/results_updated/KaiB/run1/m_fold_sampling_voting_5jyt/01_m_fold_sampling/round_1/01_sampling/sampling_28/group_18_unrelaxed_rank_001_alphafold2_ptm_model_1_seed_042.pdb,83.87582417582418,0.80519,11,1
/fs/ess/PAA0203/xing244/AF_ClaSeq/results_updated/KaiB/run1/m_fold_sampling_voting_5jyt/01_m_fold_sampling/round_1/01_sampling/sampling_28/group_43_unrelaxed_rank_001_alphafold2_ptm_model_1_seed_042.pdb,88.02032967032967,0.81215,11,1
/fs/ess/PAA0203/xing244/AF_ClaSeq/results_updated/KaiB/run1/m_fold_sampling_voting_5jyt/01_m_fold_sampling/round_1/01_sampling/sampling_28/group_25_unrelaxed_rank_001_alphafold2_ptm_model_1_seed_042.pdb,87.56494505494506,0.79814,11,1
/fs/ess/PAA0203/xing244/AF_ClaSeq/results_updated/KaiB/run1/m_fold_sampling_voting_5jyt/01_m_fold_sampling/round_1/01_sampling/sampling_28/group_3_unrelaxed_rank_001_alphafold2_ptm_model_1_seed_042.pdb,88.25846153846156,0.76858,11,1
/fs/ess/PAA0203/xing244/AF_ClaSeq/results_updated/KaiB/run1/m_fold_sampling_voting_5jyt/01_m_fold_sampling/round_1/01_sampling/sampling_28/group_34_unrelaxed_rank_001_alphafold2_ptm_model_1_seed_042.pdb,86.8154945054945,0.74963,11,1
/fs/ess/PAA0203/xing244/AF_ClaSeq/results_updated/KaiB/run1/m_fold_sampling_voting_5jyt/01_m_fold_sampling/round_1/01_sampling/sampling_28/group_9_unrelaxed_rank_001_alphafold2_ptm_model_1_seed_042.pdb,78.43285714285715,0.78239,11,1
/fs/ess/PAA0203/xing244/AF_ClaSeq/results_updated/KaiB/run1/m_fold_sampling_voting_5jyt/01_m_fold_sampling/round_1/01_sampling/sampling_28/group_47_unrelaxed_rank_001_alphafold2_ptm_model_1_seed_042.pdb,87.59912087912087,0.78765,11,1
/fs/ess/PAA0203/xing244/AF_ClaSeq/results_updated/KaiB/run1/m_fold_sampling_voting_5jyt/01_m_fold_sampling/round_1/01_sampling/sampling_28/group_35_unrelaxed_rank_001_alphafold2_ptm_model_1_seed_042.pdb,85.98549450549451,0.75683,11,1
/fs/ess/PAA0203/xing244/AF_ClaSeq/results_updated/KaiB/run1/m_fold_sampling_voting_5jyt/01_m_fold_sampling/round_1/01_sampling/sampling_28/group_24_unrelaxed_rank_001_alphafold2_ptm_model_1_seed_042.pdb,85.87274725274726,0.79941,11,1
/fs/ess/PAA0203/xing244/AF_ClaSeq/results_updated/KaiB/run1/m_fold_sampling_voting_5jyt/01_m_fold_sampling/round_1/01_sampling/sampling_28/group_40_unrelaxed_rank_001_alphafold2_ptm_model_1_seed_042.pdb,88.8189010989011,0.79965,11,1
/fs/ess/PAA0203/xing244/AF_ClaSeq/results_updated/KaiB/run1/m_fold_sampling_voting_5jyt/01_m_fold_sampling/round_1/01_sampling/sampling_28/group_1_unrelaxed_rank_001_alphafold2_ptm_model_1_seed_042.pdb,86.30340659340659,0.80125,11,1
/fs/ess/PAA0203/xing244/AF_ClaSeq/results_updated/KaiB/run1/m_fold_sampling_voting_5jyt/01_m_fold_sampling/round_1/01_sampling/sampling_28/group_30_unrelaxed_rank_001_alphafold2_ptm_model_1_seed_042.pdb,76.83318681318681,0.79119,11,1
/fs/ess/PAA0203/xing244/AF_ClaSeq/results_updated/KaiB/run1/m_fold_sampling_voting_5jyt/01_m_fold_sampling/round_1/01_sampling/sampling_28/group_26_unrelaxed_rank_001_alphafold2_ptm_model_1_seed_042.pdb,87.65857142857143,0.79779,11,1
/fs/ess/PAA0203/xing244/AF_ClaSeq/results_updated/KaiB/run1/m_fold_sampling_voting_5jyt/01_m_fold_sampling/round_1/01_sampling/sampling_28/group_39_unrelaxed_rank_001_alphafold2_ptm_model_1_seed_042.pdb,89.53989010989011,0.78862,11,1
/fs/ess/PAA0203/xing244/AF_ClaSeq/results_updated/KaiB/run1/m_fold_sampling_voting_5jyt/01_m_fold_sampling/round_1/01_sampling/sampling_28/group_11_unrelaxed_rank_001_alphafold2_ptm_model_1_seed_042.pdb,59.22934065934066,0.58806,11,1
/fs/ess/PAA0203/xing244/AF_ClaSeq/results_updated/KaiB/run1/m_fold_sampling_voting_5jyt/01_m_fold_sampling/round_1/01_sampling/sampling_28/group_49_unrelaxed_rank_001_alphafold2_ptm_model_1_seed_042.pdb,86.23087912087912,0.8037,12,1
/fs/ess/PAA0203/xing244/AF_ClaSeq/results_updated/KaiB/run1/m_fold_sampling_voting_5jyt/01_m_fold_sampling/round_1/01_sampling/sampling_28/group_45_unrelaxed_rank_001_alphafold2_ptm_model_1_seed_042.pdb,88.52626373626373,0.81339,11,1
/fs/ess/PAA0203/xing244/AF_ClaSeq/results_updated/KaiB/run1/m_fold_sampling_voting_5jyt/01_m_fold_sampling/round_1/01_sampling/sampling_28/group_2_unrelaxed_rank_001_alphafold2_ptm_model_1_seed_042.pdb,85.97175824175825,0.81182,11,1
/fs/ess/PAA0203/xing244/AF_ClaSeq/results_updated/KaiB/run1/m_fold_sampling_voting_5jyt/01_m_fold_sampling/round_1/01_sampling/sampling_28/group_36_unrelaxed_rank_001_alphafold2_ptm_model_1_seed_042.pdb,72.56417582417582,0.80256,11,1
/fs/ess/PAA0203/xing244/AF_ClaSeq/results_updated/KaiB/run1/m_fold_sampling_voting_5jyt/01_m_fold_sampling/round_1/01_sampling/sampling_15/group_20_unrelaxed_rank_001_alphafold2_ptm_model_1_seed_042.pdb,86.07978021978022,0.80122,11,1
/fs/ess/PAA0203/xing244/AF_ClaSeq/results_updated/KaiB/run1/m_fold_sampling_voting_5jyt/01_m_fold_sampling/round_1/01_sampling/sampling_15/group_44_unrelaxed_rank_001_alphafold2_ptm_model_1_seed_042.pdb,83.4832967032967,0.79863,11,1
/fs/ess/PAA0203/xing244/AF_ClaSeq/results_updated/KaiB/run1/m_fold_sampling_voting_5jyt/01_m_fold_sampling/round_1/01_sampling/sampling_15/group_16_unrelaxed_rank_001_alphafold2_ptm_model_1_seed_042.pdb,84.24274725274725,0.78186,11,1
/fs/ess/PAA0203/xing244/AF_ClaSeq/results_updated/KaiB/run1/m_fold_sampling_voting_5jyt/01_m_fold_sampling/round_1/01_sampling/sampling_15/group_8_unrelaxed_rank_001_alphafold2_ptm_model_1_seed_042.pdb,85.48747252747252,0.79353,11,1
/fs/ess/PAA0203/xing244/AF_ClaSeq/results_updated/KaiB/run1/m_fold_sampling_voting_5jyt/01_m_fold_sampling/round_1/01_sampling/sampling_15/group_48_unrelaxed_rank_001_alphafold2_ptm_model_1_seed_042.pdb,89.48043956043955,0.81456,11,1
/fs/ess/PAA0203/xing244/AF_ClaSeq/results_updated/KaiB/run1/m_fold_sampling_voting_5jyt/01_m_fold_sampling/round_1/01_sampling/sampling_15/group_6_unrelaxed_rank_001_alphafold2_ptm_model_1_seed_042.pdb,86.20912087912089,0.77761,11,1
/fs/ess/PAA0203/xing244/AF_ClaSeq/results_updated/KaiB/run1/m_fold_sampling_voting_5jyt/01_m_fold_sampling/round_1/01_sampling/sampling_15/group_19_unrelaxed_rank_001_alphafold2_ptm_model_1_seed_042.pdb,78.73692307692308,0.75943,11,1
/fs/ess/PAA0203/xing244/AF_ClaSeq/results_updated/KaiB/run1/m_fold_sampling_voting_5jyt/01_m_fold_sampling/round_1/01_sampling/sampling_15/group_13_unrelaxed_rank_001_alphafold2_ptm_model_1_seed_042.pdb,77.38109890109891,0.75086,11,1
/fs/ess/PAA0203/xing244/AF_ClaSeq/results_updated/KaiB/run1/m_fold_sampling_voting_5jyt/01_m_fold_sampling/round_1/01_sampling/sampling_15/group_28_unrelaxed_rank_001_alphafold2_ptm_model_1_seed_042.pdb,81.41461538461539,0.75068,11,1
/fs/ess/PAA0203/xing244/AF_ClaSeq/results_updated/KaiB/run1/m_fold_sampling_voting_5jyt/01_m_fold_sampling/round_1/01_sampling/sampling_15/group_32_unrelaxed_rank_001_alphafold2_ptm_model_1_seed_042.pdb,65.73879120879123,0.50862,11,1
/fs/ess/PAA0203/xing244/AF_ClaSeq/results_updated/KaiB/run1/m_fold_sampling_voting_5jyt/01_m_fold_sampling/round_1/01_sampling/sampling_15/group_22_unrelaxed_rank_001_alphafold2_ptm_model_1_seed_042.pdb,81.91802197802197,0.77227,11,1
/fs/ess/PAA0203/xing244/AF_ClaSeq/results_updated/KaiB/run1/m_fold_sampling_voting_5jyt/01_m_fold_sampling/round_1/01_sampling/sampling_15/group_7_unrelaxed_rank_001_alphafold2_ptm_model_1_seed_042.pdb,79.01186813186814,0.76917,11,1
/fs/ess/PAA0203/xing244/AF_ClaSeq/results_updated/KaiB/run1/m_fold_sampling_voting_5jyt/01_m_fold_sampling/round_1/01_sampling/sampling_15/group_21_unrelaxed_rank_001_alphafold2_ptm_model_1_seed_042.pdb,89.17428571428572,0.80707,11,1
/fs/ess/PAA0203/xing244/AF_ClaSeq/results_updated/KaiB/run1/m_fold_sampling_voting_5jyt/01_m_fold_sampling/round_1/01_sampling/sampling_15/group_41_unrelaxed_rank_001_alphafold2_ptm_model_1_seed_042.pdb,76.65065934065933,0.75367,11,1
/fs/ess/PAA0203/xing244/AF_ClaSeq/results_updated/KaiB/run1/m_fold_sampling_voting_5jyt/01_m_fold_sampling/round_1/01_sampling/sampling_15/group_31_unrelaxed_rank_001_alphafold2_ptm_model_1_seed_042.pdb,88.18527472527474,0.79382,11,1
/fs/ess/PAA0203/xing244/AF_ClaSeq/results_updated/KaiB/run1/m_fold_sampling_voting_5jyt/01_m_fold_sampling/round_1/01_sampling/sampling_15/group_46_unrelaxed_rank_001_alphafold2_ptm_model_1_seed_042.pdb,86.52263736263735,0.78755,11,1
/fs/ess/PAA0203/xing244/AF_ClaSeq/results_updated/KaiB/run1/m_fold_sampling_voting_5jyt/01_m_fold_sampling/round_1/01_sampling/sampling_15/group_17_unrelaxed_rank_001_alphafold2_ptm_model_1_seed_042.pdb,76.44571428571427,0.76505,11,1
/fs/ess/PAA0203/xing244/AF_ClaSeq/results_updated/KaiB/run1/m_fold_sampling_voting_5jyt/01_m_fold_sampling/round_1/01_sampling/sampling_15/group_14_unrelaxed_rank_001_alphafold2_ptm_model_1_seed_042.pdb,87.2932967032967,0.7848,11,1
/fs/ess/PAA0203/xing244/AF_ClaSeq/results_updated/KaiB/run1/m_fold_sampling_voting_5jyt/01_m_fold_sampling/round_1/01_sampling/sampling_15/group_4_unrelaxed_rank_001_alphafold2_ptm_model_1_seed_042.pdb,81.36285714285715,0.78723,11,1
/fs/ess/PAA0203/xing244/AF_ClaSeq/results_updated/KaiB/run1/m_fold_sampling_voting_5jyt/01_m_fold_sampling/round_1/01_sampling/sampling_15/group_12_unrelaxed_rank_001_alphafold2_ptm_model_1_seed_042.pdb,88.33472527472527,0.80536,11,1
/fs/ess/PAA0203/xing244/AF_ClaSeq/results_updated/KaiB/run1/m_fold_sampling_voting_5jyt/01_m_fold_sampling/round_1/01_sampling/sampling_15/group_38_unrelaxed_rank_001_alphafold2_ptm_model_1_seed_042.pdb,62.03263736263737,0.65136,11,1
/fs/ess/PAA0203/xing244/AF_ClaSeq/results_updated/KaiB/run1/m_fold_sampling_voting_5jyt/01_m_fold_sampling/round_1/01_sampling/sampling_15/group_15_unrelaxed_rank_001_alphafold2_ptm_model_1_seed_042.pdb,84.38846153846153,0.79141,11,1
/fs/ess/PAA0203/xing244/AF_ClaSeq/results_updated/KaiB/run1/m_fold_sampling_voting_5jyt/01_m_fold_sampling/round_1/01_sampling/sampling_15/group_23_unrelaxed_rank_001_alphafold2_ptm_model_1_seed_042.pdb,86.85604395604398,0.78732,11,1
/fs/ess/PAA0203/xing244/AF_ClaSeq/results_updated/KaiB/run1/m_fold_sampling_voting_5jyt/01_m_fold_sampling/round_1/01_sampling/sampling_15/group_5_unrelaxed_rank_001_alphafold2_ptm_model_1_seed_042.pdb,79.54626373626374,0.76059,11,1
/fs/ess/PAA0203/xing244/AF_ClaSeq/results_updated/KaiB/run1/m_fold_sampling_voting_5jyt/01_m_fold_sampling/round_1/01_sampling/sampling_15/group_33_unrelaxed_rank_001_alphafold2_ptm_model_1_seed_042.pdb,67.18824175824176,0.72967,11,1
/fs/ess/PAA0203/xing244/AF_ClaSeq/results_updated/KaiB/run1/m_fold_sampling_voting_5jyt/01_m_fold_sampling/round_1/01_sampling/sampling_15/group_27_unrelaxed_rank_001_alphafold2_ptm_model_1_seed_042.pdb,83.09835164835165,0.77275,11,1
/fs/ess/PAA0203/xing244/AF_ClaSeq/results_updated/KaiB/run1/m_fold_sampling_voting_5jyt/01_m_fold_sampling/round_1/01_sampling/sampling_15/group_42_unrelaxed_rank_001_alphafold2_ptm_model_1_seed_042.pdb,69.78483516483516,0.54843,11,1
/fs/ess/PAA0203/xing244/AF_ClaSeq/results_updated/KaiB/run1/m_fold_sampling_voting_5jyt/01_m_fold_sampling/round_1/01_sampling/sampling_15/group_10_unrelaxed_rank_001_alphafold2_ptm_model_1_seed_042.pdb,88.58868131868131,0.81076,11,1
/fs/ess/PAA0203/xing244/AF_ClaSeq/results_updated/KaiB/run1/m_fold_sampling_voting_5jyt/01_m_fold_sampling/round_1/01_sampling/sampling_15/group_37_unrelaxed_rank_001_alphafold2_ptm_model_1_seed_042.pdb,87.59736263736264,0.79523,11,1
/fs/ess/PAA0203/xing244/AF_ClaSeq/results_updated/KaiB/run1/m_fold_sampling_voting_5jyt/01_m_fold_sampling/round_1/01_sampling/sampling_15/group_29_unrelaxed_rank_001_alphafold2_ptm_model_1_seed_042.pdb,83.07549450549452,0.76668,11,1
/fs/ess/PAA0203/xing244/AF_ClaSeq/results_updated/KaiB/run1/m_fold_sampling_voting_5jyt/01_m_fold_sampling/round_1/01_sampling/sampling_15/group_18_unrelaxed_rank_001_alphafold2_ptm_model_1_seed_042.pdb,78.57087912087913,0.77324,11,1
/fs/ess/PAA0203/xing244/AF_ClaSeq/results_updated/KaiB/run1/m_fold_sampling_voting_5jyt/01_m_fold_sampling/round_1/01_sampling/sampling_15/group_43_unrelaxed_rank_001_alphafold2_ptm_model_1_seed_042.pdb,85.20285714285714,0.77828,11,1
/fs/ess/PAA0203/xing244/AF_ClaSeq/results_updated/KaiB/run1/m_fold_sampling_voting_5jyt/01_m_fold_sampling/round_1/01_sampling/sampling_15/group_25_unrelaxed_rank_001_alphafold2_ptm_model_1_seed_042.pdb,88.71395604395603,0.80887,11,1
/fs/ess/PAA0203/xing244/AF_ClaSeq/results_updated/KaiB/run1/m_fold_sampling_voting_5jyt/01_m_fold_sampling/round_1/01_sampling/sampling_15/group_3_unrelaxed_rank_001_alphafold2_ptm_model_1_seed_042.pdb,83.13087912087911,0.7923,11,1
/fs/ess/PAA0203/xing244/AF_ClaSeq/results_updated/KaiB/run1/m_fold_sampling_voting_5jyt/01_m_fold_sampling/round_1/01_sampling/sampling_15/group_34_unrelaxed_rank_001_alphafold2_ptm_model_1_seed_042.pdb,88.40516483516484,0.80286,11,1
/fs/ess/PAA0203/xing244/AF_ClaSeq/results_updated/KaiB/run1/m_fold_sampling_voting_5jyt/01_m_fold_sampling/round_1/01_sampling/sampling_15/group_9_unrelaxed_rank_001_alphafold2_ptm_model_1_seed_042.pdb,87.10923076923078,0.78065,11,1
/fs/ess/PAA0203/xing244/AF_ClaSeq/results_updated/KaiB/run1/m_fold_sampling_voting_5jyt/01_m_fold_sampling/round_1/01_sampling/sampling_15/group_47_unrelaxed_rank_001_alphafold2_ptm_model_1_seed_042.pdb,81.18747252747254,0.764,11,1
/fs/ess/PAA0203/xing244/AF_ClaSeq/results_updated/KaiB/run1/m_fold_sampling_voting_5jyt/01_m_fold_sampling/round_1/01_sampling/sampling_15/group_35_unrelaxed_rank_001_alphafold2_ptm_model_1_seed_042.pdb,86.59164835164836,0.79232,11,1
/fs/ess/PAA0203/xing244/AF_ClaSeq/results_updated/KaiB/run1/m_fold_sampling_voting_5jyt/01_m_fold_sampling/round_1/01_sampling/sampling_15/group_24_unrelaxed_rank_001_alphafold2_ptm_model_1_seed_042.pdb,73.94043956043956,0.7703,11,1
/fs/ess/PAA0203/xing244/AF_ClaSeq/results_updated/KaiB/run1/m_fold_sampling_voting_5jyt/01_m_fold_sampling/round_1/01_sampling/sampling_15/group_40_unrelaxed_rank_001_alphafold2_ptm_model_1_seed_042.pdb,86.57384615384615,0.8059,11,1
/fs/ess/PAA0203/xing244/AF_ClaSeq/results_updated/KaiB/run1/m_fold_sampling_voting_5jyt/01_m_fold_sampling/round_1/01_sampling/sampling_15/group_1_unrelaxed_rank_001_alphafold2_ptm_model_1_seed_042.pdb,87.86461538461539,0.81275,11,1
/fs/ess/PAA0203/xing244/AF_ClaSeq/results_updated/KaiB/run1/m_fold_sampling_voting_5jyt/01_m_fold_sampling/round_1/01_sampling/sampling_15/group_30_unrelaxed_rank_001_alphafold2_ptm_model_1_seed_042.pdb,64.39582417582417,0.67509,11,1
/fs/ess/PAA0203/xing244/AF_ClaSeq/results_updated/KaiB/run1/m_fold_sampling_voting_5jyt/01_m_fold_sampling/round_1/01_sampling/sampling_15/group_26_unrelaxed_rank_001_alphafold2_ptm_model_1_seed_042.pdb,91.13593406593405,0.79676,11,1
/fs/ess/PAA0203/xing244/AF_ClaSeq/results_updated/KaiB/run1/m_fold_sampling_voting_5jyt/01_m_fold_sampling/round_1/01_sampling/sampling_15/group_39_unrelaxed_rank_001_alphafold2_ptm_model_1_seed_042.pdb,76.94252747252747,0.73238,11,1
/fs/ess/PAA0203/xing244/AF_ClaSeq/results_updated/KaiB/run1/m_fold_sampling_voting_5jyt/01_m_fold_sampling/round_1/01_sampling/sampling_15/group_11_unrelaxed_rank_001_alphafold2_ptm_model_1_seed_042.pdb,85.49373626373627,0.76258,11,1
/fs/ess/PAA0203/xing244/AF_ClaSeq/results_updated/KaiB/run1/m_fold_sampling_voting_5jyt/01_m_fold_sampling/round_1/01_sampling/sampling_15/group_49_unrelaxed_rank_001_alphafold2_ptm_model_1_seed_042.pdb,87.45923076923077,0.77781,12,1
/fs/ess/PAA0203/xing244/AF_ClaSeq/results_updated/KaiB/run1/m_fold_sampling_voting_5jyt/01_m_fold_sampling/round_1/01_sampling/sampling_15/group_45_unrelaxed_rank_001_alphafold2_ptm_model_1_seed_042.pdb,85.11164835164836,0.82146,11,1
/fs/ess/PAA0203/xing244/AF_ClaSeq/results_updated/KaiB/run1/m_fold_sampling_voting_5jyt/01_m_fold_sampling/round_1/01_sampling/sampling_15/group_2_unrelaxed_rank_001_alphafold2_ptm_model_1_seed_042.pdb,77.2789010989011,0.77338,11,1
/fs/ess/PAA0203/xing244/AF_ClaSeq/results_updated/KaiB/run1/m_fold_sampling_voting_5jyt/01_m_fold_sampling/round_1/01_sampling/sampling_15/group_36_unrelaxed_rank_001_alphafold2_ptm_model_1_seed_042.pdb,87.73483516483516,0.78154,11,1
/fs/ess/PAA0203/xing244/AF_ClaSeq/results_updated/KaiB/run1/m_fold_sampling_voting_5jyt/01_m_fold_sampling/round_1/01_sampling/sampling_8/group_20_unrelaxed_rank_001_alphafold2_ptm_model_1_seed_042.pdb,88.9989010989011,0.79486,11,1
/fs/ess/PAA0203/xing244/AF_ClaSeq/results_updated/KaiB/run1/m_fold_sampling_voting_5jyt/01_m_fold_sampling/round_1/01_sampling/sampling_8/group_44_unrelaxed_rank_001_alphafold2_ptm_model_1_seed_042.pdb,69.01527472527472,0.68117,11,1
/fs/ess/PAA0203/xing244/AF_ClaSeq/results_updated/KaiB/run1/m_fold_sampling_voting_5jyt/01_m_fold_sampling/round_1/01_sampling/sampling_8/group_16_unrelaxed_rank_001_alphafold2_ptm_model_1_seed_042.pdb,82.6421978021978,0.80287,11,1
/fs/ess/PAA0203/xing244/AF_ClaSeq/results_updated/KaiB/run1/m_fold_sampling_voting_5jyt/01_m_fold_sampling/round_1/01_sampling/sampling_8/group_8_unrelaxed_rank_001_alphafold2_ptm_model_1_seed_042.pdb,87.16615384615385,0.78497,11,1
/fs/ess/PAA0203/xing244/AF_ClaSeq/results_updated/KaiB/run1/m_fold_sampling_voting_5jyt/01_m_fold_sampling/round_1/01_sampling/sampling_8/group_48_unrelaxed_rank_001_alphafold2_ptm_model_1_seed_042.pdb,84.01472527472527,0.7916,11,1
/fs/ess/PAA0203/xing244/AF_ClaSeq/results_updated/KaiB/run1/m_fold_sampling_voting_5jyt/01_m_fold_sampling/round_1/01_sampling/sampling_8/group_6_unrelaxed_rank_001_alphafold2_ptm_model_1_seed_042.pdb,89.68142857142857,0.78036,11,1
/fs/ess/PAA0203/xing244/AF_ClaSeq/results_updated/KaiB/run1/m_fold_sampling_voting_5jyt/01_m_fold_sampling/round_1/01_sampling/sampling_8/group_19_unrelaxed_rank_001_alphafold2_ptm_model_1_seed_042.pdb,84.38483516483517,0.77087,11,1
/fs/ess/PAA0203/xing244/AF_ClaSeq/results_updated/KaiB/run1/m_fold_sampling_voting_5jyt/01_m_fold_sampling/round_1/01_sampling/sampling_8/group_13_unrelaxed_rank_001_alphafold2_ptm_model_1_seed_042.pdb,87.39505494505494,0.78851,11,1
/fs/ess/PAA0203/xing244/AF_ClaSeq/results_updated/KaiB/run1/m_fold_sampling_voting_5jyt/01_m_fold_sampling/round_1/01_sampling/sampling_8/group_28_unrelaxed_rank_001_alphafold2_ptm_model_1_seed_042.pdb,77.03725274725277,0.74443,11,1
/fs/ess/PAA0203/xing244/AF_ClaSeq/results_updated/KaiB/run1/m_fold_sampling_voting_5jyt/01_m_fold_sampling/round_1/01_sampling/sampling_8/group_32_unrelaxed_rank_001_alphafold2_ptm_model_1_seed_042.pdb,84.68307692307691,0.76578,11,1
/fs/ess/PAA0203/xing244/AF_ClaSeq/results_updated/KaiB/run1/m_fold_sampling_voting_5jyt/01_m_fold_sampling/round_1/01_sampling/sampling_8/group_22_unrelaxed_rank_001_alphafold2_ptm_model_1_seed_042.pdb,75.49813186813186,0.76903,11,1
/fs/ess/PAA0203/xing244/AF_ClaSeq/results_updated/KaiB/run1/m_fold_sampling_voting_5jyt/01_m_fold_sampling/round_1/01_sampling/sampling_8/group_7_unrelaxed_rank_001_alphafold2_ptm_model_1_seed_042.pdb,83.48967032967033,0.77754,11,1
/fs/ess/PAA0203/xing244/AF_ClaSeq/results_updated/KaiB/run1/m_fold_sampling_voting_5jyt/01_m_fold_sampling/round_1/01_sampling/sampling_8/group_21_unrelaxed_rank_001_alphafold2_ptm_model_1_seed_042.pdb,82.57758241758242,0.7786,11,1
/fs/ess/PAA0203/xing244/AF_ClaSeq/results_updated/KaiB/run1/m_fold_sampling_voting_5jyt/01_m_fold_sampling/round_1/01_sampling/sampling_8/group_41_unrelaxed_rank_001_alphafold2_ptm_model_1_seed_042.pdb,89.48527472527472,0.81328,11,1
/fs/ess/PAA0203/xing244/AF_ClaSeq/results_updated/KaiB/run1/m_fold_sampling_voting_5jyt/01_m_fold_sampling/round_1/01_sampling/sampling_8/group_31_unrelaxed_rank_001_alphafold2_ptm_model_1_seed_042.pdb,89.08637362637363,0.80444,11,1
/fs/ess/PAA0203/xing244/AF_ClaSeq/results_updated/KaiB/run1/m_fold_sampling_voting_5jyt/01_m_fold_sampling/round_1/01_sampling/sampling_8/group_46_unrelaxed_rank_001_alphafold2_ptm_model_1_seed_042.pdb,78.41076923076923,0.77538,11,1
/fs/ess/PAA0203/xing244/AF_ClaSeq/results_updated/KaiB/run1/m_fold_sampling_voting_5jyt/01_m_fold_sampling/round_1/01_sampling/sampling_8/group_17_unrelaxed_rank_001_alphafold2_ptm_model_1_seed_042.pdb,85.04802197802199,0.81728,11,1
/fs/ess/PAA0203/xing244/AF_ClaSeq/results_updated/KaiB/run1/m_fold_sampling_voting_5jyt/01_m_fold_sampling/round_1/01_sampling/sampling_8/group_14_unrelaxed_rank_001_alphafold2_ptm_model_1_seed_042.pdb,82.72879120879121,0.79144,11,1
/fs/ess/PAA0203/xing244/AF_ClaSeq/results_updated/KaiB/run1/m_fold_sampling_voting_5jyt/01_m_fold_sampling/round_1/01_sampling/sampling_8/group_4_unrelaxed_rank_001_alphafold2_ptm_model_1_seed_042.pdb,73.91186813186813,0.77233,11,1
/fs/ess/PAA0203/xing244/AF_ClaSeq/results_updated/KaiB/run1/m_fold_sampling_voting_5jyt/01_m_fold_sampling/round_1/01_sampling/sampling_8/group_12_unrelaxed_rank_001_alphafold2_ptm_model_1_seed_042.pdb,84.69846153846154,0.78919,11,1
/fs/ess/PAA0203/xing244/AF_ClaSeq/results_updated/KaiB/run1/m_fold_sampling_voting_5jyt/01_m_fold_sampling/round_1/01_sampling/sampling_8/group_38_unrelaxed_rank_001_alphafold2_ptm_model_1_seed_042.pdb,85.4601098901099,0.80009,11,1
/fs/ess/PAA0203/xing244/AF_ClaSeq/results_updated/KaiB/run1/m_fold_sampling_voting_5jyt/01_m_fold_sampling/round_1/01_sampling/sampling_8/group_15_unrelaxed_rank_001_alphafold2_ptm_model_1_seed_042.pdb,87.91494505494506,0.80731,11,1
/fs/ess/PAA0203/xing244/AF_ClaSeq/results_updated/KaiB/run1/m_fold_sampling_voting_5jyt/01_m_fold_sampling/round_1/01_sampling/sampling_8/group_23_unrelaxed_rank_001_alphafold2_ptm_model_1_seed_042.pdb,68.00901098901099,0.74656,11,1
/fs/ess/PAA0203/xing244/AF_ClaSeq/results_updated/KaiB/run1/m_fold_sampling_voting_5jyt/01_m_fold_sampling/round_1/01_sampling/sampling_8/group_5_unrelaxed_rank_001_alphafold2_ptm_model_1_seed_042.pdb,74.45626373626372,0.75269,11,1
/fs/ess/PAA0203/xing244/AF_ClaSeq/results_updated/KaiB/run1/m_fold_sampling_voting_5jyt/01_m_fold_sampling/round_1/01_sampling/sampling_8/group_33_unrelaxed_rank_001_alphafold2_ptm_model_1_seed_042.pdb,87.83054945054947,0.8157,11,1
/fs/ess/PAA0203/xing244/AF_ClaSeq/results_updated/KaiB/run1/m_fold_sampling_voting_5jyt/01_m_fold_sampling/round_1/01_sampling/sampling_8/group_27_unrelaxed_rank_001_alphafold2_ptm_model_1_seed_042.pdb,86.1612087912088,0.81199,11,1
/fs/ess/PAA0203/xing244/AF_ClaSeq/results_updated/KaiB/run1/m_fold_sampling_voting_5jyt/01_m_fold_sampling/round_1/01_sampling/sampling_8/group_42_unrelaxed_rank_001_alphafold2_ptm_model_1_seed_042.pdb,87.7489010989011,0.78328,11,1
/fs/ess/PAA0203/xing244/AF_ClaSeq/results_updated/KaiB/run1/m_fold_sampling_voting_5jyt/01_m_fold_sampling/round_1/01_sampling/sampling_8/group_10_unrelaxed_rank_001_alphafold2_ptm_model_1_seed_042.pdb,74.69901098901097,0.78292,11,1
/fs/ess/PAA0203/xing244/AF_ClaSeq/results_updated/KaiB/run1/m_fold_sampling_voting_5jyt/01_m_fold_sampling/round_1/01_sampling/sampling_8/group_37_unrelaxed_rank_001_alphafold2_ptm_model_1_seed_042.pdb,67.60340659340659,0.72989,11,1
/fs/ess/PAA0203/xing244/AF_ClaSeq/results_updated/KaiB/run1/m_fold_sampling_voting_5jyt/01_m_fold_sampling/round_1/01_sampling/sampling_8/group_29_unrelaxed_rank_001_alphafold2_ptm_model_1_seed_042.pdb,87.89241758241758,0.78013,11,1
/fs/ess/PAA0203/xing244/AF_ClaSeq/results_updated/KaiB/run1/m_fold_sampling_voting_5jyt/01_m_fold_sampling/round_1/01_sampling/sampling_8/group_18_unrelaxed_rank_001_alphafold2_ptm_model_1_seed_042.pdb,84.86923076923077,0.801,11,1
/fs/ess/PAA0203/xing244/AF_ClaSeq/results_updated/KaiB/run1/m_fold_sampling_voting_5jyt/01_m_fold_sampling/round_1/01_sampling/sampling_8/group_43_unrelaxed_rank_001_alphafold2_ptm_model_1_seed_042.pdb,83.78153846153847,0.78118,11,1
/fs/ess/PAA0203/xing244/AF_ClaSeq/results_updated/KaiB/run1/m_fold_sampling_voting_5jyt/01_m_fold_sampling/round_1/01_sampling/sampling_8/group_25_unrelaxed_rank_001_alphafold2_ptm_model_1_seed_042.pdb,83.68054945054945,0.78705,11,1
/fs/ess/PAA0203/xing244/AF_ClaSeq/results_updated/KaiB/run1/m_fold_sampling_voting_5jyt/01_m_fold_sampling/round_1/01_sampling/sampling_8/group_3_unrelaxed_rank_001_alphafold2_ptm_model_1_seed_042.pdb,78.43472527472528,0.72837,11,1
/fs/ess/PAA0203/xing244/AF_ClaSeq/results_updated/KaiB/run1/m_fold_sampling_voting_5jyt/01_m_fold_sampling/round_1/01_sampling/sampling_8/group_34_unrelaxed_rank_001_alphafold2_ptm_model_1_seed_042.pdb,87.07835164835164,0.80047,11,1
/fs/ess/PAA0203/xing244/AF_ClaSeq/results_updated/KaiB/run1/m_fold_sampling_voting_5jyt/01_m_fold_sampling/round_1/01_sampling/sampling_8/group_9_unrelaxed_rank_001_alphafold2_ptm_model_1_seed_042.pdb,84.60274725274725,0.79075,11,1
/fs/ess/PAA0203/xing244/AF_ClaSeq/results_updated/KaiB/run1/m_fold_sampling_voting_5jyt/01_m_fold_sampling/round_1/01_sampling/sampling_8/group_47_unrelaxed_rank_001_alphafold2_ptm_model_1_seed_042.pdb,87.27274725274725,0.76572,11,1
/fs/ess/PAA0203/xing244/AF_ClaSeq/results_updated/KaiB/run1/m_fold_sampling_voting_5jyt/01_m_fold_sampling/round_1/01_sampling/sampling_8/group_35_unrelaxed_rank_001_alphafold2_ptm_model_1_seed_042.pdb,86.81406593406594,0.80084,11,1
/fs/ess/PAA0203/xing244/AF_ClaSeq/results_updated/KaiB/run1/m_fold_sampling_voting_5jyt/01_m_fold_sampling/round_1/01_sampling/sampling_8/group_24_unrelaxed_rank_001_alphafold2_ptm_model_1_seed_042.pdb,86.19120879120878,0.77081,11,1
/fs/ess/PAA0203/xing244/AF_ClaSeq/results_updated/KaiB/run1/m_fold_sampling_voting_5jyt/01_m_fold_sampling/round_1/01_sampling/sampling_8/group_40_unrelaxed_rank_001_alphafold2_ptm_model_1_seed_042.pdb,76.81362637362638,0.75909,11,1
/fs/ess/PAA0203/xing244/AF_ClaSeq/results_updated/KaiB/run1/m_fold_sampling_voting_5jyt/01_m_fold_sampling/round_1/01_sampling/sampling_8/group_1_unrelaxed_rank_001_alphafold2_ptm_model_1_seed_042.pdb,76.22648351648351,0.79995,11,1
/fs/ess/PAA0203/xing244/AF_ClaSeq/results_updated/KaiB/run1/m_fold_sampling_voting_5jyt/01_m_fold_sampling/round_1/01_sampling/sampling_8/group_30_unrelaxed_rank_001_alphafold2_ptm_model_1_seed_042.pdb,81.36307692307692,0.79569,11,1
/fs/ess/PAA0203/xing244/AF_ClaSeq/results_updated/KaiB/run1/m_fold_sampling_voting_5jyt/01_m_fold_sampling/round_1/01_sampling/sampling_8/group_26_unrelaxed_rank_001_alphafold2_ptm_model_1_seed_042.pdb,87.14010989010988,0.8026,11,1
/fs/ess/PAA0203/xing244/AF_ClaSeq/results_updated/KaiB/run1/m_fold_sampling_voting_5jyt/01_m_fold_sampling/round_1/01_sampling/sampling_8/group_39_unrelaxed_rank_001_alphafold2_ptm_model_1_seed_042.pdb,78.49483516483515,0.7305,11,1
/fs/ess/PAA0203/xing244/AF_ClaSeq/results_updated/KaiB/run1/m_fold_sampling_voting_5jyt/01_m_fold_sampling/round_1/01_sampling/sampling_8/group_11_unrelaxed_rank_001_alphafold2_ptm_model_1_seed_042.pdb,83.74098901098903,0.75365,11,1
/fs/ess/PAA0203/xing244/AF_ClaSeq/results_updated/KaiB/run1/m_fold_sampling_voting_5jyt/01_m_fold_sampling/round_1/01_sampling/sampling_8/group_49_unrelaxed_rank_001_alphafold2_ptm_model_1_seed_042.pdb,85.69593406593407,0.78637,12,1
/fs/ess/PAA0203/xing244/AF_ClaSeq/results_updated/KaiB/run1/m_fold_sampling_voting_5jyt/01_m_fold_sampling/round_1/01_sampling/sampling_8/group_45_unrelaxed_rank_001_alphafold2_ptm_model_1_seed_042.pdb,86.52824175824175,0.81096,11,1
/fs/ess/PAA0203/xing244/AF_ClaSeq/results_updated/KaiB/run1/m_fold_sampling_voting_5jyt/01_m_fold_sampling/round_1/01_sampling/sampling_8/group_2_unrelaxed_rank_001_alphafold2_ptm_model_1_seed_042.pdb,85.47604395604397,0.79011,11,1
/fs/ess/PAA0203/xing244/AF_ClaSeq/results_updated/KaiB/run1/m_fold_sampling_voting_5jyt/01_m_fold_sampling/round_1/01_sampling/sampling_8/group_36_unrelaxed_rank_001_alphafold2_ptm_model_1_seed_042.pdb,88.28945054945055,0.80283,11,1
/fs/ess/PAA0203/xing244/AF_ClaSeq/results_updated/KaiB/run1/m_fold_sampling_voting_5jyt/01_m_fold_sampling/round_1/01_sampling/sampling_47/group_20_unrelaxed_rank_001_alphafold2_ptm_model_1_seed_042.pdb,85.63945054945056,0.814,11,1
/fs/ess/PAA0203/xing244/AF_ClaSeq/results_updated/KaiB/run1/m_fold_sampling_voting_5jyt/01_m_fold_sampling/round_1/01_sampling/sampling_47/group_44_unrelaxed_rank_001_alphafold2_ptm_model_1_seed_042.pdb,77.22505494505495,0.75941,11,1
/fs/ess/PAA0203/xing244/AF_ClaSeq/results_updated/KaiB/run1/m_fold_sampling_voting_5jyt/01_m_fold_sampling/round_1/01_sampling/sampling_47/group_16_unrelaxed_rank_001_alphafold2_ptm_model_1_seed_042.pdb,87.97439560439561,0.80914,11,1
/fs/ess/PAA0203/xing244/AF_ClaSeq/results_updated/KaiB/run1/m_fold_sampling_voting_5jyt/01_m_fold_sampling/round_1/01_sampling/sampling_47/group_8_unrelaxed_rank_001_alphafold2_ptm_model_1_seed_042.pdb,84.67879120879121,0.77893,11,1
/fs/ess/PAA0203/xing244/AF_ClaSeq/results_updated/KaiB/run1/m_fold_sampling_voting_5jyt/01_m_fold_sampling/round_1/01_sampling/sampling_47/group_48_unrelaxed_rank_001_alphafold2_ptm_model_1_seed_042.pdb,86.94241758241759,0.79497,11,1
/fs/ess/PAA0203/xing244/AF_ClaSeq/results_updated/KaiB/run1/m_fold_sampling_voting_5jyt/01_m_fold_sampling/round_1/01_sampling/sampling_47/group_6_unrelaxed_rank_001_alphafold2_ptm_model_1_seed_042.pdb,86.07153846153845,0.79411,11,1
/fs/ess/PAA0203/xing244/AF_ClaSeq/results_updated/KaiB/run1/m_fold_sampling_voting_5jyt/01_m_fold_sampling/round_1/01_sampling/sampling_47/group_19_unrelaxed_rank_001_alphafold2_ptm_model_1_seed_042.pdb,87.1210989010989,0.80579,11,1
/fs/ess/PAA0203/xing244/AF_ClaSeq/results_updated/KaiB/run1/m_fold_sampling_voting_5jyt/01_m_fold_sampling/round_1/01_sampling/sampling_47/group_13_unrelaxed_rank_001_alphafold2_ptm_model_1_seed_042.pdb,82.58395604395604,0.75167,11,1
/fs/ess/PAA0203/xing244/AF_ClaSeq/results_updated/KaiB/run1/m_fold_sampling_voting_5jyt/01_m_fold_sampling/round_1/01_sampling/sampling_47/group_28_unrelaxed_rank_001_alphafold2_ptm_model_1_seed_042.pdb,83.05472527472527,0.79095,11,1
/fs/ess/PAA0203/xing244/AF_ClaSeq/results_updated/KaiB/run1/m_fold_sampling_voting_5jyt/01_m_fold_sampling/round_1/01_sampling/sampling_47/group_32_unrelaxed_rank_001_alphafold2_ptm_model_1_seed_042.pdb,83.05637362637364,0.77559,11,1
/fs/ess/PAA0203/xing244/AF_ClaSeq/results_updated/KaiB/run1/m_fold_sampling_voting_5jyt/01_m_fold_sampling/round_1/01_sampling/sampling_47/group_22_unrelaxed_rank_001_alphafold2_ptm_model_1_seed_042.pdb,84.92494505494504,0.80597,11,1
/fs/ess/PAA0203/xing244/AF_ClaSeq/results_updated/KaiB/run1/m_fold_sampling_voting_5jyt/01_m_fold_sampling/round_1/01_sampling/sampling_47/group_7_unrelaxed_rank_001_alphafold2_ptm_model_1_seed_042.pdb,72.39406593406594,0.50176,11,1
/fs/ess/PAA0203/xing244/AF_ClaSeq/results_updated/KaiB/run1/m_fold_sampling_voting_5jyt/01_m_fold_sampling/round_1/01_sampling/sampling_47/group_21_unrelaxed_rank_001_alphafold2_ptm_model_1_seed_042.pdb,87.54263736263735,0.77574,11,1
/fs/ess/PAA0203/xing244/AF_ClaSeq/results_updated/KaiB/run1/m_fold_sampling_voting_5jyt/01_m_fold_sampling/round_1/01_sampling/sampling_47/group_41_unrelaxed_rank_001_alphafold2_ptm_model_1_seed_042.pdb,82.1978021978022,0.78258,11,1
/fs/ess/PAA0203/xing244/AF_ClaSeq/results_updated/KaiB/run1/m_fold_sampling_voting_5jyt/01_m_fold_sampling/round_1/01_sampling/sampling_47/group_31_unrelaxed_rank_001_alphafold2_ptm_model_1_seed_042.pdb,87.13120879120879,0.79093,11,1
/fs/ess/PAA0203/xing244/AF_ClaSeq/results_updated/KaiB/run1/m_fold_sampling_voting_5jyt/01_m_fold_sampling/round_1/01_sampling/sampling_47/group_46_unrelaxed_rank_001_alphafold2_ptm_model_1_seed_042.pdb,80.24604395604396,0.77278,11,1
/fs/ess/PAA0203/xing244/AF_ClaSeq/results_updated/KaiB/run1/m_fold_sampling_voting_5jyt/01_m_fold_sampling/round_1/01_sampling/sampling_47/group_17_unrelaxed_rank_001_alphafold2_ptm_model_1_seed_042.pdb,82.85813186813188,0.7846,11,1
/fs/ess/PAA0203/xing244/AF_ClaSeq/results_updated/KaiB/run1/m_fold_sampling_voting_5jyt/01_m_fold_sampling/round_1/01_sampling/sampling_47/group_14_unrelaxed_rank_001_alphafold2_ptm_model_1_seed_042.pdb,85.46384615384615,0.81336,11,1
/fs/ess/PAA0203/xing244/AF_ClaSeq/results_updated/KaiB/run1/m_fold_sampling_voting_5jyt/01_m_fold_sampling/round_1/01_sampling/sampling_47/group_4_unrelaxed_rank_001_alphafold2_ptm_model_1_seed_042.pdb,84.49670329670329,0.81755,11,1
/fs/ess/PAA0203/xing244/AF_ClaSeq/results_updated/KaiB/run1/m_fold_sampling_voting_5jyt/01_m_fold_sampling/round_1/01_sampling/sampling_47/group_12_unrelaxed_rank_001_alphafold2_ptm_model_1_seed_042.pdb,85.77087912087912,0.75893,11,1
/fs/ess/PAA0203/xing244/AF_ClaSeq/results_updated/KaiB/run1/m_fold_sampling_voting_5jyt/01_m_fold_sampling/round_1/01_sampling/sampling_47/group_38_unrelaxed_rank_001_alphafold2_ptm_model_1_seed_042.pdb,87.84549450549451,0.78919,11,1
/fs/ess/PAA0203/xing244/AF_ClaSeq/results_updated/KaiB/run1/m_fold_sampling_voting_5jyt/01_m_fold_sampling/round_1/01_sampling/sampling_47/group_15_unrelaxed_rank_001_alphafold2_ptm_model_1_seed_042.pdb,81.40824175824176,0.79007,11,1
/fs/ess/PAA0203/xing244/AF_ClaSeq/results_updated/KaiB/run1/m_fold_sampling_voting_5jyt/01_m_fold_sampling/round_1/01_sampling/sampling_47/group_23_unrelaxed_rank_001_alphafold2_ptm_model_1_seed_042.pdb,68.61626373626372,0.52526,11,1
/fs/ess/PAA0203/xing244/AF_ClaSeq/results_updated/KaiB/run1/m_fold_sampling_voting_5jyt/01_m_fold_sampling/round_1/01_sampling/sampling_47/group_5_unrelaxed_rank_001_alphafold2_ptm_model_1_seed_042.pdb,84.86164835164836,0.75712,11,1
/fs/ess/PAA0203/xing244/AF_ClaSeq/results_updated/KaiB/run1/m_fold_sampling_voting_5jyt/01_m_fold_sampling/round_1/01_sampling/sampling_47/group_33_unrelaxed_rank_001_alphafold2_ptm_model_1_seed_042.pdb,85.90626373626374,0.80132,11,1
/fs/ess/PAA0203/xing244/AF_ClaSeq/results_updated/KaiB/run1/m_fold_sampling_voting_5jyt/01_m_fold_sampling/round_1/01_sampling/sampling_47/group_27_unrelaxed_rank_001_alphafold2_ptm_model_1_seed_042.pdb,83.37670329670328,0.77262,11,1
/fs/ess/PAA0203/xing244/AF_ClaSeq/results_updated/KaiB/run1/m_fold_sampling_voting_5jyt/01_m_fold_sampling/round_1/01_sampling/sampling_47/group_42_unrelaxed_rank_001_alphafold2_ptm_model_1_seed_042.pdb,73.5376923076923,0.74232,11,1
/fs/ess/PAA0203/xing244/AF_ClaSeq/results_updated/KaiB/run1/m_fold_sampling_voting_5jyt/01_m_fold_sampling/round_1/01_sampling/sampling_47/group_10_unrelaxed_rank_001_alphafold2_ptm_model_1_seed_042.pdb,80.40307692307692,0.77326,11,1
/fs/ess/PAA0203/xing244/AF_ClaSeq/results_updated/KaiB/run1/m_fold_sampling_voting_5jyt/01_m_fold_sampling/round_1/01_sampling/sampling_47/group_37_unrelaxed_rank_001_alphafold2_ptm_model_1_seed_042.pdb,58.92516483516484,0.64319,11,1
/fs/ess/PAA0203/xing244/AF_ClaSeq/results_updated/KaiB/run1/m_fold_sampling_voting_5jyt/01_m_fold_sampling/round_1/01_sampling/sampling_47/group_29_unrelaxed_rank_001_alphafold2_ptm_model_1_seed_042.pdb,86.83263736263736,0.8,11,1
/fs/ess/PAA0203/xing244/AF_ClaSeq/results_updated/KaiB/run1/m_fold_sampling_voting_5jyt/01_m_fold_sampling/round_1/01_sampling/sampling_47/group_18_unrelaxed_rank_001_alphafold2_ptm_model_1_seed_042.pdb,89.57714285714287,0.8052,11,1
/fs/ess/PAA0203/xing244/AF_ClaSeq/results_updated/KaiB/run1/m_fold_sampling_voting_5jyt/01_m_fold_sampling/round_1/01_sampling/sampling_47/group_43_unrelaxed_rank_001_alphafold2_ptm_model_1_seed_042.pdb,85.32857142857144,0.77946,11,1
/fs/ess/PAA0203/xing244/AF_ClaSeq/results_updated/KaiB/run1/m_fold_sampling_voting_5jyt/01_m_fold_sampling/round_1/01_sampling/sampling_47/group_25_unrelaxed_rank_001_alphafold2_ptm_model_1_seed_042.pdb,76.16978021978022,0.76641,11,1
/fs/ess/PAA0203/xing244/AF_ClaSeq/results_updated/KaiB/run1/m_fold_sampling_voting_5jyt/01_m_fold_sampling/round_1/01_sampling/sampling_47/group_3_unrelaxed_rank_001_alphafold2_ptm_model_1_seed_042.pdb,73.55527472527473,0.77031,11,1
/fs/ess/PAA0203/xing244/AF_ClaSeq/results_updated/KaiB/run1/m_fold_sampling_voting_5jyt/01_m_fold_sampling/round_1/01_sampling/sampling_47/group_34_unrelaxed_rank_001_alphafold2_ptm_model_1_seed_042.pdb,84.96384615384615,0.79797,11,1
/fs/ess/PAA0203/xing244/AF_ClaSeq/results_updated/KaiB/run1/m_fold_sampling_voting_5jyt/01_m_fold_sampling/round_1/01_sampling/sampling_47/group_9_unrelaxed_rank_001_alphafold2_ptm_model_1_seed_042.pdb,77.90098901098902,0.75815,11,1
/fs/ess/PAA0203/xing244/AF_ClaSeq/results_updated/KaiB/run1/m_fold_sampling_voting_5jyt/01_m_fold_sampling/round_1/01_sampling/sampling_47/group_47_unrelaxed_rank_001_alphafold2_ptm_model_1_seed_042.pdb,84.0924175824176,0.80927,11,1
/fs/ess/PAA0203/xing244/AF_ClaSeq/results_updated/KaiB/run1/m_fold_sampling_voting_5jyt/01_m_fold_sampling/round_1/01_sampling/sampling_47/group_35_unrelaxed_rank_001_alphafold2_ptm_model_1_seed_042.pdb,71.19406593406595,0.73199,11,1
/fs/ess/PAA0203/xing244/AF_ClaSeq/results_updated/KaiB/run1/m_fold_sampling_voting_5jyt/01_m_fold_sampling/round_1/01_sampling/sampling_47/group_24_unrelaxed_rank_001_alphafold2_ptm_model_1_seed_042.pdb,87.01417582417582,0.77769,11,1
/fs/ess/PAA0203/xing244/AF_ClaSeq/results_updated/KaiB/run1/m_fold_sampling_voting_5jyt/01_m_fold_sampling/round_1/01_sampling/sampling_47/group_40_unrelaxed_rank_001_alphafold2_ptm_model_1_seed_042.pdb,87.73802197802198,0.80812,11,1
/fs/ess/PAA0203/xing244/AF_ClaSeq/results_updated/KaiB/run1/m_fold_sampling_voting_5jyt/01_m_fold_sampling/round_1/01_sampling/sampling_47/group_1_unrelaxed_rank_001_alphafold2_ptm_model_1_seed_042.pdb,83.15197802197801,0.74296,11,1
/fs/ess/PAA0203/xing244/AF_ClaSeq/results_updated/KaiB/run1/m_fold_sampling_voting_5jyt/01_m_fold_sampling/round_1/01_sampling/sampling_47/group_30_unrelaxed_rank_001_alphafold2_ptm_model_1_seed_042.pdb,80.26923076923076,0.77466,11,1
/fs/ess/PAA0203/xing244/AF_ClaSeq/results_updated/KaiB/run1/m_fold_sampling_voting_5jyt/01_m_fold_sampling/round_1/01_sampling/sampling_47/group_26_unrelaxed_rank_001_alphafold2_ptm_model_1_seed_042.pdb,85.15296703296703,0.79978,11,1
/fs/ess/PAA0203/xing244/AF_ClaSeq/results_updated/KaiB/run1/m_fold_sampling_voting_5jyt/01_m_fold_sampling/round_1/01_sampling/sampling_47/group_39_unrelaxed_rank_001_alphafold2_ptm_model_1_seed_042.pdb,69.3068131868132,0.72779,11,1
/fs/ess/PAA0203/xing244/AF_ClaSeq/results_updated/KaiB/run1/m_fold_sampling_voting_5jyt/01_m_fold_sampling/round_1/01_sampling/sampling_47/group_11_unrelaxed_rank_001_alphafold2_ptm_model_1_seed_042.pdb,79.08406593406593,0.7675,11,1
/fs/ess/PAA0203/xing244/AF_ClaSeq/results_updated/KaiB/run1/m_fold_sampling_voting_5jyt/01_m_fold_sampling/round_1/01_sampling/sampling_47/group_49_unrelaxed_rank_001_alphafold2_ptm_model_1_seed_042.pdb,84.42692307692307,0.74711,12,1
/fs/ess/PAA0203/xing244/AF_ClaSeq/results_updated/KaiB/run1/m_fold_sampling_voting_5jyt/01_m_fold_sampling/round_1/01_sampling/sampling_47/group_45_unrelaxed_rank_001_alphafold2_ptm_model_1_seed_042.pdb,85.89351648351649,0.78419,11,1
/fs/ess/PAA0203/xing244/AF_ClaSeq/results_updated/KaiB/run1/m_fold_sampling_voting_5jyt/01_m_fold_sampling/round_1/01_sampling/sampling_47/group_2_unrelaxed_rank_001_alphafold2_ptm_model_1_seed_042.pdb,82.3887912087912,0.79873,11,1
/fs/ess/PAA0203/xing244/AF_ClaSeq/results_updated/KaiB/run1/m_fold_sampling_voting_5jyt/01_m_fold_sampling/round_1/01_sampling/sampling_47/group_36_unrelaxed_rank_001_alphafold2_ptm_model_1_seed_042.pdb,84.74725274725276,0.79964,11,1
/fs/ess/PAA0203/xing244/AF_ClaSeq/results_updated/KaiB/run1/m_fold_sampling_voting_5jyt/01_m_fold_sampling/round_1/01_sampling/sampling_26/group_20_unrelaxed_rank_001_alphafold2_ptm_model_1_seed_042.pdb,60.13054945054945,0.51832,11,1
/fs/ess/PAA0203/xing244/AF_ClaSeq/results_updated/KaiB/run1/m_fold_sampling_voting_5jyt/01_m_fold_sampling/round_1/01_sampling/sampling_26/group_44_unrelaxed_rank_001_alphafold2_ptm_model_1_seed_042.pdb,67.3445054945055,0.69316,11,1
/fs/ess/PAA0203/xing244/AF_ClaSeq/results_updated/KaiB/run1/m_fold_sampling_voting_5jyt/01_m_fold_sampling/round_1/01_sampling/sampling_26/group_16_unrelaxed_rank_001_alphafold2_ptm_model_1_seed_042.pdb,88.46175824175825,0.78071,11,1
/fs/ess/PAA0203/xing244/AF_ClaSeq/results_updated/KaiB/run1/m_fold_sampling_voting_5jyt/01_m_fold_sampling/round_1/01_sampling/sampling_26/group_8_unrelaxed_rank_001_alphafold2_ptm_model_1_seed_042.pdb,88.58538461538461,0.80247,11,1
/fs/ess/PAA0203/xing244/AF_ClaSeq/results_updated/KaiB/run1/m_fold_sampling_voting_5jyt/01_m_fold_sampling/round_1/01_sampling/sampling_26/group_48_unrelaxed_rank_001_alphafold2_ptm_model_1_seed_042.pdb,76.20835164835165,0.72245,11,1
/fs/ess/PAA0203/xing244/AF_ClaSeq/results_updated/KaiB/run1/m_fold_sampling_voting_5jyt/01_m_fold_sampling/round_1/01_sampling/sampling_26/group_6_unrelaxed_rank_001_alphafold2_ptm_model_1_seed_042.pdb,81.13395604395603,0.79436,11,1
/fs/ess/PAA0203/xing244/AF_ClaSeq/results_updated/KaiB/run1/m_fold_sampling_voting_5jyt/01_m_fold_sampling/round_1/01_sampling/sampling_26/group_19_unrelaxed_rank_001_alphafold2_ptm_model_1_seed_042.pdb,66.75373626373626,0.74747,11,1
/fs/ess/PAA0203/xing244/AF_ClaSeq/results_updated/KaiB/run1/m_fold_sampling_voting_5jyt/01_m_fold_sampling/round_1/01_sampling/sampling_26/group_13_unrelaxed_rank_001_alphafold2_ptm_model_1_seed_042.pdb,64.74758241758242,0.75854,11,1
/fs/ess/PAA0203/xing244/AF_ClaSeq/results_updated/KaiB/run1/m_fold_sampling_voting_5jyt/01_m_fold_sampling/round_1/01_sampling/sampling_26/group_28_unrelaxed_rank_001_alphafold2_ptm_model_1_seed_042.pdb,88.639010989011,0.80296,11,1
/fs/ess/PAA0203/xing244/AF_ClaSeq/results_updated/KaiB/run1/m_fold_sampling_voting_5jyt/01_m_fold_sampling/round_1/01_sampling/sampling_26/group_32_unrelaxed_rank_001_alphafold2_ptm_model_1_seed_042.pdb,83.71307692307691,0.75698,11,1
/fs/ess/PAA0203/xing244/AF_ClaSeq/results_updated/KaiB/run1/m_fold_sampling_voting_5jyt/01_m_fold_sampling/round_1/01_sampling/sampling_26/group_22_unrelaxed_rank_001_alphafold2_ptm_model_1_seed_042.pdb,82.5153846153846,0.77116,11,1
/fs/ess/PAA0203/xing244/AF_ClaSeq/results_updated/KaiB/run1/m_fold_sampling_voting_5jyt/01_m_fold_sampling/round_1/01_sampling/sampling_26/group_7_unrelaxed_rank_001_alphafold2_ptm_model_1_seed_042.pdb,85.07802197802198,0.76165,11,1
/fs/ess/PAA0203/xing244/AF_ClaSeq/results_updated/KaiB/run1/m_fold_sampling_voting_5jyt/01_m_fold_sampling/round_1/01_sampling/sampling_26/group_21_unrelaxed_rank_001_alphafold2_ptm_model_1_seed_042.pdb,88.45813186813186,0.81294,11,1
/fs/ess/PAA0203/xing244/AF_ClaSeq/results_updated/KaiB/run1/m_fold_sampling_voting_5jyt/01_m_fold_sampling/round_1/01_sampling/sampling_26/group_41_unrelaxed_rank_001_alphafold2_ptm_model_1_seed_042.pdb,87.58538461538463,0.80951,11,1
/fs/ess/PAA0203/xing244/AF_ClaSeq/results_updated/KaiB/run1/m_fold_sampling_voting_5jyt/01_m_fold_sampling/round_1/01_sampling/sampling_26/group_31_unrelaxed_rank_001_alphafold2_ptm_model_1_seed_042.pdb,87.22373626373627,0.79925,11,1
/fs/ess/PAA0203/xing244/AF_ClaSeq/results_updated/KaiB/run1/m_fold_sampling_voting_5jyt/01_m_fold_sampling/round_1/01_sampling/sampling_26/group_46_unrelaxed_rank_001_alphafold2_ptm_model_1_seed_042.pdb,85.30065934065934,0.80736,11,1
/fs/ess/PAA0203/xing244/AF_ClaSeq/results_updated/KaiB/run1/m_fold_sampling_voting_5jyt/01_m_fold_sampling/round_1/01_sampling/sampling_26/group_17_unrelaxed_rank_001_alphafold2_ptm_model_1_seed_042.pdb,88.85593406593406,0.79652,11,1
/fs/ess/PAA0203/xing244/AF_ClaSeq/results_updated/KaiB/run1/m_fold_sampling_voting_5jyt/01_m_fold_sampling/round_1/01_sampling/sampling_26/group_14_unrelaxed_rank_001_alphafold2_ptm_model_1_seed_042.pdb,82.99835164835164,0.75938,11,1
/fs/ess/PAA0203/xing244/AF_ClaSeq/results_updated/KaiB/run1/m_fold_sampling_voting_5jyt/01_m_fold_sampling/round_1/01_sampling/sampling_26/group_4_unrelaxed_rank_001_alphafold2_ptm_model_1_seed_042.pdb,86.43703296703298,0.78577,11,1
/fs/ess/PAA0203/xing244/AF_ClaSeq/results_updated/KaiB/run1/m_fold_sampling_voting_5jyt/01_m_fold_sampling/round_1/01_sampling/sampling_26/group_12_unrelaxed_rank_001_alphafold2_ptm_model_1_seed_042.pdb,89.30076923076923,0.81132,11,1
/fs/ess/PAA0203/xing244/AF_ClaSeq/results_updated/KaiB/run1/m_fold_sampling_voting_5jyt/01_m_fold_sampling/round_1/01_sampling/sampling_26/group_38_unrelaxed_rank_001_alphafold2_ptm_model_1_seed_042.pdb,86.81208791208792,0.81399,11,1
/fs/ess/PAA0203/xing244/AF_ClaSeq/results_updated/KaiB/run1/m_fold_sampling_voting_5jyt/01_m_fold_sampling/round_1/01_sampling/sampling_26/group_15_unrelaxed_rank_001_alphafold2_ptm_model_1_seed_042.pdb,89.19758241758242,0.79811,11,1
/fs/ess/PAA0203/xing244/AF_ClaSeq/results_updated/KaiB/run1/m_fold_sampling_voting_5jyt/01_m_fold_sampling/round_1/01_sampling/sampling_26/group_23_unrelaxed_rank_001_alphafold2_ptm_model_1_seed_042.pdb,77.56483516483516,0.76159,11,1
/fs/ess/PAA0203/xing244/AF_ClaSeq/results_updated/KaiB/run1/m_fold_sampling_voting_5jyt/01_m_fold_sampling/round_1/01_sampling/sampling_26/group_5_unrelaxed_rank_001_alphafold2_ptm_model_1_seed_042.pdb,66.70428571428573,0.67743,11,1
/fs/ess/PAA0203/xing244/AF_ClaSeq/results_updated/KaiB/run1/m_fold_sampling_voting_5jyt/01_m_fold_sampling/round_1/01_sampling/sampling_26/group_33_unrelaxed_rank_001_alphafold2_ptm_model_1_seed_042.pdb,70.9001098901099,0.75223,11,1
/fs/ess/PAA0203/xing244/AF_ClaSeq/results_updated/KaiB/run1/m_fold_sampling_voting_5jyt/01_m_fold_sampling/round_1/01_sampling/sampling_26/group_27_unrelaxed_rank_001_alphafold2_ptm_model_1_seed_042.pdb,87.84208791208792,0.78007,11,1
/fs/ess/PAA0203/xing244/AF_ClaSeq/results_updated/KaiB/run1/m_fold_sampling_voting_5jyt/01_m_fold_sampling/round_1/01_sampling/sampling_26/group_42_unrelaxed_rank_001_alphafold2_ptm_model_1_seed_042.pdb,81.22054945054944,0.77943,11,1
/fs/ess/PAA0203/xing244/AF_ClaSeq/results_updated/KaiB/run1/m_fold_sampling_voting_5jyt/01_m_fold_sampling/round_1/01_sampling/sampling_26/group_10_unrelaxed_rank_001_alphafold2_ptm_model_1_seed_042.pdb,83.5356043956044,0.7978,11,1
/fs/ess/PAA0203/xing244/AF_ClaSeq/results_updated/KaiB/run1/m_fold_sampling_voting_5jyt/01_m_fold_sampling/round_1/01_sampling/sampling_26/group_37_unrelaxed_rank_001_alphafold2_ptm_model_1_seed_042.pdb,86.36659340659341,0.79609,11,1
/fs/ess/PAA0203/xing244/AF_ClaSeq/results_updated/KaiB/run1/m_fold_sampling_voting_5jyt/01_m_fold_sampling/round_1/01_sampling/sampling_26/group_29_unrelaxed_rank_001_alphafold2_ptm_model_1_seed_042.pdb,82.18274725274725,0.79091,11,1
/fs/ess/PAA0203/xing244/AF_ClaSeq/results_updated/KaiB/run1/m_fold_sampling_voting_5jyt/01_m_fold_sampling/round_1/01_sampling/sampling_26/group_18_unrelaxed_rank_001_alphafold2_ptm_model_1_seed_042.pdb,87.72648351648351,0.8213,11,1
/fs/ess/PAA0203/xing244/AF_ClaSeq/results_updated/KaiB/run1/m_fold_sampling_voting_5jyt/01_m_fold_sampling/round_1/01_sampling/sampling_26/group_43_unrelaxed_rank_001_alphafold2_ptm_model_1_seed_042.pdb,83.91725274725275,0.79763,11,1
/fs/ess/PAA0203/xing244/AF_ClaSeq/results_updated/KaiB/run1/m_fold_sampling_voting_5jyt/01_m_fold_sampling/round_1/01_sampling/sampling_26/group_25_unrelaxed_rank_001_alphafold2_ptm_model_1_seed_042.pdb,87.18340659340662,0.8092,11,1
/fs/ess/PAA0203/xing244/AF_ClaSeq/results_updated/KaiB/run1/m_fold_sampling_voting_5jyt/01_m_fold_sampling/round_1/01_sampling/sampling_26/group_3_unrelaxed_rank_001_alphafold2_ptm_model_1_seed_042.pdb,84.66692307692307,0.78594,11,1
/fs/ess/PAA0203/xing244/AF_ClaSeq/results_updated/KaiB/run1/m_fold_sampling_voting_5jyt/01_m_fold_sampling/round_1/01_sampling/sampling_26/group_34_unrelaxed_rank_001_alphafold2_ptm_model_1_seed_042.pdb,75.15846153846152,0.79497,11,1
/fs/ess/PAA0203/xing244/AF_ClaSeq/results_updated/KaiB/run1/m_fold_sampling_voting_5jyt/01_m_fold_sampling/round_1/01_sampling/sampling_26/group_9_unrelaxed_rank_001_alphafold2_ptm_model_1_seed_042.pdb,85.90362637362638,0.7897,11,1
/fs/ess/PAA0203/xing244/AF_ClaSeq/results_updated/KaiB/run1/m_fold_sampling_voting_5jyt/01_m_fold_sampling/round_1/01_sampling/sampling_26/group_47_unrelaxed_rank_001_alphafold2_ptm_model_1_seed_042.pdb,81.2175824175824,0.74714,11,1
/fs/ess/PAA0203/xing244/AF_ClaSeq/results_updated/KaiB/run1/m_fold_sampling_voting_5jyt/01_m_fold_sampling/round_1/01_sampling/sampling_26/group_35_unrelaxed_rank_001_alphafold2_ptm_model_1_seed_042.pdb,85.00395604395605,0.80115,11,1
/fs/ess/PAA0203/xing244/AF_ClaSeq/results_updated/KaiB/run1/m_fold_sampling_voting_5jyt/01_m_fold_sampling/round_1/01_sampling/sampling_26/group_24_unrelaxed_rank_001_alphafold2_ptm_model_1_seed_042.pdb,86.19362637362637,0.79639,11,1
/fs/ess/PAA0203/xing244/AF_ClaSeq/results_updated/KaiB/run1/m_fold_sampling_voting_5jyt/01_m_fold_sampling/round_1/01_sampling/sampling_26/group_40_unrelaxed_rank_001_alphafold2_ptm_model_1_seed_042.pdb,89.2223076923077,0.81079,11,1
/fs/ess/PAA0203/xing244/AF_ClaSeq/results_updated/KaiB/run1/m_fold_sampling_voting_5jyt/01_m_fold_sampling/round_1/01_sampling/sampling_26/group_1_unrelaxed_rank_001_alphafold2_ptm_model_1_seed_042.pdb,84.10626373626374,0.78586,11,1
/fs/ess/PAA0203/xing244/AF_ClaSeq/results_updated/KaiB/run1/m_fold_sampling_voting_5jyt/01_m_fold_sampling/round_1/01_sampling/sampling_26/group_30_unrelaxed_rank_001_alphafold2_ptm_model_1_seed_042.pdb,88.74131868131867,0.79805,11,1
/fs/ess/PAA0203/xing244/AF_ClaSeq/results_updated/KaiB/run1/m_fold_sampling_voting_5jyt/01_m_fold_sampling/round_1/01_sampling/sampling_26/group_26_unrelaxed_rank_001_alphafold2_ptm_model_1_seed_042.pdb,73.01153846153845,0.74989,11,1
/fs/ess/PAA0203/xing244/AF_ClaSeq/results_updated/KaiB/run1/m_fold_sampling_voting_5jyt/01_m_fold_sampling/round_1/01_sampling/sampling_26/group_39_unrelaxed_rank_001_alphafold2_ptm_model_1_seed_042.pdb,85.86505494505492,0.78862,11,1
/fs/ess/PAA0203/xing244/AF_ClaSeq/results_updated/KaiB/run1/m_fold_sampling_voting_5jyt/01_m_fold_sampling/round_1/01_sampling/sampling_26/group_11_unrelaxed_rank_001_alphafold2_ptm_model_1_seed_042.pdb,86.63626373626374,0.76437,11,1
/fs/ess/PAA0203/xing244/AF_ClaSeq/results_updated/KaiB/run1/m_fold_sampling_voting_5jyt/01_m_fold_sampling/round_1/01_sampling/sampling_26/group_49_unrelaxed_rank_001_alphafold2_ptm_model_1_seed_042.pdb,83.57670329670329,0.76314,12,1
/fs/ess/PAA0203/xing244/AF_ClaSeq/results_updated/KaiB/run1/m_fold_sampling_voting_5jyt/01_m_fold_sampling/round_1/01_sampling/sampling_26/group_45_unrelaxed_rank_001_alphafold2_ptm_model_1_seed_042.pdb,82.84505494505494,0.76076,11,1
/fs/ess/PAA0203/xing244/AF_ClaSeq/results_updated/KaiB/run1/m_fold_sampling_voting_5jyt/01_m_fold_sampling/round_1/01_sampling/sampling_26/group_2_unrelaxed_rank_001_alphafold2_ptm_model_1_seed_042.pdb,87.13879120879122,0.81864,11,1
/fs/ess/PAA0203/xing244/AF_ClaSeq/results_updated/KaiB/run1/m_fold_sampling_voting_5jyt/01_m_fold_sampling/round_1/01_sampling/sampling_26/group_36_unrelaxed_rank_001_alphafold2_ptm_model_1_seed_042.pdb,87.2468131868132,0.7914,11,1
/fs/ess/PAA0203/xing244/AF_ClaSeq/results_updated/KaiB/run1/m_fold_sampling_voting_5jyt/01_m_fold_sampling/round_1/01_sampling/sampling_20/group_20_unrelaxed_rank_001_alphafold2_ptm_model_1_seed_042.pdb,84.33835164835163,0.77523,11,1
/fs/ess/PAA0203/xing244/AF_ClaSeq/results_updated/KaiB/run1/m_fold_sampling_voting_5jyt/01_m_fold_sampling/round_1/01_sampling/sampling_20/group_44_unrelaxed_rank_001_alphafold2_ptm_model_1_seed_042.pdb,84.33846153846154,0.79764,11,1
/fs/ess/PAA0203/xing244/AF_ClaSeq/results_updated/KaiB/run1/m_fold_sampling_voting_5jyt/01_m_fold_sampling/round_1/01_sampling/sampling_20/group_16_unrelaxed_rank_001_alphafold2_ptm_model_1_seed_042.pdb,84.01538461538462,0.77126,11,1
/fs/ess/PAA0203/xing244/AF_ClaSeq/results_updated/KaiB/run1/m_fold_sampling_voting_5jyt/01_m_fold_sampling/round_1/01_sampling/sampling_20/group_8_unrelaxed_rank_001_alphafold2_ptm_model_1_seed_042.pdb,88.71373626373627,0.81636,11,1
/fs/ess/PAA0203/xing244/AF_ClaSeq/results_updated/KaiB/run1/m_fold_sampling_voting_5jyt/01_m_fold_sampling/round_1/01_sampling/sampling_20/group_48_unrelaxed_rank_001_alphafold2_ptm_model_1_seed_042.pdb,85.58934065934065,0.78376,11,1
/fs/ess/PAA0203/xing244/AF_ClaSeq/results_updated/KaiB/run1/m_fold_sampling_voting_5jyt/01_m_fold_sampling/round_1/01_sampling/sampling_20/group_6_unrelaxed_rank_001_alphafold2_ptm_model_1_seed_042.pdb,86.42164835164834,0.78489,11,1
/fs/ess/PAA0203/xing244/AF_ClaSeq/results_updated/KaiB/run1/m_fold_sampling_voting_5jyt/01_m_fold_sampling/round_1/01_sampling/sampling_20/group_19_unrelaxed_rank_001_alphafold2_ptm_model_1_seed_042.pdb,67.4389010989011,0.62799,11,1
/fs/ess/PAA0203/xing244/AF_ClaSeq/results_updated/KaiB/run1/m_fold_sampling_voting_5jyt/01_m_fold_sampling/round_1/01_sampling/sampling_20/group_13_unrelaxed_rank_001_alphafold2_ptm_model_1_seed_042.pdb,81.13945054945056,0.78382,11,1
/fs/ess/PAA0203/xing244/AF_ClaSeq/results_updated/KaiB/run1/m_fold_sampling_voting_5jyt/01_m_fold_sampling/round_1/01_sampling/sampling_20/group_28_unrelaxed_rank_001_alphafold2_ptm_model_1_seed_042.pdb,83.49648351648352,0.79719,11,1
/fs/ess/PAA0203/xing244/AF_ClaSeq/results_updated/KaiB/run1/m_fold_sampling_voting_5jyt/01_m_fold_sampling/round_1/01_sampling/sampling_20/group_32_unrelaxed_rank_001_alphafold2_ptm_model_1_seed_042.pdb,80.2953846153846,0.7349,11,1
/fs/ess/PAA0203/xing244/AF_ClaSeq/results_updated/KaiB/run1/m_fold_sampling_voting_5jyt/01_m_fold_sampling/round_1/01_sampling/sampling_20/group_22_unrelaxed_rank_001_alphafold2_ptm_model_1_seed_042.pdb,86.70703296703296,0.79701,11,1
/fs/ess/PAA0203/xing244/AF_ClaSeq/results_updated/KaiB/run1/m_fold_sampling_voting_5jyt/01_m_fold_sampling/round_1/01_sampling/sampling_20/group_7_unrelaxed_rank_001_alphafold2_ptm_model_1_seed_042.pdb,90.06571428571428,0.77089,11,1
/fs/ess/PAA0203/xing244/AF_ClaSeq/results_updated/KaiB/run1/m_fold_sampling_voting_5jyt/01_m_fold_sampling/round_1/01_sampling/sampling_20/group_21_unrelaxed_rank_001_alphafold2_ptm_model_1_seed_042.pdb,88.5956043956044,0.79851,11,1
/fs/ess/PAA0203/xing244/AF_ClaSeq/results_updated/KaiB/run1/m_fold_sampling_voting_5jyt/01_m_fold_sampling/round_1/01_sampling/sampling_20/group_41_unrelaxed_rank_001_alphafold2_ptm_model_1_seed_042.pdb,85.64967032967033,0.79267,11,1
/fs/ess/PAA0203/xing244/AF_ClaSeq/results_updated/KaiB/run1/m_fold_sampling_voting_5jyt/01_m_fold_sampling/round_1/01_sampling/sampling_20/group_31_unrelaxed_rank_001_alphafold2_ptm_model_1_seed_042.pdb,62.29098901098901,0.73875,11,1
/fs/ess/PAA0203/xing244/AF_ClaSeq/results_updated/KaiB/run1/m_fold_sampling_voting_5jyt/01_m_fold_sampling/round_1/01_sampling/sampling_20/group_46_unrelaxed_rank_001_alphafold2_ptm_model_1_seed_042.pdb,88.3746153846154,0.81307,11,1
/fs/ess/PAA0203/xing244/AF_ClaSeq/results_updated/KaiB/run1/m_fold_sampling_voting_5jyt/01_m_fold_sampling/round_1/01_sampling/sampling_20/group_17_unrelaxed_rank_001_alphafold2_ptm_model_1_seed_042.pdb,85.35846153846154,0.81432,11,1
/fs/ess/PAA0203/xing244/AF_ClaSeq/results_updated/KaiB/run1/m_fold_sampling_voting_5jyt/01_m_fold_sampling/round_1/01_sampling/sampling_20/group_14_unrelaxed_rank_001_alphafold2_ptm_model_1_seed_042.pdb,83.64373626373626,0.81837,11,1
/fs/ess/PAA0203/xing244/AF_ClaSeq/results_updated/KaiB/run1/m_fold_sampling_voting_5jyt/01_m_fold_sampling/round_1/01_sampling/sampling_20/group_4_unrelaxed_rank_001_alphafold2_ptm_model_1_seed_042.pdb,81.50032967032966,0.78314,11,1
/fs/ess/PAA0203/xing244/AF_ClaSeq/results_updated/KaiB/run1/m_fold_sampling_voting_5jyt/01_m_fold_sampling/round_1/01_sampling/sampling_20/group_12_unrelaxed_rank_001_alphafold2_ptm_model_1_seed_042.pdb,79.28252747252746,0.78586,11,1
/fs/ess/PAA0203/xing244/AF_ClaSeq/results_updated/KaiB/run1/m_fold_sampling_voting_5jyt/01_m_fold_sampling/round_1/01_sampling/sampling_20/group_38_unrelaxed_rank_001_alphafold2_ptm_model_1_seed_042.pdb,90.93604395604395,0.80287,11,1
/fs/ess/PAA0203/xing244/AF_ClaSeq/results_updated/KaiB/run1/m_fold_sampling_voting_5jyt/01_m_fold_sampling/round_1/01_sampling/sampling_20/group_15_unrelaxed_rank_001_alphafold2_ptm_model_1_seed_042.pdb,87.23978021978023,0.80644,11,1
/fs/ess/PAA0203/xing244/AF_ClaSeq/results_updated/KaiB/run1/m_fold_sampling_voting_5jyt/01_m_fold_sampling/round_1/01_sampling/sampling_20/group_23_unrelaxed_rank_001_alphafold2_ptm_model_1_seed_042.pdb,87.84604395604396,0.78351,11,1
/fs/ess/PAA0203/xing244/AF_ClaSeq/results_updated/KaiB/run1/m_fold_sampling_voting_5jyt/01_m_fold_sampling/round_1/01_sampling/sampling_20/group_5_unrelaxed_rank_001_alphafold2_ptm_model_1_seed_042.pdb,88.00978021978023,0.81051,11,1
/fs/ess/PAA0203/xing244/AF_ClaSeq/results_updated/KaiB/run1/m_fold_sampling_voting_5jyt/01_m_fold_sampling/round_1/01_sampling/sampling_20/group_33_unrelaxed_rank_001_alphafold2_ptm_model_1_seed_042.pdb,87.41450549450548,0.79521,11,1
/fs/ess/PAA0203/xing244/AF_ClaSeq/results_updated/KaiB/run1/m_fold_sampling_voting_5jyt/01_m_fold_sampling/round_1/01_sampling/sampling_20/group_27_unrelaxed_rank_001_alphafold2_ptm_model_1_seed_042.pdb,88.1765934065934,0.79175,11,1
/fs/ess/PAA0203/xing244/AF_ClaSeq/results_updated/KaiB/run1/m_fold_sampling_voting_5jyt/01_m_fold_sampling/round_1/01_sampling/sampling_20/group_42_unrelaxed_rank_001_alphafold2_ptm_model_1_seed_042.pdb,71.44395604395606,0.63561,11,1
/fs/ess/PAA0203/xing244/AF_ClaSeq/results_updated/KaiB/run1/m_fold_sampling_voting_5jyt/01_m_fold_sampling/round_1/01_sampling/sampling_20/group_10_unrelaxed_rank_001_alphafold2_ptm_model_1_seed_042.pdb,88.72428571428573,0.80936,11,1
/fs/ess/PAA0203/xing244/AF_ClaSeq/results_updated/KaiB/run1/m_fold_sampling_voting_5jyt/01_m_fold_sampling/round_1/01_sampling/sampling_20/group_37_unrelaxed_rank_001_alphafold2_ptm_model_1_seed_042.pdb,86.93945054945054,0.78524,11,1
/fs/ess/PAA0203/xing244/AF_ClaSeq/results_updated/KaiB/run1/m_fold_sampling_voting_5jyt/01_m_fold_sampling/round_1/01_sampling/sampling_20/group_29_unrelaxed_rank_001_alphafold2_ptm_model_1_seed_042.pdb,86.91076923076923,0.80478,11,1
/fs/ess/PAA0203/xing244/AF_ClaSeq/results_updated/KaiB/run1/m_fold_sampling_voting_5jyt/01_m_fold_sampling/round_1/01_sampling/sampling_20/group_18_unrelaxed_rank_001_alphafold2_ptm_model_1_seed_042.pdb,63.158681318681325,0.6805,11,1
/fs/ess/PAA0203/xing244/AF_ClaSeq/results_updated/KaiB/run1/m_fold_sampling_voting_5jyt/01_m_fold_sampling/round_1/01_sampling/sampling_20/group_43_unrelaxed_rank_001_alphafold2_ptm_model_1_seed_042.pdb,71.92747252747252,0.76455,11,1
/fs/ess/PAA0203/xing244/AF_ClaSeq/results_updated/KaiB/run1/m_fold_sampling_voting_5jyt/01_m_fold_sampling/round_1/01_sampling/sampling_20/group_25_unrelaxed_rank_001_alphafold2_ptm_model_1_seed_042.pdb,87.25285714285714,0.79074,11,1
/fs/ess/PAA0203/xing244/AF_ClaSeq/results_updated/KaiB/run1/m_fold_sampling_voting_5jyt/01_m_fold_sampling/round_1/01_sampling/sampling_20/group_3_unrelaxed_rank_001_alphafold2_ptm_model_1_seed_042.pdb,83.28417582417583,0.76693,11,1
/fs/ess/PAA0203/xing244/AF_ClaSeq/results_updated/KaiB/run1/m_fold_sampling_voting_5jyt/01_m_fold_sampling/round_1/01_sampling/sampling_20/group_34_unrelaxed_rank_001_alphafold2_ptm_model_1_seed_042.pdb,70.07318681318681,0.70816,11,1
/fs/ess/PAA0203/xing244/AF_ClaSeq/results_updated/KaiB/run1/m_fold_sampling_voting_5jyt/01_m_fold_sampling/round_1/01_sampling/sampling_20/group_9_unrelaxed_rank_001_alphafold2_ptm_model_1_seed_042.pdb,81.52000000000001,0.76807,11,1
/fs/ess/PAA0203/xing244/AF_ClaSeq/results_updated/KaiB/run1/m_fold_sampling_voting_5jyt/01_m_fold_sampling/round_1/01_sampling/sampling_20/group_47_unrelaxed_rank_001_alphafold2_ptm_model_1_seed_042.pdb,85.80197802197802,0.79657,11,1
/fs/ess/PAA0203/xing244/AF_ClaSeq/results_updated/KaiB/run1/m_fold_sampling_voting_5jyt/01_m_fold_sampling/round_1/01_sampling/sampling_20/group_35_unrelaxed_rank_001_alphafold2_ptm_model_1_seed_042.pdb,85.77087912087912,0.79012,11,1
/fs/ess/PAA0203/xing244/AF_ClaSeq/results_updated/KaiB/run1/m_fold_sampling_voting_5jyt/01_m_fold_sampling/round_1/01_sampling/sampling_20/group_24_unrelaxed_rank_001_alphafold2_ptm_model_1_seed_042.pdb,78.17373626373627,0.77887,11,1
/fs/ess/PAA0203/xing244/AF_ClaSeq/results_updated/KaiB/run1/m_fold_sampling_voting_5jyt/01_m_fold_sampling/round_1/01_sampling/sampling_20/group_40_unrelaxed_rank_001_alphafold2_ptm_model_1_seed_042.pdb,84.61109890109891,0.79858,11,1
/fs/ess/PAA0203/xing244/AF_ClaSeq/results_updated/KaiB/run1/m_fold_sampling_voting_5jyt/01_m_fold_sampling/round_1/01_sampling/sampling_20/group_1_unrelaxed_rank_001_alphafold2_ptm_model_1_seed_042.pdb,85.25439560439561,0.7843,11,1
/fs/ess/PAA0203/xing244/AF_ClaSeq/results_updated/KaiB/run1/m_fold_sampling_voting_5jyt/01_m_fold_sampling/round_1/01_sampling/sampling_20/group_30_unrelaxed_rank_001_alphafold2_ptm_model_1_seed_042.pdb,54.37945054945056,0.55029,11,1
/fs/ess/PAA0203/xing244/AF_ClaSeq/results_updated/KaiB/run1/m_fold_sampling_voting_5jyt/01_m_fold_sampling/round_1/01_sampling/sampling_20/group_26_unrelaxed_rank_001_alphafold2_ptm_model_1_seed_042.pdb,87.15076923076923,0.79715,11,1
/fs/ess/PAA0203/xing244/AF_ClaSeq/results_updated/KaiB/run1/m_fold_sampling_voting_5jyt/01_m_fold_sampling/round_1/01_sampling/sampling_20/group_39_unrelaxed_rank_001_alphafold2_ptm_model_1_seed_042.pdb,85.03648351648351,0.7659,11,1
/fs/ess/PAA0203/xing244/AF_ClaSeq/results_updated/KaiB/run1/m_fold_sampling_voting_5jyt/01_m_fold_sampling/round_1/01_sampling/sampling_20/group_11_unrelaxed_rank_001_alphafold2_ptm_model_1_seed_042.pdb,88.0267032967033,0.80657,11,1
/fs/ess/PAA0203/xing244/AF_ClaSeq/results_updated/KaiB/run1/m_fold_sampling_voting_5jyt/01_m_fold_sampling/round_1/01_sampling/sampling_20/group_49_unrelaxed_rank_001_alphafold2_ptm_model_1_seed_042.pdb,85.80505494505495,0.7924,12,1
/fs/ess/PAA0203/xing244/AF_ClaSeq/results_updated/KaiB/run1/m_fold_sampling_voting_5jyt/01_m_fold_sampling/round_1/01_sampling/sampling_20/group_45_unrelaxed_rank_001_alphafold2_ptm_model_1_seed_042.pdb,87.45868131868131,0.76091,11,1
/fs/ess/PAA0203/xing244/AF_ClaSeq/results_updated/KaiB/run1/m_fold_sampling_voting_5jyt/01_m_fold_sampling/round_1/01_sampling/sampling_20/group_2_unrelaxed_rank_001_alphafold2_ptm_model_1_seed_042.pdb,79.38571428571429,0.79113,11,1
/fs/ess/PAA0203/xing244/AF_ClaSeq/results_updated/KaiB/run1/m_fold_sampling_voting_5jyt/01_m_fold_sampling/round_1/01_sampling/sampling_20/group_36_unrelaxed_rank_001_alphafold2_ptm_model_1_seed_042.pdb,81.71164835164836,0.78009,11,1
/fs/ess/PAA0203/xing244/AF_ClaSeq/results_updated/KaiB/run1/m_fold_sampling_voting_5jyt/01_m_fold_sampling/round_1/01_sampling/sampling_36/group_20_unrelaxed_rank_001_alphafold2_ptm_model_1_seed_042.pdb,87.47901098901099,0.80788,11,1
/fs/ess/PAA0203/xing244/AF_ClaSeq/results_updated/KaiB/run1/m_fold_sampling_voting_5jyt/01_m_fold_sampling/round_1/01_sampling/sampling_36/group_44_unrelaxed_rank_001_alphafold2_ptm_model_1_seed_042.pdb,85.28,0.78505,11,1
/fs/ess/PAA0203/xing244/AF_ClaSeq/results_updated/KaiB/run1/m_fold_sampling_voting_5jyt/01_m_fold_sampling/round_1/01_sampling/sampling_36/group_16_unrelaxed_rank_001_alphafold2_ptm_model_1_seed_042.pdb,84.46076923076923,0.78383,11,1
/fs/ess/PAA0203/xing244/AF_ClaSeq/results_updated/KaiB/run1/m_fold_sampling_voting_5jyt/01_m_fold_sampling/round_1/01_sampling/sampling_36/group_8_unrelaxed_rank_001_alphafold2_ptm_model_1_seed_042.pdb,87.06681318681319,0.80598,11,1
/fs/ess/PAA0203/xing244/AF_ClaSeq/results_updated/KaiB/run1/m_fold_sampling_voting_5jyt/01_m_fold_sampling/round_1/01_sampling/sampling_36/group_48_unrelaxed_rank_001_alphafold2_ptm_model_1_seed_042.pdb,79.28197802197802,0.76341,11,1
/fs/ess/PAA0203/xing244/AF_ClaSeq/results_updated/KaiB/run1/m_fold_sampling_voting_5jyt/01_m_fold_sampling/round_1/01_sampling/sampling_36/group_6_unrelaxed_rank_001_alphafold2_ptm_model_1_seed_042.pdb,86.94890109890109,0.73863,11,1
/fs/ess/PAA0203/xing244/AF_ClaSeq/results_updated/KaiB/run1/m_fold_sampling_voting_5jyt/01_m_fold_sampling/round_1/01_sampling/sampling_36/group_19_unrelaxed_rank_001_alphafold2_ptm_model_1_seed_042.pdb,87.29241758241758,0.80004,11,1
/fs/ess/PAA0203/xing244/AF_ClaSeq/results_updated/KaiB/run1/m_fold_sampling_voting_5jyt/01_m_fold_sampling/round_1/01_sampling/sampling_36/group_13_unrelaxed_rank_001_alphafold2_ptm_model_1_seed_042.pdb,86.62912087912088,0.79439,11,1
/fs/ess/PAA0203/xing244/AF_ClaSeq/results_updated/KaiB/run1/m_fold_sampling_voting_5jyt/01_m_fold_sampling/round_1/01_sampling/sampling_36/group_28_unrelaxed_rank_001_alphafold2_ptm_model_1_seed_042.pdb,80.8168131868132,0.7943,11,1
/fs/ess/PAA0203/xing244/AF_ClaSeq/results_updated/KaiB/run1/m_fold_sampling_voting_5jyt/01_m_fold_sampling/round_1/01_sampling/sampling_36/group_32_unrelaxed_rank_001_alphafold2_ptm_model_1_seed_042.pdb,88.22142857142858,0.81181,11,1
/fs/ess/PAA0203/xing244/AF_ClaSeq/results_updated/KaiB/run1/m_fold_sampling_voting_5jyt/01_m_fold_sampling/round_1/01_sampling/sampling_36/group_22_unrelaxed_rank_001_alphafold2_ptm_model_1_seed_042.pdb,83.48010989010989,0.78034,11,1
/fs/ess/PAA0203/xing244/AF_ClaSeq/results_updated/KaiB/run1/m_fold_sampling_voting_5jyt/01_m_fold_sampling/round_1/01_sampling/sampling_36/group_7_unrelaxed_rank_001_alphafold2_ptm_model_1_seed_042.pdb,86.4676923076923,0.78486,11,1
/fs/ess/PAA0203/xing244/AF_ClaSeq/results_updated/KaiB/run1/m_fold_sampling_voting_5jyt/01_m_fold_sampling/round_1/01_sampling/sampling_36/group_21_unrelaxed_rank_001_alphafold2_ptm_model_1_seed_042.pdb,85.96483516483516,0.79206,11,1
/fs/ess/PAA0203/xing244/AF_ClaSeq/results_updated/KaiB/run1/m_fold_sampling_voting_5jyt/01_m_fold_sampling/round_1/01_sampling/sampling_36/group_41_unrelaxed_rank_001_alphafold2_ptm_model_1_seed_042.pdb,88.29439560439559,0.80772,11,1
/fs/ess/PAA0203/xing244/AF_ClaSeq/results_updated/KaiB/run1/m_fold_sampling_voting_5jyt/01_m_fold_sampling/round_1/01_sampling/sampling_36/group_31_unrelaxed_rank_001_alphafold2_ptm_model_1_seed_042.pdb,90.49648351648352,0.77381,11,1
/fs/ess/PAA0203/xing244/AF_ClaSeq/results_updated/KaiB/run1/m_fold_sampling_voting_5jyt/01_m_fold_sampling/round_1/01_sampling/sampling_36/group_46_unrelaxed_rank_001_alphafold2_ptm_model_1_seed_042.pdb,86.32010989010988,0.79873,11,1
/fs/ess/PAA0203/xing244/AF_ClaSeq/results_updated/KaiB/run1/m_fold_sampling_voting_5jyt/01_m_fold_sampling/round_1/01_sampling/sampling_36/group_17_unrelaxed_rank_001_alphafold2_ptm_model_1_seed_042.pdb,82.68626373626374,0.80542,11,1
/fs/ess/PAA0203/xing244/AF_ClaSeq/results_updated/KaiB/run1/m_fold_sampling_voting_5jyt/01_m_fold_sampling/round_1/01_sampling/sampling_36/group_14_unrelaxed_rank_001_alphafold2_ptm_model_1_seed_042.pdb,85.05659340659341,0.79025,11,1
/fs/ess/PAA0203/xing244/AF_ClaSeq/results_updated/KaiB/run1/m_fold_sampling_voting_5jyt/01_m_fold_sampling/round_1/01_sampling/sampling_36/group_4_unrelaxed_rank_001_alphafold2_ptm_model_1_seed_042.pdb,85.72098901098902,0.78104,11,1
/fs/ess/PAA0203/xing244/AF_ClaSeq/results_updated/KaiB/run1/m_fold_sampling_voting_5jyt/01_m_fold_sampling/round_1/01_sampling/sampling_36/group_12_unrelaxed_rank_001_alphafold2_ptm_model_1_seed_042.pdb,88.12043956043956,0.81107,11,1
/fs/ess/PAA0203/xing244/AF_ClaSeq/results_updated/KaiB/run1/m_fold_sampling_voting_5jyt/01_m_fold_sampling/round_1/01_sampling/sampling_36/group_38_unrelaxed_rank_001_alphafold2_ptm_model_1_seed_042.pdb,87.03692307692307,0.81282,11,1
/fs/ess/PAA0203/xing244/AF_ClaSeq/results_updated/KaiB/run1/m_fold_sampling_voting_5jyt/01_m_fold_sampling/round_1/01_sampling/sampling_36/group_15_unrelaxed_rank_001_alphafold2_ptm_model_1_seed_042.pdb,82.71967032967034,0.7749,11,1
/fs/ess/PAA0203/xing244/AF_ClaSeq/results_updated/KaiB/run1/m_fold_sampling_voting_5jyt/01_m_fold_sampling/round_1/01_sampling/sampling_36/group_23_unrelaxed_rank_001_alphafold2_ptm_model_1_seed_042.pdb,86.98582417582418,0.80006,11,1
/fs/ess/PAA0203/xing244/AF_ClaSeq/results_updated/KaiB/run1/m_fold_sampling_voting_5jyt/01_m_fold_sampling/round_1/01_sampling/sampling_36/group_5_unrelaxed_rank_001_alphafold2_ptm_model_1_seed_042.pdb,86.04813186813188,0.80201,11,1
/fs/ess/PAA0203/xing244/AF_ClaSeq/results_updated/KaiB/run1/m_fold_sampling_voting_5jyt/01_m_fold_sampling/round_1/01_sampling/sampling_36/group_33_unrelaxed_rank_001_alphafold2_ptm_model_1_seed_042.pdb,87.35186813186813,0.80665,11,1
/fs/ess/PAA0203/xing244/AF_ClaSeq/results_updated/KaiB/run1/m_fold_sampling_voting_5jyt/01_m_fold_sampling/round_1/01_sampling/sampling_36/group_27_unrelaxed_rank_001_alphafold2_ptm_model_1_seed_042.pdb,66.09461538461538,0.62625,11,1
/fs/ess/PAA0203/xing244/AF_ClaSeq/results_updated/KaiB/run1/m_fold_sampling_voting_5jyt/01_m_fold_sampling/round_1/01_sampling/sampling_36/group_42_unrelaxed_rank_001_alphafold2_ptm_model_1_seed_042.pdb,86.85593406593406,0.75532,11,1
/fs/ess/PAA0203/xing244/AF_ClaSeq/results_updated/KaiB/run1/m_fold_sampling_voting_5jyt/01_m_fold_sampling/round_1/01_sampling/sampling_36/group_10_unrelaxed_rank_001_alphafold2_ptm_model_1_seed_042.pdb,82.78153846153846,0.77259,11,1
/fs/ess/PAA0203/xing244/AF_ClaSeq/results_updated/KaiB/run1/m_fold_sampling_voting_5jyt/01_m_fold_sampling/round_1/01_sampling/sampling_36/group_37_unrelaxed_rank_001_alphafold2_ptm_model_1_seed_042.pdb,87.45153846153846,0.79903,11,1
/fs/ess/PAA0203/xing244/AF_ClaSeq/results_updated/KaiB/run1/m_fold_sampling_voting_5jyt/01_m_fold_sampling/round_1/01_sampling/sampling_36/group_29_unrelaxed_rank_001_alphafold2_ptm_model_1_seed_042.pdb,84.15175824175824,0.77782,11,1
/fs/ess/PAA0203/xing244/AF_ClaSeq/results_updated/KaiB/run1/m_fold_sampling_voting_5jyt/01_m_fold_sampling/round_1/01_sampling/sampling_36/group_18_unrelaxed_rank_001_alphafold2_ptm_model_1_seed_042.pdb,78.60824175824176,0.77227,11,1
/fs/ess/PAA0203/xing244/AF_ClaSeq/results_updated/KaiB/run1/m_fold_sampling_voting_5jyt/01_m_fold_sampling/round_1/01_sampling/sampling_36/group_43_unrelaxed_rank_001_alphafold2_ptm_model_1_seed_042.pdb,87.60296703296704,0.80435,11,1
/fs/ess/PAA0203/xing244/AF_ClaSeq/results_updated/KaiB/run1/m_fold_sampling_voting_5jyt/01_m_fold_sampling/round_1/01_sampling/sampling_36/group_25_unrelaxed_rank_001_alphafold2_ptm_model_1_seed_042.pdb,88.75186813186811,0.80555,11,1
/fs/ess/PAA0203/xing244/AF_ClaSeq/results_updated/KaiB/run1/m_fold_sampling_voting_5jyt/01_m_fold_sampling/round_1/01_sampling/sampling_36/group_3_unrelaxed_rank_001_alphafold2_ptm_model_1_seed_042.pdb,86.79263736263736,0.81253,11,1
/fs/ess/PAA0203/xing244/AF_ClaSeq/results_updated/KaiB/run1/m_fold_sampling_voting_5jyt/01_m_fold_sampling/round_1/01_sampling/sampling_36/group_34_unrelaxed_rank_001_alphafold2_ptm_model_1_seed_042.pdb,77.91681318681317,0.8031,11,1
/fs/ess/PAA0203/xing244/AF_ClaSeq/results_updated/KaiB/run1/m_fold_sampling_voting_5jyt/01_m_fold_sampling/round_1/01_sampling/sampling_36/group_9_unrelaxed_rank_001_alphafold2_ptm_model_1_seed_042.pdb,86.53527472527472,0.8086,11,1
/fs/ess/PAA0203/xing244/AF_ClaSeq/results_updated/KaiB/run1/m_fold_sampling_voting_5jyt/01_m_fold_sampling/round_1/01_sampling/sampling_36/group_47_unrelaxed_rank_001_alphafold2_ptm_model_1_seed_042.pdb,82.42208791208792,0.79485,11,1
/fs/ess/PAA0203/xing244/AF_ClaSeq/results_updated/KaiB/run1/m_fold_sampling_voting_5jyt/01_m_fold_sampling/round_1/01_sampling/sampling_36/group_35_unrelaxed_rank_001_alphafold2_ptm_model_1_seed_042.pdb,83.36153846153846,0.76015,11,1
/fs/ess/PAA0203/xing244/AF_ClaSeq/results_updated/KaiB/run1/m_fold_sampling_voting_5jyt/01_m_fold_sampling/round_1/01_sampling/sampling_36/group_24_unrelaxed_rank_001_alphafold2_ptm_model_1_seed_042.pdb,86.93934065934066,0.81542,11,1
/fs/ess/PAA0203/xing244/AF_ClaSeq/results_updated/KaiB/run1/m_fold_sampling_voting_5jyt/01_m_fold_sampling/round_1/01_sampling/sampling_36/group_40_unrelaxed_rank_001_alphafold2_ptm_model_1_seed_042.pdb,69.56439560439561,0.74562,11,1
/fs/ess/PAA0203/xing244/AF_ClaSeq/results_updated/KaiB/run1/m_fold_sampling_voting_5jyt/01_m_fold_sampling/round_1/01_sampling/sampling_36/group_1_unrelaxed_rank_001_alphafold2_ptm_model_1_seed_042.pdb,86.82681318681318,0.813,11,1
/fs/ess/PAA0203/xing244/AF_ClaSeq/results_updated/KaiB/run1/m_fold_sampling_voting_5jyt/01_m_fold_sampling/round_1/01_sampling/sampling_36/group_30_unrelaxed_rank_001_alphafold2_ptm_model_1_seed_042.pdb,81.28142857142856,0.78393,11,1
/fs/ess/PAA0203/xing244/AF_ClaSeq/results_updated/KaiB/run1/m_fold_sampling_voting_5jyt/01_m_fold_sampling/round_1/01_sampling/sampling_36/group_26_unrelaxed_rank_001_alphafold2_ptm_model_1_seed_042.pdb,88.04571428571427,0.80519,11,1
/fs/ess/PAA0203/xing244/AF_ClaSeq/results_updated/KaiB/run1/m_fold_sampling_voting_5jyt/01_m_fold_sampling/round_1/01_sampling/sampling_36/group_39_unrelaxed_rank_001_alphafold2_ptm_model_1_seed_042.pdb,86.04802197802198,0.78722,11,1
/fs/ess/PAA0203/xing244/AF_ClaSeq/results_updated/KaiB/run1/m_fold_sampling_voting_5jyt/01_m_fold_sampling/round_1/01_sampling/sampling_36/group_11_unrelaxed_rank_001_alphafold2_ptm_model_1_seed_042.pdb,85.70021978021977,0.79438,11,1
/fs/ess/PAA0203/xing244/AF_ClaSeq/results_updated/KaiB/run1/m_fold_sampling_voting_5jyt/01_m_fold_sampling/round_1/01_sampling/sampling_36/group_49_unrelaxed_rank_001_alphafold2_ptm_model_1_seed_042.pdb,88.01307692307692,0.81168,12,1
/fs/ess/PAA0203/xing244/AF_ClaSeq/results_updated/KaiB/run1/m_fold_sampling_voting_5jyt/01_m_fold_sampling/round_1/01_sampling/sampling_36/group_45_unrelaxed_rank_001_alphafold2_ptm_model_1_seed_042.pdb,85.8910989010989,0.79738,11,1
/fs/ess/PAA0203/xing244/AF_ClaSeq/results_updated/KaiB/run1/m_fold_sampling_voting_5jyt/01_m_fold_sampling/round_1/01_sampling/sampling_36/group_2_unrelaxed_rank_001_alphafold2_ptm_model_1_seed_042.pdb,86.2878021978022,0.79898,11,1
/fs/ess/PAA0203/xing244/AF_ClaSeq/results_updated/KaiB/run1/m_fold_sampling_voting_5jyt/01_m_fold_sampling/round_1/01_sampling/sampling_36/group_36_unrelaxed_rank_001_alphafold2_ptm_model_1_seed_042.pdb,83.54835164835166,0.78525,11,1
/fs/ess/PAA0203/xing244/AF_ClaSeq/results_updated/KaiB/run1/m_fold_sampling_voting_5jyt/01_m_fold_sampling/round_1/01_sampling/sampling_7/group_20_unrelaxed_rank_001_alphafold2_ptm_model_1_seed_042.pdb,88.10186813186813,0.812,11,1
/fs/ess/PAA0203/xing244/AF_ClaSeq/results_updated/KaiB/run1/m_fold_sampling_voting_5jyt/01_m_fold_sampling/round_1/01_sampling/sampling_7/group_44_unrelaxed_rank_001_alphafold2_ptm_model_1_seed_042.pdb,82.2489010989011,0.78171,11,1
/fs/ess/PAA0203/xing244/AF_ClaSeq/results_updated/KaiB/run1/m_fold_sampling_voting_5jyt/01_m_fold_sampling/round_1/01_sampling/sampling_7/group_16_unrelaxed_rank_001_alphafold2_ptm_model_1_seed_042.pdb,89.03516483516485,0.79267,11,1
/fs/ess/PAA0203/xing244/AF_ClaSeq/results_updated/KaiB/run1/m_fold_sampling_voting_5jyt/01_m_fold_sampling/round_1/01_sampling/sampling_7/group_8_unrelaxed_rank_001_alphafold2_ptm_model_1_seed_042.pdb,85.47945054945055,0.78362,11,1
/fs/ess/PAA0203/xing244/AF_ClaSeq/results_updated/KaiB/run1/m_fold_sampling_voting_5jyt/01_m_fold_sampling/round_1/01_sampling/sampling_7/group_48_unrelaxed_rank_001_alphafold2_ptm_model_1_seed_042.pdb,86.1434065934066,0.79673,11,1
/fs/ess/PAA0203/xing244/AF_ClaSeq/results_updated/KaiB/run1/m_fold_sampling_voting_5jyt/01_m_fold_sampling/round_1/01_sampling/sampling_7/group_6_unrelaxed_rank_001_alphafold2_ptm_model_1_seed_042.pdb,84.52604395604395,0.61521,11,1
/fs/ess/PAA0203/xing244/AF_ClaSeq/results_updated/KaiB/run1/m_fold_sampling_voting_5jyt/01_m_fold_sampling/round_1/01_sampling/sampling_7/group_19_unrelaxed_rank_001_alphafold2_ptm_model_1_seed_042.pdb,84.16549450549451,0.79831,11,1
/fs/ess/PAA0203/xing244/AF_ClaSeq/results_updated/KaiB/run1/m_fold_sampling_voting_5jyt/01_m_fold_sampling/round_1/01_sampling/sampling_7/group_13_unrelaxed_rank_001_alphafold2_ptm_model_1_seed_042.pdb,87.68263736263737,0.81013,11,1
/fs/ess/PAA0203/xing244/AF_ClaSeq/results_updated/KaiB/run1/m_fold_sampling_voting_5jyt/01_m_fold_sampling/round_1/01_sampling/sampling_7/group_28_unrelaxed_rank_001_alphafold2_ptm_model_1_seed_042.pdb,85.6875824175824,0.79379,11,1
/fs/ess/PAA0203/xing244/AF_ClaSeq/results_updated/KaiB/run1/m_fold_sampling_voting_5jyt/01_m_fold_sampling/round_1/01_sampling/sampling_7/group_32_unrelaxed_rank_001_alphafold2_ptm_model_1_seed_042.pdb,89.04659340659342,0.80998,11,1
/fs/ess/PAA0203/xing244/AF_ClaSeq/results_updated/KaiB/run1/m_fold_sampling_voting_5jyt/01_m_fold_sampling/round_1/01_sampling/sampling_7/group_22_unrelaxed_rank_001_alphafold2_ptm_model_1_seed_042.pdb,86.58901098901099,0.7886,11,1
/fs/ess/PAA0203/xing244/AF_ClaSeq/results_updated/KaiB/run1/m_fold_sampling_voting_5jyt/01_m_fold_sampling/round_1/01_sampling/sampling_7/group_7_unrelaxed_rank_001_alphafold2_ptm_model_1_seed_042.pdb,87.91670329670329,0.8142,11,1
/fs/ess/PAA0203/xing244/AF_ClaSeq/results_updated/KaiB/run1/m_fold_sampling_voting_5jyt/01_m_fold_sampling/round_1/01_sampling/sampling_7/group_21_unrelaxed_rank_001_alphafold2_ptm_model_1_seed_042.pdb,74.1765934065934,0.7855,11,1
/fs/ess/PAA0203/xing244/AF_ClaSeq/results_updated/KaiB/run1/m_fold_sampling_voting_5jyt/01_m_fold_sampling/round_1/01_sampling/sampling_7/group_41_unrelaxed_rank_001_alphafold2_ptm_model_1_seed_042.pdb,84.57461538461537,0.77443,11,1
/fs/ess/PAA0203/xing244/AF_ClaSeq/results_updated/KaiB/run1/m_fold_sampling_voting_5jyt/01_m_fold_sampling/round_1/01_sampling/sampling_7/group_31_unrelaxed_rank_001_alphafold2_ptm_model_1_seed_042.pdb,81.96571428571428,0.77213,11,1
/fs/ess/PAA0203/xing244/AF_ClaSeq/results_updated/KaiB/run1/m_fold_sampling_voting_5jyt/01_m_fold_sampling/round_1/01_sampling/sampling_7/group_46_unrelaxed_rank_001_alphafold2_ptm_model_1_seed_042.pdb,72.48593406593407,0.76536,11,1
/fs/ess/PAA0203/xing244/AF_ClaSeq/results_updated/KaiB/run1/m_fold_sampling_voting_5jyt/01_m_fold_sampling/round_1/01_sampling/sampling_7/group_17_unrelaxed_rank_001_alphafold2_ptm_model_1_seed_042.pdb,63.565604395604396,0.64282,11,1
/fs/ess/PAA0203/xing244/AF_ClaSeq/results_updated/KaiB/run1/m_fold_sampling_voting_5jyt/01_m_fold_sampling/round_1/01_sampling/sampling_7/group_14_unrelaxed_rank_001_alphafold2_ptm_model_1_seed_042.pdb,82.25428571428571,0.77991,11,1
/fs/ess/PAA0203/xing244/AF_ClaSeq/results_updated/KaiB/run1/m_fold_sampling_voting_5jyt/01_m_fold_sampling/round_1/01_sampling/sampling_7/group_4_unrelaxed_rank_001_alphafold2_ptm_model_1_seed_042.pdb,85.7002197802198,0.80108,11,1
/fs/ess/PAA0203/xing244/AF_ClaSeq/results_updated/KaiB/run1/m_fold_sampling_voting_5jyt/01_m_fold_sampling/round_1/01_sampling/sampling_7/group_12_unrelaxed_rank_001_alphafold2_ptm_model_1_seed_042.pdb,86.01560439560441,0.78888,11,1
/fs/ess/PAA0203/xing244/AF_ClaSeq/results_updated/KaiB/run1/m_fold_sampling_voting_5jyt/01_m_fold_sampling/round_1/01_sampling/sampling_7/group_38_unrelaxed_rank_001_alphafold2_ptm_model_1_seed_042.pdb,87.29692307692306,0.79441,11,1
/fs/ess/PAA0203/xing244/AF_ClaSeq/results_updated/KaiB/run1/m_fold_sampling_voting_5jyt/01_m_fold_sampling/round_1/01_sampling/sampling_7/group_15_unrelaxed_rank_001_alphafold2_ptm_model_1_seed_042.pdb,85.21186813186813,0.80958,11,1
/fs/ess/PAA0203/xing244/AF_ClaSeq/results_updated/KaiB/run1/m_fold_sampling_voting_5jyt/01_m_fold_sampling/round_1/01_sampling/sampling_7/group_23_unrelaxed_rank_001_alphafold2_ptm_model_1_seed_042.pdb,84.09241758241758,0.79845,11,1
/fs/ess/PAA0203/xing244/AF_ClaSeq/results_updated/KaiB/run1/m_fold_sampling_voting_5jyt/01_m_fold_sampling/round_1/01_sampling/sampling_7/group_5_unrelaxed_rank_001_alphafold2_ptm_model_1_seed_042.pdb,84.30208791208791,0.80327,11,1
/fs/ess/PAA0203/xing244/AF_ClaSeq/results_updated/KaiB/run1/m_fold_sampling_voting_5jyt/01_m_fold_sampling/round_1/01_sampling/sampling_7/group_33_unrelaxed_rank_001_alphafold2_ptm_model_1_seed_042.pdb,78.50912087912087,0.76303,11,1
/fs/ess/PAA0203/xing244/AF_ClaSeq/results_updated/KaiB/run1/m_fold_sampling_voting_5jyt/01_m_fold_sampling/round_1/01_sampling/sampling_7/group_27_unrelaxed_rank_001_alphafold2_ptm_model_1_seed_042.pdb,85.54164835164835,0.79123,11,1
/fs/ess/PAA0203/xing244/AF_ClaSeq/results_updated/KaiB/run1/m_fold_sampling_voting_5jyt/01_m_fold_sampling/round_1/01_sampling/sampling_7/group_42_unrelaxed_rank_001_alphafold2_ptm_model_1_seed_042.pdb,75.92142857142858,0.76929,11,1
/fs/ess/PAA0203/xing244/AF_ClaSeq/results_updated/KaiB/run1/m_fold_sampling_voting_5jyt/01_m_fold_sampling/round_1/01_sampling/sampling_7/group_10_unrelaxed_rank_001_alphafold2_ptm_model_1_seed_042.pdb,80.36219780219781,0.72822,11,1
/fs/ess/PAA0203/xing244/AF_ClaSeq/results_updated/KaiB/run1/m_fold_sampling_voting_5jyt/01_m_fold_sampling/round_1/01_sampling/sampling_7/group_37_unrelaxed_rank_001_alphafold2_ptm_model_1_seed_042.pdb,80.00626373626375,0.7518,11,1
/fs/ess/PAA0203/xing244/AF_ClaSeq/results_updated/KaiB/run1/m_fold_sampling_voting_5jyt/01_m_fold_sampling/round_1/01_sampling/sampling_7/group_29_unrelaxed_rank_001_alphafold2_ptm_model_1_seed_042.pdb,82.3978021978022,0.76132,11,1
/fs/ess/PAA0203/xing244/AF_ClaSeq/results_updated/KaiB/run1/m_fold_sampling_voting_5jyt/01_m_fold_sampling/round_1/01_sampling/sampling_7/group_18_unrelaxed_rank_001_alphafold2_ptm_model_1_seed_042.pdb,80.12890109890111,0.77243,11,1
/fs/ess/PAA0203/xing244/AF_ClaSeq/results_updated/KaiB/run1/m_fold_sampling_voting_5jyt/01_m_fold_sampling/round_1/01_sampling/sampling_7/group_43_unrelaxed_rank_001_alphafold2_ptm_model_1_seed_042.pdb,59.73197802197803,0.53536,11,1
/fs/ess/PAA0203/xing244/AF_ClaSeq/results_updated/KaiB/run1/m_fold_sampling_voting_5jyt/01_m_fold_sampling/round_1/01_sampling/sampling_7/group_25_unrelaxed_rank_001_alphafold2_ptm_model_1_seed_042.pdb,85.8178021978022,0.81366,11,1
/fs/ess/PAA0203/xing244/AF_ClaSeq/results_updated/KaiB/run1/m_fold_sampling_voting_5jyt/01_m_fold_sampling/round_1/01_sampling/sampling_7/group_3_unrelaxed_rank_001_alphafold2_ptm_model_1_seed_042.pdb,84.67846153846155,0.78573,11,1
/fs/ess/PAA0203/xing244/AF_ClaSeq/results_updated/KaiB/run1/m_fold_sampling_voting_5jyt/01_m_fold_sampling/round_1/01_sampling/sampling_7/group_34_unrelaxed_rank_001_alphafold2_ptm_model_1_seed_042.pdb,86.32692307692308,0.80169,11,1
/fs/ess/PAA0203/xing244/AF_ClaSeq/results_updated/KaiB/run1/m_fold_sampling_voting_5jyt/01_m_fold_sampling/round_1/01_sampling/sampling_7/group_9_unrelaxed_rank_001_alphafold2_ptm_model_1_seed_042.pdb,79.97439560439561,0.76983,11,1
/fs/ess/PAA0203/xing244/AF_ClaSeq/results_updated/KaiB/run1/m_fold_sampling_voting_5jyt/01_m_fold_sampling/round_1/01_sampling/sampling_7/group_47_unrelaxed_rank_001_alphafold2_ptm_model_1_seed_042.pdb,86.7379120879121,0.78817,11,1
/fs/ess/PAA0203/xing244/AF_ClaSeq/results_updated/KaiB/run1/m_fold_sampling_voting_5jyt/01_m_fold_sampling/round_1/01_sampling/sampling_7/group_35_unrelaxed_rank_001_alphafold2_ptm_model_1_seed_042.pdb,85.9487912087912,0.80433,11,1
/fs/ess/PAA0203/xing244/AF_ClaSeq/results_updated/KaiB/run1/m_fold_sampling_voting_5jyt/01_m_fold_sampling/round_1/01_sampling/sampling_7/group_24_unrelaxed_rank_001_alphafold2_ptm_model_1_seed_042.pdb,87.32527472527471,0.80656,11,1
/fs/ess/PAA0203/xing244/AF_ClaSeq/results_updated/KaiB/run1/m_fold_sampling_voting_5jyt/01_m_fold_sampling/round_1/01_sampling/sampling_7/group_40_unrelaxed_rank_001_alphafold2_ptm_model_1_seed_042.pdb,87.01098901098901,0.78727,11,1
/fs/ess/PAA0203/xing244/AF_ClaSeq/results_updated/KaiB/run1/m_fold_sampling_voting_5jyt/01_m_fold_sampling/round_1/01_sampling/sampling_7/group_1_unrelaxed_rank_001_alphafold2_ptm_model_1_seed_042.pdb,83.80384615384615,0.77625,11,1
/fs/ess/PAA0203/xing244/AF_ClaSeq/results_updated/KaiB/run1/m_fold_sampling_voting_5jyt/01_m_fold_sampling/round_1/01_sampling/sampling_7/group_30_unrelaxed_rank_001_alphafold2_ptm_model_1_seed_042.pdb,79.49,0.77335,11,1
/fs/ess/PAA0203/xing244/AF_ClaSeq/results_updated/KaiB/run1/m_fold_sampling_voting_5jyt/01_m_fold_sampling/round_1/01_sampling/sampling_7/group_26_unrelaxed_rank_001_alphafold2_ptm_model_1_seed_042.pdb,85.74835164835164,0.80698,11,1
/fs/ess/PAA0203/xing244/AF_ClaSeq/results_updated/KaiB/run1/m_fold_sampling_voting_5jyt/01_m_fold_sampling/round_1/01_sampling/sampling_7/group_39_unrelaxed_rank_001_alphafold2_ptm_model_1_seed_042.pdb,86.2965934065934,0.8106,11,1
/fs/ess/PAA0203/xing244/AF_ClaSeq/results_updated/KaiB/run1/m_fold_sampling_voting_5jyt/01_m_fold_sampling/round_1/01_sampling/sampling_7/group_11_unrelaxed_rank_001_alphafold2_ptm_model_1_seed_042.pdb,85.81395604395605,0.76174,11,1
/fs/ess/PAA0203/xing244/AF_ClaSeq/results_updated/KaiB/run1/m_fold_sampling_voting_5jyt/01_m_fold_sampling/round_1/01_sampling/sampling_7/group_49_unrelaxed_rank_001_alphafold2_ptm_model_1_seed_042.pdb,81.5987912087912,0.79163,12,1
/fs/ess/PAA0203/xing244/AF_ClaSeq/results_updated/KaiB/run1/m_fold_sampling_voting_5jyt/01_m_fold_sampling/round_1/01_sampling/sampling_7/group_45_unrelaxed_rank_001_alphafold2_ptm_model_1_seed_042.pdb,83.54571428571428,0.80632,11,1
/fs/ess/PAA0203/xing244/AF_ClaSeq/results_updated/KaiB/run1/m_fold_sampling_voting_5jyt/01_m_fold_sampling/round_1/01_sampling/sampling_7/group_2_unrelaxed_rank_001_alphafold2_ptm_model_1_seed_042.pdb,81.43813186813188,0.77679,11,1
/fs/ess/PAA0203/xing244/AF_ClaSeq/results_updated/KaiB/run1/m_fold_sampling_voting_5jyt/01_m_fold_sampling/round_1/01_sampling/sampling_7/group_36_unrelaxed_rank_001_alphafold2_ptm_model_1_seed_042.pdb,83.91703296703298,0.77265,11,1
/fs/ess/PAA0203/xing244/AF_ClaSeq/results_updated/KaiB/run1/m_fold_sampling_voting_5jyt/01_m_fold_sampling/round_1/01_sampling/sampling_17/group_20_unrelaxed_rank_001_alphafold2_ptm_model_1_seed_042.pdb,88.5967032967033,0.79316,11,1
/fs/ess/PAA0203/xing244/AF_ClaSeq/results_updated/KaiB/run1/m_fold_sampling_voting_5jyt/01_m_fold_sampling/round_1/01_sampling/sampling_17/group_44_unrelaxed_rank_001_alphafold2_ptm_model_1_seed_042.pdb,89.26868131868133,0.80845,11,1
/fs/ess/PAA0203/xing244/AF_ClaSeq/results_updated/KaiB/run1/m_fold_sampling_voting_5jyt/01_m_fold_sampling/round_1/01_sampling/sampling_17/group_16_unrelaxed_rank_001_alphafold2_ptm_model_1_seed_042.pdb,72.43241758241759,0.76537,11,1
/fs/ess/PAA0203/xing244/AF_ClaSeq/results_updated/KaiB/run1/m_fold_sampling_voting_5jyt/01_m_fold_sampling/round_1/01_sampling/sampling_17/group_8_unrelaxed_rank_001_alphafold2_ptm_model_1_seed_042.pdb,84.86,0.78503,11,1
/fs/ess/PAA0203/xing244/AF_ClaSeq/results_updated/KaiB/run1/m_fold_sampling_voting_5jyt/01_m_fold_sampling/round_1/01_sampling/sampling_17/group_48_unrelaxed_rank_001_alphafold2_ptm_model_1_seed_042.pdb,89.29285714285714,0.82165,11,1
/fs/ess/PAA0203/xing244/AF_ClaSeq/results_updated/KaiB/run1/m_fold_sampling_voting_5jyt/01_m_fold_sampling/round_1/01_sampling/sampling_17/group_6_unrelaxed_rank_001_alphafold2_ptm_model_1_seed_042.pdb,84.07000000000001,0.75504,11,1
/fs/ess/PAA0203/xing244/AF_ClaSeq/results_updated/KaiB/run1/m_fold_sampling_voting_5jyt/01_m_fold_sampling/round_1/01_sampling/sampling_17/group_19_unrelaxed_rank_001_alphafold2_ptm_model_1_seed_042.pdb,80.55307692307692,0.76739,11,1
/fs/ess/PAA0203/xing244/AF_ClaSeq/results_updated/KaiB/run1/m_fold_sampling_voting_5jyt/01_m_fold_sampling/round_1/01_sampling/sampling_17/group_13_unrelaxed_rank_001_alphafold2_ptm_model_1_seed_042.pdb,87.09637362637363,0.81447,11,1
/fs/ess/PAA0203/xing244/AF_ClaSeq/results_updated/KaiB/run1/m_fold_sampling_voting_5jyt/01_m_fold_sampling/round_1/01_sampling/sampling_17/group_28_unrelaxed_rank_001_alphafold2_ptm_model_1_seed_042.pdb,84.88604395604396,0.77543,11,1
/fs/ess/PAA0203/xing244/AF_ClaSeq/results_updated/KaiB/run1/m_fold_sampling_voting_5jyt/01_m_fold_sampling/round_1/01_sampling/sampling_17/group_32_unrelaxed_rank_001_alphafold2_ptm_model_1_seed_042.pdb,55.83120879120879,0.55671,11,1
/fs/ess/PAA0203/xing244/AF_ClaSeq/results_updated/KaiB/run1/m_fold_sampling_voting_5jyt/01_m_fold_sampling/round_1/01_sampling/sampling_17/group_22_unrelaxed_rank_001_alphafold2_ptm_model_1_seed_042.pdb,77.62747252747253,0.77745,11,1
/fs/ess/PAA0203/xing244/AF_ClaSeq/results_updated/KaiB/run1/m_fold_sampling_voting_5jyt/01_m_fold_sampling/round_1/01_sampling/sampling_17/group_7_unrelaxed_rank_001_alphafold2_ptm_model_1_seed_042.pdb,84.89208791208792,0.76251,11,1
/fs/ess/PAA0203/xing244/AF_ClaSeq/results_updated/KaiB/run1/m_fold_sampling_voting_5jyt/01_m_fold_sampling/round_1/01_sampling/sampling_17/group_21_unrelaxed_rank_001_alphafold2_ptm_model_1_seed_042.pdb,73.68923076923078,0.78333,11,1
/fs/ess/PAA0203/xing244/AF_ClaSeq/results_updated/KaiB/run1/m_fold_sampling_voting_5jyt/01_m_fold_sampling/round_1/01_sampling/sampling_17/group_41_unrelaxed_rank_001_alphafold2_ptm_model_1_seed_042.pdb,81.96087912087913,0.77342,11,1
/fs/ess/PAA0203/xing244/AF_ClaSeq/results_updated/KaiB/run1/m_fold_sampling_voting_5jyt/01_m_fold_sampling/round_1/01_sampling/sampling_17/group_31_unrelaxed_rank_001_alphafold2_ptm_model_1_seed_042.pdb,71.49032967032967,0.54047,11,1
/fs/ess/PAA0203/xing244/AF_ClaSeq/results_updated/KaiB/run1/m_fold_sampling_voting_5jyt/01_m_fold_sampling/round_1/01_sampling/sampling_17/group_46_unrelaxed_rank_001_alphafold2_ptm_model_1_seed_042.pdb,84.61252747252747,0.79834,11,1
/fs/ess/PAA0203/xing244/AF_ClaSeq/results_updated/KaiB/run1/m_fold_sampling_voting_5jyt/01_m_fold_sampling/round_1/01_sampling/sampling_17/group_17_unrelaxed_rank_001_alphafold2_ptm_model_1_seed_042.pdb,64.0810989010989,0.58649,11,1
/fs/ess/PAA0203/xing244/AF_ClaSeq/results_updated/KaiB/run1/m_fold_sampling_voting_5jyt/01_m_fold_sampling/round_1/01_sampling/sampling_17/group_14_unrelaxed_rank_001_alphafold2_ptm_model_1_seed_042.pdb,83.90549450549452,0.78544,11,1
/fs/ess/PAA0203/xing244/AF_ClaSeq/results_updated/KaiB/run1/m_fold_sampling_voting_5jyt/01_m_fold_sampling/round_1/01_sampling/sampling_17/group_4_unrelaxed_rank_001_alphafold2_ptm_model_1_seed_042.pdb,86.98131868131868,0.78273,11,1
/fs/ess/PAA0203/xing244/AF_ClaSeq/results_updated/KaiB/run1/m_fold_sampling_voting_5jyt/01_m_fold_sampling/round_1/01_sampling/sampling_17/group_12_unrelaxed_rank_001_alphafold2_ptm_model_1_seed_042.pdb,58.91681318681318,0.54925,11,1
/fs/ess/PAA0203/xing244/AF_ClaSeq/results_updated/KaiB/run1/m_fold_sampling_voting_5jyt/01_m_fold_sampling/round_1/01_sampling/sampling_17/group_38_unrelaxed_rank_001_alphafold2_ptm_model_1_seed_042.pdb,83.09252747252748,0.76464,11,1
/fs/ess/PAA0203/xing244/AF_ClaSeq/results_updated/KaiB/run1/m_fold_sampling_voting_5jyt/01_m_fold_sampling/round_1/01_sampling/sampling_17/group_15_unrelaxed_rank_001_alphafold2_ptm_model_1_seed_042.pdb,81.84065934065936,0.79965,11,1
/fs/ess/PAA0203/xing244/AF_ClaSeq/results_updated/KaiB/run1/m_fold_sampling_voting_5jyt/01_m_fold_sampling/round_1/01_sampling/sampling_17/group_23_unrelaxed_rank_001_alphafold2_ptm_model_1_seed_042.pdb,87.58021978021978,0.78685,11,1
/fs/ess/PAA0203/xing244/AF_ClaSeq/results_updated/KaiB/run1/m_fold_sampling_voting_5jyt/01_m_fold_sampling/round_1/01_sampling/sampling_17/group_5_unrelaxed_rank_001_alphafold2_ptm_model_1_seed_042.pdb,79.52835164835163,0.76722,11,1
/fs/ess/PAA0203/xing244/AF_ClaSeq/results_updated/KaiB/run1/m_fold_sampling_voting_5jyt/01_m_fold_sampling/round_1/01_sampling/sampling_17/group_33_unrelaxed_rank_001_alphafold2_ptm_model_1_seed_042.pdb,77.8078021978022,0.84439,11,1
/fs/ess/PAA0203/xing244/AF_ClaSeq/results_updated/KaiB/run1/m_fold_sampling_voting_5jyt/01_m_fold_sampling/round_1/01_sampling/sampling_17/group_27_unrelaxed_rank_001_alphafold2_ptm_model_1_seed_042.pdb,86.42417582417582,0.78259,11,1
/fs/ess/PAA0203/xing244/AF_ClaSeq/results_updated/KaiB/run1/m_fold_sampling_voting_5jyt/01_m_fold_sampling/round_1/01_sampling/sampling_17/group_42_unrelaxed_rank_001_alphafold2_ptm_model_1_seed_042.pdb,88.24923076923075,0.80464,11,1
/fs/ess/PAA0203/xing244/AF_ClaSeq/results_updated/KaiB/run1/m_fold_sampling_voting_5jyt/01_m_fold_sampling/round_1/01_sampling/sampling_17/group_10_unrelaxed_rank_001_alphafold2_ptm_model_1_seed_042.pdb,80.09901098901098,0.77749,11,1
/fs/ess/PAA0203/xing244/AF_ClaSeq/results_updated/KaiB/run1/m_fold_sampling_voting_5jyt/01_m_fold_sampling/round_1/01_sampling/sampling_17/group_37_unrelaxed_rank_001_alphafold2_ptm_model_1_seed_042.pdb,85.31560439560441,0.79419,11,1
/fs/ess/PAA0203/xing244/AF_ClaSeq/results_updated/KaiB/run1/m_fold_sampling_voting_5jyt/01_m_fold_sampling/round_1/01_sampling/sampling_17/group_29_unrelaxed_rank_001_alphafold2_ptm_model_1_seed_042.pdb,75.0768131868132,0.7606,11,1
/fs/ess/PAA0203/xing244/AF_ClaSeq/results_updated/KaiB/run1/m_fold_sampling_voting_5jyt/01_m_fold_sampling/round_1/01_sampling/sampling_17/group_18_unrelaxed_rank_001_alphafold2_ptm_model_1_seed_042.pdb,84.54131868131867,0.79884,11,1
/fs/ess/PAA0203/xing244/AF_ClaSeq/results_updated/KaiB/run1/m_fold_sampling_voting_5jyt/01_m_fold_sampling/round_1/01_sampling/sampling_17/group_43_unrelaxed_rank_001_alphafold2_ptm_model_1_seed_042.pdb,81.53494505494506,0.75362,11,1
/fs/ess/PAA0203/xing244/AF_ClaSeq/results_updated/KaiB/run1/m_fold_sampling_voting_5jyt/01_m_fold_sampling/round_1/01_sampling/sampling_17/group_25_unrelaxed_rank_001_alphafold2_ptm_model_1_seed_042.pdb,85.69,0.76795,11,1
/fs/ess/PAA0203/xing244/AF_ClaSeq/results_updated/KaiB/run1/m_fold_sampling_voting_5jyt/01_m_fold_sampling/round_1/01_sampling/sampling_17/group_3_unrelaxed_rank_001_alphafold2_ptm_model_1_seed_042.pdb,86.71032967032967,0.78304,11,1
/fs/ess/PAA0203/xing244/AF_ClaSeq/results_updated/KaiB/run1/m_fold_sampling_voting_5jyt/01_m_fold_sampling/round_1/01_sampling/sampling_17/group_34_unrelaxed_rank_001_alphafold2_ptm_model_1_seed_042.pdb,63.331758241758244,0.68403,11,1
/fs/ess/PAA0203/xing244/AF_ClaSeq/results_updated/KaiB/run1/m_fold_sampling_voting_5jyt/01_m_fold_sampling/round_1/01_sampling/sampling_17/group_9_unrelaxed_rank_001_alphafold2_ptm_model_1_seed_042.pdb,88.14087912087913,0.80017,11,1
/fs/ess/PAA0203/xing244/AF_ClaSeq/results_updated/KaiB/run1/m_fold_sampling_voting_5jyt/01_m_fold_sampling/round_1/01_sampling/sampling_17/group_47_unrelaxed_rank_001_alphafold2_ptm_model_1_seed_042.pdb,85.05263736263737,0.79755,11,1
/fs/ess/PAA0203/xing244/AF_ClaSeq/results_updated/KaiB/run1/m_fold_sampling_voting_5jyt/01_m_fold_sampling/round_1/01_sampling/sampling_17/group_35_unrelaxed_rank_001_alphafold2_ptm_model_1_seed_042.pdb,84.34824175824177,0.75828,11,1
/fs/ess/PAA0203/xing244/AF_ClaSeq/results_updated/KaiB/run1/m_fold_sampling_voting_5jyt/01_m_fold_sampling/round_1/01_sampling/sampling_17/group_24_unrelaxed_rank_001_alphafold2_ptm_model_1_seed_042.pdb,78.34703296703297,0.71366,11,1
/fs/ess/PAA0203/xing244/AF_ClaSeq/results_updated/KaiB/run1/m_fold_sampling_voting_5jyt/01_m_fold_sampling/round_1/01_sampling/sampling_17/group_40_unrelaxed_rank_001_alphafold2_ptm_model_1_seed_042.pdb,86.78945054945056,0.79836,11,1
/fs/ess/PAA0203/xing244/AF_ClaSeq/results_updated/KaiB/run1/m_fold_sampling_voting_5jyt/01_m_fold_sampling/round_1/01_sampling/sampling_17/group_1_unrelaxed_rank_001_alphafold2_ptm_model_1_seed_042.pdb,84.92989010989011,0.8028,11,1
/fs/ess/PAA0203/xing244/AF_ClaSeq/results_updated/KaiB/run1/m_fold_sampling_voting_5jyt/01_m_fold_sampling/round_1/01_sampling/sampling_17/group_30_unrelaxed_rank_001_alphafold2_ptm_model_1_seed_042.pdb,66.02846153846153,0.58648,11,1
/fs/ess/PAA0203/xing244/AF_ClaSeq/results_updated/KaiB/run1/m_fold_sampling_voting_5jyt/01_m_fold_sampling/round_1/01_sampling/sampling_17/group_26_unrelaxed_rank_001_alphafold2_ptm_model_1_seed_042.pdb,81.56945054945055,0.77612,11,1
/fs/ess/PAA0203/xing244/AF_ClaSeq/results_updated/KaiB/run1/m_fold_sampling_voting_5jyt/01_m_fold_sampling/round_1/01_sampling/sampling_17/group_39_unrelaxed_rank_001_alphafold2_ptm_model_1_seed_042.pdb,60.759780219780225,0.70326,11,1
/fs/ess/PAA0203/xing244/AF_ClaSeq/results_updated/KaiB/run1/m_fold_sampling_voting_5jyt/01_m_fold_sampling/round_1/01_sampling/sampling_17/group_11_unrelaxed_rank_001_alphafold2_ptm_model_1_seed_042.pdb,87.65120879120879,0.81065,11,1
/fs/ess/PAA0203/xing244/AF_ClaSeq/results_updated/KaiB/run1/m_fold_sampling_voting_5jyt/01_m_fold_sampling/round_1/01_sampling/sampling_17/group_49_unrelaxed_rank_001_alphafold2_ptm_model_1_seed_042.pdb,89.65593406593408,0.81573,12,1
/fs/ess/PAA0203/xing244/AF_ClaSeq/results_updated/KaiB/run1/m_fold_sampling_voting_5jyt/01_m_fold_sampling/round_1/01_sampling/sampling_17/group_45_unrelaxed_rank_001_alphafold2_ptm_model_1_seed_042.pdb,87.66956043956044,0.79275,11,1
/fs/ess/PAA0203/xing244/AF_ClaSeq/results_updated/KaiB/run1/m_fold_sampling_voting_5jyt/01_m_fold_sampling/round_1/01_sampling/sampling_17/group_2_unrelaxed_rank_001_alphafold2_ptm_model_1_seed_042.pdb,86.2046153846154,0.76755,11,1
/fs/ess/PAA0203/xing244/AF_ClaSeq/results_updated/KaiB/run1/m_fold_sampling_voting_5jyt/01_m_fold_sampling/round_1/01_sampling/sampling_17/group_36_unrelaxed_rank_001_alphafold2_ptm_model_1_seed_042.pdb,86.48252747252747,0.80257,11,1
/fs/ess/PAA0203/xing244/AF_ClaSeq/results_updated/KaiB/run1/m_fold_sampling_voting_5jyt/01_m_fold_sampling/round_1/01_sampling/sampling_2/group_20_unrelaxed_rank_001_alphafold2_ptm_model_1_seed_042.pdb,86.55923076923077,0.8001,11,1
/fs/ess/PAA0203/xing244/AF_ClaSeq/results_updated/KaiB/run1/m_fold_sampling_voting_5jyt/01_m_fold_sampling/round_1/01_sampling/sampling_2/group_44_unrelaxed_rank_001_alphafold2_ptm_model_1_seed_042.pdb,85.99901098901098,0.80087,11,1
/fs/ess/PAA0203/xing244/AF_ClaSeq/results_updated/KaiB/run1/m_fold_sampling_voting_5jyt/01_m_fold_sampling/round_1/01_sampling/sampling_2/group_16_unrelaxed_rank_001_alphafold2_ptm_model_1_seed_042.pdb,86.94912087912088,0.81045,11,1
/fs/ess/PAA0203/xing244/AF_ClaSeq/results_updated/KaiB/run1/m_fold_sampling_voting_5jyt/01_m_fold_sampling/round_1/01_sampling/sampling_2/group_8_unrelaxed_rank_001_alphafold2_ptm_model_1_seed_042.pdb,85.38120879120879,0.79487,11,1
/fs/ess/PAA0203/xing244/AF_ClaSeq/results_updated/KaiB/run1/m_fold_sampling_voting_5jyt/01_m_fold_sampling/round_1/01_sampling/sampling_2/group_48_unrelaxed_rank_001_alphafold2_ptm_model_1_seed_042.pdb,82.86109890109891,0.73591,11,1
/fs/ess/PAA0203/xing244/AF_ClaSeq/results_updated/KaiB/run1/m_fold_sampling_voting_5jyt/01_m_fold_sampling/round_1/01_sampling/sampling_2/group_6_unrelaxed_rank_001_alphafold2_ptm_model_1_seed_042.pdb,72.70626373626374,0.75419,11,1
/fs/ess/PAA0203/xing244/AF_ClaSeq/results_updated/KaiB/run1/m_fold_sampling_voting_5jyt/01_m_fold_sampling/round_1/01_sampling/sampling_2/group_19_unrelaxed_rank_001_alphafold2_ptm_model_1_seed_042.pdb,75.34648351648353,0.75322,11,1
/fs/ess/PAA0203/xing244/AF_ClaSeq/results_updated/KaiB/run1/m_fold_sampling_voting_5jyt/01_m_fold_sampling/round_1/01_sampling/sampling_2/group_13_unrelaxed_rank_001_alphafold2_ptm_model_1_seed_042.pdb,85.03142857142856,0.79083,11,1
/fs/ess/PAA0203/xing244/AF_ClaSeq/results_updated/KaiB/run1/m_fold_sampling_voting_5jyt/01_m_fold_sampling/round_1/01_sampling/sampling_2/group_28_unrelaxed_rank_001_alphafold2_ptm_model_1_seed_042.pdb,54.78472527472528,0.55159,11,1
/fs/ess/PAA0203/xing244/AF_ClaSeq/results_updated/KaiB/run1/m_fold_sampling_voting_5jyt/01_m_fold_sampling/round_1/01_sampling/sampling_2/group_32_unrelaxed_rank_001_alphafold2_ptm_model_1_seed_042.pdb,65.1234065934066,0.65719,11,1
/fs/ess/PAA0203/xing244/AF_ClaSeq/results_updated/KaiB/run1/m_fold_sampling_voting_5jyt/01_m_fold_sampling/round_1/01_sampling/sampling_2/group_22_unrelaxed_rank_001_alphafold2_ptm_model_1_seed_042.pdb,86.42637362637363,0.82745,11,1
/fs/ess/PAA0203/xing244/AF_ClaSeq/results_updated/KaiB/run1/m_fold_sampling_voting_5jyt/01_m_fold_sampling/round_1/01_sampling/sampling_2/group_7_unrelaxed_rank_001_alphafold2_ptm_model_1_seed_042.pdb,77.98824175824176,0.74356,11,1
/fs/ess/PAA0203/xing244/AF_ClaSeq/results_updated/KaiB/run1/m_fold_sampling_voting_5jyt/01_m_fold_sampling/round_1/01_sampling/sampling_2/group_21_unrelaxed_rank_001_alphafold2_ptm_model_1_seed_042.pdb,79.95164835164836,0.76754,11,1
/fs/ess/PAA0203/xing244/AF_ClaSeq/results_updated/KaiB/run1/m_fold_sampling_voting_5jyt/01_m_fold_sampling/round_1/01_sampling/sampling_2/group_41_unrelaxed_rank_001_alphafold2_ptm_model_1_seed_042.pdb,87.97516483516483,0.80453,11,1
/fs/ess/PAA0203/xing244/AF_ClaSeq/results_updated/KaiB/run1/m_fold_sampling_voting_5jyt/01_m_fold_sampling/round_1/01_sampling/sampling_2/group_31_unrelaxed_rank_001_alphafold2_ptm_model_1_seed_042.pdb,85.1879120879121,0.8012,11,1
/fs/ess/PAA0203/xing244/AF_ClaSeq/results_updated/KaiB/run1/m_fold_sampling_voting_5jyt/01_m_fold_sampling/round_1/01_sampling/sampling_2/group_46_unrelaxed_rank_001_alphafold2_ptm_model_1_seed_042.pdb,87.07615384615384,0.78581,11,1
/fs/ess/PAA0203/xing244/AF_ClaSeq/results_updated/KaiB/run1/m_fold_sampling_voting_5jyt/01_m_fold_sampling/round_1/01_sampling/sampling_2/group_17_unrelaxed_rank_001_alphafold2_ptm_model_1_seed_042.pdb,88.46142857142858,0.79291,11,1
/fs/ess/PAA0203/xing244/AF_ClaSeq/results_updated/KaiB/run1/m_fold_sampling_voting_5jyt/01_m_fold_sampling/round_1/01_sampling/sampling_2/group_14_unrelaxed_rank_001_alphafold2_ptm_model_1_seed_042.pdb,87.16417582417581,0.80876,11,1
/fs/ess/PAA0203/xing244/AF_ClaSeq/results_updated/KaiB/run1/m_fold_sampling_voting_5jyt/01_m_fold_sampling/round_1/01_sampling/sampling_2/group_4_unrelaxed_rank_001_alphafold2_ptm_model_1_seed_042.pdb,80.76857142857142,0.77117,11,1
/fs/ess/PAA0203/xing244/AF_ClaSeq/results_updated/KaiB/run1/m_fold_sampling_voting_5jyt/01_m_fold_sampling/round_1/01_sampling/sampling_2/group_12_unrelaxed_rank_001_alphafold2_ptm_model_1_seed_042.pdb,84.36065934065934,0.78772,11,1
/fs/ess/PAA0203/xing244/AF_ClaSeq/results_updated/KaiB/run1/m_fold_sampling_voting_5jyt/01_m_fold_sampling/round_1/01_sampling/sampling_2/group_38_unrelaxed_rank_001_alphafold2_ptm_model_1_seed_042.pdb,86.22032967032968,0.78329,11,1
/fs/ess/PAA0203/xing244/AF_ClaSeq/results_updated/KaiB/run1/m_fold_sampling_voting_5jyt/01_m_fold_sampling/round_1/01_sampling/sampling_2/group_15_unrelaxed_rank_001_alphafold2_ptm_model_1_seed_042.pdb,86.36164835164834,0.78143,11,1
/fs/ess/PAA0203/xing244/AF_ClaSeq/results_updated/KaiB/run1/m_fold_sampling_voting_5jyt/01_m_fold_sampling/round_1/01_sampling/sampling_2/group_23_unrelaxed_rank_001_alphafold2_ptm_model_1_seed_042.pdb,88.10824175824175,0.80126,11,1
/fs/ess/PAA0203/xing244/AF_ClaSeq/results_updated/KaiB/run1/m_fold_sampling_voting_5jyt/01_m_fold_sampling/round_1/01_sampling/sampling_2/group_5_unrelaxed_rank_001_alphafold2_ptm_model_1_seed_042.pdb,78.53989010989012,0.77786,11,1
/fs/ess/PAA0203/xing244/AF_ClaSeq/results_updated/KaiB/run1/m_fold_sampling_voting_5jyt/01_m_fold_sampling/round_1/01_sampling/sampling_2/group_33_unrelaxed_rank_001_alphafold2_ptm_model_1_seed_042.pdb,87.26527472527472,0.75384,11,1
/fs/ess/PAA0203/xing244/AF_ClaSeq/results_updated/KaiB/run1/m_fold_sampling_voting_5jyt/01_m_fold_sampling/round_1/01_sampling/sampling_2/group_27_unrelaxed_rank_001_alphafold2_ptm_model_1_seed_042.pdb,57.30769230769232,0.56541,11,1
/fs/ess/PAA0203/xing244/AF_ClaSeq/results_updated/KaiB/run1/m_fold_sampling_voting_5jyt/01_m_fold_sampling/round_1/01_sampling/sampling_2/group_42_unrelaxed_rank_001_alphafold2_ptm_model_1_seed_042.pdb,71.799010989011,0.74235,11,1
/fs/ess/PAA0203/xing244/AF_ClaSeq/results_updated/KaiB/run1/m_fold_sampling_voting_5jyt/01_m_fold_sampling/round_1/01_sampling/sampling_2/group_10_unrelaxed_rank_001_alphafold2_ptm_model_1_seed_042.pdb,86.87472527472526,0.80403,11,1
/fs/ess/PAA0203/xing244/AF_ClaSeq/results_updated/KaiB/run1/m_fold_sampling_voting_5jyt/01_m_fold_sampling/round_1/01_sampling/sampling_2/group_37_unrelaxed_rank_001_alphafold2_ptm_model_1_seed_042.pdb,86.8236263736264,0.79899,11,1
/fs/ess/PAA0203/xing244/AF_ClaSeq/results_updated/KaiB/run1/m_fold_sampling_voting_5jyt/01_m_fold_sampling/round_1/01_sampling/sampling_2/group_29_unrelaxed_rank_001_alphafold2_ptm_model_1_seed_042.pdb,86.58736263736263,0.80277,11,1
/fs/ess/PAA0203/xing244/AF_ClaSeq/results_updated/KaiB/run1/m_fold_sampling_voting_5jyt/01_m_fold_sampling/round_1/01_sampling/sampling_2/group_18_unrelaxed_rank_001_alphafold2_ptm_model_1_seed_042.pdb,83.10307692307694,0.77676,11,1
/fs/ess/PAA0203/xing244/AF_ClaSeq/results_updated/KaiB/run1/m_fold_sampling_voting_5jyt/01_m_fold_sampling/round_1/01_sampling/sampling_2/group_43_unrelaxed_rank_001_alphafold2_ptm_model_1_seed_042.pdb,70.57329670329672,0.70113,11,1
/fs/ess/PAA0203/xing244/AF_ClaSeq/results_updated/KaiB/run1/m_fold_sampling_voting_5jyt/01_m_fold_sampling/round_1/01_sampling/sampling_2/group_25_unrelaxed_rank_001_alphafold2_ptm_model_1_seed_042.pdb,84.29043956043957,0.79031,11,1
/fs/ess/PAA0203/xing244/AF_ClaSeq/results_updated/KaiB/run1/m_fold_sampling_voting_5jyt/01_m_fold_sampling/round_1/01_sampling/sampling_2/group_3_unrelaxed_rank_001_alphafold2_ptm_model_1_seed_042.pdb,84.50120879120878,0.79895,11,1
/fs/ess/PAA0203/xing244/AF_ClaSeq/results_updated/KaiB/run1/m_fold_sampling_voting_5jyt/01_m_fold_sampling/round_1/01_sampling/sampling_2/group_34_unrelaxed_rank_001_alphafold2_ptm_model_1_seed_042.pdb,76.70747252747253,0.60802,11,1
/fs/ess/PAA0203/xing244/AF_ClaSeq/results_updated/KaiB/run1/m_fold_sampling_voting_5jyt/01_m_fold_sampling/round_1/01_sampling/sampling_2/group_9_unrelaxed_rank_001_alphafold2_ptm_model_1_seed_042.pdb,88.09109890109892,0.80883,11,1
/fs/ess/PAA0203/xing244/AF_ClaSeq/results_updated/KaiB/run1/m_fold_sampling_voting_5jyt/01_m_fold_sampling/round_1/01_sampling/sampling_2/group_47_unrelaxed_rank_001_alphafold2_ptm_model_1_seed_042.pdb,89.41802197802198,0.77167,11,1
/fs/ess/PAA0203/xing244/AF_ClaSeq/results_updated/KaiB/run1/m_fold_sampling_voting_5jyt/01_m_fold_sampling/round_1/01_sampling/sampling_2/group_35_unrelaxed_rank_001_alphafold2_ptm_model_1_seed_042.pdb,77.93703296703298,0.76042,11,1
/fs/ess/PAA0203/xing244/AF_ClaSeq/results_updated/KaiB/run1/m_fold_sampling_voting_5jyt/01_m_fold_sampling/round_1/01_sampling/sampling_2/group_24_unrelaxed_rank_001_alphafold2_ptm_model_1_seed_042.pdb,76.97615384615385,0.74003,11,1
/fs/ess/PAA0203/xing244/AF_ClaSeq/results_updated/KaiB/run1/m_fold_sampling_voting_5jyt/01_m_fold_sampling/round_1/01_sampling/sampling_2/group_40_unrelaxed_rank_001_alphafold2_ptm_model_1_seed_042.pdb,85.82373626373627,0.76613,11,1
/fs/ess/PAA0203/xing244/AF_ClaSeq/results_updated/KaiB/run1/m_fold_sampling_voting_5jyt/01_m_fold_sampling/round_1/01_sampling/sampling_2/group_1_unrelaxed_rank_001_alphafold2_ptm_model_1_seed_042.pdb,85.59516483516484,0.80342,11,1
/fs/ess/PAA0203/xing244/AF_ClaSeq/results_updated/KaiB/run1/m_fold_sampling_voting_5jyt/01_m_fold_sampling/round_1/01_sampling/sampling_2/group_30_unrelaxed_rank_001_alphafold2_ptm_model_1_seed_042.pdb,67.32076923076923,0.51502,11,1
/fs/ess/PAA0203/xing244/AF_ClaSeq/results_updated/KaiB/run1/m_fold_sampling_voting_5jyt/01_m_fold_sampling/round_1/01_sampling/sampling_2/group_26_unrelaxed_rank_001_alphafold2_ptm_model_1_seed_042.pdb,65.12296703296703,0.74891,11,1
/fs/ess/PAA0203/xing244/AF_ClaSeq/results_updated/KaiB/run1/m_fold_sampling_voting_5jyt/01_m_fold_sampling/round_1/01_sampling/sampling_2/group_39_unrelaxed_rank_001_alphafold2_ptm_model_1_seed_042.pdb,88.23846153846155,0.79589,11,1
/fs/ess/PAA0203/xing244/AF_ClaSeq/results_updated/KaiB/run1/m_fold_sampling_voting_5jyt/01_m_fold_sampling/round_1/01_sampling/sampling_2/group_11_unrelaxed_rank_001_alphafold2_ptm_model_1_seed_042.pdb,82.28912087912089,0.75297,11,1
/fs/ess/PAA0203/xing244/AF_ClaSeq/results_updated/KaiB/run1/m_fold_sampling_voting_5jyt/01_m_fold_sampling/round_1/01_sampling/sampling_2/group_49_unrelaxed_rank_001_alphafold2_ptm_model_1_seed_042.pdb,87.25263736263737,0.79159,12,1
/fs/ess/PAA0203/xing244/AF_ClaSeq/results_updated/KaiB/run1/m_fold_sampling_voting_5jyt/01_m_fold_sampling/round_1/01_sampling/sampling_2/group_45_unrelaxed_rank_001_alphafold2_ptm_model_1_seed_042.pdb,82.08637362637363,0.77581,11,1
/fs/ess/PAA0203/xing244/AF_ClaSeq/results_updated/KaiB/run1/m_fold_sampling_voting_5jyt/01_m_fold_sampling/round_1/01_sampling/sampling_2/group_2_unrelaxed_rank_001_alphafold2_ptm_model_1_seed_042.pdb,88.60417582417583,0.79376,11,1
/fs/ess/PAA0203/xing244/AF_ClaSeq/results_updated/KaiB/run1/m_fold_sampling_voting_5jyt/01_m_fold_sampling/round_1/01_sampling/sampling_2/group_36_unrelaxed_rank_001_alphafold2_ptm_model_1_seed_042.pdb,85.49626373626373,0.79791,11,1
/fs/ess/PAA0203/xing244/AF_ClaSeq/results_updated/KaiB/run1/m_fold_sampling_voting_5jyt/01_m_fold_sampling/round_1/01_sampling/sampling_37/group_20_unrelaxed_rank_001_alphafold2_ptm_model_1_seed_042.pdb,84.79142857142858,0.79539,11,1
/fs/ess/PAA0203/xing244/AF_ClaSeq/results_updated/KaiB/run1/m_fold_sampling_voting_5jyt/01_m_fold_sampling/round_1/01_sampling/sampling_37/group_44_unrelaxed_rank_001_alphafold2_ptm_model_1_seed_042.pdb,84.73714285714286,0.7931,11,1
/fs/ess/PAA0203/xing244/AF_ClaSeq/results_updated/KaiB/run1/m_fold_sampling_voting_5jyt/01_m_fold_sampling/round_1/01_sampling/sampling_37/group_16_unrelaxed_rank_001_alphafold2_ptm_model_1_seed_042.pdb,88.44824175824175,0.80784,11,1
/fs/ess/PAA0203/xing244/AF_ClaSeq/results_updated/KaiB/run1/m_fold_sampling_voting_5jyt/01_m_fold_sampling/round_1/01_sampling/sampling_37/group_8_unrelaxed_rank_001_alphafold2_ptm_model_1_seed_042.pdb,83.87032967032965,0.78195,11,1
/fs/ess/PAA0203/xing244/AF_ClaSeq/results_updated/KaiB/run1/m_fold_sampling_voting_5jyt/01_m_fold_sampling/round_1/01_sampling/sampling_37/group_48_unrelaxed_rank_001_alphafold2_ptm_model_1_seed_042.pdb,88.81978021978023,0.80099,11,1
/fs/ess/PAA0203/xing244/AF_ClaSeq/results_updated/KaiB/run1/m_fold_sampling_voting_5jyt/01_m_fold_sampling/round_1/01_sampling/sampling_37/group_6_unrelaxed_rank_001_alphafold2_ptm_model_1_seed_042.pdb,87.37582417582418,0.81232,11,1
/fs/ess/PAA0203/xing244/AF_ClaSeq/results_updated/KaiB/run1/m_fold_sampling_voting_5jyt/01_m_fold_sampling/round_1/01_sampling/sampling_37/group_19_unrelaxed_rank_001_alphafold2_ptm_model_1_seed_042.pdb,84.44197802197802,0.7536,11,1
/fs/ess/PAA0203/xing244/AF_ClaSeq/results_updated/KaiB/run1/m_fold_sampling_voting_5jyt/01_m_fold_sampling/round_1/01_sampling/sampling_37/group_13_unrelaxed_rank_001_alphafold2_ptm_model_1_seed_042.pdb,90.06153846153845,0.78509,11,1
/fs/ess/PAA0203/xing244/AF_ClaSeq/results_updated/KaiB/run1/m_fold_sampling_voting_5jyt/01_m_fold_sampling/round_1/01_sampling/sampling_37/group_28_unrelaxed_rank_001_alphafold2_ptm_model_1_seed_042.pdb,77.08604395604395,0.74399,11,1
/fs/ess/PAA0203/xing244/AF_ClaSeq/results_updated/KaiB/run1/m_fold_sampling_voting_5jyt/01_m_fold_sampling/round_1/01_sampling/sampling_37/group_32_unrelaxed_rank_001_alphafold2_ptm_model_1_seed_042.pdb,81.87373626373626,0.80199,11,1
/fs/ess/PAA0203/xing244/AF_ClaSeq/results_updated/KaiB/run1/m_fold_sampling_voting_5jyt/01_m_fold_sampling/round_1/01_sampling/sampling_37/group_22_unrelaxed_rank_001_alphafold2_ptm_model_1_seed_042.pdb,84.14659340659341,0.78625,11,1
/fs/ess/PAA0203/xing244/AF_ClaSeq/results_updated/KaiB/run1/m_fold_sampling_voting_5jyt/01_m_fold_sampling/round_1/01_sampling/sampling_37/group_7_unrelaxed_rank_001_alphafold2_ptm_model_1_seed_042.pdb,88.8312087912088,0.81267,11,1
/fs/ess/PAA0203/xing244/AF_ClaSeq/results_updated/KaiB/run1/m_fold_sampling_voting_5jyt/01_m_fold_sampling/round_1/01_sampling/sampling_37/group_21_unrelaxed_rank_001_alphafold2_ptm_model_1_seed_042.pdb,84.759010989011,0.76739,11,1
/fs/ess/PAA0203/xing244/AF_ClaSeq/results_updated/KaiB/run1/m_fold_sampling_voting_5jyt/01_m_fold_sampling/round_1/01_sampling/sampling_37/group_41_unrelaxed_rank_001_alphafold2_ptm_model_1_seed_042.pdb,55.206373626373626,0.57208,11,1
/fs/ess/PAA0203/xing244/AF_ClaSeq/results_updated/KaiB/run1/m_fold_sampling_voting_5jyt/01_m_fold_sampling/round_1/01_sampling/sampling_37/group_31_unrelaxed_rank_001_alphafold2_ptm_model_1_seed_042.pdb,86.27032967032966,0.79593,11,1
/fs/ess/PAA0203/xing244/AF_ClaSeq/results_updated/KaiB/run1/m_fold_sampling_voting_5jyt/01_m_fold_sampling/round_1/01_sampling/sampling_37/group_46_unrelaxed_rank_001_alphafold2_ptm_model_1_seed_042.pdb,63.67351648351647,0.5945,11,1
/fs/ess/PAA0203/xing244/AF_ClaSeq/results_updated/KaiB/run1/m_fold_sampling_voting_5jyt/01_m_fold_sampling/round_1/01_sampling/sampling_37/group_17_unrelaxed_rank_001_alphafold2_ptm_model_1_seed_042.pdb,89.61736263736265,0.77176,11,1
/fs/ess/PAA0203/xing244/AF_ClaSeq/results_updated/KaiB/run1/m_fold_sampling_voting_5jyt/01_m_fold_sampling/round_1/01_sampling/sampling_37/group_14_unrelaxed_rank_001_alphafold2_ptm_model_1_seed_042.pdb,63.82472527472529,0.68061,11,1
/fs/ess/PAA0203/xing244/AF_ClaSeq/results_updated/KaiB/run1/m_fold_sampling_voting_5jyt/01_m_fold_sampling/round_1/01_sampling/sampling_37/group_4_unrelaxed_rank_001_alphafold2_ptm_model_1_seed_042.pdb,80.26967032967032,0.76888,11,1
/fs/ess/PAA0203/xing244/AF_ClaSeq/results_updated/KaiB/run1/m_fold_sampling_voting_5jyt/01_m_fold_sampling/round_1/01_sampling/sampling_37/group_12_unrelaxed_rank_001_alphafold2_ptm_model_1_seed_042.pdb,85.00549450549451,0.78897,11,1
/fs/ess/PAA0203/xing244/AF_ClaSeq/results_updated/KaiB/run1/m_fold_sampling_voting_5jyt/01_m_fold_sampling/round_1/01_sampling/sampling_37/group_38_unrelaxed_rank_001_alphafold2_ptm_model_1_seed_042.pdb,85.7456043956044,0.77529,11,1
/fs/ess/PAA0203/xing244/AF_ClaSeq/results_updated/KaiB/run1/m_fold_sampling_voting_5jyt/01_m_fold_sampling/round_1/01_sampling/sampling_37/group_15_unrelaxed_rank_001_alphafold2_ptm_model_1_seed_042.pdb,79.26406593406594,0.75249,11,1
/fs/ess/PAA0203/xing244/AF_ClaSeq/results_updated/KaiB/run1/m_fold_sampling_voting_5jyt/01_m_fold_sampling/round_1/01_sampling/sampling_37/group_23_unrelaxed_rank_001_alphafold2_ptm_model_1_seed_042.pdb,82.72824175824175,0.786,11,1
/fs/ess/PAA0203/xing244/AF_ClaSeq/results_updated/KaiB/run1/m_fold_sampling_voting_5jyt/01_m_fold_sampling/round_1/01_sampling/sampling_37/group_5_unrelaxed_rank_001_alphafold2_ptm_model_1_seed_042.pdb,86.30395604395605,0.80336,11,1
/fs/ess/PAA0203/xing244/AF_ClaSeq/results_updated/KaiB/run1/m_fold_sampling_voting_5jyt/01_m_fold_sampling/round_1/01_sampling/sampling_37/group_33_unrelaxed_rank_001_alphafold2_ptm_model_1_seed_042.pdb,85.17736263736262,0.79159,11,1
/fs/ess/PAA0203/xing244/AF_ClaSeq/results_updated/KaiB/run1/m_fold_sampling_voting_5jyt/01_m_fold_sampling/round_1/01_sampling/sampling_37/group_27_unrelaxed_rank_001_alphafold2_ptm_model_1_seed_042.pdb,82.8565934065934,0.74518,11,1
/fs/ess/PAA0203/xing244/AF_ClaSeq/results_updated/KaiB/run1/m_fold_sampling_voting_5jyt/01_m_fold_sampling/round_1/01_sampling/sampling_37/group_42_unrelaxed_rank_001_alphafold2_ptm_model_1_seed_042.pdb,69.82197802197801,0.73314,11,1
/fs/ess/PAA0203/xing244/AF_ClaSeq/results_updated/KaiB/run1/m_fold_sampling_voting_5jyt/01_m_fold_sampling/round_1/01_sampling/sampling_37/group_10_unrelaxed_rank_001_alphafold2_ptm_model_1_seed_042.pdb,76.80736263736264,0.775,11,1
/fs/ess/PAA0203/xing244/AF_ClaSeq/results_updated/KaiB/run1/m_fold_sampling_voting_5jyt/01_m_fold_sampling/round_1/01_sampling/sampling_37/group_37_unrelaxed_rank_001_alphafold2_ptm_model_1_seed_042.pdb,89.26758241758243,0.7953,11,1
/fs/ess/PAA0203/xing244/AF_ClaSeq/results_updated/KaiB/run1/m_fold_sampling_voting_5jyt/01_m_fold_sampling/round_1/01_sampling/sampling_37/group_29_unrelaxed_rank_001_alphafold2_ptm_model_1_seed_042.pdb,80.7387912087912,0.75101,11,1
/fs/ess/PAA0203/xing244/AF_ClaSeq/results_updated/KaiB/run1/m_fold_sampling_voting_5jyt/01_m_fold_sampling/round_1/01_sampling/sampling_37/group_18_unrelaxed_rank_001_alphafold2_ptm_model_1_seed_042.pdb,87.2510989010989,0.78765,11,1
/fs/ess/PAA0203/xing244/AF_ClaSeq/results_updated/KaiB/run1/m_fold_sampling_voting_5jyt/01_m_fold_sampling/round_1/01_sampling/sampling_37/group_43_unrelaxed_rank_001_alphafold2_ptm_model_1_seed_042.pdb,86.11725274725275,0.79957,11,1
/fs/ess/PAA0203/xing244/AF_ClaSeq/results_updated/KaiB/run1/m_fold_sampling_voting_5jyt/01_m_fold_sampling/round_1/01_sampling/sampling_37/group_25_unrelaxed_rank_001_alphafold2_ptm_model_1_seed_042.pdb,87.50065934065934,0.79915,11,1
/fs/ess/PAA0203/xing244/AF_ClaSeq/results_updated/KaiB/run1/m_fold_sampling_voting_5jyt/01_m_fold_sampling/round_1/01_sampling/sampling_37/group_3_unrelaxed_rank_001_alphafold2_ptm_model_1_seed_042.pdb,86.50461538461538,0.80546,11,1
/fs/ess/PAA0203/xing244/AF_ClaSeq/results_updated/KaiB/run1/m_fold_sampling_voting_5jyt/01_m_fold_sampling/round_1/01_sampling/sampling_37/group_34_unrelaxed_rank_001_alphafold2_ptm_model_1_seed_042.pdb,87.31197802197802,0.78217,11,1
/fs/ess/PAA0203/xing244/AF_ClaSeq/results_updated/KaiB/run1/m_fold_sampling_voting_5jyt/01_m_fold_sampling/round_1/01_sampling/sampling_37/group_9_unrelaxed_rank_001_alphafold2_ptm_model_1_seed_042.pdb,85.45021978021977,0.76083,11,1
/fs/ess/PAA0203/xing244/AF_ClaSeq/results_updated/KaiB/run1/m_fold_sampling_voting_5jyt/01_m_fold_sampling/round_1/01_sampling/sampling_37/group_47_unrelaxed_rank_001_alphafold2_ptm_model_1_seed_042.pdb,85.26505494505493,0.81329,11,1
/fs/ess/PAA0203/xing244/AF_ClaSeq/results_updated/KaiB/run1/m_fold_sampling_voting_5jyt/01_m_fold_sampling/round_1/01_sampling/sampling_37/group_35_unrelaxed_rank_001_alphafold2_ptm_model_1_seed_042.pdb,69.72516483516485,0.77626,11,1
/fs/ess/PAA0203/xing244/AF_ClaSeq/results_updated/KaiB/run1/m_fold_sampling_voting_5jyt/01_m_fold_sampling/round_1/01_sampling/sampling_37/group_24_unrelaxed_rank_001_alphafold2_ptm_model_1_seed_042.pdb,86.40417582417582,0.78467,11,1
/fs/ess/PAA0203/xing244/AF_ClaSeq/results_updated/KaiB/run1/m_fold_sampling_voting_5jyt/01_m_fold_sampling/round_1/01_sampling/sampling_37/group_40_unrelaxed_rank_001_alphafold2_ptm_model_1_seed_042.pdb,87.33461538461539,0.80979,11,1
/fs/ess/PAA0203/xing244/AF_ClaSeq/results_updated/KaiB/run1/m_fold_sampling_voting_5jyt/01_m_fold_sampling/round_1/01_sampling/sampling_37/group_1_unrelaxed_rank_001_alphafold2_ptm_model_1_seed_042.pdb,86.65967032967032,0.80312,11,1
/fs/ess/PAA0203/xing244/AF_ClaSeq/results_updated/KaiB/run1/m_fold_sampling_voting_5jyt/01_m_fold_sampling/round_1/01_sampling/sampling_37/group_30_unrelaxed_rank_001_alphafold2_ptm_model_1_seed_042.pdb,80.20054945054946,0.76606,11,1
/fs/ess/PAA0203/xing244/AF_ClaSeq/results_updated/KaiB/run1/m_fold_sampling_voting_5jyt/01_m_fold_sampling/round_1/01_sampling/sampling_37/group_26_unrelaxed_rank_001_alphafold2_ptm_model_1_seed_042.pdb,82.83406593406593,0.76698,11,1
/fs/ess/PAA0203/xing244/AF_ClaSeq/results_updated/KaiB/run1/m_fold_sampling_voting_5jyt/01_m_fold_sampling/round_1/01_sampling/sampling_37/group_39_unrelaxed_rank_001_alphafold2_ptm_model_1_seed_042.pdb,83.84615384615384,0.79627,11,1
/fs/ess/PAA0203/xing244/AF_ClaSeq/results_updated/KaiB/run1/m_fold_sampling_voting_5jyt/01_m_fold_sampling/round_1/01_sampling/sampling_37/group_11_unrelaxed_rank_001_alphafold2_ptm_model_1_seed_042.pdb,86.94351648351649,0.81014,11,1
/fs/ess/PAA0203/xing244/AF_ClaSeq/results_updated/KaiB/run1/m_fold_sampling_voting_5jyt/01_m_fold_sampling/round_1/01_sampling/sampling_37/group_49_unrelaxed_rank_001_alphafold2_ptm_model_1_seed_042.pdb,88.57945054945056,0.80176,12,1
/fs/ess/PAA0203/xing244/AF_ClaSeq/results_updated/KaiB/run1/m_fold_sampling_voting_5jyt/01_m_fold_sampling/round_1/01_sampling/sampling_37/group_45_unrelaxed_rank_001_alphafold2_ptm_model_1_seed_042.pdb,82.54813186813188,0.80567,11,1
/fs/ess/PAA0203/xing244/AF_ClaSeq/results_updated/KaiB/run1/m_fold_sampling_voting_5jyt/01_m_fold_sampling/round_1/01_sampling/sampling_37/group_2_unrelaxed_rank_001_alphafold2_ptm_model_1_seed_042.pdb,87.97307692307693,0.79533,11,1
/fs/ess/PAA0203/xing244/AF_ClaSeq/results_updated/KaiB/run1/m_fold_sampling_voting_5jyt/01_m_fold_sampling/round_1/01_sampling/sampling_37/group_36_unrelaxed_rank_001_alphafold2_ptm_model_1_seed_042.pdb,85.62747252747255,0.80734,11,1
/fs/ess/PAA0203/xing244/AF_ClaSeq/results_updated/KaiB/run1/m_fold_sampling_voting_5jyt/01_m_fold_sampling/round_1/01_sampling/sampling_49/group_20_unrelaxed_rank_001_alphafold2_ptm_model_1_seed_042.pdb,58.08494505494506,0.58499,11,1
/fs/ess/PAA0203/xing244/AF_ClaSeq/results_updated/KaiB/run1/m_fold_sampling_voting_5jyt/01_m_fold_sampling/round_1/01_sampling/sampling_49/group_44_unrelaxed_rank_001_alphafold2_ptm_model_1_seed_042.pdb,77.55758241758241,0.76586,11,1
/fs/ess/PAA0203/xing244/AF_ClaSeq/results_updated/KaiB/run1/m_fold_sampling_voting_5jyt/01_m_fold_sampling/round_1/01_sampling/sampling_49/group_16_unrelaxed_rank_001_alphafold2_ptm_model_1_seed_042.pdb,90.15483516483515,0.81614,11,1
/fs/ess/PAA0203/xing244/AF_ClaSeq/results_updated/KaiB/run1/m_fold_sampling_voting_5jyt/01_m_fold_sampling/round_1/01_sampling/sampling_49/group_8_unrelaxed_rank_001_alphafold2_ptm_model_1_seed_042.pdb,88.40263736263736,0.78821,11,1
/fs/ess/PAA0203/xing244/AF_ClaSeq/results_updated/KaiB/run1/m_fold_sampling_voting_5jyt/01_m_fold_sampling/round_1/01_sampling/sampling_49/group_48_unrelaxed_rank_001_alphafold2_ptm_model_1_seed_042.pdb,86.89197802197802,0.80629,11,1
/fs/ess/PAA0203/xing244/AF_ClaSeq/results_updated/KaiB/run1/m_fold_sampling_voting_5jyt/01_m_fold_sampling/round_1/01_sampling/sampling_49/group_6_unrelaxed_rank_001_alphafold2_ptm_model_1_seed_042.pdb,86.45934065934065,0.79189,11,1
/fs/ess/PAA0203/xing244/AF_ClaSeq/results_updated/KaiB/run1/m_fold_sampling_voting_5jyt/01_m_fold_sampling/round_1/01_sampling/sampling_49/group_19_unrelaxed_rank_001_alphafold2_ptm_model_1_seed_042.pdb,88.01527472527472,0.76041,11,1
/fs/ess/PAA0203/xing244/AF_ClaSeq/results_updated/KaiB/run1/m_fold_sampling_voting_5jyt/01_m_fold_sampling/round_1/01_sampling/sampling_49/group_13_unrelaxed_rank_001_alphafold2_ptm_model_1_seed_042.pdb,83.99384615384615,0.81529,11,1
/fs/ess/PAA0203/xing244/AF_ClaSeq/results_updated/KaiB/run1/m_fold_sampling_voting_5jyt/01_m_fold_sampling/round_1/01_sampling/sampling_49/group_28_unrelaxed_rank_001_alphafold2_ptm_model_1_seed_042.pdb,86.60263736263737,0.78161,11,1
/fs/ess/PAA0203/xing244/AF_ClaSeq/results_updated/KaiB/run1/m_fold_sampling_voting_5jyt/01_m_fold_sampling/round_1/01_sampling/sampling_49/group_32_unrelaxed_rank_001_alphafold2_ptm_model_1_seed_042.pdb,76.92923076923077,0.75819,11,1
/fs/ess/PAA0203/xing244/AF_ClaSeq/results_updated/KaiB/run1/m_fold_sampling_voting_5jyt/01_m_fold_sampling/round_1/01_sampling/sampling_49/group_22_unrelaxed_rank_001_alphafold2_ptm_model_1_seed_042.pdb,87.11912087912089,0.77828,11,1
/fs/ess/PAA0203/xing244/AF_ClaSeq/results_updated/KaiB/run1/m_fold_sampling_voting_5jyt/01_m_fold_sampling/round_1/01_sampling/sampling_49/group_7_unrelaxed_rank_001_alphafold2_ptm_model_1_seed_042.pdb,81.03527472527473,0.7594,11,1
/fs/ess/PAA0203/xing244/AF_ClaSeq/results_updated/KaiB/run1/m_fold_sampling_voting_5jyt/01_m_fold_sampling/round_1/01_sampling/sampling_49/group_21_unrelaxed_rank_001_alphafold2_ptm_model_1_seed_042.pdb,81.73791208791208,0.76903,11,1
/fs/ess/PAA0203/xing244/AF_ClaSeq/results_updated/KaiB/run1/m_fold_sampling_voting_5jyt/01_m_fold_sampling/round_1/01_sampling/sampling_49/group_41_unrelaxed_rank_001_alphafold2_ptm_model_1_seed_042.pdb,84.81648351648352,0.80511,11,1
/fs/ess/PAA0203/xing244/AF_ClaSeq/results_updated/KaiB/run1/m_fold_sampling_voting_5jyt/01_m_fold_sampling/round_1/01_sampling/sampling_49/group_31_unrelaxed_rank_001_alphafold2_ptm_model_1_seed_042.pdb,63.73527472527472,0.73868,11,1
/fs/ess/PAA0203/xing244/AF_ClaSeq/results_updated/KaiB/run1/m_fold_sampling_voting_5jyt/01_m_fold_sampling/round_1/01_sampling/sampling_49/group_46_unrelaxed_rank_001_alphafold2_ptm_model_1_seed_042.pdb,86.5468131868132,0.81704,11,1
/fs/ess/PAA0203/xing244/AF_ClaSeq/results_updated/KaiB/run1/m_fold_sampling_voting_5jyt/01_m_fold_sampling/round_1/01_sampling/sampling_49/group_17_unrelaxed_rank_001_alphafold2_ptm_model_1_seed_042.pdb,85.62153846153846,0.7483,11,1
/fs/ess/PAA0203/xing244/AF_ClaSeq/results_updated/KaiB/run1/m_fold_sampling_voting_5jyt/01_m_fold_sampling/round_1/01_sampling/sampling_49/group_14_unrelaxed_rank_001_alphafold2_ptm_model_1_seed_042.pdb,85.53142857142856,0.78478,11,1
/fs/ess/PAA0203/xing244/AF_ClaSeq/results_updated/KaiB/run1/m_fold_sampling_voting_5jyt/01_m_fold_sampling/round_1/01_sampling/sampling_49/group_4_unrelaxed_rank_001_alphafold2_ptm_model_1_seed_042.pdb,83.64802197802197,0.7909,11,1
/fs/ess/PAA0203/xing244/AF_ClaSeq/results_updated/KaiB/run1/m_fold_sampling_voting_5jyt/01_m_fold_sampling/round_1/01_sampling/sampling_49/group_12_unrelaxed_rank_001_alphafold2_ptm_model_1_seed_042.pdb,58.128681318681316,0.58615,11,1
/fs/ess/PAA0203/xing244/AF_ClaSeq/results_updated/KaiB/run1/m_fold_sampling_voting_5jyt/01_m_fold_sampling/round_1/01_sampling/sampling_49/group_38_unrelaxed_rank_001_alphafold2_ptm_model_1_seed_042.pdb,86.50098901098902,0.79969,11,1
/fs/ess/PAA0203/xing244/AF_ClaSeq/results_updated/KaiB/run1/m_fold_sampling_voting_5jyt/01_m_fold_sampling/round_1/01_sampling/sampling_49/group_15_unrelaxed_rank_001_alphafold2_ptm_model_1_seed_042.pdb,81.59846153846154,0.78288,11,1
/fs/ess/PAA0203/xing244/AF_ClaSeq/results_updated/KaiB/run1/m_fold_sampling_voting_5jyt/01_m_fold_sampling/round_1/01_sampling/sampling_49/group_23_unrelaxed_rank_001_alphafold2_ptm_model_1_seed_042.pdb,84.3467032967033,0.81355,11,1
/fs/ess/PAA0203/xing244/AF_ClaSeq/results_updated/KaiB/run1/m_fold_sampling_voting_5jyt/01_m_fold_sampling/round_1/01_sampling/sampling_49/group_5_unrelaxed_rank_001_alphafold2_ptm_model_1_seed_042.pdb,86.56153846153846,0.80909,11,1
/fs/ess/PAA0203/xing244/AF_ClaSeq/results_updated/KaiB/run1/m_fold_sampling_voting_5jyt/01_m_fold_sampling/round_1/01_sampling/sampling_49/group_33_unrelaxed_rank_001_alphafold2_ptm_model_1_seed_042.pdb,87.68032967032968,0.7663,11,1
/fs/ess/PAA0203/xing244/AF_ClaSeq/results_updated/KaiB/run1/m_fold_sampling_voting_5jyt/01_m_fold_sampling/round_1/01_sampling/sampling_49/group_27_unrelaxed_rank_001_alphafold2_ptm_model_1_seed_042.pdb,82.00483516483517,0.79462,11,1
/fs/ess/PAA0203/xing244/AF_ClaSeq/results_updated/KaiB/run1/m_fold_sampling_voting_5jyt/01_m_fold_sampling/round_1/01_sampling/sampling_49/group_42_unrelaxed_rank_001_alphafold2_ptm_model_1_seed_042.pdb,87.56967032967033,0.79547,11,1
/fs/ess/PAA0203/xing244/AF_ClaSeq/results_updated/KaiB/run1/m_fold_sampling_voting_5jyt/01_m_fold_sampling/round_1/01_sampling/sampling_49/group_10_unrelaxed_rank_001_alphafold2_ptm_model_1_seed_042.pdb,87.04065934065933,0.82137,11,1
/fs/ess/PAA0203/xing244/AF_ClaSeq/results_updated/KaiB/run1/m_fold_sampling_voting_5jyt/01_m_fold_sampling/round_1/01_sampling/sampling_49/group_37_unrelaxed_rank_001_alphafold2_ptm_model_1_seed_042.pdb,79.44901098901099,0.7704,11,1
/fs/ess/PAA0203/xing244/AF_ClaSeq/results_updated/KaiB/run1/m_fold_sampling_voting_5jyt/01_m_fold_sampling/round_1/01_sampling/sampling_49/group_29_unrelaxed_rank_001_alphafold2_ptm_model_1_seed_042.pdb,86.30978021978022,0.79233,11,1
/fs/ess/PAA0203/xing244/AF_ClaSeq/results_updated/KaiB/run1/m_fold_sampling_voting_5jyt/01_m_fold_sampling/round_1/01_sampling/sampling_49/group_18_unrelaxed_rank_001_alphafold2_ptm_model_1_seed_042.pdb,86.60989010989012,0.80279,11,1
/fs/ess/PAA0203/xing244/AF_ClaSeq/results_updated/KaiB/run1/m_fold_sampling_voting_5jyt/01_m_fold_sampling/round_1/01_sampling/sampling_49/group_43_unrelaxed_rank_001_alphafold2_ptm_model_1_seed_042.pdb,76.73604395604396,0.74971,11,1
/fs/ess/PAA0203/xing244/AF_ClaSeq/results_updated/KaiB/run1/m_fold_sampling_voting_5jyt/01_m_fold_sampling/round_1/01_sampling/sampling_49/group_25_unrelaxed_rank_001_alphafold2_ptm_model_1_seed_042.pdb,87.47274725274725,0.81468,11,1
/fs/ess/PAA0203/xing244/AF_ClaSeq/results_updated/KaiB/run1/m_fold_sampling_voting_5jyt/01_m_fold_sampling/round_1/01_sampling/sampling_49/group_3_unrelaxed_rank_001_alphafold2_ptm_model_1_seed_042.pdb,87.79417582417582,0.79807,11,1
/fs/ess/PAA0203/xing244/AF_ClaSeq/results_updated/KaiB/run1/m_fold_sampling_voting_5jyt/01_m_fold_sampling/round_1/01_sampling/sampling_49/group_34_unrelaxed_rank_001_alphafold2_ptm_model_1_seed_042.pdb,88.88857142857142,0.80496,11,1
/fs/ess/PAA0203/xing244/AF_ClaSeq/results_updated/KaiB/run1/m_fold_sampling_voting_5jyt/01_m_fold_sampling/round_1/01_sampling/sampling_49/group_9_unrelaxed_rank_001_alphafold2_ptm_model_1_seed_042.pdb,85.24538461538461,0.80284,11,1
/fs/ess/PAA0203/xing244/AF_ClaSeq/results_updated/KaiB/run1/m_fold_sampling_voting_5jyt/01_m_fold_sampling/round_1/01_sampling/sampling_49/group_47_unrelaxed_rank_001_alphafold2_ptm_model_1_seed_042.pdb,89.2010989010989,0.78851,11,1
/fs/ess/PAA0203/xing244/AF_ClaSeq/results_updated/KaiB/run1/m_fold_sampling_voting_5jyt/01_m_fold_sampling/round_1/01_sampling/sampling_49/group_35_unrelaxed_rank_001_alphafold2_ptm_model_1_seed_042.pdb,82.87043956043956,0.73508,11,1
/fs/ess/PAA0203/xing244/AF_ClaSeq/results_updated/KaiB/run1/m_fold_sampling_voting_5jyt/01_m_fold_sampling/round_1/01_sampling/sampling_49/group_24_unrelaxed_rank_001_alphafold2_ptm_model_1_seed_042.pdb,86.99582417582417,0.78834,11,1
/fs/ess/PAA0203/xing244/AF_ClaSeq/results_updated/KaiB/run1/m_fold_sampling_voting_5jyt/01_m_fold_sampling/round_1/01_sampling/sampling_49/group_40_unrelaxed_rank_001_alphafold2_ptm_model_1_seed_042.pdb,84.64406593406594,0.79265,11,1
/fs/ess/PAA0203/xing244/AF_ClaSeq/results_updated/KaiB/run1/m_fold_sampling_voting_5jyt/01_m_fold_sampling/round_1/01_sampling/sampling_49/group_1_unrelaxed_rank_001_alphafold2_ptm_model_1_seed_042.pdb,85.12593406593406,0.76973,11,1
/fs/ess/PAA0203/xing244/AF_ClaSeq/results_updated/KaiB/run1/m_fold_sampling_voting_5jyt/01_m_fold_sampling/round_1/01_sampling/sampling_49/group_30_unrelaxed_rank_001_alphafold2_ptm_model_1_seed_042.pdb,64.44483516483517,0.68375,11,1
/fs/ess/PAA0203/xing244/AF_ClaSeq/results_updated/KaiB/run1/m_fold_sampling_voting_5jyt/01_m_fold_sampling/round_1/01_sampling/sampling_49/group_26_unrelaxed_rank_001_alphafold2_ptm_model_1_seed_042.pdb,62.371978021978016,0.57068,11,1
/fs/ess/PAA0203/xing244/AF_ClaSeq/results_updated/KaiB/run1/m_fold_sampling_voting_5jyt/01_m_fold_sampling/round_1/01_sampling/sampling_49/group_39_unrelaxed_rank_001_alphafold2_ptm_model_1_seed_042.pdb,84.03461538461539,0.76926,11,1
/fs/ess/PAA0203/xing244/AF_ClaSeq/results_updated/KaiB/run1/m_fold_sampling_voting_5jyt/01_m_fold_sampling/round_1/01_sampling/sampling_49/group_11_unrelaxed_rank_001_alphafold2_ptm_model_1_seed_042.pdb,87.05516483516483,0.80739,11,1
/fs/ess/PAA0203/xing244/AF_ClaSeq/results_updated/KaiB/run1/m_fold_sampling_voting_5jyt/01_m_fold_sampling/round_1/01_sampling/sampling_49/group_49_unrelaxed_rank_001_alphafold2_ptm_model_1_seed_042.pdb,89.17879120879121,0.79998,12,1
/fs/ess/PAA0203/xing244/AF_ClaSeq/results_updated/KaiB/run1/m_fold_sampling_voting_5jyt/01_m_fold_sampling/round_1/01_sampling/sampling_49/group_45_unrelaxed_rank_001_alphafold2_ptm_model_1_seed_042.pdb,87.88593406593407,0.79837,11,1
/fs/ess/PAA0203/xing244/AF_ClaSeq/results_updated/KaiB/run1/m_fold_sampling_voting_5jyt/01_m_fold_sampling/round_1/01_sampling/sampling_49/group_2_unrelaxed_rank_001_alphafold2_ptm_model_1_seed_042.pdb,83.57010989010989,0.78371,11,1
/fs/ess/PAA0203/xing244/AF_ClaSeq/results_updated/KaiB/run1/m_fold_sampling_voting_5jyt/01_m_fold_sampling/round_1/01_sampling/sampling_49/group_36_unrelaxed_rank_001_alphafold2_ptm_model_1_seed_042.pdb,84.90021978021979,0.80634,11,1
/fs/ess/PAA0203/xing244/AF_ClaSeq/results_updated/KaiB/run1/m_fold_sampling_voting_5jyt/01_m_fold_sampling/round_1/01_sampling/sampling_24/group_20_unrelaxed_rank_001_alphafold2_ptm_model_1_seed_042.pdb,87.11516483516483,0.78723,11,1
/fs/ess/PAA0203/xing244/AF_ClaSeq/results_updated/KaiB/run1/m_fold_sampling_voting_5jyt/01_m_fold_sampling/round_1/01_sampling/sampling_24/group_44_unrelaxed_rank_001_alphafold2_ptm_model_1_seed_042.pdb,82.0598901098901,0.77448,11,1
/fs/ess/PAA0203/xing244/AF_ClaSeq/results_updated/KaiB/run1/m_fold_sampling_voting_5jyt/01_m_fold_sampling/round_1/01_sampling/sampling_24/group_16_unrelaxed_rank_001_alphafold2_ptm_model_1_seed_042.pdb,85.12230769230769,0.80198,11,1
/fs/ess/PAA0203/xing244/AF_ClaSeq/results_updated/KaiB/run1/m_fold_sampling_voting_5jyt/01_m_fold_sampling/round_1/01_sampling/sampling_24/group_8_unrelaxed_rank_001_alphafold2_ptm_model_1_seed_042.pdb,88.52373626373627,0.79337,11,1
/fs/ess/PAA0203/xing244/AF_ClaSeq/results_updated/KaiB/run1/m_fold_sampling_voting_5jyt/01_m_fold_sampling/round_1/01_sampling/sampling_24/group_48_unrelaxed_rank_001_alphafold2_ptm_model_1_seed_042.pdb,90.44054945054945,0.77716,11,1
/fs/ess/PAA0203/xing244/AF_ClaSeq/results_updated/KaiB/run1/m_fold_sampling_voting_5jyt/01_m_fold_sampling/round_1/01_sampling/sampling_24/group_6_unrelaxed_rank_001_alphafold2_ptm_model_1_seed_042.pdb,87.88186813186815,0.81024,11,1
/fs/ess/PAA0203/xing244/AF_ClaSeq/results_updated/KaiB/run1/m_fold_sampling_voting_5jyt/01_m_fold_sampling/round_1/01_sampling/sampling_24/group_19_unrelaxed_rank_001_alphafold2_ptm_model_1_seed_042.pdb,88.67450549450551,0.81738,11,1
/fs/ess/PAA0203/xing244/AF_ClaSeq/results_updated/KaiB/run1/m_fold_sampling_voting_5jyt/01_m_fold_sampling/round_1/01_sampling/sampling_24/group_13_unrelaxed_rank_001_alphafold2_ptm_model_1_seed_042.pdb,83.94428571428571,0.78136,11,1
/fs/ess/PAA0203/xing244/AF_ClaSeq/results_updated/KaiB/run1/m_fold_sampling_voting_5jyt/01_m_fold_sampling/round_1/01_sampling/sampling_24/group_28_unrelaxed_rank_001_alphafold2_ptm_model_1_seed_042.pdb,88.45087912087912,0.80318,11,1
/fs/ess/PAA0203/xing244/AF_ClaSeq/results_updated/KaiB/run1/m_fold_sampling_voting_5jyt/01_m_fold_sampling/round_1/01_sampling/sampling_24/group_32_unrelaxed_rank_001_alphafold2_ptm_model_1_seed_042.pdb,84.18692307692307,0.77374,11,1
/fs/ess/PAA0203/xing244/AF_ClaSeq/results_updated/KaiB/run1/m_fold_sampling_voting_5jyt/01_m_fold_sampling/round_1/01_sampling/sampling_24/group_22_unrelaxed_rank_001_alphafold2_ptm_model_1_seed_042.pdb,85.05857142857144,0.76328,11,1
/fs/ess/PAA0203/xing244/AF_ClaSeq/results_updated/KaiB/run1/m_fold_sampling_voting_5jyt/01_m_fold_sampling/round_1/01_sampling/sampling_24/group_7_unrelaxed_rank_001_alphafold2_ptm_model_1_seed_042.pdb,85.25,0.78068,11,1
/fs/ess/PAA0203/xing244/AF_ClaSeq/results_updated/KaiB/run1/m_fold_sampling_voting_5jyt/01_m_fold_sampling/round_1/01_sampling/sampling_24/group_21_unrelaxed_rank_001_alphafold2_ptm_model_1_seed_042.pdb,85.50395604395604,0.7814,11,1
/fs/ess/PAA0203/xing244/AF_ClaSeq/results_updated/KaiB/run1/m_fold_sampling_voting_5jyt/01_m_fold_sampling/round_1/01_sampling/sampling_24/group_41_unrelaxed_rank_001_alphafold2_ptm_model_1_seed_042.pdb,64.16593406593407,0.61876,11,1
/fs/ess/PAA0203/xing244/AF_ClaSeq/results_updated/KaiB/run1/m_fold_sampling_voting_5jyt/01_m_fold_sampling/round_1/01_sampling/sampling_24/group_31_unrelaxed_rank_001_alphafold2_ptm_model_1_seed_042.pdb,87.3321978021978,0.79133,11,1
/fs/ess/PAA0203/xing244/AF_ClaSeq/results_updated/KaiB/run1/m_fold_sampling_voting_5jyt/01_m_fold_sampling/round_1/01_sampling/sampling_24/group_46_unrelaxed_rank_001_alphafold2_ptm_model_1_seed_042.pdb,78.81846153846155,0.7559,11,1
/fs/ess/PAA0203/xing244/AF_ClaSeq/results_updated/KaiB/run1/m_fold_sampling_voting_5jyt/01_m_fold_sampling/round_1/01_sampling/sampling_24/group_17_unrelaxed_rank_001_alphafold2_ptm_model_1_seed_042.pdb,85.17439560439558,0.79675,11,1
/fs/ess/PAA0203/xing244/AF_ClaSeq/results_updated/KaiB/run1/m_fold_sampling_voting_5jyt/01_m_fold_sampling/round_1/01_sampling/sampling_24/group_14_unrelaxed_rank_001_alphafold2_ptm_model_1_seed_042.pdb,86.99593406593405,0.82094,11,1
/fs/ess/PAA0203/xing244/AF_ClaSeq/results_updated/KaiB/run1/m_fold_sampling_voting_5jyt/01_m_fold_sampling/round_1/01_sampling/sampling_24/group_4_unrelaxed_rank_001_alphafold2_ptm_model_1_seed_042.pdb,86.56725274725274,0.79434,11,1
/fs/ess/PAA0203/xing244/AF_ClaSeq/results_updated/KaiB/run1/m_fold_sampling_voting_5jyt/01_m_fold_sampling/round_1/01_sampling/sampling_24/group_12_unrelaxed_rank_001_alphafold2_ptm_model_1_seed_042.pdb,65.78978021978021,0.76263,11,1
/fs/ess/PAA0203/xing244/AF_ClaSeq/results_updated/KaiB/run1/m_fold_sampling_voting_5jyt/01_m_fold_sampling/round_1/01_sampling/sampling_24/group_38_unrelaxed_rank_001_alphafold2_ptm_model_1_seed_042.pdb,78.3789010989011,0.7627,11,1
/fs/ess/PAA0203/xing244/AF_ClaSeq/results_updated/KaiB/run1/m_fold_sampling_voting_5jyt/01_m_fold_sampling/round_1/01_sampling/sampling_24/group_15_unrelaxed_rank_001_alphafold2_ptm_model_1_seed_042.pdb,83.74967032967034,0.79832,11,1
/fs/ess/PAA0203/xing244/AF_ClaSeq/results_updated/KaiB/run1/m_fold_sampling_voting_5jyt/01_m_fold_sampling/round_1/01_sampling/sampling_24/group_23_unrelaxed_rank_001_alphafold2_ptm_model_1_seed_042.pdb,88.22923076923077,0.80048,11,1
/fs/ess/PAA0203/xing244/AF_ClaSeq/results_updated/KaiB/run1/m_fold_sampling_voting_5jyt/01_m_fold_sampling/round_1/01_sampling/sampling_24/group_5_unrelaxed_rank_001_alphafold2_ptm_model_1_seed_042.pdb,81.68120879120879,0.77164,11,1
/fs/ess/PAA0203/xing244/AF_ClaSeq/results_updated/KaiB/run1/m_fold_sampling_voting_5jyt/01_m_fold_sampling/round_1/01_sampling/sampling_24/group_33_unrelaxed_rank_001_alphafold2_ptm_model_1_seed_042.pdb,71.24362637362637,0.73138,11,1
/fs/ess/PAA0203/xing244/AF_ClaSeq/results_updated/KaiB/run1/m_fold_sampling_voting_5jyt/01_m_fold_sampling/round_1/01_sampling/sampling_24/group_27_unrelaxed_rank_001_alphafold2_ptm_model_1_seed_042.pdb,84.62318681318682,0.75777,11,1
/fs/ess/PAA0203/xing244/AF_ClaSeq/results_updated/KaiB/run1/m_fold_sampling_voting_5jyt/01_m_fold_sampling/round_1/01_sampling/sampling_24/group_42_unrelaxed_rank_001_alphafold2_ptm_model_1_seed_042.pdb,87.68032967032967,0.80534,11,1
/fs/ess/PAA0203/xing244/AF_ClaSeq/results_updated/KaiB/run1/m_fold_sampling_voting_5jyt/01_m_fold_sampling/round_1/01_sampling/sampling_24/group_10_unrelaxed_rank_001_alphafold2_ptm_model_1_seed_042.pdb,59.26747252747253,0.59866,11,1
/fs/ess/PAA0203/xing244/AF_ClaSeq/results_updated/KaiB/run1/m_fold_sampling_voting_5jyt/01_m_fold_sampling/round_1/01_sampling/sampling_24/group_37_unrelaxed_rank_001_alphafold2_ptm_model_1_seed_042.pdb,85.51945054945054,0.81007,11,1
/fs/ess/PAA0203/xing244/AF_ClaSeq/results_updated/KaiB/run1/m_fold_sampling_voting_5jyt/01_m_fold_sampling/round_1/01_sampling/sampling_24/group_29_unrelaxed_rank_001_alphafold2_ptm_model_1_seed_042.pdb,88.7510989010989,0.78056,11,1
/fs/ess/PAA0203/xing244/AF_ClaSeq/results_updated/KaiB/run1/m_fold_sampling_voting_5jyt/01_m_fold_sampling/round_1/01_sampling/sampling_24/group_18_unrelaxed_rank_001_alphafold2_ptm_model_1_seed_042.pdb,86.77747252747253,0.81014,11,1
/fs/ess/PAA0203/xing244/AF_ClaSeq/results_updated/KaiB/run1/m_fold_sampling_voting_5jyt/01_m_fold_sampling/round_1/01_sampling/sampling_24/group_43_unrelaxed_rank_001_alphafold2_ptm_model_1_seed_042.pdb,73.37956043956044,0.73471,11,1
/fs/ess/PAA0203/xing244/AF_ClaSeq/results_updated/KaiB/run1/m_fold_sampling_voting_5jyt/01_m_fold_sampling/round_1/01_sampling/sampling_24/group_25_unrelaxed_rank_001_alphafold2_ptm_model_1_seed_042.pdb,79.8631868131868,0.7373,11,1
/fs/ess/PAA0203/xing244/AF_ClaSeq/results_updated/KaiB/run1/m_fold_sampling_voting_5jyt/01_m_fold_sampling/round_1/01_sampling/sampling_24/group_3_unrelaxed_rank_001_alphafold2_ptm_model_1_seed_042.pdb,87.47692307692307,0.80046,11,1
/fs/ess/PAA0203/xing244/AF_ClaSeq/results_updated/KaiB/run1/m_fold_sampling_voting_5jyt/01_m_fold_sampling/round_1/01_sampling/sampling_24/group_34_unrelaxed_rank_001_alphafold2_ptm_model_1_seed_042.pdb,65.37043956043956,0.60051,11,1
/fs/ess/PAA0203/xing244/AF_ClaSeq/results_updated/KaiB/run1/m_fold_sampling_voting_5jyt/01_m_fold_sampling/round_1/01_sampling/sampling_24/group_9_unrelaxed_rank_001_alphafold2_ptm_model_1_seed_042.pdb,66.70714285714287,0.63964,11,1
/fs/ess/PAA0203/xing244/AF_ClaSeq/results_updated/KaiB/run1/m_fold_sampling_voting_5jyt/01_m_fold_sampling/round_1/01_sampling/sampling_24/group_47_unrelaxed_rank_001_alphafold2_ptm_model_1_seed_042.pdb,85.95032967032968,0.79001,11,1
/fs/ess/PAA0203/xing244/AF_ClaSeq/results_updated/KaiB/run1/m_fold_sampling_voting_5jyt/01_m_fold_sampling/round_1/01_sampling/sampling_24/group_35_unrelaxed_rank_001_alphafold2_ptm_model_1_seed_042.pdb,86.21351648351649,0.8029,11,1
/fs/ess/PAA0203/xing244/AF_ClaSeq/results_updated/KaiB/run1/m_fold_sampling_voting_5jyt/01_m_fold_sampling/round_1/01_sampling/sampling_24/group_24_unrelaxed_rank_001_alphafold2_ptm_model_1_seed_042.pdb,73.28736263736263,0.7724,11,1
/fs/ess/PAA0203/xing244/AF_ClaSeq/results_updated/KaiB/run1/m_fold_sampling_voting_5jyt/01_m_fold_sampling/round_1/01_sampling/sampling_24/group_40_unrelaxed_rank_001_alphafold2_ptm_model_1_seed_042.pdb,86.72450549450548,0.80505,11,1
/fs/ess/PAA0203/xing244/AF_ClaSeq/results_updated/KaiB/run1/m_fold_sampling_voting_5jyt/01_m_fold_sampling/round_1/01_sampling/sampling_24/group_1_unrelaxed_rank_001_alphafold2_ptm_model_1_seed_042.pdb,89.14186813186814,0.77554,11,1
/fs/ess/PAA0203/xing244/AF_ClaSeq/results_updated/KaiB/run1/m_fold_sampling_voting_5jyt/01_m_fold_sampling/round_1/01_sampling/sampling_24/group_30_unrelaxed_rank_001_alphafold2_ptm_model_1_seed_042.pdb,87.10846153846154,0.7804,11,1
/fs/ess/PAA0203/xing244/AF_ClaSeq/results_updated/KaiB/run1/m_fold_sampling_voting_5jyt/01_m_fold_sampling/round_1/01_sampling/sampling_24/group_26_unrelaxed_rank_001_alphafold2_ptm_model_1_seed_042.pdb,63.19967032967033,0.73223,11,1
/fs/ess/PAA0203/xing244/AF_ClaSeq/results_updated/KaiB/run1/m_fold_sampling_voting_5jyt/01_m_fold_sampling/round_1/01_sampling/sampling_24/group_39_unrelaxed_rank_001_alphafold2_ptm_model_1_seed_042.pdb,85.35406593406593,0.77032,11,1
/fs/ess/PAA0203/xing244/AF_ClaSeq/results_updated/KaiB/run1/m_fold_sampling_voting_5jyt/01_m_fold_sampling/round_1/01_sampling/sampling_24/group_11_unrelaxed_rank_001_alphafold2_ptm_model_1_seed_042.pdb,80.9264835164835,0.78068,11,1
/fs/ess/PAA0203/xing244/AF_ClaSeq/results_updated/KaiB/run1/m_fold_sampling_voting_5jyt/01_m_fold_sampling/round_1/01_sampling/sampling_24/group_49_unrelaxed_rank_001_alphafold2_ptm_model_1_seed_042.pdb,86.01373626373625,0.79887,12,1
/fs/ess/PAA0203/xing244/AF_ClaSeq/results_updated/KaiB/run1/m_fold_sampling_voting_5jyt/01_m_fold_sampling/round_1/01_sampling/sampling_24/group_45_unrelaxed_rank_001_alphafold2_ptm_model_1_seed_042.pdb,82.01505494505496,0.76876,11,1
/fs/ess/PAA0203/xing244/AF_ClaSeq/results_updated/KaiB/run1/m_fold_sampling_voting_5jyt/01_m_fold_sampling/round_1/01_sampling/sampling_24/group_2_unrelaxed_rank_001_alphafold2_ptm_model_1_seed_042.pdb,78.77978021978022,0.76385,11,1
/fs/ess/PAA0203/xing244/AF_ClaSeq/results_updated/KaiB/run1/m_fold_sampling_voting_5jyt/01_m_fold_sampling/round_1/01_sampling/sampling_24/group_36_unrelaxed_rank_001_alphafold2_ptm_model_1_seed_042.pdb,80.57384615384616,0.76742,11,1
/fs/ess/PAA0203/xing244/AF_ClaSeq/results_updated/KaiB/run1/m_fold_sampling_voting_5jyt/01_m_fold_sampling/round_1/01_sampling/sampling_11/group_20_unrelaxed_rank_001_alphafold2_ptm_model_1_seed_042.pdb,83.25384615384615,0.75232,11,1
/fs/ess/PAA0203/xing244/AF_ClaSeq/results_updated/KaiB/run1/m_fold_sampling_voting_5jyt/01_m_fold_sampling/round_1/01_sampling/sampling_11/group_44_unrelaxed_rank_001_alphafold2_ptm_model_1_seed_042.pdb,81.19241758241758,0.80047,11,1
/fs/ess/PAA0203/xing244/AF_ClaSeq/results_updated/KaiB/run1/m_fold_sampling_voting_5jyt/01_m_fold_sampling/round_1/01_sampling/sampling_11/group_16_unrelaxed_rank_001_alphafold2_ptm_model_1_seed_042.pdb,88.69725274725275,0.80702,11,1
/fs/ess/PAA0203/xing244/AF_ClaSeq/results_updated/KaiB/run1/m_fold_sampling_voting_5jyt/01_m_fold_sampling/round_1/01_sampling/sampling_11/group_8_unrelaxed_rank_001_alphafold2_ptm_model_1_seed_042.pdb,86.39835164835164,0.80258,11,1
/fs/ess/PAA0203/xing244/AF_ClaSeq/results_updated/KaiB/run1/m_fold_sampling_voting_5jyt/01_m_fold_sampling/round_1/01_sampling/sampling_11/group_48_unrelaxed_rank_001_alphafold2_ptm_model_1_seed_042.pdb,79.13307692307691,0.76548,11,1
/fs/ess/PAA0203/xing244/AF_ClaSeq/results_updated/KaiB/run1/m_fold_sampling_voting_5jyt/01_m_fold_sampling/round_1/01_sampling/sampling_11/group_6_unrelaxed_rank_001_alphafold2_ptm_model_1_seed_042.pdb,82.18472527472528,0.76532,11,1
/fs/ess/PAA0203/xing244/AF_ClaSeq/results_updated/KaiB/run1/m_fold_sampling_voting_5jyt/01_m_fold_sampling/round_1/01_sampling/sampling_11/group_19_unrelaxed_rank_001_alphafold2_ptm_model_1_seed_042.pdb,84.17175824175824,0.77811,11,1
/fs/ess/PAA0203/xing244/AF_ClaSeq/results_updated/KaiB/run1/m_fold_sampling_voting_5jyt/01_m_fold_sampling/round_1/01_sampling/sampling_11/group_13_unrelaxed_rank_001_alphafold2_ptm_model_1_seed_042.pdb,85.08648351648353,0.78297,11,1
/fs/ess/PAA0203/xing244/AF_ClaSeq/results_updated/KaiB/run1/m_fold_sampling_voting_5jyt/01_m_fold_sampling/round_1/01_sampling/sampling_11/group_28_unrelaxed_rank_001_alphafold2_ptm_model_1_seed_042.pdb,81.0186813186813,0.7623,11,1
/fs/ess/PAA0203/xing244/AF_ClaSeq/results_updated/KaiB/run1/m_fold_sampling_voting_5jyt/01_m_fold_sampling/round_1/01_sampling/sampling_11/group_32_unrelaxed_rank_001_alphafold2_ptm_model_1_seed_042.pdb,83.42879120879121,0.80224,11,1
/fs/ess/PAA0203/xing244/AF_ClaSeq/results_updated/KaiB/run1/m_fold_sampling_voting_5jyt/01_m_fold_sampling/round_1/01_sampling/sampling_11/group_22_unrelaxed_rank_001_alphafold2_ptm_model_1_seed_042.pdb,88.09736263736265,0.79857,11,1
/fs/ess/PAA0203/xing244/AF_ClaSeq/results_updated/KaiB/run1/m_fold_sampling_voting_5jyt/01_m_fold_sampling/round_1/01_sampling/sampling_11/group_7_unrelaxed_rank_001_alphafold2_ptm_model_1_seed_042.pdb,88.47153846153846,0.81693,11,1
/fs/ess/PAA0203/xing244/AF_ClaSeq/results_updated/KaiB/run1/m_fold_sampling_voting_5jyt/01_m_fold_sampling/round_1/01_sampling/sampling_11/group_21_unrelaxed_rank_001_alphafold2_ptm_model_1_seed_042.pdb,81.7898901098901,0.76747,11,1
/fs/ess/PAA0203/xing244/AF_ClaSeq/results_updated/KaiB/run1/m_fold_sampling_voting_5jyt/01_m_fold_sampling/round_1/01_sampling/sampling_11/group_41_unrelaxed_rank_001_alphafold2_ptm_model_1_seed_042.pdb,85.33307692307692,0.76987,11,1
/fs/ess/PAA0203/xing244/AF_ClaSeq/results_updated/KaiB/run1/m_fold_sampling_voting_5jyt/01_m_fold_sampling/round_1/01_sampling/sampling_11/group_31_unrelaxed_rank_001_alphafold2_ptm_model_1_seed_042.pdb,82.68747252747254,0.75697,11,1
/fs/ess/PAA0203/xing244/AF_ClaSeq/results_updated/KaiB/run1/m_fold_sampling_voting_5jyt/01_m_fold_sampling/round_1/01_sampling/sampling_11/group_46_unrelaxed_rank_001_alphafold2_ptm_model_1_seed_042.pdb,85.7767032967033,0.81648,11,1
/fs/ess/PAA0203/xing244/AF_ClaSeq/results_updated/KaiB/run1/m_fold_sampling_voting_5jyt/01_m_fold_sampling/round_1/01_sampling/sampling_11/group_17_unrelaxed_rank_001_alphafold2_ptm_model_1_seed_042.pdb,85.93219780219779,0.77928,11,1
/fs/ess/PAA0203/xing244/AF_ClaSeq/results_updated/KaiB/run1/m_fold_sampling_voting_5jyt/01_m_fold_sampling/round_1/01_sampling/sampling_11/group_14_unrelaxed_rank_001_alphafold2_ptm_model_1_seed_042.pdb,80.93604395604395,0.74517,11,1
/fs/ess/PAA0203/xing244/AF_ClaSeq/results_updated/KaiB/run1/m_fold_sampling_voting_5jyt/01_m_fold_sampling/round_1/01_sampling/sampling_11/group_4_unrelaxed_rank_001_alphafold2_ptm_model_1_seed_042.pdb,89.84637362637362,0.80099,11,1
/fs/ess/PAA0203/xing244/AF_ClaSeq/results_updated/KaiB/run1/m_fold_sampling_voting_5jyt/01_m_fold_sampling/round_1/01_sampling/sampling_11/group_12_unrelaxed_rank_001_alphafold2_ptm_model_1_seed_042.pdb,86.45296703296702,0.78873,11,1
/fs/ess/PAA0203/xing244/AF_ClaSeq/results_updated/KaiB/run1/m_fold_sampling_voting_5jyt/01_m_fold_sampling/round_1/01_sampling/sampling_11/group_38_unrelaxed_rank_001_alphafold2_ptm_model_1_seed_042.pdb,82.65197802197802,0.77231,11,1
/fs/ess/PAA0203/xing244/AF_ClaSeq/results_updated/KaiB/run1/m_fold_sampling_voting_5jyt/01_m_fold_sampling/round_1/01_sampling/sampling_11/group_15_unrelaxed_rank_001_alphafold2_ptm_model_1_seed_042.pdb,86.45813186813186,0.7951,11,1
/fs/ess/PAA0203/xing244/AF_ClaSeq/results_updated/KaiB/run1/m_fold_sampling_voting_5jyt/01_m_fold_sampling/round_1/01_sampling/sampling_11/group_23_unrelaxed_rank_001_alphafold2_ptm_model_1_seed_042.pdb,65.4110989010989,0.67447,11,1
/fs/ess/PAA0203/xing244/AF_ClaSeq/results_updated/KaiB/run1/m_fold_sampling_voting_5jyt/01_m_fold_sampling/round_1/01_sampling/sampling_11/group_5_unrelaxed_rank_001_alphafold2_ptm_model_1_seed_042.pdb,79.90373626373625,0.75714,11,1
/fs/ess/PAA0203/xing244/AF_ClaSeq/results_updated/KaiB/run1/m_fold_sampling_voting_5jyt/01_m_fold_sampling/round_1/01_sampling/sampling_11/group_33_unrelaxed_rank_001_alphafold2_ptm_model_1_seed_042.pdb,82.590989010989,0.77109,11,1
/fs/ess/PAA0203/xing244/AF_ClaSeq/results_updated/KaiB/run1/m_fold_sampling_voting_5jyt/01_m_fold_sampling/round_1/01_sampling/sampling_11/group_27_unrelaxed_rank_001_alphafold2_ptm_model_1_seed_042.pdb,86.20813186813186,0.79244,11,1
/fs/ess/PAA0203/xing244/AF_ClaSeq/results_updated/KaiB/run1/m_fold_sampling_voting_5jyt/01_m_fold_sampling/round_1/01_sampling/sampling_11/group_42_unrelaxed_rank_001_alphafold2_ptm_model_1_seed_042.pdb,62.58571428571429,0.68201,11,1
/fs/ess/PAA0203/xing244/AF_ClaSeq/results_updated/KaiB/run1/m_fold_sampling_voting_5jyt/01_m_fold_sampling/round_1/01_sampling/sampling_11/group_10_unrelaxed_rank_001_alphafold2_ptm_model_1_seed_042.pdb,87.90538461538462,0.79355,11,1
/fs/ess/PAA0203/xing244/AF_ClaSeq/results_updated/KaiB/run1/m_fold_sampling_voting_5jyt/01_m_fold_sampling/round_1/01_sampling/sampling_11/group_37_unrelaxed_rank_001_alphafold2_ptm_model_1_seed_042.pdb,80.86241758241758,0.76745,11,1
/fs/ess/PAA0203/xing244/AF_ClaSeq/results_updated/KaiB/run1/m_fold_sampling_voting_5jyt/01_m_fold_sampling/round_1/01_sampling/sampling_11/group_29_unrelaxed_rank_001_alphafold2_ptm_model_1_seed_042.pdb,63.30912087912088,0.7467,11,1
/fs/ess/PAA0203/xing244/AF_ClaSeq/results_updated/KaiB/run1/m_fold_sampling_voting_5jyt/01_m_fold_sampling/round_1/01_sampling/sampling_11/group_18_unrelaxed_rank_001_alphafold2_ptm_model_1_seed_042.pdb,82.20054945054945,0.77408,11,1
/fs/ess/PAA0203/xing244/AF_ClaSeq/results_updated/KaiB/run1/m_fold_sampling_voting_5jyt/01_m_fold_sampling/round_1/01_sampling/sampling_11/group_43_unrelaxed_rank_001_alphafold2_ptm_model_1_seed_042.pdb,86.09692307692308,0.76802,11,1
/fs/ess/PAA0203/xing244/AF_ClaSeq/results_updated/KaiB/run1/m_fold_sampling_voting_5jyt/01_m_fold_sampling/round_1/01_sampling/sampling_11/group_25_unrelaxed_rank_001_alphafold2_ptm_model_1_seed_042.pdb,83.42868131868133,0.77493,11,1
/fs/ess/PAA0203/xing244/AF_ClaSeq/results_updated/KaiB/run1/m_fold_sampling_voting_5jyt/01_m_fold_sampling/round_1/01_sampling/sampling_11/group_3_unrelaxed_rank_001_alphafold2_ptm_model_1_seed_042.pdb,85.86593406593407,0.79806,11,1
/fs/ess/PAA0203/xing244/AF_ClaSeq/results_updated/KaiB/run1/m_fold_sampling_voting_5jyt/01_m_fold_sampling/round_1/01_sampling/sampling_11/group_34_unrelaxed_rank_001_alphafold2_ptm_model_1_seed_042.pdb,89.62846153846155,0.81433,11,1
/fs/ess/PAA0203/xing244/AF_ClaSeq/results_updated/KaiB/run1/m_fold_sampling_voting_5jyt/01_m_fold_sampling/round_1/01_sampling/sampling_11/group_9_unrelaxed_rank_001_alphafold2_ptm_model_1_seed_042.pdb,83.33505494505494,0.77192,11,1
/fs/ess/PAA0203/xing244/AF_ClaSeq/results_updated/KaiB/run1/m_fold_sampling_voting_5jyt/01_m_fold_sampling/round_1/01_sampling/sampling_11/group_47_unrelaxed_rank_001_alphafold2_ptm_model_1_seed_042.pdb,85.47219780219781,0.7983,11,1
/fs/ess/PAA0203/xing244/AF_ClaSeq/results_updated/KaiB/run1/m_fold_sampling_voting_5jyt/01_m_fold_sampling/round_1/01_sampling/sampling_11/group_35_unrelaxed_rank_001_alphafold2_ptm_model_1_seed_042.pdb,76.49758241758241,0.77995,11,1
/fs/ess/PAA0203/xing244/AF_ClaSeq/results_updated/KaiB/run1/m_fold_sampling_voting_5jyt/01_m_fold_sampling/round_1/01_sampling/sampling_11/group_24_unrelaxed_rank_001_alphafold2_ptm_model_1_seed_042.pdb,84.94065934065935,0.78301,11,1
/fs/ess/PAA0203/xing244/AF_ClaSeq/results_updated/KaiB/run1/m_fold_sampling_voting_5jyt/01_m_fold_sampling/round_1/01_sampling/sampling_11/group_40_unrelaxed_rank_001_alphafold2_ptm_model_1_seed_042.pdb,81.96527472527472,0.80116,11,1
/fs/ess/PAA0203/xing244/AF_ClaSeq/results_updated/KaiB/run1/m_fold_sampling_voting_5jyt/01_m_fold_sampling/round_1/01_sampling/sampling_11/group_1_unrelaxed_rank_001_alphafold2_ptm_model_1_seed_042.pdb,76.74989010989012,0.75458,11,1
/fs/ess/PAA0203/xing244/AF_ClaSeq/results_updated/KaiB/run1/m_fold_sampling_voting_5jyt/01_m_fold_sampling/round_1/01_sampling/sampling_11/group_30_unrelaxed_rank_001_alphafold2_ptm_model_1_seed_042.pdb,87.63868131868131,0.7974,11,1
/fs/ess/PAA0203/xing244/AF_ClaSeq/results_updated/KaiB/run1/m_fold_sampling_voting_5jyt/01_m_fold_sampling/round_1/01_sampling/sampling_11/group_26_unrelaxed_rank_001_alphafold2_ptm_model_1_seed_042.pdb,86.4887912087912,0.80964,11,1
/fs/ess/PAA0203/xing244/AF_ClaSeq/results_updated/KaiB/run1/m_fold_sampling_voting_5jyt/01_m_fold_sampling/round_1/01_sampling/sampling_11/group_39_unrelaxed_rank_001_alphafold2_ptm_model_1_seed_042.pdb,72.88186813186815,0.76264,11,1
/fs/ess/PAA0203/xing244/AF_ClaSeq/results_updated/KaiB/run1/m_fold_sampling_voting_5jyt/01_m_fold_sampling/round_1/01_sampling/sampling_11/group_11_unrelaxed_rank_001_alphafold2_ptm_model_1_seed_042.pdb,85.81472527472526,0.7801,11,1
/fs/ess/PAA0203/xing244/AF_ClaSeq/results_updated/KaiB/run1/m_fold_sampling_voting_5jyt/01_m_fold_sampling/round_1/01_sampling/sampling_11/group_49_unrelaxed_rank_001_alphafold2_ptm_model_1_seed_042.pdb,87.30087912087913,0.80248,12,1
/fs/ess/PAA0203/xing244/AF_ClaSeq/results_updated/KaiB/run1/m_fold_sampling_voting_5jyt/01_m_fold_sampling/round_1/01_sampling/sampling_11/group_45_unrelaxed_rank_001_alphafold2_ptm_model_1_seed_042.pdb,56.25043956043956,0.57818,11,1
/fs/ess/PAA0203/xing244/AF_ClaSeq/results_updated/KaiB/run1/m_fold_sampling_voting_5jyt/01_m_fold_sampling/round_1/01_sampling/sampling_11/group_2_unrelaxed_rank_001_alphafold2_ptm_model_1_seed_042.pdb,80.76923076923076,0.75881,11,1
/fs/ess/PAA0203/xing244/AF_ClaSeq/results_updated/KaiB/run1/m_fold_sampling_voting_5jyt/01_m_fold_sampling/round_1/01_sampling/sampling_11/group_36_unrelaxed_rank_001_alphafold2_ptm_model_1_seed_042.pdb,89.00373626373627,0.80481,11,1
/fs/ess/PAA0203/xing244/AF_ClaSeq/results_updated/KaiB/run1/m_fold_sampling_voting_5jyt/01_m_fold_sampling/round_1/01_sampling/sampling_45/group_20_unrelaxed_rank_001_alphafold2_ptm_model_1_seed_042.pdb,86.0056043956044,0.78938,11,1
/fs/ess/PAA0203/xing244/AF_ClaSeq/results_updated/KaiB/run1/m_fold_sampling_voting_5jyt/01_m_fold_sampling/round_1/01_sampling/sampling_45/group_44_unrelaxed_rank_001_alphafold2_ptm_model_1_seed_042.pdb,86.73483516483518,0.81051,11,1
/fs/ess/PAA0203/xing244/AF_ClaSeq/results_updated/KaiB/run1/m_fold_sampling_voting_5jyt/01_m_fold_sampling/round_1/01_sampling/sampling_45/group_16_unrelaxed_rank_001_alphafold2_ptm_model_1_seed_042.pdb,86.99098901098901,0.79609,11,1
/fs/ess/PAA0203/xing244/AF_ClaSeq/results_updated/KaiB/run1/m_fold_sampling_voting_5jyt/01_m_fold_sampling/round_1/01_sampling/sampling_45/group_8_unrelaxed_rank_001_alphafold2_ptm_model_1_seed_042.pdb,83.38527472527471,0.75346,11,1
/fs/ess/PAA0203/xing244/AF_ClaSeq/results_updated/KaiB/run1/m_fold_sampling_voting_5jyt/01_m_fold_sampling/round_1/01_sampling/sampling_45/group_48_unrelaxed_rank_001_alphafold2_ptm_model_1_seed_042.pdb,78.51076923076923,0.75692,11,1
/fs/ess/PAA0203/xing244/AF_ClaSeq/results_updated/KaiB/run1/m_fold_sampling_voting_5jyt/01_m_fold_sampling/round_1/01_sampling/sampling_45/group_6_unrelaxed_rank_001_alphafold2_ptm_model_1_seed_042.pdb,79.31373626373626,0.75885,11,1
/fs/ess/PAA0203/xing244/AF_ClaSeq/results_updated/KaiB/run1/m_fold_sampling_voting_5jyt/01_m_fold_sampling/round_1/01_sampling/sampling_45/group_19_unrelaxed_rank_001_alphafold2_ptm_model_1_seed_042.pdb,86.6587912087912,0.76836,11,1
/fs/ess/PAA0203/xing244/AF_ClaSeq/results_updated/KaiB/run1/m_fold_sampling_voting_5jyt/01_m_fold_sampling/round_1/01_sampling/sampling_45/group_13_unrelaxed_rank_001_alphafold2_ptm_model_1_seed_042.pdb,88.38736263736264,0.80058,11,1
/fs/ess/PAA0203/xing244/AF_ClaSeq/results_updated/KaiB/run1/m_fold_sampling_voting_5jyt/01_m_fold_sampling/round_1/01_sampling/sampling_45/group_28_unrelaxed_rank_001_alphafold2_ptm_model_1_seed_042.pdb,87.3132967032967,0.81599,11,1
/fs/ess/PAA0203/xing244/AF_ClaSeq/results_updated/KaiB/run1/m_fold_sampling_voting_5jyt/01_m_fold_sampling/round_1/01_sampling/sampling_45/group_32_unrelaxed_rank_001_alphafold2_ptm_model_1_seed_042.pdb,84.56648351648352,0.81723,11,1
/fs/ess/PAA0203/xing244/AF_ClaSeq/results_updated/KaiB/run1/m_fold_sampling_voting_5jyt/01_m_fold_sampling/round_1/01_sampling/sampling_45/group_22_unrelaxed_rank_001_alphafold2_ptm_model_1_seed_042.pdb,86.86219780219781,0.79882,11,1
/fs/ess/PAA0203/xing244/AF_ClaSeq/results_updated/KaiB/run1/m_fold_sampling_voting_5jyt/01_m_fold_sampling/round_1/01_sampling/sampling_45/group_7_unrelaxed_rank_001_alphafold2_ptm_model_1_seed_042.pdb,86.6810989010989,0.80263,11,1
/fs/ess/PAA0203/xing244/AF_ClaSeq/results_updated/KaiB/run1/m_fold_sampling_voting_5jyt/01_m_fold_sampling/round_1/01_sampling/sampling_45/group_21_unrelaxed_rank_001_alphafold2_ptm_model_1_seed_042.pdb,83.67329670329671,0.79988,11,1
/fs/ess/PAA0203/xing244/AF_ClaSeq/results_updated/KaiB/run1/m_fold_sampling_voting_5jyt/01_m_fold_sampling/round_1/01_sampling/sampling_45/group_41_unrelaxed_rank_001_alphafold2_ptm_model_1_seed_042.pdb,85.71153846153847,0.78943,11,1
/fs/ess/PAA0203/xing244/AF_ClaSeq/results_updated/KaiB/run1/m_fold_sampling_voting_5jyt/01_m_fold_sampling/round_1/01_sampling/sampling_45/group_31_unrelaxed_rank_001_alphafold2_ptm_model_1_seed_042.pdb,84.14714285714284,0.76081,11,1
/fs/ess/PAA0203/xing244/AF_ClaSeq/results_updated/KaiB/run1/m_fold_sampling_voting_5jyt/01_m_fold_sampling/round_1/01_sampling/sampling_45/group_46_unrelaxed_rank_001_alphafold2_ptm_model_1_seed_042.pdb,78.99362637362637,0.74782,11,1
/fs/ess/PAA0203/xing244/AF_ClaSeq/results_updated/KaiB/run1/m_fold_sampling_voting_5jyt/01_m_fold_sampling/round_1/01_sampling/sampling_45/group_17_unrelaxed_rank_001_alphafold2_ptm_model_1_seed_042.pdb,59.65021978021979,0.68363,11,1
/fs/ess/PAA0203/xing244/AF_ClaSeq/results_updated/KaiB/run1/m_fold_sampling_voting_5jyt/01_m_fold_sampling/round_1/01_sampling/sampling_45/group_14_unrelaxed_rank_001_alphafold2_ptm_model_1_seed_042.pdb,79.46736263736264,0.76834,11,1
/fs/ess/PAA0203/xing244/AF_ClaSeq/results_updated/KaiB/run1/m_fold_sampling_voting_5jyt/01_m_fold_sampling/round_1/01_sampling/sampling_45/group_4_unrelaxed_rank_001_alphafold2_ptm_model_1_seed_042.pdb,90.30362637362636,0.8168,11,1
/fs/ess/PAA0203/xing244/AF_ClaSeq/results_updated/KaiB/run1/m_fold_sampling_voting_5jyt/01_m_fold_sampling/round_1/01_sampling/sampling_45/group_12_unrelaxed_rank_001_alphafold2_ptm_model_1_seed_042.pdb,81.23923076923077,0.77793,11,1
/fs/ess/PAA0203/xing244/AF_ClaSeq/results_updated/KaiB/run1/m_fold_sampling_voting_5jyt/01_m_fold_sampling/round_1/01_sampling/sampling_45/group_38_unrelaxed_rank_001_alphafold2_ptm_model_1_seed_042.pdb,84.76406593406594,0.78086,11,1
/fs/ess/PAA0203/xing244/AF_ClaSeq/results_updated/KaiB/run1/m_fold_sampling_voting_5jyt/01_m_fold_sampling/round_1/01_sampling/sampling_45/group_15_unrelaxed_rank_001_alphafold2_ptm_model_1_seed_042.pdb,78.51450549450549,0.82334,11,1
/fs/ess/PAA0203/xing244/AF_ClaSeq/results_updated/KaiB/run1/m_fold_sampling_voting_5jyt/01_m_fold_sampling/round_1/01_sampling/sampling_45/group_23_unrelaxed_rank_001_alphafold2_ptm_model_1_seed_042.pdb,87.42186813186814,0.7999,11,1
/fs/ess/PAA0203/xing244/AF_ClaSeq/results_updated/KaiB/run1/m_fold_sampling_voting_5jyt/01_m_fold_sampling/round_1/01_sampling/sampling_45/group_5_unrelaxed_rank_001_alphafold2_ptm_model_1_seed_042.pdb,87.1612087912088,0.81061,11,1
/fs/ess/PAA0203/xing244/AF_ClaSeq/results_updated/KaiB/run1/m_fold_sampling_voting_5jyt/01_m_fold_sampling/round_1/01_sampling/sampling_45/group_33_unrelaxed_rank_001_alphafold2_ptm_model_1_seed_042.pdb,68.40604395604396,0.76516,11,1
/fs/ess/PAA0203/xing244/AF_ClaSeq/results_updated/KaiB/run1/m_fold_sampling_voting_5jyt/01_m_fold_sampling/round_1/01_sampling/sampling_45/group_27_unrelaxed_rank_001_alphafold2_ptm_model_1_seed_042.pdb,86.84593406593407,0.78307,11,1
/fs/ess/PAA0203/xing244/AF_ClaSeq/results_updated/KaiB/run1/m_fold_sampling_voting_5jyt/01_m_fold_sampling/round_1/01_sampling/sampling_45/group_42_unrelaxed_rank_001_alphafold2_ptm_model_1_seed_042.pdb,87.82593406593408,0.79512,11,1
/fs/ess/PAA0203/xing244/AF_ClaSeq/results_updated/KaiB/run1/m_fold_sampling_voting_5jyt/01_m_fold_sampling/round_1/01_sampling/sampling_45/group_10_unrelaxed_rank_001_alphafold2_ptm_model_1_seed_042.pdb,80.67373626373627,0.75627,11,1
/fs/ess/PAA0203/xing244/AF_ClaSeq/results_updated/KaiB/run1/m_fold_sampling_voting_5jyt/01_m_fold_sampling/round_1/01_sampling/sampling_45/group_37_unrelaxed_rank_001_alphafold2_ptm_model_1_seed_042.pdb,85.61901098901099,0.78231,11,1
/fs/ess/PAA0203/xing244/AF_ClaSeq/results_updated/KaiB/run1/m_fold_sampling_voting_5jyt/01_m_fold_sampling/round_1/01_sampling/sampling_45/group_29_unrelaxed_rank_001_alphafold2_ptm_model_1_seed_042.pdb,82.99153846153845,0.79781,11,1
/fs/ess/PAA0203/xing244/AF_ClaSeq/results_updated/KaiB/run1/m_fold_sampling_voting_5jyt/01_m_fold_sampling/round_1/01_sampling/sampling_45/group_18_unrelaxed_rank_001_alphafold2_ptm_model_1_seed_042.pdb,86.00912087912087,0.79794,11,1
/fs/ess/PAA0203/xing244/AF_ClaSeq/results_updated/KaiB/run1/m_fold_sampling_voting_5jyt/01_m_fold_sampling/round_1/01_sampling/sampling_45/group_43_unrelaxed_rank_001_alphafold2_ptm_model_1_seed_042.pdb,86.27076923076923,0.81345,11,1
/fs/ess/PAA0203/xing244/AF_ClaSeq/results_updated/KaiB/run1/m_fold_sampling_voting_5jyt/01_m_fold_sampling/round_1/01_sampling/sampling_45/group_25_unrelaxed_rank_001_alphafold2_ptm_model_1_seed_042.pdb,61.36120879120878,0.73947,11,1
/fs/ess/PAA0203/xing244/AF_ClaSeq/results_updated/KaiB/run1/m_fold_sampling_voting_5jyt/01_m_fold_sampling/round_1/01_sampling/sampling_45/group_3_unrelaxed_rank_001_alphafold2_ptm_model_1_seed_042.pdb,88.04912087912088,0.78571,11,1
/fs/ess/PAA0203/xing244/AF_ClaSeq/results_updated/KaiB/run1/m_fold_sampling_voting_5jyt/01_m_fold_sampling/round_1/01_sampling/sampling_45/group_34_unrelaxed_rank_001_alphafold2_ptm_model_1_seed_042.pdb,79.3043956043956,0.77514,11,1
/fs/ess/PAA0203/xing244/AF_ClaSeq/results_updated/KaiB/run1/m_fold_sampling_voting_5jyt/01_m_fold_sampling/round_1/01_sampling/sampling_45/group_9_unrelaxed_rank_001_alphafold2_ptm_model_1_seed_042.pdb,79.55472527472527,0.81169,11,1
/fs/ess/PAA0203/xing244/AF_ClaSeq/results_updated/KaiB/run1/m_fold_sampling_voting_5jyt/01_m_fold_sampling/round_1/01_sampling/sampling_45/group_47_unrelaxed_rank_001_alphafold2_ptm_model_1_seed_042.pdb,87.4231868131868,0.79557,11,1
/fs/ess/PAA0203/xing244/AF_ClaSeq/results_updated/KaiB/run1/m_fold_sampling_voting_5jyt/01_m_fold_sampling/round_1/01_sampling/sampling_45/group_35_unrelaxed_rank_001_alphafold2_ptm_model_1_seed_042.pdb,89.33021978021976,0.80506,11,1
/fs/ess/PAA0203/xing244/AF_ClaSeq/results_updated/KaiB/run1/m_fold_sampling_voting_5jyt/01_m_fold_sampling/round_1/01_sampling/sampling_45/group_24_unrelaxed_rank_001_alphafold2_ptm_model_1_seed_042.pdb,87.04802197802199,0.79749,11,1
/fs/ess/PAA0203/xing244/AF_ClaSeq/results_updated/KaiB/run1/m_fold_sampling_voting_5jyt/01_m_fold_sampling/round_1/01_sampling/sampling_45/group_40_unrelaxed_rank_001_alphafold2_ptm_model_1_seed_042.pdb,85.00351648351649,0.78479,11,1
/fs/ess/PAA0203/xing244/AF_ClaSeq/results_updated/KaiB/run1/m_fold_sampling_voting_5jyt/01_m_fold_sampling/round_1/01_sampling/sampling_45/group_1_unrelaxed_rank_001_alphafold2_ptm_model_1_seed_042.pdb,78.67999999999999,0.77439,11,1
/fs/ess/PAA0203/xing244/AF_ClaSeq/results_updated/KaiB/run1/m_fold_sampling_voting_5jyt/01_m_fold_sampling/round_1/01_sampling/sampling_45/group_30_unrelaxed_rank_001_alphafold2_ptm_model_1_seed_042.pdb,86.09593406593407,0.80078,11,1
/fs/ess/PAA0203/xing244/AF_ClaSeq/results_updated/KaiB/run1/m_fold_sampling_voting_5jyt/01_m_fold_sampling/round_1/01_sampling/sampling_45/group_26_unrelaxed_rank_001_alphafold2_ptm_model_1_seed_042.pdb,84.96384615384615,0.76475,11,1
/fs/ess/PAA0203/xing244/AF_ClaSeq/results_updated/KaiB/run1/m_fold_sampling_voting_5jyt/01_m_fold_sampling/round_1/01_sampling/sampling_45/group_39_unrelaxed_rank_001_alphafold2_ptm_model_1_seed_042.pdb,85.04032967032967,0.74503,11,1
/fs/ess/PAA0203/xing244/AF_ClaSeq/results_updated/KaiB/run1/m_fold_sampling_voting_5jyt/01_m_fold_sampling/round_1/01_sampling/sampling_45/group_11_unrelaxed_rank_001_alphafold2_ptm_model_1_seed_042.pdb,79.24461538461537,0.76717,11,1
/fs/ess/PAA0203/xing244/AF_ClaSeq/results_updated/KaiB/run1/m_fold_sampling_voting_5jyt/01_m_fold_sampling/round_1/01_sampling/sampling_45/group_49_unrelaxed_rank_001_alphafold2_ptm_model_1_seed_042.pdb,89.11637362637362,0.80397,12,1
/fs/ess/PAA0203/xing244/AF_ClaSeq/results_updated/KaiB/run1/m_fold_sampling_voting_5jyt/01_m_fold_sampling/round_1/01_sampling/sampling_45/group_45_unrelaxed_rank_001_alphafold2_ptm_model_1_seed_042.pdb,86.83142857142857,0.78834,11,1
/fs/ess/PAA0203/xing244/AF_ClaSeq/results_updated/KaiB/run1/m_fold_sampling_voting_5jyt/01_m_fold_sampling/round_1/01_sampling/sampling_45/group_2_unrelaxed_rank_001_alphafold2_ptm_model_1_seed_042.pdb,82.8735164835165,0.75764,11,1
/fs/ess/PAA0203/xing244/AF_ClaSeq/results_updated/KaiB/run1/m_fold_sampling_voting_5jyt/01_m_fold_sampling/round_1/01_sampling/sampling_45/group_36_unrelaxed_rank_001_alphafold2_ptm_model_1_seed_042.pdb,84.70692307692308,0.79058,11,1
/fs/ess/PAA0203/xing244/AF_ClaSeq/results_updated/KaiB/run1/m_fold_sampling_voting_5jyt/01_m_fold_sampling/round_1/01_sampling/sampling_39/group_20_unrelaxed_rank_001_alphafold2_ptm_model_1_seed_042.pdb,85.54846153846154,0.78548,11,1
/fs/ess/PAA0203/xing244/AF_ClaSeq/results_updated/KaiB/run1/m_fold_sampling_voting_5jyt/01_m_fold_sampling/round_1/01_sampling/sampling_39/group_44_unrelaxed_rank_001_alphafold2_ptm_model_1_seed_042.pdb,87.59934065934067,0.77318,11,1
/fs/ess/PAA0203/xing244/AF_ClaSeq/results_updated/KaiB/run1/m_fold_sampling_voting_5jyt/01_m_fold_sampling/round_1/01_sampling/sampling_39/group_16_unrelaxed_rank_001_alphafold2_ptm_model_1_seed_042.pdb,84.87263736263735,0.80299,11,1
/fs/ess/PAA0203/xing244/AF_ClaSeq/results_updated/KaiB/run1/m_fold_sampling_voting_5jyt/01_m_fold_sampling/round_1/01_sampling/sampling_39/group_8_unrelaxed_rank_001_alphafold2_ptm_model_1_seed_042.pdb,88.67637362637363,0.81571,11,1
/fs/ess/PAA0203/xing244/AF_ClaSeq/results_updated/KaiB/run1/m_fold_sampling_voting_5jyt/01_m_fold_sampling/round_1/01_sampling/sampling_39/group_48_unrelaxed_rank_001_alphafold2_ptm_model_1_seed_042.pdb,87.0510989010989,0.79595,11,1
/fs/ess/PAA0203/xing244/AF_ClaSeq/results_updated/KaiB/run1/m_fold_sampling_voting_5jyt/01_m_fold_sampling/round_1/01_sampling/sampling_39/group_6_unrelaxed_rank_001_alphafold2_ptm_model_1_seed_042.pdb,84.68857142857144,0.77452,11,1
/fs/ess/PAA0203/xing244/AF_ClaSeq/results_updated/KaiB/run1/m_fold_sampling_voting_5jyt/01_m_fold_sampling/round_1/01_sampling/sampling_39/group_19_unrelaxed_rank_001_alphafold2_ptm_model_1_seed_042.pdb,78.85483516483518,0.77346,11,1
/fs/ess/PAA0203/xing244/AF_ClaSeq/results_updated/KaiB/run1/m_fold_sampling_voting_5jyt/01_m_fold_sampling/round_1/01_sampling/sampling_39/group_13_unrelaxed_rank_001_alphafold2_ptm_model_1_seed_042.pdb,84.59736263736265,0.79136,11,1
/fs/ess/PAA0203/xing244/AF_ClaSeq/results_updated/KaiB/run1/m_fold_sampling_voting_5jyt/01_m_fold_sampling/round_1/01_sampling/sampling_39/group_28_unrelaxed_rank_001_alphafold2_ptm_model_1_seed_042.pdb,86.93934065934066,0.80004,11,1
/fs/ess/PAA0203/xing244/AF_ClaSeq/results_updated/KaiB/run1/m_fold_sampling_voting_5jyt/01_m_fold_sampling/round_1/01_sampling/sampling_39/group_32_unrelaxed_rank_001_alphafold2_ptm_model_1_seed_042.pdb,63.912637362637355,0.73885,11,1
/fs/ess/PAA0203/xing244/AF_ClaSeq/results_updated/KaiB/run1/m_fold_sampling_voting_5jyt/01_m_fold_sampling/round_1/01_sampling/sampling_39/group_22_unrelaxed_rank_001_alphafold2_ptm_model_1_seed_042.pdb,90.67505494505495,0.78139,11,1
/fs/ess/PAA0203/xing244/AF_ClaSeq/results_updated/KaiB/run1/m_fold_sampling_voting_5jyt/01_m_fold_sampling/round_1/01_sampling/sampling_39/group_7_unrelaxed_rank_001_alphafold2_ptm_model_1_seed_042.pdb,88.89164835164836,0.80567,11,1
/fs/ess/PAA0203/xing244/AF_ClaSeq/results_updated/KaiB/run1/m_fold_sampling_voting_5jyt/01_m_fold_sampling/round_1/01_sampling/sampling_39/group_21_unrelaxed_rank_001_alphafold2_ptm_model_1_seed_042.pdb,87.91703296703297,0.79986,11,1
/fs/ess/PAA0203/xing244/AF_ClaSeq/results_updated/KaiB/run1/m_fold_sampling_voting_5jyt/01_m_fold_sampling/round_1/01_sampling/sampling_39/group_41_unrelaxed_rank_001_alphafold2_ptm_model_1_seed_042.pdb,84.05087912087912,0.7852,11,1
/fs/ess/PAA0203/xing244/AF_ClaSeq/results_updated/KaiB/run1/m_fold_sampling_voting_5jyt/01_m_fold_sampling/round_1/01_sampling/sampling_39/group_31_unrelaxed_rank_001_alphafold2_ptm_model_1_seed_042.pdb,65.53692307692307,0.65809,11,1
/fs/ess/PAA0203/xing244/AF_ClaSeq/results_updated/KaiB/run1/m_fold_sampling_voting_5jyt/01_m_fold_sampling/round_1/01_sampling/sampling_39/group_46_unrelaxed_rank_001_alphafold2_ptm_model_1_seed_042.pdb,79.47307692307692,0.765,11,1
/fs/ess/PAA0203/xing244/AF_ClaSeq/results_updated/KaiB/run1/m_fold_sampling_voting_5jyt/01_m_fold_sampling/round_1/01_sampling/sampling_39/group_17_unrelaxed_rank_001_alphafold2_ptm_model_1_seed_042.pdb,84.60494505494506,0.76065,11,1
/fs/ess/PAA0203/xing244/AF_ClaSeq/results_updated/KaiB/run1/m_fold_sampling_voting_5jyt/01_m_fold_sampling/round_1/01_sampling/sampling_39/group_14_unrelaxed_rank_001_alphafold2_ptm_model_1_seed_042.pdb,86.71175824175825,0.80496,11,1
/fs/ess/PAA0203/xing244/AF_ClaSeq/results_updated/KaiB/run1/m_fold_sampling_voting_5jyt/01_m_fold_sampling/round_1/01_sampling/sampling_39/group_4_unrelaxed_rank_001_alphafold2_ptm_model_1_seed_042.pdb,64.54131868131869,0.70943,11,1
/fs/ess/PAA0203/xing244/AF_ClaSeq/results_updated/KaiB/run1/m_fold_sampling_voting_5jyt/01_m_fold_sampling/round_1/01_sampling/sampling_39/group_12_unrelaxed_rank_001_alphafold2_ptm_model_1_seed_042.pdb,85.44736263736264,0.7847,11,1
/fs/ess/PAA0203/xing244/AF_ClaSeq/results_updated/KaiB/run1/m_fold_sampling_voting_5jyt/01_m_fold_sampling/round_1/01_sampling/sampling_39/group_38_unrelaxed_rank_001_alphafold2_ptm_model_1_seed_042.pdb,85.21087912087911,0.77087,11,1
/fs/ess/PAA0203/xing244/AF_ClaSeq/results_updated/KaiB/run1/m_fold_sampling_voting_5jyt/01_m_fold_sampling/round_1/01_sampling/sampling_39/group_15_unrelaxed_rank_001_alphafold2_ptm_model_1_seed_042.pdb,60.57,0.66685,11,1
/fs/ess/PAA0203/xing244/AF_ClaSeq/results_updated/KaiB/run1/m_fold_sampling_voting_5jyt/01_m_fold_sampling/round_1/01_sampling/sampling_39/group_23_unrelaxed_rank_001_alphafold2_ptm_model_1_seed_042.pdb,85.1679120879121,0.7442,11,1
/fs/ess/PAA0203/xing244/AF_ClaSeq/results_updated/KaiB/run1/m_fold_sampling_voting_5jyt/01_m_fold_sampling/round_1/01_sampling/sampling_39/group_5_unrelaxed_rank_001_alphafold2_ptm_model_1_seed_042.pdb,88.27109890109891,0.79133,11,1
/fs/ess/PAA0203/xing244/AF_ClaSeq/results_updated/KaiB/run1/m_fold_sampling_voting_5jyt/01_m_fold_sampling/round_1/01_sampling/sampling_39/group_33_unrelaxed_rank_001_alphafold2_ptm_model_1_seed_042.pdb,87.93890109890111,0.77417,11,1
/fs/ess/PAA0203/xing244/AF_ClaSeq/results_updated/KaiB/run1/m_fold_sampling_voting_5jyt/01_m_fold_sampling/round_1/01_sampling/sampling_39/group_27_unrelaxed_rank_001_alphafold2_ptm_model_1_seed_042.pdb,86.26494505494504,0.79859,11,1
/fs/ess/PAA0203/xing244/AF_ClaSeq/results_updated/KaiB/run1/m_fold_sampling_voting_5jyt/01_m_fold_sampling/round_1/01_sampling/sampling_39/group_42_unrelaxed_rank_001_alphafold2_ptm_model_1_seed_042.pdb,85.63285714285713,0.77804,11,1
/fs/ess/PAA0203/xing244/AF_ClaSeq/results_updated/KaiB/run1/m_fold_sampling_voting_5jyt/01_m_fold_sampling/round_1/01_sampling/sampling_39/group_10_unrelaxed_rank_001_alphafold2_ptm_model_1_seed_042.pdb,87.94714285714285,0.79653,11,1
/fs/ess/PAA0203/xing244/AF_ClaSeq/results_updated/KaiB/run1/m_fold_sampling_voting_5jyt/01_m_fold_sampling/round_1/01_sampling/sampling_39/group_37_unrelaxed_rank_001_alphafold2_ptm_model_1_seed_042.pdb,83.40373626373625,0.77234,11,1
/fs/ess/PAA0203/xing244/AF_ClaSeq/results_updated/KaiB/run1/m_fold_sampling_voting_5jyt/01_m_fold_sampling/round_1/01_sampling/sampling_39/group_29_unrelaxed_rank_001_alphafold2_ptm_model_1_seed_042.pdb,85.279010989011,0.79874,11,1
/fs/ess/PAA0203/xing244/AF_ClaSeq/results_updated/KaiB/run1/m_fold_sampling_voting_5jyt/01_m_fold_sampling/round_1/01_sampling/sampling_39/group_18_unrelaxed_rank_001_alphafold2_ptm_model_1_seed_042.pdb,83.49604395604395,0.7545,11,1
/fs/ess/PAA0203/xing244/AF_ClaSeq/results_updated/KaiB/run1/m_fold_sampling_voting_5jyt/01_m_fold_sampling/round_1/01_sampling/sampling_39/group_43_unrelaxed_rank_001_alphafold2_ptm_model_1_seed_042.pdb,81.71813186813188,0.76447,11,1
/fs/ess/PAA0203/xing244/AF_ClaSeq/results_updated/KaiB/run1/m_fold_sampling_voting_5jyt/01_m_fold_sampling/round_1/01_sampling/sampling_39/group_25_unrelaxed_rank_001_alphafold2_ptm_model_1_seed_042.pdb,60.340439560439556,0.49662,11,1
/fs/ess/PAA0203/xing244/AF_ClaSeq/results_updated/KaiB/run1/m_fold_sampling_voting_5jyt/01_m_fold_sampling/round_1/01_sampling/sampling_39/group_3_unrelaxed_rank_001_alphafold2_ptm_model_1_seed_042.pdb,82.11549450549452,0.76551,11,1
/fs/ess/PAA0203/xing244/AF_ClaSeq/results_updated/KaiB/run1/m_fold_sampling_voting_5jyt/01_m_fold_sampling/round_1/01_sampling/sampling_39/group_34_unrelaxed_rank_001_alphafold2_ptm_model_1_seed_042.pdb,86.96472527472527,0.80304,11,1
/fs/ess/PAA0203/xing244/AF_ClaSeq/results_updated/KaiB/run1/m_fold_sampling_voting_5jyt/01_m_fold_sampling/round_1/01_sampling/sampling_39/group_9_unrelaxed_rank_001_alphafold2_ptm_model_1_seed_042.pdb,86.01175824175824,0.80107,11,1
/fs/ess/PAA0203/xing244/AF_ClaSeq/results_updated/KaiB/run1/m_fold_sampling_voting_5jyt/01_m_fold_sampling/round_1/01_sampling/sampling_39/group_47_unrelaxed_rank_001_alphafold2_ptm_model_1_seed_042.pdb,86.80263736263736,0.81302,11,1
/fs/ess/PAA0203/xing244/AF_ClaSeq/results_updated/KaiB/run1/m_fold_sampling_voting_5jyt/01_m_fold_sampling/round_1/01_sampling/sampling_39/group_35_unrelaxed_rank_001_alphafold2_ptm_model_1_seed_042.pdb,80.94065934065935,0.78215,11,1
/fs/ess/PAA0203/xing244/AF_ClaSeq/results_updated/KaiB/run1/m_fold_sampling_voting_5jyt/01_m_fold_sampling/round_1/01_sampling/sampling_39/group_24_unrelaxed_rank_001_alphafold2_ptm_model_1_seed_042.pdb,89.88230769230769,0.82079,11,1
/fs/ess/PAA0203/xing244/AF_ClaSeq/results_updated/KaiB/run1/m_fold_sampling_voting_5jyt/01_m_fold_sampling/round_1/01_sampling/sampling_39/group_40_unrelaxed_rank_001_alphafold2_ptm_model_1_seed_042.pdb,84.32219780219782,0.79661,11,1
/fs/ess/PAA0203/xing244/AF_ClaSeq/results_updated/KaiB/run1/m_fold_sampling_voting_5jyt/01_m_fold_sampling/round_1/01_sampling/sampling_39/group_1_unrelaxed_rank_001_alphafold2_ptm_model_1_seed_042.pdb,86.16087912087913,0.79709,11,1
/fs/ess/PAA0203/xing244/AF_ClaSeq/results_updated/KaiB/run1/m_fold_sampling_voting_5jyt/01_m_fold_sampling/round_1/01_sampling/sampling_39/group_30_unrelaxed_rank_001_alphafold2_ptm_model_1_seed_042.pdb,61.32494505494504,0.6492,11,1
/fs/ess/PAA0203/xing244/AF_ClaSeq/results_updated/KaiB/run1/m_fold_sampling_voting_5jyt/01_m_fold_sampling/round_1/01_sampling/sampling_39/group_26_unrelaxed_rank_001_alphafold2_ptm_model_1_seed_042.pdb,85.14648351648351,0.804,11,1
/fs/ess/PAA0203/xing244/AF_ClaSeq/results_updated/KaiB/run1/m_fold_sampling_voting_5jyt/01_m_fold_sampling/round_1/01_sampling/sampling_39/group_39_unrelaxed_rank_001_alphafold2_ptm_model_1_seed_042.pdb,84.25395604395605,0.79009,11,1
/fs/ess/PAA0203/xing244/AF_ClaSeq/results_updated/KaiB/run1/m_fold_sampling_voting_5jyt/01_m_fold_sampling/round_1/01_sampling/sampling_39/group_11_unrelaxed_rank_001_alphafold2_ptm_model_1_seed_042.pdb,77.1676923076923,0.78908,11,1
/fs/ess/PAA0203/xing244/AF_ClaSeq/results_updated/KaiB/run1/m_fold_sampling_voting_5jyt/01_m_fold_sampling/round_1/01_sampling/sampling_39/group_49_unrelaxed_rank_001_alphafold2_ptm_model_1_seed_042.pdb,83.64835164835166,0.72561,12,1
/fs/ess/PAA0203/xing244/AF_ClaSeq/results_updated/KaiB/run1/m_fold_sampling_voting_5jyt/01_m_fold_sampling/round_1/01_sampling/sampling_39/group_45_unrelaxed_rank_001_alphafold2_ptm_model_1_seed_042.pdb,83.44791208791209,0.77305,11,1
/fs/ess/PAA0203/xing244/AF_ClaSeq/results_updated/KaiB/run1/m_fold_sampling_voting_5jyt/01_m_fold_sampling/round_1/01_sampling/sampling_39/group_2_unrelaxed_rank_001_alphafold2_ptm_model_1_seed_042.pdb,88.47274725274725,0.81271,11,1
/fs/ess/PAA0203/xing244/AF_ClaSeq/results_updated/KaiB/run1/m_fold_sampling_voting_5jyt/01_m_fold_sampling/round_1/01_sampling/sampling_39/group_36_unrelaxed_rank_001_alphafold2_ptm_model_1_seed_042.pdb,88.26857142857142,0.7707,11,1
/fs/ess/PAA0203/xing244/AF_ClaSeq/results_updated/KaiB/run1/m_fold_sampling_voting_5jyt/01_m_fold_sampling/round_1/01_sampling/sampling_43/group_20_unrelaxed_rank_001_alphafold2_ptm_model_1_seed_042.pdb,84.54813186813186,0.7834,11,1
/fs/ess/PAA0203/xing244/AF_ClaSeq/results_updated/KaiB/run1/m_fold_sampling_voting_5jyt/01_m_fold_sampling/round_1/01_sampling/sampling_43/group_44_unrelaxed_rank_001_alphafold2_ptm_model_1_seed_042.pdb,84.86494505494505,0.7737,11,1
/fs/ess/PAA0203/xing244/AF_ClaSeq/results_updated/KaiB/run1/m_fold_sampling_voting_5jyt/01_m_fold_sampling/round_1/01_sampling/sampling_43/group_16_unrelaxed_rank_001_alphafold2_ptm_model_1_seed_042.pdb,88.99285714285715,0.80439,11,1
/fs/ess/PAA0203/xing244/AF_ClaSeq/results_updated/KaiB/run1/m_fold_sampling_voting_5jyt/01_m_fold_sampling/round_1/01_sampling/sampling_43/group_8_unrelaxed_rank_001_alphafold2_ptm_model_1_seed_042.pdb,88.89824175824175,0.78869,11,1
/fs/ess/PAA0203/xing244/AF_ClaSeq/results_updated/KaiB/run1/m_fold_sampling_voting_5jyt/01_m_fold_sampling/round_1/01_sampling/sampling_43/group_48_unrelaxed_rank_001_alphafold2_ptm_model_1_seed_042.pdb,69.74153846153847,0.7616,11,1
/fs/ess/PAA0203/xing244/AF_ClaSeq/results_updated/KaiB/run1/m_fold_sampling_voting_5jyt/01_m_fold_sampling/round_1/01_sampling/sampling_43/group_6_unrelaxed_rank_001_alphafold2_ptm_model_1_seed_042.pdb,84.25989010989012,0.81047,11,1
/fs/ess/PAA0203/xing244/AF_ClaSeq/results_updated/KaiB/run1/m_fold_sampling_voting_5jyt/01_m_fold_sampling/round_1/01_sampling/sampling_43/group_19_unrelaxed_rank_001_alphafold2_ptm_model_1_seed_042.pdb,62.950879120879115,0.76093,11,1
/fs/ess/PAA0203/xing244/AF_ClaSeq/results_updated/KaiB/run1/m_fold_sampling_voting_5jyt/01_m_fold_sampling/round_1/01_sampling/sampling_43/group_13_unrelaxed_rank_001_alphafold2_ptm_model_1_seed_042.pdb,84.9610989010989,0.74641,11,1
/fs/ess/PAA0203/xing244/AF_ClaSeq/results_updated/KaiB/run1/m_fold_sampling_voting_5jyt/01_m_fold_sampling/round_1/01_sampling/sampling_43/group_28_unrelaxed_rank_001_alphafold2_ptm_model_1_seed_042.pdb,88.22857142857143,0.80817,11,1
/fs/ess/PAA0203/xing244/AF_ClaSeq/results_updated/KaiB/run1/m_fold_sampling_voting_5jyt/01_m_fold_sampling/round_1/01_sampling/sampling_43/group_32_unrelaxed_rank_001_alphafold2_ptm_model_1_seed_042.pdb,85.60538461538461,0.79955,11,1
/fs/ess/PAA0203/xing244/AF_ClaSeq/results_updated/KaiB/run1/m_fold_sampling_voting_5jyt/01_m_fold_sampling/round_1/01_sampling/sampling_43/group_22_unrelaxed_rank_001_alphafold2_ptm_model_1_seed_042.pdb,85.44153846153846,0.8119,11,1
/fs/ess/PAA0203/xing244/AF_ClaSeq/results_updated/KaiB/run1/m_fold_sampling_voting_5jyt/01_m_fold_sampling/round_1/01_sampling/sampling_43/group_7_unrelaxed_rank_001_alphafold2_ptm_model_1_seed_042.pdb,87.6213186813187,0.79939,11,1
/fs/ess/PAA0203/xing244/AF_ClaSeq/results_updated/KaiB/run1/m_fold_sampling_voting_5jyt/01_m_fold_sampling/round_1/01_sampling/sampling_43/group_21_unrelaxed_rank_001_alphafold2_ptm_model_1_seed_042.pdb,85.13120879120879,0.74541,11,1
/fs/ess/PAA0203/xing244/AF_ClaSeq/results_updated/KaiB/run1/m_fold_sampling_voting_5jyt/01_m_fold_sampling/round_1/01_sampling/sampling_43/group_41_unrelaxed_rank_001_alphafold2_ptm_model_1_seed_042.pdb,84.40373626373628,0.7981,11,1
/fs/ess/PAA0203/xing244/AF_ClaSeq/results_updated/KaiB/run1/m_fold_sampling_voting_5jyt/01_m_fold_sampling/round_1/01_sampling/sampling_43/group_31_unrelaxed_rank_001_alphafold2_ptm_model_1_seed_042.pdb,88.9154945054945,0.80836,11,1
/fs/ess/PAA0203/xing244/AF_ClaSeq/results_updated/KaiB/run1/m_fold_sampling_voting_5jyt/01_m_fold_sampling/round_1/01_sampling/sampling_43/group_46_unrelaxed_rank_001_alphafold2_ptm_model_1_seed_042.pdb,64.83890109890109,0.74126,11,1
/fs/ess/PAA0203/xing244/AF_ClaSeq/results_updated/KaiB/run1/m_fold_sampling_voting_5jyt/01_m_fold_sampling/round_1/01_sampling/sampling_43/group_17_unrelaxed_rank_001_alphafold2_ptm_model_1_seed_042.pdb,81.99846153846154,0.77112,11,1
/fs/ess/PAA0203/xing244/AF_ClaSeq/results_updated/KaiB/run1/m_fold_sampling_voting_5jyt/01_m_fold_sampling/round_1/01_sampling/sampling_43/group_14_unrelaxed_rank_001_alphafold2_ptm_model_1_seed_042.pdb,89.68241758241759,0.81578,11,1
/fs/ess/PAA0203/xing244/AF_ClaSeq/results_updated/KaiB/run1/m_fold_sampling_voting_5jyt/01_m_fold_sampling/round_1/01_sampling/sampling_43/group_4_unrelaxed_rank_001_alphafold2_ptm_model_1_seed_042.pdb,87.22846153846154,0.79948,11,1
/fs/ess/PAA0203/xing244/AF_ClaSeq/results_updated/KaiB/run1/m_fold_sampling_voting_5jyt/01_m_fold_sampling/round_1/01_sampling/sampling_43/group_12_unrelaxed_rank_001_alphafold2_ptm_model_1_seed_042.pdb,84.29505494505494,0.79741,11,1
/fs/ess/PAA0203/xing244/AF_ClaSeq/results_updated/KaiB/run1/m_fold_sampling_voting_5jyt/01_m_fold_sampling/round_1/01_sampling/sampling_43/group_38_unrelaxed_rank_001_alphafold2_ptm_model_1_seed_042.pdb,86.96021978021979,0.80576,11,1
/fs/ess/PAA0203/xing244/AF_ClaSeq/results_updated/KaiB/run1/m_fold_sampling_voting_5jyt/01_m_fold_sampling/round_1/01_sampling/sampling_43/group_15_unrelaxed_rank_001_alphafold2_ptm_model_1_seed_042.pdb,81.96076923076924,0.79145,11,1
/fs/ess/PAA0203/xing244/AF_ClaSeq/results_updated/KaiB/run1/m_fold_sampling_voting_5jyt/01_m_fold_sampling/round_1/01_sampling/sampling_43/group_23_unrelaxed_rank_001_alphafold2_ptm_model_1_seed_042.pdb,86.61945054945056,0.77247,11,1
/fs/ess/PAA0203/xing244/AF_ClaSeq/results_updated/KaiB/run1/m_fold_sampling_voting_5jyt/01_m_fold_sampling/round_1/01_sampling/sampling_43/group_5_unrelaxed_rank_001_alphafold2_ptm_model_1_seed_042.pdb,79.03274725274726,0.7616,11,1
/fs/ess/PAA0203/xing244/AF_ClaSeq/results_updated/KaiB/run1/m_fold_sampling_voting_5jyt/01_m_fold_sampling/round_1/01_sampling/sampling_43/group_33_unrelaxed_rank_001_alphafold2_ptm_model_1_seed_042.pdb,81.0743956043956,0.77896,11,1
/fs/ess/PAA0203/xing244/AF_ClaSeq/results_updated/KaiB/run1/m_fold_sampling_voting_5jyt/01_m_fold_sampling/round_1/01_sampling/sampling_43/group_27_unrelaxed_rank_001_alphafold2_ptm_model_1_seed_042.pdb,83.77395604395605,0.80758,11,1
/fs/ess/PAA0203/xing244/AF_ClaSeq/results_updated/KaiB/run1/m_fold_sampling_voting_5jyt/01_m_fold_sampling/round_1/01_sampling/sampling_43/group_42_unrelaxed_rank_001_alphafold2_ptm_model_1_seed_042.pdb,85.98164835164835,0.74324,11,1
/fs/ess/PAA0203/xing244/AF_ClaSeq/results_updated/KaiB/run1/m_fold_sampling_voting_5jyt/01_m_fold_sampling/round_1/01_sampling/sampling_43/group_10_unrelaxed_rank_001_alphafold2_ptm_model_1_seed_042.pdb,60.303186813186805,0.66072,11,1
/fs/ess/PAA0203/xing244/AF_ClaSeq/results_updated/KaiB/run1/m_fold_sampling_voting_5jyt/01_m_fold_sampling/round_1/01_sampling/sampling_43/group_37_unrelaxed_rank_001_alphafold2_ptm_model_1_seed_042.pdb,83.49329670329669,0.7928,11,1
/fs/ess/PAA0203/xing244/AF_ClaSeq/results_updated/KaiB/run1/m_fold_sampling_voting_5jyt/01_m_fold_sampling/round_1/01_sampling/sampling_43/group_29_unrelaxed_rank_001_alphafold2_ptm_model_1_seed_042.pdb,80.83879120879119,0.80051,11,1
/fs/ess/PAA0203/xing244/AF_ClaSeq/results_updated/KaiB/run1/m_fold_sampling_voting_5jyt/01_m_fold_sampling/round_1/01_sampling/sampling_43/group_18_unrelaxed_rank_001_alphafold2_ptm_model_1_seed_042.pdb,77.8468131868132,0.7593,11,1
/fs/ess/PAA0203/xing244/AF_ClaSeq/results_updated/KaiB/run1/m_fold_sampling_voting_5jyt/01_m_fold_sampling/round_1/01_sampling/sampling_43/group_43_unrelaxed_rank_001_alphafold2_ptm_model_1_seed_042.pdb,84.17318681318682,0.76846,11,1
/fs/ess/PAA0203/xing244/AF_ClaSeq/results_updated/KaiB/run1/m_fold_sampling_voting_5jyt/01_m_fold_sampling/round_1/01_sampling/sampling_43/group_25_unrelaxed_rank_001_alphafold2_ptm_model_1_seed_042.pdb,85.99626373626374,0.82025,11,1
/fs/ess/PAA0203/xing244/AF_ClaSeq/results_updated/KaiB/run1/m_fold_sampling_voting_5jyt/01_m_fold_sampling/round_1/01_sampling/sampling_43/group_3_unrelaxed_rank_001_alphafold2_ptm_model_1_seed_042.pdb,86.58450549450549,0.77721,11,1
/fs/ess/PAA0203/xing244/AF_ClaSeq/results_updated/KaiB/run1/m_fold_sampling_voting_5jyt/01_m_fold_sampling/round_1/01_sampling/sampling_43/group_34_unrelaxed_rank_001_alphafold2_ptm_model_1_seed_042.pdb,84.74285714285715,0.74673,11,1
/fs/ess/PAA0203/xing244/AF_ClaSeq/results_updated/KaiB/run1/m_fold_sampling_voting_5jyt/01_m_fold_sampling/round_1/01_sampling/sampling_43/group_9_unrelaxed_rank_001_alphafold2_ptm_model_1_seed_042.pdb,70.51120879120879,0.73827,11,1
/fs/ess/PAA0203/xing244/AF_ClaSeq/results_updated/KaiB/run1/m_fold_sampling_voting_5jyt/01_m_fold_sampling/round_1/01_sampling/sampling_43/group_47_unrelaxed_rank_001_alphafold2_ptm_model_1_seed_042.pdb,82.93186813186813,0.79402,11,1
/fs/ess/PAA0203/xing244/AF_ClaSeq/results_updated/KaiB/run1/m_fold_sampling_voting_5jyt/01_m_fold_sampling/round_1/01_sampling/sampling_43/group_35_unrelaxed_rank_001_alphafold2_ptm_model_1_seed_042.pdb,82.8898901098901,0.73041,11,1
/fs/ess/PAA0203/xing244/AF_ClaSeq/results_updated/KaiB/run1/m_fold_sampling_voting_5jyt/01_m_fold_sampling/round_1/01_sampling/sampling_43/group_24_unrelaxed_rank_001_alphafold2_ptm_model_1_seed_042.pdb,88.08725274725276,0.82773,11,1
/fs/ess/PAA0203/xing244/AF_ClaSeq/results_updated/KaiB/run1/m_fold_sampling_voting_5jyt/01_m_fold_sampling/round_1/01_sampling/sampling_43/group_40_unrelaxed_rank_001_alphafold2_ptm_model_1_seed_042.pdb,85.33263736263737,0.7704,11,1
/fs/ess/PAA0203/xing244/AF_ClaSeq/results_updated/KaiB/run1/m_fold_sampling_voting_5jyt/01_m_fold_sampling/round_1/01_sampling/sampling_43/group_1_unrelaxed_rank_001_alphafold2_ptm_model_1_seed_042.pdb,85.14120879120878,0.80687,11,1
/fs/ess/PAA0203/xing244/AF_ClaSeq/results_updated/KaiB/run1/m_fold_sampling_voting_5jyt/01_m_fold_sampling/round_1/01_sampling/sampling_43/group_30_unrelaxed_rank_001_alphafold2_ptm_model_1_seed_042.pdb,90.32483516483518,0.80623,11,1
/fs/ess/PAA0203/xing244/AF_ClaSeq/results_updated/KaiB/run1/m_fold_sampling_voting_5jyt/01_m_fold_sampling/round_1/01_sampling/sampling_43/group_26_unrelaxed_rank_001_alphafold2_ptm_model_1_seed_042.pdb,85.95263736263736,0.7858,11,1
/fs/ess/PAA0203/xing244/AF_ClaSeq/results_updated/KaiB/run1/m_fold_sampling_voting_5jyt/01_m_fold_sampling/round_1/01_sampling/sampling_43/group_39_unrelaxed_rank_001_alphafold2_ptm_model_1_seed_042.pdb,83.92032967032968,0.77336,11,1
/fs/ess/PAA0203/xing244/AF_ClaSeq/results_updated/KaiB/run1/m_fold_sampling_voting_5jyt/01_m_fold_sampling/round_1/01_sampling/sampling_43/group_11_unrelaxed_rank_001_alphafold2_ptm_model_1_seed_042.pdb,81.610989010989,0.70807,11,1
/fs/ess/PAA0203/xing244/AF_ClaSeq/results_updated/KaiB/run1/m_fold_sampling_voting_5jyt/01_m_fold_sampling/round_1/01_sampling/sampling_43/group_49_unrelaxed_rank_001_alphafold2_ptm_model_1_seed_042.pdb,89.23164835164835,0.79596,12,1
/fs/ess/PAA0203/xing244/AF_ClaSeq/results_updated/KaiB/run1/m_fold_sampling_voting_5jyt/01_m_fold_sampling/round_1/01_sampling/sampling_43/group_45_unrelaxed_rank_001_alphafold2_ptm_model_1_seed_042.pdb,88.24615384615385,0.79259,11,1
/fs/ess/PAA0203/xing244/AF_ClaSeq/results_updated/KaiB/run1/m_fold_sampling_voting_5jyt/01_m_fold_sampling/round_1/01_sampling/sampling_43/group_2_unrelaxed_rank_001_alphafold2_ptm_model_1_seed_042.pdb,81.22208791208791,0.78916,11,1
/fs/ess/PAA0203/xing244/AF_ClaSeq/results_updated/KaiB/run1/m_fold_sampling_voting_5jyt/01_m_fold_sampling/round_1/01_sampling/sampling_43/group_36_unrelaxed_rank_001_alphafold2_ptm_model_1_seed_042.pdb,85.65868131868132,0.79387,11,1
/fs/ess/PAA0203/xing244/AF_ClaSeq/results_updated/KaiB/run1/m_fold_sampling_voting_5jyt/01_m_fold_sampling/round_1/01_sampling/sampling_27/group_20_unrelaxed_rank_001_alphafold2_ptm_model_1_seed_042.pdb,87.06406593406592,0.78749,11,1
/fs/ess/PAA0203/xing244/AF_ClaSeq/results_updated/KaiB/run1/m_fold_sampling_voting_5jyt/01_m_fold_sampling/round_1/01_sampling/sampling_27/group_44_unrelaxed_rank_001_alphafold2_ptm_model_1_seed_042.pdb,90.68868131868132,0.81529,11,1
/fs/ess/PAA0203/xing244/AF_ClaSeq/results_updated/KaiB/run1/m_fold_sampling_voting_5jyt/01_m_fold_sampling/round_1/01_sampling/sampling_27/group_16_unrelaxed_rank_001_alphafold2_ptm_model_1_seed_042.pdb,78.14252747252748,0.77523,11,1
/fs/ess/PAA0203/xing244/AF_ClaSeq/results_updated/KaiB/run1/m_fold_sampling_voting_5jyt/01_m_fold_sampling/round_1/01_sampling/sampling_27/group_8_unrelaxed_rank_001_alphafold2_ptm_model_1_seed_042.pdb,85.43285714285713,0.76028,11,1
/fs/ess/PAA0203/xing244/AF_ClaSeq/results_updated/KaiB/run1/m_fold_sampling_voting_5jyt/01_m_fold_sampling/round_1/01_sampling/sampling_27/group_48_unrelaxed_rank_001_alphafold2_ptm_model_1_seed_042.pdb,62.0554945054945,0.65324,11,1
/fs/ess/PAA0203/xing244/AF_ClaSeq/results_updated/KaiB/run1/m_fold_sampling_voting_5jyt/01_m_fold_sampling/round_1/01_sampling/sampling_27/group_6_unrelaxed_rank_001_alphafold2_ptm_model_1_seed_042.pdb,85.49021978021979,0.80282,11,1
/fs/ess/PAA0203/xing244/AF_ClaSeq/results_updated/KaiB/run1/m_fold_sampling_voting_5jyt/01_m_fold_sampling/round_1/01_sampling/sampling_27/group_19_unrelaxed_rank_001_alphafold2_ptm_model_1_seed_042.pdb,67.99758241758242,0.56079,11,1
/fs/ess/PAA0203/xing244/AF_ClaSeq/results_updated/KaiB/run1/m_fold_sampling_voting_5jyt/01_m_fold_sampling/round_1/01_sampling/sampling_27/group_13_unrelaxed_rank_001_alphafold2_ptm_model_1_seed_042.pdb,85.50087912087913,0.7788,11,1
/fs/ess/PAA0203/xing244/AF_ClaSeq/results_updated/KaiB/run1/m_fold_sampling_voting_5jyt/01_m_fold_sampling/round_1/01_sampling/sampling_27/group_28_unrelaxed_rank_001_alphafold2_ptm_model_1_seed_042.pdb,86.54945054945055,0.81421,11,1
/fs/ess/PAA0203/xing244/AF_ClaSeq/results_updated/KaiB/run1/m_fold_sampling_voting_5jyt/01_m_fold_sampling/round_1/01_sampling/sampling_27/group_32_unrelaxed_rank_001_alphafold2_ptm_model_1_seed_042.pdb,77.43417582417582,0.77328,11,1
/fs/ess/PAA0203/xing244/AF_ClaSeq/results_updated/KaiB/run1/m_fold_sampling_voting_5jyt/01_m_fold_sampling/round_1/01_sampling/sampling_27/group_22_unrelaxed_rank_001_alphafold2_ptm_model_1_seed_042.pdb,89.8352747252747,0.80692,11,1
/fs/ess/PAA0203/xing244/AF_ClaSeq/results_updated/KaiB/run1/m_fold_sampling_voting_5jyt/01_m_fold_sampling/round_1/01_sampling/sampling_27/group_7_unrelaxed_rank_001_alphafold2_ptm_model_1_seed_042.pdb,60.19043956043955,0.5884,11,1
/fs/ess/PAA0203/xing244/AF_ClaSeq/results_updated/KaiB/run1/m_fold_sampling_voting_5jyt/01_m_fold_sampling/round_1/01_sampling/sampling_27/group_21_unrelaxed_rank_001_alphafold2_ptm_model_1_seed_042.pdb,88.24571428571429,0.81131,11,1
/fs/ess/PAA0203/xing244/AF_ClaSeq/results_updated/KaiB/run1/m_fold_sampling_voting_5jyt/01_m_fold_sampling/round_1/01_sampling/sampling_27/group_41_unrelaxed_rank_001_alphafold2_ptm_model_1_seed_042.pdb,86.22296703296703,0.80199,11,1
/fs/ess/PAA0203/xing244/AF_ClaSeq/results_updated/KaiB/run1/m_fold_sampling_voting_5jyt/01_m_fold_sampling/round_1/01_sampling/sampling_27/group_31_unrelaxed_rank_001_alphafold2_ptm_model_1_seed_042.pdb,85.74318681318681,0.76376,11,1
/fs/ess/PAA0203/xing244/AF_ClaSeq/results_updated/KaiB/run1/m_fold_sampling_voting_5jyt/01_m_fold_sampling/round_1/01_sampling/sampling_27/group_46_unrelaxed_rank_001_alphafold2_ptm_model_1_seed_042.pdb,85.01164835164836,0.8032,11,1
/fs/ess/PAA0203/xing244/AF_ClaSeq/results_updated/KaiB/run1/m_fold_sampling_voting_5jyt/01_m_fold_sampling/round_1/01_sampling/sampling_27/group_17_unrelaxed_rank_001_alphafold2_ptm_model_1_seed_042.pdb,86.66626373626373,0.79058,11,1
/fs/ess/PAA0203/xing244/AF_ClaSeq/results_updated/KaiB/run1/m_fold_sampling_voting_5jyt/01_m_fold_sampling/round_1/01_sampling/sampling_27/group_14_unrelaxed_rank_001_alphafold2_ptm_model_1_seed_042.pdb,87.16659340659339,0.82135,11,1
/fs/ess/PAA0203/xing244/AF_ClaSeq/results_updated/KaiB/run1/m_fold_sampling_voting_5jyt/01_m_fold_sampling/round_1/01_sampling/sampling_27/group_4_unrelaxed_rank_001_alphafold2_ptm_model_1_seed_042.pdb,60.7378021978022,0.4771,11,1
/fs/ess/PAA0203/xing244/AF_ClaSeq/results_updated/KaiB/run1/m_fold_sampling_voting_5jyt/01_m_fold_sampling/round_1/01_sampling/sampling_27/group_12_unrelaxed_rank_001_alphafold2_ptm_model_1_seed_042.pdb,83.54087912087913,0.75872,11,1
/fs/ess/PAA0203/xing244/AF_ClaSeq/results_updated/KaiB/run1/m_fold_sampling_voting_5jyt/01_m_fold_sampling/round_1/01_sampling/sampling_27/group_38_unrelaxed_rank_001_alphafold2_ptm_model_1_seed_042.pdb,77.58582417582419,0.75381,11,1
/fs/ess/PAA0203/xing244/AF_ClaSeq/results_updated/KaiB/run1/m_fold_sampling_voting_5jyt/01_m_fold_sampling/round_1/01_sampling/sampling_27/group_15_unrelaxed_rank_001_alphafold2_ptm_model_1_seed_042.pdb,84.96791208791208,0.77832,11,1
/fs/ess/PAA0203/xing244/AF_ClaSeq/results_updated/KaiB/run1/m_fold_sampling_voting_5jyt/01_m_fold_sampling/round_1/01_sampling/sampling_27/group_23_unrelaxed_rank_001_alphafold2_ptm_model_1_seed_042.pdb,76.16230769230769,0.74429,11,1
/fs/ess/PAA0203/xing244/AF_ClaSeq/results_updated/KaiB/run1/m_fold_sampling_voting_5jyt/01_m_fold_sampling/round_1/01_sampling/sampling_27/group_5_unrelaxed_rank_001_alphafold2_ptm_model_1_seed_042.pdb,84.11395604395604,0.77876,11,1
/fs/ess/PAA0203/xing244/AF_ClaSeq/results_updated/KaiB/run1/m_fold_sampling_voting_5jyt/01_m_fold_sampling/round_1/01_sampling/sampling_27/group_33_unrelaxed_rank_001_alphafold2_ptm_model_1_seed_042.pdb,87.18153846153847,0.79819,11,1
/fs/ess/PAA0203/xing244/AF_ClaSeq/results_updated/KaiB/run1/m_fold_sampling_voting_5jyt/01_m_fold_sampling/round_1/01_sampling/sampling_27/group_27_unrelaxed_rank_001_alphafold2_ptm_model_1_seed_042.pdb,87.33802197802198,0.79693,11,1
/fs/ess/PAA0203/xing244/AF_ClaSeq/results_updated/KaiB/run1/m_fold_sampling_voting_5jyt/01_m_fold_sampling/round_1/01_sampling/sampling_27/group_42_unrelaxed_rank_001_alphafold2_ptm_model_1_seed_042.pdb,73.14175824175824,0.76365,11,1
/fs/ess/PAA0203/xing244/AF_ClaSeq/results_updated/KaiB/run1/m_fold_sampling_voting_5jyt/01_m_fold_sampling/round_1/01_sampling/sampling_27/group_10_unrelaxed_rank_001_alphafold2_ptm_model_1_seed_042.pdb,85.11,0.77704,11,1
/fs/ess/PAA0203/xing244/AF_ClaSeq/results_updated/KaiB/run1/m_fold_sampling_voting_5jyt/01_m_fold_sampling/round_1/01_sampling/sampling_27/group_37_unrelaxed_rank_001_alphafold2_ptm_model_1_seed_042.pdb,90.82571428571428,0.80711,11,1
/fs/ess/PAA0203/xing244/AF_ClaSeq/results_updated/KaiB/run1/m_fold_sampling_voting_5jyt/01_m_fold_sampling/round_1/01_sampling/sampling_27/group_29_unrelaxed_rank_001_alphafold2_ptm_model_1_seed_042.pdb,84.65428571428572,0.79166,11,1
/fs/ess/PAA0203/xing244/AF_ClaSeq/results_updated/KaiB/run1/m_fold_sampling_voting_5jyt/01_m_fold_sampling/round_1/01_sampling/sampling_27/group_18_unrelaxed_rank_001_alphafold2_ptm_model_1_seed_042.pdb,87.57087912087913,0.7929,11,1
/fs/ess/PAA0203/xing244/AF_ClaSeq/results_updated/KaiB/run1/m_fold_sampling_voting_5jyt/01_m_fold_sampling/round_1/01_sampling/sampling_27/group_43_unrelaxed_rank_001_alphafold2_ptm_model_1_seed_042.pdb,83.97384615384617,0.79494,11,1
/fs/ess/PAA0203/xing244/AF_ClaSeq/results_updated/KaiB/run1/m_fold_sampling_voting_5jyt/01_m_fold_sampling/round_1/01_sampling/sampling_27/group_25_unrelaxed_rank_001_alphafold2_ptm_model_1_seed_042.pdb,87.6698901098901,0.7609,11,1
/fs/ess/PAA0203/xing244/AF_ClaSeq/results_updated/KaiB/run1/m_fold_sampling_voting_5jyt/01_m_fold_sampling/round_1/01_sampling/sampling_27/group_3_unrelaxed_rank_001_alphafold2_ptm_model_1_seed_042.pdb,84.97197802197802,0.81033,11,1
/fs/ess/PAA0203/xing244/AF_ClaSeq/results_updated/KaiB/run1/m_fold_sampling_voting_5jyt/01_m_fold_sampling/round_1/01_sampling/sampling_27/group_34_unrelaxed_rank_001_alphafold2_ptm_model_1_seed_042.pdb,87.04835164835164,0.79666,11,1
/fs/ess/PAA0203/xing244/AF_ClaSeq/results_updated/KaiB/run1/m_fold_sampling_voting_5jyt/01_m_fold_sampling/round_1/01_sampling/sampling_27/group_9_unrelaxed_rank_001_alphafold2_ptm_model_1_seed_042.pdb,72.79362637362638,0.76153,11,1
/fs/ess/PAA0203/xing244/AF_ClaSeq/results_updated/KaiB/run1/m_fold_sampling_voting_5jyt/01_m_fold_sampling/round_1/01_sampling/sampling_27/group_47_unrelaxed_rank_001_alphafold2_ptm_model_1_seed_042.pdb,64.98142857142858,0.65745,11,1
/fs/ess/PAA0203/xing244/AF_ClaSeq/results_updated/KaiB/run1/m_fold_sampling_voting_5jyt/01_m_fold_sampling/round_1/01_sampling/sampling_27/group_35_unrelaxed_rank_001_alphafold2_ptm_model_1_seed_042.pdb,90.40901098901101,0.77943,11,1
/fs/ess/PAA0203/xing244/AF_ClaSeq/results_updated/KaiB/run1/m_fold_sampling_voting_5jyt/01_m_fold_sampling/round_1/01_sampling/sampling_27/group_24_unrelaxed_rank_001_alphafold2_ptm_model_1_seed_042.pdb,89.59868131868133,0.81821,11,1
/fs/ess/PAA0203/xing244/AF_ClaSeq/results_updated/KaiB/run1/m_fold_sampling_voting_5jyt/01_m_fold_sampling/round_1/01_sampling/sampling_27/group_40_unrelaxed_rank_001_alphafold2_ptm_model_1_seed_042.pdb,76.74274725274725,0.76181,11,1
/fs/ess/PAA0203/xing244/AF_ClaSeq/results_updated/KaiB/run1/m_fold_sampling_voting_5jyt/01_m_fold_sampling/round_1/01_sampling/sampling_27/group_1_unrelaxed_rank_001_alphafold2_ptm_model_1_seed_042.pdb,78.30186813186813,0.76253,11,1
/fs/ess/PAA0203/xing244/AF_ClaSeq/results_updated/KaiB/run1/m_fold_sampling_voting_5jyt/01_m_fold_sampling/round_1/01_sampling/sampling_27/group_30_unrelaxed_rank_001_alphafold2_ptm_model_1_seed_042.pdb,88.0587912087912,0.79318,11,1
/fs/ess/PAA0203/xing244/AF_ClaSeq/results_updated/KaiB/run1/m_fold_sampling_voting_5jyt/01_m_fold_sampling/round_1/01_sampling/sampling_27/group_26_unrelaxed_rank_001_alphafold2_ptm_model_1_seed_042.pdb,79.97494505494505,0.77426,11,1
/fs/ess/PAA0203/xing244/AF_ClaSeq/results_updated/KaiB/run1/m_fold_sampling_voting_5jyt/01_m_fold_sampling/round_1/01_sampling/sampling_27/group_39_unrelaxed_rank_001_alphafold2_ptm_model_1_seed_042.pdb,89.68604395604396,0.78401,11,1
/fs/ess/PAA0203/xing244/AF_ClaSeq/results_updated/KaiB/run1/m_fold_sampling_voting_5jyt/01_m_fold_sampling/round_1/01_sampling/sampling_27/group_11_unrelaxed_rank_001_alphafold2_ptm_model_1_seed_042.pdb,76.41934065934066,0.76629,11,1
/fs/ess/PAA0203/xing244/AF_ClaSeq/results_updated/KaiB/run1/m_fold_sampling_voting_5jyt/01_m_fold_sampling/round_1/01_sampling/sampling_27/group_49_unrelaxed_rank_001_alphafold2_ptm_model_1_seed_042.pdb,78.38186813186812,0.77807,12,1
/fs/ess/PAA0203/xing244/AF_ClaSeq/results_updated/KaiB/run1/m_fold_sampling_voting_5jyt/01_m_fold_sampling/round_1/01_sampling/sampling_27/group_45_unrelaxed_rank_001_alphafold2_ptm_model_1_seed_042.pdb,84.03923076923077,0.77681,11,1
/fs/ess/PAA0203/xing244/AF_ClaSeq/results_updated/KaiB/run1/m_fold_sampling_voting_5jyt/01_m_fold_sampling/round_1/01_sampling/sampling_27/group_2_unrelaxed_rank_001_alphafold2_ptm_model_1_seed_042.pdb,83.53461538461539,0.78933,11,1
/fs/ess/PAA0203/xing244/AF_ClaSeq/results_updated/KaiB/run1/m_fold_sampling_voting_5jyt/01_m_fold_sampling/round_1/01_sampling/sampling_27/group_36_unrelaxed_rank_001_alphafold2_ptm_model_1_seed_042.pdb,88.40406593406594,0.79297,11,1
/fs/ess/PAA0203/xing244/AF_ClaSeq/results_updated/KaiB/run1/m_fold_sampling_voting_5jyt/01_m_fold_sampling/round_1/01_sampling/sampling_16/group_20_unrelaxed_rank_001_alphafold2_ptm_model_1_seed_042.pdb,85.60252747252747,0.79779,11,1
/fs/ess/PAA0203/xing244/AF_ClaSeq/results_updated/KaiB/run1/m_fold_sampling_voting_5jyt/01_m_fold_sampling/round_1/01_sampling/sampling_16/group_44_unrelaxed_rank_001_alphafold2_ptm_model_1_seed_042.pdb,70.59615384615384,0.65334,11,1
/fs/ess/PAA0203/xing244/AF_ClaSeq/results_updated/KaiB/run1/m_fold_sampling_voting_5jyt/01_m_fold_sampling/round_1/01_sampling/sampling_16/group_16_unrelaxed_rank_001_alphafold2_ptm_model_1_seed_042.pdb,76.15164835164835,0.75686,11,1
/fs/ess/PAA0203/xing244/AF_ClaSeq/results_updated/KaiB/run1/m_fold_sampling_voting_5jyt/01_m_fold_sampling/round_1/01_sampling/sampling_16/group_8_unrelaxed_rank_001_alphafold2_ptm_model_1_seed_042.pdb,86.59,0.8195,11,1
/fs/ess/PAA0203/xing244/AF_ClaSeq/results_updated/KaiB/run1/m_fold_sampling_voting_5jyt/01_m_fold_sampling/round_1/01_sampling/sampling_16/group_48_unrelaxed_rank_001_alphafold2_ptm_model_1_seed_042.pdb,89.91098901098901,0.80846,11,1
/fs/ess/PAA0203/xing244/AF_ClaSeq/results_updated/KaiB/run1/m_fold_sampling_voting_5jyt/01_m_fold_sampling/round_1/01_sampling/sampling_16/group_6_unrelaxed_rank_001_alphafold2_ptm_model_1_seed_042.pdb,88.70461538461538,0.79847,11,1
/fs/ess/PAA0203/xing244/AF_ClaSeq/results_updated/KaiB/run1/m_fold_sampling_voting_5jyt/01_m_fold_sampling/round_1/01_sampling/sampling_16/group_19_unrelaxed_rank_001_alphafold2_ptm_model_1_seed_042.pdb,88.88615384615385,0.80199,11,1
/fs/ess/PAA0203/xing244/AF_ClaSeq/results_updated/KaiB/run1/m_fold_sampling_voting_5jyt/01_m_fold_sampling/round_1/01_sampling/sampling_16/group_13_unrelaxed_rank_001_alphafold2_ptm_model_1_seed_042.pdb,87.50648351648353,0.78346,11,1
/fs/ess/PAA0203/xing244/AF_ClaSeq/results_updated/KaiB/run1/m_fold_sampling_voting_5jyt/01_m_fold_sampling/round_1/01_sampling/sampling_16/group_28_unrelaxed_rank_001_alphafold2_ptm_model_1_seed_042.pdb,59.82538461538462,0.72922,11,1
/fs/ess/PAA0203/xing244/AF_ClaSeq/results_updated/KaiB/run1/m_fold_sampling_voting_5jyt/01_m_fold_sampling/round_1/01_sampling/sampling_16/group_32_unrelaxed_rank_001_alphafold2_ptm_model_1_seed_042.pdb,54.842527472527465,0.54325,11,1
/fs/ess/PAA0203/xing244/AF_ClaSeq/results_updated/KaiB/run1/m_fold_sampling_voting_5jyt/01_m_fold_sampling/round_1/01_sampling/sampling_16/group_22_unrelaxed_rank_001_alphafold2_ptm_model_1_seed_042.pdb,78.98736263736264,0.79889,11,1
/fs/ess/PAA0203/xing244/AF_ClaSeq/results_updated/KaiB/run1/m_fold_sampling_voting_5jyt/01_m_fold_sampling/round_1/01_sampling/sampling_16/group_7_unrelaxed_rank_001_alphafold2_ptm_model_1_seed_042.pdb,88.77813186813188,0.81133,11,1
/fs/ess/PAA0203/xing244/AF_ClaSeq/results_updated/KaiB/run1/m_fold_sampling_voting_5jyt/01_m_fold_sampling/round_1/01_sampling/sampling_16/group_21_unrelaxed_rank_001_alphafold2_ptm_model_1_seed_042.pdb,85.2831868131868,0.7978,11,1
/fs/ess/PAA0203/xing244/AF_ClaSeq/results_updated/KaiB/run1/m_fold_sampling_voting_5jyt/01_m_fold_sampling/round_1/01_sampling/sampling_16/group_41_unrelaxed_rank_001_alphafold2_ptm_model_1_seed_042.pdb,86.83054945054946,0.79297,11,1
/fs/ess/PAA0203/xing244/AF_ClaSeq/results_updated/KaiB/run1/m_fold_sampling_voting_5jyt/01_m_fold_sampling/round_1/01_sampling/sampling_16/group_31_unrelaxed_rank_001_alphafold2_ptm_model_1_seed_042.pdb,82.68021978021977,0.79805,11,1
/fs/ess/PAA0203/xing244/AF_ClaSeq/results_updated/KaiB/run1/m_fold_sampling_voting_5jyt/01_m_fold_sampling/round_1/01_sampling/sampling_16/group_46_unrelaxed_rank_001_alphafold2_ptm_model_1_seed_042.pdb,85.72494505494505,0.78033,11,1
/fs/ess/PAA0203/xing244/AF_ClaSeq/results_updated/KaiB/run1/m_fold_sampling_voting_5jyt/01_m_fold_sampling/round_1/01_sampling/sampling_16/group_17_unrelaxed_rank_001_alphafold2_ptm_model_1_seed_042.pdb,87.25813186813187,0.80468,11,1
/fs/ess/PAA0203/xing244/AF_ClaSeq/results_updated/KaiB/run1/m_fold_sampling_voting_5jyt/01_m_fold_sampling/round_1/01_sampling/sampling_16/group_14_unrelaxed_rank_001_alphafold2_ptm_model_1_seed_042.pdb,81.86593406593406,0.78979,11,1
/fs/ess/PAA0203/xing244/AF_ClaSeq/results_updated/KaiB/run1/m_fold_sampling_voting_5jyt/01_m_fold_sampling/round_1/01_sampling/sampling_16/group_4_unrelaxed_rank_001_alphafold2_ptm_model_1_seed_042.pdb,85.02252747252747,0.77467,11,1
/fs/ess/PAA0203/xing244/AF_ClaSeq/results_updated/KaiB/run1/m_fold_sampling_voting_5jyt/01_m_fold_sampling/round_1/01_sampling/sampling_16/group_12_unrelaxed_rank_001_alphafold2_ptm_model_1_seed_042.pdb,83.3301098901099,0.78406,11,1
/fs/ess/PAA0203/xing244/AF_ClaSeq/results_updated/KaiB/run1/m_fold_sampling_voting_5jyt/01_m_fold_sampling/round_1/01_sampling/sampling_16/group_38_unrelaxed_rank_001_alphafold2_ptm_model_1_seed_042.pdb,85.56296703296702,0.78509,11,1
/fs/ess/PAA0203/xing244/AF_ClaSeq/results_updated/KaiB/run1/m_fold_sampling_voting_5jyt/01_m_fold_sampling/round_1/01_sampling/sampling_16/group_15_unrelaxed_rank_001_alphafold2_ptm_model_1_seed_042.pdb,84.83626373626375,0.80602,11,1
/fs/ess/PAA0203/xing244/AF_ClaSeq/results_updated/KaiB/run1/m_fold_sampling_voting_5jyt/01_m_fold_sampling/round_1/01_sampling/sampling_16/group_23_unrelaxed_rank_001_alphafold2_ptm_model_1_seed_042.pdb,83.62637362637363,0.78373,11,1
/fs/ess/PAA0203/xing244/AF_ClaSeq/results_updated/KaiB/run1/m_fold_sampling_voting_5jyt/01_m_fold_sampling/round_1/01_sampling/sampling_16/group_5_unrelaxed_rank_001_alphafold2_ptm_model_1_seed_042.pdb,75.43703296703298,0.46819,11,1
/fs/ess/PAA0203/xing244/AF_ClaSeq/results_updated/KaiB/run1/m_fold_sampling_voting_5jyt/01_m_fold_sampling/round_1/01_sampling/sampling_16/group_33_unrelaxed_rank_001_alphafold2_ptm_model_1_seed_042.pdb,85.08582417582419,0.7475,11,1
/fs/ess/PAA0203/xing244/AF_ClaSeq/results_updated/KaiB/run1/m_fold_sampling_voting_5jyt/01_m_fold_sampling/round_1/01_sampling/sampling_16/group_27_unrelaxed_rank_001_alphafold2_ptm_model_1_seed_042.pdb,87.50406593406595,0.80973,11,1
/fs/ess/PAA0203/xing244/AF_ClaSeq/results_updated/KaiB/run1/m_fold_sampling_voting_5jyt/01_m_fold_sampling/round_1/01_sampling/sampling_16/group_42_unrelaxed_rank_001_alphafold2_ptm_model_1_seed_042.pdb,83.26593406593406,0.7806,11,1
/fs/ess/PAA0203/xing244/AF_ClaSeq/results_updated/KaiB/run1/m_fold_sampling_voting_5jyt/01_m_fold_sampling/round_1/01_sampling/sampling_16/group_10_unrelaxed_rank_001_alphafold2_ptm_model_1_seed_042.pdb,85.30252747252749,0.81091,11,1
/fs/ess/PAA0203/xing244/AF_ClaSeq/results_updated/KaiB/run1/m_fold_sampling_voting_5jyt/01_m_fold_sampling/round_1/01_sampling/sampling_16/group_37_unrelaxed_rank_001_alphafold2_ptm_model_1_seed_042.pdb,87.98307692307692,0.77276,11,1
/fs/ess/PAA0203/xing244/AF_ClaSeq/results_updated/KaiB/run1/m_fold_sampling_voting_5jyt/01_m_fold_sampling/round_1/01_sampling/sampling_16/group_29_unrelaxed_rank_001_alphafold2_ptm_model_1_seed_042.pdb,86.59527472527472,0.81562,11,1
/fs/ess/PAA0203/xing244/AF_ClaSeq/results_updated/KaiB/run1/m_fold_sampling_voting_5jyt/01_m_fold_sampling/round_1/01_sampling/sampling_16/group_18_unrelaxed_rank_001_alphafold2_ptm_model_1_seed_042.pdb,85.34813186813189,0.76747,11,1
/fs/ess/PAA0203/xing244/AF_ClaSeq/results_updated/KaiB/run1/m_fold_sampling_voting_5jyt/01_m_fold_sampling/round_1/01_sampling/sampling_16/group_43_unrelaxed_rank_001_alphafold2_ptm_model_1_seed_042.pdb,87.93164835164835,0.80264,11,1
/fs/ess/PAA0203/xing244/AF_ClaSeq/results_updated/KaiB/run1/m_fold_sampling_voting_5jyt/01_m_fold_sampling/round_1/01_sampling/sampling_16/group_25_unrelaxed_rank_001_alphafold2_ptm_model_1_seed_042.pdb,87.75989010989011,0.79751,11,1
/fs/ess/PAA0203/xing244/AF_ClaSeq/results_updated/KaiB/run1/m_fold_sampling_voting_5jyt/01_m_fold_sampling/round_1/01_sampling/sampling_16/group_3_unrelaxed_rank_001_alphafold2_ptm_model_1_seed_042.pdb,83.60329670329669,0.783,11,1
/fs/ess/PAA0203/xing244/AF_ClaSeq/results_updated/KaiB/run1/m_fold_sampling_voting_5jyt/01_m_fold_sampling/round_1/01_sampling/sampling_16/group_34_unrelaxed_rank_001_alphafold2_ptm_model_1_seed_042.pdb,87.40417582417584,0.78027,11,1
/fs/ess/PAA0203/xing244/AF_ClaSeq/results_updated/KaiB/run1/m_fold_sampling_voting_5jyt/01_m_fold_sampling/round_1/01_sampling/sampling_16/group_9_unrelaxed_rank_001_alphafold2_ptm_model_1_seed_042.pdb,73.29318681318681,0.77452,11,1
/fs/ess/PAA0203/xing244/AF_ClaSeq/results_updated/KaiB/run1/m_fold_sampling_voting_5jyt/01_m_fold_sampling/round_1/01_sampling/sampling_16/group_47_unrelaxed_rank_001_alphafold2_ptm_model_1_seed_042.pdb,88.23835164835164,0.79373,11,1
/fs/ess/PAA0203/xing244/AF_ClaSeq/results_updated/KaiB/run1/m_fold_sampling_voting_5jyt/01_m_fold_sampling/round_1/01_sampling/sampling_16/group_35_unrelaxed_rank_001_alphafold2_ptm_model_1_seed_042.pdb,91.04197802197803,0.81101,11,1
/fs/ess/PAA0203/xing244/AF_ClaSeq/results_updated/KaiB/run1/m_fold_sampling_voting_5jyt/01_m_fold_sampling/round_1/01_sampling/sampling_16/group_24_unrelaxed_rank_001_alphafold2_ptm_model_1_seed_042.pdb,87.91999999999999,0.81126,11,1
/fs/ess/PAA0203/xing244/AF_ClaSeq/results_updated/KaiB/run1/m_fold_sampling_voting_5jyt/01_m_fold_sampling/round_1/01_sampling/sampling_16/group_40_unrelaxed_rank_001_alphafold2_ptm_model_1_seed_042.pdb,62.53274725274726,0.58779,11,1
/fs/ess/PAA0203/xing244/AF_ClaSeq/results_updated/KaiB/run1/m_fold_sampling_voting_5jyt/01_m_fold_sampling/round_1/01_sampling/sampling_16/group_1_unrelaxed_rank_001_alphafold2_ptm_model_1_seed_042.pdb,77.93703296703296,0.77509,11,1
/fs/ess/PAA0203/xing244/AF_ClaSeq/results_updated/KaiB/run1/m_fold_sampling_voting_5jyt/01_m_fold_sampling/round_1/01_sampling/sampling_16/group_30_unrelaxed_rank_001_alphafold2_ptm_model_1_seed_042.pdb,89.93659340659342,0.80806,11,1
/fs/ess/PAA0203/xing244/AF_ClaSeq/results_updated/KaiB/run1/m_fold_sampling_voting_5jyt/01_m_fold_sampling/round_1/01_sampling/sampling_16/group_26_unrelaxed_rank_001_alphafold2_ptm_model_1_seed_042.pdb,85.96714285714286,0.75571,11,1
/fs/ess/PAA0203/xing244/AF_ClaSeq/results_updated/KaiB/run1/m_fold_sampling_voting_5jyt/01_m_fold_sampling/round_1/01_sampling/sampling_16/group_39_unrelaxed_rank_001_alphafold2_ptm_model_1_seed_042.pdb,87.54384615384616,0.80906,11,1
/fs/ess/PAA0203/xing244/AF_ClaSeq/results_updated/KaiB/run1/m_fold_sampling_voting_5jyt/01_m_fold_sampling/round_1/01_sampling/sampling_16/group_11_unrelaxed_rank_001_alphafold2_ptm_model_1_seed_042.pdb,86.85252747252748,0.80707,11,1
/fs/ess/PAA0203/xing244/AF_ClaSeq/results_updated/KaiB/run1/m_fold_sampling_voting_5jyt/01_m_fold_sampling/round_1/01_sampling/sampling_16/group_49_unrelaxed_rank_001_alphafold2_ptm_model_1_seed_042.pdb,87.1379120879121,0.80956,12,1
/fs/ess/PAA0203/xing244/AF_ClaSeq/results_updated/KaiB/run1/m_fold_sampling_voting_5jyt/01_m_fold_sampling/round_1/01_sampling/sampling_16/group_45_unrelaxed_rank_001_alphafold2_ptm_model_1_seed_042.pdb,84.94505494505495,0.78216,11,1
/fs/ess/PAA0203/xing244/AF_ClaSeq/results_updated/KaiB/run1/m_fold_sampling_voting_5jyt/01_m_fold_sampling/round_1/01_sampling/sampling_16/group_2_unrelaxed_rank_001_alphafold2_ptm_model_1_seed_042.pdb,82.2465934065934,0.80536,11,1
/fs/ess/PAA0203/xing244/AF_ClaSeq/results_updated/KaiB/run1/m_fold_sampling_voting_5jyt/01_m_fold_sampling/round_1/01_sampling/sampling_16/group_36_unrelaxed_rank_001_alphafold2_ptm_model_1_seed_042.pdb,85.43450549450549,0.77896,11,1
/fs/ess/PAA0203/xing244/AF_ClaSeq/results_updated/KaiB/run1/m_fold_sampling_voting_5jyt/01_m_fold_sampling/round_1/01_sampling/sampling_33/group_20_unrelaxed_rank_001_alphafold2_ptm_model_1_seed_042.pdb,84.9210989010989,0.78762,11,1
/fs/ess/PAA0203/xing244/AF_ClaSeq/results_updated/KaiB/run1/m_fold_sampling_voting_5jyt/01_m_fold_sampling/round_1/01_sampling/sampling_33/group_44_unrelaxed_rank_001_alphafold2_ptm_model_1_seed_042.pdb,86.71527472527471,0.78045,11,1
/fs/ess/PAA0203/xing244/AF_ClaSeq/results_updated/KaiB/run1/m_fold_sampling_voting_5jyt/01_m_fold_sampling/round_1/01_sampling/sampling_33/group_16_unrelaxed_rank_001_alphafold2_ptm_model_1_seed_042.pdb,87.87395604395606,0.80827,11,1
/fs/ess/PAA0203/xing244/AF_ClaSeq/results_updated/KaiB/run1/m_fold_sampling_voting_5jyt/01_m_fold_sampling/round_1/01_sampling/sampling_33/group_8_unrelaxed_rank_001_alphafold2_ptm_model_1_seed_042.pdb,83.76131868131868,0.79052,11,1
/fs/ess/PAA0203/xing244/AF_ClaSeq/results_updated/KaiB/run1/m_fold_sampling_voting_5jyt/01_m_fold_sampling/round_1/01_sampling/sampling_33/group_48_unrelaxed_rank_001_alphafold2_ptm_model_1_seed_042.pdb,86.8286813186813,0.80254,11,1
/fs/ess/PAA0203/xing244/AF_ClaSeq/results_updated/KaiB/run1/m_fold_sampling_voting_5jyt/01_m_fold_sampling/round_1/01_sampling/sampling_33/group_6_unrelaxed_rank_001_alphafold2_ptm_model_1_seed_042.pdb,87.15098901098902,0.78563,11,1
/fs/ess/PAA0203/xing244/AF_ClaSeq/results_updated/KaiB/run1/m_fold_sampling_voting_5jyt/01_m_fold_sampling/round_1/01_sampling/sampling_33/group_19_unrelaxed_rank_001_alphafold2_ptm_model_1_seed_042.pdb,89.48714285714286,0.81348,11,1
/fs/ess/PAA0203/xing244/AF_ClaSeq/results_updated/KaiB/run1/m_fold_sampling_voting_5jyt/01_m_fold_sampling/round_1/01_sampling/sampling_33/group_13_unrelaxed_rank_001_alphafold2_ptm_model_1_seed_042.pdb,84.4687912087912,0.77905,11,1
/fs/ess/PAA0203/xing244/AF_ClaSeq/results_updated/KaiB/run1/m_fold_sampling_voting_5jyt/01_m_fold_sampling/round_1/01_sampling/sampling_33/group_28_unrelaxed_rank_001_alphafold2_ptm_model_1_seed_042.pdb,90.530989010989,0.81538,11,1
/fs/ess/PAA0203/xing244/AF_ClaSeq/results_updated/KaiB/run1/m_fold_sampling_voting_5jyt/01_m_fold_sampling/round_1/01_sampling/sampling_33/group_32_unrelaxed_rank_001_alphafold2_ptm_model_1_seed_042.pdb,87.91318681318681,0.80188,11,1
/fs/ess/PAA0203/xing244/AF_ClaSeq/results_updated/KaiB/run1/m_fold_sampling_voting_5jyt/01_m_fold_sampling/round_1/01_sampling/sampling_33/group_22_unrelaxed_rank_001_alphafold2_ptm_model_1_seed_042.pdb,86.29857142857144,0.80916,11,1
/fs/ess/PAA0203/xing244/AF_ClaSeq/results_updated/KaiB/run1/m_fold_sampling_voting_5jyt/01_m_fold_sampling/round_1/01_sampling/sampling_33/group_7_unrelaxed_rank_001_alphafold2_ptm_model_1_seed_042.pdb,86.95461538461538,0.79303,11,1
/fs/ess/PAA0203/xing244/AF_ClaSeq/results_updated/KaiB/run1/m_fold_sampling_voting_5jyt/01_m_fold_sampling/round_1/01_sampling/sampling_33/group_21_unrelaxed_rank_001_alphafold2_ptm_model_1_seed_042.pdb,87.18593406593406,0.80102,11,1
/fs/ess/PAA0203/xing244/AF_ClaSeq/results_updated/KaiB/run1/m_fold_sampling_voting_5jyt/01_m_fold_sampling/round_1/01_sampling/sampling_33/group_41_unrelaxed_rank_001_alphafold2_ptm_model_1_seed_042.pdb,88.76406593406593,0.80543,11,1
/fs/ess/PAA0203/xing244/AF_ClaSeq/results_updated/KaiB/run1/m_fold_sampling_voting_5jyt/01_m_fold_sampling/round_1/01_sampling/sampling_33/group_31_unrelaxed_rank_001_alphafold2_ptm_model_1_seed_042.pdb,57.1887912087912,0.70082,11,1
/fs/ess/PAA0203/xing244/AF_ClaSeq/results_updated/KaiB/run1/m_fold_sampling_voting_5jyt/01_m_fold_sampling/round_1/01_sampling/sampling_33/group_46_unrelaxed_rank_001_alphafold2_ptm_model_1_seed_042.pdb,60.5832967032967,0.56971,11,1
/fs/ess/PAA0203/xing244/AF_ClaSeq/results_updated/KaiB/run1/m_fold_sampling_voting_5jyt/01_m_fold_sampling/round_1/01_sampling/sampling_33/group_17_unrelaxed_rank_001_alphafold2_ptm_model_1_seed_042.pdb,86.19703296703295,0.79436,11,1
/fs/ess/PAA0203/xing244/AF_ClaSeq/results_updated/KaiB/run1/m_fold_sampling_voting_5jyt/01_m_fold_sampling/round_1/01_sampling/sampling_33/group_14_unrelaxed_rank_001_alphafold2_ptm_model_1_seed_042.pdb,85.70923076923077,0.77098,11,1
/fs/ess/PAA0203/xing244/AF_ClaSeq/results_updated/KaiB/run1/m_fold_sampling_voting_5jyt/01_m_fold_sampling/round_1/01_sampling/sampling_33/group_4_unrelaxed_rank_001_alphafold2_ptm_model_1_seed_042.pdb,85.38109890109891,0.79474,11,1
/fs/ess/PAA0203/xing244/AF_ClaSeq/results_updated/KaiB/run1/m_fold_sampling_voting_5jyt/01_m_fold_sampling/round_1/01_sampling/sampling_33/group_12_unrelaxed_rank_001_alphafold2_ptm_model_1_seed_042.pdb,85.92824175824177,0.76015,11,1
/fs/ess/PAA0203/xing244/AF_ClaSeq/results_updated/KaiB/run1/m_fold_sampling_voting_5jyt/01_m_fold_sampling/round_1/01_sampling/sampling_33/group_38_unrelaxed_rank_001_alphafold2_ptm_model_1_seed_042.pdb,85.0531868131868,0.78626,11,1
/fs/ess/PAA0203/xing244/AF_ClaSeq/results_updated/KaiB/run1/m_fold_sampling_voting_5jyt/01_m_fold_sampling/round_1/01_sampling/sampling_33/group_15_unrelaxed_rank_001_alphafold2_ptm_model_1_seed_042.pdb,83.31582417582419,0.79414,11,1
/fs/ess/PAA0203/xing244/AF_ClaSeq/results_updated/KaiB/run1/m_fold_sampling_voting_5jyt/01_m_fold_sampling/round_1/01_sampling/sampling_33/group_23_unrelaxed_rank_001_alphafold2_ptm_model_1_seed_042.pdb,89.7913186813187,0.79621,11,1
/fs/ess/PAA0203/xing244/AF_ClaSeq/results_updated/KaiB/run1/m_fold_sampling_voting_5jyt/01_m_fold_sampling/round_1/01_sampling/sampling_33/group_5_unrelaxed_rank_001_alphafold2_ptm_model_1_seed_042.pdb,88.88791208791208,0.80634,11,1
/fs/ess/PAA0203/xing244/AF_ClaSeq/results_updated/KaiB/run1/m_fold_sampling_voting_5jyt/01_m_fold_sampling/round_1/01_sampling/sampling_33/group_33_unrelaxed_rank_001_alphafold2_ptm_model_1_seed_042.pdb,84.10450549450549,0.80373,11,1
/fs/ess/PAA0203/xing244/AF_ClaSeq/results_updated/KaiB/run1/m_fold_sampling_voting_5jyt/01_m_fold_sampling/round_1/01_sampling/sampling_33/group_27_unrelaxed_rank_001_alphafold2_ptm_model_1_seed_042.pdb,85.97461538461538,0.76254,11,1
/fs/ess/PAA0203/xing244/AF_ClaSeq/results_updated/KaiB/run1/m_fold_sampling_voting_5jyt/01_m_fold_sampling/round_1/01_sampling/sampling_33/group_42_unrelaxed_rank_001_alphafold2_ptm_model_1_seed_042.pdb,80.98362637362638,0.79264,11,1
/fs/ess/PAA0203/xing244/AF_ClaSeq/results_updated/KaiB/run1/m_fold_sampling_voting_5jyt/01_m_fold_sampling/round_1/01_sampling/sampling_33/group_10_unrelaxed_rank_001_alphafold2_ptm_model_1_seed_042.pdb,85.16153846153847,0.81003,11,1
/fs/ess/PAA0203/xing244/AF_ClaSeq/results_updated/KaiB/run1/m_fold_sampling_voting_5jyt/01_m_fold_sampling/round_1/01_sampling/sampling_33/group_37_unrelaxed_rank_001_alphafold2_ptm_model_1_seed_042.pdb,67.86406593406593,0.63221,11,1
/fs/ess/PAA0203/xing244/AF_ClaSeq/results_updated/KaiB/run1/m_fold_sampling_voting_5jyt/01_m_fold_sampling/round_1/01_sampling/sampling_33/group_29_unrelaxed_rank_001_alphafold2_ptm_model_1_seed_042.pdb,85.43714285714286,0.77345,11,1
/fs/ess/PAA0203/xing244/AF_ClaSeq/results_updated/KaiB/run1/m_fold_sampling_voting_5jyt/01_m_fold_sampling/round_1/01_sampling/sampling_33/group_18_unrelaxed_rank_001_alphafold2_ptm_model_1_seed_042.pdb,61.816923076923075,0.68469,11,1
/fs/ess/PAA0203/xing244/AF_ClaSeq/results_updated/KaiB/run1/m_fold_sampling_voting_5jyt/01_m_fold_sampling/round_1/01_sampling/sampling_33/group_43_unrelaxed_rank_001_alphafold2_ptm_model_1_seed_042.pdb,87.0023076923077,0.79333,11,1
/fs/ess/PAA0203/xing244/AF_ClaSeq/results_updated/KaiB/run1/m_fold_sampling_voting_5jyt/01_m_fold_sampling/round_1/01_sampling/sampling_33/group_25_unrelaxed_rank_001_alphafold2_ptm_model_1_seed_042.pdb,87.01428571428572,0.79153,11,1
/fs/ess/PAA0203/xing244/AF_ClaSeq/results_updated/KaiB/run1/m_fold_sampling_voting_5jyt/01_m_fold_sampling/round_1/01_sampling/sampling_33/group_3_unrelaxed_rank_001_alphafold2_ptm_model_1_seed_042.pdb,88.55076923076923,0.79087,11,1
/fs/ess/PAA0203/xing244/AF_ClaSeq/results_updated/KaiB/run1/m_fold_sampling_voting_5jyt/01_m_fold_sampling/round_1/01_sampling/sampling_33/group_34_unrelaxed_rank_001_alphafold2_ptm_model_1_seed_042.pdb,84.26868131868132,0.76001,11,1
/fs/ess/PAA0203/xing244/AF_ClaSeq/results_updated/KaiB/run1/m_fold_sampling_voting_5jyt/01_m_fold_sampling/round_1/01_sampling/sampling_33/group_9_unrelaxed_rank_001_alphafold2_ptm_model_1_seed_042.pdb,83.76263736263736,0.75805,11,1
/fs/ess/PAA0203/xing244/AF_ClaSeq/results_updated/KaiB/run1/m_fold_sampling_voting_5jyt/01_m_fold_sampling/round_1/01_sampling/sampling_33/group_47_unrelaxed_rank_001_alphafold2_ptm_model_1_seed_042.pdb,85.72637362637363,0.80546,11,1
/fs/ess/PAA0203/xing244/AF_ClaSeq/results_updated/KaiB/run1/m_fold_sampling_voting_5jyt/01_m_fold_sampling/round_1/01_sampling/sampling_33/group_35_unrelaxed_rank_001_alphafold2_ptm_model_1_seed_042.pdb,87.67241758241758,0.81083,11,1
/fs/ess/PAA0203/xing244/AF_ClaSeq/results_updated/KaiB/run1/m_fold_sampling_voting_5jyt/01_m_fold_sampling/round_1/01_sampling/sampling_33/group_24_unrelaxed_rank_001_alphafold2_ptm_model_1_seed_042.pdb,87.3243956043956,0.7942,11,1
/fs/ess/PAA0203/xing244/AF_ClaSeq/results_updated/KaiB/run1/m_fold_sampling_voting_5jyt/01_m_fold_sampling/round_1/01_sampling/sampling_33/group_40_unrelaxed_rank_001_alphafold2_ptm_model_1_seed_042.pdb,81.47043956043956,0.76592,11,1
/fs/ess/PAA0203/xing244/AF_ClaSeq/results_updated/KaiB/run1/m_fold_sampling_voting_5jyt/01_m_fold_sampling/round_1/01_sampling/sampling_33/group_1_unrelaxed_rank_001_alphafold2_ptm_model_1_seed_042.pdb,74.52021978021978,0.78403,11,1
/fs/ess/PAA0203/xing244/AF_ClaSeq/results_updated/KaiB/run1/m_fold_sampling_voting_5jyt/01_m_fold_sampling/round_1/01_sampling/sampling_33/group_30_unrelaxed_rank_001_alphafold2_ptm_model_1_seed_042.pdb,83.42769230769231,0.76787,11,1
/fs/ess/PAA0203/xing244/AF_ClaSeq/results_updated/KaiB/run1/m_fold_sampling_voting_5jyt/01_m_fold_sampling/round_1/01_sampling/sampling_33/group_26_unrelaxed_rank_001_alphafold2_ptm_model_1_seed_042.pdb,85.41857142857143,0.76316,11,1
/fs/ess/PAA0203/xing244/AF_ClaSeq/results_updated/KaiB/run1/m_fold_sampling_voting_5jyt/01_m_fold_sampling/round_1/01_sampling/sampling_33/group_39_unrelaxed_rank_001_alphafold2_ptm_model_1_seed_042.pdb,60.207692307692305,0.68683,11,1
/fs/ess/PAA0203/xing244/AF_ClaSeq/results_updated/KaiB/run1/m_fold_sampling_voting_5jyt/01_m_fold_sampling/round_1/01_sampling/sampling_33/group_11_unrelaxed_rank_001_alphafold2_ptm_model_1_seed_042.pdb,78.56648351648352,0.76754,11,1
/fs/ess/PAA0203/xing244/AF_ClaSeq/results_updated/KaiB/run1/m_fold_sampling_voting_5jyt/01_m_fold_sampling/round_1/01_sampling/sampling_33/group_49_unrelaxed_rank_001_alphafold2_ptm_model_1_seed_042.pdb,87.52351648351649,0.80006,12,1
/fs/ess/PAA0203/xing244/AF_ClaSeq/results_updated/KaiB/run1/m_fold_sampling_voting_5jyt/01_m_fold_sampling/round_1/01_sampling/sampling_33/group_45_unrelaxed_rank_001_alphafold2_ptm_model_1_seed_042.pdb,84.49912087912087,0.78762,11,1
/fs/ess/PAA0203/xing244/AF_ClaSeq/results_updated/KaiB/run1/m_fold_sampling_voting_5jyt/01_m_fold_sampling/round_1/01_sampling/sampling_33/group_2_unrelaxed_rank_001_alphafold2_ptm_model_1_seed_042.pdb,77.06637362637363,0.75523,11,1
/fs/ess/PAA0203/xing244/AF_ClaSeq/results_updated/KaiB/run1/m_fold_sampling_voting_5jyt/01_m_fold_sampling/round_1/01_sampling/sampling_33/group_36_unrelaxed_rank_001_alphafold2_ptm_model_1_seed_042.pdb,85.98659340659341,0.79548,11,1
/fs/ess/PAA0203/xing244/AF_ClaSeq/results_updated/KaiB/run1/m_fold_sampling_voting_5jyt/01_m_fold_sampling/round_1/01_sampling/sampling_18/group_20_unrelaxed_rank_001_alphafold2_ptm_model_1_seed_042.pdb,86.79142857142857,0.79113,11,1
/fs/ess/PAA0203/xing244/AF_ClaSeq/results_updated/KaiB/run1/m_fold_sampling_voting_5jyt/01_m_fold_sampling/round_1/01_sampling/sampling_18/group_44_unrelaxed_rank_001_alphafold2_ptm_model_1_seed_042.pdb,84.15010989010989,0.80128,11,1
/fs/ess/PAA0203/xing244/AF_ClaSeq/results_updated/KaiB/run1/m_fold_sampling_voting_5jyt/01_m_fold_sampling/round_1/01_sampling/sampling_18/group_16_unrelaxed_rank_001_alphafold2_ptm_model_1_seed_042.pdb,74.5634065934066,0.76901,11,1
/fs/ess/PAA0203/xing244/AF_ClaSeq/results_updated/KaiB/run1/m_fold_sampling_voting_5jyt/01_m_fold_sampling/round_1/01_sampling/sampling_18/group_8_unrelaxed_rank_001_alphafold2_ptm_model_1_seed_042.pdb,84.20967032967033,0.76274,11,1
/fs/ess/PAA0203/xing244/AF_ClaSeq/results_updated/KaiB/run1/m_fold_sampling_voting_5jyt/01_m_fold_sampling/round_1/01_sampling/sampling_18/group_48_unrelaxed_rank_001_alphafold2_ptm_model_1_seed_042.pdb,63.2543956043956,0.69922,11,1
/fs/ess/PAA0203/xing244/AF_ClaSeq/results_updated/KaiB/run1/m_fold_sampling_voting_5jyt/01_m_fold_sampling/round_1/01_sampling/sampling_18/group_6_unrelaxed_rank_001_alphafold2_ptm_model_1_seed_042.pdb,86.31296703296702,0.7717,11,1
/fs/ess/PAA0203/xing244/AF_ClaSeq/results_updated/KaiB/run1/m_fold_sampling_voting_5jyt/01_m_fold_sampling/round_1/01_sampling/sampling_18/group_19_unrelaxed_rank_001_alphafold2_ptm_model_1_seed_042.pdb,83.35714285714288,0.76187,11,1
/fs/ess/PAA0203/xing244/AF_ClaSeq/results_updated/KaiB/run1/m_fold_sampling_voting_5jyt/01_m_fold_sampling/round_1/01_sampling/sampling_18/group_13_unrelaxed_rank_001_alphafold2_ptm_model_1_seed_042.pdb,85.09802197802198,0.79083,11,1
/fs/ess/PAA0203/xing244/AF_ClaSeq/results_updated/KaiB/run1/m_fold_sampling_voting_5jyt/01_m_fold_sampling/round_1/01_sampling/sampling_18/group_28_unrelaxed_rank_001_alphafold2_ptm_model_1_seed_042.pdb,69.9756043956044,0.73249,11,1
/fs/ess/PAA0203/xing244/AF_ClaSeq/results_updated/KaiB/run1/m_fold_sampling_voting_5jyt/01_m_fold_sampling/round_1/01_sampling/sampling_18/group_32_unrelaxed_rank_001_alphafold2_ptm_model_1_seed_042.pdb,84.94736263736264,0.79272,11,1
/fs/ess/PAA0203/xing244/AF_ClaSeq/results_updated/KaiB/run1/m_fold_sampling_voting_5jyt/01_m_fold_sampling/round_1/01_sampling/sampling_18/group_22_unrelaxed_rank_001_alphafold2_ptm_model_1_seed_042.pdb,84.2,0.80402,11,1
/fs/ess/PAA0203/xing244/AF_ClaSeq/results_updated/KaiB/run1/m_fold_sampling_voting_5jyt/01_m_fold_sampling/round_1/01_sampling/sampling_18/group_7_unrelaxed_rank_001_alphafold2_ptm_model_1_seed_042.pdb,77.38230769230769,0.7649,11,1
/fs/ess/PAA0203/xing244/AF_ClaSeq/results_updated/KaiB/run1/m_fold_sampling_voting_5jyt/01_m_fold_sampling/round_1/01_sampling/sampling_18/group_21_unrelaxed_rank_001_alphafold2_ptm_model_1_seed_042.pdb,79.6245054945055,0.77652,11,1
/fs/ess/PAA0203/xing244/AF_ClaSeq/results_updated/KaiB/run1/m_fold_sampling_voting_5jyt/01_m_fold_sampling/round_1/01_sampling/sampling_18/group_41_unrelaxed_rank_001_alphafold2_ptm_model_1_seed_042.pdb,85.10252747252748,0.77233,11,1
/fs/ess/PAA0203/xing244/AF_ClaSeq/results_updated/KaiB/run1/m_fold_sampling_voting_5jyt/01_m_fold_sampling/round_1/01_sampling/sampling_18/group_31_unrelaxed_rank_001_alphafold2_ptm_model_1_seed_042.pdb,87.03571428571429,0.80762,11,1
/fs/ess/PAA0203/xing244/AF_ClaSeq/results_updated/KaiB/run1/m_fold_sampling_voting_5jyt/01_m_fold_sampling/round_1/01_sampling/sampling_18/group_46_unrelaxed_rank_001_alphafold2_ptm_model_1_seed_042.pdb,87.69890109890112,0.80239,11,1
/fs/ess/PAA0203/xing244/AF_ClaSeq/results_updated/KaiB/run1/m_fold_sampling_voting_5jyt/01_m_fold_sampling/round_1/01_sampling/sampling_18/group_17_unrelaxed_rank_001_alphafold2_ptm_model_1_seed_042.pdb,85.12538461538462,0.77576,11,1
/fs/ess/PAA0203/xing244/AF_ClaSeq/results_updated/KaiB/run1/m_fold_sampling_voting_5jyt/01_m_fold_sampling/round_1/01_sampling/sampling_18/group_14_unrelaxed_rank_001_alphafold2_ptm_model_1_seed_042.pdb,88.49956043956044,0.79741,11,1
/fs/ess/PAA0203/xing244/AF_ClaSeq/results_updated/KaiB/run1/m_fold_sampling_voting_5jyt/01_m_fold_sampling/round_1/01_sampling/sampling_18/group_4_unrelaxed_rank_001_alphafold2_ptm_model_1_seed_042.pdb,86.16549450549451,0.79145,11,1
/fs/ess/PAA0203/xing244/AF_ClaSeq/results_updated/KaiB/run1/m_fold_sampling_voting_5jyt/01_m_fold_sampling/round_1/01_sampling/sampling_18/group_12_unrelaxed_rank_001_alphafold2_ptm_model_1_seed_042.pdb,79.88516483516484,0.8015,11,1
/fs/ess/PAA0203/xing244/AF_ClaSeq/results_updated/KaiB/run1/m_fold_sampling_voting_5jyt/01_m_fold_sampling/round_1/01_sampling/sampling_18/group_38_unrelaxed_rank_001_alphafold2_ptm_model_1_seed_042.pdb,78.65087912087913,0.7684,11,1
/fs/ess/PAA0203/xing244/AF_ClaSeq/results_updated/KaiB/run1/m_fold_sampling_voting_5jyt/01_m_fold_sampling/round_1/01_sampling/sampling_18/group_15_unrelaxed_rank_001_alphafold2_ptm_model_1_seed_042.pdb,77.31967032967033,0.79292,11,1
/fs/ess/PAA0203/xing244/AF_ClaSeq/results_updated/KaiB/run1/m_fold_sampling_voting_5jyt/01_m_fold_sampling/round_1/01_sampling/sampling_18/group_23_unrelaxed_rank_001_alphafold2_ptm_model_1_seed_042.pdb,86.95494505494504,0.77184,11,1
/fs/ess/PAA0203/xing244/AF_ClaSeq/results_updated/KaiB/run1/m_fold_sampling_voting_5jyt/01_m_fold_sampling/round_1/01_sampling/sampling_18/group_5_unrelaxed_rank_001_alphafold2_ptm_model_1_seed_042.pdb,84.7620879120879,0.74938,11,1
/fs/ess/PAA0203/xing244/AF_ClaSeq/results_updated/KaiB/run1/m_fold_sampling_voting_5jyt/01_m_fold_sampling/round_1/01_sampling/sampling_18/group_33_unrelaxed_rank_001_alphafold2_ptm_model_1_seed_042.pdb,82.52582417582418,0.7973,11,1
/fs/ess/PAA0203/xing244/AF_ClaSeq/results_updated/KaiB/run1/m_fold_sampling_voting_5jyt/01_m_fold_sampling/round_1/01_sampling/sampling_18/group_27_unrelaxed_rank_001_alphafold2_ptm_model_1_seed_042.pdb,86.32373626373625,0.81448,11,1
/fs/ess/PAA0203/xing244/AF_ClaSeq/results_updated/KaiB/run1/m_fold_sampling_voting_5jyt/01_m_fold_sampling/round_1/01_sampling/sampling_18/group_42_unrelaxed_rank_001_alphafold2_ptm_model_1_seed_042.pdb,83.55923076923078,0.75611,11,1
/fs/ess/PAA0203/xing244/AF_ClaSeq/results_updated/KaiB/run1/m_fold_sampling_voting_5jyt/01_m_fold_sampling/round_1/01_sampling/sampling_18/group_10_unrelaxed_rank_001_alphafold2_ptm_model_1_seed_042.pdb,77.37208791208792,0.76908,11,1
/fs/ess/PAA0203/xing244/AF_ClaSeq/results_updated/KaiB/run1/m_fold_sampling_voting_5jyt/01_m_fold_sampling/round_1/01_sampling/sampling_18/group_37_unrelaxed_rank_001_alphafold2_ptm_model_1_seed_042.pdb,89.01978021978023,0.8129,11,1
/fs/ess/PAA0203/xing244/AF_ClaSeq/results_updated/KaiB/run1/m_fold_sampling_voting_5jyt/01_m_fold_sampling/round_1/01_sampling/sampling_18/group_29_unrelaxed_rank_001_alphafold2_ptm_model_1_seed_042.pdb,69.77703296703295,0.78172,11,1
/fs/ess/PAA0203/xing244/AF_ClaSeq/results_updated/KaiB/run1/m_fold_sampling_voting_5jyt/01_m_fold_sampling/round_1/01_sampling/sampling_18/group_18_unrelaxed_rank_001_alphafold2_ptm_model_1_seed_042.pdb,77.07813186813186,0.77598,11,1
/fs/ess/PAA0203/xing244/AF_ClaSeq/results_updated/KaiB/run1/m_fold_sampling_voting_5jyt/01_m_fold_sampling/round_1/01_sampling/sampling_18/group_43_unrelaxed_rank_001_alphafold2_ptm_model_1_seed_042.pdb,82.78274725274724,0.76196,11,1
/fs/ess/PAA0203/xing244/AF_ClaSeq/results_updated/KaiB/run1/m_fold_sampling_voting_5jyt/01_m_fold_sampling/round_1/01_sampling/sampling_18/group_25_unrelaxed_rank_001_alphafold2_ptm_model_1_seed_042.pdb,90.16098901098901,0.79322,11,1
/fs/ess/PAA0203/xing244/AF_ClaSeq/results_updated/KaiB/run1/m_fold_sampling_voting_5jyt/01_m_fold_sampling/round_1/01_sampling/sampling_18/group_3_unrelaxed_rank_001_alphafold2_ptm_model_1_seed_042.pdb,88.99153846153845,0.80941,11,1
/fs/ess/PAA0203/xing244/AF_ClaSeq/results_updated/KaiB/run1/m_fold_sampling_voting_5jyt/01_m_fold_sampling/round_1/01_sampling/sampling_18/group_34_unrelaxed_rank_001_alphafold2_ptm_model_1_seed_042.pdb,89.16989010989012,0.78856,11,1
/fs/ess/PAA0203/xing244/AF_ClaSeq/results_updated/KaiB/run1/m_fold_sampling_voting_5jyt/01_m_fold_sampling/round_1/01_sampling/sampling_18/group_9_unrelaxed_rank_001_alphafold2_ptm_model_1_seed_042.pdb,88.04967032967033,0.80375,11,1
/fs/ess/PAA0203/xing244/AF_ClaSeq/results_updated/KaiB/run1/m_fold_sampling_voting_5jyt/01_m_fold_sampling/round_1/01_sampling/sampling_18/group_47_unrelaxed_rank_001_alphafold2_ptm_model_1_seed_042.pdb,87.9679120879121,0.7972,11,1
/fs/ess/PAA0203/xing244/AF_ClaSeq/results_updated/KaiB/run1/m_fold_sampling_voting_5jyt/01_m_fold_sampling/round_1/01_sampling/sampling_18/group_35_unrelaxed_rank_001_alphafold2_ptm_model_1_seed_042.pdb,83.23472527472528,0.77932,11,1
/fs/ess/PAA0203/xing244/AF_ClaSeq/results_updated/KaiB/run1/m_fold_sampling_voting_5jyt/01_m_fold_sampling/round_1/01_sampling/sampling_18/group_24_unrelaxed_rank_001_alphafold2_ptm_model_1_seed_042.pdb,79.15637362637364,0.77134,11,1
/fs/ess/PAA0203/xing244/AF_ClaSeq/results_updated/KaiB/run1/m_fold_sampling_voting_5jyt/01_m_fold_sampling/round_1/01_sampling/sampling_18/group_40_unrelaxed_rank_001_alphafold2_ptm_model_1_seed_042.pdb,87.44835164835165,0.7987,11,1
/fs/ess/PAA0203/xing244/AF_ClaSeq/results_updated/KaiB/run1/m_fold_sampling_voting_5jyt/01_m_fold_sampling/round_1/01_sampling/sampling_18/group_1_unrelaxed_rank_001_alphafold2_ptm_model_1_seed_042.pdb,86.07065934065935,0.77973,11,1
/fs/ess/PAA0203/xing244/AF_ClaSeq/results_updated/KaiB/run1/m_fold_sampling_voting_5jyt/01_m_fold_sampling/round_1/01_sampling/sampling_18/group_30_unrelaxed_rank_001_alphafold2_ptm_model_1_seed_042.pdb,84.7801098901099,0.79308,11,1
/fs/ess/PAA0203/xing244/AF_ClaSeq/results_updated/KaiB/run1/m_fold_sampling_voting_5jyt/01_m_fold_sampling/round_1/01_sampling/sampling_18/group_26_unrelaxed_rank_001_alphafold2_ptm_model_1_seed_042.pdb,86.28076923076924,0.8092,11,1
/fs/ess/PAA0203/xing244/AF_ClaSeq/results_updated/KaiB/run1/m_fold_sampling_voting_5jyt/01_m_fold_sampling/round_1/01_sampling/sampling_18/group_39_unrelaxed_rank_001_alphafold2_ptm_model_1_seed_042.pdb,87.07307692307693,0.80163,11,1
/fs/ess/PAA0203/xing244/AF_ClaSeq/results_updated/KaiB/run1/m_fold_sampling_voting_5jyt/01_m_fold_sampling/round_1/01_sampling/sampling_18/group_11_unrelaxed_rank_001_alphafold2_ptm_model_1_seed_042.pdb,65.50219780219781,0.76218,11,1
/fs/ess/PAA0203/xing244/AF_ClaSeq/results_updated/KaiB/run1/m_fold_sampling_voting_5jyt/01_m_fold_sampling/round_1/01_sampling/sampling_18/group_49_unrelaxed_rank_001_alphafold2_ptm_model_1_seed_042.pdb,61.39197802197801,0.67072,12,1
/fs/ess/PAA0203/xing244/AF_ClaSeq/results_updated/KaiB/run1/m_fold_sampling_voting_5jyt/01_m_fold_sampling/round_1/01_sampling/sampling_18/group_45_unrelaxed_rank_001_alphafold2_ptm_model_1_seed_042.pdb,78.3546153846154,0.65853,11,1
/fs/ess/PAA0203/xing244/AF_ClaSeq/results_updated/KaiB/run1/m_fold_sampling_voting_5jyt/01_m_fold_sampling/round_1/01_sampling/sampling_18/group_2_unrelaxed_rank_001_alphafold2_ptm_model_1_seed_042.pdb,86.10571428571428,0.80312,11,1
/fs/ess/PAA0203/xing244/AF_ClaSeq/results_updated/KaiB/run1/m_fold_sampling_voting_5jyt/01_m_fold_sampling/round_1/01_sampling/sampling_18/group_36_unrelaxed_rank_001_alphafold2_ptm_model_1_seed_042.pdb,77.98032967032967,0.73499,11,1
/fs/ess/PAA0203/xing244/AF_ClaSeq/results_updated/KaiB/run1/m_fold_sampling_voting_5jyt/01_m_fold_sampling/round_1/01_sampling/sampling_23/group_20_unrelaxed_rank_001_alphafold2_ptm_model_1_seed_042.pdb,85.23120879120879,0.79138,11,1
/fs/ess/PAA0203/xing244/AF_ClaSeq/results_updated/KaiB/run1/m_fold_sampling_voting_5jyt/01_m_fold_sampling/round_1/01_sampling/sampling_23/group_44_unrelaxed_rank_001_alphafold2_ptm_model_1_seed_042.pdb,90.44263736263736,0.77558,11,1
/fs/ess/PAA0203/xing244/AF_ClaSeq/results_updated/KaiB/run1/m_fold_sampling_voting_5jyt/01_m_fold_sampling/round_1/01_sampling/sampling_23/group_16_unrelaxed_rank_001_alphafold2_ptm_model_1_seed_042.pdb,82.00549450549451,0.75395,11,1
/fs/ess/PAA0203/xing244/AF_ClaSeq/results_updated/KaiB/run1/m_fold_sampling_voting_5jyt/01_m_fold_sampling/round_1/01_sampling/sampling_23/group_8_unrelaxed_rank_001_alphafold2_ptm_model_1_seed_042.pdb,66.15835164835164,0.76499,11,1
/fs/ess/PAA0203/xing244/AF_ClaSeq/results_updated/KaiB/run1/m_fold_sampling_voting_5jyt/01_m_fold_sampling/round_1/01_sampling/sampling_23/group_48_unrelaxed_rank_001_alphafold2_ptm_model_1_seed_042.pdb,86.83945054945055,0.8037,11,1
/fs/ess/PAA0203/xing244/AF_ClaSeq/results_updated/KaiB/run1/m_fold_sampling_voting_5jyt/01_m_fold_sampling/round_1/01_sampling/sampling_23/group_6_unrelaxed_rank_001_alphafold2_ptm_model_1_seed_042.pdb,62.674065934065936,0.67308,11,1
/fs/ess/PAA0203/xing244/AF_ClaSeq/results_updated/KaiB/run1/m_fold_sampling_voting_5jyt/01_m_fold_sampling/round_1/01_sampling/sampling_23/group_19_unrelaxed_rank_001_alphafold2_ptm_model_1_seed_042.pdb,76.76802197802198,0.78133,11,1
/fs/ess/PAA0203/xing244/AF_ClaSeq/results_updated/KaiB/run1/m_fold_sampling_voting_5jyt/01_m_fold_sampling/round_1/01_sampling/sampling_23/group_13_unrelaxed_rank_001_alphafold2_ptm_model_1_seed_042.pdb,58.78142857142858,0.58585,11,1
/fs/ess/PAA0203/xing244/AF_ClaSeq/results_updated/KaiB/run1/m_fold_sampling_voting_5jyt/01_m_fold_sampling/round_1/01_sampling/sampling_23/group_28_unrelaxed_rank_001_alphafold2_ptm_model_1_seed_042.pdb,87.66065934065934,0.80703,11,1
/fs/ess/PAA0203/xing244/AF_ClaSeq/results_updated/KaiB/run1/m_fold_sampling_voting_5jyt/01_m_fold_sampling/round_1/01_sampling/sampling_23/group_32_unrelaxed_rank_001_alphafold2_ptm_model_1_seed_042.pdb,80.34857142857142,0.76355,11,1
/fs/ess/PAA0203/xing244/AF_ClaSeq/results_updated/KaiB/run1/m_fold_sampling_voting_5jyt/01_m_fold_sampling/round_1/01_sampling/sampling_23/group_22_unrelaxed_rank_001_alphafold2_ptm_model_1_seed_042.pdb,81.47703296703298,0.77576,11,1
/fs/ess/PAA0203/xing244/AF_ClaSeq/results_updated/KaiB/run1/m_fold_sampling_voting_5jyt/01_m_fold_sampling/round_1/01_sampling/sampling_23/group_7_unrelaxed_rank_001_alphafold2_ptm_model_1_seed_042.pdb,83.55406593406592,0.80589,11,1
/fs/ess/PAA0203/xing244/AF_ClaSeq/results_updated/KaiB/run1/m_fold_sampling_voting_5jyt/01_m_fold_sampling/round_1/01_sampling/sampling_23/group_21_unrelaxed_rank_001_alphafold2_ptm_model_1_seed_042.pdb,87.99461538461539,0.77707,11,1
/fs/ess/PAA0203/xing244/AF_ClaSeq/results_updated/KaiB/run1/m_fold_sampling_voting_5jyt/01_m_fold_sampling/round_1/01_sampling/sampling_23/group_41_unrelaxed_rank_001_alphafold2_ptm_model_1_seed_042.pdb,85.06846153846153,0.80929,11,1
/fs/ess/PAA0203/xing244/AF_ClaSeq/results_updated/KaiB/run1/m_fold_sampling_voting_5jyt/01_m_fold_sampling/round_1/01_sampling/sampling_23/group_31_unrelaxed_rank_001_alphafold2_ptm_model_1_seed_042.pdb,86.9897802197802,0.79256,11,1
/fs/ess/PAA0203/xing244/AF_ClaSeq/results_updated/KaiB/run1/m_fold_sampling_voting_5jyt/01_m_fold_sampling/round_1/01_sampling/sampling_23/group_46_unrelaxed_rank_001_alphafold2_ptm_model_1_seed_042.pdb,71.24384615384616,0.79554,11,1
/fs/ess/PAA0203/xing244/AF_ClaSeq/results_updated/KaiB/run1/m_fold_sampling_voting_5jyt/01_m_fold_sampling/round_1/01_sampling/sampling_23/group_17_unrelaxed_rank_001_alphafold2_ptm_model_1_seed_042.pdb,76.12758241758242,0.78048,11,1
/fs/ess/PAA0203/xing244/AF_ClaSeq/results_updated/KaiB/run1/m_fold_sampling_voting_5jyt/01_m_fold_sampling/round_1/01_sampling/sampling_23/group_14_unrelaxed_rank_001_alphafold2_ptm_model_1_seed_042.pdb,81.02989010989012,0.71898,11,1
/fs/ess/PAA0203/xing244/AF_ClaSeq/results_updated/KaiB/run1/m_fold_sampling_voting_5jyt/01_m_fold_sampling/round_1/01_sampling/sampling_23/group_4_unrelaxed_rank_001_alphafold2_ptm_model_1_seed_042.pdb,89.23692307692308,0.79481,11,1
/fs/ess/PAA0203/xing244/AF_ClaSeq/results_updated/KaiB/run1/m_fold_sampling_voting_5jyt/01_m_fold_sampling/round_1/01_sampling/sampling_23/group_12_unrelaxed_rank_001_alphafold2_ptm_model_1_seed_042.pdb,76.46219780219779,0.76245,11,1
/fs/ess/PAA0203/xing244/AF_ClaSeq/results_updated/KaiB/run1/m_fold_sampling_voting_5jyt/01_m_fold_sampling/round_1/01_sampling/sampling_23/group_38_unrelaxed_rank_001_alphafold2_ptm_model_1_seed_042.pdb,86.12879120879123,0.78046,11,1
/fs/ess/PAA0203/xing244/AF_ClaSeq/results_updated/KaiB/run1/m_fold_sampling_voting_5jyt/01_m_fold_sampling/round_1/01_sampling/sampling_23/group_15_unrelaxed_rank_001_alphafold2_ptm_model_1_seed_042.pdb,83.80956043956046,0.75087,11,1
/fs/ess/PAA0203/xing244/AF_ClaSeq/results_updated/KaiB/run1/m_fold_sampling_voting_5jyt/01_m_fold_sampling/round_1/01_sampling/sampling_23/group_23_unrelaxed_rank_001_alphafold2_ptm_model_1_seed_042.pdb,89.56417582417582,0.8169,11,1
/fs/ess/PAA0203/xing244/AF_ClaSeq/results_updated/KaiB/run1/m_fold_sampling_voting_5jyt/01_m_fold_sampling/round_1/01_sampling/sampling_23/group_5_unrelaxed_rank_001_alphafold2_ptm_model_1_seed_042.pdb,86.31736263736263,0.79081,11,1
/fs/ess/PAA0203/xing244/AF_ClaSeq/results_updated/KaiB/run1/m_fold_sampling_voting_5jyt/01_m_fold_sampling/round_1/01_sampling/sampling_23/group_33_unrelaxed_rank_001_alphafold2_ptm_model_1_seed_042.pdb,82.4253846153846,0.78644,11,1
/fs/ess/PAA0203/xing244/AF_ClaSeq/results_updated/KaiB/run1/m_fold_sampling_voting_5jyt/01_m_fold_sampling/round_1/01_sampling/sampling_23/group_27_unrelaxed_rank_001_alphafold2_ptm_model_1_seed_042.pdb,84.34593406593406,0.78286,11,1
/fs/ess/PAA0203/xing244/AF_ClaSeq/results_updated/KaiB/run1/m_fold_sampling_voting_5jyt/01_m_fold_sampling/round_1/01_sampling/sampling_23/group_42_unrelaxed_rank_001_alphafold2_ptm_model_1_seed_042.pdb,87.74593406593405,0.76291,11,1
/fs/ess/PAA0203/xing244/AF_ClaSeq/results_updated/KaiB/run1/m_fold_sampling_voting_5jyt/01_m_fold_sampling/round_1/01_sampling/sampling_23/group_10_unrelaxed_rank_001_alphafold2_ptm_model_1_seed_042.pdb,87.5134065934066,0.8172,11,1
/fs/ess/PAA0203/xing244/AF_ClaSeq/results_updated/KaiB/run1/m_fold_sampling_voting_5jyt/01_m_fold_sampling/round_1/01_sampling/sampling_23/group_37_unrelaxed_rank_001_alphafold2_ptm_model_1_seed_042.pdb,88.19681318681319,0.77421,11,1
/fs/ess/PAA0203/xing244/AF_ClaSeq/results_updated/KaiB/run1/m_fold_sampling_voting_5jyt/01_m_fold_sampling/round_1/01_sampling/sampling_23/group_29_unrelaxed_rank_001_alphafold2_ptm_model_1_seed_042.pdb,65.83373626373626,0.64658,11,1
/fs/ess/PAA0203/xing244/AF_ClaSeq/results_updated/KaiB/run1/m_fold_sampling_voting_5jyt/01_m_fold_sampling/round_1/01_sampling/sampling_23/group_18_unrelaxed_rank_001_alphafold2_ptm_model_1_seed_042.pdb,85.2212087912088,0.79588,11,1
/fs/ess/PAA0203/xing244/AF_ClaSeq/results_updated/KaiB/run1/m_fold_sampling_voting_5jyt/01_m_fold_sampling/round_1/01_sampling/sampling_23/group_43_unrelaxed_rank_001_alphafold2_ptm_model_1_seed_042.pdb,85.8353846153846,0.8038,11,1
/fs/ess/PAA0203/xing244/AF_ClaSeq/results_updated/KaiB/run1/m_fold_sampling_voting_5jyt/01_m_fold_sampling/round_1/01_sampling/sampling_23/group_25_unrelaxed_rank_001_alphafold2_ptm_model_1_seed_042.pdb,88.84131868131868,0.80619,11,1
/fs/ess/PAA0203/xing244/AF_ClaSeq/results_updated/KaiB/run1/m_fold_sampling_voting_5jyt/01_m_fold_sampling/round_1/01_sampling/sampling_23/group_3_unrelaxed_rank_001_alphafold2_ptm_model_1_seed_042.pdb,78.38923076923078,0.76604,11,1
/fs/ess/PAA0203/xing244/AF_ClaSeq/results_updated/KaiB/run1/m_fold_sampling_voting_5jyt/01_m_fold_sampling/round_1/01_sampling/sampling_23/group_34_unrelaxed_rank_001_alphafold2_ptm_model_1_seed_042.pdb,88.2289010989011,0.77463,11,1
/fs/ess/PAA0203/xing244/AF_ClaSeq/results_updated/KaiB/run1/m_fold_sampling_voting_5jyt/01_m_fold_sampling/round_1/01_sampling/sampling_23/group_9_unrelaxed_rank_001_alphafold2_ptm_model_1_seed_042.pdb,70.12010989010989,0.78153,11,1
/fs/ess/PAA0203/xing244/AF_ClaSeq/results_updated/KaiB/run1/m_fold_sampling_voting_5jyt/01_m_fold_sampling/round_1/01_sampling/sampling_23/group_47_unrelaxed_rank_001_alphafold2_ptm_model_1_seed_042.pdb,87.11835164835165,0.79202,11,1
/fs/ess/PAA0203/xing244/AF_ClaSeq/results_updated/KaiB/run1/m_fold_sampling_voting_5jyt/01_m_fold_sampling/round_1/01_sampling/sampling_23/group_35_unrelaxed_rank_001_alphafold2_ptm_model_1_seed_042.pdb,85.64923076923077,0.76522,11,1
/fs/ess/PAA0203/xing244/AF_ClaSeq/results_updated/KaiB/run1/m_fold_sampling_voting_5jyt/01_m_fold_sampling/round_1/01_sampling/sampling_23/group_24_unrelaxed_rank_001_alphafold2_ptm_model_1_seed_042.pdb,85.72846153846154,0.77097,11,1
/fs/ess/PAA0203/xing244/AF_ClaSeq/results_updated/KaiB/run1/m_fold_sampling_voting_5jyt/01_m_fold_sampling/round_1/01_sampling/sampling_23/group_40_unrelaxed_rank_001_alphafold2_ptm_model_1_seed_042.pdb,78.89153846153846,0.76524,11,1
/fs/ess/PAA0203/xing244/AF_ClaSeq/results_updated/KaiB/run1/m_fold_sampling_voting_5jyt/01_m_fold_sampling/round_1/01_sampling/sampling_23/group_1_unrelaxed_rank_001_alphafold2_ptm_model_1_seed_042.pdb,91.33395604395604,0.8044,11,1
/fs/ess/PAA0203/xing244/AF_ClaSeq/results_updated/KaiB/run1/m_fold_sampling_voting_5jyt/01_m_fold_sampling/round_1/01_sampling/sampling_23/group_30_unrelaxed_rank_001_alphafold2_ptm_model_1_seed_042.pdb,88.39428571428573,0.81099,11,1
/fs/ess/PAA0203/xing244/AF_ClaSeq/results_updated/KaiB/run1/m_fold_sampling_voting_5jyt/01_m_fold_sampling/round_1/01_sampling/sampling_23/group_26_unrelaxed_rank_001_alphafold2_ptm_model_1_seed_042.pdb,85.85615384615384,0.81165,11,1
/fs/ess/PAA0203/xing244/AF_ClaSeq/results_updated/KaiB/run1/m_fold_sampling_voting_5jyt/01_m_fold_sampling/round_1/01_sampling/sampling_23/group_39_unrelaxed_rank_001_alphafold2_ptm_model_1_seed_042.pdb,78.99516483516484,0.72075,11,1
/fs/ess/PAA0203/xing244/AF_ClaSeq/results_updated/KaiB/run1/m_fold_sampling_voting_5jyt/01_m_fold_sampling/round_1/01_sampling/sampling_23/group_11_unrelaxed_rank_001_alphafold2_ptm_model_1_seed_042.pdb,80.92648351648351,0.72545,11,1
/fs/ess/PAA0203/xing244/AF_ClaSeq/results_updated/KaiB/run1/m_fold_sampling_voting_5jyt/01_m_fold_sampling/round_1/01_sampling/sampling_23/group_49_unrelaxed_rank_001_alphafold2_ptm_model_1_seed_042.pdb,83.3154945054945,0.80613,12,1
/fs/ess/PAA0203/xing244/AF_ClaSeq/results_updated/KaiB/run1/m_fold_sampling_voting_5jyt/01_m_fold_sampling/round_1/01_sampling/sampling_23/group_45_unrelaxed_rank_001_alphafold2_ptm_model_1_seed_042.pdb,78.04934065934064,0.77273,11,1
/fs/ess/PAA0203/xing244/AF_ClaSeq/results_updated/KaiB/run1/m_fold_sampling_voting_5jyt/01_m_fold_sampling/round_1/01_sampling/sampling_23/group_2_unrelaxed_rank_001_alphafold2_ptm_model_1_seed_042.pdb,88.96824175824176,0.801,11,1
/fs/ess/PAA0203/xing244/AF_ClaSeq/results_updated/KaiB/run1/m_fold_sampling_voting_5jyt/01_m_fold_sampling/round_1/01_sampling/sampling_23/group_36_unrelaxed_rank_001_alphafold2_ptm_model_1_seed_042.pdb,87.82505494505494,0.81728,11,1
/fs/ess/PAA0203/xing244/AF_ClaSeq/results_updated/KaiB/run1/m_fold_sampling_voting_5jyt/01_m_fold_sampling/round_1/01_sampling/sampling_13/group_20_unrelaxed_rank_001_alphafold2_ptm_model_1_seed_042.pdb,87.31527472527472,0.79836,11,1
/fs/ess/PAA0203/xing244/AF_ClaSeq/results_updated/KaiB/run1/m_fold_sampling_voting_5jyt/01_m_fold_sampling/round_1/01_sampling/sampling_13/group_44_unrelaxed_rank_001_alphafold2_ptm_model_1_seed_042.pdb,87.56439560439561,0.80951,11,1
/fs/ess/PAA0203/xing244/AF_ClaSeq/results_updated/KaiB/run1/m_fold_sampling_voting_5jyt/01_m_fold_sampling/round_1/01_sampling/sampling_13/group_16_unrelaxed_rank_001_alphafold2_ptm_model_1_seed_042.pdb,84.90197802197802,0.80038,11,1
/fs/ess/PAA0203/xing244/AF_ClaSeq/results_updated/KaiB/run1/m_fold_sampling_voting_5jyt/01_m_fold_sampling/round_1/01_sampling/sampling_13/group_8_unrelaxed_rank_001_alphafold2_ptm_model_1_seed_042.pdb,79.76681318681321,0.7661,11,1
/fs/ess/PAA0203/xing244/AF_ClaSeq/results_updated/KaiB/run1/m_fold_sampling_voting_5jyt/01_m_fold_sampling/round_1/01_sampling/sampling_13/group_48_unrelaxed_rank_001_alphafold2_ptm_model_1_seed_042.pdb,86.81659340659341,0.78836,11,1
/fs/ess/PAA0203/xing244/AF_ClaSeq/results_updated/KaiB/run1/m_fold_sampling_voting_5jyt/01_m_fold_sampling/round_1/01_sampling/sampling_13/group_6_unrelaxed_rank_001_alphafold2_ptm_model_1_seed_042.pdb,86.1998901098901,0.79669,11,1
/fs/ess/PAA0203/xing244/AF_ClaSeq/results_updated/KaiB/run1/m_fold_sampling_voting_5jyt/01_m_fold_sampling/round_1/01_sampling/sampling_13/group_19_unrelaxed_rank_001_alphafold2_ptm_model_1_seed_042.pdb,87.58714285714285,0.8035,11,1
/fs/ess/PAA0203/xing244/AF_ClaSeq/results_updated/KaiB/run1/m_fold_sampling_voting_5jyt/01_m_fold_sampling/round_1/01_sampling/sampling_13/group_13_unrelaxed_rank_001_alphafold2_ptm_model_1_seed_042.pdb,76.23912087912089,0.76786,11,1
/fs/ess/PAA0203/xing244/AF_ClaSeq/results_updated/KaiB/run1/m_fold_sampling_voting_5jyt/01_m_fold_sampling/round_1/01_sampling/sampling_13/group_28_unrelaxed_rank_001_alphafold2_ptm_model_1_seed_042.pdb,81.86450549450548,0.79006,11,1
/fs/ess/PAA0203/xing244/AF_ClaSeq/results_updated/KaiB/run1/m_fold_sampling_voting_5jyt/01_m_fold_sampling/round_1/01_sampling/sampling_13/group_32_unrelaxed_rank_001_alphafold2_ptm_model_1_seed_042.pdb,87.4389010989011,0.78672,11,1
/fs/ess/PAA0203/xing244/AF_ClaSeq/results_updated/KaiB/run1/m_fold_sampling_voting_5jyt/01_m_fold_sampling/round_1/01_sampling/sampling_13/group_22_unrelaxed_rank_001_alphafold2_ptm_model_1_seed_042.pdb,76.31483516483516,0.77468,11,1
/fs/ess/PAA0203/xing244/AF_ClaSeq/results_updated/KaiB/run1/m_fold_sampling_voting_5jyt/01_m_fold_sampling/round_1/01_sampling/sampling_13/group_7_unrelaxed_rank_001_alphafold2_ptm_model_1_seed_042.pdb,76.34758241758242,0.77249,11,1
/fs/ess/PAA0203/xing244/AF_ClaSeq/results_updated/KaiB/run1/m_fold_sampling_voting_5jyt/01_m_fold_sampling/round_1/01_sampling/sampling_13/group_21_unrelaxed_rank_001_alphafold2_ptm_model_1_seed_042.pdb,86.48351648351648,0.81661,11,1
/fs/ess/PAA0203/xing244/AF_ClaSeq/results_updated/KaiB/run1/m_fold_sampling_voting_5jyt/01_m_fold_sampling/round_1/01_sampling/sampling_13/group_41_unrelaxed_rank_001_alphafold2_ptm_model_1_seed_042.pdb,71.82703296703298,0.50644,11,1
/fs/ess/PAA0203/xing244/AF_ClaSeq/results_updated/KaiB/run1/m_fold_sampling_voting_5jyt/01_m_fold_sampling/round_1/01_sampling/sampling_13/group_31_unrelaxed_rank_001_alphafold2_ptm_model_1_seed_042.pdb,65.14362637362638,0.63342,11,1
/fs/ess/PAA0203/xing244/AF_ClaSeq/results_updated/KaiB/run1/m_fold_sampling_voting_5jyt/01_m_fold_sampling/round_1/01_sampling/sampling_13/group_46_unrelaxed_rank_001_alphafold2_ptm_model_1_seed_042.pdb,85.9243956043956,0.75237,11,1
/fs/ess/PAA0203/xing244/AF_ClaSeq/results_updated/KaiB/run1/m_fold_sampling_voting_5jyt/01_m_fold_sampling/round_1/01_sampling/sampling_13/group_17_unrelaxed_rank_001_alphafold2_ptm_model_1_seed_042.pdb,76.7168131868132,0.78092,11,1
/fs/ess/PAA0203/xing244/AF_ClaSeq/results_updated/KaiB/run1/m_fold_sampling_voting_5jyt/01_m_fold_sampling/round_1/01_sampling/sampling_13/group_14_unrelaxed_rank_001_alphafold2_ptm_model_1_seed_042.pdb,84.06197802197802,0.7836,11,1
/fs/ess/PAA0203/xing244/AF_ClaSeq/results_updated/KaiB/run1/m_fold_sampling_voting_5jyt/01_m_fold_sampling/round_1/01_sampling/sampling_13/group_4_unrelaxed_rank_001_alphafold2_ptm_model_1_seed_042.pdb,83.70626373626374,0.75563,11,1
/fs/ess/PAA0203/xing244/AF_ClaSeq/results_updated/KaiB/run1/m_fold_sampling_voting_5jyt/01_m_fold_sampling/round_1/01_sampling/sampling_13/group_12_unrelaxed_rank_001_alphafold2_ptm_model_1_seed_042.pdb,85.58736263736263,0.79235,11,1
/fs/ess/PAA0203/xing244/AF_ClaSeq/results_updated/KaiB/run1/m_fold_sampling_voting_5jyt/01_m_fold_sampling/round_1/01_sampling/sampling_13/group_38_unrelaxed_rank_001_alphafold2_ptm_model_1_seed_042.pdb,81.0334065934066,0.76747,11,1
/fs/ess/PAA0203/xing244/AF_ClaSeq/results_updated/KaiB/run1/m_fold_sampling_voting_5jyt/01_m_fold_sampling/round_1/01_sampling/sampling_13/group_15_unrelaxed_rank_001_alphafold2_ptm_model_1_seed_042.pdb,88.04945054945054,0.78466,11,1
/fs/ess/PAA0203/xing244/AF_ClaSeq/results_updated/KaiB/run1/m_fold_sampling_voting_5jyt/01_m_fold_sampling/round_1/01_sampling/sampling_13/group_23_unrelaxed_rank_001_alphafold2_ptm_model_1_seed_042.pdb,62.27351648351649,0.6261,11,1
/fs/ess/PAA0203/xing244/AF_ClaSeq/results_updated/KaiB/run1/m_fold_sampling_voting_5jyt/01_m_fold_sampling/round_1/01_sampling/sampling_13/group_5_unrelaxed_rank_001_alphafold2_ptm_model_1_seed_042.pdb,86.93076923076923,0.76663,11,1
/fs/ess/PAA0203/xing244/AF_ClaSeq/results_updated/KaiB/run1/m_fold_sampling_voting_5jyt/01_m_fold_sampling/round_1/01_sampling/sampling_13/group_33_unrelaxed_rank_001_alphafold2_ptm_model_1_seed_042.pdb,86.5167032967033,0.7862,11,1
/fs/ess/PAA0203/xing244/AF_ClaSeq/results_updated/KaiB/run1/m_fold_sampling_voting_5jyt/01_m_fold_sampling/round_1/01_sampling/sampling_13/group_27_unrelaxed_rank_001_alphafold2_ptm_model_1_seed_042.pdb,79.15263736263736,0.79166,11,1
/fs/ess/PAA0203/xing244/AF_ClaSeq/results_updated/KaiB/run1/m_fold_sampling_voting_5jyt/01_m_fold_sampling/round_1/01_sampling/sampling_13/group_42_unrelaxed_rank_001_alphafold2_ptm_model_1_seed_042.pdb,83.27362637362637,0.85776,11,1
/fs/ess/PAA0203/xing244/AF_ClaSeq/results_updated/KaiB/run1/m_fold_sampling_voting_5jyt/01_m_fold_sampling/round_1/01_sampling/sampling_13/group_10_unrelaxed_rank_001_alphafold2_ptm_model_1_seed_042.pdb,88.58560439560439,0.81327,11,1
/fs/ess/PAA0203/xing244/AF_ClaSeq/results_updated/KaiB/run1/m_fold_sampling_voting_5jyt/01_m_fold_sampling/round_1/01_sampling/sampling_13/group_37_unrelaxed_rank_001_alphafold2_ptm_model_1_seed_042.pdb,87.8286813186813,0.80642,11,1
/fs/ess/PAA0203/xing244/AF_ClaSeq/results_updated/KaiB/run1/m_fold_sampling_voting_5jyt/01_m_fold_sampling/round_1/01_sampling/sampling_13/group_29_unrelaxed_rank_001_alphafold2_ptm_model_1_seed_042.pdb,83.00835164835163,0.76539,11,1
/fs/ess/PAA0203/xing244/AF_ClaSeq/results_updated/KaiB/run1/m_fold_sampling_voting_5jyt/01_m_fold_sampling/round_1/01_sampling/sampling_13/group_18_unrelaxed_rank_001_alphafold2_ptm_model_1_seed_042.pdb,87.97252747252747,0.81705,11,1
/fs/ess/PAA0203/xing244/AF_ClaSeq/results_updated/KaiB/run1/m_fold_sampling_voting_5jyt/01_m_fold_sampling/round_1/01_sampling/sampling_13/group_43_unrelaxed_rank_001_alphafold2_ptm_model_1_seed_042.pdb,83.60758241758242,0.77166,11,1
/fs/ess/PAA0203/xing244/AF_ClaSeq/results_updated/KaiB/run1/m_fold_sampling_voting_5jyt/01_m_fold_sampling/round_1/01_sampling/sampling_13/group_25_unrelaxed_rank_001_alphafold2_ptm_model_1_seed_042.pdb,87.65912087912086,0.80627,11,1
/fs/ess/PAA0203/xing244/AF_ClaSeq/results_updated/KaiB/run1/m_fold_sampling_voting_5jyt/01_m_fold_sampling/round_1/01_sampling/sampling_13/group_3_unrelaxed_rank_001_alphafold2_ptm_model_1_seed_042.pdb,87.65879120879121,0.7937,11,1
/fs/ess/PAA0203/xing244/AF_ClaSeq/results_updated/KaiB/run1/m_fold_sampling_voting_5jyt/01_m_fold_sampling/round_1/01_sampling/sampling_13/group_34_unrelaxed_rank_001_alphafold2_ptm_model_1_seed_042.pdb,84.30395604395605,0.82381,11,1
/fs/ess/PAA0203/xing244/AF_ClaSeq/results_updated/KaiB/run1/m_fold_sampling_voting_5jyt/01_m_fold_sampling/round_1/01_sampling/sampling_13/group_9_unrelaxed_rank_001_alphafold2_ptm_model_1_seed_042.pdb,84.77692307692307,0.81002,11,1
/fs/ess/PAA0203/xing244/AF_ClaSeq/results_updated/KaiB/run1/m_fold_sampling_voting_5jyt/01_m_fold_sampling/round_1/01_sampling/sampling_13/group_47_unrelaxed_rank_001_alphafold2_ptm_model_1_seed_042.pdb,85.89406593406594,0.79033,11,1
/fs/ess/PAA0203/xing244/AF_ClaSeq/results_updated/KaiB/run1/m_fold_sampling_voting_5jyt/01_m_fold_sampling/round_1/01_sampling/sampling_13/group_35_unrelaxed_rank_001_alphafold2_ptm_model_1_seed_042.pdb,84.95076923076924,0.79657,11,1
/fs/ess/PAA0203/xing244/AF_ClaSeq/results_updated/KaiB/run1/m_fold_sampling_voting_5jyt/01_m_fold_sampling/round_1/01_sampling/sampling_13/group_24_unrelaxed_rank_001_alphafold2_ptm_model_1_seed_042.pdb,89.01021978021977,0.81176,11,1
/fs/ess/PAA0203/xing244/AF_ClaSeq/results_updated/KaiB/run1/m_fold_sampling_voting_5jyt/01_m_fold_sampling/round_1/01_sampling/sampling_13/group_40_unrelaxed_rank_001_alphafold2_ptm_model_1_seed_042.pdb,84.30890109890109,0.75323,11,1
/fs/ess/PAA0203/xing244/AF_ClaSeq/results_updated/KaiB/run1/m_fold_sampling_voting_5jyt/01_m_fold_sampling/round_1/01_sampling/sampling_13/group_1_unrelaxed_rank_001_alphafold2_ptm_model_1_seed_042.pdb,87.13098901098903,0.79006,11,1
/fs/ess/PAA0203/xing244/AF_ClaSeq/results_updated/KaiB/run1/m_fold_sampling_voting_5jyt/01_m_fold_sampling/round_1/01_sampling/sampling_13/group_30_unrelaxed_rank_001_alphafold2_ptm_model_1_seed_042.pdb,84.3923076923077,0.77587,11,1
/fs/ess/PAA0203/xing244/AF_ClaSeq/results_updated/KaiB/run1/m_fold_sampling_voting_5jyt/01_m_fold_sampling/round_1/01_sampling/sampling_13/group_26_unrelaxed_rank_001_alphafold2_ptm_model_1_seed_042.pdb,87.37692307692306,0.80339,11,1
/fs/ess/PAA0203/xing244/AF_ClaSeq/results_updated/KaiB/run1/m_fold_sampling_voting_5jyt/01_m_fold_sampling/round_1/01_sampling/sampling_13/group_39_unrelaxed_rank_001_alphafold2_ptm_model_1_seed_042.pdb,77.29604395604395,0.76973,11,1
/fs/ess/PAA0203/xing244/AF_ClaSeq/results_updated/KaiB/run1/m_fold_sampling_voting_5jyt/01_m_fold_sampling/round_1/01_sampling/sampling_13/group_11_unrelaxed_rank_001_alphafold2_ptm_model_1_seed_042.pdb,86.78648351648351,0.8124,11,1
/fs/ess/PAA0203/xing244/AF_ClaSeq/results_updated/KaiB/run1/m_fold_sampling_voting_5jyt/01_m_fold_sampling/round_1/01_sampling/sampling_13/group_49_unrelaxed_rank_001_alphafold2_ptm_model_1_seed_042.pdb,87.38670329670329,0.79551,12,1
/fs/ess/PAA0203/xing244/AF_ClaSeq/results_updated/KaiB/run1/m_fold_sampling_voting_5jyt/01_m_fold_sampling/round_1/01_sampling/sampling_13/group_45_unrelaxed_rank_001_alphafold2_ptm_model_1_seed_042.pdb,84.12043956043956,0.7842,11,1
/fs/ess/PAA0203/xing244/AF_ClaSeq/results_updated/KaiB/run1/m_fold_sampling_voting_5jyt/01_m_fold_sampling/round_1/01_sampling/sampling_13/group_2_unrelaxed_rank_001_alphafold2_ptm_model_1_seed_042.pdb,84.02142857142856,0.75817,11,1
/fs/ess/PAA0203/xing244/AF_ClaSeq/results_updated/KaiB/run1/m_fold_sampling_voting_5jyt/01_m_fold_sampling/round_1/01_sampling/sampling_13/group_36_unrelaxed_rank_001_alphafold2_ptm_model_1_seed_042.pdb,86.64736263736263,0.80079,11,1
/fs/ess/PAA0203/xing244/AF_ClaSeq/results_updated/KaiB/run1/m_fold_sampling_voting_5jyt/01_m_fold_sampling/round_1/01_sampling/sampling_44/group_20_unrelaxed_rank_001_alphafold2_ptm_model_1_seed_042.pdb,80.26175824175823,0.77032,11,1
/fs/ess/PAA0203/xing244/AF_ClaSeq/results_updated/KaiB/run1/m_fold_sampling_voting_5jyt/01_m_fold_sampling/round_1/01_sampling/sampling_44/group_44_unrelaxed_rank_001_alphafold2_ptm_model_1_seed_042.pdb,82.25956043956046,0.77521,11,1
/fs/ess/PAA0203/xing244/AF_ClaSeq/results_updated/KaiB/run1/m_fold_sampling_voting_5jyt/01_m_fold_sampling/round_1/01_sampling/sampling_44/group_16_unrelaxed_rank_001_alphafold2_ptm_model_1_seed_042.pdb,84.81747252747252,0.78548,11,1
/fs/ess/PAA0203/xing244/AF_ClaSeq/results_updated/KaiB/run1/m_fold_sampling_voting_5jyt/01_m_fold_sampling/round_1/01_sampling/sampling_44/group_8_unrelaxed_rank_001_alphafold2_ptm_model_1_seed_042.pdb,87.61934065934066,0.81484,11,1
/fs/ess/PAA0203/xing244/AF_ClaSeq/results_updated/KaiB/run1/m_fold_sampling_voting_5jyt/01_m_fold_sampling/round_1/01_sampling/sampling_44/group_48_unrelaxed_rank_001_alphafold2_ptm_model_1_seed_042.pdb,82.96571428571428,0.77031,11,1
/fs/ess/PAA0203/xing244/AF_ClaSeq/results_updated/KaiB/run1/m_fold_sampling_voting_5jyt/01_m_fold_sampling/round_1/01_sampling/sampling_44/group_6_unrelaxed_rank_001_alphafold2_ptm_model_1_seed_042.pdb,87.07186813186813,0.78388,11,1
/fs/ess/PAA0203/xing244/AF_ClaSeq/results_updated/KaiB/run1/m_fold_sampling_voting_5jyt/01_m_fold_sampling/round_1/01_sampling/sampling_44/group_19_unrelaxed_rank_001_alphafold2_ptm_model_1_seed_042.pdb,57.38307692307693,0.69952,11,1
/fs/ess/PAA0203/xing244/AF_ClaSeq/results_updated/KaiB/run1/m_fold_sampling_voting_5jyt/01_m_fold_sampling/round_1/01_sampling/sampling_44/group_13_unrelaxed_rank_001_alphafold2_ptm_model_1_seed_042.pdb,79.80560439560439,0.75967,11,1
/fs/ess/PAA0203/xing244/AF_ClaSeq/results_updated/KaiB/run1/m_fold_sampling_voting_5jyt/01_m_fold_sampling/round_1/01_sampling/sampling_44/group_28_unrelaxed_rank_001_alphafold2_ptm_model_1_seed_042.pdb,79.17065934065934,0.76432,11,1
/fs/ess/PAA0203/xing244/AF_ClaSeq/results_updated/KaiB/run1/m_fold_sampling_voting_5jyt/01_m_fold_sampling/round_1/01_sampling/sampling_44/group_32_unrelaxed_rank_001_alphafold2_ptm_model_1_seed_042.pdb,80.89230769230768,0.72254,11,1
/fs/ess/PAA0203/xing244/AF_ClaSeq/results_updated/KaiB/run1/m_fold_sampling_voting_5jyt/01_m_fold_sampling/round_1/01_sampling/sampling_44/group_22_unrelaxed_rank_001_alphafold2_ptm_model_1_seed_042.pdb,82.54197802197803,0.78941,11,1
/fs/ess/PAA0203/xing244/AF_ClaSeq/results_updated/KaiB/run1/m_fold_sampling_voting_5jyt/01_m_fold_sampling/round_1/01_sampling/sampling_44/group_7_unrelaxed_rank_001_alphafold2_ptm_model_1_seed_042.pdb,89.67252747252748,0.78826,11,1
/fs/ess/PAA0203/xing244/AF_ClaSeq/results_updated/KaiB/run1/m_fold_sampling_voting_5jyt/01_m_fold_sampling/round_1/01_sampling/sampling_44/group_21_unrelaxed_rank_001_alphafold2_ptm_model_1_seed_042.pdb,83.66065934065935,0.79877,11,1
/fs/ess/PAA0203/xing244/AF_ClaSeq/results_updated/KaiB/run1/m_fold_sampling_voting_5jyt/01_m_fold_sampling/round_1/01_sampling/sampling_44/group_41_unrelaxed_rank_001_alphafold2_ptm_model_1_seed_042.pdb,81.31582417582416,0.80896,11,1
/fs/ess/PAA0203/xing244/AF_ClaSeq/results_updated/KaiB/run1/m_fold_sampling_voting_5jyt/01_m_fold_sampling/round_1/01_sampling/sampling_44/group_31_unrelaxed_rank_001_alphafold2_ptm_model_1_seed_042.pdb,77.77461538461537,0.77603,11,1
/fs/ess/PAA0203/xing244/AF_ClaSeq/results_updated/KaiB/run1/m_fold_sampling_voting_5jyt/01_m_fold_sampling/round_1/01_sampling/sampling_44/group_46_unrelaxed_rank_001_alphafold2_ptm_model_1_seed_042.pdb,88.1756043956044,0.79167,11,1
/fs/ess/PAA0203/xing244/AF_ClaSeq/results_updated/KaiB/run1/m_fold_sampling_voting_5jyt/01_m_fold_sampling/round_1/01_sampling/sampling_44/group_17_unrelaxed_rank_001_alphafold2_ptm_model_1_seed_042.pdb,88.35406593406593,0.79007,11,1
/fs/ess/PAA0203/xing244/AF_ClaSeq/results_updated/KaiB/run1/m_fold_sampling_voting_5jyt/01_m_fold_sampling/round_1/01_sampling/sampling_44/group_14_unrelaxed_rank_001_alphafold2_ptm_model_1_seed_042.pdb,83.79043956043957,0.75457,11,1
/fs/ess/PAA0203/xing244/AF_ClaSeq/results_updated/KaiB/run1/m_fold_sampling_voting_5jyt/01_m_fold_sampling/round_1/01_sampling/sampling_44/group_4_unrelaxed_rank_001_alphafold2_ptm_model_1_seed_042.pdb,84.74197802197804,0.76206,11,1
/fs/ess/PAA0203/xing244/AF_ClaSeq/results_updated/KaiB/run1/m_fold_sampling_voting_5jyt/01_m_fold_sampling/round_1/01_sampling/sampling_44/group_12_unrelaxed_rank_001_alphafold2_ptm_model_1_seed_042.pdb,90.17142857142855,0.82343,11,1
/fs/ess/PAA0203/xing244/AF_ClaSeq/results_updated/KaiB/run1/m_fold_sampling_voting_5jyt/01_m_fold_sampling/round_1/01_sampling/sampling_44/group_38_unrelaxed_rank_001_alphafold2_ptm_model_1_seed_042.pdb,84.9232967032967,0.78758,11,1
/fs/ess/PAA0203/xing244/AF_ClaSeq/results_updated/KaiB/run1/m_fold_sampling_voting_5jyt/01_m_fold_sampling/round_1/01_sampling/sampling_44/group_15_unrelaxed_rank_001_alphafold2_ptm_model_1_seed_042.pdb,83.49285714285716,0.77499,11,1
/fs/ess/PAA0203/xing244/AF_ClaSeq/results_updated/KaiB/run1/m_fold_sampling_voting_5jyt/01_m_fold_sampling/round_1/01_sampling/sampling_44/group_23_unrelaxed_rank_001_alphafold2_ptm_model_1_seed_042.pdb,88.28736263736265,0.80774,11,1
/fs/ess/PAA0203/xing244/AF_ClaSeq/results_updated/KaiB/run1/m_fold_sampling_voting_5jyt/01_m_fold_sampling/round_1/01_sampling/sampling_44/group_5_unrelaxed_rank_001_alphafold2_ptm_model_1_seed_042.pdb,89.81461538461538,0.80176,11,1
/fs/ess/PAA0203/xing244/AF_ClaSeq/results_updated/KaiB/run1/m_fold_sampling_voting_5jyt/01_m_fold_sampling/round_1/01_sampling/sampling_44/group_33_unrelaxed_rank_001_alphafold2_ptm_model_1_seed_042.pdb,87.38120879120879,0.78814,11,1
/fs/ess/PAA0203/xing244/AF_ClaSeq/results_updated/KaiB/run1/m_fold_sampling_voting_5jyt/01_m_fold_sampling/round_1/01_sampling/sampling_44/group_27_unrelaxed_rank_001_alphafold2_ptm_model_1_seed_042.pdb,89.48087912087912,0.80189,11,1
/fs/ess/PAA0203/xing244/AF_ClaSeq/results_updated/KaiB/run1/m_fold_sampling_voting_5jyt/01_m_fold_sampling/round_1/01_sampling/sampling_44/group_42_unrelaxed_rank_001_alphafold2_ptm_model_1_seed_042.pdb,86.94890109890109,0.80984,11,1
/fs/ess/PAA0203/xing244/AF_ClaSeq/results_updated/KaiB/run1/m_fold_sampling_voting_5jyt/01_m_fold_sampling/round_1/01_sampling/sampling_44/group_10_unrelaxed_rank_001_alphafold2_ptm_model_1_seed_042.pdb,86.71076923076923,0.78491,11,1
/fs/ess/PAA0203/xing244/AF_ClaSeq/results_updated/KaiB/run1/m_fold_sampling_voting_5jyt/01_m_fold_sampling/round_1/01_sampling/sampling_44/group_37_unrelaxed_rank_001_alphafold2_ptm_model_1_seed_042.pdb,86.25945054945056,0.8076,11,1
/fs/ess/PAA0203/xing244/AF_ClaSeq/results_updated/KaiB/run1/m_fold_sampling_voting_5jyt/01_m_fold_sampling/round_1/01_sampling/sampling_44/group_29_unrelaxed_rank_001_alphafold2_ptm_model_1_seed_042.pdb,87.15593406593408,0.80433,11,1
/fs/ess/PAA0203/xing244/AF_ClaSeq/results_updated/KaiB/run1/m_fold_sampling_voting_5jyt/01_m_fold_sampling/round_1/01_sampling/sampling_44/group_18_unrelaxed_rank_001_alphafold2_ptm_model_1_seed_042.pdb,80.38483516483517,0.77747,11,1
/fs/ess/PAA0203/xing244/AF_ClaSeq/results_updated/KaiB/run1/m_fold_sampling_voting_5jyt/01_m_fold_sampling/round_1/01_sampling/sampling_44/group_43_unrelaxed_rank_001_alphafold2_ptm_model_1_seed_042.pdb,83.11923076923077,0.74754,11,1
/fs/ess/PAA0203/xing244/AF_ClaSeq/results_updated/KaiB/run1/m_fold_sampling_voting_5jyt/01_m_fold_sampling/round_1/01_sampling/sampling_44/group_25_unrelaxed_rank_001_alphafold2_ptm_model_1_seed_042.pdb,87.94054945054945,0.79512,11,1
/fs/ess/PAA0203/xing244/AF_ClaSeq/results_updated/KaiB/run1/m_fold_sampling_voting_5jyt/01_m_fold_sampling/round_1/01_sampling/sampling_44/group_3_unrelaxed_rank_001_alphafold2_ptm_model_1_seed_042.pdb,82.52296703296705,0.76217,11,1
/fs/ess/PAA0203/xing244/AF_ClaSeq/results_updated/KaiB/run1/m_fold_sampling_voting_5jyt/01_m_fold_sampling/round_1/01_sampling/sampling_44/group_34_unrelaxed_rank_001_alphafold2_ptm_model_1_seed_042.pdb,79.78439560439561,0.78714,11,1
/fs/ess/PAA0203/xing244/AF_ClaSeq/results_updated/KaiB/run1/m_fold_sampling_voting_5jyt/01_m_fold_sampling/round_1/01_sampling/sampling_44/group_9_unrelaxed_rank_001_alphafold2_ptm_model_1_seed_042.pdb,83.50681318681319,0.75255,11,1
/fs/ess/PAA0203/xing244/AF_ClaSeq/results_updated/KaiB/run1/m_fold_sampling_voting_5jyt/01_m_fold_sampling/round_1/01_sampling/sampling_44/group_47_unrelaxed_rank_001_alphafold2_ptm_model_1_seed_042.pdb,85.0810989010989,0.76745,11,1
/fs/ess/PAA0203/xing244/AF_ClaSeq/results_updated/KaiB/run1/m_fold_sampling_voting_5jyt/01_m_fold_sampling/round_1/01_sampling/sampling_44/group_35_unrelaxed_rank_001_alphafold2_ptm_model_1_seed_042.pdb,80.63494505494505,0.76339,11,1
/fs/ess/PAA0203/xing244/AF_ClaSeq/results_updated/KaiB/run1/m_fold_sampling_voting_5jyt/01_m_fold_sampling/round_1/01_sampling/sampling_44/group_24_unrelaxed_rank_001_alphafold2_ptm_model_1_seed_042.pdb,59.716483516483514,0.5107,11,1
/fs/ess/PAA0203/xing244/AF_ClaSeq/results_updated/KaiB/run1/m_fold_sampling_voting_5jyt/01_m_fold_sampling/round_1/01_sampling/sampling_44/group_40_unrelaxed_rank_001_alphafold2_ptm_model_1_seed_042.pdb,86.2298901098901,0.81381,11,1
/fs/ess/PAA0203/xing244/AF_ClaSeq/results_updated/KaiB/run1/m_fold_sampling_voting_5jyt/01_m_fold_sampling/round_1/01_sampling/sampling_44/group_1_unrelaxed_rank_001_alphafold2_ptm_model_1_seed_042.pdb,85.30087912087912,0.79551,11,1
/fs/ess/PAA0203/xing244/AF_ClaSeq/results_updated/KaiB/run1/m_fold_sampling_voting_5jyt/01_m_fold_sampling/round_1/01_sampling/sampling_44/group_30_unrelaxed_rank_001_alphafold2_ptm_model_1_seed_042.pdb,84.66494505494505,0.78497,11,1
/fs/ess/PAA0203/xing244/AF_ClaSeq/results_updated/KaiB/run1/m_fold_sampling_voting_5jyt/01_m_fold_sampling/round_1/01_sampling/sampling_44/group_26_unrelaxed_rank_001_alphafold2_ptm_model_1_seed_042.pdb,84.77527472527473,0.78154,11,1
/fs/ess/PAA0203/xing244/AF_ClaSeq/results_updated/KaiB/run1/m_fold_sampling_voting_5jyt/01_m_fold_sampling/round_1/01_sampling/sampling_44/group_39_unrelaxed_rank_001_alphafold2_ptm_model_1_seed_042.pdb,84.80428571428573,0.79764,11,1
/fs/ess/PAA0203/xing244/AF_ClaSeq/results_updated/KaiB/run1/m_fold_sampling_voting_5jyt/01_m_fold_sampling/round_1/01_sampling/sampling_44/group_11_unrelaxed_rank_001_alphafold2_ptm_model_1_seed_042.pdb,88.67054945054943,0.81986,11,1
/fs/ess/PAA0203/xing244/AF_ClaSeq/results_updated/KaiB/run1/m_fold_sampling_voting_5jyt/01_m_fold_sampling/round_1/01_sampling/sampling_44/group_49_unrelaxed_rank_001_alphafold2_ptm_model_1_seed_042.pdb,85.65901098901098,0.80323,12,1
/fs/ess/PAA0203/xing244/AF_ClaSeq/results_updated/KaiB/run1/m_fold_sampling_voting_5jyt/01_m_fold_sampling/round_1/01_sampling/sampling_44/group_45_unrelaxed_rank_001_alphafold2_ptm_model_1_seed_042.pdb,81.58923076923078,0.79201,11,1
/fs/ess/PAA0203/xing244/AF_ClaSeq/results_updated/KaiB/run1/m_fold_sampling_voting_5jyt/01_m_fold_sampling/round_1/01_sampling/sampling_44/group_2_unrelaxed_rank_001_alphafold2_ptm_model_1_seed_042.pdb,80.13208791208791,0.73138,11,1
/fs/ess/PAA0203/xing244/AF_ClaSeq/results_updated/KaiB/run1/m_fold_sampling_voting_5jyt/01_m_fold_sampling/round_1/01_sampling/sampling_44/group_36_unrelaxed_rank_001_alphafold2_ptm_model_1_seed_042.pdb,86.02670329670329,0.80254,11,1
/fs/ess/PAA0203/xing244/AF_ClaSeq/results_updated/KaiB/run1/m_fold_sampling_voting_5jyt/01_m_fold_sampling/round_1/01_sampling/sampling_48/group_20_unrelaxed_rank_001_alphafold2_ptm_model_1_seed_042.pdb,72.83516483516483,0.77427,11,1
/fs/ess/PAA0203/xing244/AF_ClaSeq/results_updated/KaiB/run1/m_fold_sampling_voting_5jyt/01_m_fold_sampling/round_1/01_sampling/sampling_48/group_44_unrelaxed_rank_001_alphafold2_ptm_model_1_seed_042.pdb,85.42098901098902,0.76077,11,1
/fs/ess/PAA0203/xing244/AF_ClaSeq/results_updated/KaiB/run1/m_fold_sampling_voting_5jyt/01_m_fold_sampling/round_1/01_sampling/sampling_48/group_16_unrelaxed_rank_001_alphafold2_ptm_model_1_seed_042.pdb,72.08395604395605,0.7882,11,1
/fs/ess/PAA0203/xing244/AF_ClaSeq/results_updated/KaiB/run1/m_fold_sampling_voting_5jyt/01_m_fold_sampling/round_1/01_sampling/sampling_48/group_8_unrelaxed_rank_001_alphafold2_ptm_model_1_seed_042.pdb,86.16087912087913,0.80238,11,1
/fs/ess/PAA0203/xing244/AF_ClaSeq/results_updated/KaiB/run1/m_fold_sampling_voting_5jyt/01_m_fold_sampling/round_1/01_sampling/sampling_48/group_48_unrelaxed_rank_001_alphafold2_ptm_model_1_seed_042.pdb,86.2289010989011,0.80573,11,1
/fs/ess/PAA0203/xing244/AF_ClaSeq/results_updated/KaiB/run1/m_fold_sampling_voting_5jyt/01_m_fold_sampling/round_1/01_sampling/sampling_48/group_6_unrelaxed_rank_001_alphafold2_ptm_model_1_seed_042.pdb,84.34494505494506,0.76846,11,1
/fs/ess/PAA0203/xing244/AF_ClaSeq/results_updated/KaiB/run1/m_fold_sampling_voting_5jyt/01_m_fold_sampling/round_1/01_sampling/sampling_48/group_19_unrelaxed_rank_001_alphafold2_ptm_model_1_seed_042.pdb,85.93340659340659,0.79449,11,1
/fs/ess/PAA0203/xing244/AF_ClaSeq/results_updated/KaiB/run1/m_fold_sampling_voting_5jyt/01_m_fold_sampling/round_1/01_sampling/sampling_48/group_13_unrelaxed_rank_001_alphafold2_ptm_model_1_seed_042.pdb,88.63736263736263,0.78343,11,1
/fs/ess/PAA0203/xing244/AF_ClaSeq/results_updated/KaiB/run1/m_fold_sampling_voting_5jyt/01_m_fold_sampling/round_1/01_sampling/sampling_48/group_28_unrelaxed_rank_001_alphafold2_ptm_model_1_seed_042.pdb,84.76241758241758,0.76264,11,1
/fs/ess/PAA0203/xing244/AF_ClaSeq/results_updated/KaiB/run1/m_fold_sampling_voting_5jyt/01_m_fold_sampling/round_1/01_sampling/sampling_48/group_32_unrelaxed_rank_001_alphafold2_ptm_model_1_seed_042.pdb,89.20758241758242,0.79601,11,1
/fs/ess/PAA0203/xing244/AF_ClaSeq/results_updated/KaiB/run1/m_fold_sampling_voting_5jyt/01_m_fold_sampling/round_1/01_sampling/sampling_48/group_22_unrelaxed_rank_001_alphafold2_ptm_model_1_seed_042.pdb,87.78307692307692,0.81767,11,1
/fs/ess/PAA0203/xing244/AF_ClaSeq/results_updated/KaiB/run1/m_fold_sampling_voting_5jyt/01_m_fold_sampling/round_1/01_sampling/sampling_48/group_7_unrelaxed_rank_001_alphafold2_ptm_model_1_seed_042.pdb,79.94989010989012,0.74076,11,1
/fs/ess/PAA0203/xing244/AF_ClaSeq/results_updated/KaiB/run1/m_fold_sampling_voting_5jyt/01_m_fold_sampling/round_1/01_sampling/sampling_48/group_21_unrelaxed_rank_001_alphafold2_ptm_model_1_seed_042.pdb,86.99329670329669,0.78182,11,1
/fs/ess/PAA0203/xing244/AF_ClaSeq/results_updated/KaiB/run1/m_fold_sampling_voting_5jyt/01_m_fold_sampling/round_1/01_sampling/sampling_48/group_41_unrelaxed_rank_001_alphafold2_ptm_model_1_seed_042.pdb,56.679230769230784,0.5593,11,1
/fs/ess/PAA0203/xing244/AF_ClaSeq/results_updated/KaiB/run1/m_fold_sampling_voting_5jyt/01_m_fold_sampling/round_1/01_sampling/sampling_48/group_31_unrelaxed_rank_001_alphafold2_ptm_model_1_seed_042.pdb,86.50582417582416,0.75477,11,1
/fs/ess/PAA0203/xing244/AF_ClaSeq/results_updated/KaiB/run1/m_fold_sampling_voting_5jyt/01_m_fold_sampling/round_1/01_sampling/sampling_48/group_46_unrelaxed_rank_001_alphafold2_ptm_model_1_seed_042.pdb,87.8710989010989,0.81474,11,1
/fs/ess/PAA0203/xing244/AF_ClaSeq/results_updated/KaiB/run1/m_fold_sampling_voting_5jyt/01_m_fold_sampling/round_1/01_sampling/sampling_48/group_17_unrelaxed_rank_001_alphafold2_ptm_model_1_seed_042.pdb,84.33637362637363,0.81009,11,1
/fs/ess/PAA0203/xing244/AF_ClaSeq/results_updated/KaiB/run1/m_fold_sampling_voting_5jyt/01_m_fold_sampling/round_1/01_sampling/sampling_48/group_14_unrelaxed_rank_001_alphafold2_ptm_model_1_seed_042.pdb,84.45604395604397,0.79287,11,1
/fs/ess/PAA0203/xing244/AF_ClaSeq/results_updated/KaiB/run1/m_fold_sampling_voting_5jyt/01_m_fold_sampling/round_1/01_sampling/sampling_48/group_4_unrelaxed_rank_001_alphafold2_ptm_model_1_seed_042.pdb,86.06538461538462,0.79674,11,1
/fs/ess/PAA0203/xing244/AF_ClaSeq/results_updated/KaiB/run1/m_fold_sampling_voting_5jyt/01_m_fold_sampling/round_1/01_sampling/sampling_48/group_12_unrelaxed_rank_001_alphafold2_ptm_model_1_seed_042.pdb,88.69956043956044,0.81606,11,1
/fs/ess/PAA0203/xing244/AF_ClaSeq/results_updated/KaiB/run1/m_fold_sampling_voting_5jyt/01_m_fold_sampling/round_1/01_sampling/sampling_48/group_38_unrelaxed_rank_001_alphafold2_ptm_model_1_seed_042.pdb,84.36208791208792,0.80623,11,1
/fs/ess/PAA0203/xing244/AF_ClaSeq/results_updated/KaiB/run1/m_fold_sampling_voting_5jyt/01_m_fold_sampling/round_1/01_sampling/sampling_48/group_15_unrelaxed_rank_001_alphafold2_ptm_model_1_seed_042.pdb,90.64098901098902,0.81095,11,1
/fs/ess/PAA0203/xing244/AF_ClaSeq/results_updated/KaiB/run1/m_fold_sampling_voting_5jyt/01_m_fold_sampling/round_1/01_sampling/sampling_48/group_23_unrelaxed_rank_001_alphafold2_ptm_model_1_seed_042.pdb,84.77923076923076,0.76252,11,1
/fs/ess/PAA0203/xing244/AF_ClaSeq/results_updated/KaiB/run1/m_fold_sampling_voting_5jyt/01_m_fold_sampling/round_1/01_sampling/sampling_48/group_5_unrelaxed_rank_001_alphafold2_ptm_model_1_seed_042.pdb,81.74010989010989,0.8094,11,1
/fs/ess/PAA0203/xing244/AF_ClaSeq/results_updated/KaiB/run1/m_fold_sampling_voting_5jyt/01_m_fold_sampling/round_1/01_sampling/sampling_48/group_33_unrelaxed_rank_001_alphafold2_ptm_model_1_seed_042.pdb,87.11637362637362,0.80877,11,1
/fs/ess/PAA0203/xing244/AF_ClaSeq/results_updated/KaiB/run1/m_fold_sampling_voting_5jyt/01_m_fold_sampling/round_1/01_sampling/sampling_48/group_27_unrelaxed_rank_001_alphafold2_ptm_model_1_seed_042.pdb,87.34923076923077,0.81556,11,1
/fs/ess/PAA0203/xing244/AF_ClaSeq/results_updated/KaiB/run1/m_fold_sampling_voting_5jyt/01_m_fold_sampling/round_1/01_sampling/sampling_48/group_42_unrelaxed_rank_001_alphafold2_ptm_model_1_seed_042.pdb,85.36999999999999,0.79736,11,1
/fs/ess/PAA0203/xing244/AF_ClaSeq/results_updated/KaiB/run1/m_fold_sampling_voting_5jyt/01_m_fold_sampling/round_1/01_sampling/sampling_48/group_10_unrelaxed_rank_001_alphafold2_ptm_model_1_seed_042.pdb,85.2510989010989,0.76892,11,1
/fs/ess/PAA0203/xing244/AF_ClaSeq/results_updated/KaiB/run1/m_fold_sampling_voting_5jyt/01_m_fold_sampling/round_1/01_sampling/sampling_48/group_37_unrelaxed_rank_001_alphafold2_ptm_model_1_seed_042.pdb,61.99395604395604,0.57121,11,1
/fs/ess/PAA0203/xing244/AF_ClaSeq/results_updated/KaiB/run1/m_fold_sampling_voting_5jyt/01_m_fold_sampling/round_1/01_sampling/sampling_48/group_29_unrelaxed_rank_001_alphafold2_ptm_model_1_seed_042.pdb,83.56494505494506,0.76469,11,1
/fs/ess/PAA0203/xing244/AF_ClaSeq/results_updated/KaiB/run1/m_fold_sampling_voting_5jyt/01_m_fold_sampling/round_1/01_sampling/sampling_48/group_18_unrelaxed_rank_001_alphafold2_ptm_model_1_seed_042.pdb,77.33538461538463,0.74379,11,1
/fs/ess/PAA0203/xing244/AF_ClaSeq/results_updated/KaiB/run1/m_fold_sampling_voting_5jyt/01_m_fold_sampling/round_1/01_sampling/sampling_48/group_43_unrelaxed_rank_001_alphafold2_ptm_model_1_seed_042.pdb,84.63472527472527,0.76594,11,1
/fs/ess/PAA0203/xing244/AF_ClaSeq/results_updated/KaiB/run1/m_fold_sampling_voting_5jyt/01_m_fold_sampling/round_1/01_sampling/sampling_48/group_25_unrelaxed_rank_001_alphafold2_ptm_model_1_seed_042.pdb,88.71373626373627,0.80776,11,1
/fs/ess/PAA0203/xing244/AF_ClaSeq/results_updated/KaiB/run1/m_fold_sampling_voting_5jyt/01_m_fold_sampling/round_1/01_sampling/sampling_48/group_3_unrelaxed_rank_001_alphafold2_ptm_model_1_seed_042.pdb,84.51054945054945,0.76344,11,1
/fs/ess/PAA0203/xing244/AF_ClaSeq/results_updated/KaiB/run1/m_fold_sampling_voting_5jyt/01_m_fold_sampling/round_1/01_sampling/sampling_48/group_34_unrelaxed_rank_001_alphafold2_ptm_model_1_seed_042.pdb,90.21230769230769,0.79958,11,1
/fs/ess/PAA0203/xing244/AF_ClaSeq/results_updated/KaiB/run1/m_fold_sampling_voting_5jyt/01_m_fold_sampling/round_1/01_sampling/sampling_48/group_9_unrelaxed_rank_001_alphafold2_ptm_model_1_seed_042.pdb,83.67307692307692,0.79744,11,1
/fs/ess/PAA0203/xing244/AF_ClaSeq/results_updated/KaiB/run1/m_fold_sampling_voting_5jyt/01_m_fold_sampling/round_1/01_sampling/sampling_48/group_47_unrelaxed_rank_001_alphafold2_ptm_model_1_seed_042.pdb,81.40483516483516,0.74726,11,1
/fs/ess/PAA0203/xing244/AF_ClaSeq/results_updated/KaiB/run1/m_fold_sampling_voting_5jyt/01_m_fold_sampling/round_1/01_sampling/sampling_48/group_35_unrelaxed_rank_001_alphafold2_ptm_model_1_seed_042.pdb,64.18142857142857,0.67569,11,1
/fs/ess/PAA0203/xing244/AF_ClaSeq/results_updated/KaiB/run1/m_fold_sampling_voting_5jyt/01_m_fold_sampling/round_1/01_sampling/sampling_48/group_24_unrelaxed_rank_001_alphafold2_ptm_model_1_seed_042.pdb,65.82835164835166,0.69745,11,1
/fs/ess/PAA0203/xing244/AF_ClaSeq/results_updated/KaiB/run1/m_fold_sampling_voting_5jyt/01_m_fold_sampling/round_1/01_sampling/sampling_48/group_40_unrelaxed_rank_001_alphafold2_ptm_model_1_seed_042.pdb,88.11626373626372,0.79267,11,1
/fs/ess/PAA0203/xing244/AF_ClaSeq/results_updated/KaiB/run1/m_fold_sampling_voting_5jyt/01_m_fold_sampling/round_1/01_sampling/sampling_48/group_1_unrelaxed_rank_001_alphafold2_ptm_model_1_seed_042.pdb,80.86483516483516,0.7775,11,1
/fs/ess/PAA0203/xing244/AF_ClaSeq/results_updated/KaiB/run1/m_fold_sampling_voting_5jyt/01_m_fold_sampling/round_1/01_sampling/sampling_48/group_30_unrelaxed_rank_001_alphafold2_ptm_model_1_seed_042.pdb,86.27923076923078,0.78323,11,1
/fs/ess/PAA0203/xing244/AF_ClaSeq/results_updated/KaiB/run1/m_fold_sampling_voting_5jyt/01_m_fold_sampling/round_1/01_sampling/sampling_48/group_26_unrelaxed_rank_001_alphafold2_ptm_model_1_seed_042.pdb,86.57373626373625,0.77857,11,1
/fs/ess/PAA0203/xing244/AF_ClaSeq/results_updated/KaiB/run1/m_fold_sampling_voting_5jyt/01_m_fold_sampling/round_1/01_sampling/sampling_48/group_39_unrelaxed_rank_001_alphafold2_ptm_model_1_seed_042.pdb,84.27494505494505,0.78265,11,1
/fs/ess/PAA0203/xing244/AF_ClaSeq/results_updated/KaiB/run1/m_fold_sampling_voting_5jyt/01_m_fold_sampling/round_1/01_sampling/sampling_48/group_11_unrelaxed_rank_001_alphafold2_ptm_model_1_seed_042.pdb,82.1687912087912,0.76053,11,1
/fs/ess/PAA0203/xing244/AF_ClaSeq/results_updated/KaiB/run1/m_fold_sampling_voting_5jyt/01_m_fold_sampling/round_1/01_sampling/sampling_48/group_49_unrelaxed_rank_001_alphafold2_ptm_model_1_seed_042.pdb,87.99923076923078,0.77911,12,1
/fs/ess/PAA0203/xing244/AF_ClaSeq/results_updated/KaiB/run1/m_fold_sampling_voting_5jyt/01_m_fold_sampling/round_1/01_sampling/sampling_48/group_45_unrelaxed_rank_001_alphafold2_ptm_model_1_seed_042.pdb,84.75582417582419,0.79873,11,1
/fs/ess/PAA0203/xing244/AF_ClaSeq/results_updated/KaiB/run1/m_fold_sampling_voting_5jyt/01_m_fold_sampling/round_1/01_sampling/sampling_48/group_2_unrelaxed_rank_001_alphafold2_ptm_model_1_seed_042.pdb,84.64153846153845,0.79643,11,1
/fs/ess/PAA0203/xing244/AF_ClaSeq/results_updated/KaiB/run1/m_fold_sampling_voting_5jyt/01_m_fold_sampling/round_1/01_sampling/sampling_48/group_36_unrelaxed_rank_001_alphafold2_ptm_model_1_seed_042.pdb,57.462527472527476,0.5525,11,1
/fs/ess/PAA0203/xing244/AF_ClaSeq/results_updated/KaiB/run1/m_fold_sampling_voting_5jyt/01_m_fold_sampling/round_1/01_sampling/sampling_35/group_20_unrelaxed_rank_001_alphafold2_ptm_model_1_seed_042.pdb,84.87109890109889,0.79993,11,1
/fs/ess/PAA0203/xing244/AF_ClaSeq/results_updated/KaiB/run1/m_fold_sampling_voting_5jyt/01_m_fold_sampling/round_1/01_sampling/sampling_35/group_44_unrelaxed_rank_001_alphafold2_ptm_model_1_seed_042.pdb,86.57802197802197,0.78806,11,1
/fs/ess/PAA0203/xing244/AF_ClaSeq/results_updated/KaiB/run1/m_fold_sampling_voting_5jyt/01_m_fold_sampling/round_1/01_sampling/sampling_35/group_16_unrelaxed_rank_001_alphafold2_ptm_model_1_seed_042.pdb,85.95802197802197,0.80534,11,1
/fs/ess/PAA0203/xing244/AF_ClaSeq/results_updated/KaiB/run1/m_fold_sampling_voting_5jyt/01_m_fold_sampling/round_1/01_sampling/sampling_35/group_8_unrelaxed_rank_001_alphafold2_ptm_model_1_seed_042.pdb,85.8878021978022,0.80821,11,1
/fs/ess/PAA0203/xing244/AF_ClaSeq/results_updated/KaiB/run1/m_fold_sampling_voting_5jyt/01_m_fold_sampling/round_1/01_sampling/sampling_35/group_48_unrelaxed_rank_001_alphafold2_ptm_model_1_seed_042.pdb,86.84472527472528,0.80323,11,1
/fs/ess/PAA0203/xing244/AF_ClaSeq/results_updated/KaiB/run1/m_fold_sampling_voting_5jyt/01_m_fold_sampling/round_1/01_sampling/sampling_35/group_6_unrelaxed_rank_001_alphafold2_ptm_model_1_seed_042.pdb,82.34604395604396,0.76899,11,1
/fs/ess/PAA0203/xing244/AF_ClaSeq/results_updated/KaiB/run1/m_fold_sampling_voting_5jyt/01_m_fold_sampling/round_1/01_sampling/sampling_35/group_19_unrelaxed_rank_001_alphafold2_ptm_model_1_seed_042.pdb,86.5642857142857,0.80979,11,1
/fs/ess/PAA0203/xing244/AF_ClaSeq/results_updated/KaiB/run1/m_fold_sampling_voting_5jyt/01_m_fold_sampling/round_1/01_sampling/sampling_35/group_13_unrelaxed_rank_001_alphafold2_ptm_model_1_seed_042.pdb,83.46230769230769,0.78633,11,1
/fs/ess/PAA0203/xing244/AF_ClaSeq/results_updated/KaiB/run1/m_fold_sampling_voting_5jyt/01_m_fold_sampling/round_1/01_sampling/sampling_35/group_28_unrelaxed_rank_001_alphafold2_ptm_model_1_seed_042.pdb,62.840769230769226,0.71913,11,1
/fs/ess/PAA0203/xing244/AF_ClaSeq/results_updated/KaiB/run1/m_fold_sampling_voting_5jyt/01_m_fold_sampling/round_1/01_sampling/sampling_35/group_32_unrelaxed_rank_001_alphafold2_ptm_model_1_seed_042.pdb,81.82263736263737,0.80983,11,1
/fs/ess/PAA0203/xing244/AF_ClaSeq/results_updated/KaiB/run1/m_fold_sampling_voting_5jyt/01_m_fold_sampling/round_1/01_sampling/sampling_35/group_22_unrelaxed_rank_001_alphafold2_ptm_model_1_seed_042.pdb,67.35428571428571,0.75318,11,1
/fs/ess/PAA0203/xing244/AF_ClaSeq/results_updated/KaiB/run1/m_fold_sampling_voting_5jyt/01_m_fold_sampling/round_1/01_sampling/sampling_35/group_7_unrelaxed_rank_001_alphafold2_ptm_model_1_seed_042.pdb,59.48120879120879,0.65387,11,1
/fs/ess/PAA0203/xing244/AF_ClaSeq/results_updated/KaiB/run1/m_fold_sampling_voting_5jyt/01_m_fold_sampling/round_1/01_sampling/sampling_35/group_21_unrelaxed_rank_001_alphafold2_ptm_model_1_seed_042.pdb,85.73450549450551,0.8008,11,1
/fs/ess/PAA0203/xing244/AF_ClaSeq/results_updated/KaiB/run1/m_fold_sampling_voting_5jyt/01_m_fold_sampling/round_1/01_sampling/sampling_35/group_41_unrelaxed_rank_001_alphafold2_ptm_model_1_seed_042.pdb,60.836483516483526,0.69919,11,1
/fs/ess/PAA0203/xing244/AF_ClaSeq/results_updated/KaiB/run1/m_fold_sampling_voting_5jyt/01_m_fold_sampling/round_1/01_sampling/sampling_35/group_31_unrelaxed_rank_001_alphafold2_ptm_model_1_seed_042.pdb,78.50692307692307,0.73636,11,1
/fs/ess/PAA0203/xing244/AF_ClaSeq/results_updated/KaiB/run1/m_fold_sampling_voting_5jyt/01_m_fold_sampling/round_1/01_sampling/sampling_35/group_46_unrelaxed_rank_001_alphafold2_ptm_model_1_seed_042.pdb,85.1102197802198,0.80694,11,1
/fs/ess/PAA0203/xing244/AF_ClaSeq/results_updated/KaiB/run1/m_fold_sampling_voting_5jyt/01_m_fold_sampling/round_1/01_sampling/sampling_35/group_17_unrelaxed_rank_001_alphafold2_ptm_model_1_seed_042.pdb,86.96648351648352,0.81026,11,1
/fs/ess/PAA0203/xing244/AF_ClaSeq/results_updated/KaiB/run1/m_fold_sampling_voting_5jyt/01_m_fold_sampling/round_1/01_sampling/sampling_35/group_14_unrelaxed_rank_001_alphafold2_ptm_model_1_seed_042.pdb,82.52329670329671,0.77939,11,1
/fs/ess/PAA0203/xing244/AF_ClaSeq/results_updated/KaiB/run1/m_fold_sampling_voting_5jyt/01_m_fold_sampling/round_1/01_sampling/sampling_35/group_4_unrelaxed_rank_001_alphafold2_ptm_model_1_seed_042.pdb,81.61054945054946,0.77103,11,1
/fs/ess/PAA0203/xing244/AF_ClaSeq/results_updated/KaiB/run1/m_fold_sampling_voting_5jyt/01_m_fold_sampling/round_1/01_sampling/sampling_35/group_12_unrelaxed_rank_001_alphafold2_ptm_model_1_seed_042.pdb,85.92307692307692,0.75728,11,1
/fs/ess/PAA0203/xing244/AF_ClaSeq/results_updated/KaiB/run1/m_fold_sampling_voting_5jyt/01_m_fold_sampling/round_1/01_sampling/sampling_35/group_38_unrelaxed_rank_001_alphafold2_ptm_model_1_seed_042.pdb,80.38527472527473,0.803,11,1
/fs/ess/PAA0203/xing244/AF_ClaSeq/results_updated/KaiB/run1/m_fold_sampling_voting_5jyt/01_m_fold_sampling/round_1/01_sampling/sampling_35/group_15_unrelaxed_rank_001_alphafold2_ptm_model_1_seed_042.pdb,84.31021978021978,0.75624,11,1
/fs/ess/PAA0203/xing244/AF_ClaSeq/results_updated/KaiB/run1/m_fold_sampling_voting_5jyt/01_m_fold_sampling/round_1/01_sampling/sampling_35/group_23_unrelaxed_rank_001_alphafold2_ptm_model_1_seed_042.pdb,88.38538461538461,0.82536,11,1
/fs/ess/PAA0203/xing244/AF_ClaSeq/results_updated/KaiB/run1/m_fold_sampling_voting_5jyt/01_m_fold_sampling/round_1/01_sampling/sampling_35/group_5_unrelaxed_rank_001_alphafold2_ptm_model_1_seed_042.pdb,87.83032967032968,0.79587,11,1
/fs/ess/PAA0203/xing244/AF_ClaSeq/results_updated/KaiB/run1/m_fold_sampling_voting_5jyt/01_m_fold_sampling/round_1/01_sampling/sampling_35/group_33_unrelaxed_rank_001_alphafold2_ptm_model_1_seed_042.pdb,64.17472527472528,0.71483,11,1
/fs/ess/PAA0203/xing244/AF_ClaSeq/results_updated/KaiB/run1/m_fold_sampling_voting_5jyt/01_m_fold_sampling/round_1/01_sampling/sampling_35/group_27_unrelaxed_rank_001_alphafold2_ptm_model_1_seed_042.pdb,83.64747252747252,0.79502,11,1
/fs/ess/PAA0203/xing244/AF_ClaSeq/results_updated/KaiB/run1/m_fold_sampling_voting_5jyt/01_m_fold_sampling/round_1/01_sampling/sampling_35/group_42_unrelaxed_rank_001_alphafold2_ptm_model_1_seed_042.pdb,86.82274725274725,0.80238,11,1
/fs/ess/PAA0203/xing244/AF_ClaSeq/results_updated/KaiB/run1/m_fold_sampling_voting_5jyt/01_m_fold_sampling/round_1/01_sampling/sampling_35/group_10_unrelaxed_rank_001_alphafold2_ptm_model_1_seed_042.pdb,85.57142857142857,0.80542,11,1
/fs/ess/PAA0203/xing244/AF_ClaSeq/results_updated/KaiB/run1/m_fold_sampling_voting_5jyt/01_m_fold_sampling/round_1/01_sampling/sampling_35/group_37_unrelaxed_rank_001_alphafold2_ptm_model_1_seed_042.pdb,84.62692307692308,0.77912,11,1
/fs/ess/PAA0203/xing244/AF_ClaSeq/results_updated/KaiB/run1/m_fold_sampling_voting_5jyt/01_m_fold_sampling/round_1/01_sampling/sampling_35/group_29_unrelaxed_rank_001_alphafold2_ptm_model_1_seed_042.pdb,85.68076923076922,0.74674,11,1
/fs/ess/PAA0203/xing244/AF_ClaSeq/results_updated/KaiB/run1/m_fold_sampling_voting_5jyt/01_m_fold_sampling/round_1/01_sampling/sampling_35/group_18_unrelaxed_rank_001_alphafold2_ptm_model_1_seed_042.pdb,83.29516483516483,0.81627,11,1
/fs/ess/PAA0203/xing244/AF_ClaSeq/results_updated/KaiB/run1/m_fold_sampling_voting_5jyt/01_m_fold_sampling/round_1/01_sampling/sampling_35/group_43_unrelaxed_rank_001_alphafold2_ptm_model_1_seed_042.pdb,85.19967032967033,0.79495,11,1
/fs/ess/PAA0203/xing244/AF_ClaSeq/results_updated/KaiB/run1/m_fold_sampling_voting_5jyt/01_m_fold_sampling/round_1/01_sampling/sampling_35/group_25_unrelaxed_rank_001_alphafold2_ptm_model_1_seed_042.pdb,84.75538461538463,0.77131,11,1
/fs/ess/PAA0203/xing244/AF_ClaSeq/results_updated/KaiB/run1/m_fold_sampling_voting_5jyt/01_m_fold_sampling/round_1/01_sampling/sampling_35/group_3_unrelaxed_rank_001_alphafold2_ptm_model_1_seed_042.pdb,86.03395604395604,0.78458,11,1
/fs/ess/PAA0203/xing244/AF_ClaSeq/results_updated/KaiB/run1/m_fold_sampling_voting_5jyt/01_m_fold_sampling/round_1/01_sampling/sampling_35/group_34_unrelaxed_rank_001_alphafold2_ptm_model_1_seed_042.pdb,85.23582417582418,0.80456,11,1
/fs/ess/PAA0203/xing244/AF_ClaSeq/results_updated/KaiB/run1/m_fold_sampling_voting_5jyt/01_m_fold_sampling/round_1/01_sampling/sampling_35/group_9_unrelaxed_rank_001_alphafold2_ptm_model_1_seed_042.pdb,81.95769230769231,0.76339,11,1
/fs/ess/PAA0203/xing244/AF_ClaSeq/results_updated/KaiB/run1/m_fold_sampling_voting_5jyt/01_m_fold_sampling/round_1/01_sampling/sampling_35/group_47_unrelaxed_rank_001_alphafold2_ptm_model_1_seed_042.pdb,86.87450549450548,0.75664,11,1
/fs/ess/PAA0203/xing244/AF_ClaSeq/results_updated/KaiB/run1/m_fold_sampling_voting_5jyt/01_m_fold_sampling/round_1/01_sampling/sampling_35/group_35_unrelaxed_rank_001_alphafold2_ptm_model_1_seed_042.pdb,86.83483516483517,0.76946,11,1
/fs/ess/PAA0203/xing244/AF_ClaSeq/results_updated/KaiB/run1/m_fold_sampling_voting_5jyt/01_m_fold_sampling/round_1/01_sampling/sampling_35/group_24_unrelaxed_rank_001_alphafold2_ptm_model_1_seed_042.pdb,86.02142857142859,0.80443,11,1
/fs/ess/PAA0203/xing244/AF_ClaSeq/results_updated/KaiB/run1/m_fold_sampling_voting_5jyt/01_m_fold_sampling/round_1/01_sampling/sampling_35/group_40_unrelaxed_rank_001_alphafold2_ptm_model_1_seed_042.pdb,79.53032967032966,0.78683,11,1
/fs/ess/PAA0203/xing244/AF_ClaSeq/results_updated/KaiB/run1/m_fold_sampling_voting_5jyt/01_m_fold_sampling/round_1/01_sampling/sampling_35/group_1_unrelaxed_rank_001_alphafold2_ptm_model_1_seed_042.pdb,86.01758241758242,0.79564,11,1
/fs/ess/PAA0203/xing244/AF_ClaSeq/results_updated/KaiB/run1/m_fold_sampling_voting_5jyt/01_m_fold_sampling/round_1/01_sampling/sampling_35/group_30_unrelaxed_rank_001_alphafold2_ptm_model_1_seed_042.pdb,86.67923076923078,0.79082,11,1
/fs/ess/PAA0203/xing244/AF_ClaSeq/results_updated/KaiB/run1/m_fold_sampling_voting_5jyt/01_m_fold_sampling/round_1/01_sampling/sampling_35/group_26_unrelaxed_rank_001_alphafold2_ptm_model_1_seed_042.pdb,85.18384615384615,0.80117,11,1
/fs/ess/PAA0203/xing244/AF_ClaSeq/results_updated/KaiB/run1/m_fold_sampling_voting_5jyt/01_m_fold_sampling/round_1/01_sampling/sampling_35/group_39_unrelaxed_rank_001_alphafold2_ptm_model_1_seed_042.pdb,85.89648351648351,0.80444,11,1
/fs/ess/PAA0203/xing244/AF_ClaSeq/results_updated/KaiB/run1/m_fold_sampling_voting_5jyt/01_m_fold_sampling/round_1/01_sampling/sampling_35/group_11_unrelaxed_rank_001_alphafold2_ptm_model_1_seed_042.pdb,66.17912087912089,0.49824,11,1
/fs/ess/PAA0203/xing244/AF_ClaSeq/results_updated/KaiB/run1/m_fold_sampling_voting_5jyt/01_m_fold_sampling/round_1/01_sampling/sampling_35/group_49_unrelaxed_rank_001_alphafold2_ptm_model_1_seed_042.pdb,85.49043956043957,0.78134,12,1
/fs/ess/PAA0203/xing244/AF_ClaSeq/results_updated/KaiB/run1/m_fold_sampling_voting_5jyt/01_m_fold_sampling/round_1/01_sampling/sampling_35/group_45_unrelaxed_rank_001_alphafold2_ptm_model_1_seed_042.pdb,90.3045054945055,0.79569,11,1
/fs/ess/PAA0203/xing244/AF_ClaSeq/results_updated/KaiB/run1/m_fold_sampling_voting_5jyt/01_m_fold_sampling/round_1/01_sampling/sampling_35/group_2_unrelaxed_rank_001_alphafold2_ptm_model_1_seed_042.pdb,83.1778021978022,0.76301,11,1
/fs/ess/PAA0203/xing244/AF_ClaSeq/results_updated/KaiB/run1/m_fold_sampling_voting_5jyt/01_m_fold_sampling/round_1/01_sampling/sampling_35/group_36_unrelaxed_rank_001_alphafold2_ptm_model_1_seed_042.pdb,83.44131868131868,0.75563,11,1
/fs/ess/PAA0203/xing244/AF_ClaSeq/results_updated/KaiB/run1/m_fold_sampling_voting_5jyt/01_m_fold_sampling/round_1/01_sampling/sampling_40/group_20_unrelaxed_rank_001_alphafold2_ptm_model_1_seed_042.pdb,84.78791208791209,0.80301,11,1
/fs/ess/PAA0203/xing244/AF_ClaSeq/results_updated/KaiB/run1/m_fold_sampling_voting_5jyt/01_m_fold_sampling/round_1/01_sampling/sampling_40/group_44_unrelaxed_rank_001_alphafold2_ptm_model_1_seed_042.pdb,89.91692307692308,0.81236,11,1
/fs/ess/PAA0203/xing244/AF_ClaSeq/results_updated/KaiB/run1/m_fold_sampling_voting_5jyt/01_m_fold_sampling/round_1/01_sampling/sampling_40/group_16_unrelaxed_rank_001_alphafold2_ptm_model_1_seed_042.pdb,86.8143956043956,0.78228,11,1
/fs/ess/PAA0203/xing244/AF_ClaSeq/results_updated/KaiB/run1/m_fold_sampling_voting_5jyt/01_m_fold_sampling/round_1/01_sampling/sampling_40/group_8_unrelaxed_rank_001_alphafold2_ptm_model_1_seed_042.pdb,87.08186813186815,0.7813,11,1
/fs/ess/PAA0203/xing244/AF_ClaSeq/results_updated/KaiB/run1/m_fold_sampling_voting_5jyt/01_m_fold_sampling/round_1/01_sampling/sampling_40/group_48_unrelaxed_rank_001_alphafold2_ptm_model_1_seed_042.pdb,86.06813186813187,0.78469,11,1
/fs/ess/PAA0203/xing244/AF_ClaSeq/results_updated/KaiB/run1/m_fold_sampling_voting_5jyt/01_m_fold_sampling/round_1/01_sampling/sampling_40/group_6_unrelaxed_rank_001_alphafold2_ptm_model_1_seed_042.pdb,83.8376923076923,0.77308,11,1
/fs/ess/PAA0203/xing244/AF_ClaSeq/results_updated/KaiB/run1/m_fold_sampling_voting_5jyt/01_m_fold_sampling/round_1/01_sampling/sampling_40/group_19_unrelaxed_rank_001_alphafold2_ptm_model_1_seed_042.pdb,86.5075824175824,0.80612,11,1
/fs/ess/PAA0203/xing244/AF_ClaSeq/results_updated/KaiB/run1/m_fold_sampling_voting_5jyt/01_m_fold_sampling/round_1/01_sampling/sampling_40/group_13_unrelaxed_rank_001_alphafold2_ptm_model_1_seed_042.pdb,86.17307692307692,0.77324,11,1
/fs/ess/PAA0203/xing244/AF_ClaSeq/results_updated/KaiB/run1/m_fold_sampling_voting_5jyt/01_m_fold_sampling/round_1/01_sampling/sampling_40/group_28_unrelaxed_rank_001_alphafold2_ptm_model_1_seed_042.pdb,83.79406593406593,0.74722,11,1
/fs/ess/PAA0203/xing244/AF_ClaSeq/results_updated/KaiB/run1/m_fold_sampling_voting_5jyt/01_m_fold_sampling/round_1/01_sampling/sampling_40/group_32_unrelaxed_rank_001_alphafold2_ptm_model_1_seed_042.pdb,79.39142857142856,0.76744,11,1
/fs/ess/PAA0203/xing244/AF_ClaSeq/results_updated/KaiB/run1/m_fold_sampling_voting_5jyt/01_m_fold_sampling/round_1/01_sampling/sampling_40/group_22_unrelaxed_rank_001_alphafold2_ptm_model_1_seed_042.pdb,86.40681318681318,0.77715,11,1
/fs/ess/PAA0203/xing244/AF_ClaSeq/results_updated/KaiB/run1/m_fold_sampling_voting_5jyt/01_m_fold_sampling/round_1/01_sampling/sampling_40/group_7_unrelaxed_rank_001_alphafold2_ptm_model_1_seed_042.pdb,61.36516483516484,0.58985,11,1
/fs/ess/PAA0203/xing244/AF_ClaSeq/results_updated/KaiB/run1/m_fold_sampling_voting_5jyt/01_m_fold_sampling/round_1/01_sampling/sampling_40/group_21_unrelaxed_rank_001_alphafold2_ptm_model_1_seed_042.pdb,61.499670329670344,0.62422,11,1
/fs/ess/PAA0203/xing244/AF_ClaSeq/results_updated/KaiB/run1/m_fold_sampling_voting_5jyt/01_m_fold_sampling/round_1/01_sampling/sampling_40/group_41_unrelaxed_rank_001_alphafold2_ptm_model_1_seed_042.pdb,82.66472527472527,0.80239,11,1
/fs/ess/PAA0203/xing244/AF_ClaSeq/results_updated/KaiB/run1/m_fold_sampling_voting_5jyt/01_m_fold_sampling/round_1/01_sampling/sampling_40/group_31_unrelaxed_rank_001_alphafold2_ptm_model_1_seed_042.pdb,87.83362637362637,0.79884,11,1
/fs/ess/PAA0203/xing244/AF_ClaSeq/results_updated/KaiB/run1/m_fold_sampling_voting_5jyt/01_m_fold_sampling/round_1/01_sampling/sampling_40/group_46_unrelaxed_rank_001_alphafold2_ptm_model_1_seed_042.pdb,86.38637362637364,0.80358,11,1
/fs/ess/PAA0203/xing244/AF_ClaSeq/results_updated/KaiB/run1/m_fold_sampling_voting_5jyt/01_m_fold_sampling/round_1/01_sampling/sampling_40/group_17_unrelaxed_rank_001_alphafold2_ptm_model_1_seed_042.pdb,85.70252747252748,0.81073,11,1
/fs/ess/PAA0203/xing244/AF_ClaSeq/results_updated/KaiB/run1/m_fold_sampling_voting_5jyt/01_m_fold_sampling/round_1/01_sampling/sampling_40/group_14_unrelaxed_rank_001_alphafold2_ptm_model_1_seed_042.pdb,86.29923076923076,0.7981,11,1
/fs/ess/PAA0203/xing244/AF_ClaSeq/results_updated/KaiB/run1/m_fold_sampling_voting_5jyt/01_m_fold_sampling/round_1/01_sampling/sampling_40/group_4_unrelaxed_rank_001_alphafold2_ptm_model_1_seed_042.pdb,86.80681318681319,0.78898,11,1
/fs/ess/PAA0203/xing244/AF_ClaSeq/results_updated/KaiB/run1/m_fold_sampling_voting_5jyt/01_m_fold_sampling/round_1/01_sampling/sampling_40/group_12_unrelaxed_rank_001_alphafold2_ptm_model_1_seed_042.pdb,85.08219780219781,0.77732,11,1
/fs/ess/PAA0203/xing244/AF_ClaSeq/results_updated/KaiB/run1/m_fold_sampling_voting_5jyt/01_m_fold_sampling/round_1/01_sampling/sampling_40/group_38_unrelaxed_rank_001_alphafold2_ptm_model_1_seed_042.pdb,87.80076923076923,0.80056,11,1
/fs/ess/PAA0203/xing244/AF_ClaSeq/results_updated/KaiB/run1/m_fold_sampling_voting_5jyt/01_m_fold_sampling/round_1/01_sampling/sampling_40/group_15_unrelaxed_rank_001_alphafold2_ptm_model_1_seed_042.pdb,84.6821978021978,0.8104,11,1
/fs/ess/PAA0203/xing244/AF_ClaSeq/results_updated/KaiB/run1/m_fold_sampling_voting_5jyt/01_m_fold_sampling/round_1/01_sampling/sampling_40/group_23_unrelaxed_rank_001_alphafold2_ptm_model_1_seed_042.pdb,82.59065934065934,0.76332,11,1
/fs/ess/PAA0203/xing244/AF_ClaSeq/results_updated/KaiB/run1/m_fold_sampling_voting_5jyt/01_m_fold_sampling/round_1/01_sampling/sampling_40/group_5_unrelaxed_rank_001_alphafold2_ptm_model_1_seed_042.pdb,91.35956043956043,0.78699,11,1
/fs/ess/PAA0203/xing244/AF_ClaSeq/results_updated/KaiB/run1/m_fold_sampling_voting_5jyt/01_m_fold_sampling/round_1/01_sampling/sampling_40/group_33_unrelaxed_rank_001_alphafold2_ptm_model_1_seed_042.pdb,83.92483516483516,0.80609,11,1
/fs/ess/PAA0203/xing244/AF_ClaSeq/results_updated/KaiB/run1/m_fold_sampling_voting_5jyt/01_m_fold_sampling/round_1/01_sampling/sampling_40/group_27_unrelaxed_rank_001_alphafold2_ptm_model_1_seed_042.pdb,73.3256043956044,0.74755,11,1
/fs/ess/PAA0203/xing244/AF_ClaSeq/results_updated/KaiB/run1/m_fold_sampling_voting_5jyt/01_m_fold_sampling/round_1/01_sampling/sampling_40/group_42_unrelaxed_rank_001_alphafold2_ptm_model_1_seed_042.pdb,83.86670329670329,0.76816,11,1
/fs/ess/PAA0203/xing244/AF_ClaSeq/results_updated/KaiB/run1/m_fold_sampling_voting_5jyt/01_m_fold_sampling/round_1/01_sampling/sampling_40/group_10_unrelaxed_rank_001_alphafold2_ptm_model_1_seed_042.pdb,86.0143956043956,0.80806,11,1
/fs/ess/PAA0203/xing244/AF_ClaSeq/results_updated/KaiB/run1/m_fold_sampling_voting_5jyt/01_m_fold_sampling/round_1/01_sampling/sampling_40/group_37_unrelaxed_rank_001_alphafold2_ptm_model_1_seed_042.pdb,66.1101098901099,0.70231,11,1
/fs/ess/PAA0203/xing244/AF_ClaSeq/results_updated/KaiB/run1/m_fold_sampling_voting_5jyt/01_m_fold_sampling/round_1/01_sampling/sampling_40/group_29_unrelaxed_rank_001_alphafold2_ptm_model_1_seed_042.pdb,88.26582417582418,0.7993,11,1
/fs/ess/PAA0203/xing244/AF_ClaSeq/results_updated/KaiB/run1/m_fold_sampling_voting_5jyt/01_m_fold_sampling/round_1/01_sampling/sampling_40/group_18_unrelaxed_rank_001_alphafold2_ptm_model_1_seed_042.pdb,85.94714285714285,0.7901,11,1
/fs/ess/PAA0203/xing244/AF_ClaSeq/results_updated/KaiB/run1/m_fold_sampling_voting_5jyt/01_m_fold_sampling/round_1/01_sampling/sampling_40/group_43_unrelaxed_rank_001_alphafold2_ptm_model_1_seed_042.pdb,73.68604395604396,0.75342,11,1
/fs/ess/PAA0203/xing244/AF_ClaSeq/results_updated/KaiB/run1/m_fold_sampling_voting_5jyt/01_m_fold_sampling/round_1/01_sampling/sampling_40/group_25_unrelaxed_rank_001_alphafold2_ptm_model_1_seed_042.pdb,84.89813186813187,0.78773,11,1
/fs/ess/PAA0203/xing244/AF_ClaSeq/results_updated/KaiB/run1/m_fold_sampling_voting_5jyt/01_m_fold_sampling/round_1/01_sampling/sampling_40/group_3_unrelaxed_rank_001_alphafold2_ptm_model_1_seed_042.pdb,69.64054945054944,0.77371,11,1
/fs/ess/PAA0203/xing244/AF_ClaSeq/results_updated/KaiB/run1/m_fold_sampling_voting_5jyt/01_m_fold_sampling/round_1/01_sampling/sampling_40/group_34_unrelaxed_rank_001_alphafold2_ptm_model_1_seed_042.pdb,84.25527472527473,0.78053,11,1
/fs/ess/PAA0203/xing244/AF_ClaSeq/results_updated/KaiB/run1/m_fold_sampling_voting_5jyt/01_m_fold_sampling/round_1/01_sampling/sampling_40/group_9_unrelaxed_rank_001_alphafold2_ptm_model_1_seed_042.pdb,65.73395604395606,0.62305,11,1
/fs/ess/PAA0203/xing244/AF_ClaSeq/results_updated/KaiB/run1/m_fold_sampling_voting_5jyt/01_m_fold_sampling/round_1/01_sampling/sampling_40/group_47_unrelaxed_rank_001_alphafold2_ptm_model_1_seed_042.pdb,87.97692307692309,0.80518,11,1
/fs/ess/PAA0203/xing244/AF_ClaSeq/results_updated/KaiB/run1/m_fold_sampling_voting_5jyt/01_m_fold_sampling/round_1/01_sampling/sampling_40/group_35_unrelaxed_rank_001_alphafold2_ptm_model_1_seed_042.pdb,80.33153846153846,0.77338,11,1
/fs/ess/PAA0203/xing244/AF_ClaSeq/results_updated/KaiB/run1/m_fold_sampling_voting_5jyt/01_m_fold_sampling/round_1/01_sampling/sampling_40/group_24_unrelaxed_rank_001_alphafold2_ptm_model_1_seed_042.pdb,85.7221978021978,0.79452,11,1
/fs/ess/PAA0203/xing244/AF_ClaSeq/results_updated/KaiB/run1/m_fold_sampling_voting_5jyt/01_m_fold_sampling/round_1/01_sampling/sampling_40/group_40_unrelaxed_rank_001_alphafold2_ptm_model_1_seed_042.pdb,84.21923076923076,0.80345,11,1
/fs/ess/PAA0203/xing244/AF_ClaSeq/results_updated/KaiB/run1/m_fold_sampling_voting_5jyt/01_m_fold_sampling/round_1/01_sampling/sampling_40/group_1_unrelaxed_rank_001_alphafold2_ptm_model_1_seed_042.pdb,83.12956043956045,0.77157,11,1
/fs/ess/PAA0203/xing244/AF_ClaSeq/results_updated/KaiB/run1/m_fold_sampling_voting_5jyt/01_m_fold_sampling/round_1/01_sampling/sampling_40/group_30_unrelaxed_rank_001_alphafold2_ptm_model_1_seed_042.pdb,91.39868131868131,0.78705,11,1
/fs/ess/PAA0203/xing244/AF_ClaSeq/results_updated/KaiB/run1/m_fold_sampling_voting_5jyt/01_m_fold_sampling/round_1/01_sampling/sampling_40/group_26_unrelaxed_rank_001_alphafold2_ptm_model_1_seed_042.pdb,82.16714285714286,0.77783,11,1
/fs/ess/PAA0203/xing244/AF_ClaSeq/results_updated/KaiB/run1/m_fold_sampling_voting_5jyt/01_m_fold_sampling/round_1/01_sampling/sampling_40/group_39_unrelaxed_rank_001_alphafold2_ptm_model_1_seed_042.pdb,84.87494505494506,0.78638,11,1
/fs/ess/PAA0203/xing244/AF_ClaSeq/results_updated/KaiB/run1/m_fold_sampling_voting_5jyt/01_m_fold_sampling/round_1/01_sampling/sampling_40/group_11_unrelaxed_rank_001_alphafold2_ptm_model_1_seed_042.pdb,84.17648351648351,0.74895,11,1
/fs/ess/PAA0203/xing244/AF_ClaSeq/results_updated/KaiB/run1/m_fold_sampling_voting_5jyt/01_m_fold_sampling/round_1/01_sampling/sampling_40/group_49_unrelaxed_rank_001_alphafold2_ptm_model_1_seed_042.pdb,87.06692307692309,0.8059,12,1
/fs/ess/PAA0203/xing244/AF_ClaSeq/results_updated/KaiB/run1/m_fold_sampling_voting_5jyt/01_m_fold_sampling/round_1/01_sampling/sampling_40/group_45_unrelaxed_rank_001_alphafold2_ptm_model_1_seed_042.pdb,87.83703296703295,0.82748,11,1
/fs/ess/PAA0203/xing244/AF_ClaSeq/results_updated/KaiB/run1/m_fold_sampling_voting_5jyt/01_m_fold_sampling/round_1/01_sampling/sampling_40/group_2_unrelaxed_rank_001_alphafold2_ptm_model_1_seed_042.pdb,82.66384615384617,0.79035,11,1
/fs/ess/PAA0203/xing244/AF_ClaSeq/results_updated/KaiB/run1/m_fold_sampling_voting_5jyt/01_m_fold_sampling/round_1/01_sampling/sampling_40/group_36_unrelaxed_rank_001_alphafold2_ptm_model_1_seed_042.pdb,87.78395604395604,0.78856,11,1
/fs/ess/PAA0203/xing244/AF_ClaSeq/results_updated/KaiB/run1/m_fold_sampling_voting_5jyt/01_m_fold_sampling/round_1/01_sampling/sampling_4/group_20_unrelaxed_rank_001_alphafold2_ptm_model_1_seed_042.pdb,78.82472527472528,0.75324,11,1
/fs/ess/PAA0203/xing244/AF_ClaSeq/results_updated/KaiB/run1/m_fold_sampling_voting_5jyt/01_m_fold_sampling/round_1/01_sampling/sampling_4/group_44_unrelaxed_rank_001_alphafold2_ptm_model_1_seed_042.pdb,84.78351648351648,0.75718,11,1
/fs/ess/PAA0203/xing244/AF_ClaSeq/results_updated/KaiB/run1/m_fold_sampling_voting_5jyt/01_m_fold_sampling/round_1/01_sampling/sampling_4/group_16_unrelaxed_rank_001_alphafold2_ptm_model_1_seed_042.pdb,88.17604395604396,0.81373,11,1
/fs/ess/PAA0203/xing244/AF_ClaSeq/results_updated/KaiB/run1/m_fold_sampling_voting_5jyt/01_m_fold_sampling/round_1/01_sampling/sampling_4/group_8_unrelaxed_rank_001_alphafold2_ptm_model_1_seed_042.pdb,84.12153846153845,0.79421,11,1
/fs/ess/PAA0203/xing244/AF_ClaSeq/results_updated/KaiB/run1/m_fold_sampling_voting_5jyt/01_m_fold_sampling/round_1/01_sampling/sampling_4/group_48_unrelaxed_rank_001_alphafold2_ptm_model_1_seed_042.pdb,77.1654945054945,0.78276,11,1
/fs/ess/PAA0203/xing244/AF_ClaSeq/results_updated/KaiB/run1/m_fold_sampling_voting_5jyt/01_m_fold_sampling/round_1/01_sampling/sampling_4/group_6_unrelaxed_rank_001_alphafold2_ptm_model_1_seed_042.pdb,86.27329670329671,0.79249,11,1
/fs/ess/PAA0203/xing244/AF_ClaSeq/results_updated/KaiB/run1/m_fold_sampling_voting_5jyt/01_m_fold_sampling/round_1/01_sampling/sampling_4/group_19_unrelaxed_rank_001_alphafold2_ptm_model_1_seed_042.pdb,86.46516483516483,0.79055,11,1
/fs/ess/PAA0203/xing244/AF_ClaSeq/results_updated/KaiB/run1/m_fold_sampling_voting_5jyt/01_m_fold_sampling/round_1/01_sampling/sampling_4/group_13_unrelaxed_rank_001_alphafold2_ptm_model_1_seed_042.pdb,80.20197802197802,0.7873,11,1
/fs/ess/PAA0203/xing244/AF_ClaSeq/results_updated/KaiB/run1/m_fold_sampling_voting_5jyt/01_m_fold_sampling/round_1/01_sampling/sampling_4/group_28_unrelaxed_rank_001_alphafold2_ptm_model_1_seed_042.pdb,82.79384615384615,0.75899,11,1
/fs/ess/PAA0203/xing244/AF_ClaSeq/results_updated/KaiB/run1/m_fold_sampling_voting_5jyt/01_m_fold_sampling/round_1/01_sampling/sampling_4/group_32_unrelaxed_rank_001_alphafold2_ptm_model_1_seed_042.pdb,89.17406593406594,0.8109,11,1
/fs/ess/PAA0203/xing244/AF_ClaSeq/results_updated/KaiB/run1/m_fold_sampling_voting_5jyt/01_m_fold_sampling/round_1/01_sampling/sampling_4/group_22_unrelaxed_rank_001_alphafold2_ptm_model_1_seed_042.pdb,81.88714285714286,0.78538,11,1
/fs/ess/PAA0203/xing244/AF_ClaSeq/results_updated/KaiB/run1/m_fold_sampling_voting_5jyt/01_m_fold_sampling/round_1/01_sampling/sampling_4/group_7_unrelaxed_rank_001_alphafold2_ptm_model_1_seed_042.pdb,81.54758241758242,0.77081,11,1
/fs/ess/PAA0203/xing244/AF_ClaSeq/results_updated/KaiB/run1/m_fold_sampling_voting_5jyt/01_m_fold_sampling/round_1/01_sampling/sampling_4/group_21_unrelaxed_rank_001_alphafold2_ptm_model_1_seed_042.pdb,86.70945054945054,0.8353,11,1
/fs/ess/PAA0203/xing244/AF_ClaSeq/results_updated/KaiB/run1/m_fold_sampling_voting_5jyt/01_m_fold_sampling/round_1/01_sampling/sampling_4/group_41_unrelaxed_rank_001_alphafold2_ptm_model_1_seed_042.pdb,71.12186813186814,0.78958,11,1
/fs/ess/PAA0203/xing244/AF_ClaSeq/results_updated/KaiB/run1/m_fold_sampling_voting_5jyt/01_m_fold_sampling/round_1/01_sampling/sampling_4/group_31_unrelaxed_rank_001_alphafold2_ptm_model_1_seed_042.pdb,84.05538461538461,0.7713,11,1
/fs/ess/PAA0203/xing244/AF_ClaSeq/results_updated/KaiB/run1/m_fold_sampling_voting_5jyt/01_m_fold_sampling/round_1/01_sampling/sampling_4/group_46_unrelaxed_rank_001_alphafold2_ptm_model_1_seed_042.pdb,83.5310989010989,0.80445,11,1
/fs/ess/PAA0203/xing244/AF_ClaSeq/results_updated/KaiB/run1/m_fold_sampling_voting_5jyt/01_m_fold_sampling/round_1/01_sampling/sampling_4/group_17_unrelaxed_rank_001_alphafold2_ptm_model_1_seed_042.pdb,87.47065934065934,0.79558,11,1
/fs/ess/PAA0203/xing244/AF_ClaSeq/results_updated/KaiB/run1/m_fold_sampling_voting_5jyt/01_m_fold_sampling/round_1/01_sampling/sampling_4/group_14_unrelaxed_rank_001_alphafold2_ptm_model_1_seed_042.pdb,86.99439560439559,0.77523,11,1
/fs/ess/PAA0203/xing244/AF_ClaSeq/results_updated/KaiB/run1/m_fold_sampling_voting_5jyt/01_m_fold_sampling/round_1/01_sampling/sampling_4/group_4_unrelaxed_rank_001_alphafold2_ptm_model_1_seed_042.pdb,86.09164835164836,0.81079,11,1
/fs/ess/PAA0203/xing244/AF_ClaSeq/results_updated/KaiB/run1/m_fold_sampling_voting_5jyt/01_m_fold_sampling/round_1/01_sampling/sampling_4/group_12_unrelaxed_rank_001_alphafold2_ptm_model_1_seed_042.pdb,83.39384615384614,0.76591,11,1
/fs/ess/PAA0203/xing244/AF_ClaSeq/results_updated/KaiB/run1/m_fold_sampling_voting_5jyt/01_m_fold_sampling/round_1/01_sampling/sampling_4/group_38_unrelaxed_rank_001_alphafold2_ptm_model_1_seed_042.pdb,86.12736263736264,0.79491,11,1
/fs/ess/PAA0203/xing244/AF_ClaSeq/results_updated/KaiB/run1/m_fold_sampling_voting_5jyt/01_m_fold_sampling/round_1/01_sampling/sampling_4/group_15_unrelaxed_rank_001_alphafold2_ptm_model_1_seed_042.pdb,87.22351648351649,0.81501,11,1
/fs/ess/PAA0203/xing244/AF_ClaSeq/results_updated/KaiB/run1/m_fold_sampling_voting_5jyt/01_m_fold_sampling/round_1/01_sampling/sampling_4/group_23_unrelaxed_rank_001_alphafold2_ptm_model_1_seed_042.pdb,86.60032967032966,0.79015,11,1
/fs/ess/PAA0203/xing244/AF_ClaSeq/results_updated/KaiB/run1/m_fold_sampling_voting_5jyt/01_m_fold_sampling/round_1/01_sampling/sampling_4/group_5_unrelaxed_rank_001_alphafold2_ptm_model_1_seed_042.pdb,87.20912087912087,0.79983,11,1
/fs/ess/PAA0203/xing244/AF_ClaSeq/results_updated/KaiB/run1/m_fold_sampling_voting_5jyt/01_m_fold_sampling/round_1/01_sampling/sampling_4/group_33_unrelaxed_rank_001_alphafold2_ptm_model_1_seed_042.pdb,88.17329670329671,0.78798,11,1
/fs/ess/PAA0203/xing244/AF_ClaSeq/results_updated/KaiB/run1/m_fold_sampling_voting_5jyt/01_m_fold_sampling/round_1/01_sampling/sampling_4/group_27_unrelaxed_rank_001_alphafold2_ptm_model_1_seed_042.pdb,89.0808791208791,0.80386,11,1
/fs/ess/PAA0203/xing244/AF_ClaSeq/results_updated/KaiB/run1/m_fold_sampling_voting_5jyt/01_m_fold_sampling/round_1/01_sampling/sampling_4/group_42_unrelaxed_rank_001_alphafold2_ptm_model_1_seed_042.pdb,87.51208791208792,0.81061,11,1
/fs/ess/PAA0203/xing244/AF_ClaSeq/results_updated/KaiB/run1/m_fold_sampling_voting_5jyt/01_m_fold_sampling/round_1/01_sampling/sampling_4/group_10_unrelaxed_rank_001_alphafold2_ptm_model_1_seed_042.pdb,63.531318681318695,0.6219,11,1
/fs/ess/PAA0203/xing244/AF_ClaSeq/results_updated/KaiB/run1/m_fold_sampling_voting_5jyt/01_m_fold_sampling/round_1/01_sampling/sampling_4/group_37_unrelaxed_rank_001_alphafold2_ptm_model_1_seed_042.pdb,70.38329670329671,0.65459,11,1
/fs/ess/PAA0203/xing244/AF_ClaSeq/results_updated/KaiB/run1/m_fold_sampling_voting_5jyt/01_m_fold_sampling/round_1/01_sampling/sampling_4/group_29_unrelaxed_rank_001_alphafold2_ptm_model_1_seed_042.pdb,89.2843956043956,0.80667,11,1
/fs/ess/PAA0203/xing244/AF_ClaSeq/results_updated/KaiB/run1/m_fold_sampling_voting_5jyt/01_m_fold_sampling/round_1/01_sampling/sampling_4/group_18_unrelaxed_rank_001_alphafold2_ptm_model_1_seed_042.pdb,83.98868131868132,0.806,11,1
/fs/ess/PAA0203/xing244/AF_ClaSeq/results_updated/KaiB/run1/m_fold_sampling_voting_5jyt/01_m_fold_sampling/round_1/01_sampling/sampling_4/group_43_unrelaxed_rank_001_alphafold2_ptm_model_1_seed_042.pdb,86.80098901098903,0.80215,11,1
/fs/ess/PAA0203/xing244/AF_ClaSeq/results_updated/KaiB/run1/m_fold_sampling_voting_5jyt/01_m_fold_sampling/round_1/01_sampling/sampling_4/group_25_unrelaxed_rank_001_alphafold2_ptm_model_1_seed_042.pdb,83.4078021978022,0.78342,11,1
/fs/ess/PAA0203/xing244/AF_ClaSeq/results_updated/KaiB/run1/m_fold_sampling_voting_5jyt/01_m_fold_sampling/round_1/01_sampling/sampling_4/group_3_unrelaxed_rank_001_alphafold2_ptm_model_1_seed_042.pdb,83.80945054945053,0.79081,11,1
/fs/ess/PAA0203/xing244/AF_ClaSeq/results_updated/KaiB/run1/m_fold_sampling_voting_5jyt/01_m_fold_sampling/round_1/01_sampling/sampling_4/group_34_unrelaxed_rank_001_alphafold2_ptm_model_1_seed_042.pdb,85.74054945054945,0.78446,11,1
/fs/ess/PAA0203/xing244/AF_ClaSeq/results_updated/KaiB/run1/m_fold_sampling_voting_5jyt/01_m_fold_sampling/round_1/01_sampling/sampling_4/group_9_unrelaxed_rank_001_alphafold2_ptm_model_1_seed_042.pdb,56.29032967032966,0.56472,11,1
/fs/ess/PAA0203/xing244/AF_ClaSeq/results_updated/KaiB/run1/m_fold_sampling_voting_5jyt/01_m_fold_sampling/round_1/01_sampling/sampling_4/group_47_unrelaxed_rank_001_alphafold2_ptm_model_1_seed_042.pdb,87.18351648351648,0.80001,11,1
/fs/ess/PAA0203/xing244/AF_ClaSeq/results_updated/KaiB/run1/m_fold_sampling_voting_5jyt/01_m_fold_sampling/round_1/01_sampling/sampling_4/group_35_unrelaxed_rank_001_alphafold2_ptm_model_1_seed_042.pdb,82.59725274725274,0.76842,11,1
/fs/ess/PAA0203/xing244/AF_ClaSeq/results_updated/KaiB/run1/m_fold_sampling_voting_5jyt/01_m_fold_sampling/round_1/01_sampling/sampling_4/group_24_unrelaxed_rank_001_alphafold2_ptm_model_1_seed_042.pdb,72.68527472527474,0.76603,11,1
/fs/ess/PAA0203/xing244/AF_ClaSeq/results_updated/KaiB/run1/m_fold_sampling_voting_5jyt/01_m_fold_sampling/round_1/01_sampling/sampling_4/group_40_unrelaxed_rank_001_alphafold2_ptm_model_1_seed_042.pdb,86.16428571428571,0.79084,11,1
/fs/ess/PAA0203/xing244/AF_ClaSeq/results_updated/KaiB/run1/m_fold_sampling_voting_5jyt/01_m_fold_sampling/round_1/01_sampling/sampling_4/group_1_unrelaxed_rank_001_alphafold2_ptm_model_1_seed_042.pdb,89.24747252747252,0.8047,11,1
/fs/ess/PAA0203/xing244/AF_ClaSeq/results_updated/KaiB/run1/m_fold_sampling_voting_5jyt/01_m_fold_sampling/round_1/01_sampling/sampling_4/group_30_unrelaxed_rank_001_alphafold2_ptm_model_1_seed_042.pdb,88.47901098901099,0.7921,11,1
/fs/ess/PAA0203/xing244/AF_ClaSeq/results_updated/KaiB/run1/m_fold_sampling_voting_5jyt/01_m_fold_sampling/round_1/01_sampling/sampling_4/group_26_unrelaxed_rank_001_alphafold2_ptm_model_1_seed_042.pdb,84.20703296703297,0.76841,11,1
/fs/ess/PAA0203/xing244/AF_ClaSeq/results_updated/KaiB/run1/m_fold_sampling_voting_5jyt/01_m_fold_sampling/round_1/01_sampling/sampling_4/group_39_unrelaxed_rank_001_alphafold2_ptm_model_1_seed_042.pdb,77.48626373626372,0.75715,11,1
/fs/ess/PAA0203/xing244/AF_ClaSeq/results_updated/KaiB/run1/m_fold_sampling_voting_5jyt/01_m_fold_sampling/round_1/01_sampling/sampling_4/group_11_unrelaxed_rank_001_alphafold2_ptm_model_1_seed_042.pdb,84.68054945054945,0.8159,11,1
/fs/ess/PAA0203/xing244/AF_ClaSeq/results_updated/KaiB/run1/m_fold_sampling_voting_5jyt/01_m_fold_sampling/round_1/01_sampling/sampling_4/group_49_unrelaxed_rank_001_alphafold2_ptm_model_1_seed_042.pdb,85.5465934065934,0.79179,12,1
/fs/ess/PAA0203/xing244/AF_ClaSeq/results_updated/KaiB/run1/m_fold_sampling_voting_5jyt/01_m_fold_sampling/round_1/01_sampling/sampling_4/group_45_unrelaxed_rank_001_alphafold2_ptm_model_1_seed_042.pdb,58.51406593406594,0.68085,11,1
/fs/ess/PAA0203/xing244/AF_ClaSeq/results_updated/KaiB/run1/m_fold_sampling_voting_5jyt/01_m_fold_sampling/round_1/01_sampling/sampling_4/group_2_unrelaxed_rank_001_alphafold2_ptm_model_1_seed_042.pdb,86.01032967032968,0.79987,11,1
/fs/ess/PAA0203/xing244/AF_ClaSeq/results_updated/KaiB/run1/m_fold_sampling_voting_5jyt/01_m_fold_sampling/round_1/01_sampling/sampling_4/group_36_unrelaxed_rank_001_alphafold2_ptm_model_1_seed_042.pdb,80.55208791208791,0.75422,11,1
/fs/ess/PAA0203/xing244/AF_ClaSeq/results_updated/KaiB/run1/m_fold_sampling_voting_5jyt/01_m_fold_sampling/round_1/01_sampling/sampling_29/group_20_unrelaxed_rank_001_alphafold2_ptm_model_1_seed_042.pdb,59.89505494505493,0.50908,11,1
/fs/ess/PAA0203/xing244/AF_ClaSeq/results_updated/KaiB/run1/m_fold_sampling_voting_5jyt/01_m_fold_sampling/round_1/01_sampling/sampling_29/group_44_unrelaxed_rank_001_alphafold2_ptm_model_1_seed_042.pdb,86.04483516483516,0.79979,11,1
/fs/ess/PAA0203/xing244/AF_ClaSeq/results_updated/KaiB/run1/m_fold_sampling_voting_5jyt/01_m_fold_sampling/round_1/01_sampling/sampling_29/group_16_unrelaxed_rank_001_alphafold2_ptm_model_1_seed_042.pdb,66.16384615384617,0.6841,11,1
/fs/ess/PAA0203/xing244/AF_ClaSeq/results_updated/KaiB/run1/m_fold_sampling_voting_5jyt/01_m_fold_sampling/round_1/01_sampling/sampling_29/group_8_unrelaxed_rank_001_alphafold2_ptm_model_1_seed_042.pdb,87.97549450549451,0.79728,11,1
/fs/ess/PAA0203/xing244/AF_ClaSeq/results_updated/KaiB/run1/m_fold_sampling_voting_5jyt/01_m_fold_sampling/round_1/01_sampling/sampling_29/group_48_unrelaxed_rank_001_alphafold2_ptm_model_1_seed_042.pdb,79.40857142857143,0.77404,11,1
/fs/ess/PAA0203/xing244/AF_ClaSeq/results_updated/KaiB/run1/m_fold_sampling_voting_5jyt/01_m_fold_sampling/round_1/01_sampling/sampling_29/group_6_unrelaxed_rank_001_alphafold2_ptm_model_1_seed_042.pdb,85.41263736263737,0.77887,11,1
/fs/ess/PAA0203/xing244/AF_ClaSeq/results_updated/KaiB/run1/m_fold_sampling_voting_5jyt/01_m_fold_sampling/round_1/01_sampling/sampling_29/group_19_unrelaxed_rank_001_alphafold2_ptm_model_1_seed_042.pdb,64.47318681318681,0.77066,11,1
/fs/ess/PAA0203/xing244/AF_ClaSeq/results_updated/KaiB/run1/m_fold_sampling_voting_5jyt/01_m_fold_sampling/round_1/01_sampling/sampling_29/group_13_unrelaxed_rank_001_alphafold2_ptm_model_1_seed_042.pdb,71.82054945054945,0.83544,11,1
/fs/ess/PAA0203/xing244/AF_ClaSeq/results_updated/KaiB/run1/m_fold_sampling_voting_5jyt/01_m_fold_sampling/round_1/01_sampling/sampling_29/group_28_unrelaxed_rank_001_alphafold2_ptm_model_1_seed_042.pdb,74.67791208791208,0.74595,11,1
/fs/ess/PAA0203/xing244/AF_ClaSeq/results_updated/KaiB/run1/m_fold_sampling_voting_5jyt/01_m_fold_sampling/round_1/01_sampling/sampling_29/group_32_unrelaxed_rank_001_alphafold2_ptm_model_1_seed_042.pdb,89.43285714285715,0.80703,11,1
/fs/ess/PAA0203/xing244/AF_ClaSeq/results_updated/KaiB/run1/m_fold_sampling_voting_5jyt/01_m_fold_sampling/round_1/01_sampling/sampling_29/group_22_unrelaxed_rank_001_alphafold2_ptm_model_1_seed_042.pdb,76.76472527472527,0.71969,11,1
/fs/ess/PAA0203/xing244/AF_ClaSeq/results_updated/KaiB/run1/m_fold_sampling_voting_5jyt/01_m_fold_sampling/round_1/01_sampling/sampling_29/group_7_unrelaxed_rank_001_alphafold2_ptm_model_1_seed_042.pdb,84.01857142857142,0.80488,11,1
/fs/ess/PAA0203/xing244/AF_ClaSeq/results_updated/KaiB/run1/m_fold_sampling_voting_5jyt/01_m_fold_sampling/round_1/01_sampling/sampling_29/group_21_unrelaxed_rank_001_alphafold2_ptm_model_1_seed_042.pdb,74.86780219780219,0.80072,11,1
/fs/ess/PAA0203/xing244/AF_ClaSeq/results_updated/KaiB/run1/m_fold_sampling_voting_5jyt/01_m_fold_sampling/round_1/01_sampling/sampling_29/group_41_unrelaxed_rank_001_alphafold2_ptm_model_1_seed_042.pdb,84.87582417582418,0.74615,11,1
/fs/ess/PAA0203/xing244/AF_ClaSeq/results_updated/KaiB/run1/m_fold_sampling_voting_5jyt/01_m_fold_sampling/round_1/01_sampling/sampling_29/group_31_unrelaxed_rank_001_alphafold2_ptm_model_1_seed_042.pdb,80.12043956043956,0.78106,11,1
/fs/ess/PAA0203/xing244/AF_ClaSeq/results_updated/KaiB/run1/m_fold_sampling_voting_5jyt/01_m_fold_sampling/round_1/01_sampling/sampling_29/group_46_unrelaxed_rank_001_alphafold2_ptm_model_1_seed_042.pdb,81.50318681318683,0.77343,11,1
/fs/ess/PAA0203/xing244/AF_ClaSeq/results_updated/KaiB/run1/m_fold_sampling_voting_5jyt/01_m_fold_sampling/round_1/01_sampling/sampling_29/group_17_unrelaxed_rank_001_alphafold2_ptm_model_1_seed_042.pdb,71.54692307692308,0.77697,11,1
/fs/ess/PAA0203/xing244/AF_ClaSeq/results_updated/KaiB/run1/m_fold_sampling_voting_5jyt/01_m_fold_sampling/round_1/01_sampling/sampling_29/group_14_unrelaxed_rank_001_alphafold2_ptm_model_1_seed_042.pdb,88.9191208791209,0.80735,11,1
/fs/ess/PAA0203/xing244/AF_ClaSeq/results_updated/KaiB/run1/m_fold_sampling_voting_5jyt/01_m_fold_sampling/round_1/01_sampling/sampling_29/group_4_unrelaxed_rank_001_alphafold2_ptm_model_1_seed_042.pdb,83.83791208791207,0.73244,11,1
/fs/ess/PAA0203/xing244/AF_ClaSeq/results_updated/KaiB/run1/m_fold_sampling_voting_5jyt/01_m_fold_sampling/round_1/01_sampling/sampling_29/group_12_unrelaxed_rank_001_alphafold2_ptm_model_1_seed_042.pdb,86.13472527472527,0.77906,11,1
/fs/ess/PAA0203/xing244/AF_ClaSeq/results_updated/KaiB/run1/m_fold_sampling_voting_5jyt/01_m_fold_sampling/round_1/01_sampling/sampling_29/group_38_unrelaxed_rank_001_alphafold2_ptm_model_1_seed_042.pdb,85.30098901098901,0.77713,11,1
/fs/ess/PAA0203/xing244/AF_ClaSeq/results_updated/KaiB/run1/m_fold_sampling_voting_5jyt/01_m_fold_sampling/round_1/01_sampling/sampling_29/group_15_unrelaxed_rank_001_alphafold2_ptm_model_1_seed_042.pdb,87.18714285714286,0.7875,11,1
/fs/ess/PAA0203/xing244/AF_ClaSeq/results_updated/KaiB/run1/m_fold_sampling_voting_5jyt/01_m_fold_sampling/round_1/01_sampling/sampling_29/group_23_unrelaxed_rank_001_alphafold2_ptm_model_1_seed_042.pdb,91.06714285714287,0.81877,11,1
/fs/ess/PAA0203/xing244/AF_ClaSeq/results_updated/KaiB/run1/m_fold_sampling_voting_5jyt/01_m_fold_sampling/round_1/01_sampling/sampling_29/group_5_unrelaxed_rank_001_alphafold2_ptm_model_1_seed_042.pdb,85.69252747252747,0.79227,11,1
/fs/ess/PAA0203/xing244/AF_ClaSeq/results_updated/KaiB/run1/m_fold_sampling_voting_5jyt/01_m_fold_sampling/round_1/01_sampling/sampling_29/group_33_unrelaxed_rank_001_alphafold2_ptm_model_1_seed_042.pdb,76.83087912087912,0.79101,11,1
/fs/ess/PAA0203/xing244/AF_ClaSeq/results_updated/KaiB/run1/m_fold_sampling_voting_5jyt/01_m_fold_sampling/round_1/01_sampling/sampling_29/group_27_unrelaxed_rank_001_alphafold2_ptm_model_1_seed_042.pdb,84.3178021978022,0.7897,11,1
/fs/ess/PAA0203/xing244/AF_ClaSeq/results_updated/KaiB/run1/m_fold_sampling_voting_5jyt/01_m_fold_sampling/round_1/01_sampling/sampling_29/group_42_unrelaxed_rank_001_alphafold2_ptm_model_1_seed_042.pdb,81.28131868131868,0.78899,11,1
/fs/ess/PAA0203/xing244/AF_ClaSeq/results_updated/KaiB/run1/m_fold_sampling_voting_5jyt/01_m_fold_sampling/round_1/01_sampling/sampling_29/group_10_unrelaxed_rank_001_alphafold2_ptm_model_1_seed_042.pdb,87.39747252747252,0.81218,11,1
/fs/ess/PAA0203/xing244/AF_ClaSeq/results_updated/KaiB/run1/m_fold_sampling_voting_5jyt/01_m_fold_sampling/round_1/01_sampling/sampling_29/group_37_unrelaxed_rank_001_alphafold2_ptm_model_1_seed_042.pdb,81.46043956043957,0.77034,11,1
/fs/ess/PAA0203/xing244/AF_ClaSeq/results_updated/KaiB/run1/m_fold_sampling_voting_5jyt/01_m_fold_sampling/round_1/01_sampling/sampling_29/group_29_unrelaxed_rank_001_alphafold2_ptm_model_1_seed_042.pdb,83.38098901098903,0.78727,11,1
/fs/ess/PAA0203/xing244/AF_ClaSeq/results_updated/KaiB/run1/m_fold_sampling_voting_5jyt/01_m_fold_sampling/round_1/01_sampling/sampling_29/group_18_unrelaxed_rank_001_alphafold2_ptm_model_1_seed_042.pdb,84.15318681318682,0.78668,11,1
/fs/ess/PAA0203/xing244/AF_ClaSeq/results_updated/KaiB/run1/m_fold_sampling_voting_5jyt/01_m_fold_sampling/round_1/01_sampling/sampling_29/group_43_unrelaxed_rank_001_alphafold2_ptm_model_1_seed_042.pdb,74.20307692307692,0.72455,11,1
/fs/ess/PAA0203/xing244/AF_ClaSeq/results_updated/KaiB/run1/m_fold_sampling_voting_5jyt/01_m_fold_sampling/round_1/01_sampling/sampling_29/group_25_unrelaxed_rank_001_alphafold2_ptm_model_1_seed_042.pdb,82.31527472527472,0.7252,11,1
/fs/ess/PAA0203/xing244/AF_ClaSeq/results_updated/KaiB/run1/m_fold_sampling_voting_5jyt/01_m_fold_sampling/round_1/01_sampling/sampling_29/group_3_unrelaxed_rank_001_alphafold2_ptm_model_1_seed_042.pdb,90.20428571428572,0.80244,11,1
/fs/ess/PAA0203/xing244/AF_ClaSeq/results_updated/KaiB/run1/m_fold_sampling_voting_5jyt/01_m_fold_sampling/round_1/01_sampling/sampling_29/group_34_unrelaxed_rank_001_alphafold2_ptm_model_1_seed_042.pdb,90.8178021978022,0.77093,11,1
/fs/ess/PAA0203/xing244/AF_ClaSeq/results_updated/KaiB/run1/m_fold_sampling_voting_5jyt/01_m_fold_sampling/round_1/01_sampling/sampling_29/group_9_unrelaxed_rank_001_alphafold2_ptm_model_1_seed_042.pdb,83.42824175824177,0.79507,11,1
/fs/ess/PAA0203/xing244/AF_ClaSeq/results_updated/KaiB/run1/m_fold_sampling_voting_5jyt/01_m_fold_sampling/round_1/01_sampling/sampling_29/group_47_unrelaxed_rank_001_alphafold2_ptm_model_1_seed_042.pdb,86.94978021978021,0.79408,11,1
/fs/ess/PAA0203/xing244/AF_ClaSeq/results_updated/KaiB/run1/m_fold_sampling_voting_5jyt/01_m_fold_sampling/round_1/01_sampling/sampling_29/group_35_unrelaxed_rank_001_alphafold2_ptm_model_1_seed_042.pdb,66.26593406593406,0.80804,11,1
/fs/ess/PAA0203/xing244/AF_ClaSeq/results_updated/KaiB/run1/m_fold_sampling_voting_5jyt/01_m_fold_sampling/round_1/01_sampling/sampling_29/group_24_unrelaxed_rank_001_alphafold2_ptm_model_1_seed_042.pdb,80.83428571428571,0.76719,11,1
/fs/ess/PAA0203/xing244/AF_ClaSeq/results_updated/KaiB/run1/m_fold_sampling_voting_5jyt/01_m_fold_sampling/round_1/01_sampling/sampling_29/group_40_unrelaxed_rank_001_alphafold2_ptm_model_1_seed_042.pdb,86.05934065934066,0.8057,11,1
/fs/ess/PAA0203/xing244/AF_ClaSeq/results_updated/KaiB/run1/m_fold_sampling_voting_5jyt/01_m_fold_sampling/round_1/01_sampling/sampling_29/group_1_unrelaxed_rank_001_alphafold2_ptm_model_1_seed_042.pdb,81.54142857142858,0.7786,11,1
/fs/ess/PAA0203/xing244/AF_ClaSeq/results_updated/KaiB/run1/m_fold_sampling_voting_5jyt/01_m_fold_sampling/round_1/01_sampling/sampling_29/group_30_unrelaxed_rank_001_alphafold2_ptm_model_1_seed_042.pdb,86.16824175824176,0.80979,11,1
/fs/ess/PAA0203/xing244/AF_ClaSeq/results_updated/KaiB/run1/m_fold_sampling_voting_5jyt/01_m_fold_sampling/round_1/01_sampling/sampling_29/group_26_unrelaxed_rank_001_alphafold2_ptm_model_1_seed_042.pdb,74.60340659340659,0.83758,11,1
/fs/ess/PAA0203/xing244/AF_ClaSeq/results_updated/KaiB/run1/m_fold_sampling_voting_5jyt/01_m_fold_sampling/round_1/01_sampling/sampling_29/group_39_unrelaxed_rank_001_alphafold2_ptm_model_1_seed_042.pdb,88.23307692307691,0.79335,11,1
/fs/ess/PAA0203/xing244/AF_ClaSeq/results_updated/KaiB/run1/m_fold_sampling_voting_5jyt/01_m_fold_sampling/round_1/01_sampling/sampling_29/group_11_unrelaxed_rank_001_alphafold2_ptm_model_1_seed_042.pdb,74.59450549450548,0.77769,11,1
/fs/ess/PAA0203/xing244/AF_ClaSeq/results_updated/KaiB/run1/m_fold_sampling_voting_5jyt/01_m_fold_sampling/round_1/01_sampling/sampling_29/group_49_unrelaxed_rank_001_alphafold2_ptm_model_1_seed_042.pdb,89.47725274725273,0.82446,12,1
/fs/ess/PAA0203/xing244/AF_ClaSeq/results_updated/KaiB/run1/m_fold_sampling_voting_5jyt/01_m_fold_sampling/round_1/01_sampling/sampling_29/group_45_unrelaxed_rank_001_alphafold2_ptm_model_1_seed_042.pdb,86.09593406593406,0.79731,11,1
/fs/ess/PAA0203/xing244/AF_ClaSeq/results_updated/KaiB/run1/m_fold_sampling_voting_5jyt/01_m_fold_sampling/round_1/01_sampling/sampling_29/group_2_unrelaxed_rank_001_alphafold2_ptm_model_1_seed_042.pdb,84.38582417582417,0.77443,11,1
/fs/ess/PAA0203/xing244/AF_ClaSeq/results_updated/KaiB/run1/m_fold_sampling_voting_5jyt/01_m_fold_sampling/round_1/01_sampling/sampling_29/group_36_unrelaxed_rank_001_alphafold2_ptm_model_1_seed_042.pdb,80.11164835164836,0.74767,11,1
/fs/ess/PAA0203/xing244/AF_ClaSeq/results_updated/KaiB/run1/m_fold_sampling_voting_5jyt/01_m_fold_sampling/round_1/01_sampling/sampling_12/group_20_unrelaxed_rank_001_alphafold2_ptm_model_1_seed_042.pdb,87.14978021978021,0.7862,11,1
/fs/ess/PAA0203/xing244/AF_ClaSeq/results_updated/KaiB/run1/m_fold_sampling_voting_5jyt/01_m_fold_sampling/round_1/01_sampling/sampling_12/group_44_unrelaxed_rank_001_alphafold2_ptm_model_1_seed_042.pdb,85.91417582417581,0.79693,11,1
/fs/ess/PAA0203/xing244/AF_ClaSeq/results_updated/KaiB/run1/m_fold_sampling_voting_5jyt/01_m_fold_sampling/round_1/01_sampling/sampling_12/group_16_unrelaxed_rank_001_alphafold2_ptm_model_1_seed_042.pdb,88.51483516483516,0.80634,11,1
/fs/ess/PAA0203/xing244/AF_ClaSeq/results_updated/KaiB/run1/m_fold_sampling_voting_5jyt/01_m_fold_sampling/round_1/01_sampling/sampling_12/group_8_unrelaxed_rank_001_alphafold2_ptm_model_1_seed_042.pdb,69.40868131868132,0.77864,11,1
/fs/ess/PAA0203/xing244/AF_ClaSeq/results_updated/KaiB/run1/m_fold_sampling_voting_5jyt/01_m_fold_sampling/round_1/01_sampling/sampling_12/group_48_unrelaxed_rank_001_alphafold2_ptm_model_1_seed_042.pdb,87.54219780219782,0.81089,11,1
/fs/ess/PAA0203/xing244/AF_ClaSeq/results_updated/KaiB/run1/m_fold_sampling_voting_5jyt/01_m_fold_sampling/round_1/01_sampling/sampling_12/group_6_unrelaxed_rank_001_alphafold2_ptm_model_1_seed_042.pdb,85.07626373626373,0.76042,11,1
/fs/ess/PAA0203/xing244/AF_ClaSeq/results_updated/KaiB/run1/m_fold_sampling_voting_5jyt/01_m_fold_sampling/round_1/01_sampling/sampling_12/group_19_unrelaxed_rank_001_alphafold2_ptm_model_1_seed_042.pdb,86.62065934065934,0.79176,11,1
/fs/ess/PAA0203/xing244/AF_ClaSeq/results_updated/KaiB/run1/m_fold_sampling_voting_5jyt/01_m_fold_sampling/round_1/01_sampling/sampling_12/group_13_unrelaxed_rank_001_alphafold2_ptm_model_1_seed_042.pdb,90.00703296703296,0.77412,11,1
/fs/ess/PAA0203/xing244/AF_ClaSeq/results_updated/KaiB/run1/m_fold_sampling_voting_5jyt/01_m_fold_sampling/round_1/01_sampling/sampling_12/group_28_unrelaxed_rank_001_alphafold2_ptm_model_1_seed_042.pdb,85.67593406593407,0.80273,11,1
/fs/ess/PAA0203/xing244/AF_ClaSeq/results_updated/KaiB/run1/m_fold_sampling_voting_5jyt/01_m_fold_sampling/round_1/01_sampling/sampling_12/group_32_unrelaxed_rank_001_alphafold2_ptm_model_1_seed_042.pdb,84.40505494505494,0.77404,11,1
/fs/ess/PAA0203/xing244/AF_ClaSeq/results_updated/KaiB/run1/m_fold_sampling_voting_5jyt/01_m_fold_sampling/round_1/01_sampling/sampling_12/group_22_unrelaxed_rank_001_alphafold2_ptm_model_1_seed_042.pdb,85.13274725274724,0.79499,11,1
/fs/ess/PAA0203/xing244/AF_ClaSeq/results_updated/KaiB/run1/m_fold_sampling_voting_5jyt/01_m_fold_sampling/round_1/01_sampling/sampling_12/group_7_unrelaxed_rank_001_alphafold2_ptm_model_1_seed_042.pdb,67.69626373626373,0.73963,11,1
/fs/ess/PAA0203/xing244/AF_ClaSeq/results_updated/KaiB/run1/m_fold_sampling_voting_5jyt/01_m_fold_sampling/round_1/01_sampling/sampling_12/group_21_unrelaxed_rank_001_alphafold2_ptm_model_1_seed_042.pdb,88.23153846153846,0.8062,11,1
/fs/ess/PAA0203/xing244/AF_ClaSeq/results_updated/KaiB/run1/m_fold_sampling_voting_5jyt/01_m_fold_sampling/round_1/01_sampling/sampling_12/group_41_unrelaxed_rank_001_alphafold2_ptm_model_1_seed_042.pdb,82.43857142857142,0.78307,11,1
/fs/ess/PAA0203/xing244/AF_ClaSeq/results_updated/KaiB/run1/m_fold_sampling_voting_5jyt/01_m_fold_sampling/round_1/01_sampling/sampling_12/group_31_unrelaxed_rank_001_alphafold2_ptm_model_1_seed_042.pdb,84.21164835164836,0.79573,11,1
/fs/ess/PAA0203/xing244/AF_ClaSeq/results_updated/KaiB/run1/m_fold_sampling_voting_5jyt/01_m_fold_sampling/round_1/01_sampling/sampling_12/group_46_unrelaxed_rank_001_alphafold2_ptm_model_1_seed_042.pdb,80.59604395604396,0.77488,11,1
/fs/ess/PAA0203/xing244/AF_ClaSeq/results_updated/KaiB/run1/m_fold_sampling_voting_5jyt/01_m_fold_sampling/round_1/01_sampling/sampling_12/group_17_unrelaxed_rank_001_alphafold2_ptm_model_1_seed_042.pdb,83.95373626373626,0.73179,11,1
/fs/ess/PAA0203/xing244/AF_ClaSeq/results_updated/KaiB/run1/m_fold_sampling_voting_5jyt/01_m_fold_sampling/round_1/01_sampling/sampling_12/group_14_unrelaxed_rank_001_alphafold2_ptm_model_1_seed_042.pdb,89.88461538461539,0.81214,11,1
/fs/ess/PAA0203/xing244/AF_ClaSeq/results_updated/KaiB/run1/m_fold_sampling_voting_5jyt/01_m_fold_sampling/round_1/01_sampling/sampling_12/group_4_unrelaxed_rank_001_alphafold2_ptm_model_1_seed_042.pdb,84.83219780219781,0.75514,11,1
/fs/ess/PAA0203/xing244/AF_ClaSeq/results_updated/KaiB/run1/m_fold_sampling_voting_5jyt/01_m_fold_sampling/round_1/01_sampling/sampling_12/group_12_unrelaxed_rank_001_alphafold2_ptm_model_1_seed_042.pdb,87.49923076923078,0.80784,11,1
/fs/ess/PAA0203/xing244/AF_ClaSeq/results_updated/KaiB/run1/m_fold_sampling_voting_5jyt/01_m_fold_sampling/round_1/01_sampling/sampling_12/group_38_unrelaxed_rank_001_alphafold2_ptm_model_1_seed_042.pdb,65.71967032967034,0.73951,11,1
/fs/ess/PAA0203/xing244/AF_ClaSeq/results_updated/KaiB/run1/m_fold_sampling_voting_5jyt/01_m_fold_sampling/round_1/01_sampling/sampling_12/group_15_unrelaxed_rank_001_alphafold2_ptm_model_1_seed_042.pdb,87.21142857142856,0.77655,11,1
/fs/ess/PAA0203/xing244/AF_ClaSeq/results_updated/KaiB/run1/m_fold_sampling_voting_5jyt/01_m_fold_sampling/round_1/01_sampling/sampling_12/group_23_unrelaxed_rank_001_alphafold2_ptm_model_1_seed_042.pdb,89.59065934065934,0.81197,11,1
/fs/ess/PAA0203/xing244/AF_ClaSeq/results_updated/KaiB/run1/m_fold_sampling_voting_5jyt/01_m_fold_sampling/round_1/01_sampling/sampling_12/group_5_unrelaxed_rank_001_alphafold2_ptm_model_1_seed_042.pdb,85.80846153846154,0.81324,11,1
/fs/ess/PAA0203/xing244/AF_ClaSeq/results_updated/KaiB/run1/m_fold_sampling_voting_5jyt/01_m_fold_sampling/round_1/01_sampling/sampling_12/group_33_unrelaxed_rank_001_alphafold2_ptm_model_1_seed_042.pdb,80.31406593406594,0.77982,11,1
/fs/ess/PAA0203/xing244/AF_ClaSeq/results_updated/KaiB/run1/m_fold_sampling_voting_5jyt/01_m_fold_sampling/round_1/01_sampling/sampling_12/group_27_unrelaxed_rank_001_alphafold2_ptm_model_1_seed_042.pdb,83.7432967032967,0.79001,11,1
/fs/ess/PAA0203/xing244/AF_ClaSeq/results_updated/KaiB/run1/m_fold_sampling_voting_5jyt/01_m_fold_sampling/round_1/01_sampling/sampling_12/group_42_unrelaxed_rank_001_alphafold2_ptm_model_1_seed_042.pdb,74.87252747252748,0.75966,11,1
/fs/ess/PAA0203/xing244/AF_ClaSeq/results_updated/KaiB/run1/m_fold_sampling_voting_5jyt/01_m_fold_sampling/round_1/01_sampling/sampling_12/group_10_unrelaxed_rank_001_alphafold2_ptm_model_1_seed_042.pdb,71.14626373626373,0.77627,11,1
/fs/ess/PAA0203/xing244/AF_ClaSeq/results_updated/KaiB/run1/m_fold_sampling_voting_5jyt/01_m_fold_sampling/round_1/01_sampling/sampling_12/group_37_unrelaxed_rank_001_alphafold2_ptm_model_1_seed_042.pdb,65.50747252747253,0.70069,11,1
/fs/ess/PAA0203/xing244/AF_ClaSeq/results_updated/KaiB/run1/m_fold_sampling_voting_5jyt/01_m_fold_sampling/round_1/01_sampling/sampling_12/group_29_unrelaxed_rank_001_alphafold2_ptm_model_1_seed_042.pdb,75.57010989010989,0.7564,11,1
/fs/ess/PAA0203/xing244/AF_ClaSeq/results_updated/KaiB/run1/m_fold_sampling_voting_5jyt/01_m_fold_sampling/round_1/01_sampling/sampling_12/group_18_unrelaxed_rank_001_alphafold2_ptm_model_1_seed_042.pdb,81.83648351648351,0.77464,11,1
/fs/ess/PAA0203/xing244/AF_ClaSeq/results_updated/KaiB/run1/m_fold_sampling_voting_5jyt/01_m_fold_sampling/round_1/01_sampling/sampling_12/group_43_unrelaxed_rank_001_alphafold2_ptm_model_1_seed_042.pdb,86.71461538461539,0.79654,11,1
/fs/ess/PAA0203/xing244/AF_ClaSeq/results_updated/KaiB/run1/m_fold_sampling_voting_5jyt/01_m_fold_sampling/round_1/01_sampling/sampling_12/group_25_unrelaxed_rank_001_alphafold2_ptm_model_1_seed_042.pdb,85.70956043956043,0.80692,11,1
/fs/ess/PAA0203/xing244/AF_ClaSeq/results_updated/KaiB/run1/m_fold_sampling_voting_5jyt/01_m_fold_sampling/round_1/01_sampling/sampling_12/group_3_unrelaxed_rank_001_alphafold2_ptm_model_1_seed_042.pdb,84.2676923076923,0.8013,11,1
/fs/ess/PAA0203/xing244/AF_ClaSeq/results_updated/KaiB/run1/m_fold_sampling_voting_5jyt/01_m_fold_sampling/round_1/01_sampling/sampling_12/group_34_unrelaxed_rank_001_alphafold2_ptm_model_1_seed_042.pdb,85.94956043956044,0.78954,11,1
/fs/ess/PAA0203/xing244/AF_ClaSeq/results_updated/KaiB/run1/m_fold_sampling_voting_5jyt/01_m_fold_sampling/round_1/01_sampling/sampling_12/group_9_unrelaxed_rank_001_alphafold2_ptm_model_1_seed_042.pdb,60.77461538461538,0.64664,11,1
/fs/ess/PAA0203/xing244/AF_ClaSeq/results_updated/KaiB/run1/m_fold_sampling_voting_5jyt/01_m_fold_sampling/round_1/01_sampling/sampling_12/group_47_unrelaxed_rank_001_alphafold2_ptm_model_1_seed_042.pdb,86.34087912087911,0.7916,11,1
/fs/ess/PAA0203/xing244/AF_ClaSeq/results_updated/KaiB/run1/m_fold_sampling_voting_5jyt/01_m_fold_sampling/round_1/01_sampling/sampling_12/group_35_unrelaxed_rank_001_alphafold2_ptm_model_1_seed_042.pdb,86.79175824175825,0.78291,11,1
/fs/ess/PAA0203/xing244/AF_ClaSeq/results_updated/KaiB/run1/m_fold_sampling_voting_5jyt/01_m_fold_sampling/round_1/01_sampling/sampling_12/group_24_unrelaxed_rank_001_alphafold2_ptm_model_1_seed_042.pdb,85.31285714285714,0.79575,11,1
/fs/ess/PAA0203/xing244/AF_ClaSeq/results_updated/KaiB/run1/m_fold_sampling_voting_5jyt/01_m_fold_sampling/round_1/01_sampling/sampling_12/group_40_unrelaxed_rank_001_alphafold2_ptm_model_1_seed_042.pdb,85.92758241758241,0.80481,11,1
/fs/ess/PAA0203/xing244/AF_ClaSeq/results_updated/KaiB/run1/m_fold_sampling_voting_5jyt/01_m_fold_sampling/round_1/01_sampling/sampling_12/group_1_unrelaxed_rank_001_alphafold2_ptm_model_1_seed_042.pdb,82.1720879120879,0.78699,11,1
/fs/ess/PAA0203/xing244/AF_ClaSeq/results_updated/KaiB/run1/m_fold_sampling_voting_5jyt/01_m_fold_sampling/round_1/01_sampling/sampling_12/group_30_unrelaxed_rank_001_alphafold2_ptm_model_1_seed_042.pdb,73.88890109890112,0.77129,11,1
/fs/ess/PAA0203/xing244/AF_ClaSeq/results_updated/KaiB/run1/m_fold_sampling_voting_5jyt/01_m_fold_sampling/round_1/01_sampling/sampling_12/group_26_unrelaxed_rank_001_alphafold2_ptm_model_1_seed_042.pdb,83.39208791208792,0.78412,11,1
/fs/ess/PAA0203/xing244/AF_ClaSeq/results_updated/KaiB/run1/m_fold_sampling_voting_5jyt/01_m_fold_sampling/round_1/01_sampling/sampling_12/group_39_unrelaxed_rank_001_alphafold2_ptm_model_1_seed_042.pdb,87.11780219780219,0.75311,11,1
/fs/ess/PAA0203/xing244/AF_ClaSeq/results_updated/KaiB/run1/m_fold_sampling_voting_5jyt/01_m_fold_sampling/round_1/01_sampling/sampling_12/group_11_unrelaxed_rank_001_alphafold2_ptm_model_1_seed_042.pdb,60.21175824175824,0.65561,11,1
/fs/ess/PAA0203/xing244/AF_ClaSeq/results_updated/KaiB/run1/m_fold_sampling_voting_5jyt/01_m_fold_sampling/round_1/01_sampling/sampling_12/group_49_unrelaxed_rank_001_alphafold2_ptm_model_1_seed_042.pdb,63.11076923076922,0.67908,12,1
/fs/ess/PAA0203/xing244/AF_ClaSeq/results_updated/KaiB/run1/m_fold_sampling_voting_5jyt/01_m_fold_sampling/round_1/01_sampling/sampling_12/group_45_unrelaxed_rank_001_alphafold2_ptm_model_1_seed_042.pdb,79.46186813186812,0.79133,11,1
/fs/ess/PAA0203/xing244/AF_ClaSeq/results_updated/KaiB/run1/m_fold_sampling_voting_5jyt/01_m_fold_sampling/round_1/01_sampling/sampling_12/group_2_unrelaxed_rank_001_alphafold2_ptm_model_1_seed_042.pdb,84.42582417582416,0.78214,11,1
/fs/ess/PAA0203/xing244/AF_ClaSeq/results_updated/KaiB/run1/m_fold_sampling_voting_5jyt/01_m_fold_sampling/round_1/01_sampling/sampling_12/group_36_unrelaxed_rank_001_alphafold2_ptm_model_1_seed_042.pdb,88.80450549450549,0.78759,11,1
/fs/ess/PAA0203/xing244/AF_ClaSeq/results_updated/KaiB/run1/m_fold_sampling_voting_5jyt/01_m_fold_sampling/round_1/01_sampling/sampling_3/group_20_unrelaxed_rank_001_alphafold2_ptm_model_1_seed_042.pdb,86.08945054945055,0.80668,11,1
/fs/ess/PAA0203/xing244/AF_ClaSeq/results_updated/KaiB/run1/m_fold_sampling_voting_5jyt/01_m_fold_sampling/round_1/01_sampling/sampling_3/group_44_unrelaxed_rank_001_alphafold2_ptm_model_1_seed_042.pdb,76.5334065934066,0.7654,11,1
/fs/ess/PAA0203/xing244/AF_ClaSeq/results_updated/KaiB/run1/m_fold_sampling_voting_5jyt/01_m_fold_sampling/round_1/01_sampling/sampling_3/group_16_unrelaxed_rank_001_alphafold2_ptm_model_1_seed_042.pdb,84.92318681318682,0.79033,11,1
/fs/ess/PAA0203/xing244/AF_ClaSeq/results_updated/KaiB/run1/m_fold_sampling_voting_5jyt/01_m_fold_sampling/round_1/01_sampling/sampling_3/group_8_unrelaxed_rank_001_alphafold2_ptm_model_1_seed_042.pdb,84.86142857142856,0.81025,11,1
/fs/ess/PAA0203/xing244/AF_ClaSeq/results_updated/KaiB/run1/m_fold_sampling_voting_5jyt/01_m_fold_sampling/round_1/01_sampling/sampling_3/group_48_unrelaxed_rank_001_alphafold2_ptm_model_1_seed_042.pdb,90.14021978021978,0.80781,11,1
/fs/ess/PAA0203/xing244/AF_ClaSeq/results_updated/KaiB/run1/m_fold_sampling_voting_5jyt/01_m_fold_sampling/round_1/01_sampling/sampling_3/group_6_unrelaxed_rank_001_alphafold2_ptm_model_1_seed_042.pdb,85.79879120879122,0.81009,11,1
/fs/ess/PAA0203/xing244/AF_ClaSeq/results_updated/KaiB/run1/m_fold_sampling_voting_5jyt/01_m_fold_sampling/round_1/01_sampling/sampling_3/group_19_unrelaxed_rank_001_alphafold2_ptm_model_1_seed_042.pdb,85.37307692307692,0.79142,11,1
/fs/ess/PAA0203/xing244/AF_ClaSeq/results_updated/KaiB/run1/m_fold_sampling_voting_5jyt/01_m_fold_sampling/round_1/01_sampling/sampling_3/group_13_unrelaxed_rank_001_alphafold2_ptm_model_1_seed_042.pdb,85.79296703296703,0.76443,11,1
/fs/ess/PAA0203/xing244/AF_ClaSeq/results_updated/KaiB/run1/m_fold_sampling_voting_5jyt/01_m_fold_sampling/round_1/01_sampling/sampling_3/group_28_unrelaxed_rank_001_alphafold2_ptm_model_1_seed_042.pdb,82.79,0.78496,11,1
/fs/ess/PAA0203/xing244/AF_ClaSeq/results_updated/KaiB/run1/m_fold_sampling_voting_5jyt/01_m_fold_sampling/round_1/01_sampling/sampling_3/group_32_unrelaxed_rank_001_alphafold2_ptm_model_1_seed_042.pdb,89.90912087912088,0.78724,11,1
/fs/ess/PAA0203/xing244/AF_ClaSeq/results_updated/KaiB/run1/m_fold_sampling_voting_5jyt/01_m_fold_sampling/round_1/01_sampling/sampling_3/group_22_unrelaxed_rank_001_alphafold2_ptm_model_1_seed_042.pdb,85.24010989010989,0.78914,11,1
/fs/ess/PAA0203/xing244/AF_ClaSeq/results_updated/KaiB/run1/m_fold_sampling_voting_5jyt/01_m_fold_sampling/round_1/01_sampling/sampling_3/group_7_unrelaxed_rank_001_alphafold2_ptm_model_1_seed_042.pdb,74.83,0.74264,11,1
/fs/ess/PAA0203/xing244/AF_ClaSeq/results_updated/KaiB/run1/m_fold_sampling_voting_5jyt/01_m_fold_sampling/round_1/01_sampling/sampling_3/group_21_unrelaxed_rank_001_alphafold2_ptm_model_1_seed_042.pdb,88.88593406593408,0.76231,11,1
/fs/ess/PAA0203/xing244/AF_ClaSeq/results_updated/KaiB/run1/m_fold_sampling_voting_5jyt/01_m_fold_sampling/round_1/01_sampling/sampling_3/group_41_unrelaxed_rank_001_alphafold2_ptm_model_1_seed_042.pdb,87.65835164835164,0.78724,11,1
/fs/ess/PAA0203/xing244/AF_ClaSeq/results_updated/KaiB/run1/m_fold_sampling_voting_5jyt/01_m_fold_sampling/round_1/01_sampling/sampling_3/group_31_unrelaxed_rank_001_alphafold2_ptm_model_1_seed_042.pdb,87.97681318681319,0.82247,11,1
/fs/ess/PAA0203/xing244/AF_ClaSeq/results_updated/KaiB/run1/m_fold_sampling_voting_5jyt/01_m_fold_sampling/round_1/01_sampling/sampling_3/group_46_unrelaxed_rank_001_alphafold2_ptm_model_1_seed_042.pdb,80.21703296703296,0.7608,11,1
/fs/ess/PAA0203/xing244/AF_ClaSeq/results_updated/KaiB/run1/m_fold_sampling_voting_5jyt/01_m_fold_sampling/round_1/01_sampling/sampling_3/group_17_unrelaxed_rank_001_alphafold2_ptm_model_1_seed_042.pdb,88.95791208791208,0.79374,11,1
/fs/ess/PAA0203/xing244/AF_ClaSeq/results_updated/KaiB/run1/m_fold_sampling_voting_5jyt/01_m_fold_sampling/round_1/01_sampling/sampling_3/group_14_unrelaxed_rank_001_alphafold2_ptm_model_1_seed_042.pdb,84.42648351648351,0.75745,11,1
/fs/ess/PAA0203/xing244/AF_ClaSeq/results_updated/KaiB/run1/m_fold_sampling_voting_5jyt/01_m_fold_sampling/round_1/01_sampling/sampling_3/group_4_unrelaxed_rank_001_alphafold2_ptm_model_1_seed_042.pdb,85.37615384615385,0.79407,11,1
/fs/ess/PAA0203/xing244/AF_ClaSeq/results_updated/KaiB/run1/m_fold_sampling_voting_5jyt/01_m_fold_sampling/round_1/01_sampling/sampling_3/group_12_unrelaxed_rank_001_alphafold2_ptm_model_1_seed_042.pdb,61.473846153846154,0.73916,11,1
/fs/ess/PAA0203/xing244/AF_ClaSeq/results_updated/KaiB/run1/m_fold_sampling_voting_5jyt/01_m_fold_sampling/round_1/01_sampling/sampling_3/group_38_unrelaxed_rank_001_alphafold2_ptm_model_1_seed_042.pdb,88.75637362637362,0.80469,11,1
/fs/ess/PAA0203/xing244/AF_ClaSeq/results_updated/KaiB/run1/m_fold_sampling_voting_5jyt/01_m_fold_sampling/round_1/01_sampling/sampling_3/group_15_unrelaxed_rank_001_alphafold2_ptm_model_1_seed_042.pdb,82.42967032967033,0.79474,11,1
/fs/ess/PAA0203/xing244/AF_ClaSeq/results_updated/KaiB/run1/m_fold_sampling_voting_5jyt/01_m_fold_sampling/round_1/01_sampling/sampling_3/group_23_unrelaxed_rank_001_alphafold2_ptm_model_1_seed_042.pdb,89.12186813186814,0.81075,11,1
/fs/ess/PAA0203/xing244/AF_ClaSeq/results_updated/KaiB/run1/m_fold_sampling_voting_5jyt/01_m_fold_sampling/round_1/01_sampling/sampling_3/group_5_unrelaxed_rank_001_alphafold2_ptm_model_1_seed_042.pdb,76.93,0.79187,11,1
/fs/ess/PAA0203/xing244/AF_ClaSeq/results_updated/KaiB/run1/m_fold_sampling_voting_5jyt/01_m_fold_sampling/round_1/01_sampling/sampling_3/group_33_unrelaxed_rank_001_alphafold2_ptm_model_1_seed_042.pdb,74.2832967032967,0.78136,11,1
/fs/ess/PAA0203/xing244/AF_ClaSeq/results_updated/KaiB/run1/m_fold_sampling_voting_5jyt/01_m_fold_sampling/round_1/01_sampling/sampling_3/group_27_unrelaxed_rank_001_alphafold2_ptm_model_1_seed_042.pdb,80.40956043956045,0.77014,11,1
/fs/ess/PAA0203/xing244/AF_ClaSeq/results_updated/KaiB/run1/m_fold_sampling_voting_5jyt/01_m_fold_sampling/round_1/01_sampling/sampling_3/group_42_unrelaxed_rank_001_alphafold2_ptm_model_1_seed_042.pdb,82.7076923076923,0.79743,11,1
/fs/ess/PAA0203/xing244/AF_ClaSeq/results_updated/KaiB/run1/m_fold_sampling_voting_5jyt/01_m_fold_sampling/round_1/01_sampling/sampling_3/group_10_unrelaxed_rank_001_alphafold2_ptm_model_1_seed_042.pdb,86.46241758241759,0.80405,11,1
/fs/ess/PAA0203/xing244/AF_ClaSeq/results_updated/KaiB/run1/m_fold_sampling_voting_5jyt/01_m_fold_sampling/round_1/01_sampling/sampling_3/group_37_unrelaxed_rank_001_alphafold2_ptm_model_1_seed_042.pdb,80.38252747252747,0.71259,11,1
/fs/ess/PAA0203/xing244/AF_ClaSeq/results_updated/KaiB/run1/m_fold_sampling_voting_5jyt/01_m_fold_sampling/round_1/01_sampling/sampling_3/group_29_unrelaxed_rank_001_alphafold2_ptm_model_1_seed_042.pdb,86.85010989010989,0.80803,11,1
/fs/ess/PAA0203/xing244/AF_ClaSeq/results_updated/KaiB/run1/m_fold_sampling_voting_5jyt/01_m_fold_sampling/round_1/01_sampling/sampling_3/group_18_unrelaxed_rank_001_alphafold2_ptm_model_1_seed_042.pdb,79.11912087912089,0.79238,11,1
/fs/ess/PAA0203/xing244/AF_ClaSeq/results_updated/KaiB/run1/m_fold_sampling_voting_5jyt/01_m_fold_sampling/round_1/01_sampling/sampling_3/group_43_unrelaxed_rank_001_alphafold2_ptm_model_1_seed_042.pdb,85.11945054945055,0.7777,11,1
/fs/ess/PAA0203/xing244/AF_ClaSeq/results_updated/KaiB/run1/m_fold_sampling_voting_5jyt/01_m_fold_sampling/round_1/01_sampling/sampling_3/group_25_unrelaxed_rank_001_alphafold2_ptm_model_1_seed_042.pdb,61.542637362637365,0.61732,11,1
/fs/ess/PAA0203/xing244/AF_ClaSeq/results_updated/KaiB/run1/m_fold_sampling_voting_5jyt/01_m_fold_sampling/round_1/01_sampling/sampling_3/group_3_unrelaxed_rank_001_alphafold2_ptm_model_1_seed_042.pdb,82.82956043956042,0.74355,11,1
/fs/ess/PAA0203/xing244/AF_ClaSeq/results_updated/KaiB/run1/m_fold_sampling_voting_5jyt/01_m_fold_sampling/round_1/01_sampling/sampling_3/group_34_unrelaxed_rank_001_alphafold2_ptm_model_1_seed_042.pdb,88.5956043956044,0.81284,11,1
/fs/ess/PAA0203/xing244/AF_ClaSeq/results_updated/KaiB/run1/m_fold_sampling_voting_5jyt/01_m_fold_sampling/round_1/01_sampling/sampling_3/group_9_unrelaxed_rank_001_alphafold2_ptm_model_1_seed_042.pdb,87.19626373626373,0.81559,11,1
/fs/ess/PAA0203/xing244/AF_ClaSeq/results_updated/KaiB/run1/m_fold_sampling_voting_5jyt/01_m_fold_sampling/round_1/01_sampling/sampling_3/group_47_unrelaxed_rank_001_alphafold2_ptm_model_1_seed_042.pdb,87.98967032967032,0.80096,11,1
/fs/ess/PAA0203/xing244/AF_ClaSeq/results_updated/KaiB/run1/m_fold_sampling_voting_5jyt/01_m_fold_sampling/round_1/01_sampling/sampling_3/group_35_unrelaxed_rank_001_alphafold2_ptm_model_1_seed_042.pdb,89.01648351648352,0.81485,11,1
/fs/ess/PAA0203/xing244/AF_ClaSeq/results_updated/KaiB/run1/m_fold_sampling_voting_5jyt/01_m_fold_sampling/round_1/01_sampling/sampling_3/group_24_unrelaxed_rank_001_alphafold2_ptm_model_1_seed_042.pdb,86.9376923076923,0.79304,11,1
/fs/ess/PAA0203/xing244/AF_ClaSeq/results_updated/KaiB/run1/m_fold_sampling_voting_5jyt/01_m_fold_sampling/round_1/01_sampling/sampling_3/group_40_unrelaxed_rank_001_alphafold2_ptm_model_1_seed_042.pdb,81.56934065934067,0.75547,11,1
/fs/ess/PAA0203/xing244/AF_ClaSeq/results_updated/KaiB/run1/m_fold_sampling_voting_5jyt/01_m_fold_sampling/round_1/01_sampling/sampling_3/group_1_unrelaxed_rank_001_alphafold2_ptm_model_1_seed_042.pdb,81.13967032967032,0.76201,11,1
/fs/ess/PAA0203/xing244/AF_ClaSeq/results_updated/KaiB/run1/m_fold_sampling_voting_5jyt/01_m_fold_sampling/round_1/01_sampling/sampling_3/group_30_unrelaxed_rank_001_alphafold2_ptm_model_1_seed_042.pdb,83.63923076923076,0.74815,11,1
/fs/ess/PAA0203/xing244/AF_ClaSeq/results_updated/KaiB/run1/m_fold_sampling_voting_5jyt/01_m_fold_sampling/round_1/01_sampling/sampling_3/group_26_unrelaxed_rank_001_alphafold2_ptm_model_1_seed_042.pdb,89.49615384615385,0.7992,11,1
/fs/ess/PAA0203/xing244/AF_ClaSeq/results_updated/KaiB/run1/m_fold_sampling_voting_5jyt/01_m_fold_sampling/round_1/01_sampling/sampling_3/group_39_unrelaxed_rank_001_alphafold2_ptm_model_1_seed_042.pdb,78.73593406593407,0.76756,11,1
/fs/ess/PAA0203/xing244/AF_ClaSeq/results_updated/KaiB/run1/m_fold_sampling_voting_5jyt/01_m_fold_sampling/round_1/01_sampling/sampling_3/group_11_unrelaxed_rank_001_alphafold2_ptm_model_1_seed_042.pdb,87.11241758241759,0.79531,11,1
/fs/ess/PAA0203/xing244/AF_ClaSeq/results_updated/KaiB/run1/m_fold_sampling_voting_5jyt/01_m_fold_sampling/round_1/01_sampling/sampling_3/group_49_unrelaxed_rank_001_alphafold2_ptm_model_1_seed_042.pdb,87.27714285714286,0.80469,12,1
/fs/ess/PAA0203/xing244/AF_ClaSeq/results_updated/KaiB/run1/m_fold_sampling_voting_5jyt/01_m_fold_sampling/round_1/01_sampling/sampling_3/group_45_unrelaxed_rank_001_alphafold2_ptm_model_1_seed_042.pdb,85.11186813186812,0.80099,11,1
/fs/ess/PAA0203/xing244/AF_ClaSeq/results_updated/KaiB/run1/m_fold_sampling_voting_5jyt/01_m_fold_sampling/round_1/01_sampling/sampling_3/group_2_unrelaxed_rank_001_alphafold2_ptm_model_1_seed_042.pdb,81.32923076923078,0.77255,11,1
/fs/ess/PAA0203/xing244/AF_ClaSeq/results_updated/KaiB/run1/m_fold_sampling_voting_5jyt/01_m_fold_sampling/round_1/01_sampling/sampling_3/group_36_unrelaxed_rank_001_alphafold2_ptm_model_1_seed_042.pdb,82.82043956043957,0.79973,11,1
/fs/ess/PAA0203/xing244/AF_ClaSeq/results_updated/KaiB/run1/m_fold_sampling_voting_5jyt/01_m_fold_sampling/round_1/01_sampling/sampling_41/group_20_unrelaxed_rank_001_alphafold2_ptm_model_1_seed_042.pdb,85.83516483516483,0.78785,11,1
/fs/ess/PAA0203/xing244/AF_ClaSeq/results_updated/KaiB/run1/m_fold_sampling_voting_5jyt/01_m_fold_sampling/round_1/01_sampling/sampling_41/group_44_unrelaxed_rank_001_alphafold2_ptm_model_1_seed_042.pdb,82.63318681318681,0.78505,11,1
/fs/ess/PAA0203/xing244/AF_ClaSeq/results_updated/KaiB/run1/m_fold_sampling_voting_5jyt/01_m_fold_sampling/round_1/01_sampling/sampling_41/group_16_unrelaxed_rank_001_alphafold2_ptm_model_1_seed_042.pdb,80.03989010989012,0.76892,11,1
/fs/ess/PAA0203/xing244/AF_ClaSeq/results_updated/KaiB/run1/m_fold_sampling_voting_5jyt/01_m_fold_sampling/round_1/01_sampling/sampling_41/group_8_unrelaxed_rank_001_alphafold2_ptm_model_1_seed_042.pdb,80.81109890109892,0.76191,11,1
/fs/ess/PAA0203/xing244/AF_ClaSeq/results_updated/KaiB/run1/m_fold_sampling_voting_5jyt/01_m_fold_sampling/round_1/01_sampling/sampling_41/group_48_unrelaxed_rank_001_alphafold2_ptm_model_1_seed_042.pdb,81.80714285714286,0.80222,11,1
/fs/ess/PAA0203/xing244/AF_ClaSeq/results_updated/KaiB/run1/m_fold_sampling_voting_5jyt/01_m_fold_sampling/round_1/01_sampling/sampling_41/group_6_unrelaxed_rank_001_alphafold2_ptm_model_1_seed_042.pdb,84.62307692307692,0.819,11,1
/fs/ess/PAA0203/xing244/AF_ClaSeq/results_updated/KaiB/run1/m_fold_sampling_voting_5jyt/01_m_fold_sampling/round_1/01_sampling/sampling_41/group_19_unrelaxed_rank_001_alphafold2_ptm_model_1_seed_042.pdb,90.33252747252747,0.78912,11,1
/fs/ess/PAA0203/xing244/AF_ClaSeq/results_updated/KaiB/run1/m_fold_sampling_voting_5jyt/01_m_fold_sampling/round_1/01_sampling/sampling_41/group_13_unrelaxed_rank_001_alphafold2_ptm_model_1_seed_042.pdb,86.35527472527474,0.78275,11,1
/fs/ess/PAA0203/xing244/AF_ClaSeq/results_updated/KaiB/run1/m_fold_sampling_voting_5jyt/01_m_fold_sampling/round_1/01_sampling/sampling_41/group_28_unrelaxed_rank_001_alphafold2_ptm_model_1_seed_042.pdb,57.171428571428564,0.68081,11,1
/fs/ess/PAA0203/xing244/AF_ClaSeq/results_updated/KaiB/run1/m_fold_sampling_voting_5jyt/01_m_fold_sampling/round_1/01_sampling/sampling_41/group_32_unrelaxed_rank_001_alphafold2_ptm_model_1_seed_042.pdb,87.40197802197802,0.80286,11,1
/fs/ess/PAA0203/xing244/AF_ClaSeq/results_updated/KaiB/run1/m_fold_sampling_voting_5jyt/01_m_fold_sampling/round_1/01_sampling/sampling_41/group_22_unrelaxed_rank_001_alphafold2_ptm_model_1_seed_042.pdb,86.77098901098901,0.7966,11,1
/fs/ess/PAA0203/xing244/AF_ClaSeq/results_updated/KaiB/run1/m_fold_sampling_voting_5jyt/01_m_fold_sampling/round_1/01_sampling/sampling_41/group_7_unrelaxed_rank_001_alphafold2_ptm_model_1_seed_042.pdb,84.7132967032967,0.75937,11,1
/fs/ess/PAA0203/xing244/AF_ClaSeq/results_updated/KaiB/run1/m_fold_sampling_voting_5jyt/01_m_fold_sampling/round_1/01_sampling/sampling_41/group_21_unrelaxed_rank_001_alphafold2_ptm_model_1_seed_042.pdb,89.57340659340659,0.7921,11,1
/fs/ess/PAA0203/xing244/AF_ClaSeq/results_updated/KaiB/run1/m_fold_sampling_voting_5jyt/01_m_fold_sampling/round_1/01_sampling/sampling_41/group_41_unrelaxed_rank_001_alphafold2_ptm_model_1_seed_042.pdb,88.59098901098902,0.81444,11,1
/fs/ess/PAA0203/xing244/AF_ClaSeq/results_updated/KaiB/run1/m_fold_sampling_voting_5jyt/01_m_fold_sampling/round_1/01_sampling/sampling_41/group_31_unrelaxed_rank_001_alphafold2_ptm_model_1_seed_042.pdb,74.8253846153846,0.77072,11,1
/fs/ess/PAA0203/xing244/AF_ClaSeq/results_updated/KaiB/run1/m_fold_sampling_voting_5jyt/01_m_fold_sampling/round_1/01_sampling/sampling_41/group_46_unrelaxed_rank_001_alphafold2_ptm_model_1_seed_042.pdb,82.38824175824176,0.78359,11,1
/fs/ess/PAA0203/xing244/AF_ClaSeq/results_updated/KaiB/run1/m_fold_sampling_voting_5jyt/01_m_fold_sampling/round_1/01_sampling/sampling_41/group_17_unrelaxed_rank_001_alphafold2_ptm_model_1_seed_042.pdb,82.66340659340659,0.8014,11,1
/fs/ess/PAA0203/xing244/AF_ClaSeq/results_updated/KaiB/run1/m_fold_sampling_voting_5jyt/01_m_fold_sampling/round_1/01_sampling/sampling_41/group_14_unrelaxed_rank_001_alphafold2_ptm_model_1_seed_042.pdb,78.85065934065933,0.78885,11,1
/fs/ess/PAA0203/xing244/AF_ClaSeq/results_updated/KaiB/run1/m_fold_sampling_voting_5jyt/01_m_fold_sampling/round_1/01_sampling/sampling_41/group_4_unrelaxed_rank_001_alphafold2_ptm_model_1_seed_042.pdb,79.78131868131868,0.75194,11,1
/fs/ess/PAA0203/xing244/AF_ClaSeq/results_updated/KaiB/run1/m_fold_sampling_voting_5jyt/01_m_fold_sampling/round_1/01_sampling/sampling_41/group_12_unrelaxed_rank_001_alphafold2_ptm_model_1_seed_042.pdb,87.83637362637363,0.78651,11,1
/fs/ess/PAA0203/xing244/AF_ClaSeq/results_updated/KaiB/run1/m_fold_sampling_voting_5jyt/01_m_fold_sampling/round_1/01_sampling/sampling_41/group_38_unrelaxed_rank_001_alphafold2_ptm_model_1_seed_042.pdb,87.44142857142857,0.7931,11,1
/fs/ess/PAA0203/xing244/AF_ClaSeq/results_updated/KaiB/run1/m_fold_sampling_voting_5jyt/01_m_fold_sampling/round_1/01_sampling/sampling_41/group_15_unrelaxed_rank_001_alphafold2_ptm_model_1_seed_042.pdb,89.37483516483518,0.78736,11,1
/fs/ess/PAA0203/xing244/AF_ClaSeq/results_updated/KaiB/run1/m_fold_sampling_voting_5jyt/01_m_fold_sampling/round_1/01_sampling/sampling_41/group_23_unrelaxed_rank_001_alphafold2_ptm_model_1_seed_042.pdb,86.84417582417582,0.77501,11,1
/fs/ess/PAA0203/xing244/AF_ClaSeq/results_updated/KaiB/run1/m_fold_sampling_voting_5jyt/01_m_fold_sampling/round_1/01_sampling/sampling_41/group_5_unrelaxed_rank_001_alphafold2_ptm_model_1_seed_042.pdb,84.18703296703298,0.78095,11,1
/fs/ess/PAA0203/xing244/AF_ClaSeq/results_updated/KaiB/run1/m_fold_sampling_voting_5jyt/01_m_fold_sampling/round_1/01_sampling/sampling_41/group_33_unrelaxed_rank_001_alphafold2_ptm_model_1_seed_042.pdb,82.84824175824174,0.74847,11,1
/fs/ess/PAA0203/xing244/AF_ClaSeq/results_updated/KaiB/run1/m_fold_sampling_voting_5jyt/01_m_fold_sampling/round_1/01_sampling/sampling_41/group_27_unrelaxed_rank_001_alphafold2_ptm_model_1_seed_042.pdb,82.468021978022,0.80828,11,1
/fs/ess/PAA0203/xing244/AF_ClaSeq/results_updated/KaiB/run1/m_fold_sampling_voting_5jyt/01_m_fold_sampling/round_1/01_sampling/sampling_41/group_42_unrelaxed_rank_001_alphafold2_ptm_model_1_seed_042.pdb,84.46351648351649,0.76096,11,1
/fs/ess/PAA0203/xing244/AF_ClaSeq/results_updated/KaiB/run1/m_fold_sampling_voting_5jyt/01_m_fold_sampling/round_1/01_sampling/sampling_41/group_10_unrelaxed_rank_001_alphafold2_ptm_model_1_seed_042.pdb,83.40648351648352,0.77311,11,1
/fs/ess/PAA0203/xing244/AF_ClaSeq/results_updated/KaiB/run1/m_fold_sampling_voting_5jyt/01_m_fold_sampling/round_1/01_sampling/sampling_41/group_37_unrelaxed_rank_001_alphafold2_ptm_model_1_seed_042.pdb,87.04857142857144,0.77675,11,1
/fs/ess/PAA0203/xing244/AF_ClaSeq/results_updated/KaiB/run1/m_fold_sampling_voting_5jyt/01_m_fold_sampling/round_1/01_sampling/sampling_41/group_29_unrelaxed_rank_001_alphafold2_ptm_model_1_seed_042.pdb,75.18208791208791,0.74851,11,1
/fs/ess/PAA0203/xing244/AF_ClaSeq/results_updated/KaiB/run1/m_fold_sampling_voting_5jyt/01_m_fold_sampling/round_1/01_sampling/sampling_41/group_18_unrelaxed_rank_001_alphafold2_ptm_model_1_seed_042.pdb,72.90560439560439,0.76242,11,1
/fs/ess/PAA0203/xing244/AF_ClaSeq/results_updated/KaiB/run1/m_fold_sampling_voting_5jyt/01_m_fold_sampling/round_1/01_sampling/sampling_41/group_43_unrelaxed_rank_001_alphafold2_ptm_model_1_seed_042.pdb,77.84802197802198,0.76139,11,1
/fs/ess/PAA0203/xing244/AF_ClaSeq/results_updated/KaiB/run1/m_fold_sampling_voting_5jyt/01_m_fold_sampling/round_1/01_sampling/sampling_41/group_25_unrelaxed_rank_001_alphafold2_ptm_model_1_seed_042.pdb,86.51406593406593,0.7984,11,1
/fs/ess/PAA0203/xing244/AF_ClaSeq/results_updated/KaiB/run1/m_fold_sampling_voting_5jyt/01_m_fold_sampling/round_1/01_sampling/sampling_41/group_3_unrelaxed_rank_001_alphafold2_ptm_model_1_seed_042.pdb,85.90164835164835,0.78897,11,1
/fs/ess/PAA0203/xing244/AF_ClaSeq/results_updated/KaiB/run1/m_fold_sampling_voting_5jyt/01_m_fold_sampling/round_1/01_sampling/sampling_41/group_34_unrelaxed_rank_001_alphafold2_ptm_model_1_seed_042.pdb,83.03076923076924,0.76103,11,1
/fs/ess/PAA0203/xing244/AF_ClaSeq/results_updated/KaiB/run1/m_fold_sampling_voting_5jyt/01_m_fold_sampling/round_1/01_sampling/sampling_41/group_9_unrelaxed_rank_001_alphafold2_ptm_model_1_seed_042.pdb,60.26318681318681,0.66762,11,1
/fs/ess/PAA0203/xing244/AF_ClaSeq/results_updated/KaiB/run1/m_fold_sampling_voting_5jyt/01_m_fold_sampling/round_1/01_sampling/sampling_41/group_47_unrelaxed_rank_001_alphafold2_ptm_model_1_seed_042.pdb,86.17054945054946,0.79041,11,1
/fs/ess/PAA0203/xing244/AF_ClaSeq/results_updated/KaiB/run1/m_fold_sampling_voting_5jyt/01_m_fold_sampling/round_1/01_sampling/sampling_41/group_35_unrelaxed_rank_001_alphafold2_ptm_model_1_seed_042.pdb,85.89945054945056,0.80059,11,1
/fs/ess/PAA0203/xing244/AF_ClaSeq/results_updated/KaiB/run1/m_fold_sampling_voting_5jyt/01_m_fold_sampling/round_1/01_sampling/sampling_41/group_24_unrelaxed_rank_001_alphafold2_ptm_model_1_seed_042.pdb,87.02967032967032,0.80714,11,1
/fs/ess/PAA0203/xing244/AF_ClaSeq/results_updated/KaiB/run1/m_fold_sampling_voting_5jyt/01_m_fold_sampling/round_1/01_sampling/sampling_41/group_40_unrelaxed_rank_001_alphafold2_ptm_model_1_seed_042.pdb,82.2212087912088,0.79322,11,1
/fs/ess/PAA0203/xing244/AF_ClaSeq/results_updated/KaiB/run1/m_fold_sampling_voting_5jyt/01_m_fold_sampling/round_1/01_sampling/sampling_41/group_1_unrelaxed_rank_001_alphafold2_ptm_model_1_seed_042.pdb,86.2201098901099,0.78147,11,1
/fs/ess/PAA0203/xing244/AF_ClaSeq/results_updated/KaiB/run1/m_fold_sampling_voting_5jyt/01_m_fold_sampling/round_1/01_sampling/sampling_41/group_30_unrelaxed_rank_001_alphafold2_ptm_model_1_seed_042.pdb,87.68186813186813,0.79997,11,1
/fs/ess/PAA0203/xing244/AF_ClaSeq/results_updated/KaiB/run1/m_fold_sampling_voting_5jyt/01_m_fold_sampling/round_1/01_sampling/sampling_41/group_26_unrelaxed_rank_001_alphafold2_ptm_model_1_seed_042.pdb,87.87637362637362,0.81968,11,1
/fs/ess/PAA0203/xing244/AF_ClaSeq/results_updated/KaiB/run1/m_fold_sampling_voting_5jyt/01_m_fold_sampling/round_1/01_sampling/sampling_41/group_39_unrelaxed_rank_001_alphafold2_ptm_model_1_seed_042.pdb,87.24835164835166,0.7957,11,1
/fs/ess/PAA0203/xing244/AF_ClaSeq/results_updated/KaiB/run1/m_fold_sampling_voting_5jyt/01_m_fold_sampling/round_1/01_sampling/sampling_41/group_11_unrelaxed_rank_001_alphafold2_ptm_model_1_seed_042.pdb,86.97285714285714,0.80828,11,1
/fs/ess/PAA0203/xing244/AF_ClaSeq/results_updated/KaiB/run1/m_fold_sampling_voting_5jyt/01_m_fold_sampling/round_1/01_sampling/sampling_41/group_49_unrelaxed_rank_001_alphafold2_ptm_model_1_seed_042.pdb,83.6843956043956,0.75278,12,1
/fs/ess/PAA0203/xing244/AF_ClaSeq/results_updated/KaiB/run1/m_fold_sampling_voting_5jyt/01_m_fold_sampling/round_1/01_sampling/sampling_41/group_45_unrelaxed_rank_001_alphafold2_ptm_model_1_seed_042.pdb,85.07736263736264,0.78397,11,1
/fs/ess/PAA0203/xing244/AF_ClaSeq/results_updated/KaiB/run1/m_fold_sampling_voting_5jyt/01_m_fold_sampling/round_1/01_sampling/sampling_41/group_2_unrelaxed_rank_001_alphafold2_ptm_model_1_seed_042.pdb,78.8134065934066,0.77921,11,1
/fs/ess/PAA0203/xing244/AF_ClaSeq/results_updated/KaiB/run1/m_fold_sampling_voting_5jyt/01_m_fold_sampling/round_1/01_sampling/sampling_41/group_36_unrelaxed_rank_001_alphafold2_ptm_model_1_seed_042.pdb,88.54912087912088,0.77943,11,1
/fs/ess/PAA0203/xing244/AF_ClaSeq/results_updated/KaiB/run1/m_fold_sampling_voting_5jyt/01_m_fold_sampling/round_1/01_sampling/sampling_14/group_20_unrelaxed_rank_001_alphafold2_ptm_model_1_seed_042.pdb,85.91483516483517,0.77059,11,1
/fs/ess/PAA0203/xing244/AF_ClaSeq/results_updated/KaiB/run1/m_fold_sampling_voting_5jyt/01_m_fold_sampling/round_1/01_sampling/sampling_14/group_44_unrelaxed_rank_001_alphafold2_ptm_model_1_seed_042.pdb,86.52384615384615,0.80414,11,1
/fs/ess/PAA0203/xing244/AF_ClaSeq/results_updated/KaiB/run1/m_fold_sampling_voting_5jyt/01_m_fold_sampling/round_1/01_sampling/sampling_14/group_16_unrelaxed_rank_001_alphafold2_ptm_model_1_seed_042.pdb,86.51153846153848,0.79624,11,1
/fs/ess/PAA0203/xing244/AF_ClaSeq/results_updated/KaiB/run1/m_fold_sampling_voting_5jyt/01_m_fold_sampling/round_1/01_sampling/sampling_14/group_8_unrelaxed_rank_001_alphafold2_ptm_model_1_seed_042.pdb,80.98362637362638,0.77172,11,1
/fs/ess/PAA0203/xing244/AF_ClaSeq/results_updated/KaiB/run1/m_fold_sampling_voting_5jyt/01_m_fold_sampling/round_1/01_sampling/sampling_14/group_48_unrelaxed_rank_001_alphafold2_ptm_model_1_seed_042.pdb,83.83054945054946,0.76403,11,1
/fs/ess/PAA0203/xing244/AF_ClaSeq/results_updated/KaiB/run1/m_fold_sampling_voting_5jyt/01_m_fold_sampling/round_1/01_sampling/sampling_14/group_6_unrelaxed_rank_001_alphafold2_ptm_model_1_seed_042.pdb,90.1387912087912,0.78825,11,1
/fs/ess/PAA0203/xing244/AF_ClaSeq/results_updated/KaiB/run1/m_fold_sampling_voting_5jyt/01_m_fold_sampling/round_1/01_sampling/sampling_14/group_19_unrelaxed_rank_001_alphafold2_ptm_model_1_seed_042.pdb,88.73659340659341,0.795,11,1
/fs/ess/PAA0203/xing244/AF_ClaSeq/results_updated/KaiB/run1/m_fold_sampling_voting_5jyt/01_m_fold_sampling/round_1/01_sampling/sampling_14/group_13_unrelaxed_rank_001_alphafold2_ptm_model_1_seed_042.pdb,83.8389010989011,0.7965,11,1
/fs/ess/PAA0203/xing244/AF_ClaSeq/results_updated/KaiB/run1/m_fold_sampling_voting_5jyt/01_m_fold_sampling/round_1/01_sampling/sampling_14/group_28_unrelaxed_rank_001_alphafold2_ptm_model_1_seed_042.pdb,75.63076923076923,0.78957,11,1
/fs/ess/PAA0203/xing244/AF_ClaSeq/results_updated/KaiB/run1/m_fold_sampling_voting_5jyt/01_m_fold_sampling/round_1/01_sampling/sampling_14/group_32_unrelaxed_rank_001_alphafold2_ptm_model_1_seed_042.pdb,86.03098901098902,0.79594,11,1
/fs/ess/PAA0203/xing244/AF_ClaSeq/results_updated/KaiB/run1/m_fold_sampling_voting_5jyt/01_m_fold_sampling/round_1/01_sampling/sampling_14/group_22_unrelaxed_rank_001_alphafold2_ptm_model_1_seed_042.pdb,65.28978021978021,0.63329,11,1
/fs/ess/PAA0203/xing244/AF_ClaSeq/results_updated/KaiB/run1/m_fold_sampling_voting_5jyt/01_m_fold_sampling/round_1/01_sampling/sampling_14/group_7_unrelaxed_rank_001_alphafold2_ptm_model_1_seed_042.pdb,67.0931868131868,0.68578,11,1
/fs/ess/PAA0203/xing244/AF_ClaSeq/results_updated/KaiB/run1/m_fold_sampling_voting_5jyt/01_m_fold_sampling/round_1/01_sampling/sampling_14/group_21_unrelaxed_rank_001_alphafold2_ptm_model_1_seed_042.pdb,85.84813186813186,0.80672,11,1
/fs/ess/PAA0203/xing244/AF_ClaSeq/results_updated/KaiB/run1/m_fold_sampling_voting_5jyt/01_m_fold_sampling/round_1/01_sampling/sampling_14/group_41_unrelaxed_rank_001_alphafold2_ptm_model_1_seed_042.pdb,87.16098901098901,0.79406,11,1
/fs/ess/PAA0203/xing244/AF_ClaSeq/results_updated/KaiB/run1/m_fold_sampling_voting_5jyt/01_m_fold_sampling/round_1/01_sampling/sampling_14/group_31_unrelaxed_rank_001_alphafold2_ptm_model_1_seed_042.pdb,81.84912087912089,0.80039,11,1
/fs/ess/PAA0203/xing244/AF_ClaSeq/results_updated/KaiB/run1/m_fold_sampling_voting_5jyt/01_m_fold_sampling/round_1/01_sampling/sampling_14/group_46_unrelaxed_rank_001_alphafold2_ptm_model_1_seed_042.pdb,86.63362637362638,0.80053,11,1
/fs/ess/PAA0203/xing244/AF_ClaSeq/results_updated/KaiB/run1/m_fold_sampling_voting_5jyt/01_m_fold_sampling/round_1/01_sampling/sampling_14/group_17_unrelaxed_rank_001_alphafold2_ptm_model_1_seed_042.pdb,83.20142857142856,0.72928,11,1
/fs/ess/PAA0203/xing244/AF_ClaSeq/results_updated/KaiB/run1/m_fold_sampling_voting_5jyt/01_m_fold_sampling/round_1/01_sampling/sampling_14/group_14_unrelaxed_rank_001_alphafold2_ptm_model_1_seed_042.pdb,87.95615384615385,0.79707,11,1
/fs/ess/PAA0203/xing244/AF_ClaSeq/results_updated/KaiB/run1/m_fold_sampling_voting_5jyt/01_m_fold_sampling/round_1/01_sampling/sampling_14/group_4_unrelaxed_rank_001_alphafold2_ptm_model_1_seed_042.pdb,84.52736263736263,0.75927,11,1
/fs/ess/PAA0203/xing244/AF_ClaSeq/results_updated/KaiB/run1/m_fold_sampling_voting_5jyt/01_m_fold_sampling/round_1/01_sampling/sampling_14/group_12_unrelaxed_rank_001_alphafold2_ptm_model_1_seed_042.pdb,86.02274725274725,0.78109,11,1
/fs/ess/PAA0203/xing244/AF_ClaSeq/results_updated/KaiB/run1/m_fold_sampling_voting_5jyt/01_m_fold_sampling/round_1/01_sampling/sampling_14/group_38_unrelaxed_rank_001_alphafold2_ptm_model_1_seed_042.pdb,62.63956043956044,0.56027,11,1
/fs/ess/PAA0203/xing244/AF_ClaSeq/results_updated/KaiB/run1/m_fold_sampling_voting_5jyt/01_m_fold_sampling/round_1/01_sampling/sampling_14/group_15_unrelaxed_rank_001_alphafold2_ptm_model_1_seed_042.pdb,87.25802197802197,0.78293,11,1
/fs/ess/PAA0203/xing244/AF_ClaSeq/results_updated/KaiB/run1/m_fold_sampling_voting_5jyt/01_m_fold_sampling/round_1/01_sampling/sampling_14/group_23_unrelaxed_rank_001_alphafold2_ptm_model_1_seed_042.pdb,89.140989010989,0.80122,11,1
/fs/ess/PAA0203/xing244/AF_ClaSeq/results_updated/KaiB/run1/m_fold_sampling_voting_5jyt/01_m_fold_sampling/round_1/01_sampling/sampling_14/group_5_unrelaxed_rank_001_alphafold2_ptm_model_1_seed_042.pdb,84.28725274725275,0.78997,11,1
/fs/ess/PAA0203/xing244/AF_ClaSeq/results_updated/KaiB/run1/m_fold_sampling_voting_5jyt/01_m_fold_sampling/round_1/01_sampling/sampling_14/group_33_unrelaxed_rank_001_alphafold2_ptm_model_1_seed_042.pdb,88.36626373626373,0.82157,11,1
/fs/ess/PAA0203/xing244/AF_ClaSeq/results_updated/KaiB/run1/m_fold_sampling_voting_5jyt/01_m_fold_sampling/round_1/01_sampling/sampling_14/group_27_unrelaxed_rank_001_alphafold2_ptm_model_1_seed_042.pdb,81.48604395604396,0.77717,11,1
/fs/ess/PAA0203/xing244/AF_ClaSeq/results_updated/KaiB/run1/m_fold_sampling_voting_5jyt/01_m_fold_sampling/round_1/01_sampling/sampling_14/group_42_unrelaxed_rank_001_alphafold2_ptm_model_1_seed_042.pdb,85.44791208791209,0.79518,11,1
/fs/ess/PAA0203/xing244/AF_ClaSeq/results_updated/KaiB/run1/m_fold_sampling_voting_5jyt/01_m_fold_sampling/round_1/01_sampling/sampling_14/group_10_unrelaxed_rank_001_alphafold2_ptm_model_1_seed_042.pdb,87.01186813186813,0.78302,11,1
/fs/ess/PAA0203/xing244/AF_ClaSeq/results_updated/KaiB/run1/m_fold_sampling_voting_5jyt/01_m_fold_sampling/round_1/01_sampling/sampling_14/group_37_unrelaxed_rank_001_alphafold2_ptm_model_1_seed_042.pdb,84.11483516483518,0.78881,11,1
/fs/ess/PAA0203/xing244/AF_ClaSeq/results_updated/KaiB/run1/m_fold_sampling_voting_5jyt/01_m_fold_sampling/round_1/01_sampling/sampling_14/group_29_unrelaxed_rank_001_alphafold2_ptm_model_1_seed_042.pdb,86.04703296703299,0.80146,11,1
/fs/ess/PAA0203/xing244/AF_ClaSeq/results_updated/KaiB/run1/m_fold_sampling_voting_5jyt/01_m_fold_sampling/round_1/01_sampling/sampling_14/group_18_unrelaxed_rank_001_alphafold2_ptm_model_1_seed_042.pdb,86.5587912087912,0.78148,11,1
/fs/ess/PAA0203/xing244/AF_ClaSeq/results_updated/KaiB/run1/m_fold_sampling_voting_5jyt/01_m_fold_sampling/round_1/01_sampling/sampling_14/group_43_unrelaxed_rank_001_alphafold2_ptm_model_1_seed_042.pdb,79.74450549450549,0.78105,11,1
/fs/ess/PAA0203/xing244/AF_ClaSeq/results_updated/KaiB/run1/m_fold_sampling_voting_5jyt/01_m_fold_sampling/round_1/01_sampling/sampling_14/group_25_unrelaxed_rank_001_alphafold2_ptm_model_1_seed_042.pdb,87.00164835164836,0.80161,11,1
/fs/ess/PAA0203/xing244/AF_ClaSeq/results_updated/KaiB/run1/m_fold_sampling_voting_5jyt/01_m_fold_sampling/round_1/01_sampling/sampling_14/group_3_unrelaxed_rank_001_alphafold2_ptm_model_1_seed_042.pdb,88.03483516483516,0.80504,11,1
/fs/ess/PAA0203/xing244/AF_ClaSeq/results_updated/KaiB/run1/m_fold_sampling_voting_5jyt/01_m_fold_sampling/round_1/01_sampling/sampling_14/group_34_unrelaxed_rank_001_alphafold2_ptm_model_1_seed_042.pdb,69.01175824175824,0.76363,11,1
/fs/ess/PAA0203/xing244/AF_ClaSeq/results_updated/KaiB/run1/m_fold_sampling_voting_5jyt/01_m_fold_sampling/round_1/01_sampling/sampling_14/group_9_unrelaxed_rank_001_alphafold2_ptm_model_1_seed_042.pdb,82.18439560439562,0.80931,11,1
/fs/ess/PAA0203/xing244/AF_ClaSeq/results_updated/KaiB/run1/m_fold_sampling_voting_5jyt/01_m_fold_sampling/round_1/01_sampling/sampling_14/group_47_unrelaxed_rank_001_alphafold2_ptm_model_1_seed_042.pdb,89.95076923076924,0.77402,11,1
/fs/ess/PAA0203/xing244/AF_ClaSeq/results_updated/KaiB/run1/m_fold_sampling_voting_5jyt/01_m_fold_sampling/round_1/01_sampling/sampling_14/group_35_unrelaxed_rank_001_alphafold2_ptm_model_1_seed_042.pdb,86.06956043956045,0.794,11,1
/fs/ess/PAA0203/xing244/AF_ClaSeq/results_updated/KaiB/run1/m_fold_sampling_voting_5jyt/01_m_fold_sampling/round_1/01_sampling/sampling_14/group_24_unrelaxed_rank_001_alphafold2_ptm_model_1_seed_042.pdb,86.56857142857143,0.80325,11,1
/fs/ess/PAA0203/xing244/AF_ClaSeq/results_updated/KaiB/run1/m_fold_sampling_voting_5jyt/01_m_fold_sampling/round_1/01_sampling/sampling_14/group_40_unrelaxed_rank_001_alphafold2_ptm_model_1_seed_042.pdb,74.44241758241758,0.73179,11,1
/fs/ess/PAA0203/xing244/AF_ClaSeq/results_updated/KaiB/run1/m_fold_sampling_voting_5jyt/01_m_fold_sampling/round_1/01_sampling/sampling_14/group_1_unrelaxed_rank_001_alphafold2_ptm_model_1_seed_042.pdb,76.29758241758242,0.77175,11,1
/fs/ess/PAA0203/xing244/AF_ClaSeq/results_updated/KaiB/run1/m_fold_sampling_voting_5jyt/01_m_fold_sampling/round_1/01_sampling/sampling_14/group_30_unrelaxed_rank_001_alphafold2_ptm_model_1_seed_042.pdb,84.3054945054945,0.78177,11,1
/fs/ess/PAA0203/xing244/AF_ClaSeq/results_updated/KaiB/run1/m_fold_sampling_voting_5jyt/01_m_fold_sampling/round_1/01_sampling/sampling_14/group_26_unrelaxed_rank_001_alphafold2_ptm_model_1_seed_042.pdb,78.45956043956042,0.79391,11,1
/fs/ess/PAA0203/xing244/AF_ClaSeq/results_updated/KaiB/run1/m_fold_sampling_voting_5jyt/01_m_fold_sampling/round_1/01_sampling/sampling_14/group_39_unrelaxed_rank_001_alphafold2_ptm_model_1_seed_042.pdb,87.6667032967033,0.78943,11,1
/fs/ess/PAA0203/xing244/AF_ClaSeq/results_updated/KaiB/run1/m_fold_sampling_voting_5jyt/01_m_fold_sampling/round_1/01_sampling/sampling_14/group_11_unrelaxed_rank_001_alphafold2_ptm_model_1_seed_042.pdb,90.26505494505496,0.8174,11,1
/fs/ess/PAA0203/xing244/AF_ClaSeq/results_updated/KaiB/run1/m_fold_sampling_voting_5jyt/01_m_fold_sampling/round_1/01_sampling/sampling_14/group_49_unrelaxed_rank_001_alphafold2_ptm_model_1_seed_042.pdb,83.51043956043956,0.78726,12,1
/fs/ess/PAA0203/xing244/AF_ClaSeq/results_updated/KaiB/run1/m_fold_sampling_voting_5jyt/01_m_fold_sampling/round_1/01_sampling/sampling_14/group_45_unrelaxed_rank_001_alphafold2_ptm_model_1_seed_042.pdb,88.48879120879121,0.81668,11,1
/fs/ess/PAA0203/xing244/AF_ClaSeq/results_updated/KaiB/run1/m_fold_sampling_voting_5jyt/01_m_fold_sampling/round_1/01_sampling/sampling_14/group_2_unrelaxed_rank_001_alphafold2_ptm_model_1_seed_042.pdb,86.97945054945055,0.79741,11,1
/fs/ess/PAA0203/xing244/AF_ClaSeq/results_updated/KaiB/run1/m_fold_sampling_voting_5jyt/01_m_fold_sampling/round_1/01_sampling/sampling_14/group_36_unrelaxed_rank_001_alphafold2_ptm_model_1_seed_042.pdb,81.189010989011,0.7661,11,1
/fs/ess/PAA0203/xing244/AF_ClaSeq/results_updated/KaiB/run1/m_fold_sampling_voting_5jyt/01_m_fold_sampling/round_1/01_sampling/sampling_50/group_20_unrelaxed_rank_001_alphafold2_ptm_model_1_seed_042.pdb,80.0432967032967,0.75506,11,1
/fs/ess/PAA0203/xing244/AF_ClaSeq/results_updated/KaiB/run1/m_fold_sampling_voting_5jyt/01_m_fold_sampling/round_1/01_sampling/sampling_50/group_44_unrelaxed_rank_001_alphafold2_ptm_model_1_seed_042.pdb,85.44901098901099,0.79547,11,1
/fs/ess/PAA0203/xing244/AF_ClaSeq/results_updated/KaiB/run1/m_fold_sampling_voting_5jyt/01_m_fold_sampling/round_1/01_sampling/sampling_50/group_16_unrelaxed_rank_001_alphafold2_ptm_model_1_seed_042.pdb,83.30582417582418,0.81182,11,1
/fs/ess/PAA0203/xing244/AF_ClaSeq/results_updated/KaiB/run1/m_fold_sampling_voting_5jyt/01_m_fold_sampling/round_1/01_sampling/sampling_50/group_8_unrelaxed_rank_001_alphafold2_ptm_model_1_seed_042.pdb,87.66901098901099,0.80504,11,1
/fs/ess/PAA0203/xing244/AF_ClaSeq/results_updated/KaiB/run1/m_fold_sampling_voting_5jyt/01_m_fold_sampling/round_1/01_sampling/sampling_50/group_48_unrelaxed_rank_001_alphafold2_ptm_model_1_seed_042.pdb,86.60230769230769,0.80964,11,1
/fs/ess/PAA0203/xing244/AF_ClaSeq/results_updated/KaiB/run1/m_fold_sampling_voting_5jyt/01_m_fold_sampling/round_1/01_sampling/sampling_50/group_6_unrelaxed_rank_001_alphafold2_ptm_model_1_seed_042.pdb,77.39901098901099,0.78134,11,1
/fs/ess/PAA0203/xing244/AF_ClaSeq/results_updated/KaiB/run1/m_fold_sampling_voting_5jyt/01_m_fold_sampling/round_1/01_sampling/sampling_50/group_19_unrelaxed_rank_001_alphafold2_ptm_model_1_seed_042.pdb,62.622417582417576,0.63548,11,1
/fs/ess/PAA0203/xing244/AF_ClaSeq/results_updated/KaiB/run1/m_fold_sampling_voting_5jyt/01_m_fold_sampling/round_1/01_sampling/sampling_50/group_13_unrelaxed_rank_001_alphafold2_ptm_model_1_seed_042.pdb,84.11527472527472,0.76227,11,1
/fs/ess/PAA0203/xing244/AF_ClaSeq/results_updated/KaiB/run1/m_fold_sampling_voting_5jyt/01_m_fold_sampling/round_1/01_sampling/sampling_50/group_28_unrelaxed_rank_001_alphafold2_ptm_model_1_seed_042.pdb,87.31505494505494,0.80801,11,1
/fs/ess/PAA0203/xing244/AF_ClaSeq/results_updated/KaiB/run1/m_fold_sampling_voting_5jyt/01_m_fold_sampling/round_1/01_sampling/sampling_50/group_32_unrelaxed_rank_001_alphafold2_ptm_model_1_seed_042.pdb,83.13989010989013,0.76272,11,1
/fs/ess/PAA0203/xing244/AF_ClaSeq/results_updated/KaiB/run1/m_fold_sampling_voting_5jyt/01_m_fold_sampling/round_1/01_sampling/sampling_50/group_22_unrelaxed_rank_001_alphafold2_ptm_model_1_seed_042.pdb,74.11978021978021,0.76248,11,1
/fs/ess/PAA0203/xing244/AF_ClaSeq/results_updated/KaiB/run1/m_fold_sampling_voting_5jyt/01_m_fold_sampling/round_1/01_sampling/sampling_50/group_7_unrelaxed_rank_001_alphafold2_ptm_model_1_seed_042.pdb,84.67879120879121,0.80961,11,1
/fs/ess/PAA0203/xing244/AF_ClaSeq/results_updated/KaiB/run1/m_fold_sampling_voting_5jyt/01_m_fold_sampling/round_1/01_sampling/sampling_50/group_21_unrelaxed_rank_001_alphafold2_ptm_model_1_seed_042.pdb,88.12934065934067,0.79473,11,1
/fs/ess/PAA0203/xing244/AF_ClaSeq/results_updated/KaiB/run1/m_fold_sampling_voting_5jyt/01_m_fold_sampling/round_1/01_sampling/sampling_50/group_41_unrelaxed_rank_001_alphafold2_ptm_model_1_seed_042.pdb,86.33373626373627,0.78239,11,1
/fs/ess/PAA0203/xing244/AF_ClaSeq/results_updated/KaiB/run1/m_fold_sampling_voting_5jyt/01_m_fold_sampling/round_1/01_sampling/sampling_50/group_31_unrelaxed_rank_001_alphafold2_ptm_model_1_seed_042.pdb,89.54857142857142,0.80688,11,1
/fs/ess/PAA0203/xing244/AF_ClaSeq/results_updated/KaiB/run1/m_fold_sampling_voting_5jyt/01_m_fold_sampling/round_1/01_sampling/sampling_50/group_46_unrelaxed_rank_001_alphafold2_ptm_model_1_seed_042.pdb,84.24076923076923,0.77428,11,1
/fs/ess/PAA0203/xing244/AF_ClaSeq/results_updated/KaiB/run1/m_fold_sampling_voting_5jyt/01_m_fold_sampling/round_1/01_sampling/sampling_50/group_17_unrelaxed_rank_001_alphafold2_ptm_model_1_seed_042.pdb,87.73263736263736,0.81033,11,1
/fs/ess/PAA0203/xing244/AF_ClaSeq/results_updated/KaiB/run1/m_fold_sampling_voting_5jyt/01_m_fold_sampling/round_1/01_sampling/sampling_50/group_14_unrelaxed_rank_001_alphafold2_ptm_model_1_seed_042.pdb,82.64659340659341,0.7582,11,1
/fs/ess/PAA0203/xing244/AF_ClaSeq/results_updated/KaiB/run1/m_fold_sampling_voting_5jyt/01_m_fold_sampling/round_1/01_sampling/sampling_50/group_4_unrelaxed_rank_001_alphafold2_ptm_model_1_seed_042.pdb,86.66186813186812,0.80647,11,1
/fs/ess/PAA0203/xing244/AF_ClaSeq/results_updated/KaiB/run1/m_fold_sampling_voting_5jyt/01_m_fold_sampling/round_1/01_sampling/sampling_50/group_12_unrelaxed_rank_001_alphafold2_ptm_model_1_seed_042.pdb,78.71472527472527,0.77324,11,1
/fs/ess/PAA0203/xing244/AF_ClaSeq/results_updated/KaiB/run1/m_fold_sampling_voting_5jyt/01_m_fold_sampling/round_1/01_sampling/sampling_50/group_38_unrelaxed_rank_001_alphafold2_ptm_model_1_seed_042.pdb,84.00648351648351,0.75944,11,1
/fs/ess/PAA0203/xing244/AF_ClaSeq/results_updated/KaiB/run1/m_fold_sampling_voting_5jyt/01_m_fold_sampling/round_1/01_sampling/sampling_50/group_15_unrelaxed_rank_001_alphafold2_ptm_model_1_seed_042.pdb,88.08098901098901,0.79184,11,1
/fs/ess/PAA0203/xing244/AF_ClaSeq/results_updated/KaiB/run1/m_fold_sampling_voting_5jyt/01_m_fold_sampling/round_1/01_sampling/sampling_50/group_23_unrelaxed_rank_001_alphafold2_ptm_model_1_seed_042.pdb,88.11362637362637,0.75525,11,1
/fs/ess/PAA0203/xing244/AF_ClaSeq/results_updated/KaiB/run1/m_fold_sampling_voting_5jyt/01_m_fold_sampling/round_1/01_sampling/sampling_50/group_5_unrelaxed_rank_001_alphafold2_ptm_model_1_seed_042.pdb,86.8920879120879,0.79909,11,1
/fs/ess/PAA0203/xing244/AF_ClaSeq/results_updated/KaiB/run1/m_fold_sampling_voting_5jyt/01_m_fold_sampling/round_1/01_sampling/sampling_50/group_33_unrelaxed_rank_001_alphafold2_ptm_model_1_seed_042.pdb,85.96758241758243,0.79546,11,1
/fs/ess/PAA0203/xing244/AF_ClaSeq/results_updated/KaiB/run1/m_fold_sampling_voting_5jyt/01_m_fold_sampling/round_1/01_sampling/sampling_50/group_27_unrelaxed_rank_001_alphafold2_ptm_model_1_seed_042.pdb,81.16681318681319,0.77771,11,1
/fs/ess/PAA0203/xing244/AF_ClaSeq/results_updated/KaiB/run1/m_fold_sampling_voting_5jyt/01_m_fold_sampling/round_1/01_sampling/sampling_50/group_42_unrelaxed_rank_001_alphafold2_ptm_model_1_seed_042.pdb,84.35956043956043,0.78162,11,1
/fs/ess/PAA0203/xing244/AF_ClaSeq/results_updated/KaiB/run1/m_fold_sampling_voting_5jyt/01_m_fold_sampling/round_1/01_sampling/sampling_50/group_10_unrelaxed_rank_001_alphafold2_ptm_model_1_seed_042.pdb,84.42582417582416,0.81435,11,1
/fs/ess/PAA0203/xing244/AF_ClaSeq/results_updated/KaiB/run1/m_fold_sampling_voting_5jyt/01_m_fold_sampling/round_1/01_sampling/sampling_50/group_37_unrelaxed_rank_001_alphafold2_ptm_model_1_seed_042.pdb,89.59802197802198,0.80093,11,1
/fs/ess/PAA0203/xing244/AF_ClaSeq/results_updated/KaiB/run1/m_fold_sampling_voting_5jyt/01_m_fold_sampling/round_1/01_sampling/sampling_50/group_29_unrelaxed_rank_001_alphafold2_ptm_model_1_seed_042.pdb,85.77615384615383,0.79854,11,1
/fs/ess/PAA0203/xing244/AF_ClaSeq/results_updated/KaiB/run1/m_fold_sampling_voting_5jyt/01_m_fold_sampling/round_1/01_sampling/sampling_50/group_18_unrelaxed_rank_001_alphafold2_ptm_model_1_seed_042.pdb,81.60461538461539,0.75868,11,1
/fs/ess/PAA0203/xing244/AF_ClaSeq/results_updated/KaiB/run1/m_fold_sampling_voting_5jyt/01_m_fold_sampling/round_1/01_sampling/sampling_50/group_43_unrelaxed_rank_001_alphafold2_ptm_model_1_seed_042.pdb,82.85747252747252,0.80027,11,1
/fs/ess/PAA0203/xing244/AF_ClaSeq/results_updated/KaiB/run1/m_fold_sampling_voting_5jyt/01_m_fold_sampling/round_1/01_sampling/sampling_50/group_25_unrelaxed_rank_001_alphafold2_ptm_model_1_seed_042.pdb,75.88032967032967,0.72994,11,1
/fs/ess/PAA0203/xing244/AF_ClaSeq/results_updated/KaiB/run1/m_fold_sampling_voting_5jyt/01_m_fold_sampling/round_1/01_sampling/sampling_50/group_3_unrelaxed_rank_001_alphafold2_ptm_model_1_seed_042.pdb,88.28505494505495,0.80646,11,1
/fs/ess/PAA0203/xing244/AF_ClaSeq/results_updated/KaiB/run1/m_fold_sampling_voting_5jyt/01_m_fold_sampling/round_1/01_sampling/sampling_50/group_34_unrelaxed_rank_001_alphafold2_ptm_model_1_seed_042.pdb,76.88593406593407,0.77626,11,1
/fs/ess/PAA0203/xing244/AF_ClaSeq/results_updated/KaiB/run1/m_fold_sampling_voting_5jyt/01_m_fold_sampling/round_1/01_sampling/sampling_50/group_9_unrelaxed_rank_001_alphafold2_ptm_model_1_seed_042.pdb,88.34714285714284,0.80728,11,1
/fs/ess/PAA0203/xing244/AF_ClaSeq/results_updated/KaiB/run1/m_fold_sampling_voting_5jyt/01_m_fold_sampling/round_1/01_sampling/sampling_50/group_47_unrelaxed_rank_001_alphafold2_ptm_model_1_seed_042.pdb,86.26351648351648,0.80388,11,1
/fs/ess/PAA0203/xing244/AF_ClaSeq/results_updated/KaiB/run1/m_fold_sampling_voting_5jyt/01_m_fold_sampling/round_1/01_sampling/sampling_50/group_35_unrelaxed_rank_001_alphafold2_ptm_model_1_seed_042.pdb,62.04362637362637,0.67183,11,1
/fs/ess/PAA0203/xing244/AF_ClaSeq/results_updated/KaiB/run1/m_fold_sampling_voting_5jyt/01_m_fold_sampling/round_1/01_sampling/sampling_50/group_24_unrelaxed_rank_001_alphafold2_ptm_model_1_seed_042.pdb,81.88890109890109,0.73774,11,1
/fs/ess/PAA0203/xing244/AF_ClaSeq/results_updated/KaiB/run1/m_fold_sampling_voting_5jyt/01_m_fold_sampling/round_1/01_sampling/sampling_50/group_40_unrelaxed_rank_001_alphafold2_ptm_model_1_seed_042.pdb,73.79813186813188,0.80356,11,1
/fs/ess/PAA0203/xing244/AF_ClaSeq/results_updated/KaiB/run1/m_fold_sampling_voting_5jyt/01_m_fold_sampling/round_1/01_sampling/sampling_50/group_1_unrelaxed_rank_001_alphafold2_ptm_model_1_seed_042.pdb,85.83813186813187,0.78247,11,1
/fs/ess/PAA0203/xing244/AF_ClaSeq/results_updated/KaiB/run1/m_fold_sampling_voting_5jyt/01_m_fold_sampling/round_1/01_sampling/sampling_50/group_30_unrelaxed_rank_001_alphafold2_ptm_model_1_seed_042.pdb,85.92263736263736,0.8061,11,1
/fs/ess/PAA0203/xing244/AF_ClaSeq/results_updated/KaiB/run1/m_fold_sampling_voting_5jyt/01_m_fold_sampling/round_1/01_sampling/sampling_50/group_26_unrelaxed_rank_001_alphafold2_ptm_model_1_seed_042.pdb,85.90472527472528,0.78941,11,1
/fs/ess/PAA0203/xing244/AF_ClaSeq/results_updated/KaiB/run1/m_fold_sampling_voting_5jyt/01_m_fold_sampling/round_1/01_sampling/sampling_50/group_39_unrelaxed_rank_001_alphafold2_ptm_model_1_seed_042.pdb,85.8932967032967,0.80457,11,1
/fs/ess/PAA0203/xing244/AF_ClaSeq/results_updated/KaiB/run1/m_fold_sampling_voting_5jyt/01_m_fold_sampling/round_1/01_sampling/sampling_50/group_11_unrelaxed_rank_001_alphafold2_ptm_model_1_seed_042.pdb,85.75351648351649,0.79371,11,1
/fs/ess/PAA0203/xing244/AF_ClaSeq/results_updated/KaiB/run1/m_fold_sampling_voting_5jyt/01_m_fold_sampling/round_1/01_sampling/sampling_50/group_49_unrelaxed_rank_001_alphafold2_ptm_model_1_seed_042.pdb,85.74351648351649,0.75337,12,1
/fs/ess/PAA0203/xing244/AF_ClaSeq/results_updated/KaiB/run1/m_fold_sampling_voting_5jyt/01_m_fold_sampling/round_1/01_sampling/sampling_50/group_45_unrelaxed_rank_001_alphafold2_ptm_model_1_seed_042.pdb,85.27648351648352,0.80796,11,1
/fs/ess/PAA0203/xing244/AF_ClaSeq/results_updated/KaiB/run1/m_fold_sampling_voting_5jyt/01_m_fold_sampling/round_1/01_sampling/sampling_50/group_2_unrelaxed_rank_001_alphafold2_ptm_model_1_seed_042.pdb,59.10615384615385,0.57938,11,1
/fs/ess/PAA0203/xing244/AF_ClaSeq/results_updated/KaiB/run1/m_fold_sampling_voting_5jyt/01_m_fold_sampling/round_1/01_sampling/sampling_50/group_36_unrelaxed_rank_001_alphafold2_ptm_model_1_seed_042.pdb,90.06681318681316,0.80791,11,1
/fs/ess/PAA0203/xing244/AF_ClaSeq/results_updated/KaiB/run1/m_fold_sampling_voting_5jyt/01_m_fold_sampling/round_1/01_sampling/sampling_34/group_20_unrelaxed_rank_001_alphafold2_ptm_model_1_seed_042.pdb,90.07241758241756,0.78908,11,1
/fs/ess/PAA0203/xing244/AF_ClaSeq/results_updated/KaiB/run1/m_fold_sampling_voting_5jyt/01_m_fold_sampling/round_1/01_sampling/sampling_34/group_44_unrelaxed_rank_001_alphafold2_ptm_model_1_seed_042.pdb,84.61186813186812,0.80979,11,1
/fs/ess/PAA0203/xing244/AF_ClaSeq/results_updated/KaiB/run1/m_fold_sampling_voting_5jyt/01_m_fold_sampling/round_1/01_sampling/sampling_34/group_16_unrelaxed_rank_001_alphafold2_ptm_model_1_seed_042.pdb,90.7812087912088,0.78834,11,1
/fs/ess/PAA0203/xing244/AF_ClaSeq/results_updated/KaiB/run1/m_fold_sampling_voting_5jyt/01_m_fold_sampling/round_1/01_sampling/sampling_34/group_8_unrelaxed_rank_001_alphafold2_ptm_model_1_seed_042.pdb,84.64065934065934,0.81052,11,1
/fs/ess/PAA0203/xing244/AF_ClaSeq/results_updated/KaiB/run1/m_fold_sampling_voting_5jyt/01_m_fold_sampling/round_1/01_sampling/sampling_34/group_48_unrelaxed_rank_001_alphafold2_ptm_model_1_seed_042.pdb,84.86648351648351,0.75198,11,1
/fs/ess/PAA0203/xing244/AF_ClaSeq/results_updated/KaiB/run1/m_fold_sampling_voting_5jyt/01_m_fold_sampling/round_1/01_sampling/sampling_34/group_6_unrelaxed_rank_001_alphafold2_ptm_model_1_seed_042.pdb,88.36934065934065,0.79942,11,1
/fs/ess/PAA0203/xing244/AF_ClaSeq/results_updated/KaiB/run1/m_fold_sampling_voting_5jyt/01_m_fold_sampling/round_1/01_sampling/sampling_34/group_19_unrelaxed_rank_001_alphafold2_ptm_model_1_seed_042.pdb,86.02978021978022,0.80965,11,1
/fs/ess/PAA0203/xing244/AF_ClaSeq/results_updated/KaiB/run1/m_fold_sampling_voting_5jyt/01_m_fold_sampling/round_1/01_sampling/sampling_34/group_13_unrelaxed_rank_001_alphafold2_ptm_model_1_seed_042.pdb,78.7389010989011,0.74924,11,1
/fs/ess/PAA0203/xing244/AF_ClaSeq/results_updated/KaiB/run1/m_fold_sampling_voting_5jyt/01_m_fold_sampling/round_1/01_sampling/sampling_34/group_28_unrelaxed_rank_001_alphafold2_ptm_model_1_seed_042.pdb,81.0201098901099,0.7966,11,1
/fs/ess/PAA0203/xing244/AF_ClaSeq/results_updated/KaiB/run1/m_fold_sampling_voting_5jyt/01_m_fold_sampling/round_1/01_sampling/sampling_34/group_32_unrelaxed_rank_001_alphafold2_ptm_model_1_seed_042.pdb,80.07824175824177,0.77719,11,1
/fs/ess/PAA0203/xing244/AF_ClaSeq/results_updated/KaiB/run1/m_fold_sampling_voting_5jyt/01_m_fold_sampling/round_1/01_sampling/sampling_34/group_22_unrelaxed_rank_001_alphafold2_ptm_model_1_seed_042.pdb,85.86571428571429,0.79794,11,1
/fs/ess/PAA0203/xing244/AF_ClaSeq/results_updated/KaiB/run1/m_fold_sampling_voting_5jyt/01_m_fold_sampling/round_1/01_sampling/sampling_34/group_7_unrelaxed_rank_001_alphafold2_ptm_model_1_seed_042.pdb,85.49373626373627,0.79727,11,1
/fs/ess/PAA0203/xing244/AF_ClaSeq/results_updated/KaiB/run1/m_fold_sampling_voting_5jyt/01_m_fold_sampling/round_1/01_sampling/sampling_34/group_21_unrelaxed_rank_001_alphafold2_ptm_model_1_seed_042.pdb,60.85098901098902,0.63433,11,1
/fs/ess/PAA0203/xing244/AF_ClaSeq/results_updated/KaiB/run1/m_fold_sampling_voting_5jyt/01_m_fold_sampling/round_1/01_sampling/sampling_34/group_41_unrelaxed_rank_001_alphafold2_ptm_model_1_seed_042.pdb,87.62384615384616,0.81132,11,1
/fs/ess/PAA0203/xing244/AF_ClaSeq/results_updated/KaiB/run1/m_fold_sampling_voting_5jyt/01_m_fold_sampling/round_1/01_sampling/sampling_34/group_31_unrelaxed_rank_001_alphafold2_ptm_model_1_seed_042.pdb,87.64351648351648,0.77801,11,1
/fs/ess/PAA0203/xing244/AF_ClaSeq/results_updated/KaiB/run1/m_fold_sampling_voting_5jyt/01_m_fold_sampling/round_1/01_sampling/sampling_34/group_46_unrelaxed_rank_001_alphafold2_ptm_model_1_seed_042.pdb,82.72417582417582,0.76941,11,1
/fs/ess/PAA0203/xing244/AF_ClaSeq/results_updated/KaiB/run1/m_fold_sampling_voting_5jyt/01_m_fold_sampling/round_1/01_sampling/sampling_34/group_17_unrelaxed_rank_001_alphafold2_ptm_model_1_seed_042.pdb,76.32065934065935,0.72576,11,1
/fs/ess/PAA0203/xing244/AF_ClaSeq/results_updated/KaiB/run1/m_fold_sampling_voting_5jyt/01_m_fold_sampling/round_1/01_sampling/sampling_34/group_14_unrelaxed_rank_001_alphafold2_ptm_model_1_seed_042.pdb,63.30043956043955,0.73915,11,1
/fs/ess/PAA0203/xing244/AF_ClaSeq/results_updated/KaiB/run1/m_fold_sampling_voting_5jyt/01_m_fold_sampling/round_1/01_sampling/sampling_34/group_4_unrelaxed_rank_001_alphafold2_ptm_model_1_seed_042.pdb,86.21395604395605,0.78658,11,1
/fs/ess/PAA0203/xing244/AF_ClaSeq/results_updated/KaiB/run1/m_fold_sampling_voting_5jyt/01_m_fold_sampling/round_1/01_sampling/sampling_34/group_12_unrelaxed_rank_001_alphafold2_ptm_model_1_seed_042.pdb,86.25494505494505,0.8159,11,1
/fs/ess/PAA0203/xing244/AF_ClaSeq/results_updated/KaiB/run1/m_fold_sampling_voting_5jyt/01_m_fold_sampling/round_1/01_sampling/sampling_34/group_38_unrelaxed_rank_001_alphafold2_ptm_model_1_seed_042.pdb,84.09131868131868,0.7938,11,1
/fs/ess/PAA0203/xing244/AF_ClaSeq/results_updated/KaiB/run1/m_fold_sampling_voting_5jyt/01_m_fold_sampling/round_1/01_sampling/sampling_34/group_15_unrelaxed_rank_001_alphafold2_ptm_model_1_seed_042.pdb,82.89142857142858,0.80508,11,1
/fs/ess/PAA0203/xing244/AF_ClaSeq/results_updated/KaiB/run1/m_fold_sampling_voting_5jyt/01_m_fold_sampling/round_1/01_sampling/sampling_34/group_23_unrelaxed_rank_001_alphafold2_ptm_model_1_seed_042.pdb,87.07824175824176,0.80745,11,1
/fs/ess/PAA0203/xing244/AF_ClaSeq/results_updated/KaiB/run1/m_fold_sampling_voting_5jyt/01_m_fold_sampling/round_1/01_sampling/sampling_34/group_5_unrelaxed_rank_001_alphafold2_ptm_model_1_seed_042.pdb,60.32813186813186,0.51965,11,1
/fs/ess/PAA0203/xing244/AF_ClaSeq/results_updated/KaiB/run1/m_fold_sampling_voting_5jyt/01_m_fold_sampling/round_1/01_sampling/sampling_34/group_33_unrelaxed_rank_001_alphafold2_ptm_model_1_seed_042.pdb,69.99725274725274,0.79531,11,1
/fs/ess/PAA0203/xing244/AF_ClaSeq/results_updated/KaiB/run1/m_fold_sampling_voting_5jyt/01_m_fold_sampling/round_1/01_sampling/sampling_34/group_27_unrelaxed_rank_001_alphafold2_ptm_model_1_seed_042.pdb,82.71923076923078,0.75551,11,1
/fs/ess/PAA0203/xing244/AF_ClaSeq/results_updated/KaiB/run1/m_fold_sampling_voting_5jyt/01_m_fold_sampling/round_1/01_sampling/sampling_34/group_42_unrelaxed_rank_001_alphafold2_ptm_model_1_seed_042.pdb,85.32714285714286,0.77406,11,1
/fs/ess/PAA0203/xing244/AF_ClaSeq/results_updated/KaiB/run1/m_fold_sampling_voting_5jyt/01_m_fold_sampling/round_1/01_sampling/sampling_34/group_10_unrelaxed_rank_001_alphafold2_ptm_model_1_seed_042.pdb,87.4521978021978,0.80638,11,1
/fs/ess/PAA0203/xing244/AF_ClaSeq/results_updated/KaiB/run1/m_fold_sampling_voting_5jyt/01_m_fold_sampling/round_1/01_sampling/sampling_34/group_37_unrelaxed_rank_001_alphafold2_ptm_model_1_seed_042.pdb,85.45791208791208,0.78263,11,1
/fs/ess/PAA0203/xing244/AF_ClaSeq/results_updated/KaiB/run1/m_fold_sampling_voting_5jyt/01_m_fold_sampling/round_1/01_sampling/sampling_34/group_29_unrelaxed_rank_001_alphafold2_ptm_model_1_seed_042.pdb,81.76043956043956,0.77779,11,1
/fs/ess/PAA0203/xing244/AF_ClaSeq/results_updated/KaiB/run1/m_fold_sampling_voting_5jyt/01_m_fold_sampling/round_1/01_sampling/sampling_34/group_18_unrelaxed_rank_001_alphafold2_ptm_model_1_seed_042.pdb,85.80351648351649,0.80479,11,1
/fs/ess/PAA0203/xing244/AF_ClaSeq/results_updated/KaiB/run1/m_fold_sampling_voting_5jyt/01_m_fold_sampling/round_1/01_sampling/sampling_34/group_43_unrelaxed_rank_001_alphafold2_ptm_model_1_seed_042.pdb,88.62626373626374,0.80147,11,1
/fs/ess/PAA0203/xing244/AF_ClaSeq/results_updated/KaiB/run1/m_fold_sampling_voting_5jyt/01_m_fold_sampling/round_1/01_sampling/sampling_34/group_25_unrelaxed_rank_001_alphafold2_ptm_model_1_seed_042.pdb,79.3832967032967,0.75863,11,1
/fs/ess/PAA0203/xing244/AF_ClaSeq/results_updated/KaiB/run1/m_fold_sampling_voting_5jyt/01_m_fold_sampling/round_1/01_sampling/sampling_34/group_3_unrelaxed_rank_001_alphafold2_ptm_model_1_seed_042.pdb,68.06472527472529,0.74438,11,1
/fs/ess/PAA0203/xing244/AF_ClaSeq/results_updated/KaiB/run1/m_fold_sampling_voting_5jyt/01_m_fold_sampling/round_1/01_sampling/sampling_34/group_34_unrelaxed_rank_001_alphafold2_ptm_model_1_seed_042.pdb,88.68945054945054,0.78827,11,1
/fs/ess/PAA0203/xing244/AF_ClaSeq/results_updated/KaiB/run1/m_fold_sampling_voting_5jyt/01_m_fold_sampling/round_1/01_sampling/sampling_34/group_9_unrelaxed_rank_001_alphafold2_ptm_model_1_seed_042.pdb,86.89186813186814,0.79266,11,1
/fs/ess/PAA0203/xing244/AF_ClaSeq/results_updated/KaiB/run1/m_fold_sampling_voting_5jyt/01_m_fold_sampling/round_1/01_sampling/sampling_34/group_47_unrelaxed_rank_001_alphafold2_ptm_model_1_seed_042.pdb,89.9667032967033,0.80737,11,1
/fs/ess/PAA0203/xing244/AF_ClaSeq/results_updated/KaiB/run1/m_fold_sampling_voting_5jyt/01_m_fold_sampling/round_1/01_sampling/sampling_34/group_35_unrelaxed_rank_001_alphafold2_ptm_model_1_seed_042.pdb,77.52098901098901,0.76888,11,1
/fs/ess/PAA0203/xing244/AF_ClaSeq/results_updated/KaiB/run1/m_fold_sampling_voting_5jyt/01_m_fold_sampling/round_1/01_sampling/sampling_34/group_24_unrelaxed_rank_001_alphafold2_ptm_model_1_seed_042.pdb,83.92494505494504,0.78914,11,1
/fs/ess/PAA0203/xing244/AF_ClaSeq/results_updated/KaiB/run1/m_fold_sampling_voting_5jyt/01_m_fold_sampling/round_1/01_sampling/sampling_34/group_40_unrelaxed_rank_001_alphafold2_ptm_model_1_seed_042.pdb,87.51659340659339,0.79746,11,1
/fs/ess/PAA0203/xing244/AF_ClaSeq/results_updated/KaiB/run1/m_fold_sampling_voting_5jyt/01_m_fold_sampling/round_1/01_sampling/sampling_34/group_1_unrelaxed_rank_001_alphafold2_ptm_model_1_seed_042.pdb,84.5468131868132,0.76929,11,1
/fs/ess/PAA0203/xing244/AF_ClaSeq/results_updated/KaiB/run1/m_fold_sampling_voting_5jyt/01_m_fold_sampling/round_1/01_sampling/sampling_34/group_30_unrelaxed_rank_001_alphafold2_ptm_model_1_seed_042.pdb,87.20758241758242,0.77411,11,1
/fs/ess/PAA0203/xing244/AF_ClaSeq/results_updated/KaiB/run1/m_fold_sampling_voting_5jyt/01_m_fold_sampling/round_1/01_sampling/sampling_34/group_26_unrelaxed_rank_001_alphafold2_ptm_model_1_seed_042.pdb,81.42516483516484,0.77564,11,1
/fs/ess/PAA0203/xing244/AF_ClaSeq/results_updated/KaiB/run1/m_fold_sampling_voting_5jyt/01_m_fold_sampling/round_1/01_sampling/sampling_34/group_39_unrelaxed_rank_001_alphafold2_ptm_model_1_seed_042.pdb,80.20758241758242,0.76507,11,1
/fs/ess/PAA0203/xing244/AF_ClaSeq/results_updated/KaiB/run1/m_fold_sampling_voting_5jyt/01_m_fold_sampling/round_1/01_sampling/sampling_34/group_11_unrelaxed_rank_001_alphafold2_ptm_model_1_seed_042.pdb,84.99582417582418,0.80166,11,1
/fs/ess/PAA0203/xing244/AF_ClaSeq/results_updated/KaiB/run1/m_fold_sampling_voting_5jyt/01_m_fold_sampling/round_1/01_sampling/sampling_34/group_49_unrelaxed_rank_001_alphafold2_ptm_model_1_seed_042.pdb,86.90032967032967,0.80808,12,1
/fs/ess/PAA0203/xing244/AF_ClaSeq/results_updated/KaiB/run1/m_fold_sampling_voting_5jyt/01_m_fold_sampling/round_1/01_sampling/sampling_34/group_45_unrelaxed_rank_001_alphafold2_ptm_model_1_seed_042.pdb,85.44263736263736,0.80125,11,1
/fs/ess/PAA0203/xing244/AF_ClaSeq/results_updated/KaiB/run1/m_fold_sampling_voting_5jyt/01_m_fold_sampling/round_1/01_sampling/sampling_34/group_2_unrelaxed_rank_001_alphafold2_ptm_model_1_seed_042.pdb,88.07032967032968,0.82149,11,1
/fs/ess/PAA0203/xing244/AF_ClaSeq/results_updated/KaiB/run1/m_fold_sampling_voting_5jyt/01_m_fold_sampling/round_1/01_sampling/sampling_34/group_36_unrelaxed_rank_001_alphafold2_ptm_model_1_seed_042.pdb,86.4367032967033,0.784,11,1
