PDB,plddt,2qke_tmscore,5jyt_tmscore,seq_count
af_cluster_compar/KaiB/msas/KaiB_035_unrelaxed_rank_002_alphafold2_ptm_model_3_seed_001.pdb,64.59978021978023,0.81228,0.53377,11
af_cluster_compar/KaiB/msas/KaiB_123_unrelaxed_rank_002_alphafold2_ptm_model_5_seed_001.pdb,71.83571428571429,0.542,0.79069,5
af_cluster_compar/KaiB/msas/KaiB_002_unrelaxed_rank_005_alphafold2_ptm_model_4_seed_001.pdb,59.16417582417581,0.74217,0.472,6
af_cluster_compar/KaiB/msas/KaiB_127_unrelaxed_rank_003_alphafold2_ptm_model_5_seed_001.pdb,87.95054945054947,0.50187,0.81114,21
af_cluster_compar/KaiB/msas/KaiB_092_unrelaxed_rank_001_alphafold2_ptm_model_3_seed_001.pdb,65.90670329670333,0.61396,0.51169,4
af_cluster_compar/KaiB/msas/KaiB_183_unrelaxed_rank_004_alphafold2_ptm_model_4_seed_001.pdb,62.220989010988994,0.50055,0.72567,4
af_cluster_compar/KaiB/msas/KaiB_209_unrelaxed_rank_001_alphafold2_ptm_model_4_seed_001.pdb,78.33571428571429,0.51422,0.83849,6
af_cluster_compar/KaiB/msas/KaiB_238_unrelaxed_rank_001_alphafold2_ptm_model_4_seed_001.pdb,80.01076923076926,0.51758,0.83117,11
af_cluster_compar/KaiB/msas/KaiB_037_unrelaxed_rank_002_alphafold2_ptm_model_1_seed_001.pdb,55.116593406593424,0.55866,0.56629,5
af_cluster_compar/KaiB/msas/KaiB_084_unrelaxed_rank_003_alphafold2_ptm_model_3_seed_001.pdb,71.47747252747254,0.52206,0.83693,7
af_cluster_compar/KaiB/msas/KaiB_036_unrelaxed_rank_001_alphafold2_ptm_model_5_seed_001.pdb,75.97109890109888,0.72852,0.58382,5
af_cluster_compar/KaiB/msas/KaiB_201_unrelaxed_rank_003_alphafold2_ptm_model_1_seed_001.pdb,58.10560439560442,0.53966,0.64734,4
af_cluster_compar/KaiB/msas/KaiB_073_unrelaxed_rank_005_alphafold2_ptm_model_1_seed_001.pdb,65.28956043956045,0.49322,0.71576,5
af_cluster_compar/KaiB/msas/KaiB_178_unrelaxed_rank_003_alphafold2_ptm_model_4_seed_001.pdb,58.24758241758242,0.5647,0.5412,8
af_cluster_compar/KaiB/msas/KaiB_233_unrelaxed_rank_001_alphafold2_ptm_model_3_seed_001.pdb,84.0758241758242,0.53243,0.865,4
af_cluster_compar/KaiB/msas/KaiB_088_unrelaxed_rank_005_alphafold2_ptm_model_2_seed_001.pdb,50.7736263736264,0.54015,0.46139,4
af_cluster_compar/KaiB/msas/KaiB_141_unrelaxed_rank_002_alphafold2_ptm_model_2_seed_001.pdb,67.8165934065934,0.47086,0.65198,4
af_cluster_compar/KaiB/msas/KaiB_122_unrelaxed_rank_004_alphafold2_ptm_model_4_seed_001.pdb,65.6597802197802,0.76865,0.5646,11
af_cluster_compar/KaiB/msas/KaiB_130_unrelaxed_rank_002_alphafold2_ptm_model_4_seed_001.pdb,66.34978021978024,0.76103,0.5033,4
af_cluster_compar/KaiB/msas/KaiB_172_unrelaxed_rank_003_alphafold2_ptm_model_3_seed_001.pdb,82.08967032967034,0.54908,0.87488,10
af_cluster_compar/KaiB/msas/KaiB_228_unrelaxed_rank_002_alphafold2_ptm_model_1_seed_001.pdb,61.26648351648352,0.48916,0.76906,6
af_cluster_compar/KaiB/msas/KaiB_149_unrelaxed_rank_002_alphafold2_ptm_model_5_seed_001.pdb,64.75483516483517,0.5036,0.72502,7
af_cluster_compar/KaiB/msas/KaiB_122_unrelaxed_rank_005_alphafold2_ptm_model_3_seed_001.pdb,65.20813186813186,0.81609,0.57419,11
af_cluster_compar/KaiB/msas/KaiB_152_unrelaxed_rank_001_alphafold2_ptm_model_3_seed_001.pdb,76.37494505494506,0.8212,0.56915,7
af_cluster_compar/KaiB/msas/KaiB_163_unrelaxed_rank_004_alphafold2_ptm_model_5_seed_001.pdb,63.87967032967032,0.49393,0.72804,9
af_cluster_compar/KaiB/msas/KaiB_098_unrelaxed_rank_004_alphafold2_ptm_model_4_seed_001.pdb,66.7443956043956,0.52822,0.71401,6
af_cluster_compar/KaiB/msas/KaiB_242_unrelaxed_rank_004_alphafold2_ptm_model_4_seed_001.pdb,51.2731868131868,0.5857,0.52665,5
af_cluster_compar/KaiB/msas/KaiB_109_unrelaxed_rank_002_alphafold2_ptm_model_5_seed_001.pdb,67.82164835164832,0.88731,0.5639,46
af_cluster_compar/KaiB/msas/KaiB_063_unrelaxed_rank_002_alphafold2_ptm_model_4_seed_001.pdb,59.20428571428575,0.46149,0.6625,4
af_cluster_compar/KaiB/msas/KaiB_020_unrelaxed_rank_004_alphafold2_ptm_model_2_seed_001.pdb,89.54065934065933,0.51185,0.82138,59
af_cluster_compar/KaiB/msas/KaiB_242_unrelaxed_rank_003_alphafold2_ptm_model_3_seed_001.pdb,54.40857142857142,0.59861,0.53716,5
af_cluster_compar/KaiB/msas/KaiB_116_unrelaxed_rank_004_alphafold2_ptm_model_1_seed_001.pdb,70.90461538461538,0.84055,0.55332,4
af_cluster_compar/KaiB/msas/KaiB_185_unrelaxed_rank_001_alphafold2_ptm_model_5_seed_001.pdb,89.289010989011,0.49088,0.78625,19
af_cluster_compar/KaiB/msas/KaiB_091_unrelaxed_rank_004_alphafold2_ptm_model_2_seed_001.pdb,66.86549450549447,0.48504,0.64368,7
af_cluster_compar/KaiB/msas/KaiB_103_unrelaxed_rank_005_alphafold2_ptm_model_5_seed_001.pdb,56.27835164835166,0.69642,0.53054,4
af_cluster_compar/KaiB/msas/KaiB_207_unrelaxed_rank_001_alphafold2_ptm_model_5_seed_001.pdb,80.85395604395606,0.91468,0.54892,5
af_cluster_compar/KaiB/msas/KaiB_035_unrelaxed_rank_004_alphafold2_ptm_model_5_seed_001.pdb,52.50560439560438,0.51382,0.52233,11
af_cluster_compar/KaiB/msas/KaiB_165_unrelaxed_rank_001_alphafold2_ptm_model_3_seed_001.pdb,61.28417582417583,0.57532,0.51355,5
af_cluster_compar/KaiB/msas/KaiB_048_unrelaxed_rank_002_alphafold2_ptm_model_4_seed_001.pdb,70.3087912087912,0.52267,0.81259,14
af_cluster_compar/KaiB/msas/KaiB_024_unrelaxed_rank_001_alphafold2_ptm_model_5_seed_001.pdb,88.18615384615386,0.53805,0.84877,5
af_cluster_compar/KaiB/msas/KaiB_053_unrelaxed_rank_004_alphafold2_ptm_model_5_seed_001.pdb,77.05824175824175,0.49174,0.78187,40
af_cluster_compar/KaiB/msas/KaiB_110_unrelaxed_rank_004_alphafold2_ptm_model_3_seed_001.pdb,55.28714285714286,0.56989,0.52669,5
af_cluster_compar/KaiB/msas/KaiB_150_unrelaxed_rank_002_alphafold2_ptm_model_1_seed_001.pdb,73.94912087912087,0.8364,0.54997,4
af_cluster_compar/KaiB/msas/KaiB_236_unrelaxed_rank_005_alphafold2_ptm_model_5_seed_001.pdb,61.05054945054945,0.55898,0.55383,7
af_cluster_compar/KaiB/msas/KaiB_064_unrelaxed_rank_002_alphafold2_ptm_model_2_seed_001.pdb,86.36637362637363,0.49382,0.78618,7
af_cluster_compar/KaiB/msas/KaiB_192_unrelaxed_rank_005_alphafold2_ptm_model_2_seed_001.pdb,52.382417582417546,0.4441,0.55149,4
af_cluster_compar/KaiB/msas/KaiB_072_unrelaxed_rank_002_alphafold2_ptm_model_5_seed_001.pdb,71.00956043956045,0.84918,0.56892,4
af_cluster_compar/KaiB/msas/KaiB_011_unrelaxed_rank_003_alphafold2_ptm_model_4_seed_001.pdb,89.40065934065933,0.48814,0.80871,55
af_cluster_compar/KaiB/msas/KaiB_232_unrelaxed_rank_005_alphafold2_ptm_model_5_seed_001.pdb,49.60769230769231,0.55584,0.46932,4
af_cluster_compar/KaiB/msas/KaiB_077_unrelaxed_rank_001_alphafold2_ptm_model_4_seed_001.pdb,68.82153846153845,0.50545,0.58762,6
af_cluster_compar/KaiB/msas/KaiB_010_unrelaxed_rank_002_alphafold2_ptm_model_3_seed_001.pdb,63.739230769230794,0.59965,0.54921,5
af_cluster_compar/KaiB/msas/KaiB_071_unrelaxed_rank_003_alphafold2_ptm_model_1_seed_001.pdb,51.126263736263745,0.62572,0.54882,4
af_cluster_compar/KaiB/msas/KaiB_192_unrelaxed_rank_004_alphafold2_ptm_model_5_seed_001.pdb,53.9365934065934,0.57616,0.50365,4
af_cluster_compar/KaiB/msas/KaiB_059_unrelaxed_rank_001_alphafold2_ptm_model_5_seed_001.pdb,69.72593406593406,0.49432,0.77848,4
af_cluster_compar/KaiB/msas/KaiB_154_unrelaxed_rank_004_alphafold2_ptm_model_1_seed_001.pdb,78.30934065934068,0.49302,0.77809,9
af_cluster_compar/KaiB/msas/KaiB_221_unrelaxed_rank_002_alphafold2_ptm_model_5_seed_001.pdb,74.46043956043958,0.84324,0.55743,4
af_cluster_compar/KaiB/msas/KaiB_013_unrelaxed_rank_001_alphafold2_ptm_model_3_seed_001.pdb,58.95087912087913,0.58022,0.52173,12
af_cluster_compar/KaiB/msas/KaiB_023_unrelaxed_rank_003_alphafold2_ptm_model_4_seed_001.pdb,90.1763736263736,0.4929,0.81567,25
af_cluster_compar/KaiB/msas/KaiB_199_unrelaxed_rank_002_alphafold2_ptm_model_1_seed_001.pdb,65.90450549450549,0.5079,0.73207,16
af_cluster_compar/KaiB/msas/KaiB_044_unrelaxed_rank_004_alphafold2_ptm_model_1_seed_001.pdb,68.05065934065932,0.5063,0.67336,13
af_cluster_compar/KaiB/msas/KaiB_174_unrelaxed_rank_001_alphafold2_ptm_model_3_seed_001.pdb,59.58769230769229,0.58372,0.5126,6
af_cluster_compar/KaiB/msas/KaiB_074_unrelaxed_rank_005_alphafold2_ptm_model_2_seed_001.pdb,72.45164835164833,0.52574,0.80966,4
af_cluster_compar/KaiB/msas/KaiB_229_unrelaxed_rank_001_alphafold2_ptm_model_5_seed_001.pdb,90.11989010989011,0.52047,0.87879,35
af_cluster_compar/KaiB/msas/KaiB_237_unrelaxed_rank_003_alphafold2_ptm_model_5_seed_001.pdb,68.86967032967033,0.53624,0.82797,4
af_cluster_compar/KaiB/msas/KaiB_188_unrelaxed_rank_001_alphafold2_ptm_model_3_seed_001.pdb,65.35494505494503,0.64805,0.54814,17
af_cluster_compar/KaiB/msas/KaiB_207_unrelaxed_rank_005_alphafold2_ptm_model_2_seed_001.pdb,66.68549450549446,0.88973,0.54671,5
af_cluster_compar/KaiB/msas/KaiB_048_unrelaxed_rank_005_alphafold2_ptm_model_1_seed_001.pdb,66.14461538461539,0.53008,0.74281,14
af_cluster_compar/KaiB/msas/KaiB_174_unrelaxed_rank_005_alphafold2_ptm_model_1_seed_001.pdb,55.58230769230771,0.58029,0.51687,6
af_cluster_compar/KaiB/msas/KaiB_068_unrelaxed_rank_001_alphafold2_ptm_model_2_seed_001.pdb,88.76208791208792,0.48763,0.81197,10
af_cluster_compar/KaiB/msas/KaiB_145_unrelaxed_rank_005_alphafold2_ptm_model_2_seed_001.pdb,57.59549450549452,0.50631,0.64599,4
af_cluster_compar/KaiB/msas/KaiB_146_unrelaxed_rank_005_alphafold2_ptm_model_3_seed_001.pdb,66.9932967032967,0.83733,0.56568,4
af_cluster_compar/KaiB/msas/KaiB_216_unrelaxed_rank_003_alphafold2_ptm_model_1_seed_001.pdb,79.52967032967035,0.49217,0.74334,5
af_cluster_compar/KaiB/msas/KaiB_079_unrelaxed_rank_005_alphafold2_ptm_model_2_seed_001.pdb,46.76307692307693,0.4985,0.47177,4
af_cluster_compar/KaiB/msas/KaiB_058_unrelaxed_rank_004_alphafold2_ptm_model_1_seed_001.pdb,59.154945054945046,0.59745,0.55156,8
af_cluster_compar/KaiB/msas/KaiB_052_unrelaxed_rank_002_alphafold2_ptm_model_1_seed_001.pdb,86.15956043956045,0.47591,0.80249,18
af_cluster_compar/KaiB/msas/KaiB_005_unrelaxed_rank_004_alphafold2_ptm_model_1_seed_001.pdb,49.08252747252745,0.54141,0.45184,4
af_cluster_compar/KaiB/msas/KaiB_039_unrelaxed_rank_001_alphafold2_ptm_model_2_seed_001.pdb,89.16604395604394,0.48707,0.79578,58
af_cluster_compar/KaiB/msas/KaiB_123_unrelaxed_rank_001_alphafold2_ptm_model_2_seed_001.pdb,76.90714285714287,0.4943,0.75076,5
af_cluster_compar/KaiB/msas/KaiB_009_unrelaxed_rank_002_alphafold2_ptm_model_4_seed_001.pdb,78.9226373626374,0.52621,0.85857,21
af_cluster_compar/KaiB/msas/KaiB_012_unrelaxed_rank_004_alphafold2_ptm_model_2_seed_001.pdb,64.9885714285714,0.77978,0.53274,5
af_cluster_compar/KaiB/msas/KaiB_002_unrelaxed_rank_002_alphafold2_ptm_model_3_seed_001.pdb,79.91945054945054,0.55626,0.85494,6
af_cluster_compar/KaiB/msas/KaiB_107_unrelaxed_rank_001_alphafold2_ptm_model_1_seed_001.pdb,75.50725274725275,0.52169,0.82661,4
af_cluster_compar/KaiB/msas/KaiB_195_unrelaxed_rank_003_alphafold2_ptm_model_3_seed_001.pdb,60.683626373626396,0.571,0.56397,5
af_cluster_compar/KaiB/msas/KaiB_001_unrelaxed_rank_002_alphafold2_ptm_model_3_seed_001.pdb,88.83461538461539,0.48691,0.7844,2561
af_cluster_compar/KaiB/msas/KaiB_143_unrelaxed_rank_004_alphafold2_ptm_model_2_seed_001.pdb,53.12373626373628,0.57919,0.51234,4
af_cluster_compar/KaiB/msas/KaiB_052_unrelaxed_rank_005_alphafold2_ptm_model_5_seed_001.pdb,83.91802197802201,0.48212,0.81989,18
af_cluster_compar/KaiB/msas/KaiB_140_unrelaxed_rank_002_alphafold2_ptm_model_5_seed_001.pdb,85.49450549450549,0.52213,0.81302,15
af_cluster_compar/KaiB/msas/KaiB_213_unrelaxed_rank_004_alphafold2_ptm_model_2_seed_001.pdb,89.07296703296701,0.51851,0.88895,17
af_cluster_compar/KaiB/msas/KaiB_129_unrelaxed_rank_002_alphafold2_ptm_model_3_seed_001.pdb,63.343406593406606,0.7029,0.49817,4
af_cluster_compar/KaiB/msas/KaiB_185_unrelaxed_rank_003_alphafold2_ptm_model_1_seed_001.pdb,87.76769230769233,0.49247,0.79951,19
af_cluster_compar/KaiB/msas/KaiB_165_unrelaxed_rank_005_alphafold2_ptm_model_5_seed_001.pdb,52.753406593406595,0.52744,0.45478,5
af_cluster_compar/KaiB/msas/KaiB_194_unrelaxed_rank_001_alphafold2_ptm_model_3_seed_001.pdb,84.70516483516484,0.92021,0.54712,13
af_cluster_compar/KaiB/msas/KaiB_163_unrelaxed_rank_002_alphafold2_ptm_model_3_seed_001.pdb,70.27153846153846,0.50716,0.71624,9
af_cluster_compar/KaiB/msas/KaiB_010_unrelaxed_rank_004_alphafold2_ptm_model_2_seed_001.pdb,60.16186813186814,0.57251,0.54616,5
af_cluster_compar/KaiB/msas/KaiB_189_unrelaxed_rank_003_alphafold2_ptm_model_4_seed_001.pdb,62.90791208791211,0.50211,0.57114,10
af_cluster_compar/KaiB/msas/KaiB_117_unrelaxed_rank_001_alphafold2_ptm_model_5_seed_001.pdb,71.74978021978022,0.85461,0.55278,5
af_cluster_compar/KaiB/msas/KaiB_025_unrelaxed_rank_004_alphafold2_ptm_model_1_seed_001.pdb,80.69659340659344,0.92041,0.55067,4
af_cluster_compar/KaiB/msas/KaiB_024_unrelaxed_rank_004_alphafold2_ptm_model_1_seed_001.pdb,69.40241758241761,0.51319,0.75653,5
af_cluster_compar/KaiB/msas/KaiB_063_unrelaxed_rank_003_alphafold2_ptm_model_3_seed_001.pdb,57.452417582417574,0.42899,0.6181,4
af_cluster_compar/KaiB/msas/KaiB_038_unrelaxed_rank_003_alphafold2_ptm_model_1_seed_001.pdb,62.392637362637366,0.49215,0.57744,12
af_cluster_compar/KaiB/msas/KaiB_127_unrelaxed_rank_005_alphafold2_ptm_model_2_seed_001.pdb,77.9630769230769,0.5301,0.7946,21
af_cluster_compar/KaiB/msas/KaiB_149_unrelaxed_rank_003_alphafold2_ptm_model_3_seed_001.pdb,59.70131868131871,0.50438,0.65695,7
af_cluster_compar/KaiB/msas/KaiB_176_unrelaxed_rank_004_alphafold2_ptm_model_2_seed_001.pdb,54.27571428571428,0.57849,0.54258,5
af_cluster_compar/KaiB/msas/KaiB_105_unrelaxed_rank_001_alphafold2_ptm_model_4_seed_001.pdb,80.55472527472526,0.52275,0.86244,5
af_cluster_compar/KaiB/msas/KaiB_086_unrelaxed_rank_001_alphafold2_ptm_model_4_seed_001.pdb,74.65780219780217,0.83974,0.54899,4
af_cluster_compar/KaiB/msas/KaiB_060_unrelaxed_rank_004_alphafold2_ptm_model_5_seed_001.pdb,55.96483516483516,0.42301,0.5927,5
af_cluster_compar/KaiB/msas/KaiB_048_unrelaxed_rank_004_alphafold2_ptm_model_2_seed_001.pdb,66.26648351648352,0.49642,0.72312,14
af_cluster_compar/KaiB/msas/KaiB_217_unrelaxed_rank_002_alphafold2_ptm_model_1_seed_001.pdb,56.18098901098902,0.5236,0.64317,6
af_cluster_compar/KaiB/msas/KaiB_201_unrelaxed_rank_001_alphafold2_ptm_model_4_seed_001.pdb,60.53241758241758,0.51644,0.65244,4
af_cluster_compar/KaiB/msas/KaiB_247_unrelaxed_rank_001_alphafold2_ptm_model_3_seed_001.pdb,70.48263736263739,0.52671,0.75833,6
af_cluster_compar/KaiB/msas/KaiB_135_unrelaxed_rank_005_alphafold2_ptm_model_5_seed_001.pdb,51.23197802197804,0.6065,0.54732,5
af_cluster_compar/KaiB/msas/KaiB_119_unrelaxed_rank_004_alphafold2_ptm_model_4_seed_001.pdb,55.549670329670334,0.59649,0.54772,5
af_cluster_compar/KaiB/msas/KaiB_201_unrelaxed_rank_004_alphafold2_ptm_model_5_seed_001.pdb,57.74945054945055,0.53471,0.67948,4
af_cluster_compar/KaiB/msas/KaiB_106_unrelaxed_rank_002_alphafold2_ptm_model_1_seed_001.pdb,72.10956043956043,0.52271,0.79766,8
af_cluster_compar/KaiB/msas/KaiB_236_unrelaxed_rank_001_alphafold2_ptm_model_4_seed_001.pdb,66.88560439560439,0.55645,0.5493,7
af_cluster_compar/KaiB/msas/KaiB_110_unrelaxed_rank_005_alphafold2_ptm_model_2_seed_001.pdb,55.08263736263736,0.55287,0.51249,5
af_cluster_compar/KaiB/msas/KaiB_117_unrelaxed_rank_003_alphafold2_ptm_model_3_seed_001.pdb,60.1065934065934,0.58779,0.51777,5
af_cluster_compar/KaiB/msas/KaiB_150_unrelaxed_rank_001_alphafold2_ptm_model_2_seed_001.pdb,76.75989010989008,0.84663,0.54065,4
af_cluster_compar/KaiB/msas/KaiB_005_unrelaxed_rank_001_alphafold2_ptm_model_5_seed_001.pdb,64.85703296703295,0.49639,0.74332,4
af_cluster_compar/KaiB/msas/KaiB_057_unrelaxed_rank_004_alphafold2_ptm_model_1_seed_001.pdb,59.047582417582404,0.56959,0.55185,10
af_cluster_compar/KaiB/msas/KaiB_097_unrelaxed_rank_002_alphafold2_ptm_model_5_seed_001.pdb,71.52846153846156,0.48205,0.70599,4
af_cluster_compar/KaiB/msas/KaiB_129_unrelaxed_rank_003_alphafold2_ptm_model_4_seed_001.pdb,63.22285714285715,0.70832,0.52259,4
af_cluster_compar/KaiB/msas/KaiB_125_unrelaxed_rank_002_alphafold2_ptm_model_1_seed_001.pdb,64.00527472527472,0.80064,0.57767,6
af_cluster_compar/KaiB/msas/KaiB_020_unrelaxed_rank_002_alphafold2_ptm_model_1_seed_001.pdb,90.95648351648353,0.48978,0.80215,59
af_cluster_compar/KaiB/msas/KaiB_029_unrelaxed_rank_005_alphafold2_ptm_model_4_seed_001.pdb,52.817142857142876,0.48644,0.68119,4
af_cluster_compar/KaiB/msas/KaiB_175_unrelaxed_rank_005_alphafold2_ptm_model_4_seed_001.pdb,57.43219780219782,0.58196,0.58068,13
af_cluster_compar/KaiB/msas/KaiB_171_unrelaxed_rank_002_alphafold2_ptm_model_5_seed_001.pdb,71.10582417582418,0.86527,0.55088,5
af_cluster_compar/KaiB/msas/KaiB_018_unrelaxed_rank_005_alphafold2_ptm_model_2_seed_001.pdb,66.65,0.60522,0.56309,6
af_cluster_compar/KaiB/msas/KaiB_150_unrelaxed_rank_003_alphafold2_ptm_model_5_seed_001.pdb,71.90582417582416,0.86646,0.54927,4
af_cluster_compar/KaiB/msas/KaiB_073_unrelaxed_rank_004_alphafold2_ptm_model_4_seed_001.pdb,66.4345054945055,0.50159,0.73592,5
af_cluster_compar/KaiB/msas/KaiB_010_unrelaxed_rank_005_alphafold2_ptm_model_5_seed_001.pdb,59.55736263736264,0.66927,0.52785,5
af_cluster_compar/KaiB/msas/KaiB_154_unrelaxed_rank_002_alphafold2_ptm_model_5_seed_001.pdb,83.13450549450548,0.48444,0.73184,9
af_cluster_compar/KaiB/msas/KaiB_171_unrelaxed_rank_001_alphafold2_ptm_model_3_seed_001.pdb,75.59483516483515,0.84881,0.54984,5
af_cluster_compar/KaiB/msas/KaiB_144_unrelaxed_rank_004_alphafold2_ptm_model_5_seed_001.pdb,57.093296703296694,0.67032,0.56974,5
af_cluster_compar/KaiB/msas/KaiB_037_unrelaxed_rank_003_alphafold2_ptm_model_4_seed_001.pdb,55.097142857142856,0.57572,0.55594,5
af_cluster_compar/KaiB/msas/KaiB_081_unrelaxed_rank_001_alphafold2_ptm_model_3_seed_001.pdb,82.5789010989011,0.49249,0.76323,9
af_cluster_compar/KaiB/msas/KaiB_227_unrelaxed_rank_005_alphafold2_ptm_model_2_seed_001.pdb,73.99999999999999,0.48622,0.7579,13
af_cluster_compar/KaiB/msas/KaiB_157_unrelaxed_rank_003_alphafold2_ptm_model_1_seed_001.pdb,81.84615384615384,0.48286,0.76593,14
af_cluster_compar/KaiB/msas/KaiB_127_unrelaxed_rank_004_alphafold2_ptm_model_1_seed_001.pdb,87.95956043956046,0.49523,0.80903,21
af_cluster_compar/KaiB/msas/KaiB_030_unrelaxed_rank_005_alphafold2_ptm_model_4_seed_001.pdb,57.87274725274725,0.52825,0.6623,7
af_cluster_compar/KaiB/msas/KaiB_129_unrelaxed_rank_004_alphafold2_ptm_model_5_seed_001.pdb,62.798681318681304,0.67515,0.47801,4
af_cluster_compar/KaiB/msas/KaiB_212_unrelaxed_rank_001_alphafold2_ptm_model_5_seed_001.pdb,76.81714285714291,0.5384,0.83188,4
af_cluster_compar/KaiB/msas/KaiB_174_unrelaxed_rank_003_alphafold2_ptm_model_5_seed_001.pdb,57.759010989010974,0.56463,0.50029,6
af_cluster_compar/KaiB/msas/KaiB_096_unrelaxed_rank_004_alphafold2_ptm_model_5_seed_001.pdb,51.061978021978014,0.5464,0.46011,4
af_cluster_compar/KaiB/msas/KaiB_018_unrelaxed_rank_002_alphafold2_ptm_model_1_seed_001.pdb,78.58494505494507,0.53926,0.80698,6
af_cluster_compar/KaiB/msas/KaiB_156_unrelaxed_rank_005_alphafold2_ptm_model_4_seed_001.pdb,55.85351648351647,0.54261,0.663,6
af_cluster_compar/KaiB/msas/KaiB_115_unrelaxed_rank_002_alphafold2_ptm_model_4_seed_001.pdb,59.24879120879121,0.49196,0.59877,4
af_cluster_compar/KaiB/msas/KaiB_070_unrelaxed_rank_001_alphafold2_ptm_model_5_seed_001.pdb,61.4656043956044,0.7144,0.5389,5
af_cluster_compar/KaiB/msas/KaiB_017_unrelaxed_rank_004_alphafold2_ptm_model_4_seed_001.pdb,88.65065934065939,0.49415,0.82301,137
af_cluster_compar/KaiB/msas/KaiB_153_unrelaxed_rank_001_alphafold2_ptm_model_4_seed_001.pdb,86.47648351648355,0.50554,0.80118,18
af_cluster_compar/KaiB/msas/KaiB_129_unrelaxed_rank_005_alphafold2_ptm_model_2_seed_001.pdb,58.220109890109875,0.6359,0.46727,4
af_cluster_compar/KaiB/msas/KaiB_126_unrelaxed_rank_004_alphafold2_ptm_model_1_seed_001.pdb,55.18164835164833,0.59276,0.68975,13
af_cluster_compar/KaiB/msas/KaiB_135_unrelaxed_rank_002_alphafold2_ptm_model_2_seed_001.pdb,75.65747252747256,0.84494,0.53925,5
af_cluster_compar/KaiB/msas/KaiB_015_unrelaxed_rank_004_alphafold2_ptm_model_1_seed_001.pdb,69.64362637362638,0.49954,0.76546,37
af_cluster_compar/KaiB/msas/KaiB_080_unrelaxed_rank_002_alphafold2_ptm_model_3_seed_001.pdb,86.22999999999999,0.53945,0.87168,15
af_cluster_compar/KaiB/msas/KaiB_097_unrelaxed_rank_003_alphafold2_ptm_model_1_seed_001.pdb,64.19252747252744,0.47893,0.70861,4
af_cluster_compar/KaiB/msas/KaiB_184_unrelaxed_rank_005_alphafold2_ptm_model_5_seed_001.pdb,59.674395604395585,0.41822,0.61295,5
af_cluster_compar/KaiB/msas/KaiB_111_unrelaxed_rank_002_alphafold2_ptm_model_3_seed_001.pdb,82.39945054945055,0.51779,0.88468,14
af_cluster_compar/KaiB/msas/KaiB_247_unrelaxed_rank_002_alphafold2_ptm_model_5_seed_001.pdb,69.07307692307693,0.51288,0.78055,6
af_cluster_compar/KaiB/msas/KaiB_202_unrelaxed_rank_002_alphafold2_ptm_model_1_seed_001.pdb,77.4563736263736,0.49157,0.73402,6
af_cluster_compar/KaiB/msas/KaiB_179_unrelaxed_rank_005_alphafold2_ptm_model_1_seed_001.pdb,66.26197802197804,0.53911,0.73308,11
af_cluster_compar/KaiB/msas/KaiB_045_unrelaxed_rank_003_alphafold2_ptm_model_2_seed_001.pdb,70.4552747252747,0.49103,0.7526,13
af_cluster_compar/KaiB/msas/KaiB_168_unrelaxed_rank_001_alphafold2_ptm_model_1_seed_001.pdb,62.55692307692305,0.7493,0.50184,5
af_cluster_compar/KaiB/msas/KaiB_167_unrelaxed_rank_004_alphafold2_ptm_model_3_seed_001.pdb,62.186373626373644,0.5506,0.53425,5
af_cluster_compar/KaiB/msas/KaiB_231_unrelaxed_rank_003_alphafold2_ptm_model_1_seed_001.pdb,81.74593406593407,0.52712,0.83973,8
af_cluster_compar/KaiB/msas/KaiB_236_unrelaxed_rank_003_alphafold2_ptm_model_2_seed_001.pdb,65.01340659340659,0.57051,0.56013,7
af_cluster_compar/KaiB/msas/KaiB_125_unrelaxed_rank_003_alphafold2_ptm_model_3_seed_001.pdb,61.601868131868144,0.61046,0.56686,6
af_cluster_compar/KaiB/msas/KaiB_241_unrelaxed_rank_004_alphafold2_ptm_model_4_seed_001.pdb,63.07769230769232,0.50957,0.64311,4
af_cluster_compar/KaiB/msas/KaiB_102_unrelaxed_rank_001_alphafold2_ptm_model_5_seed_001.pdb,75.16791208791204,0.54764,0.76913,17
af_cluster_compar/KaiB/msas/KaiB_120_unrelaxed_rank_005_alphafold2_ptm_model_2_seed_001.pdb,58.625384615384625,0.57774,0.62977,33
af_cluster_compar/KaiB/msas/KaiB_167_unrelaxed_rank_003_alphafold2_ptm_model_1_seed_001.pdb,65.97758241758244,0.53489,0.70595,5
af_cluster_compar/KaiB/msas/KaiB_030_unrelaxed_rank_004_alphafold2_ptm_model_1_seed_001.pdb,73.35736263736266,0.52813,0.80058,7
af_cluster_compar/KaiB/msas/KaiB_171_unrelaxed_rank_003_alphafold2_ptm_model_4_seed_001.pdb,70.9541758241758,0.84664,0.55144,5
af_cluster_compar/KaiB/msas/KaiB_065_unrelaxed_rank_001_alphafold2_ptm_model_4_seed_001.pdb,87.6545054945055,0.51235,0.80635,6
af_cluster_compar/KaiB/msas/KaiB_082_unrelaxed_rank_004_alphafold2_ptm_model_3_seed_001.pdb,57.960329670329706,0.44433,0.62825,5
af_cluster_compar/KaiB/msas/KaiB_073_unrelaxed_rank_002_alphafold2_ptm_model_2_seed_001.pdb,68.60791208791207,0.49807,0.71598,5
af_cluster_compar/KaiB/msas/KaiB_199_unrelaxed_rank_004_alphafold2_ptm_model_3_seed_001.pdb,56.214835164835186,0.50496,0.62975,16
af_cluster_compar/KaiB/msas/KaiB_008_unrelaxed_rank_004_alphafold2_ptm_model_1_seed_001.pdb,52.20824175824175,0.51356,0.65904,4
af_cluster_compar/KaiB/msas/KaiB_032_unrelaxed_rank_005_alphafold2_ptm_model_2_seed_001.pdb,56.662197802197795,0.49176,0.64851,5
af_cluster_compar/KaiB/msas/KaiB_118_unrelaxed_rank_002_alphafold2_ptm_model_2_seed_001.pdb,70.14362637362639,0.66833,0.5161,7
af_cluster_compar/KaiB/msas/KaiB_143_unrelaxed_rank_002_alphafold2_ptm_model_3_seed_001.pdb,63.019450549450575,0.58316,0.50863,4
af_cluster_compar/KaiB/msas/KaiB_000_unrelaxed_rank_005_alphafold2_ptm_model_2_seed_001.pdb,57.56912087912089,0.73145,0.56317,119
af_cluster_compar/KaiB/msas/KaiB_074_unrelaxed_rank_002_alphafold2_ptm_model_3_seed_001.pdb,85.89802197802199,0.52309,0.88301,4
af_cluster_compar/KaiB/msas/KaiB_243_unrelaxed_rank_004_alphafold2_ptm_model_2_seed_001.pdb,57.93934065934065,0.60215,0.52679,4
af_cluster_compar/KaiB/msas/KaiB_205_unrelaxed_rank_005_alphafold2_ptm_model_1_seed_001.pdb,54.26043956043956,0.58574,0.51691,4
af_cluster_compar/KaiB/msas/KaiB_151_unrelaxed_rank_003_alphafold2_ptm_model_2_seed_001.pdb,74.86626373626376,0.5362,0.68766,6
af_cluster_compar/KaiB/msas/KaiB_230_unrelaxed_rank_001_alphafold2_ptm_model_3_seed_001.pdb,80.88087912087909,0.51592,0.83548,19
af_cluster_compar/KaiB/msas/KaiB_215_unrelaxed_rank_004_alphafold2_ptm_model_1_seed_001.pdb,58.05285714285715,0.48225,0.5847,4
af_cluster_compar/KaiB/msas/KaiB_244_unrelaxed_rank_005_alphafold2_ptm_model_2_seed_001.pdb,54.7953846153846,0.62746,0.54822,4
af_cluster_compar/KaiB/msas/KaiB_056_unrelaxed_rank_004_alphafold2_ptm_model_1_seed_001.pdb,58.869450549450555,0.48544,0.55533,10
af_cluster_compar/KaiB/msas/KaiB_210_unrelaxed_rank_002_alphafold2_ptm_model_2_seed_001.pdb,59.85164835164832,0.54912,0.56095,12
af_cluster_compar/KaiB/msas/KaiB_090_unrelaxed_rank_005_alphafold2_ptm_model_5_seed_001.pdb,76.10725274725274,0.54092,0.86292,8
af_cluster_compar/KaiB/msas/KaiB_244_unrelaxed_rank_001_alphafold2_ptm_model_3_seed_001.pdb,63.67164835164838,0.57402,0.4922,4
af_cluster_compar/KaiB/msas/KaiB_205_unrelaxed_rank_003_alphafold2_ptm_model_3_seed_001.pdb,55.68296703296702,0.59777,0.52114,4
af_cluster_compar/KaiB/msas/KaiB_125_unrelaxed_rank_005_alphafold2_ptm_model_4_seed_001.pdb,59.74120879120878,0.67256,0.56787,6
af_cluster_compar/KaiB/msas/KaiB_008_unrelaxed_rank_002_alphafold2_ptm_model_2_seed_001.pdb,56.2354945054945,0.56091,0.50312,4
af_cluster_compar/KaiB/msas/KaiB_132_unrelaxed_rank_003_alphafold2_ptm_model_4_seed_001.pdb,48.56527472527473,0.55184,0.51164,4
af_cluster_compar/KaiB/msas/KaiB_017_unrelaxed_rank_005_alphafold2_ptm_model_5_seed_001.pdb,88.06670329670328,0.47426,0.80455,137
af_cluster_compar/KaiB/msas/KaiB_048_unrelaxed_rank_003_alphafold2_ptm_model_5_seed_001.pdb,69.73945054945055,0.52942,0.8112,14
af_cluster_compar/KaiB/msas/KaiB_226_unrelaxed_rank_003_alphafold2_ptm_model_1_seed_001.pdb,74.87813186813185,0.52992,0.79507,5
af_cluster_compar/KaiB/msas/KaiB_084_unrelaxed_rank_005_alphafold2_ptm_model_4_seed_001.pdb,60.93956043956044,0.49173,0.78299,7
af_cluster_compar/KaiB/msas/KaiB_057_unrelaxed_rank_003_alphafold2_ptm_model_5_seed_001.pdb,60.3165934065934,0.56879,0.58126,10
af_cluster_compar/KaiB/msas/KaiB_178_unrelaxed_rank_004_alphafold2_ptm_model_2_seed_001.pdb,57.750329670329656,0.56024,0.51524,8
af_cluster_compar/KaiB/msas/KaiB_087_unrelaxed_rank_004_alphafold2_ptm_model_3_seed_001.pdb,58.41659340659339,0.5264,0.58148,5
af_cluster_compar/KaiB/msas/KaiB_121_unrelaxed_rank_005_alphafold2_ptm_model_4_seed_001.pdb,49.83373626373627,0.59818,0.52376,6
af_cluster_compar/KaiB/msas/KaiB_147_unrelaxed_rank_004_alphafold2_ptm_model_2_seed_001.pdb,55.435714285714305,0.47571,0.5413,4
af_cluster_compar/KaiB/msas/KaiB_054_unrelaxed_rank_003_alphafold2_ptm_model_1_seed_001.pdb,68.88428571428568,0.48771,0.748,14
af_cluster_compar/KaiB/msas/KaiB_049_unrelaxed_rank_005_alphafold2_ptm_model_2_seed_001.pdb,59.02769230769232,0.58056,0.57066,8
af_cluster_compar/KaiB/msas/KaiB_130_unrelaxed_rank_001_alphafold2_ptm_model_3_seed_001.pdb,67.64285714285715,0.7452,0.51231,4
af_cluster_compar/KaiB/msas/KaiB_038_unrelaxed_rank_002_alphafold2_ptm_model_5_seed_001.pdb,65.17373626373629,0.48984,0.6333,12
af_cluster_compar/KaiB/msas/KaiB_080_unrelaxed_rank_003_alphafold2_ptm_model_1_seed_001.pdb,80.40626373626372,0.51376,0.80657,15
af_cluster_compar/KaiB/msas/KaiB_154_unrelaxed_rank_003_alphafold2_ptm_model_4_seed_001.pdb,79.40043956043955,0.49316,0.78918,9
af_cluster_compar/KaiB/msas/KaiB_118_unrelaxed_rank_001_alphafold2_ptm_model_1_seed_001.pdb,71.12527472527474,0.80705,0.55735,7
af_cluster_compar/KaiB/msas/KaiB_168_unrelaxed_rank_003_alphafold2_ptm_model_2_seed_001.pdb,59.38054945054946,0.68851,0.51124,5
af_cluster_compar/KaiB/msas/KaiB_239_unrelaxed_rank_001_alphafold2_ptm_model_3_seed_001.pdb,53.67263736263738,0.60223,0.54778,4
af_cluster_compar/KaiB/msas/KaiB_177_unrelaxed_rank_003_alphafold2_ptm_model_5_seed_001.pdb,59.841648351648345,0.54372,0.56205,16
af_cluster_compar/KaiB/msas/KaiB_163_unrelaxed_rank_005_alphafold2_ptm_model_1_seed_001.pdb,62.667802197802196,0.50122,0.70562,9
af_cluster_compar/KaiB/msas/KaiB_204_unrelaxed_rank_005_alphafold2_ptm_model_5_seed_001.pdb,51.313406593406576,0.57876,0.49118,4
af_cluster_compar/KaiB/msas/KaiB_151_unrelaxed_rank_002_alphafold2_ptm_model_4_seed_001.pdb,75.05340659340663,0.51624,0.75823,6
af_cluster_compar/KaiB/msas/KaiB_075_unrelaxed_rank_001_alphafold2_ptm_model_5_seed_001.pdb,86.12703296703296,0.50509,0.79361,9
af_cluster_compar/KaiB/msas/KaiB_220_unrelaxed_rank_001_alphafold2_ptm_model_1_seed_001.pdb,84.87868131868133,0.52346,0.75536,4
af_cluster_compar/KaiB/msas/KaiB_182_unrelaxed_rank_003_alphafold2_ptm_model_2_seed_001.pdb,58.917802197802196,0.75872,0.56854,6
af_cluster_compar/KaiB/msas/KaiB_231_unrelaxed_rank_002_alphafold2_ptm_model_3_seed_001.pdb,85.65802197802198,0.52683,0.86797,8
af_cluster_compar/KaiB/msas/KaiB_060_unrelaxed_rank_001_alphafold2_ptm_model_4_seed_001.pdb,66.75802197802199,0.5013,0.76914,5
af_cluster_compar/KaiB/msas/KaiB_215_unrelaxed_rank_005_alphafold2_ptm_model_4_seed_001.pdb,56.88175824175824,0.50529,0.55173,4
af_cluster_compar/KaiB/msas/KaiB_239_unrelaxed_rank_005_alphafold2_ptm_model_5_seed_001.pdb,45.793956043956044,0.57165,0.54594,4
af_cluster_compar/KaiB/msas/KaiB_245_unrelaxed_rank_001_alphafold2_ptm_model_2_seed_001.pdb,80.65362637362638,0.54057,0.8437,8
af_cluster_compar/KaiB/msas/KaiB_113_unrelaxed_rank_002_alphafold2_ptm_model_4_seed_001.pdb,61.95450549450553,0.48117,0.73726,4
af_cluster_compar/KaiB/msas/KaiB_023_unrelaxed_rank_005_alphafold2_ptm_model_1_seed_001.pdb,89.60395604395603,0.48619,0.80696,25
af_cluster_compar/KaiB/msas/KaiB_002_unrelaxed_rank_001_alphafold2_ptm_model_2_seed_001.pdb,84.76351648351647,0.50491,0.7967,6
af_cluster_compar/KaiB/msas/KaiB_033_unrelaxed_rank_004_alphafold2_ptm_model_1_seed_001.pdb,63.192857142857164,0.66981,0.51756,7
af_cluster_compar/KaiB/msas/KaiB_215_unrelaxed_rank_001_alphafold2_ptm_model_3_seed_001.pdb,73.19098901098903,0.5014,0.75087,4
af_cluster_compar/KaiB/msas/KaiB_049_unrelaxed_rank_003_alphafold2_ptm_model_5_seed_001.pdb,61.15912087912089,0.61869,0.56617,8
af_cluster_compar/KaiB/msas/KaiB_151_unrelaxed_rank_004_alphafold2_ptm_model_3_seed_001.pdb,72.06835164835168,0.48531,0.56617,6
af_cluster_compar/KaiB/msas/KaiB_237_unrelaxed_rank_002_alphafold2_ptm_model_1_seed_001.pdb,70.0714285714286,0.51632,0.7686,4
af_cluster_compar/KaiB/msas/KaiB_019_unrelaxed_rank_003_alphafold2_ptm_model_1_seed_001.pdb,55.195824175824185,0.48296,0.63176,8
af_cluster_compar/KaiB/msas/KaiB_098_unrelaxed_rank_002_alphafold2_ptm_model_3_seed_001.pdb,78.86637362637364,0.5458,0.75605,6
af_cluster_compar/KaiB/msas/KaiB_027_unrelaxed_rank_005_alphafold2_ptm_model_1_seed_001.pdb,70.05879120879118,0.50619,0.73407,5
af_cluster_compar/KaiB/msas/KaiB_137_unrelaxed_rank_005_alphafold2_ptm_model_2_seed_001.pdb,66.87956043956042,0.85028,0.54761,4
af_cluster_compar/KaiB/msas/KaiB_046_unrelaxed_rank_004_alphafold2_ptm_model_3_seed_001.pdb,66.31758241758241,0.54388,0.63407,42
af_cluster_compar/KaiB/msas/KaiB_146_unrelaxed_rank_001_alphafold2_ptm_model_1_seed_001.pdb,81.37241758241761,0.5283,0.80017,4
af_cluster_compar/KaiB/msas/KaiB_050_unrelaxed_rank_003_alphafold2_ptm_model_1_seed_001.pdb,62.36538461538463,0.56699,0.5153,4
af_cluster_compar/KaiB/msas/KaiB_183_unrelaxed_rank_005_alphafold2_ptm_model_5_seed_001.pdb,55.03483516483519,0.49217,0.53119,4
af_cluster_compar/KaiB/msas/KaiB_173_unrelaxed_rank_001_alphafold2_ptm_model_3_seed_001.pdb,61.01054945054942,0.54448,0.58281,4
af_cluster_compar/KaiB/msas/KaiB_219_unrelaxed_rank_001_alphafold2_ptm_model_2_seed_001.pdb,77.41043956043953,0.83381,0.54275,4
af_cluster_compar/KaiB/msas/KaiB_100_unrelaxed_rank_002_alphafold2_ptm_model_4_seed_001.pdb,86.8652747252747,0.51345,0.86339,6
af_cluster_compar/KaiB/msas/KaiB_118_unrelaxed_rank_003_alphafold2_ptm_model_3_seed_001.pdb,69.80087912087915,0.68595,0.52504,7
af_cluster_compar/KaiB/msas/KaiB_206_unrelaxed_rank_005_alphafold2_ptm_model_1_seed_001.pdb,59.188461538461546,0.56242,0.50495,4
af_cluster_compar/KaiB/msas/KaiB_106_unrelaxed_rank_004_alphafold2_ptm_model_3_seed_001.pdb,62.809890109890105,0.61289,0.58284,8
af_cluster_compar/KaiB/msas/KaiB_186_unrelaxed_rank_001_alphafold2_ptm_model_5_seed_001.pdb,81.08483516483518,0.56949,0.64498,13
af_cluster_compar/KaiB/msas/KaiB_128_unrelaxed_rank_005_alphafold2_ptm_model_5_seed_001.pdb,55.74384615384619,0.58019,0.52955,9
af_cluster_compar/KaiB/msas/KaiB_055_unrelaxed_rank_001_alphafold2_ptm_model_3_seed_001.pdb,61.857582417582414,0.56504,0.50452,4
af_cluster_compar/KaiB/msas/KaiB_116_unrelaxed_rank_005_alphafold2_ptm_model_5_seed_001.pdb,69.19362637362639,0.83561,0.55802,4
af_cluster_compar/KaiB/msas/KaiB_217_unrelaxed_rank_004_alphafold2_ptm_model_5_seed_001.pdb,54.81868131868135,0.51503,0.6366,6
af_cluster_compar/KaiB/msas/KaiB_028_unrelaxed_rank_005_alphafold2_ptm_model_2_seed_001.pdb,57.19439560439558,0.55757,0.54234,5
af_cluster_compar/KaiB/msas/KaiB_074_unrelaxed_rank_001_alphafold2_ptm_model_5_seed_001.pdb,87.23406593406595,0.53398,0.87164,4
af_cluster_compar/KaiB/msas/KaiB_090_unrelaxed_rank_003_alphafold2_ptm_model_1_seed_001.pdb,83.6585714285714,0.52966,0.84775,8
af_cluster_compar/KaiB/msas/KaiB_162_unrelaxed_rank_001_alphafold2_ptm_model_4_seed_001.pdb,60.42593406593406,0.55006,0.54868,5
af_cluster_compar/KaiB/msas/KaiB_105_unrelaxed_rank_002_alphafold2_ptm_model_3_seed_001.pdb,77.95340659340663,0.52325,0.86616,5
af_cluster_compar/KaiB/msas/KaiB_160_unrelaxed_rank_002_alphafold2_ptm_model_1_seed_001.pdb,62.08659340659341,0.7355,0.51534,22
af_cluster_compar/KaiB/msas/KaiB_178_unrelaxed_rank_005_alphafold2_ptm_model_5_seed_001.pdb,56.71692307692305,0.55407,0.52795,8
af_cluster_compar/KaiB/msas/KaiB_004_unrelaxed_rank_002_alphafold2_ptm_model_4_seed_001.pdb,57.88450549450549,0.62546,0.53803,5
af_cluster_compar/KaiB/msas/KaiB_203_unrelaxed_rank_002_alphafold2_ptm_model_3_seed_001.pdb,79.89692307692307,0.51955,0.79442,5
af_cluster_compar/KaiB/msas/KaiB_071_unrelaxed_rank_005_alphafold2_ptm_model_5_seed_001.pdb,42.11472527472527,0.51396,0.4446,4
af_cluster_compar/KaiB/msas/KaiB_070_unrelaxed_rank_005_alphafold2_ptm_model_2_seed_001.pdb,53.70010989010988,0.56126,0.50205,5
af_cluster_compar/KaiB/msas/KaiB_005_unrelaxed_rank_003_alphafold2_ptm_model_3_seed_001.pdb,58.330659340659345,0.63527,0.58177,4
af_cluster_compar/KaiB/msas/KaiB_132_unrelaxed_rank_004_alphafold2_ptm_model_5_seed_001.pdb,48.48923076923077,0.58444,0.5202,4
af_cluster_compar/KaiB/msas/KaiB_103_unrelaxed_rank_002_alphafold2_ptm_model_4_seed_001.pdb,60.395054945054945,0.66258,0.5689,4
af_cluster_compar/KaiB/msas/KaiB_018_unrelaxed_rank_004_alphafold2_ptm_model_4_seed_001.pdb,74.07516483516484,0.52477,0.82967,6
af_cluster_compar/KaiB/msas/KaiB_128_unrelaxed_rank_002_alphafold2_ptm_model_2_seed_001.pdb,58.558901098901146,0.58134,0.55606,9
af_cluster_compar/KaiB/msas/KaiB_095_unrelaxed_rank_003_alphafold2_ptm_model_2_seed_001.pdb,66.6358241758242,0.47626,0.73327,9
af_cluster_compar/KaiB/msas/KaiB_119_unrelaxed_rank_002_alphafold2_ptm_model_3_seed_001.pdb,55.85351648351649,0.60463,0.54766,5
af_cluster_compar/KaiB/msas/KaiB_118_unrelaxed_rank_004_alphafold2_ptm_model_5_seed_001.pdb,69.19164835164835,0.81914,0.55279,7
af_cluster_compar/KaiB/msas/KaiB_162_unrelaxed_rank_005_alphafold2_ptm_model_2_seed_001.pdb,52.360109890109854,0.54253,0.50813,5
af_cluster_compar/KaiB/msas/KaiB_213_unrelaxed_rank_005_alphafold2_ptm_model_1_seed_001.pdb,73.52868131868132,0.53327,0.81545,17
af_cluster_compar/KaiB/msas/KaiB_061_unrelaxed_rank_003_alphafold2_ptm_model_4_seed_001.pdb,65.67472527472528,0.51238,0.69653,4
af_cluster_compar/KaiB/msas/KaiB_086_unrelaxed_rank_004_alphafold2_ptm_model_2_seed_001.pdb,55.76703296703297,0.59533,0.52814,4
af_cluster_compar/KaiB/msas/KaiB_191_unrelaxed_rank_003_alphafold2_ptm_model_2_seed_001.pdb,57.38516483516485,0.50172,0.67458,5
af_cluster_compar/KaiB/msas/KaiB_109_unrelaxed_rank_001_alphafold2_ptm_model_4_seed_001.pdb,68.84538461538463,0.8434,0.56295,46
af_cluster_compar/KaiB/msas/KaiB_019_unrelaxed_rank_005_alphafold2_ptm_model_5_seed_001.pdb,45.173406593406604,0.4327,0.65645,8
af_cluster_compar/KaiB/msas/KaiB_041_unrelaxed_rank_002_alphafold2_ptm_model_3_seed_001.pdb,63.79000000000002,0.57508,0.53486,5
af_cluster_compar/KaiB/msas/KaiB_226_unrelaxed_rank_002_alphafold2_ptm_model_5_seed_001.pdb,74.91142857142854,0.54179,0.8374,5
af_cluster_compar/KaiB/msas/KaiB_102_unrelaxed_rank_004_alphafold2_ptm_model_2_seed_001.pdb,63.37934065934064,0.55089,0.60768,17
af_cluster_compar/KaiB/msas/KaiB_162_unrelaxed_rank_004_alphafold2_ptm_model_1_seed_001.pdb,53.110109890109854,0.54476,0.51013,5
af_cluster_compar/KaiB/msas/KaiB_173_unrelaxed_rank_003_alphafold2_ptm_model_2_seed_001.pdb,58.36252747252748,0.50447,0.61754,4
af_cluster_compar/KaiB/msas/KaiB_119_unrelaxed_rank_005_alphafold2_ptm_model_2_seed_001.pdb,55.09186813186816,0.59944,0.56405,5
af_cluster_compar/KaiB/msas/KaiB_148_unrelaxed_rank_003_alphafold2_ptm_model_1_seed_001.pdb,56.041758241758274,0.56905,0.56234,5
af_cluster_compar/KaiB/msas/KaiB_184_unrelaxed_rank_003_alphafold2_ptm_model_2_seed_001.pdb,60.60505494505494,0.41223,0.62477,5
af_cluster_compar/KaiB/msas/KaiB_066_unrelaxed_rank_004_alphafold2_ptm_model_1_seed_001.pdb,57.70846153846156,0.5919,0.51694,4
af_cluster_compar/KaiB/msas/KaiB_025_unrelaxed_rank_003_alphafold2_ptm_model_4_seed_001.pdb,81.36417582417583,0.92438,0.54467,4
af_cluster_compar/KaiB/msas/KaiB_023_unrelaxed_rank_001_alphafold2_ptm_model_3_seed_001.pdb,90.52241758241755,0.49087,0.81846,25
af_cluster_compar/KaiB/msas/KaiB_192_unrelaxed_rank_003_alphafold2_ptm_model_1_seed_001.pdb,55.040439560439566,0.61037,0.51129,4
af_cluster_compar/KaiB/msas/KaiB_040_unrelaxed_rank_005_alphafold2_ptm_model_5_seed_001.pdb,52.580879120879125,0.4746,0.67499,6
af_cluster_compar/KaiB/msas/KaiB_190_unrelaxed_rank_002_alphafold2_ptm_model_3_seed_001.pdb,86.84703296703297,0.50363,0.81234,5
af_cluster_compar/KaiB/msas/KaiB_156_unrelaxed_rank_004_alphafold2_ptm_model_3_seed_001.pdb,62.19043956043952,0.50771,0.7341,6
af_cluster_compar/KaiB/msas/KaiB_116_unrelaxed_rank_003_alphafold2_ptm_model_4_seed_001.pdb,73.63791208791211,0.82549,0.54821,4
af_cluster_compar/KaiB/msas/KaiB_120_unrelaxed_rank_001_alphafold2_ptm_model_3_seed_001.pdb,81.31065934065936,0.49382,0.74203,33
af_cluster_compar/KaiB/msas/KaiB_050_unrelaxed_rank_001_alphafold2_ptm_model_5_seed_001.pdb,71.75714285714287,0.8707,0.54357,4
af_cluster_compar/KaiB/msas/KaiB_152_unrelaxed_rank_005_alphafold2_ptm_model_5_seed_001.pdb,67.52813186813187,0.85061,0.56597,7
af_cluster_compar/KaiB/msas/KaiB_139_unrelaxed_rank_002_alphafold2_ptm_model_2_seed_001.pdb,66.39659340659338,0.56449,0.74397,7
af_cluster_compar/KaiB/msas/KaiB_131_unrelaxed_rank_005_alphafold2_ptm_model_2_seed_001.pdb,61.834835164835155,0.6734,0.54979,4
af_cluster_compar/KaiB/msas/KaiB_141_unrelaxed_rank_005_alphafold2_ptm_model_1_seed_001.pdb,64.14615384615387,0.48718,0.69157,4
af_cluster_compar/KaiB/msas/KaiB_211_unrelaxed_rank_001_alphafold2_ptm_model_2_seed_001.pdb,61.1010989010989,0.51825,0.7094,4
af_cluster_compar/KaiB/msas/KaiB_042_unrelaxed_rank_005_alphafold2_ptm_model_4_seed_001.pdb,77.46109890109886,0.91217,0.55321,6
af_cluster_compar/KaiB/msas/KaiB_029_unrelaxed_rank_004_alphafold2_ptm_model_5_seed_001.pdb,54.912967032967074,0.48176,0.56397,4
af_cluster_compar/KaiB/msas/KaiB_008_unrelaxed_rank_001_alphafold2_ptm_model_3_seed_001.pdb,60.718351648351636,0.5697,0.50255,4
af_cluster_compar/KaiB/msas/KaiB_230_unrelaxed_rank_005_alphafold2_ptm_model_5_seed_001.pdb,68.3010989010989,0.54176,0.82765,19
af_cluster_compar/KaiB/msas/KaiB_062_unrelaxed_rank_005_alphafold2_ptm_model_3_seed_001.pdb,83.50967032967031,0.5137,0.84887,47
af_cluster_compar/KaiB/msas/KaiB_093_unrelaxed_rank_003_alphafold2_ptm_model_1_seed_001.pdb,71.27626373626377,0.53479,0.71933,4
af_cluster_compar/KaiB/msas/KaiB_000_unrelaxed_rank_002_alphafold2_ptm_model_4_seed_001.pdb,65.99747252747254,0.76369,0.56645,119
af_cluster_compar/KaiB/msas/KaiB_201_unrelaxed_rank_005_alphafold2_ptm_model_2_seed_001.pdb,55.360549450549435,0.53755,0.63412,4
af_cluster_compar/KaiB/msas/KaiB_219_unrelaxed_rank_005_alphafold2_ptm_model_5_seed_001.pdb,57.58703296703297,0.51128,0.68554,4
af_cluster_compar/KaiB/msas/KaiB_091_unrelaxed_rank_003_alphafold2_ptm_model_1_seed_001.pdb,67.17384615384616,0.52724,0.70136,7
af_cluster_compar/KaiB/msas/KaiB_009_unrelaxed_rank_004_alphafold2_ptm_model_3_seed_001.pdb,76.70714285714287,0.49898,0.73347,21
af_cluster_compar/KaiB/msas/KaiB_101_unrelaxed_rank_004_alphafold2_ptm_model_4_seed_001.pdb,51.90978021978023,0.58916,0.51837,5
af_cluster_compar/KaiB/msas/KaiB_014_unrelaxed_rank_001_alphafold2_ptm_model_4_seed_001.pdb,77.84604395604396,0.90686,0.55206,4
af_cluster_compar/KaiB/msas/KaiB_078_unrelaxed_rank_001_alphafold2_ptm_model_3_seed_001.pdb,89.32604395604396,0.50852,0.77428,13
af_cluster_compar/KaiB/msas/KaiB_139_unrelaxed_rank_004_alphafold2_ptm_model_4_seed_001.pdb,61.07362637362638,0.57026,0.74031,7
af_cluster_compar/KaiB/msas/KaiB_028_unrelaxed_rank_003_alphafold2_ptm_model_4_seed_001.pdb,82.0734065934066,0.50892,0.86549,5
af_cluster_compar/KaiB/msas/KaiB_175_unrelaxed_rank_001_alphafold2_ptm_model_1_seed_001.pdb,85.34956043956045,0.49544,0.7836,13
af_cluster_compar/KaiB/msas/KaiB_019_unrelaxed_rank_002_alphafold2_ptm_model_4_seed_001.pdb,56.06461538461541,0.46777,0.63075,8
af_cluster_compar/KaiB/msas/KaiB_134_unrelaxed_rank_002_alphafold2_ptm_model_1_seed_001.pdb,60.55296703296704,0.46142,0.6555,12
af_cluster_compar/KaiB/msas/KaiB_177_unrelaxed_rank_005_alphafold2_ptm_model_3_seed_001.pdb,57.69857142857141,0.53556,0.52035,16
af_cluster_compar/KaiB/msas/KaiB_213_unrelaxed_rank_002_alphafold2_ptm_model_5_seed_001.pdb,90.57120879120883,0.52906,0.8872,17
af_cluster_compar/KaiB/msas/KaiB_016_unrelaxed_rank_001_alphafold2_ptm_model_2_seed_001.pdb,89.52428571428574,0.49136,0.80153,232
af_cluster_compar/KaiB/msas/KaiB_111_unrelaxed_rank_001_alphafold2_ptm_model_4_seed_001.pdb,87.36428571428569,0.52818,0.88442,14
af_cluster_compar/KaiB/msas/KaiB_113_unrelaxed_rank_003_alphafold2_ptm_model_3_seed_001.pdb,61.24120879120881,0.55456,0.52013,4
af_cluster_compar/KaiB/msas/KaiB_021_unrelaxed_rank_005_alphafold2_ptm_model_3_seed_001.pdb,83.7363736263736,0.49459,0.81803,10
af_cluster_compar/KaiB/msas/KaiB_138_unrelaxed_rank_004_alphafold2_ptm_model_2_seed_001.pdb,60.22527472527471,0.53298,0.59498,4
af_cluster_compar/KaiB/msas/KaiB_178_unrelaxed_rank_002_alphafold2_ptm_model_1_seed_001.pdb,59.153076923076924,0.54864,0.51078,8
af_cluster_compar/KaiB/msas/KaiB_167_unrelaxed_rank_005_alphafold2_ptm_model_4_seed_001.pdb,61.00153846153845,0.53051,0.677,5
af_cluster_compar/KaiB/msas/KaiB_186_unrelaxed_rank_005_alphafold2_ptm_model_4_seed_001.pdb,65.93879120879122,0.51962,0.64515,13
af_cluster_compar/KaiB/msas/KaiB_211_unrelaxed_rank_004_alphafold2_ptm_model_3_seed_001.pdb,56.90659340659339,0.5618,0.54405,4
af_cluster_compar/KaiB/msas/KaiB_083_unrelaxed_rank_001_alphafold2_ptm_model_3_seed_001.pdb,90.69791208791212,0.53225,0.8788,6
af_cluster_compar/KaiB/msas/KaiB_112_unrelaxed_rank_004_alphafold2_ptm_model_1_seed_001.pdb,60.76087912087911,0.70207,0.52665,4
af_cluster_compar/KaiB/msas/KaiB_190_unrelaxed_rank_005_alphafold2_ptm_model_5_seed_001.pdb,83.19021978021978,0.5072,0.80365,5
af_cluster_compar/KaiB/msas/KaiB_198_unrelaxed_rank_005_alphafold2_ptm_model_5_seed_001.pdb,64.80967032967035,0.70741,0.55267,6
af_cluster_compar/KaiB/msas/KaiB_063_unrelaxed_rank_001_alphafold2_ptm_model_5_seed_001.pdb,77.58648351648357,0.49536,0.83981,4
af_cluster_compar/KaiB/msas/KaiB_225_unrelaxed_rank_003_alphafold2_ptm_model_4_seed_001.pdb,74.80241758241759,0.54008,0.81283,9
af_cluster_compar/KaiB/msas/KaiB_059_unrelaxed_rank_002_alphafold2_ptm_model_2_seed_001.pdb,68.46824175824175,0.47193,0.7186,4
af_cluster_compar/KaiB/msas/KaiB_044_unrelaxed_rank_005_alphafold2_ptm_model_4_seed_001.pdb,59.82450549450546,0.50214,0.66523,13
af_cluster_compar/KaiB/msas/KaiB_053_unrelaxed_rank_002_alphafold2_ptm_model_1_seed_001.pdb,87.65,0.46959,0.80305,40
af_cluster_compar/KaiB/msas/KaiB_090_unrelaxed_rank_002_alphafold2_ptm_model_3_seed_001.pdb,88.96527472527471,0.51203,0.87378,8
af_cluster_compar/KaiB/msas/KaiB_042_unrelaxed_rank_002_alphafold2_ptm_model_1_seed_001.pdb,80.72208791208793,0.92491,0.54749,6
af_cluster_compar/KaiB/msas/KaiB_028_unrelaxed_rank_001_alphafold2_ptm_model_3_seed_001.pdb,84.44395604395608,0.48819,0.78896,5
af_cluster_compar/KaiB/msas/KaiB_136_unrelaxed_rank_005_alphafold2_ptm_model_2_seed_001.pdb,60.71934065934065,0.73772,0.48939,4
af_cluster_compar/KaiB/msas/KaiB_093_unrelaxed_rank_001_alphafold2_ptm_model_3_seed_001.pdb,77.29406593406596,0.52948,0.80951,4
af_cluster_compar/KaiB/msas/KaiB_052_unrelaxed_rank_004_alphafold2_ptm_model_4_seed_001.pdb,84.88439560439559,0.48562,0.8234,18
af_cluster_compar/KaiB/msas/KaiB_161_unrelaxed_rank_001_alphafold2_ptm_model_4_seed_001.pdb,89.97120879120875,0.4942,0.80086,21
af_cluster_compar/KaiB/msas/KaiB_074_unrelaxed_rank_003_alphafold2_ptm_model_4_seed_001.pdb,82.8754945054945,0.52313,0.87701,4
af_cluster_compar/KaiB/msas/KaiB_125_unrelaxed_rank_001_alphafold2_ptm_model_5_seed_001.pdb,67.54384615384616,0.82434,0.56897,6
af_cluster_compar/KaiB/msas/KaiB_196_unrelaxed_rank_004_alphafold2_ptm_model_1_seed_001.pdb,83.89054945054944,0.48943,0.76978,11
af_cluster_compar/KaiB/msas/KaiB_151_unrelaxed_rank_001_alphafold2_ptm_model_1_seed_001.pdb,77.97494505494502,0.49503,0.80699,6
af_cluster_compar/KaiB/msas/KaiB_038_unrelaxed_rank_005_alphafold2_ptm_model_2_seed_001.pdb,58.88241758241757,0.50179,0.57529,12
af_cluster_compar/KaiB/msas/KaiB_228_unrelaxed_rank_001_alphafold2_ptm_model_5_seed_001.pdb,75.77846153846154,0.51914,0.84242,6
af_cluster_compar/KaiB/msas/KaiB_098_unrelaxed_rank_005_alphafold2_ptm_model_2_seed_001.pdb,62.7478021978022,0.50215,0.75918,6
af_cluster_compar/KaiB/msas/KaiB_025_unrelaxed_rank_002_alphafold2_ptm_model_2_seed_001.pdb,82.60472527472524,0.91347,0.55171,4
af_cluster_compar/KaiB/msas/KaiB_229_unrelaxed_rank_005_alphafold2_ptm_model_1_seed_001.pdb,74.84395604395607,0.53241,0.80046,35
af_cluster_compar/KaiB/msas/KaiB_107_unrelaxed_rank_005_alphafold2_ptm_model_3_seed_001.pdb,57.83560439560439,0.5717,0.53865,4
af_cluster_compar/KaiB/msas/KaiB_189_unrelaxed_rank_002_alphafold2_ptm_model_3_seed_001.pdb,63.95901098901099,0.55217,0.63032,10
af_cluster_compar/KaiB/msas/KaiB_179_unrelaxed_rank_002_alphafold2_ptm_model_4_seed_001.pdb,74.21747252747252,0.53078,0.73047,11
af_cluster_compar/KaiB/msas/KaiB_153_unrelaxed_rank_004_alphafold2_ptm_model_2_seed_001.pdb,82.55604395604394,0.49025,0.76854,18
af_cluster_compar/KaiB/msas/KaiB_009_unrelaxed_rank_001_alphafold2_ptm_model_1_seed_001.pdb,87.91670329670332,0.49322,0.80696,21
af_cluster_compar/KaiB/msas/KaiB_043_unrelaxed_rank_005_alphafold2_ptm_model_1_seed_001.pdb,58.50714285714286,0.50796,0.70255,21
af_cluster_compar/KaiB/msas/KaiB_247_unrelaxed_rank_004_alphafold2_ptm_model_4_seed_001.pdb,64.32890109890108,0.5179,0.77149,6
af_cluster_compar/KaiB/msas/KaiB_236_unrelaxed_rank_002_alphafold2_ptm_model_1_seed_001.pdb,66.4396703296703,0.55726,0.54764,7
af_cluster_compar/KaiB/msas/KaiB_241_unrelaxed_rank_005_alphafold2_ptm_model_3_seed_001.pdb,58.14593406593407,0.56558,0.58926,4
af_cluster_compar/KaiB/msas/KaiB_012_unrelaxed_rank_002_alphafold2_ptm_model_1_seed_001.pdb,66.92384615384617,0.7401,0.50889,5
af_cluster_compar/KaiB/msas/KaiB_103_unrelaxed_rank_001_alphafold2_ptm_model_3_seed_001.pdb,62.52890109890109,0.69491,0.52459,4
af_cluster_compar/KaiB/msas/KaiB_046_unrelaxed_rank_002_alphafold2_ptm_model_2_seed_001.pdb,87.74021978021979,0.52172,0.8186,42
af_cluster_compar/KaiB/msas/KaiB_122_unrelaxed_rank_003_alphafold2_ptm_model_2_seed_001.pdb,67.1454945054945,0.83945,0.56558,11
af_cluster_compar/KaiB/msas/KaiB_103_unrelaxed_rank_003_alphafold2_ptm_model_2_seed_001.pdb,59.60505494505493,0.70158,0.58954,4
af_cluster_compar/KaiB/msas/KaiB_211_unrelaxed_rank_005_alphafold2_ptm_model_5_seed_001.pdb,55.396043956043954,0.56549,0.53383,4
af_cluster_compar/KaiB/msas/KaiB_149_unrelaxed_rank_001_alphafold2_ptm_model_1_seed_001.pdb,83.47945054945058,0.48799,0.76492,7
af_cluster_compar/KaiB/msas/KaiB_134_unrelaxed_rank_004_alphafold2_ptm_model_5_seed_001.pdb,58.508901098901106,0.4405,0.61865,12
af_cluster_compar/KaiB/msas/KaiB_227_unrelaxed_rank_001_alphafold2_ptm_model_3_seed_001.pdb,82.93802197802198,0.48615,0.77243,13
af_cluster_compar/KaiB/msas/KaiB_047_unrelaxed_rank_003_alphafold2_ptm_model_1_seed_001.pdb,52.933516483516485,0.48553,0.747,8
af_cluster_compar/KaiB/msas/KaiB_115_unrelaxed_rank_001_alphafold2_ptm_model_3_seed_001.pdb,62.818571428571424,0.49643,0.6685,4
af_cluster_compar/KaiB/msas/KaiB_006_unrelaxed_rank_005_alphafold2_ptm_model_4_seed_001.pdb,61.954505494505504,0.74088,0.50298,4
af_cluster_compar/KaiB/msas/KaiB_212_unrelaxed_rank_003_alphafold2_ptm_model_2_seed_001.pdb,71.55857142857144,0.83621,0.5466,4
af_cluster_compar/KaiB/msas/KaiB_079_unrelaxed_rank_001_alphafold2_ptm_model_5_seed_001.pdb,67.15054945054945,0.67891,0.52309,4
af_cluster_compar/KaiB/msas/KaiB_000_unrelaxed_rank_003_alphafold2_ptm_model_5_seed_001.pdb,62.07230769230768,0.81777,0.56992,119
af_cluster_compar/KaiB/msas/KaiB_007_unrelaxed_rank_003_alphafold2_ptm_model_3_seed_001.pdb,78.30868131868134,0.90099,0.55902,4
af_cluster_compar/KaiB/msas/KaiB_172_unrelaxed_rank_004_alphafold2_ptm_model_5_seed_001.pdb,79.8887912087912,0.55052,0.86493,10
af_cluster_compar/KaiB/msas/KaiB_247_unrelaxed_rank_005_alphafold2_ptm_model_1_seed_001.pdb,52.792527472527475,0.54607,0.66014,6
af_cluster_compar/KaiB/msas/KaiB_184_unrelaxed_rank_001_alphafold2_ptm_model_4_seed_001.pdb,65.20615384615384,0.41041,0.63033,5
af_cluster_compar/KaiB/msas/KaiB_137_unrelaxed_rank_004_alphafold2_ptm_model_5_seed_001.pdb,67.97395604395605,0.84428,0.56044,4
af_cluster_compar/KaiB/msas/KaiB_031_unrelaxed_rank_005_alphafold2_ptm_model_5_seed_001.pdb,57.944945054945066,0.59907,0.53504,6
af_cluster_compar/KaiB/msas/KaiB_025_unrelaxed_rank_005_alphafold2_ptm_model_5_seed_001.pdb,80.43549450549452,0.91325,0.54067,4
af_cluster_compar/KaiB/msas/KaiB_153_unrelaxed_rank_003_alphafold2_ptm_model_1_seed_001.pdb,84.78252747252746,0.48273,0.76175,18
af_cluster_compar/KaiB/msas/KaiB_001_unrelaxed_rank_003_alphafold2_ptm_model_1_seed_001.pdb,87.92703296703296,0.48749,0.77928,2561
af_cluster_compar/KaiB/msas/KaiB_180_unrelaxed_rank_004_alphafold2_ptm_model_5_seed_001.pdb,74.9548351648352,0.55046,0.85466,4
af_cluster_compar/KaiB/msas/KaiB_212_unrelaxed_rank_005_alphafold2_ptm_model_3_seed_001.pdb,69.11945054945058,0.85817,0.55476,4
af_cluster_compar/KaiB/msas/KaiB_197_unrelaxed_rank_001_alphafold2_ptm_model_3_seed_001.pdb,85.69483516483518,0.48954,0.76411,7
af_cluster_compar/KaiB/msas/KaiB_130_unrelaxed_rank_005_alphafold2_ptm_model_1_seed_001.pdb,62.190989010989014,0.72336,0.50087,4
af_cluster_compar/KaiB/msas/KaiB_117_unrelaxed_rank_005_alphafold2_ptm_model_4_seed_001.pdb,54.76593406593405,0.6006,0.55854,5
af_cluster_compar/KaiB/msas/KaiB_055_unrelaxed_rank_005_alphafold2_ptm_model_2_seed_001.pdb,55.011208791208794,0.60224,0.5387,4
af_cluster_compar/KaiB/msas/KaiB_147_unrelaxed_rank_003_alphafold2_ptm_model_5_seed_001.pdb,58.42274725274726,0.46097,0.66764,4
af_cluster_compar/KaiB/msas/KaiB_221_unrelaxed_rank_003_alphafold2_ptm_model_3_seed_001.pdb,73.42010989010986,0.84983,0.55347,4
af_cluster_compar/KaiB/msas/KaiB_224_unrelaxed_rank_004_alphafold2_ptm_model_2_seed_001.pdb,57.23120879120879,0.50317,0.6,6
af_cluster_compar/KaiB/msas/KaiB_053_unrelaxed_rank_005_alphafold2_ptm_model_2_seed_001.pdb,73.85153846153842,0.48913,0.77843,40
af_cluster_compar/KaiB/msas/KaiB_164_unrelaxed_rank_001_alphafold2_ptm_model_5_seed_001.pdb,89.14879120879124,0.49655,0.80977,33
af_cluster_compar/KaiB/msas/KaiB_099_unrelaxed_rank_003_alphafold2_ptm_model_5_seed_001.pdb,68.26087912087912,0.53326,0.82737,30
af_cluster_compar/KaiB/msas/KaiB_181_unrelaxed_rank_001_alphafold2_ptm_model_5_seed_001.pdb,90.0364835164835,0.48143,0.79699,10
af_cluster_compar/KaiB/msas/KaiB_195_unrelaxed_rank_002_alphafold2_ptm_model_4_seed_001.pdb,66.1410989010989,0.50026,0.79844,5
af_cluster_compar/KaiB/msas/KaiB_234_unrelaxed_rank_004_alphafold2_ptm_model_1_seed_001.pdb,59.602637362637374,0.51359,0.68268,8
af_cluster_compar/KaiB/msas/KaiB_123_unrelaxed_rank_004_alphafold2_ptm_model_1_seed_001.pdb,60.54142857142857,0.53079,0.73261,5
af_cluster_compar/KaiB/msas/KaiB_072_unrelaxed_rank_004_alphafold2_ptm_model_3_seed_001.pdb,56.72417582417585,0.53972,0.59415,4
af_cluster_compar/KaiB/msas/KaiB_226_unrelaxed_rank_004_alphafold2_ptm_model_2_seed_001.pdb,72.65087912087914,0.5402,0.791,5
af_cluster_compar/KaiB/msas/KaiB_007_unrelaxed_rank_005_alphafold2_ptm_model_1_seed_001.pdb,64.04450549450547,0.75717,0.49963,4
af_cluster_compar/KaiB/msas/KaiB_004_unrelaxed_rank_004_alphafold2_ptm_model_5_seed_001.pdb,47.78131868131871,0.50178,0.48549,5
af_cluster_compar/KaiB/msas/KaiB_141_unrelaxed_rank_004_alphafold2_ptm_model_5_seed_001.pdb,64.29241758241757,0.49687,0.73538,4
af_cluster_compar/KaiB/msas/KaiB_168_unrelaxed_rank_002_alphafold2_ptm_model_4_seed_001.pdb,59.47571428571428,0.576,0.53472,5
af_cluster_compar/KaiB/msas/KaiB_133_unrelaxed_rank_002_alphafold2_ptm_model_1_seed_001.pdb,57.38054945054946,0.48907,0.7015,8
af_cluster_compar/KaiB/msas/KaiB_175_unrelaxed_rank_004_alphafold2_ptm_model_2_seed_001.pdb,60.110879120879126,0.58893,0.55475,13
af_cluster_compar/KaiB/msas/KaiB_142_unrelaxed_rank_003_alphafold2_ptm_model_1_seed_001.pdb,64.40747252747249,0.51726,0.75001,7
af_cluster_compar/KaiB/msas/KaiB_041_unrelaxed_rank_001_alphafold2_ptm_model_1_seed_001.pdb,65.9234065934066,0.69834,0.54599,5
af_cluster_compar/KaiB/msas/KaiB_079_unrelaxed_rank_003_alphafold2_ptm_model_3_seed_001.pdb,57.75527472527474,0.55753,0.51448,4
af_cluster_compar/KaiB/msas/KaiB_225_unrelaxed_rank_005_alphafold2_ptm_model_2_seed_001.pdb,58.17153846153849,0.48915,0.63478,9
af_cluster_compar/KaiB/msas/KaiB_187_unrelaxed_rank_003_alphafold2_ptm_model_1_seed_001.pdb,69.79934065934066,0.64806,0.51363,10
af_cluster_compar/KaiB/msas/KaiB_136_unrelaxed_rank_003_alphafold2_ptm_model_1_seed_001.pdb,64.73450549450547,0.73372,0.51533,4
af_cluster_compar/KaiB/msas/KaiB_081_unrelaxed_rank_002_alphafold2_ptm_model_5_seed_001.pdb,76.88164835164837,0.49337,0.76141,9
af_cluster_compar/KaiB/msas/KaiB_145_unrelaxed_rank_001_alphafold2_ptm_model_5_seed_001.pdb,79.45208791208792,0.51283,0.83788,4
af_cluster_compar/KaiB/msas/KaiB_058_unrelaxed_rank_005_alphafold2_ptm_model_2_seed_001.pdb,59.09131868131868,0.60616,0.54851,8
af_cluster_compar/KaiB/msas/KaiB_015_unrelaxed_rank_001_alphafold2_ptm_model_5_seed_001.pdb,88.71241758241757,0.50597,0.82252,37
af_cluster_compar/KaiB/msas/KaiB_216_unrelaxed_rank_005_alphafold2_ptm_model_3_seed_001.pdb,64.26329670329669,0.70018,0.54173,5
af_cluster_compar/KaiB/msas/KaiB_236_unrelaxed_rank_004_alphafold2_ptm_model_3_seed_001.pdb,64.22516483516482,0.55703,0.52639,7
af_cluster_compar/KaiB/msas/KaiB_233_unrelaxed_rank_004_alphafold2_ptm_model_4_seed_001.pdb,76.58351648351648,0.54547,0.85437,4
af_cluster_compar/KaiB/msas/KaiB_097_unrelaxed_rank_001_alphafold2_ptm_model_3_seed_001.pdb,87.55153846153844,0.50957,0.81487,4
af_cluster_compar/KaiB/msas/KaiB_159_unrelaxed_rank_003_alphafold2_ptm_model_1_seed_001.pdb,86.13967032967032,0.48859,0.81647,9
af_cluster_compar/KaiB/msas/KaiB_244_unrelaxed_rank_003_alphafold2_ptm_model_5_seed_001.pdb,55.971868131868135,0.614,0.53565,4
af_cluster_compar/KaiB/msas/KaiB_175_unrelaxed_rank_002_alphafold2_ptm_model_3_seed_001.pdb,63.39043956043956,0.59395,0.58209,13
af_cluster_compar/KaiB/msas/KaiB_002_unrelaxed_rank_004_alphafold2_ptm_model_1_seed_001.pdb,65.59032967032968,0.76772,0.49689,6
af_cluster_compar/KaiB/msas/KaiB_222_unrelaxed_rank_001_alphafold2_ptm_model_4_seed_001.pdb,80.2867032967033,0.51189,0.84433,7
af_cluster_compar/KaiB/msas/KaiB_172_unrelaxed_rank_005_alphafold2_ptm_model_4_seed_001.pdb,71.92483516483517,0.45178,0.72852,10
af_cluster_compar/KaiB/msas/KaiB_216_unrelaxed_rank_001_alphafold2_ptm_model_5_seed_001.pdb,86.39175824175827,0.50255,0.79368,5
af_cluster_compar/KaiB/msas/KaiB_150_unrelaxed_rank_004_alphafold2_ptm_model_4_seed_001.pdb,70.9720879120879,0.84687,0.55359,4
af_cluster_compar/KaiB/msas/KaiB_204_unrelaxed_rank_003_alphafold2_ptm_model_4_seed_001.pdb,61.58142857142859,0.59532,0.54962,4
af_cluster_compar/KaiB/msas/KaiB_109_unrelaxed_rank_004_alphafold2_ptm_model_3_seed_001.pdb,65.89846153846152,0.64022,0.57905,46
af_cluster_compar/KaiB/msas/KaiB_134_unrelaxed_rank_001_alphafold2_ptm_model_3_seed_001.pdb,62.61813186813186,0.4574,0.64639,12
af_cluster_compar/KaiB/msas/KaiB_214_unrelaxed_rank_004_alphafold2_ptm_model_1_seed_001.pdb,53.88076923076924,0.53723,0.50673,4
af_cluster_compar/KaiB/msas/KaiB_157_unrelaxed_rank_004_alphafold2_ptm_model_2_seed_001.pdb,78.56846153846153,0.49402,0.78114,14
af_cluster_compar/KaiB/msas/KaiB_047_unrelaxed_rank_002_alphafold2_ptm_model_2_seed_001.pdb,53.779670329670296,0.47065,0.6724,8
af_cluster_compar/KaiB/msas/KaiB_068_unrelaxed_rank_005_alphafold2_ptm_model_4_seed_001.pdb,61.1543956043956,0.48708,0.62634,10
af_cluster_compar/KaiB/msas/KaiB_124_unrelaxed_rank_001_alphafold2_ptm_model_1_seed_001.pdb,85.9441758241758,0.49189,0.78988,9
af_cluster_compar/KaiB/msas/KaiB_065_unrelaxed_rank_005_alphafold2_ptm_model_5_seed_001.pdb,54.568021978022,0.53002,0.56065,6
af_cluster_compar/KaiB/msas/KaiB_165_unrelaxed_rank_004_alphafold2_ptm_model_2_seed_001.pdb,53.10395604395605,0.52913,0.47817,5
af_cluster_compar/KaiB/msas/KaiB_041_unrelaxed_rank_005_alphafold2_ptm_model_5_seed_001.pdb,57.681428571428576,0.74272,0.47948,5
af_cluster_compar/KaiB/msas/KaiB_076_unrelaxed_rank_003_alphafold2_ptm_model_3_seed_001.pdb,65.66956043956046,0.54043,0.75393,26
af_cluster_compar/KaiB/msas/KaiB_180_unrelaxed_rank_001_alphafold2_ptm_model_3_seed_001.pdb,78.45120879120878,0.54998,0.84263,4
af_cluster_compar/KaiB/msas/KaiB_034_unrelaxed_rank_001_alphafold2_ptm_model_4_seed_001.pdb,88.22967032967036,0.4924,0.79601,4
af_cluster_compar/KaiB/msas/KaiB_196_unrelaxed_rank_001_alphafold2_ptm_model_4_seed_001.pdb,85.03230769230768,0.48975,0.77198,11
af_cluster_compar/KaiB/msas/KaiB_004_unrelaxed_rank_005_alphafold2_ptm_model_2_seed_001.pdb,44.34802197802199,0.55203,0.48477,5
af_cluster_compar/KaiB/msas/KaiB_043_unrelaxed_rank_001_alphafold2_ptm_model_4_seed_001.pdb,82.2676923076923,0.49858,0.7692,21
af_cluster_compar/KaiB/msas/KaiB_032_unrelaxed_rank_004_alphafold2_ptm_model_4_seed_001.pdb,81.08582417582419,0.50692,0.85161,5
af_cluster_compar/KaiB/msas/KaiB_196_unrelaxed_rank_003_alphafold2_ptm_model_2_seed_001.pdb,84.22626373626376,0.48843,0.77064,11
af_cluster_compar/KaiB/msas/KaiB_068_unrelaxed_rank_003_alphafold2_ptm_model_5_seed_001.pdb,84.39219780219781,0.51874,0.77639,10
af_cluster_compar/KaiB/msas/KaiB_001_unrelaxed_rank_004_alphafold2_ptm_model_2_seed_001.pdb,87.38714285714282,0.49914,0.78969,2561
af_cluster_compar/KaiB/msas/KaiB_241_unrelaxed_rank_003_alphafold2_ptm_model_1_seed_001.pdb,67.75109890109889,0.49225,0.78994,4
af_cluster_compar/KaiB/msas/KaiB_080_unrelaxed_rank_005_alphafold2_ptm_model_2_seed_001.pdb,79.78373626373624,0.50768,0.82339,15
af_cluster_compar/KaiB/msas/KaiB_214_unrelaxed_rank_002_alphafold2_ptm_model_5_seed_001.pdb,57.72670329670327,0.54572,0.53151,4
af_cluster_compar/KaiB/msas/KaiB_051_unrelaxed_rank_002_alphafold2_ptm_model_5_seed_001.pdb,77.1664835164835,0.52964,0.86644,6
af_cluster_compar/KaiB/msas/KaiB_101_unrelaxed_rank_005_alphafold2_ptm_model_2_seed_001.pdb,49.365384615384606,0.54105,0.4566,5
af_cluster_compar/KaiB/msas/KaiB_197_unrelaxed_rank_004_alphafold2_ptm_model_2_seed_001.pdb,82.87406593406594,0.48868,0.7605,7
af_cluster_compar/KaiB/msas/KaiB_069_unrelaxed_rank_003_alphafold2_ptm_model_3_seed_001.pdb,61.999450549450565,0.67703,0.52997,5
af_cluster_compar/KaiB/msas/KaiB_050_unrelaxed_rank_005_alphafold2_ptm_model_3_seed_001.pdb,55.762087912087935,0.53779,0.44975,4
af_cluster_compar/KaiB/msas/KaiB_148_unrelaxed_rank_001_alphafold2_ptm_model_3_seed_001.pdb,57.06549450549453,0.57948,0.52286,5
af_cluster_compar/KaiB/msas/KaiB_143_unrelaxed_rank_003_alphafold2_ptm_model_5_seed_001.pdb,61.13505494505493,0.68526,0.54991,4
af_cluster_compar/KaiB/msas/KaiB_096_unrelaxed_rank_003_alphafold2_ptm_model_4_seed_001.pdb,54.00164835164835,0.58597,0.5508,4
af_cluster_compar/KaiB/msas/KaiB_001_unrelaxed_rank_001_alphafold2_ptm_model_4_seed_001.pdb,88.90802197802196,0.49749,0.78838,2561
af_cluster_compar/KaiB/msas/KaiB_104_unrelaxed_rank_003_alphafold2_ptm_model_2_seed_001.pdb,72.99142857142856,0.49847,0.7412,12
af_cluster_compar/KaiB/msas/KaiB_069_unrelaxed_rank_004_alphafold2_ptm_model_2_seed_001.pdb,57.40241758241759,0.56736,0.53576,5
af_cluster_compar/KaiB/msas/KaiB_074_unrelaxed_rank_004_alphafold2_ptm_model_1_seed_001.pdb,77.36230769230768,0.51215,0.84981,4
af_cluster_compar/KaiB/msas/KaiB_083_unrelaxed_rank_002_alphafold2_ptm_model_1_seed_001.pdb,69.16241758241758,0.53351,0.66006,6
af_cluster_compar/KaiB/msas/KaiB_139_unrelaxed_rank_005_alphafold2_ptm_model_3_seed_001.pdb,59.458461538461535,0.60019,0.53185,7
af_cluster_compar/KaiB/msas/KaiB_224_unrelaxed_rank_001_alphafold2_ptm_model_3_seed_001.pdb,58.554395604395594,0.56251,0.56613,6
af_cluster_compar/KaiB/msas/KaiB_163_unrelaxed_rank_001_alphafold2_ptm_model_2_seed_001.pdb,87.08604395604395,0.48432,0.75373,9
af_cluster_compar/KaiB/msas/KaiB_200_unrelaxed_rank_004_alphafold2_ptm_model_4_seed_001.pdb,74.19813186813185,0.53749,0.80075,13
af_cluster_compar/KaiB/msas/KaiB_000_unrelaxed_rank_001_alphafold2_ptm_model_3_seed_001.pdb,68.22120879120878,0.73051,0.56063,119
af_cluster_compar/KaiB/msas/KaiB_200_unrelaxed_rank_001_alphafold2_ptm_model_3_seed_001.pdb,88.59670329670328,0.49084,0.80396,13
af_cluster_compar/KaiB/msas/KaiB_126_unrelaxed_rank_002_alphafold2_ptm_model_3_seed_001.pdb,62.67868131868131,0.82055,0.57021,13
af_cluster_compar/KaiB/msas/KaiB_012_unrelaxed_rank_003_alphafold2_ptm_model_3_seed_001.pdb,66.0986813186813,0.7686,0.51343,5
af_cluster_compar/KaiB/msas/KaiB_052_unrelaxed_rank_001_alphafold2_ptm_model_3_seed_001.pdb,88.50175824175822,0.47517,0.80518,18
af_cluster_compar/KaiB/msas/KaiB_237_unrelaxed_rank_004_alphafold2_ptm_model_4_seed_001.pdb,59.98714285714286,0.60806,0.58431,4
af_cluster_compar/KaiB/msas/KaiB_185_unrelaxed_rank_002_alphafold2_ptm_model_4_seed_001.pdb,88.91604395604396,0.49013,0.78177,19
af_cluster_compar/KaiB/msas/KaiB_096_unrelaxed_rank_005_alphafold2_ptm_model_2_seed_001.pdb,46.25967032967033,0.54144,0.48039,4
af_cluster_compar/KaiB/msas/KaiB_188_unrelaxed_rank_002_alphafold2_ptm_model_5_seed_001.pdb,64.10593406593406,0.63071,0.54094,17
af_cluster_compar/KaiB/msas/KaiB_034_unrelaxed_rank_004_alphafold2_ptm_model_5_seed_001.pdb,87.2724175824176,0.49126,0.78865,4
af_cluster_compar/KaiB/msas/KaiB_225_unrelaxed_rank_002_alphafold2_ptm_model_3_seed_001.pdb,87.59967032967036,0.51061,0.81976,9
af_cluster_compar/KaiB/msas/KaiB_208_unrelaxed_rank_001_alphafold2_ptm_model_3_seed_001.pdb,61.273076923076935,0.58084,0.56666,5
af_cluster_compar/KaiB/msas/KaiB_027_unrelaxed_rank_001_alphafold2_ptm_model_2_seed_001.pdb,86.72032967032968,0.50491,0.81126,5
af_cluster_compar/KaiB/msas/KaiB_089_unrelaxed_rank_003_alphafold2_ptm_model_3_seed_001.pdb,69.01604395604397,0.50771,0.73164,4
af_cluster_compar/KaiB/msas/KaiB_062_unrelaxed_rank_004_alphafold2_ptm_model_2_seed_001.pdb,88.65098901098901,0.49513,0.82142,47
af_cluster_compar/KaiB/msas/KaiB_194_unrelaxed_rank_004_alphafold2_ptm_model_1_seed_001.pdb,77.22384615384614,0.91139,0.55307,13
af_cluster_compar/KaiB/msas/KaiB_242_unrelaxed_rank_001_alphafold2_ptm_model_1_seed_001.pdb,56.36593406593405,0.59232,0.5564,5
af_cluster_compar/KaiB/msas/KaiB_140_unrelaxed_rank_005_alphafold2_ptm_model_1_seed_001.pdb,78.68747252747251,0.49818,0.79642,15
af_cluster_compar/KaiB/msas/KaiB_142_unrelaxed_rank_004_alphafold2_ptm_model_2_seed_001.pdb,61.281318681318695,0.48777,0.66906,7
af_cluster_compar/KaiB/msas/KaiB_232_unrelaxed_rank_002_alphafold2_ptm_model_1_seed_001.pdb,60.68538461538459,0.59939,0.53367,4
af_cluster_compar/KaiB/msas/KaiB_199_unrelaxed_rank_003_alphafold2_ptm_model_5_seed_001.pdb,59.25868131868129,0.50789,0.6536,16
af_cluster_compar/KaiB/msas/KaiB_020_unrelaxed_rank_005_alphafold2_ptm_model_5_seed_001.pdb,88.13142857142857,0.49225,0.79195,59
af_cluster_compar/KaiB/msas/KaiB_116_unrelaxed_rank_001_alphafold2_ptm_model_2_seed_001.pdb,79.1887912087912,0.83399,0.53927,4
af_cluster_compar/KaiB/msas/KaiB_007_unrelaxed_rank_002_alphafold2_ptm_model_4_seed_001.pdb,81.49032967032969,0.9092,0.55464,4
af_cluster_compar/KaiB/msas/KaiB_170_unrelaxed_rank_003_alphafold2_ptm_model_2_seed_001.pdb,77.69626373626375,0.48838,0.76693,4
af_cluster_compar/KaiB/msas/KaiB_062_unrelaxed_rank_001_alphafold2_ptm_model_4_seed_001.pdb,90.58043956043957,0.52148,0.83714,47
af_cluster_compar/KaiB/msas/KaiB_196_unrelaxed_rank_005_alphafold2_ptm_model_5_seed_001.pdb,80.95373626373625,0.48947,0.77259,11
af_cluster_compar/KaiB/msas/KaiB_198_unrelaxed_rank_004_alphafold2_ptm_model_2_seed_001.pdb,65.06901098901099,0.73804,0.52418,6
af_cluster_compar/KaiB/msas/KaiB_116_unrelaxed_rank_002_alphafold2_ptm_model_3_seed_001.pdb,77.21395604395605,0.82192,0.54864,4
af_cluster_compar/KaiB/msas/KaiB_140_unrelaxed_rank_004_alphafold2_ptm_model_2_seed_001.pdb,81.69934065934068,0.49686,0.79072,15
af_cluster_compar/KaiB/msas/KaiB_076_unrelaxed_rank_005_alphafold2_ptm_model_4_seed_001.pdb,58.73989010989012,0.55741,0.5795,26
af_cluster_compar/KaiB/msas/KaiB_113_unrelaxed_rank_001_alphafold2_ptm_model_5_seed_001.pdb,66.86505494505495,0.50342,0.75431,4
af_cluster_compar/KaiB/msas/KaiB_044_unrelaxed_rank_002_alphafold2_ptm_model_3_seed_001.pdb,74.82043956043954,0.5411,0.69805,13
af_cluster_compar/KaiB/msas/KaiB_081_unrelaxed_rank_003_alphafold2_ptm_model_4_seed_001.pdb,76.21505494505492,0.49629,0.79497,9
af_cluster_compar/KaiB/msas/KaiB_095_unrelaxed_rank_001_alphafold2_ptm_model_5_seed_001.pdb,79.77142857142857,0.52797,0.86486,9
af_cluster_compar/KaiB/msas/KaiB_165_unrelaxed_rank_003_alphafold2_ptm_model_1_seed_001.pdb,55.30032967032965,0.59142,0.51823,5
af_cluster_compar/KaiB/msas/KaiB_222_unrelaxed_rank_005_alphafold2_ptm_model_1_seed_001.pdb,74.36824175824181,0.51843,0.79977,7
af_cluster_compar/KaiB/msas/KaiB_013_unrelaxed_rank_005_alphafold2_ptm_model_1_seed_001.pdb,57.26054945054944,0.57404,0.52664,12
af_cluster_compar/KaiB/msas/KaiB_004_unrelaxed_rank_001_alphafold2_ptm_model_3_seed_001.pdb,59.111428571428576,0.58026,0.50454,5
af_cluster_compar/KaiB/msas/KaiB_136_unrelaxed_rank_004_alphafold2_ptm_model_5_seed_001.pdb,62.93021978021983,0.77867,0.50901,4
af_cluster_compar/KaiB/msas/KaiB_014_unrelaxed_rank_002_alphafold2_ptm_model_2_seed_001.pdb,73.09802197802198,0.90468,0.55106,4
af_cluster_compar/KaiB/msas/KaiB_017_unrelaxed_rank_003_alphafold2_ptm_model_3_seed_001.pdb,89.97296703296702,0.48197,0.80565,137
af_cluster_compar/KaiB/msas/KaiB_149_unrelaxed_rank_005_alphafold2_ptm_model_4_seed_001.pdb,56.76527472527472,0.57781,0.57117,7
af_cluster_compar/KaiB/msas/KaiB_218_unrelaxed_rank_002_alphafold2_ptm_model_1_seed_001.pdb,59.57164835164836,0.52196,0.63923,4
af_cluster_compar/KaiB/msas/KaiB_161_unrelaxed_rank_005_alphafold2_ptm_model_5_seed_001.pdb,49.099120879120875,0.36253,0.38921,21
af_cluster_compar/KaiB/msas/KaiB_176_unrelaxed_rank_002_alphafold2_ptm_model_4_seed_001.pdb,62.018681318681324,0.80835,0.54869,5
af_cluster_compar/KaiB/msas/KaiB_008_unrelaxed_rank_005_alphafold2_ptm_model_4_seed_001.pdb,50.77450549450549,0.51121,0.66249,4
af_cluster_compar/KaiB/msas/KaiB_206_unrelaxed_rank_004_alphafold2_ptm_model_2_seed_001.pdb,59.863626373626346,0.59807,0.55589,4
af_cluster_compar/KaiB/msas/KaiB_222_unrelaxed_rank_003_alphafold2_ptm_model_2_seed_001.pdb,76.71560439560437,0.50566,0.77993,7
af_cluster_compar/KaiB/msas/KaiB_121_unrelaxed_rank_003_alphafold2_ptm_model_5_seed_001.pdb,50.35604395604394,0.57938,0.49517,6
af_cluster_compar/KaiB/msas/KaiB_223_unrelaxed_rank_003_alphafold2_ptm_model_2_seed_001.pdb,70.51472527472532,0.52739,0.79269,4
af_cluster_compar/KaiB/msas/KaiB_112_unrelaxed_rank_001_alphafold2_ptm_model_2_seed_001.pdb,69.86999999999998,0.53237,0.66032,4
af_cluster_compar/KaiB/msas/KaiB_110_unrelaxed_rank_002_alphafold2_ptm_model_4_seed_001.pdb,67.88604395604393,0.51205,0.71095,5
af_cluster_compar/KaiB/msas/KaiB_087_unrelaxed_rank_001_alphafold2_ptm_model_2_seed_001.pdb,69.08483516483518,0.48496,0.71535,5
af_cluster_compar/KaiB/msas/KaiB_177_unrelaxed_rank_002_alphafold2_ptm_model_2_seed_001.pdb,82.19527472527473,0.49569,0.76162,16
af_cluster_compar/KaiB/msas/KaiB_098_unrelaxed_rank_003_alphafold2_ptm_model_1_seed_001.pdb,77.08813186813188,0.52757,0.86135,6
af_cluster_compar/KaiB/msas/KaiB_216_unrelaxed_rank_002_alphafold2_ptm_model_2_seed_001.pdb,84.23384615384617,0.49214,0.74919,5
af_cluster_compar/KaiB/msas/KaiB_145_unrelaxed_rank_002_alphafold2_ptm_model_4_seed_001.pdb,79.1846153846154,0.49257,0.79656,4
af_cluster_compar/KaiB/msas/KaiB_038_unrelaxed_rank_001_alphafold2_ptm_model_3_seed_001.pdb,66.57901098901101,0.49685,0.63717,12
af_cluster_compar/KaiB/msas/KaiB_114_unrelaxed_rank_004_alphafold2_ptm_model_5_seed_001.pdb,76.39241758241756,0.48792,0.78669,13
af_cluster_compar/KaiB/msas/KaiB_093_unrelaxed_rank_002_alphafold2_ptm_model_2_seed_001.pdb,71.37945054945052,0.53038,0.79699,4
af_cluster_compar/KaiB/msas/KaiB_208_unrelaxed_rank_004_alphafold2_ptm_model_1_seed_001.pdb,57.14681318681318,0.58432,0.57372,5
af_cluster_compar/KaiB/msas/KaiB_198_unrelaxed_rank_003_alphafold2_ptm_model_3_seed_001.pdb,65.74285714285709,0.64595,0.49313,6
af_cluster_compar/KaiB/msas/KaiB_226_unrelaxed_rank_005_alphafold2_ptm_model_4_seed_001.pdb,66.80032967032967,0.50615,0.75634,5
af_cluster_compar/KaiB/msas/KaiB_206_unrelaxed_rank_003_alphafold2_ptm_model_4_seed_001.pdb,60.254065934065935,0.57491,0.55461,4
af_cluster_compar/KaiB/msas/KaiB_229_unrelaxed_rank_004_alphafold2_ptm_model_4_seed_001.pdb,81.08274725274725,0.5395,0.84647,35
af_cluster_compar/KaiB/msas/KaiB_067_unrelaxed_rank_001_alphafold2_ptm_model_3_seed_001.pdb,76.23923076923079,0.51368,0.7785,7
af_cluster_compar/KaiB/msas/KaiB_152_unrelaxed_rank_002_alphafold2_ptm_model_2_seed_001.pdb,71.77912087912087,0.80342,0.56899,7
af_cluster_compar/KaiB/msas/KaiB_238_unrelaxed_rank_005_alphafold2_ptm_model_3_seed_001.pdb,66.7012087912088,0.52812,0.69892,11
af_cluster_compar/KaiB/msas/KaiB_147_unrelaxed_rank_002_alphafold2_ptm_model_3_seed_001.pdb,60.95384615384616,0.49874,0.67856,4
af_cluster_compar/KaiB/msas/KaiB_228_unrelaxed_rank_003_alphafold2_ptm_model_3_seed_001.pdb,58.60296703296702,0.45894,0.65956,6
af_cluster_compar/KaiB/msas/KaiB_218_unrelaxed_rank_003_alphafold2_ptm_model_4_seed_001.pdb,57.657692307692315,0.52525,0.6022,4
af_cluster_compar/KaiB/msas/KaiB_023_unrelaxed_rank_004_alphafold2_ptm_model_5_seed_001.pdb,89.61032967032966,0.49072,0.80267,25
af_cluster_compar/KaiB/msas/KaiB_026_unrelaxed_rank_003_alphafold2_ptm_model_1_seed_001.pdb,86.39340659340658,0.50058,0.80137,5
af_cluster_compar/KaiB/msas/KaiB_017_unrelaxed_rank_002_alphafold2_ptm_model_1_seed_001.pdb,91.38505494505496,0.47127,0.79827,137
af_cluster_compar/KaiB/msas/KaiB_181_unrelaxed_rank_002_alphafold2_ptm_model_4_seed_001.pdb,88.61087912087912,0.49631,0.82323,10
af_cluster_compar/KaiB/msas/KaiB_156_unrelaxed_rank_003_alphafold2_ptm_model_1_seed_001.pdb,63.24857142857144,0.48127,0.6947,6
af_cluster_compar/KaiB/msas/KaiB_076_unrelaxed_rank_001_alphafold2_ptm_model_1_seed_001.pdb,82.72945054945055,0.4994,0.77437,26
af_cluster_compar/KaiB/msas/KaiB_139_unrelaxed_rank_003_alphafold2_ptm_model_1_seed_001.pdb,61.28439560439558,0.57122,0.70191,7
af_cluster_compar/KaiB/msas/KaiB_047_unrelaxed_rank_001_alphafold2_ptm_model_3_seed_001.pdb,58.463626373626376,0.4865,0.68645,8
af_cluster_compar/KaiB/msas/KaiB_122_unrelaxed_rank_002_alphafold2_ptm_model_1_seed_001.pdb,69.44857142857144,0.84804,0.55876,11
af_cluster_compar/KaiB/msas/KaiB_071_unrelaxed_rank_001_alphafold2_ptm_model_3_seed_001.pdb,63.916263736263744,0.56918,0.50592,4
af_cluster_compar/KaiB/msas/KaiB_141_unrelaxed_rank_003_alphafold2_ptm_model_4_seed_001.pdb,67.7168131868132,0.49656,0.71906,4
af_cluster_compar/KaiB/msas/KaiB_144_unrelaxed_rank_001_alphafold2_ptm_model_3_seed_001.pdb,63.05659340659339,0.56198,0.54853,5
af_cluster_compar/KaiB/msas/KaiB_046_unrelaxed_rank_003_alphafold2_ptm_model_4_seed_001.pdb,67.45956043956042,0.54958,0.61287,42
af_cluster_compar/KaiB/msas/KaiB_056_unrelaxed_rank_002_alphafold2_ptm_model_3_seed_001.pdb,68.34087912087911,0.52767,0.74515,10
af_cluster_compar/KaiB/msas/KaiB_186_unrelaxed_rank_002_alphafold2_ptm_model_1_seed_001.pdb,79.12912087912086,0.57823,0.64906,13
af_cluster_compar/KaiB/msas/KaiB_133_unrelaxed_rank_004_alphafold2_ptm_model_5_seed_001.pdb,48.83538461538459,0.4864,0.49451,8
af_cluster_compar/KaiB/msas/KaiB_087_unrelaxed_rank_005_alphafold2_ptm_model_1_seed_001.pdb,57.702197802197816,0.48355,0.64943,5
af_cluster_compar/KaiB/msas/KaiB_038_unrelaxed_rank_004_alphafold2_ptm_model_4_seed_001.pdb,59.966813186813205,0.4681,0.58436,12
af_cluster_compar/KaiB/msas/KaiB_177_unrelaxed_rank_004_alphafold2_ptm_model_1_seed_001.pdb,58.92208791208794,0.55451,0.56941,16
af_cluster_compar/KaiB/msas/KaiB_075_unrelaxed_rank_004_alphafold2_ptm_model_4_seed_001.pdb,59.932857142857145,0.48686,0.70837,9
af_cluster_compar/KaiB/msas/KaiB_203_unrelaxed_rank_004_alphafold2_ptm_model_5_seed_001.pdb,69.2582417582418,0.53601,0.80033,5
af_cluster_compar/KaiB/msas/KaiB_169_unrelaxed_rank_002_alphafold2_ptm_model_3_seed_001.pdb,65.0465934065934,0.50105,0.55703,7
af_cluster_compar/KaiB/msas/KaiB_023_unrelaxed_rank_002_alphafold2_ptm_model_2_seed_001.pdb,90.3084615384615,0.48812,0.80779,25
af_cluster_compar/KaiB/msas/KaiB_143_unrelaxed_rank_005_alphafold2_ptm_model_1_seed_001.pdb,46.27967032967034,0.55815,0.5179,4
af_cluster_compar/KaiB/msas/KaiB_159_unrelaxed_rank_002_alphafold2_ptm_model_5_seed_001.pdb,86.42296703296704,0.5009,0.83016,9
af_cluster_compar/KaiB/msas/KaiB_240_unrelaxed_rank_004_alphafold2_ptm_model_1_seed_001.pdb,78.52780219780222,0.52007,0.81291,4
af_cluster_compar/KaiB/msas/KaiB_220_unrelaxed_rank_003_alphafold2_ptm_model_3_seed_001.pdb,83.07703296703299,0.50743,0.78165,4
af_cluster_compar/KaiB/msas/KaiB_040_unrelaxed_rank_003_alphafold2_ptm_model_1_seed_001.pdb,85.13857142857142,0.48439,0.78958,6
af_cluster_compar/KaiB/msas/KaiB_140_unrelaxed_rank_001_alphafold2_ptm_model_4_seed_001.pdb,86.16802197802198,0.52877,0.82601,15
af_cluster_compar/KaiB/msas/KaiB_137_unrelaxed_rank_003_alphafold2_ptm_model_4_seed_001.pdb,69.97219780219781,0.85569,0.55752,4
af_cluster_compar/KaiB/msas/KaiB_120_unrelaxed_rank_002_alphafold2_ptm_model_5_seed_001.pdb,77.36384615384615,0.48564,0.7407,33
af_cluster_compar/KaiB/msas/KaiB_025_unrelaxed_rank_001_alphafold2_ptm_model_3_seed_001.pdb,84.57197802197804,0.91281,0.55454,4
af_cluster_compar/KaiB/msas/KaiB_153_unrelaxed_rank_002_alphafold2_ptm_model_3_seed_001.pdb,85.98714285714286,0.49356,0.76989,18
af_cluster_compar/KaiB/msas/KaiB_199_unrelaxed_rank_005_alphafold2_ptm_model_2_seed_001.pdb,55.427032967032964,0.58022,0.57009,16
af_cluster_compar/KaiB/msas/KaiB_206_unrelaxed_rank_002_alphafold2_ptm_model_5_seed_001.pdb,60.41109890109891,0.60535,0.5695,4
af_cluster_compar/KaiB/msas/KaiB_126_unrelaxed_rank_001_alphafold2_ptm_model_5_seed_001.pdb,63.359340659340674,0.8666,0.56138,13
af_cluster_compar/KaiB/msas/KaiB_230_unrelaxed_rank_003_alphafold2_ptm_model_1_seed_001.pdb,75.46923076923075,0.53652,0.84948,19
af_cluster_compar/KaiB/msas/KaiB_094_unrelaxed_rank_004_alphafold2_ptm_model_2_seed_001.pdb,58.14824175824177,0.51176,0.77261,13
af_cluster_compar/KaiB/msas/KaiB_184_unrelaxed_rank_004_alphafold2_ptm_model_3_seed_001.pdb,60.539560439560425,0.44272,0.61309,5
af_cluster_compar/KaiB/msas/KaiB_130_unrelaxed_rank_003_alphafold2_ptm_model_2_seed_001.pdb,65.45472527472526,0.78149,0.50202,4
af_cluster_compar/KaiB/msas/KaiB_218_unrelaxed_rank_004_alphafold2_ptm_model_5_seed_001.pdb,56.31527472527475,0.52571,0.59174,4
af_cluster_compar/KaiB/msas/KaiB_157_unrelaxed_rank_005_alphafold2_ptm_model_4_seed_001.pdb,77.45351648351648,0.50085,0.78658,14
af_cluster_compar/KaiB/msas/KaiB_087_unrelaxed_rank_003_alphafold2_ptm_model_4_seed_001.pdb,62.326923076923066,0.50704,0.54312,5
af_cluster_compar/KaiB/msas/KaiB_142_unrelaxed_rank_001_alphafold2_ptm_model_5_seed_001.pdb,85.36736263736265,0.49612,0.77341,7
af_cluster_compar/KaiB/msas/KaiB_203_unrelaxed_rank_003_alphafold2_ptm_model_2_seed_001.pdb,76.06703296703296,0.52925,0.83915,5
af_cluster_compar/KaiB/msas/KaiB_017_unrelaxed_rank_001_alphafold2_ptm_model_2_seed_001.pdb,91.96109890109891,0.48351,0.78301,137
af_cluster_compar/KaiB/msas/KaiB_158_unrelaxed_rank_003_alphafold2_ptm_model_5_seed_001.pdb,53.85582417582419,0.53517,0.58456,5
af_cluster_compar/KaiB/msas/KaiB_077_unrelaxed_rank_002_alphafold2_ptm_model_5_seed_001.pdb,61.43879120879115,0.50086,0.70096,6
af_cluster_compar/KaiB/msas/KaiB_164_unrelaxed_rank_004_alphafold2_ptm_model_1_seed_001.pdb,71.60769230769232,0.49518,0.67807,33
af_cluster_compar/KaiB/msas/KaiB_094_unrelaxed_rank_002_alphafold2_ptm_model_5_seed_001.pdb,67.2797802197802,0.51888,0.82469,13
af_cluster_compar/KaiB/msas/KaiB_058_unrelaxed_rank_002_alphafold2_ptm_model_5_seed_001.pdb,61.45714285714289,0.60131,0.56356,8
af_cluster_compar/KaiB/msas/KaiB_226_unrelaxed_rank_001_alphafold2_ptm_model_3_seed_001.pdb,77.03901098901099,0.5527,0.85316,5
af_cluster_compar/KaiB/msas/KaiB_006_unrelaxed_rank_004_alphafold2_ptm_model_1_seed_001.pdb,62.13461538461537,0.72143,0.46613,4
af_cluster_compar/KaiB/msas/KaiB_238_unrelaxed_rank_004_alphafold2_ptm_model_1_seed_001.pdb,69.15758241758242,0.82706,0.55746,11
af_cluster_compar/KaiB/msas/KaiB_154_unrelaxed_rank_001_alphafold2_ptm_model_2_seed_001.pdb,84.46824175824175,0.48877,0.75674,9
af_cluster_compar/KaiB/msas/KaiB_190_unrelaxed_rank_001_alphafold2_ptm_model_2_seed_001.pdb,88.2018681318681,0.48977,0.81322,5
af_cluster_compar/KaiB/msas/KaiB_235_unrelaxed_rank_003_alphafold2_ptm_model_4_seed_001.pdb,70.54912087912088,0.49861,0.77435,7
af_cluster_compar/KaiB/msas/KaiB_152_unrelaxed_rank_003_alphafold2_ptm_model_1_seed_001.pdb,68.6110989010989,0.82099,0.56527,7
af_cluster_compar/KaiB/msas/KaiB_011_unrelaxed_rank_001_alphafold2_ptm_model_1_seed_001.pdb,91.14538461538461,0.48504,0.80695,55
af_cluster_compar/KaiB/msas/KaiB_003_unrelaxed_rank_005_alphafold2_ptm_model_4_seed_001.pdb,61.80527472527472,0.78533,0.56965,8
af_cluster_compar/KaiB/msas/KaiB_213_unrelaxed_rank_003_alphafold2_ptm_model_3_seed_001.pdb,90.19989010989008,0.51732,0.89063,17
af_cluster_compar/KaiB/msas/KaiB_069_unrelaxed_rank_005_alphafold2_ptm_model_4_seed_001.pdb,55.70879120879121,0.57781,0.55295,5
af_cluster_compar/KaiB/msas/KaiB_054_unrelaxed_rank_002_alphafold2_ptm_model_5_seed_001.pdb,75.45560439560438,0.50058,0.77944,14
af_cluster_compar/KaiB/msas/KaiB_016_unrelaxed_rank_002_alphafold2_ptm_model_1_seed_001.pdb,88.64384615384614,0.4944,0.79753,232
af_cluster_compar/KaiB/msas/KaiB_227_unrelaxed_rank_002_alphafold2_ptm_model_4_seed_001.pdb,82.58351648351649,0.48989,0.75901,13
af_cluster_compar/KaiB/msas/KaiB_016_unrelaxed_rank_005_alphafold2_ptm_model_4_seed_001.pdb,63.62934065934068,0.52488,0.75554,232
af_cluster_compar/KaiB/msas/KaiB_166_unrelaxed_rank_003_alphafold2_ptm_model_2_seed_001.pdb,64.69857142857144,0.68721,0.5452,4
af_cluster_compar/KaiB/msas/KaiB_245_unrelaxed_rank_004_alphafold2_ptm_model_5_seed_001.pdb,71.12692307692308,0.49223,0.77382,8
af_cluster_compar/KaiB/msas/KaiB_100_unrelaxed_rank_005_alphafold2_ptm_model_3_seed_001.pdb,61.51527472527473,0.57858,0.52962,6
af_cluster_compar/KaiB/msas/KaiB_088_unrelaxed_rank_002_alphafold2_ptm_model_1_seed_001.pdb,78.66923076923075,0.51676,0.84226,4
af_cluster_compar/KaiB/msas/KaiB_094_unrelaxed_rank_003_alphafold2_ptm_model_3_seed_001.pdb,62.4342857142857,0.49975,0.7466,13
af_cluster_compar/KaiB/msas/KaiB_211_unrelaxed_rank_002_alphafold2_ptm_model_4_seed_001.pdb,60.286043956043976,0.49364,0.57457,4
af_cluster_compar/KaiB/msas/KaiB_190_unrelaxed_rank_003_alphafold2_ptm_model_1_seed_001.pdb,86.57120879120882,0.48624,0.81611,5
af_cluster_compar/KaiB/msas/KaiB_162_unrelaxed_rank_002_alphafold2_ptm_model_3_seed_001.pdb,58.08142857142857,0.55351,0.52472,5
af_cluster_compar/KaiB/msas/KaiB_145_unrelaxed_rank_003_alphafold2_ptm_model_1_seed_001.pdb,69.77076923076925,0.49067,0.75601,4
af_cluster_compar/KaiB/msas/KaiB_187_unrelaxed_rank_005_alphafold2_ptm_model_5_seed_001.pdb,66.65461538461537,0.64556,0.49806,10
af_cluster_compar/KaiB/msas/KaiB_240_unrelaxed_rank_005_alphafold2_ptm_model_2_seed_001.pdb,74.21065934065936,0.54464,0.83285,4
af_cluster_compar/KaiB/msas/KaiB_156_unrelaxed_rank_002_alphafold2_ptm_model_2_seed_001.pdb,64.15956043956045,0.50274,0.70032,6
af_cluster_compar/KaiB/msas/KaiB_112_unrelaxed_rank_005_alphafold2_ptm_model_5_seed_001.pdb,51.85032967032969,0.44465,0.42394,4
af_cluster_compar/KaiB/msas/KaiB_055_unrelaxed_rank_002_alphafold2_ptm_model_5_seed_001.pdb,57.24351648351647,0.5717,0.50325,4
af_cluster_compar/KaiB/msas/KaiB_060_unrelaxed_rank_003_alphafold2_ptm_model_1_seed_001.pdb,57.903406593406565,0.45959,0.61582,5
af_cluster_compar/KaiB/msas/KaiB_195_unrelaxed_rank_005_alphafold2_ptm_model_2_seed_001.pdb,57.9010989010989,0.57229,0.56164,5
af_cluster_compar/KaiB/msas/KaiB_044_unrelaxed_rank_001_alphafold2_ptm_model_5_seed_001.pdb,88.68329670329669,0.48348,0.79498,13
af_cluster_compar/KaiB/msas/KaiB_207_unrelaxed_rank_004_alphafold2_ptm_model_1_seed_001.pdb,71.27098901098903,0.84563,0.54698,5
af_cluster_compar/KaiB/msas/KaiB_221_unrelaxed_rank_004_alphafold2_ptm_model_1_seed_001.pdb,71.9792307692308,0.83511,0.56295,4
af_cluster_compar/KaiB/msas/KaiB_140_unrelaxed_rank_003_alphafold2_ptm_model_3_seed_001.pdb,81.8412087912088,0.52445,0.81287,15
af_cluster_compar/KaiB/msas/KaiB_058_unrelaxed_rank_003_alphafold2_ptm_model_3_seed_001.pdb,59.825494505494525,0.6261,0.56745,8
af_cluster_compar/KaiB/msas/KaiB_078_unrelaxed_rank_004_alphafold2_ptm_model_5_seed_001.pdb,87.14076923076921,0.51908,0.76386,13
af_cluster_compar/KaiB/msas/KaiB_243_unrelaxed_rank_005_alphafold2_ptm_model_1_seed_001.pdb,56.361428571428554,0.62219,0.53761,4
af_cluster_compar/KaiB/msas/KaiB_205_unrelaxed_rank_001_alphafold2_ptm_model_5_seed_001.pdb,56.65472527472525,0.62886,0.57046,4
af_cluster_compar/KaiB/msas/KaiB_062_unrelaxed_rank_003_alphafold2_ptm_model_1_seed_001.pdb,89.02142857142854,0.49345,0.81769,47
af_cluster_compar/KaiB/msas/KaiB_137_unrelaxed_rank_001_alphafold2_ptm_model_1_seed_001.pdb,78.39813186813188,0.92234,0.53492,4
af_cluster_compar/KaiB/msas/KaiB_084_unrelaxed_rank_004_alphafold2_ptm_model_2_seed_001.pdb,70.98142857142858,0.4933,0.79976,7
af_cluster_compar/KaiB/msas/KaiB_151_unrelaxed_rank_005_alphafold2_ptm_model_5_seed_001.pdb,62.93912087912087,0.53845,0.65998,6
af_cluster_compar/KaiB/msas/KaiB_010_unrelaxed_rank_001_alphafold2_ptm_model_4_seed_001.pdb,65.9512087912088,0.6431,0.52432,5
af_cluster_compar/KaiB/msas/KaiB_172_unrelaxed_rank_002_alphafold2_ptm_model_1_seed_001.pdb,84.97032967032965,0.51433,0.86434,10
af_cluster_compar/KaiB/msas/KaiB_092_unrelaxed_rank_003_alphafold2_ptm_model_2_seed_001.pdb,63.033846153846156,0.71463,0.55411,4
af_cluster_compar/KaiB/msas/KaiB_133_unrelaxed_rank_003_alphafold2_ptm_model_4_seed_001.pdb,51.766373626373635,0.45899,0.71826,8
af_cluster_compar/KaiB/msas/KaiB_060_unrelaxed_rank_002_alphafold2_ptm_model_3_seed_001.pdb,59.58065934065935,0.41483,0.58499,5
af_cluster_compar/KaiB/msas/KaiB_114_unrelaxed_rank_001_alphafold2_ptm_model_3_seed_001.pdb,80.51241758241756,0.48802,0.74651,13
af_cluster_compar/KaiB/msas/KaiB_229_unrelaxed_rank_002_alphafold2_ptm_model_2_seed_001.pdb,83.98538461538463,0.51196,0.82957,35
af_cluster_compar/KaiB/msas/KaiB_072_unrelaxed_rank_001_alphafold2_ptm_model_2_seed_001.pdb,73.58714285714284,0.84019,0.56321,4
af_cluster_compar/KaiB/msas/KaiB_102_unrelaxed_rank_003_alphafold2_ptm_model_3_seed_001.pdb,71.19494505494508,0.52999,0.69104,17
af_cluster_compar/KaiB/msas/KaiB_176_unrelaxed_rank_001_alphafold2_ptm_model_3_seed_001.pdb,63.98923076923077,0.78155,0.53284,5
af_cluster_compar/KaiB/msas/KaiB_237_unrelaxed_rank_005_alphafold2_ptm_model_2_seed_001.pdb,57.84351648351649,0.60677,0.55209,4
af_cluster_compar/KaiB/msas/KaiB_033_unrelaxed_rank_002_alphafold2_ptm_model_5_seed_001.pdb,66.71461538461537,0.64076,0.49991,7
af_cluster_compar/KaiB/msas/KaiB_169_unrelaxed_rank_001_alphafold2_ptm_model_2_seed_001.pdb,85.3557142857143,0.52807,0.81341,7
af_cluster_compar/KaiB/msas/KaiB_105_unrelaxed_rank_004_alphafold2_ptm_model_5_seed_001.pdb,69.3598901098901,0.53324,0.81375,5
af_cluster_compar/KaiB/msas/KaiB_000_unrelaxed_rank_004_alphafold2_ptm_model_1_seed_001.pdb,61.15967032967035,0.71859,0.53052,119
af_cluster_compar/KaiB/msas/KaiB_054_unrelaxed_rank_005_alphafold2_ptm_model_3_seed_001.pdb,65.19703296703295,0.59415,0.56217,14
af_cluster_compar/KaiB/msas/KaiB_117_unrelaxed_rank_002_alphafold2_ptm_model_1_seed_001.pdb,62.25241758241758,0.74101,0.53188,5
af_cluster_compar/KaiB/msas/KaiB_131_unrelaxed_rank_004_alphafold2_ptm_model_1_seed_001.pdb,62.43923076923079,0.72704,0.54973,4
af_cluster_compar/KaiB/msas/KaiB_089_unrelaxed_rank_001_alphafold2_ptm_model_1_seed_001.pdb,72.05967032967031,0.49731,0.72089,4
af_cluster_compar/KaiB/msas/KaiB_015_unrelaxed_rank_002_alphafold2_ptm_model_2_seed_001.pdb,73.4418681318681,0.49814,0.75632,37
af_cluster_compar/KaiB/msas/KaiB_036_unrelaxed_rank_003_alphafold2_ptm_model_4_seed_001.pdb,67.3414285714286,0.74549,0.49534,5
af_cluster_compar/KaiB/msas/KaiB_156_unrelaxed_rank_001_alphafold2_ptm_model_5_seed_001.pdb,65.96923076923078,0.53332,0.77759,6
af_cluster_compar/KaiB/msas/KaiB_233_unrelaxed_rank_002_alphafold2_ptm_model_1_seed_001.pdb,78.64021978021981,0.54563,0.83348,4
af_cluster_compar/KaiB/msas/KaiB_076_unrelaxed_rank_004_alphafold2_ptm_model_2_seed_001.pdb,60.72593406593411,0.51126,0.62723,26
af_cluster_compar/KaiB/msas/KaiB_064_unrelaxed_rank_001_alphafold2_ptm_model_5_seed_001.pdb,86.65043956043958,0.49479,0.78174,7
af_cluster_compar/KaiB/msas/KaiB_209_unrelaxed_rank_005_alphafold2_ptm_model_2_seed_001.pdb,58.53175824175827,0.58138,0.5712,6
af_cluster_compar/KaiB/msas/KaiB_202_unrelaxed_rank_005_alphafold2_ptm_model_2_seed_001.pdb,58.24538461538464,0.47095,0.62218,6
af_cluster_compar/KaiB/msas/KaiB_099_unrelaxed_rank_002_alphafold2_ptm_model_2_seed_001.pdb,75.63054945054944,0.51078,0.80419,30
af_cluster_compar/KaiB/msas/KaiB_166_unrelaxed_rank_001_alphafold2_ptm_model_4_seed_001.pdb,66.25362637362633,0.65229,0.53856,4
af_cluster_compar/KaiB/msas/KaiB_169_unrelaxed_rank_005_alphafold2_ptm_model_4_seed_001.pdb,53.42901098901099,0.5228,0.5591,7
af_cluster_compar/KaiB/msas/KaiB_061_unrelaxed_rank_002_alphafold2_ptm_model_2_seed_001.pdb,70.52967032967035,0.55315,0.80399,4
af_cluster_compar/KaiB/msas/KaiB_073_unrelaxed_rank_001_alphafold2_ptm_model_3_seed_001.pdb,69.91483516483517,0.51851,0.73236,5
af_cluster_compar/KaiB/msas/KaiB_024_unrelaxed_rank_003_alphafold2_ptm_model_3_seed_001.pdb,78.22637362637361,0.54942,0.82888,5
af_cluster_compar/KaiB/msas/KaiB_078_unrelaxed_rank_005_alphafold2_ptm_model_1_seed_001.pdb,86.52285714285712,0.5131,0.7703,13
af_cluster_compar/KaiB/msas/KaiB_148_unrelaxed_rank_005_alphafold2_ptm_model_2_seed_001.pdb,45.45835164835168,0.47956,0.45277,5
af_cluster_compar/KaiB/msas/KaiB_036_unrelaxed_rank_004_alphafold2_ptm_model_2_seed_001.pdb,65.67054945054946,0.76778,0.5143,5
af_cluster_compar/KaiB/msas/KaiB_123_unrelaxed_rank_005_alphafold2_ptm_model_3_seed_001.pdb,58.892637362637366,0.63092,0.56524,5
af_cluster_compar/KaiB/msas/KaiB_020_unrelaxed_rank_001_alphafold2_ptm_model_4_seed_001.pdb,91.85989010989012,0.50707,0.82206,59
af_cluster_compar/KaiB/msas/KaiB_185_unrelaxed_rank_005_alphafold2_ptm_model_3_seed_001.pdb,86.3586813186813,0.49219,0.79319,19
af_cluster_compar/KaiB/msas/KaiB_193_unrelaxed_rank_003_alphafold2_ptm_model_1_seed_001.pdb,79.72703296703298,0.53469,0.86225,6
af_cluster_compar/KaiB/msas/KaiB_211_unrelaxed_rank_003_alphafold2_ptm_model_1_seed_001.pdb,60.09659340659343,0.54429,0.70645,4
af_cluster_compar/KaiB/msas/KaiB_110_unrelaxed_rank_001_alphafold2_ptm_model_5_seed_001.pdb,76.31032967032966,0.48136,0.81023,5
af_cluster_compar/KaiB/msas/KaiB_173_unrelaxed_rank_004_alphafold2_ptm_model_5_seed_001.pdb,57.17967032967035,0.50115,0.70398,4
af_cluster_compar/KaiB/msas/KaiB_015_unrelaxed_rank_005_alphafold2_ptm_model_4_seed_001.pdb,61.08142857142858,0.53348,0.73599,37
af_cluster_compar/KaiB/msas/KaiB_159_unrelaxed_rank_004_alphafold2_ptm_model_3_seed_001.pdb,85.90142857142855,0.52379,0.88888,9
af_cluster_compar/KaiB/msas/KaiB_050_unrelaxed_rank_004_alphafold2_ptm_model_2_seed_001.pdb,56.61186813186813,0.51001,0.42732,4
af_cluster_compar/KaiB/msas/KaiB_193_unrelaxed_rank_005_alphafold2_ptm_model_4_seed_001.pdb,71.52065934065934,0.54649,0.82287,6
af_cluster_compar/KaiB/msas/KaiB_176_unrelaxed_rank_003_alphafold2_ptm_model_5_seed_001.pdb,54.47615384615384,0.58928,0.53692,5
af_cluster_compar/KaiB/msas/KaiB_022_unrelaxed_rank_001_alphafold2_ptm_model_2_seed_001.pdb,83.07395604395602,0.48837,0.75966,57
af_cluster_compar/KaiB/msas/KaiB_241_unrelaxed_rank_002_alphafold2_ptm_model_5_seed_001.pdb,75.15208791208791,0.54069,0.85224,4
af_cluster_compar/KaiB/msas/KaiB_246_unrelaxed_rank_005_alphafold2_ptm_model_2_seed_001.pdb,51.41252747252749,0.60691,0.55739,6
af_cluster_compar/KaiB/msas/KaiB_224_unrelaxed_rank_003_alphafold2_ptm_model_5_seed_001.pdb,57.26285714285714,0.4849,0.67099,6
af_cluster_compar/KaiB/msas/KaiB_218_unrelaxed_rank_001_alphafold2_ptm_model_3_seed_001.pdb,63.95538461538461,0.52628,0.62249,4
af_cluster_compar/KaiB/msas/KaiB_072_unrelaxed_rank_005_alphafold2_ptm_model_4_seed_001.pdb,56.61725274725277,0.51779,0.65901,4
af_cluster_compar/KaiB/msas/KaiB_143_unrelaxed_rank_001_alphafold2_ptm_model_4_seed_001.pdb,67.87142857142857,0.68106,0.53766,4
af_cluster_compar/KaiB/msas/KaiB_043_unrelaxed_rank_004_alphafold2_ptm_model_5_seed_001.pdb,58.77813186813185,0.53144,0.61871,21
af_cluster_compar/KaiB/msas/KaiB_155_unrelaxed_rank_001_alphafold2_ptm_model_4_seed_001.pdb,72.12021978021977,0.83624,0.53409,7
af_cluster_compar/KaiB/msas/KaiB_183_unrelaxed_rank_003_alphafold2_ptm_model_2_seed_001.pdb,64.19329670329671,0.52224,0.71616,4
af_cluster_compar/KaiB/msas/KaiB_146_unrelaxed_rank_002_alphafold2_ptm_model_2_seed_001.pdb,74.03406593406592,0.85502,0.54587,4
af_cluster_compar/KaiB/msas/KaiB_125_unrelaxed_rank_004_alphafold2_ptm_model_2_seed_001.pdb,60.926703296703295,0.74083,0.55596,6
af_cluster_compar/KaiB/msas/KaiB_205_unrelaxed_rank_004_alphafold2_ptm_model_2_seed_001.pdb,54.49516483516483,0.5588,0.53939,4
af_cluster_compar/KaiB/msas/KaiB_189_unrelaxed_rank_004_alphafold2_ptm_model_1_seed_001.pdb,59.561538461538476,0.51922,0.5863,10
af_cluster_compar/KaiB/msas/KaiB_190_unrelaxed_rank_004_alphafold2_ptm_model_4_seed_001.pdb,85.18065934065936,0.49118,0.81639,5
af_cluster_compar/KaiB/msas/KaiB_149_unrelaxed_rank_004_alphafold2_ptm_model_2_seed_001.pdb,57.627582417582445,0.48715,0.56156,7
af_cluster_compar/KaiB/msas/KaiB_063_unrelaxed_rank_004_alphafold2_ptm_model_2_seed_001.pdb,54.6535164835165,0.42461,0.59685,4
af_cluster_compar/KaiB/msas/KaiB_154_unrelaxed_rank_005_alphafold2_ptm_model_3_seed_001.pdb,70.05032967032969,0.48358,0.59305,9
af_cluster_compar/KaiB/msas/KaiB_035_unrelaxed_rank_001_alphafold2_ptm_model_1_seed_001.pdb,65.59835164835165,0.77243,0.52016,11
af_cluster_compar/KaiB/msas/KaiB_032_unrelaxed_rank_003_alphafold2_ptm_model_3_seed_001.pdb,82.87010989010989,0.52586,0.8306,5
af_cluster_compar/KaiB/msas/KaiB_109_unrelaxed_rank_005_alphafold2_ptm_model_1_seed_001.pdb,63.88769230769233,0.83718,0.57097,46
af_cluster_compar/KaiB/msas/KaiB_050_unrelaxed_rank_002_alphafold2_ptm_model_4_seed_001.pdb,67.4810989010989,0.50394,0.76627,4
af_cluster_compar/KaiB/msas/KaiB_232_unrelaxed_rank_003_alphafold2_ptm_model_4_seed_001.pdb,56.362637362637365,0.61813,0.5644,4
af_cluster_compar/KaiB/msas/KaiB_153_unrelaxed_rank_005_alphafold2_ptm_model_5_seed_001.pdb,78.61747252747253,0.48919,0.74498,18
af_cluster_compar/KaiB/msas/KaiB_090_unrelaxed_rank_004_alphafold2_ptm_model_2_seed_001.pdb,76.5687912087912,0.53483,0.84624,8
af_cluster_compar/KaiB/msas/KaiB_217_unrelaxed_rank_003_alphafold2_ptm_model_4_seed_001.pdb,55.03626373626372,0.51894,0.55526,6
af_cluster_compar/KaiB/msas/KaiB_182_unrelaxed_rank_005_alphafold2_ptm_model_1_seed_001.pdb,52.301978021978016,0.49291,0.70051,6
af_cluster_compar/KaiB/msas/KaiB_016_unrelaxed_rank_003_alphafold2_ptm_model_3_seed_001.pdb,86.74857142857142,0.49994,0.80654,232
af_cluster_compar/KaiB/msas/KaiB_219_unrelaxed_rank_004_alphafold2_ptm_model_4_seed_001.pdb,58.10043956043953,0.48847,0.70262,4
af_cluster_compar/KaiB/msas/KaiB_051_unrelaxed_rank_001_alphafold2_ptm_model_3_seed_001.pdb,83.73978021978024,0.52045,0.88015,6
af_cluster_compar/KaiB/msas/KaiB_180_unrelaxed_rank_003_alphafold2_ptm_model_2_seed_001.pdb,76.21846153846155,0.54947,0.83469,4
af_cluster_compar/KaiB/msas/KaiB_071_unrelaxed_rank_004_alphafold2_ptm_model_2_seed_001.pdb,46.48043956043957,0.55998,0.46274,4
af_cluster_compar/KaiB/msas/KaiB_238_unrelaxed_rank_002_alphafold2_ptm_model_5_seed_001.pdb,73.59989010989008,0.52962,0.84956,11
af_cluster_compar/KaiB/msas/KaiB_148_unrelaxed_rank_004_alphafold2_ptm_model_5_seed_001.pdb,52.95967032967034,0.56149,0.54944,5
af_cluster_compar/KaiB/msas/KaiB_107_unrelaxed_rank_003_alphafold2_ptm_model_5_seed_001.pdb,72.53846153846153,0.5429,0.84479,4
af_cluster_compar/KaiB/msas/KaiB_160_unrelaxed_rank_004_alphafold2_ptm_model_4_seed_001.pdb,62.0013186813187,0.75098,0.50972,22
af_cluster_compar/KaiB/msas/KaiB_235_unrelaxed_rank_005_alphafold2_ptm_model_2_seed_001.pdb,57.7668131868132,0.60119,0.55894,7
af_cluster_compar/KaiB/msas/KaiB_085_unrelaxed_rank_002_alphafold2_ptm_model_2_seed_001.pdb,67.41967032967028,0.47587,0.5529,8
af_cluster_compar/KaiB/msas/KaiB_049_unrelaxed_rank_002_alphafold2_ptm_model_4_seed_001.pdb,63.32450549450551,0.593,0.58712,8
af_cluster_compar/KaiB/msas/KaiB_085_unrelaxed_rank_001_alphafold2_ptm_model_1_seed_001.pdb,71.16483516483517,0.47001,0.5392,8
af_cluster_compar/KaiB/msas/KaiB_240_unrelaxed_rank_002_alphafold2_ptm_model_3_seed_001.pdb,84.57109890109889,0.53231,0.85216,4
af_cluster_compar/KaiB/msas/KaiB_104_unrelaxed_rank_004_alphafold2_ptm_model_4_seed_001.pdb,72.92736263736263,0.49845,0.76329,12
af_cluster_compar/KaiB/msas/KaiB_216_unrelaxed_rank_004_alphafold2_ptm_model_4_seed_001.pdb,78.85098901098898,0.49652,0.75878,5
af_cluster_compar/KaiB/msas/KaiB_240_unrelaxed_rank_001_alphafold2_ptm_model_4_seed_001.pdb,84.99032967032969,0.52294,0.86423,4
af_cluster_compar/KaiB/msas/KaiB_057_unrelaxed_rank_005_alphafold2_ptm_model_2_seed_001.pdb,58.15428571428571,0.57076,0.56754,10
af_cluster_compar/KaiB/msas/KaiB_212_unrelaxed_rank_002_alphafold2_ptm_model_4_seed_001.pdb,73.83351648351646,0.53922,0.83345,4
af_cluster_compar/KaiB/msas/KaiB_182_unrelaxed_rank_002_alphafold2_ptm_model_5_seed_001.pdb,61.64978021978019,0.85446,0.55965,6
af_cluster_compar/KaiB/msas/KaiB_055_unrelaxed_rank_003_alphafold2_ptm_model_4_seed_001.pdb,56.4159340659341,0.61469,0.54806,4
af_cluster_compar/KaiB/msas/KaiB_172_unrelaxed_rank_001_alphafold2_ptm_model_2_seed_001.pdb,88.97505494505496,0.52597,0.88567,10
af_cluster_compar/KaiB/msas/KaiB_022_unrelaxed_rank_005_alphafold2_ptm_model_1_seed_001.pdb,64.38197802197806,0.52178,0.62824,57
af_cluster_compar/KaiB/msas/KaiB_182_unrelaxed_rank_004_alphafold2_ptm_model_3_seed_001.pdb,55.917142857142856,0.63347,0.54073,6
af_cluster_compar/KaiB/msas/KaiB_147_unrelaxed_rank_005_alphafold2_ptm_model_1_seed_001.pdb,55.00901098901099,0.49153,0.56348,4
af_cluster_compar/KaiB/msas/KaiB_075_unrelaxed_rank_002_alphafold2_ptm_model_1_seed_001.pdb,68.04505494505493,0.5046,0.7768,9
af_cluster_compar/KaiB/msas/KaiB_070_unrelaxed_rank_004_alphafold2_ptm_model_1_seed_001.pdb,54.25450549450552,0.6161,0.52116,5
af_cluster_compar/KaiB/msas/KaiB_095_unrelaxed_rank_004_alphafold2_ptm_model_4_seed_001.pdb,63.55571428571428,0.49146,0.60114,9
af_cluster_compar/KaiB/msas/KaiB_085_unrelaxed_rank_003_alphafold2_ptm_model_3_seed_001.pdb,67.336043956044,0.46578,0.56186,8
af_cluster_compar/KaiB/msas/KaiB_099_unrelaxed_rank_005_alphafold2_ptm_model_1_seed_001.pdb,66.87857142857145,0.5054,0.78522,30
af_cluster_compar/KaiB/msas/KaiB_094_unrelaxed_rank_001_alphafold2_ptm_model_4_seed_001.pdb,79.92670329670331,0.51661,0.83501,13
af_cluster_compar/KaiB/msas/KaiB_182_unrelaxed_rank_001_alphafold2_ptm_model_4_seed_001.pdb,64.79659340659342,0.85811,0.56352,6
af_cluster_compar/KaiB/msas/KaiB_132_unrelaxed_rank_002_alphafold2_ptm_model_3_seed_001.pdb,54.34395604395601,0.5605,0.49986,4
af_cluster_compar/KaiB/msas/KaiB_077_unrelaxed_rank_003_alphafold2_ptm_model_3_seed_001.pdb,60.593956043956034,0.53972,0.65897,6
af_cluster_compar/KaiB/msas/KaiB_181_unrelaxed_rank_004_alphafold2_ptm_model_2_seed_001.pdb,87.72846153846154,0.49451,0.81128,10
af_cluster_compar/KaiB/msas/KaiB_242_unrelaxed_rank_002_alphafold2_ptm_model_5_seed_001.pdb,55.09131868131868,0.64599,0.54954,5
af_cluster_compar/KaiB/msas/KaiB_243_unrelaxed_rank_002_alphafold2_ptm_model_4_seed_001.pdb,59.322417582417586,0.58167,0.52896,4
af_cluster_compar/KaiB/msas/KaiB_003_unrelaxed_rank_002_alphafold2_ptm_model_3_seed_001.pdb,68.45021978021977,0.55751,0.70944,8
af_cluster_compar/KaiB/msas/KaiB_144_unrelaxed_rank_002_alphafold2_ptm_model_1_seed_001.pdb,62.021758241758256,0.68231,0.54988,5
af_cluster_compar/KaiB/msas/KaiB_069_unrelaxed_rank_002_alphafold2_ptm_model_1_seed_001.pdb,67.2368131868132,0.85208,0.55552,5
af_cluster_compar/KaiB/msas/KaiB_128_unrelaxed_rank_001_alphafold2_ptm_model_3_seed_001.pdb,58.6632967032967,0.57821,0.53108,9
af_cluster_compar/KaiB/msas/KaiB_113_unrelaxed_rank_004_alphafold2_ptm_model_2_seed_001.pdb,57.50758241758244,0.50498,0.73583,4
af_cluster_compar/KaiB/msas/KaiB_009_unrelaxed_rank_003_alphafold2_ptm_model_5_seed_001.pdb,77.63571428571426,0.49335,0.75342,21
af_cluster_compar/KaiB/msas/KaiB_010_unrelaxed_rank_003_alphafold2_ptm_model_1_seed_001.pdb,62.05252747252747,0.58557,0.55231,5
af_cluster_compar/KaiB/msas/KaiB_155_unrelaxed_rank_005_alphafold2_ptm_model_2_seed_001.pdb,59.753516483516464,0.75088,0.49093,7
af_cluster_compar/KaiB/msas/KaiB_155_unrelaxed_rank_003_alphafold2_ptm_model_5_seed_001.pdb,64.45406593406594,0.82313,0.52168,7
af_cluster_compar/KaiB/msas/KaiB_077_unrelaxed_rank_005_alphafold2_ptm_model_1_seed_001.pdb,57.079890109890115,0.49524,0.61018,6
af_cluster_compar/KaiB/msas/KaiB_086_unrelaxed_rank_005_alphafold2_ptm_model_1_seed_001.pdb,55.055384615384604,0.5855,0.53088,4
af_cluster_compar/KaiB/msas/KaiB_246_unrelaxed_rank_001_alphafold2_ptm_model_3_seed_001.pdb,56.47098901098903,0.57642,0.51369,6
af_cluster_compar/KaiB/msas/KaiB_232_unrelaxed_rank_001_alphafold2_ptm_model_3_seed_001.pdb,63.013406593406586,0.59843,0.53652,4
af_cluster_compar/KaiB/msas/KaiB_089_unrelaxed_rank_002_alphafold2_ptm_model_4_seed_001.pdb,69.40516483516484,0.50248,0.72952,4
af_cluster_compar/KaiB/msas/KaiB_132_unrelaxed_rank_005_alphafold2_ptm_model_2_seed_001.pdb,45.416483516483524,0.51088,0.44358,4
af_cluster_compar/KaiB/msas/KaiB_115_unrelaxed_rank_005_alphafold2_ptm_model_2_seed_001.pdb,54.86505494505496,0.53253,0.51308,4
af_cluster_compar/KaiB/msas/KaiB_039_unrelaxed_rank_005_alphafold2_ptm_model_1_seed_001.pdb,81.41428571428573,0.48892,0.76424,58
af_cluster_compar/KaiB/msas/KaiB_222_unrelaxed_rank_002_alphafold2_ptm_model_3_seed_001.pdb,78.76285714285716,0.52527,0.83904,7
af_cluster_compar/KaiB/msas/KaiB_072_unrelaxed_rank_003_alphafold2_ptm_model_1_seed_001.pdb,57.4365934065934,0.49107,0.64027,4
af_cluster_compar/KaiB/msas/KaiB_161_unrelaxed_rank_002_alphafold2_ptm_model_3_seed_001.pdb,60.92439560439559,0.44949,0.62815,21
af_cluster_compar/KaiB/msas/KaiB_178_unrelaxed_rank_001_alphafold2_ptm_model_3_seed_001.pdb,60.40978021978024,0.55358,0.51145,8
af_cluster_compar/KaiB/msas/KaiB_111_unrelaxed_rank_003_alphafold2_ptm_model_2_seed_001.pdb,80.67450549450547,0.52466,0.85243,14
af_cluster_compar/KaiB/msas/KaiB_105_unrelaxed_rank_003_alphafold2_ptm_model_2_seed_001.pdb,69.67637362637367,0.47306,0.71245,5
af_cluster_compar/KaiB/msas/KaiB_163_unrelaxed_rank_003_alphafold2_ptm_model_4_seed_001.pdb,64.40912087912086,0.50436,0.71158,9
af_cluster_compar/KaiB/msas/KaiB_039_unrelaxed_rank_004_alphafold2_ptm_model_5_seed_001.pdb,87.0637362637363,0.52071,0.85308,58
af_cluster_compar/KaiB/msas/KaiB_014_unrelaxed_rank_004_alphafold2_ptm_model_1_seed_001.pdb,71.3424175824176,0.80985,0.54101,4
af_cluster_compar/KaiB/msas/KaiB_037_unrelaxed_rank_005_alphafold2_ptm_model_2_seed_001.pdb,48.70065934065935,0.53295,0.48014,5
af_cluster_compar/KaiB/msas/KaiB_129_unrelaxed_rank_001_alphafold2_ptm_model_1_seed_001.pdb,63.97516483516484,0.68947,0.51511,4
af_cluster_compar/KaiB/msas/KaiB_061_unrelaxed_rank_001_alphafold2_ptm_model_5_seed_001.pdb,73.40010989010993,0.528,0.82148,4
af_cluster_compar/KaiB/msas/KaiB_138_unrelaxed_rank_005_alphafold2_ptm_model_3_seed_001.pdb,53.93879120879121,0.54333,0.53792,4
af_cluster_compar/KaiB/msas/KaiB_135_unrelaxed_rank_004_alphafold2_ptm_model_4_seed_001.pdb,62.74835164835165,0.51331,0.7503,5
af_cluster_compar/KaiB/msas/KaiB_031_unrelaxed_rank_004_alphafold2_ptm_model_2_seed_001.pdb,58.0282417582418,0.59187,0.54378,6
af_cluster_compar/KaiB/msas/KaiB_063_unrelaxed_rank_005_alphafold2_ptm_model_1_seed_001.pdb,52.74043956043956,0.4551,0.65504,4
af_cluster_compar/KaiB/msas/KaiB_083_unrelaxed_rank_005_alphafold2_ptm_model_2_seed_001.pdb,59.113736263736264,0.53378,0.65221,6
af_cluster_compar/KaiB/msas/KaiB_231_unrelaxed_rank_004_alphafold2_ptm_model_4_seed_001.pdb,80.93945054945057,0.52878,0.85529,8
af_cluster_compar/KaiB/msas/KaiB_001_unrelaxed_rank_005_alphafold2_ptm_model_5_seed_001.pdb,86.55054945054945,0.49014,0.76766,2561
af_cluster_compar/KaiB/msas/KaiB_200_unrelaxed_rank_005_alphafold2_ptm_model_5_seed_001.pdb,71.70483516483516,0.49297,0.72063,13
af_cluster_compar/KaiB/msas/KaiB_119_unrelaxed_rank_003_alphafold2_ptm_model_1_seed_001.pdb,55.78120879120879,0.6127,0.54992,5
af_cluster_compar/KaiB/msas/KaiB_133_unrelaxed_rank_001_alphafold2_ptm_model_3_seed_001.pdb,57.57109890109889,0.39516,0.43045,8
af_cluster_compar/KaiB/msas/KaiB_064_unrelaxed_rank_005_alphafold2_ptm_model_4_seed_001.pdb,57.724065934065926,0.48757,0.5639,7
af_cluster_compar/KaiB/msas/KaiB_092_unrelaxed_rank_004_alphafold2_ptm_model_1_seed_001.pdb,55.988021978021955,0.5538,0.52249,4
af_cluster_compar/KaiB/msas/KaiB_027_unrelaxed_rank_004_alphafold2_ptm_model_5_seed_001.pdb,71.94725274725276,0.50528,0.77457,5
af_cluster_compar/KaiB/msas/KaiB_160_unrelaxed_rank_005_alphafold2_ptm_model_5_seed_001.pdb,57.67802197802199,0.74313,0.52642,22
af_cluster_compar/KaiB/msas/KaiB_006_unrelaxed_rank_003_alphafold2_ptm_model_2_seed_001.pdb,63.39208791208787,0.73518,0.48286,4
af_cluster_compar/KaiB/msas/KaiB_195_unrelaxed_rank_001_alphafold2_ptm_model_5_seed_001.pdb,84.02307692307694,0.48008,0.80112,5
af_cluster_compar/KaiB/msas/KaiB_173_unrelaxed_rank_005_alphafold2_ptm_model_1_seed_001.pdb,56.19450549450549,0.55022,0.56875,4
af_cluster_compar/KaiB/msas/KaiB_034_unrelaxed_rank_003_alphafold2_ptm_model_1_seed_001.pdb,87.84362637362635,0.50764,0.79109,4
af_cluster_compar/KaiB/msas/KaiB_164_unrelaxed_rank_002_alphafold2_ptm_model_4_seed_001.pdb,88.66835164835162,0.5196,0.82102,33
af_cluster_compar/KaiB/msas/KaiB_013_unrelaxed_rank_002_alphafold2_ptm_model_5_seed_001.pdb,58.3975824175824,0.57736,0.5762,12
af_cluster_compar/KaiB/msas/KaiB_027_unrelaxed_rank_002_alphafold2_ptm_model_3_seed_001.pdb,85.21692307692302,0.5191,0.83042,5
af_cluster_compar/KaiB/msas/KaiB_227_unrelaxed_rank_004_alphafold2_ptm_model_1_seed_001.pdb,74.49318681318682,0.48716,0.75208,13
af_cluster_compar/KaiB/msas/KaiB_053_unrelaxed_rank_003_alphafold2_ptm_model_3_seed_001.pdb,84.93362637362635,0.48747,0.81614,40
af_cluster_compar/KaiB/msas/KaiB_242_unrelaxed_rank_005_alphafold2_ptm_model_2_seed_001.pdb,50.80494505494506,0.58261,0.50458,5
af_cluster_compar/KaiB/msas/KaiB_130_unrelaxed_rank_004_alphafold2_ptm_model_5_seed_001.pdb,64.10967032967034,0.74699,0.53747,4
af_cluster_compar/KaiB/msas/KaiB_002_unrelaxed_rank_003_alphafold2_ptm_model_5_seed_001.pdb,69.83604395604394,0.6892,0.48817,6
af_cluster_compar/KaiB/msas/KaiB_006_unrelaxed_rank_001_alphafold2_ptm_model_3_seed_001.pdb,67.69142857142856,0.73973,0.5008,4
af_cluster_compar/KaiB/msas/KaiB_124_unrelaxed_rank_003_alphafold2_ptm_model_5_seed_001.pdb,58.1834065934066,0.51282,0.64506,9
af_cluster_compar/KaiB/msas/KaiB_198_unrelaxed_rank_001_alphafold2_ptm_model_4_seed_001.pdb,68.15824175824176,0.72958,0.54951,6
af_cluster_compar/KaiB/msas/KaiB_108_unrelaxed_rank_005_alphafold2_ptm_model_5_seed_001.pdb,55.16318681318684,0.60842,0.57878,310
af_cluster_compar/KaiB/msas/KaiB_138_unrelaxed_rank_003_alphafold2_ptm_model_1_seed_001.pdb,73.45241758241757,0.48754,0.72954,4
af_cluster_compar/KaiB/msas/KaiB_138_unrelaxed_rank_002_alphafold2_ptm_model_4_seed_001.pdb,78.33538461538463,0.50055,0.77721,4
af_cluster_compar/KaiB/msas/KaiB_126_unrelaxed_rank_005_alphafold2_ptm_model_4_seed_001.pdb,51.02637362637362,0.53685,0.556,13
af_cluster_compar/KaiB/msas/KaiB_090_unrelaxed_rank_001_alphafold2_ptm_model_4_seed_001.pdb,89.36527472527469,0.51891,0.86286,8
af_cluster_compar/KaiB/msas/KaiB_146_unrelaxed_rank_004_alphafold2_ptm_model_5_seed_001.pdb,67.24956043956047,0.84471,0.55603,4
af_cluster_compar/KaiB/msas/KaiB_191_unrelaxed_rank_001_alphafold2_ptm_model_5_seed_001.pdb,75.2178021978022,0.54709,0.858,5
af_cluster_compar/KaiB/msas/KaiB_003_unrelaxed_rank_003_alphafold2_ptm_model_1_seed_001.pdb,66.57483516483515,0.5582,0.66889,8
af_cluster_compar/KaiB/msas/KaiB_210_unrelaxed_rank_004_alphafold2_ptm_model_5_seed_001.pdb,57.8825274725275,0.58574,0.52067,12
af_cluster_compar/KaiB/msas/KaiB_231_unrelaxed_rank_005_alphafold2_ptm_model_2_seed_001.pdb,78.12340659340659,0.51998,0.84835,8
af_cluster_compar/KaiB/msas/KaiB_240_unrelaxed_rank_003_alphafold2_ptm_model_5_seed_001.pdb,80.0478021978022,0.5304,0.83695,4
af_cluster_compar/KaiB/msas/KaiB_138_unrelaxed_rank_001_alphafold2_ptm_model_5_seed_001.pdb,86.2012087912088,0.50182,0.78032,4
af_cluster_compar/KaiB/msas/KaiB_062_unrelaxed_rank_002_alphafold2_ptm_model_5_seed_001.pdb,89.03351648351648,0.48628,0.80111,47
af_cluster_compar/KaiB/msas/KaiB_078_unrelaxed_rank_003_alphafold2_ptm_model_2_seed_001.pdb,87.6665934065934,0.52842,0.74539,13
af_cluster_compar/KaiB/msas/KaiB_085_unrelaxed_rank_005_alphafold2_ptm_model_4_seed_001.pdb,61.91329670329671,0.50121,0.56312,8
af_cluster_compar/KaiB/msas/KaiB_051_unrelaxed_rank_003_alphafold2_ptm_model_1_seed_001.pdb,67.54087912087914,0.50199,0.80091,6
af_cluster_compar/KaiB/msas/KaiB_041_unrelaxed_rank_003_alphafold2_ptm_model_4_seed_001.pdb,59.92989010989011,0.57623,0.53022,5
af_cluster_compar/KaiB/msas/KaiB_203_unrelaxed_rank_001_alphafold2_ptm_model_1_seed_001.pdb,83.3676923076923,0.53728,0.77023,5
af_cluster_compar/KaiB/msas/KaiB_003_unrelaxed_rank_004_alphafold2_ptm_model_5_seed_001.pdb,62.554615384615396,0.52172,0.6372,8
af_cluster_compar/KaiB/msas/KaiB_152_unrelaxed_rank_004_alphafold2_ptm_model_4_seed_001.pdb,68.14131868131872,0.83722,0.56706,7
af_cluster_compar/KaiB/msas/KaiB_036_unrelaxed_rank_005_alphafold2_ptm_model_1_seed_001.pdb,65.09527472527472,0.69896,0.52132,5
af_cluster_compar/KaiB/msas/KaiB_060_unrelaxed_rank_005_alphafold2_ptm_model_2_seed_001.pdb,55.332527472527474,0.41941,0.59742,5
af_cluster_compar/KaiB/msas/KaiB_218_unrelaxed_rank_005_alphafold2_ptm_model_2_seed_001.pdb,55.02417582417582,0.51208,0.53988,4
af_cluster_compar/KaiB/msas/KaiB_246_unrelaxed_rank_003_alphafold2_ptm_model_5_seed_001.pdb,55.83219780219779,0.60284,0.52795,6
af_cluster_compar/KaiB/msas/KaiB_180_unrelaxed_rank_002_alphafold2_ptm_model_4_seed_001.pdb,77.57120879120879,0.54797,0.84525,4
af_cluster_compar/KaiB/msas/KaiB_146_unrelaxed_rank_003_alphafold2_ptm_model_4_seed_001.pdb,70.3845054945055,0.85143,0.55217,4
af_cluster_compar/KaiB/msas/KaiB_207_unrelaxed_rank_002_alphafold2_ptm_model_4_seed_001.pdb,77.65483516483516,0.90772,0.54025,5
af_cluster_compar/KaiB/msas/KaiB_029_unrelaxed_rank_002_alphafold2_ptm_model_2_seed_001.pdb,60.88516483516485,0.50514,0.55053,4
af_cluster_compar/KaiB/msas/KaiB_127_unrelaxed_rank_002_alphafold2_ptm_model_3_seed_001.pdb,89.4153846153846,0.49871,0.8165,21
af_cluster_compar/KaiB/msas/KaiB_068_unrelaxed_rank_004_alphafold2_ptm_model_3_seed_001.pdb,78.44318681318683,0.5045,0.7798,10
af_cluster_compar/KaiB/msas/KaiB_097_unrelaxed_rank_005_alphafold2_ptm_model_2_seed_001.pdb,47.3747252747253,0.45279,0.63409,4
af_cluster_compar/KaiB/msas/KaiB_158_unrelaxed_rank_004_alphafold2_ptm_model_4_seed_001.pdb,50.8253846153846,0.50137,0.68216,5
af_cluster_compar/KaiB/msas/KaiB_239_unrelaxed_rank_002_alphafold2_ptm_model_4_seed_001.pdb,51.276593406593385,0.5882,0.56165,4
af_cluster_compar/KaiB/msas/KaiB_112_unrelaxed_rank_002_alphafold2_ptm_model_4_seed_001.pdb,67.68516483516485,0.5109,0.68093,4
af_cluster_compar/KaiB/msas/KaiB_026_unrelaxed_rank_004_alphafold2_ptm_model_3_seed_001.pdb,58.87263736263736,0.6414,0.5625,5
af_cluster_compar/KaiB/msas/KaiB_027_unrelaxed_rank_003_alphafold2_ptm_model_4_seed_001.pdb,76.31000000000002,0.54442,0.83521,5
af_cluster_compar/KaiB/msas/KaiB_026_unrelaxed_rank_002_alphafold2_ptm_model_5_seed_001.pdb,86.76263736263732,0.50182,0.803,5
af_cluster_compar/KaiB/msas/KaiB_121_unrelaxed_rank_001_alphafold2_ptm_model_3_seed_001.pdb,57.386813186813185,0.57936,0.47934,6
af_cluster_compar/KaiB/msas/KaiB_246_unrelaxed_rank_004_alphafold2_ptm_model_1_seed_001.pdb,55.2621978021978,0.55909,0.54593,6
af_cluster_compar/KaiB/msas/KaiB_183_unrelaxed_rank_001_alphafold2_ptm_model_3_seed_001.pdb,67.19010989010988,0.50216,0.71884,4
af_cluster_compar/KaiB/msas/KaiB_179_unrelaxed_rank_004_alphafold2_ptm_model_5_seed_001.pdb,68.4223076923077,0.53116,0.77513,11
af_cluster_compar/KaiB/msas/KaiB_201_unrelaxed_rank_002_alphafold2_ptm_model_3_seed_001.pdb,59.33857142857141,0.5447,0.63743,4
af_cluster_compar/KaiB/msas/KaiB_082_unrelaxed_rank_002_alphafold2_ptm_model_5_seed_001.pdb,62.10846153846152,0.45866,0.64706,5
af_cluster_compar/KaiB/msas/KaiB_210_unrelaxed_rank_001_alphafold2_ptm_model_4_seed_001.pdb,62.2532967032967,0.55481,0.54223,12
af_cluster_compar/KaiB/msas/KaiB_208_unrelaxed_rank_003_alphafold2_ptm_model_5_seed_001.pdb,58.241428571428585,0.57812,0.55918,5
af_cluster_compar/KaiB/msas/KaiB_131_unrelaxed_rank_002_alphafold2_ptm_model_4_seed_001.pdb,66.16857142857141,0.82453,0.56381,4
af_cluster_compar/KaiB/msas/KaiB_184_unrelaxed_rank_002_alphafold2_ptm_model_1_seed_001.pdb,60.77582417582417,0.43359,0.60668,5
af_cluster_compar/KaiB/msas/KaiB_102_unrelaxed_rank_005_alphafold2_ptm_model_4_seed_001.pdb,60.71769230769231,0.55611,0.60372,17
af_cluster_compar/KaiB/msas/KaiB_103_unrelaxed_rank_004_alphafold2_ptm_model_1_seed_001.pdb,58.08791208791209,0.54495,0.51506,4
af_cluster_compar/KaiB/msas/KaiB_019_unrelaxed_rank_001_alphafold2_ptm_model_3_seed_001.pdb,58.730879120879116,0.51015,0.55819,8
af_cluster_compar/KaiB/msas/KaiB_034_unrelaxed_rank_002_alphafold2_ptm_model_2_seed_001.pdb,88.14351648351646,0.48948,0.78587,4
af_cluster_compar/KaiB/msas/KaiB_030_unrelaxed_rank_003_alphafold2_ptm_model_2_seed_001.pdb,77.82736263736261,0.49907,0.78731,7
af_cluster_compar/KaiB/msas/KaiB_181_unrelaxed_rank_005_alphafold2_ptm_model_1_seed_001.pdb,79.34197802197805,0.4985,0.78786,10
af_cluster_compar/KaiB/msas/KaiB_101_unrelaxed_rank_001_alphafold2_ptm_model_3_seed_001.pdb,62.141208791208804,0.56483,0.48842,5
af_cluster_compar/KaiB/msas/KaiB_056_unrelaxed_rank_001_alphafold2_ptm_model_2_seed_001.pdb,82.59351648351651,0.5249,0.72424,10
af_cluster_compar/KaiB/msas/KaiB_089_unrelaxed_rank_005_alphafold2_ptm_model_2_seed_001.pdb,66.88824175824173,0.52386,0.75336,4
af_cluster_compar/KaiB/msas/KaiB_005_unrelaxed_rank_005_alphafold2_ptm_model_2_seed_001.pdb,45.613516483516484,0.51263,0.44514,4
af_cluster_compar/KaiB/msas/KaiB_115_unrelaxed_rank_003_alphafold2_ptm_model_1_seed_001.pdb,56.20681318681319,0.47119,0.61146,4
af_cluster_compar/KaiB/msas/KaiB_157_unrelaxed_rank_001_alphafold2_ptm_model_5_seed_001.pdb,85.34010989010987,0.48159,0.78929,14
af_cluster_compar/KaiB/msas/KaiB_082_unrelaxed_rank_005_alphafold2_ptm_model_1_seed_001.pdb,57.5874725274725,0.44829,0.62227,5
af_cluster_compar/KaiB/msas/KaiB_174_unrelaxed_rank_004_alphafold2_ptm_model_4_seed_001.pdb,55.724725274725266,0.58555,0.53246,6
af_cluster_compar/KaiB/msas/KaiB_118_unrelaxed_rank_005_alphafold2_ptm_model_4_seed_001.pdb,68.88681318681317,0.78515,0.57596,7
af_cluster_compar/KaiB/msas/KaiB_040_unrelaxed_rank_001_alphafold2_ptm_model_3_seed_001.pdb,86.34846153846156,0.49586,0.81179,6
af_cluster_compar/KaiB/msas/KaiB_079_unrelaxed_rank_002_alphafold2_ptm_model_4_seed_001.pdb,59.474945054945046,0.73331,0.5217,4
af_cluster_compar/KaiB/msas/KaiB_131_unrelaxed_rank_001_alphafold2_ptm_model_5_seed_001.pdb,75.84934065934068,0.90438,0.55037,4
af_cluster_compar/KaiB/msas/KaiB_214_unrelaxed_rank_003_alphafold2_ptm_model_4_seed_001.pdb,57.21076923076922,0.54898,0.52748,4
af_cluster_compar/KaiB/msas/KaiB_128_unrelaxed_rank_003_alphafold2_ptm_model_4_seed_001.pdb,58.11175824175823,0.58077,0.52854,9
af_cluster_compar/KaiB/msas/KaiB_150_unrelaxed_rank_005_alphafold2_ptm_model_3_seed_001.pdb,68.19582417582416,0.80284,0.51662,4
af_cluster_compar/KaiB/msas/KaiB_196_unrelaxed_rank_002_alphafold2_ptm_model_3_seed_001.pdb,84.74912087912088,0.48677,0.76467,11
af_cluster_compar/KaiB/msas/KaiB_220_unrelaxed_rank_002_alphafold2_ptm_model_5_seed_001.pdb,83.58802197802196,0.516,0.76724,4
af_cluster_compar/KaiB/msas/KaiB_059_unrelaxed_rank_004_alphafold2_ptm_model_1_seed_001.pdb,65.23417582417585,0.49324,0.74678,4
af_cluster_compar/KaiB/msas/KaiB_221_unrelaxed_rank_005_alphafold2_ptm_model_2_seed_001.pdb,69.45021978021977,0.79949,0.50314,4
af_cluster_compar/KaiB/msas/KaiB_093_unrelaxed_rank_005_alphafold2_ptm_model_4_seed_001.pdb,64.95846153846153,0.50924,0.64316,4
af_cluster_compar/KaiB/msas/KaiB_073_unrelaxed_rank_003_alphafold2_ptm_model_5_seed_001.pdb,68.48692307692305,0.51684,0.7907,5
af_cluster_compar/KaiB/msas/KaiB_170_unrelaxed_rank_004_alphafold2_ptm_model_4_seed_001.pdb,77.59780219780221,0.49344,0.79,4
af_cluster_compar/KaiB/msas/KaiB_105_unrelaxed_rank_005_alphafold2_ptm_model_1_seed_001.pdb,67.55274725274728,0.4598,0.70615,5
af_cluster_compar/KaiB/msas/KaiB_101_unrelaxed_rank_002_alphafold2_ptm_model_1_seed_001.pdb,53.5968131868132,0.57204,0.51095,5
af_cluster_compar/KaiB/msas/KaiB_181_unrelaxed_rank_003_alphafold2_ptm_model_3_seed_001.pdb,88.25780219780219,0.49829,0.81175,10
af_cluster_compar/KaiB/msas/KaiB_212_unrelaxed_rank_004_alphafold2_ptm_model_1_seed_001.pdb,70.92417582417583,0.51824,0.73255,4
af_cluster_compar/KaiB/msas/KaiB_030_unrelaxed_rank_001_alphafold2_ptm_model_5_seed_001.pdb,85.42989010989015,0.52486,0.87028,7
af_cluster_compar/KaiB/msas/KaiB_188_unrelaxed_rank_005_alphafold2_ptm_model_1_seed_001.pdb,57.6813186813187,0.6223,0.55406,17
af_cluster_compar/KaiB/msas/KaiB_187_unrelaxed_rank_001_alphafold2_ptm_model_3_seed_001.pdb,74.67791208791209,0.80338,0.49835,10
af_cluster_compar/KaiB/msas/KaiB_233_unrelaxed_rank_005_alphafold2_ptm_model_2_seed_001.pdb,69.95538461538462,0.53462,0.83775,4
af_cluster_compar/KaiB/msas/KaiB_028_unrelaxed_rank_002_alphafold2_ptm_model_5_seed_001.pdb,82.36274725274727,0.49597,0.78739,5
af_cluster_compar/KaiB/msas/KaiB_098_unrelaxed_rank_001_alphafold2_ptm_model_5_seed_001.pdb,83.41483516483514,0.52043,0.86357,6
af_cluster_compar/KaiB/msas/KaiB_191_unrelaxed_rank_004_alphafold2_ptm_model_1_seed_001.pdb,55.64835164835163,0.55902,0.56165,5
af_cluster_compar/KaiB/msas/KaiB_228_unrelaxed_rank_004_alphafold2_ptm_model_4_seed_001.pdb,57.441538461538485,0.48196,0.64191,6
af_cluster_compar/KaiB/msas/KaiB_070_unrelaxed_rank_002_alphafold2_ptm_model_4_seed_001.pdb,59.61692307692306,0.79075,0.54298,5
af_cluster_compar/KaiB/msas/KaiB_096_unrelaxed_rank_002_alphafold2_ptm_model_1_seed_001.pdb,54.935934065934056,0.57356,0.56184,4
af_cluster_compar/KaiB/msas/KaiB_234_unrelaxed_rank_001_alphafold2_ptm_model_3_seed_001.pdb,64.11494505494504,0.49534,0.72716,8
af_cluster_compar/KaiB/msas/KaiB_204_unrelaxed_rank_001_alphafold2_ptm_model_3_seed_001.pdb,63.02472527472529,0.58482,0.53076,4
af_cluster_compar/KaiB/msas/KaiB_173_unrelaxed_rank_002_alphafold2_ptm_model_4_seed_001.pdb,58.55054945054943,0.54331,0.58212,4
af_cluster_compar/KaiB/msas/KaiB_048_unrelaxed_rank_001_alphafold2_ptm_model_3_seed_001.pdb,80.90208791208795,0.52202,0.83879,14
af_cluster_compar/KaiB/msas/KaiB_099_unrelaxed_rank_004_alphafold2_ptm_model_4_seed_001.pdb,67.27164835164832,0.54271,0.83787,30
af_cluster_compar/KaiB/msas/KaiB_043_unrelaxed_rank_002_alphafold2_ptm_model_3_seed_001.pdb,82.01659340659337,0.5155,0.79274,21
af_cluster_compar/KaiB/msas/KaiB_083_unrelaxed_rank_004_alphafold2_ptm_model_4_seed_001.pdb,63.69164835164837,0.5518,0.76755,6
af_cluster_compar/KaiB/msas/KaiB_231_unrelaxed_rank_001_alphafold2_ptm_model_5_seed_001.pdb,87.89274725274724,0.53016,0.87561,8
af_cluster_compar/KaiB/msas/KaiB_169_unrelaxed_rank_004_alphafold2_ptm_model_5_seed_001.pdb,57.45549450549452,0.4965,0.56462,7
af_cluster_compar/KaiB/msas/KaiB_046_unrelaxed_rank_001_alphafold2_ptm_model_5_seed_001.pdb,91.34472527472526,0.53041,0.7795,42
af_cluster_compar/KaiB/msas/KaiB_185_unrelaxed_rank_004_alphafold2_ptm_model_2_seed_001.pdb,86.7098901098901,0.49377,0.77966,19
af_cluster_compar/KaiB/msas/KaiB_031_unrelaxed_rank_001_alphafold2_ptm_model_3_seed_001.pdb,60.86527472527475,0.59689,0.5517,6
af_cluster_compar/KaiB/msas/KaiB_029_unrelaxed_rank_001_alphafold2_ptm_model_3_seed_001.pdb,62.13296703296702,0.53699,0.58097,4
af_cluster_compar/KaiB/msas/KaiB_005_unrelaxed_rank_002_alphafold2_ptm_model_4_seed_001.pdb,64.77703296703298,0.46926,0.72386,4
af_cluster_compar/KaiB/msas/KaiB_192_unrelaxed_rank_001_alphafold2_ptm_model_3_seed_001.pdb,62.218241758241724,0.57374,0.4983,4
af_cluster_compar/KaiB/msas/KaiB_246_unrelaxed_rank_002_alphafold2_ptm_model_4_seed_001.pdb,56.12428571428571,0.60115,0.54725,6
af_cluster_compar/KaiB/msas/KaiB_112_unrelaxed_rank_003_alphafold2_ptm_model_3_seed_001.pdb,62.653846153846146,0.58416,0.52358,4
af_cluster_compar/KaiB/msas/KaiB_042_unrelaxed_rank_003_alphafold2_ptm_model_5_seed_001.pdb,79.52483516483518,0.92934,0.54521,6
af_cluster_compar/KaiB/msas/KaiB_012_unrelaxed_rank_001_alphafold2_ptm_model_5_seed_001.pdb,67.5591208791209,0.84001,0.56272,5
af_cluster_compar/KaiB/msas/KaiB_111_unrelaxed_rank_005_alphafold2_ptm_model_1_seed_001.pdb,72.4976923076923,0.52932,0.83622,14
af_cluster_compar/KaiB/msas/KaiB_057_unrelaxed_rank_002_alphafold2_ptm_model_3_seed_001.pdb,61.549670329670306,0.58495,0.55844,10
af_cluster_compar/KaiB/msas/KaiB_167_unrelaxed_rank_002_alphafold2_ptm_model_2_seed_001.pdb,70.26186813186808,0.52024,0.80893,5
af_cluster_compar/KaiB/msas/KaiB_214_unrelaxed_rank_001_alphafold2_ptm_model_3_seed_001.pdb,64.12626373626374,0.53181,0.50854,4
af_cluster_compar/KaiB/msas/KaiB_157_unrelaxed_rank_002_alphafold2_ptm_model_3_seed_001.pdb,82.1452747252747,0.49371,0.7747,14
af_cluster_compar/KaiB/msas/KaiB_127_unrelaxed_rank_001_alphafold2_ptm_model_4_seed_001.pdb,90.2020879120879,0.49247,0.80427,21
af_cluster_compar/KaiB/msas/KaiB_197_unrelaxed_rank_003_alphafold2_ptm_model_1_seed_001.pdb,84.98637362637363,0.48713,0.76054,7
af_cluster_compar/KaiB/msas/KaiB_144_unrelaxed_rank_003_alphafold2_ptm_model_4_seed_001.pdb,60.73230769230769,0.68363,0.59491,5
af_cluster_compar/KaiB/msas/KaiB_233_unrelaxed_rank_003_alphafold2_ptm_model_5_seed_001.pdb,77.14098901098903,0.54448,0.86071,4
af_cluster_compar/KaiB/msas/KaiB_088_unrelaxed_rank_003_alphafold2_ptm_model_3_seed_001.pdb,78.03032967032968,0.49534,0.8063,4
af_cluster_compar/KaiB/msas/KaiB_102_unrelaxed_rank_002_alphafold2_ptm_model_1_seed_001.pdb,72.47208791208793,0.55963,0.74794,17
af_cluster_compar/KaiB/msas/KaiB_033_unrelaxed_rank_003_alphafold2_ptm_model_2_seed_001.pdb,64.04010989010987,0.69516,0.51853,7
af_cluster_compar/KaiB/msas/KaiB_079_unrelaxed_rank_004_alphafold2_ptm_model_1_seed_001.pdb,49.186043956043946,0.53088,0.44063,4
af_cluster_compar/KaiB/msas/KaiB_109_unrelaxed_rank_003_alphafold2_ptm_model_2_seed_001.pdb,67.23032967032968,0.82043,0.57532,46
af_cluster_compar/KaiB/msas/KaiB_049_unrelaxed_rank_004_alphafold2_ptm_model_1_seed_001.pdb,60.48527472527474,0.60588,0.54254,8
af_cluster_compar/KaiB/msas/KaiB_056_unrelaxed_rank_003_alphafold2_ptm_model_4_seed_001.pdb,63.89472527472527,0.53628,0.73486,10
af_cluster_compar/KaiB/msas/KaiB_106_unrelaxed_rank_005_alphafold2_ptm_model_2_seed_001.pdb,60.558461538461536,0.56761,0.54081,8
af_cluster_compar/KaiB/msas/KaiB_191_unrelaxed_rank_002_alphafold2_ptm_model_3_seed_001.pdb,63.23747252747253,0.56741,0.5164,5
af_cluster_compar/KaiB/msas/KaiB_208_unrelaxed_rank_002_alphafold2_ptm_model_4_seed_001.pdb,58.698131868131874,0.56945,0.57117,5
af_cluster_compar/KaiB/msas/KaiB_227_unrelaxed_rank_003_alphafold2_ptm_model_5_seed_001.pdb,80.57417582417584,0.48689,0.76658,13
af_cluster_compar/KaiB/msas/KaiB_047_unrelaxed_rank_005_alphafold2_ptm_model_4_seed_001.pdb,52.38384615384616,0.51431,0.56678,8
af_cluster_compar/KaiB/msas/KaiB_047_unrelaxed_rank_004_alphafold2_ptm_model_5_seed_001.pdb,52.83450549450551,0.45582,0.67809,8
af_cluster_compar/KaiB/msas/KaiB_031_unrelaxed_rank_003_alphafold2_ptm_model_1_seed_001.pdb,59.23868131868132,0.60015,0.53483,6
af_cluster_compar/KaiB/msas/KaiB_179_unrelaxed_rank_001_alphafold2_ptm_model_3_seed_001.pdb,77.18318681318682,0.53841,0.75093,11
af_cluster_compar/KaiB/msas/KaiB_180_unrelaxed_rank_005_alphafold2_ptm_model_1_seed_001.pdb,69.56780219780218,0.54582,0.78057,4
af_cluster_compar/KaiB/msas/KaiB_088_unrelaxed_rank_001_alphafold2_ptm_model_4_seed_001.pdb,79.76043956043955,0.49277,0.83441,4
af_cluster_compar/KaiB/msas/KaiB_168_unrelaxed_rank_004_alphafold2_ptm_model_3_seed_001.pdb,58.46989010989012,0.57141,0.53122,5
af_cluster_compar/KaiB/msas/KaiB_133_unrelaxed_rank_005_alphafold2_ptm_model_2_seed_001.pdb,46.779010989010985,0.41573,0.55748,8
af_cluster_compar/KaiB/msas/KaiB_243_unrelaxed_rank_003_alphafold2_ptm_model_5_seed_001.pdb,58.620989010989014,0.58997,0.52077,4
af_cluster_compar/KaiB/msas/KaiB_170_unrelaxed_rank_005_alphafold2_ptm_model_3_seed_001.pdb,76.44560439560435,0.4975,0.75663,4
af_cluster_compar/KaiB/msas/KaiB_106_unrelaxed_rank_003_alphafold2_ptm_model_4_seed_001.pdb,69.08681318681322,0.52979,0.76804,8
af_cluster_compar/KaiB/msas/KaiB_132_unrelaxed_rank_001_alphafold2_ptm_model_1_seed_001.pdb,54.62461538461539,0.54335,0.47383,4
af_cluster_compar/KaiB/msas/KaiB_009_unrelaxed_rank_005_alphafold2_ptm_model_2_seed_001.pdb,75.97736263736263,0.45051,0.51448,21
af_cluster_compar/KaiB/msas/KaiB_075_unrelaxed_rank_003_alphafold2_ptm_model_3_seed_001.pdb,62.091648351648345,0.53827,0.65465,9
af_cluster_compar/KaiB/msas/KaiB_006_unrelaxed_rank_002_alphafold2_ptm_model_5_seed_001.pdb,63.40406593406592,0.71522,0.51319,4
af_cluster_compar/KaiB/msas/KaiB_034_unrelaxed_rank_005_alphafold2_ptm_model_3_seed_001.pdb,63.78681318681316,0.54714,0.56887,4
af_cluster_compar/KaiB/msas/KaiB_016_unrelaxed_rank_004_alphafold2_ptm_model_5_seed_001.pdb,85.37703296703295,0.48977,0.78767,232
af_cluster_compar/KaiB/msas/KaiB_225_unrelaxed_rank_001_alphafold2_ptm_model_5_seed_001.pdb,88.11,0.53659,0.86304,9
af_cluster_compar/KaiB/msas/KaiB_223_unrelaxed_rank_002_alphafold2_ptm_model_1_seed_001.pdb,71.57384615384616,0.53742,0.82219,4
af_cluster_compar/KaiB/msas/KaiB_161_unrelaxed_rank_004_alphafold2_ptm_model_1_seed_001.pdb,54.36835164835161,0.44815,0.64921,21
af_cluster_compar/KaiB/msas/KaiB_069_unrelaxed_rank_001_alphafold2_ptm_model_5_seed_001.pdb,67.3194505494506,0.86844,0.5604,5
af_cluster_compar/KaiB/msas/KaiB_088_unrelaxed_rank_004_alphafold2_ptm_model_5_seed_001.pdb,71.36219780219781,0.51292,0.78517,4
af_cluster_compar/KaiB/msas/KaiB_108_unrelaxed_rank_002_alphafold2_ptm_model_1_seed_001.pdb,76.08692307692306,0.53302,0.76221,310
af_cluster_compar/KaiB/msas/KaiB_203_unrelaxed_rank_005_alphafold2_ptm_model_4_seed_001.pdb,65.1254945054945,0.51931,0.77197,5
af_cluster_compar/KaiB/msas/KaiB_095_unrelaxed_rank_005_alphafold2_ptm_model_1_seed_001.pdb,61.930109890109875,0.51574,0.65117,9
af_cluster_compar/KaiB/msas/KaiB_111_unrelaxed_rank_004_alphafold2_ptm_model_5_seed_001.pdb,77.96164835164835,0.51031,0.8597,14
af_cluster_compar/KaiB/msas/KaiB_142_unrelaxed_rank_005_alphafold2_ptm_model_4_seed_001.pdb,59.33626373626376,0.50936,0.70517,7
af_cluster_compar/KaiB/msas/KaiB_045_unrelaxed_rank_001_alphafold2_ptm_model_5_seed_001.pdb,88.26846153846151,0.49293,0.78401,13
af_cluster_compar/KaiB/msas/KaiB_168_unrelaxed_rank_005_alphafold2_ptm_model_5_seed_001.pdb,57.86373626373626,0.78071,0.55034,5
af_cluster_compar/KaiB/msas/KaiB_215_unrelaxed_rank_002_alphafold2_ptm_model_2_seed_001.pdb,70.60362637362641,0.48823,0.75441,4
af_cluster_compar/KaiB/msas/KaiB_220_unrelaxed_rank_004_alphafold2_ptm_model_2_seed_001.pdb,79.07219780219783,0.50175,0.762,4
af_cluster_compar/KaiB/msas/KaiB_136_unrelaxed_rank_002_alphafold2_ptm_model_4_seed_001.pdb,67.14307692307692,0.73616,0.50122,4
af_cluster_compar/KaiB/msas/KaiB_108_unrelaxed_rank_003_alphafold2_ptm_model_2_seed_001.pdb,75.33340659340658,0.53143,0.80801,310
af_cluster_compar/KaiB/msas/KaiB_075_unrelaxed_rank_005_alphafold2_ptm_model_2_seed_001.pdb,58.25791208791211,0.51602,0.63054,9
af_cluster_compar/KaiB/msas/KaiB_209_unrelaxed_rank_002_alphafold2_ptm_model_5_seed_001.pdb,77.35120879120875,0.51936,0.86375,6
af_cluster_compar/KaiB/msas/KaiB_113_unrelaxed_rank_005_alphafold2_ptm_model_1_seed_001.pdb,57.38582417582417,0.49083,0.6869,4
af_cluster_compar/KaiB/msas/KaiB_045_unrelaxed_rank_005_alphafold2_ptm_model_4_seed_001.pdb,64.00120879120881,0.48016,0.57704,13
af_cluster_compar/KaiB/msas/KaiB_158_unrelaxed_rank_005_alphafold2_ptm_model_2_seed_001.pdb,48.810109890109885,0.53853,0.62116,5
af_cluster_compar/KaiB/msas/KaiB_065_unrelaxed_rank_002_alphafold2_ptm_model_3_seed_001.pdb,86.70241758241761,0.52476,0.79367,6
af_cluster_compar/KaiB/msas/KaiB_214_unrelaxed_rank_005_alphafold2_ptm_model_2_seed_001.pdb,51.090329670329666,0.52519,0.45327,4
af_cluster_compar/KaiB/msas/KaiB_247_unrelaxed_rank_003_alphafold2_ptm_model_2_seed_001.pdb,66.36417582417586,0.5222,0.76888,6
af_cluster_compar/KaiB/msas/KaiB_213_unrelaxed_rank_001_alphafold2_ptm_model_4_seed_001.pdb,91.21912087912087,0.51877,0.89205,17
af_cluster_compar/KaiB/msas/KaiB_055_unrelaxed_rank_004_alphafold2_ptm_model_1_seed_001.pdb,55.44516483516482,0.59091,0.52485,4
af_cluster_compar/KaiB/msas/KaiB_120_unrelaxed_rank_004_alphafold2_ptm_model_4_seed_001.pdb,59.858351648351636,0.4938,0.69222,33
af_cluster_compar/KaiB/msas/KaiB_022_unrelaxed_rank_002_alphafold2_ptm_model_5_seed_001.pdb,81.52395604395606,0.4993,0.78894,57
af_cluster_compar/KaiB/msas/KaiB_134_unrelaxed_rank_005_alphafold2_ptm_model_2_seed_001.pdb,58.01868131868132,0.45621,0.61188,12
af_cluster_compar/KaiB/msas/KaiB_091_unrelaxed_rank_005_alphafold2_ptm_model_4_seed_001.pdb,65.64461538461539,0.50026,0.65515,7
af_cluster_compar/KaiB/msas/KaiB_194_unrelaxed_rank_005_alphafold2_ptm_model_2_seed_001.pdb,60.65021978021979,0.80462,0.5601,13
af_cluster_compar/KaiB/msas/KaiB_194_unrelaxed_rank_003_alphafold2_ptm_model_4_seed_001.pdb,79.62912087912085,0.91299,0.55195,13
af_cluster_compar/KaiB/msas/KaiB_011_unrelaxed_rank_002_alphafold2_ptm_model_3_seed_001.pdb,91.03846153846153,0.48987,0.81409,55
af_cluster_compar/KaiB/msas/KaiB_174_unrelaxed_rank_002_alphafold2_ptm_model_2_seed_001.pdb,58.319890109890125,0.53483,0.5295,6
af_cluster_compar/KaiB/msas/KaiB_100_unrelaxed_rank_001_alphafold2_ptm_model_5_seed_001.pdb,86.99021978021983,0.53272,0.87248,6
af_cluster_compar/KaiB/msas/KaiB_067_unrelaxed_rank_004_alphafold2_ptm_model_4_seed_001.pdb,58.89010989010991,0.50174,0.66193,7
af_cluster_compar/KaiB/msas/KaiB_036_unrelaxed_rank_002_alphafold2_ptm_model_3_seed_001.pdb,75.44516483516485,0.85686,0.5552,5
af_cluster_compar/KaiB/msas/KaiB_030_unrelaxed_rank_002_alphafold2_ptm_model_3_seed_001.pdb,78.74219780219784,0.55506,0.83822,7
af_cluster_compar/KaiB/msas/KaiB_119_unrelaxed_rank_001_alphafold2_ptm_model_5_seed_001.pdb,71.5167032967033,0.54018,0.83861,5
af_cluster_compar/KaiB/msas/KaiB_013_unrelaxed_rank_004_alphafold2_ptm_model_4_seed_001.pdb,57.43,0.59523,0.52815,12
af_cluster_compar/KaiB/msas/KaiB_086_unrelaxed_rank_003_alphafold2_ptm_model_5_seed_001.pdb,57.90186813186814,0.57271,0.51335,4
af_cluster_compar/KaiB/msas/KaiB_013_unrelaxed_rank_003_alphafold2_ptm_model_2_seed_001.pdb,58.324395604395626,0.59107,0.57525,12
af_cluster_compar/KaiB/msas/KaiB_234_unrelaxed_rank_003_alphafold2_ptm_model_2_seed_001.pdb,60.26351648351649,0.50067,0.64967,8
af_cluster_compar/KaiB/msas/KaiB_186_unrelaxed_rank_004_alphafold2_ptm_model_2_seed_001.pdb,75.6064835164835,0.57231,0.64739,13
af_cluster_compar/KaiB/msas/KaiB_004_unrelaxed_rank_003_alphafold2_ptm_model_1_seed_001.pdb,57.41230769230768,0.62651,0.55535,5
af_cluster_compar/KaiB/msas/KaiB_205_unrelaxed_rank_002_alphafold2_ptm_model_4_seed_001.pdb,56.5178021978022,0.57647,0.52983,4
af_cluster_compar/KaiB/msas/KaiB_082_unrelaxed_rank_003_alphafold2_ptm_model_4_seed_001.pdb,60.48692307692311,0.45995,0.63862,5
af_cluster_compar/KaiB/msas/KaiB_059_unrelaxed_rank_005_alphafold2_ptm_model_3_seed_001.pdb,58.05967032967029,0.56207,0.50816,4
af_cluster_compar/KaiB/msas/KaiB_022_unrelaxed_rank_004_alphafold2_ptm_model_4_seed_001.pdb,65.85582417582415,0.51234,0.64706,57
af_cluster_compar/KaiB/msas/KaiB_192_unrelaxed_rank_002_alphafold2_ptm_model_4_seed_001.pdb,56.88615384615383,0.64489,0.46119,4
af_cluster_compar/KaiB/msas/KaiB_244_unrelaxed_rank_002_alphafold2_ptm_model_4_seed_001.pdb,57.179670329670294,0.61463,0.54836,4
af_cluster_compar/KaiB/msas/KaiB_221_unrelaxed_rank_001_alphafold2_ptm_model_4_seed_001.pdb,75.40175824175826,0.81561,0.55473,4
af_cluster_compar/KaiB/msas/KaiB_093_unrelaxed_rank_004_alphafold2_ptm_model_5_seed_001.pdb,65.80560439560442,0.50398,0.65558,4
af_cluster_compar/KaiB/msas/KaiB_144_unrelaxed_rank_005_alphafold2_ptm_model_2_seed_001.pdb,54.80989010989012,0.56095,0.58161,5
af_cluster_compar/KaiB/msas/KaiB_225_unrelaxed_rank_004_alphafold2_ptm_model_1_seed_001.pdb,71.60736263736263,0.49623,0.72009,9
af_cluster_compar/KaiB/msas/KaiB_099_unrelaxed_rank_001_alphafold2_ptm_model_3_seed_001.pdb,81.48538461538462,0.52118,0.85433,30
af_cluster_compar/KaiB/msas/KaiB_007_unrelaxed_rank_001_alphafold2_ptm_model_5_seed_001.pdb,82.43428571428574,0.92311,0.54127,4
af_cluster_compar/KaiB/msas/KaiB_229_unrelaxed_rank_003_alphafold2_ptm_model_3_seed_001.pdb,82.81692307692309,0.52248,0.84137,35
af_cluster_compar/KaiB/msas/KaiB_008_unrelaxed_rank_003_alphafold2_ptm_model_5_seed_001.pdb,55.592857142857184,0.52806,0.70916,4
af_cluster_compar/KaiB/msas/KaiB_142_unrelaxed_rank_002_alphafold2_ptm_model_3_seed_001.pdb,82.32769230769232,0.50811,0.79289,7
af_cluster_compar/KaiB/msas/KaiB_243_unrelaxed_rank_001_alphafold2_ptm_model_3_seed_001.pdb,62.29868131868131,0.58777,0.50422,4
af_cluster_compar/KaiB/msas/KaiB_031_unrelaxed_rank_002_alphafold2_ptm_model_4_seed_001.pdb,59.31087912087911,0.58756,0.54393,6
af_cluster_compar/KaiB/msas/KaiB_104_unrelaxed_rank_002_alphafold2_ptm_model_3_seed_001.pdb,77.36329670329668,0.50213,0.7815,12
af_cluster_compar/KaiB/msas/KaiB_239_unrelaxed_rank_003_alphafold2_ptm_model_2_seed_001.pdb,49.59802197802199,0.58936,0.56352,4
af_cluster_compar/KaiB/msas/KaiB_210_unrelaxed_rank_003_alphafold2_ptm_model_3_seed_001.pdb,58.992637362637375,0.56055,0.51189,12
af_cluster_compar/KaiB/msas/KaiB_024_unrelaxed_rank_002_alphafold2_ptm_model_4_seed_001.pdb,78.70021978021977,0.54962,0.8306,5
af_cluster_compar/KaiB/msas/KaiB_091_unrelaxed_rank_001_alphafold2_ptm_model_5_seed_001.pdb,71.77395604395605,0.54191,0.74243,7
af_cluster_compar/KaiB/msas/KaiB_108_unrelaxed_rank_004_alphafold2_ptm_model_4_seed_001.pdb,71.21978021978023,0.54524,0.83876,310
af_cluster_compar/KaiB/msas/KaiB_076_unrelaxed_rank_002_alphafold2_ptm_model_5_seed_001.pdb,71.67692307692307,0.53861,0.75666,26
af_cluster_compar/KaiB/msas/KaiB_097_unrelaxed_rank_004_alphafold2_ptm_model_4_seed_001.pdb,48.98967032967033,0.57616,0.51124,4
af_cluster_compar/KaiB/msas/KaiB_232_unrelaxed_rank_004_alphafold2_ptm_model_2_seed_001.pdb,50.14560439560441,0.55542,0.4602,4
af_cluster_compar/KaiB/msas/KaiB_208_unrelaxed_rank_005_alphafold2_ptm_model_2_seed_001.pdb,56.38571428571427,0.58749,0.55549,5
af_cluster_compar/KaiB/msas/KaiB_171_unrelaxed_rank_005_alphafold2_ptm_model_2_seed_001.pdb,59.86824175824176,0.68044,0.51878,5
af_cluster_compar/KaiB/msas/KaiB_067_unrelaxed_rank_002_alphafold2_ptm_model_5_seed_001.pdb,75.82164835164834,0.50574,0.79869,7
af_cluster_compar/KaiB/msas/KaiB_158_unrelaxed_rank_001_alphafold2_ptm_model_3_seed_001.pdb,85.32527472527474,0.49566,0.79148,5
af_cluster_compar/KaiB/msas/KaiB_202_unrelaxed_rank_001_alphafold2_ptm_model_5_seed_001.pdb,83.3152747252747,0.50614,0.78197,6
af_cluster_compar/KaiB/msas/KaiB_084_unrelaxed_rank_002_alphafold2_ptm_model_1_seed_001.pdb,74.86010989010987,0.49492,0.80507,7
af_cluster_compar/KaiB/msas/KaiB_066_unrelaxed_rank_003_alphafold2_ptm_model_2_seed_001.pdb,58.17868131868131,0.60328,0.51861,4
af_cluster_compar/KaiB/msas/KaiB_135_unrelaxed_rank_001_alphafold2_ptm_model_3_seed_001.pdb,81.45241758241758,0.91956,0.52236,5
af_cluster_compar/KaiB/msas/KaiB_080_unrelaxed_rank_004_alphafold2_ptm_model_4_seed_001.pdb,80.22747252747251,0.54051,0.83913,15
af_cluster_compar/KaiB/msas/KaiB_131_unrelaxed_rank_003_alphafold2_ptm_model_3_seed_001.pdb,63.36384615384614,0.70099,0.52981,4
af_cluster_compar/KaiB/msas/KaiB_141_unrelaxed_rank_001_alphafold2_ptm_model_3_seed_001.pdb,79.639010989011,0.48936,0.76371,4
af_cluster_compar/KaiB/msas/KaiB_114_unrelaxed_rank_002_alphafold2_ptm_model_1_seed_001.pdb,78.90076923076921,0.47549,0.79265,13
af_cluster_compar/KaiB/msas/KaiB_224_unrelaxed_rank_005_alphafold2_ptm_model_4_seed_001.pdb,56.95637362637366,0.57618,0.56962,6
af_cluster_compar/KaiB/msas/KaiB_039_unrelaxed_rank_003_alphafold2_ptm_model_3_seed_001.pdb,88.3368131868132,0.50037,0.80449,58
af_cluster_compar/KaiB/msas/KaiB_019_unrelaxed_rank_004_alphafold2_ptm_model_2_seed_001.pdb,47.14120879120882,0.466,0.61675,8
af_cluster_compar/KaiB/msas/KaiB_080_unrelaxed_rank_001_alphafold2_ptm_model_5_seed_001.pdb,86.53890109890114,0.5384,0.88327,15
af_cluster_compar/KaiB/msas/KaiB_021_unrelaxed_rank_004_alphafold2_ptm_model_2_seed_001.pdb,84.3379120879121,0.48728,0.81004,10
af_cluster_compar/KaiB/msas/KaiB_056_unrelaxed_rank_005_alphafold2_ptm_model_5_seed_001.pdb,53.00780219780218,0.44352,0.56398,10
af_cluster_compar/KaiB/msas/KaiB_045_unrelaxed_rank_002_alphafold2_ptm_model_3_seed_001.pdb,80.28736263736268,0.4867,0.77265,13
af_cluster_compar/KaiB/msas/KaiB_228_unrelaxed_rank_005_alphafold2_ptm_model_2_seed_001.pdb,56.35076923076924,0.48581,0.67988,6
af_cluster_compar/KaiB/msas/KaiB_037_unrelaxed_rank_004_alphafold2_ptm_model_5_seed_001.pdb,53.02164835164837,0.60304,0.55503,5
af_cluster_compar/KaiB/msas/KaiB_014_unrelaxed_rank_005_alphafold2_ptm_model_5_seed_001.pdb,69.97846153846153,0.81769,0.55411,4
af_cluster_compar/KaiB/msas/KaiB_041_unrelaxed_rank_004_alphafold2_ptm_model_2_seed_001.pdb,58.078461538461525,0.58825,0.56303,5
af_cluster_compar/KaiB/msas/KaiB_188_unrelaxed_rank_004_alphafold2_ptm_model_4_seed_001.pdb,58.958901098901094,0.71707,0.58437,17
af_cluster_compar/KaiB/msas/KaiB_162_unrelaxed_rank_003_alphafold2_ptm_model_5_seed_001.pdb,56.02439560439561,0.56503,0.53635,5
af_cluster_compar/KaiB/msas/KaiB_114_unrelaxed_rank_003_alphafold2_ptm_model_4_seed_001.pdb,77.55923076923078,0.47736,0.78465,13
af_cluster_compar/KaiB/msas/KaiB_187_unrelaxed_rank_002_alphafold2_ptm_model_2_seed_001.pdb,72.73692307692309,0.82768,0.52755,10
af_cluster_compar/KaiB/msas/KaiB_028_unrelaxed_rank_004_alphafold2_ptm_model_1_seed_001.pdb,78.4491208791209,0.49497,0.78803,5
af_cluster_compar/KaiB/msas/KaiB_191_unrelaxed_rank_005_alphafold2_ptm_model_4_seed_001.pdb,54.19186813186816,0.58463,0.55552,5
af_cluster_compar/KaiB/msas/KaiB_067_unrelaxed_rank_005_alphafold2_ptm_model_2_seed_001.pdb,58.390439560439596,0.49269,0.61783,7
af_cluster_compar/KaiB/msas/KaiB_094_unrelaxed_rank_005_alphafold2_ptm_model_1_seed_001.pdb,56.402087912087936,0.51444,0.76622,13
af_cluster_compar/KaiB/msas/KaiB_245_unrelaxed_rank_003_alphafold2_ptm_model_4_seed_001.pdb,74.91164835164837,0.50658,0.76864,8
af_cluster_compar/KaiB/msas/KaiB_235_unrelaxed_rank_001_alphafold2_ptm_model_5_seed_001.pdb,89.8678021978022,0.52377,0.86795,7
af_cluster_compar/KaiB/msas/KaiB_197_unrelaxed_rank_005_alphafold2_ptm_model_4_seed_001.pdb,70.19802197802196,0.493,0.73085,7
af_cluster_compar/KaiB/msas/KaiB_209_unrelaxed_rank_004_alphafold2_ptm_model_3_seed_001.pdb,61.273736263736254,0.58004,0.56019,6
af_cluster_compar/KaiB/msas/KaiB_042_unrelaxed_rank_004_alphafold2_ptm_model_2_seed_001.pdb,77.62087912087911,0.90986,0.55756,6
af_cluster_compar/KaiB/msas/KaiB_077_unrelaxed_rank_004_alphafold2_ptm_model_2_seed_001.pdb,57.32241758241757,0.47665,0.68886,6
af_cluster_compar/KaiB/msas/KaiB_051_unrelaxed_rank_004_alphafold2_ptm_model_4_seed_001.pdb,62.94802197802199,0.4931,0.78191,6
af_cluster_compar/KaiB/msas/KaiB_058_unrelaxed_rank_001_alphafold2_ptm_model_4_seed_001.pdb,63.6236263736264,0.5987,0.55287,8
af_cluster_compar/KaiB/msas/KaiB_092_unrelaxed_rank_005_alphafold2_ptm_model_5_seed_001.pdb,55.2112087912088,0.55375,0.53242,4
af_cluster_compar/KaiB/msas/KaiB_148_unrelaxed_rank_002_alphafold2_ptm_model_4_seed_001.pdb,56.23450549450548,0.58664,0.57344,5
af_cluster_compar/KaiB/msas/KaiB_217_unrelaxed_rank_001_alphafold2_ptm_model_3_seed_001.pdb,64.50692307692307,0.51806,0.64506,6
af_cluster_compar/KaiB/msas/KaiB_070_unrelaxed_rank_003_alphafold2_ptm_model_3_seed_001.pdb,58.64505494505493,0.65072,0.49373,5
af_cluster_compar/KaiB/msas/KaiB_115_unrelaxed_rank_004_alphafold2_ptm_model_5_seed_001.pdb,55.92120879120876,0.49247,0.64344,4
af_cluster_compar/KaiB/msas/KaiB_124_unrelaxed_rank_005_alphafold2_ptm_model_2_seed_001.pdb,53.46538461538463,0.55168,0.50773,9
af_cluster_compar/KaiB/msas/KaiB_161_unrelaxed_rank_003_alphafold2_ptm_model_2_seed_001.pdb,57.18373626373628,0.45758,0.6327,21
af_cluster_compar/KaiB/msas/KaiB_100_unrelaxed_rank_004_alphafold2_ptm_model_1_seed_001.pdb,72.90912087912089,0.49462,0.77628,6
af_cluster_compar/KaiB/msas/KaiB_195_unrelaxed_rank_004_alphafold2_ptm_model_1_seed_001.pdb,58.563186813186796,0.50064,0.71195,5
af_cluster_compar/KaiB/msas/KaiB_234_unrelaxed_rank_005_alphafold2_ptm_model_4_seed_001.pdb,52.181428571428576,0.58794,0.53669,8
af_cluster_compar/KaiB/msas/KaiB_046_unrelaxed_rank_005_alphafold2_ptm_model_1_seed_001.pdb,62.36252747252746,0.56121,0.63513,42
af_cluster_compar/KaiB/msas/KaiB_018_unrelaxed_rank_003_alphafold2_ptm_model_5_seed_001.pdb,78.12373626373628,0.52661,0.86504,6
af_cluster_compar/KaiB/msas/KaiB_040_unrelaxed_rank_004_alphafold2_ptm_model_4_seed_001.pdb,62.600989010989004,0.45323,0.72205,6
af_cluster_compar/KaiB/msas/KaiB_020_unrelaxed_rank_003_alphafold2_ptm_model_3_seed_001.pdb,90.31417582417582,0.50276,0.83486,59
af_cluster_compar/KaiB/msas/KaiB_210_unrelaxed_rank_005_alphafold2_ptm_model_1_seed_001.pdb,55.30802197802195,0.57094,0.50645,12
af_cluster_compar/KaiB/msas/KaiB_238_unrelaxed_rank_003_alphafold2_ptm_model_2_seed_001.pdb,70.81000000000002,0.84088,0.55467,11
af_cluster_compar/KaiB/msas/KaiB_177_unrelaxed_rank_001_alphafold2_ptm_model_4_seed_001.pdb,88.37527472527478,0.49454,0.79043,16
af_cluster_compar/KaiB/msas/KaiB_068_unrelaxed_rank_002_alphafold2_ptm_model_1_seed_001.pdb,86.36615384615384,0.48815,0.78527,10
af_cluster_compar/KaiB/msas/KaiB_209_unrelaxed_rank_003_alphafold2_ptm_model_1_seed_001.pdb,76.59131868131867,0.49327,0.79143,6
af_cluster_compar/KaiB/msas/KaiB_189_unrelaxed_rank_001_alphafold2_ptm_model_5_seed_001.pdb,81.76021978021974,0.51605,0.8083,10
af_cluster_compar/KaiB/msas/KaiB_164_unrelaxed_rank_005_alphafold2_ptm_model_2_seed_001.pdb,66.03901098901099,0.50116,0.65531,33
af_cluster_compar/KaiB/msas/KaiB_169_unrelaxed_rank_003_alphafold2_ptm_model_1_seed_001.pdb,58.73967032967033,0.49666,0.58091,7
af_cluster_compar/KaiB/msas/KaiB_029_unrelaxed_rank_003_alphafold2_ptm_model_1_seed_001.pdb,59.518131868131874,0.48719,0.55968,4
af_cluster_compar/KaiB/msas/KaiB_057_unrelaxed_rank_001_alphafold2_ptm_model_4_seed_001.pdb,62.313626373626356,0.56296,0.57061,10
af_cluster_compar/KaiB/msas/KaiB_200_unrelaxed_rank_002_alphafold2_ptm_model_2_seed_001.pdb,87.71032967032967,0.49864,0.78977,13
af_cluster_compar/KaiB/msas/KaiB_106_unrelaxed_rank_001_alphafold2_ptm_model_5_seed_001.pdb,77.72714285714284,0.50708,0.81971,8
af_cluster_compar/KaiB/msas/KaiB_245_unrelaxed_rank_005_alphafold2_ptm_model_1_seed_001.pdb,70.13527472527474,0.50413,0.76666,8
af_cluster_compar/KaiB/msas/KaiB_121_unrelaxed_rank_004_alphafold2_ptm_model_1_seed_001.pdb,49.86692307692308,0.55953,0.50656,6
af_cluster_compar/KaiB/msas/KaiB_064_unrelaxed_rank_003_alphafold2_ptm_model_1_seed_001.pdb,83.24197802197804,0.48254,0.77129,7
af_cluster_compar/KaiB/msas/KaiB_176_unrelaxed_rank_005_alphafold2_ptm_model_1_seed_001.pdb,54.18274725274726,0.58286,0.52969,5
af_cluster_compar/KaiB/msas/KaiB_159_unrelaxed_rank_005_alphafold2_ptm_model_2_seed_001.pdb,58.05681318681316,0.44621,0.63621,9
af_cluster_compar/KaiB/msas/KaiB_223_unrelaxed_rank_001_alphafold2_ptm_model_3_seed_001.pdb,73.09934065934065,0.53055,0.79888,4
af_cluster_compar/KaiB/msas/KaiB_059_unrelaxed_rank_003_alphafold2_ptm_model_4_seed_001.pdb,67.78890109890106,0.50291,0.76956,4
af_cluster_compar/KaiB/msas/KaiB_044_unrelaxed_rank_003_alphafold2_ptm_model_2_seed_001.pdb,68.09582417582416,0.53149,0.63173,13
af_cluster_compar/KaiB/msas/KaiB_037_unrelaxed_rank_001_alphafold2_ptm_model_3_seed_001.pdb,59.16142857142856,0.56533,0.56459,5
af_cluster_compar/KaiB/msas/KaiB_117_unrelaxed_rank_004_alphafold2_ptm_model_2_seed_001.pdb,57.775714285714265,0.58726,0.51471,5
af_cluster_compar/KaiB/msas/KaiB_120_unrelaxed_rank_003_alphafold2_ptm_model_1_seed_001.pdb,65.67043956043953,0.493,0.73709,33
af_cluster_compar/KaiB/msas/KaiB_078_unrelaxed_rank_002_alphafold2_ptm_model_4_seed_001.pdb,87.94109890109888,0.51173,0.75557,13
af_cluster_compar/KaiB/msas/KaiB_054_unrelaxed_rank_001_alphafold2_ptm_model_4_seed_001.pdb,75.72109890109888,0.50025,0.7955,14
af_cluster_compar/KaiB/msas/KaiB_085_unrelaxed_rank_004_alphafold2_ptm_model_5_seed_001.pdb,64.57725274725274,0.47669,0.57781,8
af_cluster_compar/KaiB/msas/KaiB_015_unrelaxed_rank_003_alphafold2_ptm_model_3_seed_001.pdb,71.21835164835169,0.49392,0.79261,37
af_cluster_compar/KaiB/msas/KaiB_011_unrelaxed_rank_004_alphafold2_ptm_model_2_seed_001.pdb,88.65637362637366,0.48449,0.79456,55
af_cluster_compar/KaiB/msas/KaiB_026_unrelaxed_rank_005_alphafold2_ptm_model_2_seed_001.pdb,57.870989010989014,0.5879,0.54049,5
af_cluster_compar/KaiB/msas/KaiB_022_unrelaxed_rank_003_alphafold2_ptm_model_3_seed_001.pdb,71.26296703296704,0.49372,0.73147,57
af_cluster_compar/KaiB/msas/KaiB_158_unrelaxed_rank_002_alphafold2_ptm_model_1_seed_001.pdb,75.31307692307693,0.49462,0.79893,5
af_cluster_compar/KaiB/msas/KaiB_241_unrelaxed_rank_001_alphafold2_ptm_model_2_seed_001.pdb,76.09274725274726,0.50457,0.82412,4
af_cluster_compar/KaiB/msas/KaiB_104_unrelaxed_rank_001_alphafold2_ptm_model_1_seed_001.pdb,78.07186813186813,0.49145,0.76589,12
af_cluster_compar/KaiB/msas/KaiB_147_unrelaxed_rank_001_alphafold2_ptm_model_4_seed_001.pdb,61.627912087912094,0.47693,0.69188,4
af_cluster_compar/KaiB/msas/KaiB_061_unrelaxed_rank_005_alphafold2_ptm_model_1_seed_001.pdb,62.42780219780218,0.48106,0.69811,4
af_cluster_compar/KaiB/msas/KaiB_187_unrelaxed_rank_004_alphafold2_ptm_model_4_seed_001.pdb,67.44021978021976,0.72098,0.56355,10
af_cluster_compar/KaiB/msas/KaiB_159_unrelaxed_rank_001_alphafold2_ptm_model_4_seed_001.pdb,87.17879120879124,0.51161,0.87348,9
af_cluster_compar/KaiB/msas/KaiB_200_unrelaxed_rank_003_alphafold2_ptm_model_1_seed_001.pdb,83.199010989011,0.48658,0.80028,13
af_cluster_compar/KaiB/msas/KaiB_086_unrelaxed_rank_002_alphafold2_ptm_model_3_seed_001.pdb,59.604835164835166,0.58633,0.52615,4
af_cluster_compar/KaiB/msas/KaiB_054_unrelaxed_rank_004_alphafold2_ptm_model_2_seed_001.pdb,68.66604395604398,0.49013,0.76047,14
af_cluster_compar/KaiB/msas/KaiB_040_unrelaxed_rank_002_alphafold2_ptm_model_2_seed_001.pdb,86.1886813186813,0.48408,0.80047,6
af_cluster_compar/KaiB/msas/KaiB_160_unrelaxed_rank_003_alphafold2_ptm_model_2_seed_001.pdb,62.02879120879119,0.8012,0.53864,22
af_cluster_compar/KaiB/msas/KaiB_188_unrelaxed_rank_003_alphafold2_ptm_model_2_seed_001.pdb,61.49692307692306,0.59653,0.53247,17
af_cluster_compar/KaiB/msas/KaiB_108_unrelaxed_rank_001_alphafold2_ptm_model_3_seed_001.pdb,80.21483516483515,0.53982,0.84345,310
af_cluster_compar/KaiB/msas/KaiB_122_unrelaxed_rank_001_alphafold2_ptm_model_5_seed_001.pdb,79.48175824175823,0.92502,0.5318,11
af_cluster_compar/KaiB/msas/KaiB_007_unrelaxed_rank_004_alphafold2_ptm_model_2_seed_001.pdb,68.31692307692308,0.85158,0.54179,4
af_cluster_compar/KaiB/msas/KaiB_114_unrelaxed_rank_005_alphafold2_ptm_model_2_seed_001.pdb,68.82164835164832,0.50566,0.79195,13
af_cluster_compar/KaiB/msas/KaiB_081_unrelaxed_rank_005_alphafold2_ptm_model_2_seed_001.pdb,59.82549450549451,0.5627,0.55202,9
af_cluster_compar/KaiB/msas/KaiB_145_unrelaxed_rank_004_alphafold2_ptm_model_3_seed_001.pdb,57.80505494505492,0.52112,0.66411,4
af_cluster_compar/KaiB/msas/KaiB_110_unrelaxed_rank_003_alphafold2_ptm_model_1_seed_001.pdb,66.20153846153842,0.49867,0.66698,5
af_cluster_compar/KaiB/msas/KaiB_220_unrelaxed_rank_005_alphafold2_ptm_model_4_seed_001.pdb,64.17648351648351,0.52029,0.75643,4
af_cluster_compar/KaiB/msas/KaiB_124_unrelaxed_rank_002_alphafold2_ptm_model_3_seed_001.pdb,59.46923076923082,0.57861,0.55206,9
af_cluster_compar/KaiB/msas/KaiB_136_unrelaxed_rank_001_alphafold2_ptm_model_3_seed_001.pdb,68.27054945054945,0.71661,0.50444,4
af_cluster_compar/KaiB/msas/KaiB_134_unrelaxed_rank_003_alphafold2_ptm_model_4_seed_001.pdb,59.647472527472516,0.47132,0.64656,12
af_cluster_compar/KaiB/msas/KaiB_155_unrelaxed_rank_004_alphafold2_ptm_model_1_seed_001.pdb,60.69307692307693,0.70191,0.48115,7
af_cluster_compar/KaiB/msas/KaiB_166_unrelaxed_rank_004_alphafold2_ptm_model_5_seed_001.pdb,61.628461538461565,0.66568,0.54766,4
af_cluster_compar/KaiB/msas/KaiB_207_unrelaxed_rank_003_alphafold2_ptm_model_3_seed_001.pdb,74.41725274725273,0.84041,0.5424,5
af_cluster_compar/KaiB/msas/KaiB_137_unrelaxed_rank_002_alphafold2_ptm_model_3_seed_001.pdb,73.76736263736264,0.86407,0.55064,4
af_cluster_compar/KaiB/msas/KaiB_049_unrelaxed_rank_001_alphafold2_ptm_model_3_seed_001.pdb,64.42560439560438,0.60675,0.57629,8
af_cluster_compar/KaiB/msas/KaiB_066_unrelaxed_rank_001_alphafold2_ptm_model_4_seed_001.pdb,70.62010989010993,0.50087,0.75928,4
af_cluster_compar/KaiB/msas/KaiB_026_unrelaxed_rank_001_alphafold2_ptm_model_4_seed_001.pdb,88.01153846153845,0.51885,0.87118,5
af_cluster_compar/KaiB/msas/KaiB_124_unrelaxed_rank_004_alphafold2_ptm_model_4_seed_001.pdb,56.19494505494505,0.57572,0.56528,9
af_cluster_compar/KaiB/msas/KaiB_101_unrelaxed_rank_003_alphafold2_ptm_model_5_seed_001.pdb,53.077252747252736,0.57249,0.49292,5
af_cluster_compar/KaiB/msas/KaiB_239_unrelaxed_rank_004_alphafold2_ptm_model_1_seed_001.pdb,49.40835164835163,0.50331,0.61237,4
af_cluster_compar/KaiB/msas/KaiB_128_unrelaxed_rank_004_alphafold2_ptm_model_1_seed_001.pdb,57.20186813186812,0.69118,0.54769,9
af_cluster_compar/KaiB/msas/KaiB_083_unrelaxed_rank_003_alphafold2_ptm_model_5_seed_001.pdb,63.89692307692307,0.55313,0.72173,6
af_cluster_compar/KaiB/msas/KaiB_011_unrelaxed_rank_005_alphafold2_ptm_model_5_seed_001.pdb,86.21769230769235,0.48228,0.78399,55
af_cluster_compar/KaiB/msas/KaiB_066_unrelaxed_rank_005_alphafold2_ptm_model_5_seed_001.pdb,53.86802197802199,0.56714,0.52491,4
af_cluster_compar/KaiB/msas/KaiB_012_unrelaxed_rank_005_alphafold2_ptm_model_4_seed_001.pdb,61.35846153846152,0.7584,0.5294,5
af_cluster_compar/KaiB/msas/KaiB_032_unrelaxed_rank_002_alphafold2_ptm_model_1_seed_001.pdb,84.09670329670327,0.51384,0.8363,5
af_cluster_compar/KaiB/msas/KaiB_096_unrelaxed_rank_001_alphafold2_ptm_model_3_seed_001.pdb,55.13032967032966,0.5732,0.53436,4
af_cluster_compar/KaiB/msas/KaiB_223_unrelaxed_rank_005_alphafold2_ptm_model_4_seed_001.pdb,62.39824175824174,0.53846,0.55931,4
af_cluster_compar/KaiB/msas/KaiB_165_unrelaxed_rank_002_alphafold2_ptm_model_4_seed_001.pdb,60.73461538461539,0.56674,0.52858,5
af_cluster_compar/KaiB/msas/KaiB_206_unrelaxed_rank_001_alphafold2_ptm_model_3_seed_001.pdb,65.58164835164835,0.57165,0.51718,4
af_cluster_compar/KaiB/msas/KaiB_193_unrelaxed_rank_004_alphafold2_ptm_model_2_seed_001.pdb,73.37692307692312,0.54501,0.7366,6
af_cluster_compar/KaiB/msas/KaiB_065_unrelaxed_rank_003_alphafold2_ptm_model_2_seed_001.pdb,75.21824175824176,0.49932,0.77025,6
af_cluster_compar/KaiB/msas/KaiB_193_unrelaxed_rank_002_alphafold2_ptm_model_5_seed_001.pdb,84.47285714285714,0.53534,0.86516,6
af_cluster_compar/KaiB/msas/KaiB_202_unrelaxed_rank_004_alphafold2_ptm_model_3_seed_001.pdb,62.72142857142861,0.4756,0.6829,6
af_cluster_compar/KaiB/msas/KaiB_237_unrelaxed_rank_001_alphafold2_ptm_model_3_seed_001.pdb,71.48626373626372,0.54113,0.78481,4
af_cluster_compar/KaiB/msas/KaiB_139_unrelaxed_rank_001_alphafold2_ptm_model_5_seed_001.pdb,72.58010989010991,0.53864,0.80309,7
af_cluster_compar/KaiB/msas/KaiB_018_unrelaxed_rank_001_alphafold2_ptm_model_3_seed_001.pdb,79.32923076923078,0.53578,0.8548,6
af_cluster_compar/KaiB/msas/KaiB_170_unrelaxed_rank_001_alphafold2_ptm_model_5_seed_001.pdb,84.25901098901099,0.50021,0.7815,4
af_cluster_compar/KaiB/msas/KaiB_219_unrelaxed_rank_003_alphafold2_ptm_model_1_seed_001.pdb,63.665384615384596,0.49262,0.68,4
af_cluster_compar/KaiB/msas/KaiB_222_unrelaxed_rank_004_alphafold2_ptm_model_5_seed_001.pdb,76.15153846153844,0.51928,0.86648,7
af_cluster_compar/KaiB/msas/KaiB_042_unrelaxed_rank_001_alphafold2_ptm_model_3_seed_001.pdb,81.87934065934067,0.91669,0.54246,6
af_cluster_compar/KaiB/msas/KaiB_091_unrelaxed_rank_002_alphafold2_ptm_model_3_seed_001.pdb,70.87307692307694,0.50282,0.6613,7
af_cluster_compar/KaiB/msas/KaiB_160_unrelaxed_rank_001_alphafold2_ptm_model_3_seed_001.pdb,62.43637362637364,0.77005,0.50792,22
af_cluster_compar/KaiB/msas/KaiB_179_unrelaxed_rank_003_alphafold2_ptm_model_2_seed_001.pdb,70.49879120879122,0.52984,0.67947,11
af_cluster_compar/KaiB/msas/KaiB_014_unrelaxed_rank_003_alphafold2_ptm_model_3_seed_001.pdb,71.93846153846154,0.84817,0.56,4
af_cluster_compar/KaiB/msas/KaiB_197_unrelaxed_rank_002_alphafold2_ptm_model_5_seed_001.pdb,85.20296703296707,0.49228,0.78379,7
af_cluster_compar/KaiB/msas/KaiB_126_unrelaxed_rank_003_alphafold2_ptm_model_2_seed_001.pdb,55.848351648351674,0.52718,0.52172,13
af_cluster_compar/KaiB/msas/KaiB_135_unrelaxed_rank_003_alphafold2_ptm_model_1_seed_001.pdb,70.32494505494505,0.51478,0.78817,5
af_cluster_compar/KaiB/msas/KaiB_043_unrelaxed_rank_003_alphafold2_ptm_model_2_seed_001.pdb,75.38593406593408,0.51113,0.79393,21
af_cluster_compar/KaiB/msas/KaiB_204_unrelaxed_rank_004_alphafold2_ptm_model_2_seed_001.pdb,51.79461538461541,0.56436,0.48586,4
af_cluster_compar/KaiB/msas/KaiB_107_unrelaxed_rank_002_alphafold2_ptm_model_4_seed_001.pdb,74.0808791208791,0.52221,0.82795,4
af_cluster_compar/KaiB/msas/KaiB_189_unrelaxed_rank_005_alphafold2_ptm_model_2_seed_001.pdb,58.329010989010996,0.51485,0.57827,10
af_cluster_compar/KaiB/msas/KaiB_170_unrelaxed_rank_002_alphafold2_ptm_model_1_seed_001.pdb,79.28219780219781,0.49072,0.75258,4
af_cluster_compar/KaiB/msas/KaiB_167_unrelaxed_rank_001_alphafold2_ptm_model_5_seed_001.pdb,71.75967032967031,0.54634,0.85174,5
af_cluster_compar/KaiB/msas/KaiB_095_unrelaxed_rank_002_alphafold2_ptm_model_3_seed_001.pdb,68.36208791208792,0.51951,0.64219,9
af_cluster_compar/KaiB/msas/KaiB_081_unrelaxed_rank_004_alphafold2_ptm_model_1_seed_001.pdb,73.59505494505495,0.4882,0.75264,9
af_cluster_compar/KaiB/msas/KaiB_186_unrelaxed_rank_003_alphafold2_ptm_model_3_seed_001.pdb,78.3520879120879,0.57566,0.64145,13
af_cluster_compar/KaiB/msas/KaiB_223_unrelaxed_rank_004_alphafold2_ptm_model_5_seed_001.pdb,69.72659340659341,0.51937,0.85209,4
af_cluster_compar/KaiB/msas/KaiB_071_unrelaxed_rank_002_alphafold2_ptm_model_4_seed_001.pdb,54.810659340659306,0.60268,0.57584,4
af_cluster_compar/KaiB/msas/KaiB_166_unrelaxed_rank_005_alphafold2_ptm_model_1_seed_001.pdb,58.01978021978023,0.57648,0.53356,4
af_cluster_compar/KaiB/msas/KaiB_065_unrelaxed_rank_004_alphafold2_ptm_model_1_seed_001.pdb,55.32780219780221,0.51135,0.55529,6
af_cluster_compar/KaiB/msas/KaiB_024_unrelaxed_rank_005_alphafold2_ptm_model_2_seed_001.pdb,69.17582417582416,0.51839,0.75721,5
af_cluster_compar/KaiB/msas/KaiB_123_unrelaxed_rank_003_alphafold2_ptm_model_4_seed_001.pdb,68.73516483516484,0.51553,0.73314,5
af_cluster_compar/KaiB/msas/KaiB_033_unrelaxed_rank_001_alphafold2_ptm_model_3_seed_001.pdb,70.47945054945056,0.69225,0.48813,7
af_cluster_compar/KaiB/msas/KaiB_217_unrelaxed_rank_005_alphafold2_ptm_model_2_seed_001.pdb,53.80175824175825,0.5022,0.58467,6
af_cluster_compar/KaiB/msas/KaiB_064_unrelaxed_rank_004_alphafold2_ptm_model_3_seed_001.pdb,57.86340659340661,0.57188,0.51937,7
af_cluster_compar/KaiB/msas/KaiB_021_unrelaxed_rank_002_alphafold2_ptm_model_4_seed_001.pdb,85.920989010989,0.50163,0.81208,10
af_cluster_compar/KaiB/msas/KaiB_199_unrelaxed_rank_001_alphafold2_ptm_model_4_seed_001.pdb,76.85791208791207,0.53592,0.78154,16
af_cluster_compar/KaiB/msas/KaiB_035_unrelaxed_rank_003_alphafold2_ptm_model_2_seed_001.pdb,54.93010989010986,0.57736,0.62562,11
af_cluster_compar/KaiB/msas/KaiB_164_unrelaxed_rank_003_alphafold2_ptm_model_3_seed_001.pdb,80.25571428571426,0.51868,0.84565,33
af_cluster_compar/KaiB/msas/KaiB_039_unrelaxed_rank_002_alphafold2_ptm_model_4_seed_001.pdb,89.14153846153847,0.51061,0.80723,58
af_cluster_compar/KaiB/msas/KaiB_061_unrelaxed_rank_004_alphafold2_ptm_model_3_seed_001.pdb,65.70516483516482,0.51127,0.68302,4
af_cluster_compar/KaiB/msas/KaiB_107_unrelaxed_rank_004_alphafold2_ptm_model_2_seed_001.pdb,58.26230769230767,0.47194,0.65879,4
af_cluster_compar/KaiB/msas/KaiB_067_unrelaxed_rank_003_alphafold2_ptm_model_1_seed_001.pdb,68.99813186813189,0.50401,0.68666,7
af_cluster_compar/KaiB/msas/KaiB_089_unrelaxed_rank_004_alphafold2_ptm_model_5_seed_001.pdb,67.44890109890112,0.49527,0.72754,4
af_cluster_compar/KaiB/msas/KaiB_234_unrelaxed_rank_002_alphafold2_ptm_model_5_seed_001.pdb,62.7532967032967,0.46567,0.71035,8
af_cluster_compar/KaiB/msas/KaiB_021_unrelaxed_rank_001_alphafold2_ptm_model_1_seed_001.pdb,87.30527472527473,0.48677,0.80846,10
af_cluster_compar/KaiB/msas/KaiB_230_unrelaxed_rank_004_alphafold2_ptm_model_4_seed_001.pdb,73.41549450549452,0.53079,0.7511,19
af_cluster_compar/KaiB/msas/KaiB_084_unrelaxed_rank_001_alphafold2_ptm_model_5_seed_001.pdb,75.45164835164833,0.5181,0.87842,7
af_cluster_compar/KaiB/msas/KaiB_175_unrelaxed_rank_003_alphafold2_ptm_model_5_seed_001.pdb,62.72637362637365,0.60738,0.61692,13
af_cluster_compar/KaiB/msas/KaiB_230_unrelaxed_rank_002_alphafold2_ptm_model_2_seed_001.pdb,76.28197802197803,0.53183,0.85576,19
af_cluster_compar/KaiB/msas/KaiB_082_unrelaxed_rank_001_alphafold2_ptm_model_2_seed_001.pdb,70.25362637362637,0.44567,0.63825,5
af_cluster_compar/KaiB/msas/KaiB_194_unrelaxed_rank_002_alphafold2_ptm_model_5_seed_001.pdb,81.33956043956043,0.91623,0.54918,13
af_cluster_compar/KaiB/msas/KaiB_202_unrelaxed_rank_003_alphafold2_ptm_model_4_seed_001.pdb,76.36186813186812,0.48924,0.7355,6
af_cluster_compar/KaiB/msas/KaiB_121_unrelaxed_rank_002_alphafold2_ptm_model_2_seed_001.pdb,53.9697802197802,0.57706,0.53282,6
af_cluster_compar/KaiB/msas/KaiB_051_unrelaxed_rank_005_alphafold2_ptm_model_2_seed_001.pdb,60.07747252747253,0.5016,0.72047,6
af_cluster_compar/KaiB/msas/KaiB_198_unrelaxed_rank_002_alphafold2_ptm_model_1_seed_001.pdb,67.28054945054946,0.69776,0.48703,6
af_cluster_compar/KaiB/msas/KaiB_092_unrelaxed_rank_002_alphafold2_ptm_model_4_seed_001.pdb,65.2510989010989,0.83723,0.53933,4
af_cluster_compar/KaiB/msas/KaiB_244_unrelaxed_rank_004_alphafold2_ptm_model_1_seed_001.pdb,55.52923076923075,0.61817,0.53583,4
af_cluster_compar/KaiB/msas/KaiB_053_unrelaxed_rank_001_alphafold2_ptm_model_4_seed_001.pdb,89.61362637362642,0.49224,0.81741,40
af_cluster_compar/KaiB/msas/KaiB_183_unrelaxed_rank_002_alphafold2_ptm_model_1_seed_001.pdb,66.72659340659345,0.49418,0.72934,4
af_cluster_compar/KaiB/msas/KaiB_171_unrelaxed_rank_004_alphafold2_ptm_model_1_seed_001.pdb,63.731098901098875,0.65382,0.50677,5
af_cluster_compar/KaiB/msas/KaiB_066_unrelaxed_rank_002_alphafold2_ptm_model_3_seed_001.pdb,62.38274725274725,0.60188,0.55042,4
af_cluster_compar/KaiB/msas/KaiB_245_unrelaxed_rank_002_alphafold2_ptm_model_3_seed_001.pdb,78.0856043956044,0.51334,0.78727,8
af_cluster_compar/KaiB/msas/KaiB_021_unrelaxed_rank_003_alphafold2_ptm_model_5_seed_001.pdb,85.02340659340665,0.50103,0.80633,10
af_cluster_compar/KaiB/msas/KaiB_032_unrelaxed_rank_001_alphafold2_ptm_model_5_seed_001.pdb,84.25549450549448,0.53132,0.82484,5
af_cluster_compar/KaiB/msas/KaiB_219_unrelaxed_rank_002_alphafold2_ptm_model_3_seed_001.pdb,77.11076923076924,0.83446,0.54587,4
af_cluster_compar/KaiB/msas/KaiB_045_unrelaxed_rank_004_alphafold2_ptm_model_1_seed_001.pdb,68.41296703296705,0.48251,0.7159,13
af_cluster_compar/KaiB/msas/KaiB_033_unrelaxed_rank_005_alphafold2_ptm_model_4_seed_001.pdb,62.77999999999999,0.68852,0.50832,7
af_cluster_compar/KaiB/msas/KaiB_224_unrelaxed_rank_002_alphafold2_ptm_model_1_seed_001.pdb,57.64604395604393,0.49748,0.54702,6
af_cluster_compar/KaiB/msas/KaiB_104_unrelaxed_rank_005_alphafold2_ptm_model_5_seed_001.pdb,68.54494505494503,0.49651,0.77552,12
af_cluster_compar/KaiB/msas/KaiB_235_unrelaxed_rank_004_alphafold2_ptm_model_3_seed_001.pdb,62.72208791208789,0.59643,0.548,7
af_cluster_compar/KaiB/msas/KaiB_215_unrelaxed_rank_003_alphafold2_ptm_model_5_seed_001.pdb,62.92164835164835,0.49304,0.70708,4
af_cluster_compar/KaiB/msas/KaiB_100_unrelaxed_rank_003_alphafold2_ptm_model_2_seed_001.pdb,73.44868131868131,0.49973,0.76401,6
af_cluster_compar/KaiB/msas/KaiB_087_unrelaxed_rank_002_alphafold2_ptm_model_5_seed_001.pdb,68.79516483516484,0.49496,0.73265,5
af_cluster_compar/KaiB/msas/KaiB_035_unrelaxed_rank_005_alphafold2_ptm_model_4_seed_001.pdb,51.32615384615386,0.64026,0.54584,11
af_cluster_compar/KaiB/msas/KaiB_235_unrelaxed_rank_002_alphafold2_ptm_model_1_seed_001.pdb,82.61560439560444,0.51199,0.83283,7
af_cluster_compar/KaiB/msas/KaiB_166_unrelaxed_rank_002_alphafold2_ptm_model_3_seed_001.pdb,65.52164835164834,0.65495,0.53265,4
af_cluster_compar/KaiB/msas/KaiB_204_unrelaxed_rank_002_alphafold2_ptm_model_1_seed_001.pdb,62.412087912087884,0.60209,0.53414,4
af_cluster_compar/KaiB/msas/KaiB_155_unrelaxed_rank_002_alphafold2_ptm_model_3_seed_001.pdb,65.0257142857143,0.74898,0.49422,7
af_cluster_compar/KaiB/msas/KaiB_193_unrelaxed_rank_001_alphafold2_ptm_model_3_seed_001.pdb,87.02120879120879,0.52929,0.8687,6
af_cluster_compar/KaiB/msas/KaiB_052_unrelaxed_rank_003_alphafold2_ptm_model_2_seed_001.pdb,86.11494505494508,0.47624,0.80542,18
af_cluster_compar/KaiB/msas/KaiB_003_unrelaxed_rank_001_alphafold2_ptm_model_2_seed_001.pdb,75.33923076923077,0.49776,0.76447,8
