PDB,plddt,local_plddt,6xrg_A_loop_CA_rmsd,6xrg_dfg_all_rmsd,6xrg_composite_rmsd,seq_count,round
/fs/ess/PAA0203/xing244/AF_ClaSeq/results_NC_revision/ABL1/m_fold_random/01_m_fold_sampling/round_1/01_sampling/sampling_42/group_20_unrelaxed_rank_001_alphafold2_ptm_model_1_seed_042.pdb,84.66460431654677,68.306,17.39209,6.4016843,9.698805952072142,11,1
/fs/ess/PAA0203/xing244/AF_ClaSeq/results_NC_revision/ABL1/m_fold_random/01_m_fold_sampling/round_1/01_sampling/sampling_42/group_44_unrelaxed_rank_001_alphafold2_ptm_model_1_seed_042.pdb,82.8920143884892,59.7412,16.769232,6.200566,9.37116560935974,11,1
/fs/ess/PAA0203/xing244/AF_ClaSeq/results_NC_revision/ABL1/m_fold_random/01_m_fold_sampling/round_1/01_sampling/sampling_42/group_16_unrelaxed_rank_001_alphafold2_ptm_model_1_seed_042.pdb,84.34913669064747,65.12799999999999,16.73558,6.341832,9.459956645965576,11,1
/fs/ess/PAA0203/xing244/AF_ClaSeq/results_NC_revision/ABL1/m_fold_random/01_m_fold_sampling/round_1/01_sampling/sampling_42/group_8_unrelaxed_rank_001_alphafold2_ptm_model_1_seed_042.pdb,81.87374100719425,58.504000000000005,16.895199,5.431168,8.8703773021698,11,1
/fs/ess/PAA0203/xing244/AF_ClaSeq/results_NC_revision/ABL1/m_fold_random/01_m_fold_sampling/round_1/01_sampling/sampling_42/group_48_unrelaxed_rank_001_alphafold2_ptm_model_1_seed_042.pdb,78.45812949640288,69.4224,17.599695,6.589525,9.892576217651367,11,1
/fs/ess/PAA0203/xing244/AF_ClaSeq/results_NC_revision/ABL1/m_fold_random/01_m_fold_sampling/round_1/01_sampling/sampling_42/group_6_unrelaxed_rank_001_alphafold2_ptm_model_1_seed_042.pdb,86.11773381294964,75.4008,17.614138,6.53384,9.85792942047119,11,1
/fs/ess/PAA0203/xing244/AF_ClaSeq/results_NC_revision/ABL1/m_fold_random/01_m_fold_sampling/round_1/01_sampling/sampling_42/group_19_unrelaxed_rank_001_alphafold2_ptm_model_1_seed_042.pdb,83.50931654676259,57.512800000000006,16.909649,6.766791,9.809648275375366,11,1
/fs/ess/PAA0203/xing244/AF_ClaSeq/results_NC_revision/ABL1/m_fold_random/01_m_fold_sampling/round_1/01_sampling/sampling_42/group_13_unrelaxed_rank_001_alphafold2_ptm_model_1_seed_042.pdb,84.96845323741007,66.8176,16.766146,6.512882,9.588861274719237,11,1
/fs/ess/PAA0203/xing244/AF_ClaSeq/results_NC_revision/ABL1/m_fold_random/01_m_fold_sampling/round_1/01_sampling/sampling_42/group_28_unrelaxed_rank_001_alphafold2_ptm_model_1_seed_042.pdb,83.27575539568343,69.304,17.627228,6.422335,9.783802938461303,11,1
/fs/ess/PAA0203/xing244/AF_ClaSeq/results_NC_revision/ABL1/m_fold_random/01_m_fold_sampling/round_1/01_sampling/sampling_42/group_32_unrelaxed_rank_001_alphafold2_ptm_model_1_seed_042.pdb,86.46615107913668,74.32639999999999,17.495144,6.4245763,9.745746564865112,11,1
/fs/ess/PAA0203/xing244/AF_ClaSeq/results_NC_revision/ABL1/m_fold_random/01_m_fold_sampling/round_1/01_sampling/sampling_42/group_22_unrelaxed_rank_001_alphafold2_ptm_model_1_seed_042.pdb,86.21428057553955,73.0924,17.254206,6.3317695,9.608500337600708,11,1
/fs/ess/PAA0203/xing244/AF_ClaSeq/results_NC_revision/ABL1/m_fold_random/01_m_fold_sampling/round_1/01_sampling/sampling_42/group_7_unrelaxed_rank_001_alphafold2_ptm_model_1_seed_042.pdb,83.77061151079137,61.72960000000001,17.4294,6.4512033,9.744662189483641,11,1
/fs/ess/PAA0203/xing244/AF_ClaSeq/results_NC_revision/ABL1/m_fold_random/01_m_fold_sampling/round_1/01_sampling/sampling_42/group_21_unrelaxed_rank_001_alphafold2_ptm_model_1_seed_042.pdb,84.48654676258992,73.274,17.289213,6.3775134,9.651023340225219,11,1
/fs/ess/PAA0203/xing244/AF_ClaSeq/results_NC_revision/ABL1/m_fold_random/01_m_fold_sampling/round_1/01_sampling/sampling_42/group_41_unrelaxed_rank_001_alphafold2_ptm_model_1_seed_042.pdb,82.63658273381296,57.298,16.65495,6.220356,9.350733947753906,11,1
/fs/ess/PAA0203/xing244/AF_ClaSeq/results_NC_revision/ABL1/m_fold_random/01_m_fold_sampling/round_1/01_sampling/sampling_42/group_31_unrelaxed_rank_001_alphafold2_ptm_model_1_seed_042.pdb,81.42539568345323,47.8452,15.96493,6.6957135,9.476478338241577,11,1
/fs/ess/PAA0203/xing244/AF_ClaSeq/results_NC_revision/ABL1/m_fold_random/01_m_fold_sampling/round_1/01_sampling/sampling_42/group_46_unrelaxed_rank_001_alphafold2_ptm_model_1_seed_042.pdb,86.47205035971223,69.7292,17.35723,6.3409557,9.645837783813477,11,1
/fs/ess/PAA0203/xing244/AF_ClaSeq/results_NC_revision/ABL1/m_fold_random/01_m_fold_sampling/round_1/01_sampling/sampling_42/group_17_unrelaxed_rank_001_alphafold2_ptm_model_1_seed_042.pdb,88.01489208633093,84.9,17.406832,6.485025,9.761566972732544,11,1
/fs/ess/PAA0203/xing244/AF_ClaSeq/results_NC_revision/ABL1/m_fold_random/01_m_fold_sampling/round_1/01_sampling/sampling_42/group_14_unrelaxed_rank_001_alphafold2_ptm_model_1_seed_042.pdb,88.59964028776977,86.0784,17.209192,6.27931,9.558274841308593,11,1
/fs/ess/PAA0203/xing244/AF_ClaSeq/results_NC_revision/ABL1/m_fold_random/01_m_fold_sampling/round_1/01_sampling/sampling_42/group_4_unrelaxed_rank_001_alphafold2_ptm_model_1_seed_042.pdb,80.19485611510791,48.9792,17.156313,6.623478,9.783328437805174,11,1
/fs/ess/PAA0203/xing244/AF_ClaSeq/results_NC_revision/ABL1/m_fold_random/01_m_fold_sampling/round_1/01_sampling/sampling_42/group_12_unrelaxed_rank_001_alphafold2_ptm_model_1_seed_042.pdb,83.19553956834532,51.221199999999996,18.00854,6.260562,9.78495512008667,11,1
/fs/ess/PAA0203/xing244/AF_ClaSeq/results_NC_revision/ABL1/m_fold_random/01_m_fold_sampling/round_1/01_sampling/sampling_42/group_38_unrelaxed_rank_001_alphafold2_ptm_model_1_seed_042.pdb,82.8265107913669,56.22160000000001,16.673365,6.0815096,9.259066104888916,11,1
/fs/ess/PAA0203/xing244/AF_ClaSeq/results_NC_revision/ABL1/m_fold_random/01_m_fold_sampling/round_1/01_sampling/sampling_42/group_15_unrelaxed_rank_001_alphafold2_ptm_model_1_seed_042.pdb,82.0208273381295,56.445600000000006,16.30221,6.625901,9.528793811798096,11,1
/fs/ess/PAA0203/xing244/AF_ClaSeq/results_NC_revision/ABL1/m_fold_random/01_m_fold_sampling/round_1/01_sampling/sampling_42/group_23_unrelaxed_rank_001_alphafold2_ptm_model_1_seed_042.pdb,83.11715827338129,61.166,17.39832,6.23343,9.582896709442139,11,1
/fs/ess/PAA0203/xing244/AF_ClaSeq/results_NC_revision/ABL1/m_fold_random/01_m_fold_sampling/round_1/01_sampling/sampling_42/group_5_unrelaxed_rank_001_alphafold2_ptm_model_1_seed_042.pdb,87.20841726618706,81.14439999999999,17.387142,6.3033247,9.628469944000244,11,1
/fs/ess/PAA0203/xing244/AF_ClaSeq/results_NC_revision/ABL1/m_fold_random/01_m_fold_sampling/round_1/01_sampling/sampling_42/group_33_unrelaxed_rank_001_alphafold2_ptm_model_1_seed_042.pdb,82.66543165467625,53.382,17.271498,6.4880157,9.723060274124144,11,1
/fs/ess/PAA0203/xing244/AF_ClaSeq/results_NC_revision/ABL1/m_fold_random/01_m_fold_sampling/round_1/01_sampling/sampling_42/group_27_unrelaxed_rank_001_alphafold2_ptm_model_1_seed_042.pdb,85.57248201438848,76.5484,17.251013,6.1886134,9.50733323097229,11,1
/fs/ess/PAA0203/xing244/AF_ClaSeq/results_NC_revision/ABL1/m_fold_random/01_m_fold_sampling/round_1/01_sampling/sampling_42/group_42_unrelaxed_rank_001_alphafold2_ptm_model_1_seed_042.pdb,87.45057553956835,77.7584,17.20474,6.3680353,9.619046878814697,11,1
/fs/ess/PAA0203/xing244/AF_ClaSeq/results_NC_revision/ABL1/m_fold_random/01_m_fold_sampling/round_1/01_sampling/sampling_42/group_10_unrelaxed_rank_001_alphafold2_ptm_model_1_seed_042.pdb,85.58474820143884,73.30040000000001,17.664015,6.4096975,9.78599271774292,11,1
/fs/ess/PAA0203/xing244/AF_ClaSeq/results_NC_revision/ABL1/m_fold_random/01_m_fold_sampling/round_1/01_sampling/sampling_42/group_37_unrelaxed_rank_001_alphafold2_ptm_model_1_seed_042.pdb,84.23604316546763,66.2872,17.195095,6.7023773,9.850192642211914,11,1
/fs/ess/PAA0203/xing244/AF_ClaSeq/results_NC_revision/ABL1/m_fold_random/01_m_fold_sampling/round_1/01_sampling/sampling_42/group_29_unrelaxed_rank_001_alphafold2_ptm_model_1_seed_042.pdb,84.06482014388489,69.5408,17.20464,6.5292926,9.73189663887024,11,1
/fs/ess/PAA0203/xing244/AF_ClaSeq/results_NC_revision/ABL1/m_fold_random/01_m_fold_sampling/round_1/01_sampling/sampling_42/group_18_unrelaxed_rank_001_alphafold2_ptm_model_1_seed_042.pdb,85.5639928057554,67.5376,17.076548,6.333779,9.556609487533567,11,1
/fs/ess/PAA0203/xing244/AF_ClaSeq/results_NC_revision/ABL1/m_fold_random/01_m_fold_sampling/round_1/01_sampling/sampling_42/group_43_unrelaxed_rank_001_alphafold2_ptm_model_1_seed_042.pdb,86.3963309352518,70.7388,17.326246,6.4837465,9.736496448516846,11,1
/fs/ess/PAA0203/xing244/AF_ClaSeq/results_NC_revision/ABL1/m_fold_random/01_m_fold_sampling/round_1/01_sampling/sampling_42/group_25_unrelaxed_rank_001_alphafold2_ptm_model_1_seed_042.pdb,86.02942446043166,65.4468,17.419874,6.3608017,9.678523445129393,11,1
/fs/ess/PAA0203/xing244/AF_ClaSeq/results_NC_revision/ABL1/m_fold_random/01_m_fold_sampling/round_1/01_sampling/sampling_42/group_3_unrelaxed_rank_001_alphafold2_ptm_model_1_seed_042.pdb,85.871654676259,76.498,17.34541,6.2251678,9.561240243911744,11,1
/fs/ess/PAA0203/xing244/AF_ClaSeq/results_NC_revision/ABL1/m_fold_random/01_m_fold_sampling/round_1/01_sampling/sampling_42/group_34_unrelaxed_rank_001_alphafold2_ptm_model_1_seed_042.pdb,85.27079136690647,71.632,17.612507,6.2612653,9.666637754440307,11,1
/fs/ess/PAA0203/xing244/AF_ClaSeq/results_NC_revision/ABL1/m_fold_random/01_m_fold_sampling/round_1/01_sampling/sampling_42/group_9_unrelaxed_rank_001_alphafold2_ptm_model_1_seed_042.pdb,87.44025179856115,79.73559999999999,17.462553,6.376238,9.702132415771484,11,1
/fs/ess/PAA0203/xing244/AF_ClaSeq/results_NC_revision/ABL1/m_fold_random/01_m_fold_sampling/round_1/01_sampling/sampling_42/group_47_unrelaxed_rank_001_alphafold2_ptm_model_1_seed_042.pdb,85.87830935251797,64.8584,17.179134,6.305834,9.567823982238767,11,1
/fs/ess/PAA0203/xing244/AF_ClaSeq/results_NC_revision/ABL1/m_fold_random/01_m_fold_sampling/round_1/01_sampling/sampling_42/group_35_unrelaxed_rank_001_alphafold2_ptm_model_1_seed_042.pdb,80.9305035971223,46.79639999999999,14.189987,7.433957,9.460766124725343,11,1
/fs/ess/PAA0203/xing244/AF_ClaSeq/results_NC_revision/ABL1/m_fold_random/01_m_fold_sampling/round_1/01_sampling/sampling_42/group_24_unrelaxed_rank_001_alphafold2_ptm_model_1_seed_042.pdb,82.46888489208632,60.095200000000006,17.180769,6.4256225,9.652166414260863,11,1
/fs/ess/PAA0203/xing244/AF_ClaSeq/results_NC_revision/ABL1/m_fold_random/01_m_fold_sampling/round_1/01_sampling/sampling_42/group_40_unrelaxed_rank_001_alphafold2_ptm_model_1_seed_042.pdb,83.09874100719425,68.2968,17.17467,5.9944053,9.348484468460082,11,1
/fs/ess/PAA0203/xing244/AF_ClaSeq/results_NC_revision/ABL1/m_fold_random/01_m_fold_sampling/round_1/01_sampling/sampling_42/group_1_unrelaxed_rank_001_alphafold2_ptm_model_1_seed_042.pdb,80.4029856115108,45.92759999999999,17.310747,6.1786265,9.518262720108032,11,1
/fs/ess/PAA0203/xing244/AF_ClaSeq/results_NC_revision/ABL1/m_fold_random/01_m_fold_sampling/round_1/01_sampling/sampling_42/group_30_unrelaxed_rank_001_alphafold2_ptm_model_1_seed_042.pdb,86.12035971223021,70.73360000000001,17.356329,6.4401827,9.715026569366454,11,1
/fs/ess/PAA0203/xing244/AF_ClaSeq/results_NC_revision/ABL1/m_fold_random/01_m_fold_sampling/round_1/01_sampling/sampling_42/group_26_unrelaxed_rank_001_alphafold2_ptm_model_1_seed_042.pdb,84.36982014388491,79.3524,17.282322,6.3435645,9.625191736221312,11,1
/fs/ess/PAA0203/xing244/AF_ClaSeq/results_NC_revision/ABL1/m_fold_random/01_m_fold_sampling/round_1/01_sampling/sampling_42/group_39_unrelaxed_rank_001_alphafold2_ptm_model_1_seed_042.pdb,86.28352517985611,68.4664,17.448614,6.3481684,9.678302097320556,11,1
/fs/ess/PAA0203/xing244/AF_ClaSeq/results_NC_revision/ABL1/m_fold_random/01_m_fold_sampling/round_1/01_sampling/sampling_42/group_11_unrelaxed_rank_001_alphafold2_ptm_model_1_seed_042.pdb,88.0726618705036,81.7688,17.41174,6.3714285,9.683521747589111,11,1
/fs/ess/PAA0203/xing244/AF_ClaSeq/results_NC_revision/ABL1/m_fold_random/01_m_fold_sampling/round_1/01_sampling/sampling_42/group_49_unrelaxed_rank_001_alphafold2_ptm_model_1_seed_042.pdb,85.69467625899281,64.8172,17.115479,6.4244895,9.631786203384399,12,1
/fs/ess/PAA0203/xing244/AF_ClaSeq/results_NC_revision/ABL1/m_fold_random/01_m_fold_sampling/round_1/01_sampling/sampling_42/group_45_unrelaxed_rank_001_alphafold2_ptm_model_1_seed_042.pdb,83.89471223021584,72.0248,17.28816,6.4469895,9.699340772628783,11,1
/fs/ess/PAA0203/xing244/AF_ClaSeq/results_NC_revision/ABL1/m_fold_random/01_m_fold_sampling/round_1/01_sampling/sampling_42/group_2_unrelaxed_rank_001_alphafold2_ptm_model_1_seed_042.pdb,86.43809352517987,71.7436,17.409735,6.40837,9.708779430389404,11,1
/fs/ess/PAA0203/xing244/AF_ClaSeq/results_NC_revision/ABL1/m_fold_random/01_m_fold_sampling/round_1/01_sampling/sampling_42/group_36_unrelaxed_rank_001_alphafold2_ptm_model_1_seed_042.pdb,83.88683453237411,60.6296,16.755028,7.7376466,10.44286093711853,11,1
/fs/ess/PAA0203/xing244/AF_ClaSeq/results_NC_revision/ABL1/m_fold_random/01_m_fold_sampling/round_1/01_sampling/sampling_38/group_20_unrelaxed_rank_001_alphafold2_ptm_model_1_seed_042.pdb,84.55107913669065,68.944,16.964281,7.0416837,10.018462896347046,11,1
/fs/ess/PAA0203/xing244/AF_ClaSeq/results_NC_revision/ABL1/m_fold_random/01_m_fold_sampling/round_1/01_sampling/sampling_38/group_44_unrelaxed_rank_001_alphafold2_ptm_model_1_seed_042.pdb,82.96053956834533,63.2236,17.130215,6.1499877,9.444055795669556,11,1
/fs/ess/PAA0203/xing244/AF_ClaSeq/results_NC_revision/ABL1/m_fold_random/01_m_fold_sampling/round_1/01_sampling/sampling_38/group_16_unrelaxed_rank_001_alphafold2_ptm_model_1_seed_042.pdb,76.71690647482015,39.9604,8.907825,10.890906,10.295982074737548,11,1
/fs/ess/PAA0203/xing244/AF_ClaSeq/results_NC_revision/ABL1/m_fold_random/01_m_fold_sampling/round_1/01_sampling/sampling_38/group_8_unrelaxed_rank_001_alphafold2_ptm_model_1_seed_042.pdb,84.33913669064748,79.36399999999999,16.50084,5.4280705,8.749901151657104,11,1
/fs/ess/PAA0203/xing244/AF_ClaSeq/results_NC_revision/ABL1/m_fold_random/01_m_fold_sampling/round_1/01_sampling/sampling_38/group_48_unrelaxed_rank_001_alphafold2_ptm_model_1_seed_042.pdb,85.1615107913669,69.0168,17.302708,6.4268336,9.689595842361449,11,1
/fs/ess/PAA0203/xing244/AF_ClaSeq/results_NC_revision/ABL1/m_fold_random/01_m_fold_sampling/round_1/01_sampling/sampling_38/group_6_unrelaxed_rank_001_alphafold2_ptm_model_1_seed_042.pdb,81.8273381294964,56.453199999999995,16.970226,6.188789,9.423220109939574,11,1
/fs/ess/PAA0203/xing244/AF_ClaSeq/results_NC_revision/ABL1/m_fold_random/01_m_fold_sampling/round_1/01_sampling/sampling_38/group_19_unrelaxed_rank_001_alphafold2_ptm_model_1_seed_042.pdb,84.32507194244606,69.4104,17.023865,6.2290516,9.467495536804199,11,1
/fs/ess/PAA0203/xing244/AF_ClaSeq/results_NC_revision/ABL1/m_fold_random/01_m_fold_sampling/round_1/01_sampling/sampling_38/group_13_unrelaxed_rank_001_alphafold2_ptm_model_1_seed_042.pdb,85.51946043165468,66.6004,17.374657,6.523145,9.778598642349241,11,1
/fs/ess/PAA0203/xing244/AF_ClaSeq/results_NC_revision/ABL1/m_fold_random/01_m_fold_sampling/round_1/01_sampling/sampling_38/group_28_unrelaxed_rank_001_alphafold2_ptm_model_1_seed_042.pdb,83.85964028776978,69.76720000000002,17.154785,6.3805666,9.612832164764404,11,1
/fs/ess/PAA0203/xing244/AF_ClaSeq/results_NC_revision/ABL1/m_fold_random/01_m_fold_sampling/round_1/01_sampling/sampling_38/group_32_unrelaxed_rank_001_alphafold2_ptm_model_1_seed_042.pdb,87.8253237410072,81.2352,17.234625,6.244841,9.54177622795105,11,1
/fs/ess/PAA0203/xing244/AF_ClaSeq/results_NC_revision/ABL1/m_fold_random/01_m_fold_sampling/round_1/01_sampling/sampling_38/group_22_unrelaxed_rank_001_alphafold2_ptm_model_1_seed_042.pdb,82.69446043165466,57.9392,16.369253,6.2089405,9.257034301757812,11,1
/fs/ess/PAA0203/xing244/AF_ClaSeq/results_NC_revision/ABL1/m_fold_random/01_m_fold_sampling/round_1/01_sampling/sampling_38/group_7_unrelaxed_rank_001_alphafold2_ptm_model_1_seed_042.pdb,81.2278417266187,47.476000000000006,6.1909995,7.0761905,6.810633182525634,11,1
/fs/ess/PAA0203/xing244/AF_ClaSeq/results_NC_revision/ABL1/m_fold_random/01_m_fold_sampling/round_1/01_sampling/sampling_38/group_21_unrelaxed_rank_001_alphafold2_ptm_model_1_seed_042.pdb,82.68460431654677,49.786,17.206013,6.6752024,9.834445476531982,11,1
/fs/ess/PAA0203/xing244/AF_ClaSeq/results_NC_revision/ABL1/m_fold_random/01_m_fold_sampling/round_1/01_sampling/sampling_38/group_41_unrelaxed_rank_001_alphafold2_ptm_model_1_seed_042.pdb,85.24708633093523,73.2796,17.223871,4.849893,8.562086534500121,11,1
/fs/ess/PAA0203/xing244/AF_ClaSeq/results_NC_revision/ABL1/m_fold_random/01_m_fold_sampling/round_1/01_sampling/sampling_38/group_31_unrelaxed_rank_001_alphafold2_ptm_model_1_seed_042.pdb,85.78654676258992,66.1496,17.635782,6.4981465,9.839437246322632,11,1
/fs/ess/PAA0203/xing244/AF_ClaSeq/results_NC_revision/ABL1/m_fold_random/01_m_fold_sampling/round_1/01_sampling/sampling_38/group_46_unrelaxed_rank_001_alphafold2_ptm_model_1_seed_042.pdb,85.26924460431654,71.9556,17.26309,6.2334313,9.542328977584837,11,1
/fs/ess/PAA0203/xing244/AF_ClaSeq/results_NC_revision/ABL1/m_fold_random/01_m_fold_sampling/round_1/01_sampling/sampling_38/group_17_unrelaxed_rank_001_alphafold2_ptm_model_1_seed_042.pdb,84.67190647482015,71.9408,15.631619,2.7063596,6.583937573432922,11,1
/fs/ess/PAA0203/xing244/AF_ClaSeq/results_NC_revision/ABL1/m_fold_random/01_m_fold_sampling/round_1/01_sampling/sampling_38/group_14_unrelaxed_rank_001_alphafold2_ptm_model_1_seed_042.pdb,82.95856115107915,58.55120000000001,17.282091,6.4736905,9.71621069908142,11,1
/fs/ess/PAA0203/xing244/AF_ClaSeq/results_NC_revision/ABL1/m_fold_random/01_m_fold_sampling/round_1/01_sampling/sampling_38/group_4_unrelaxed_rank_001_alphafold2_ptm_model_1_seed_042.pdb,84.45748201438849,69.24119999999999,17.130283,6.280992,9.535779428482055,11,1
/fs/ess/PAA0203/xing244/AF_ClaSeq/results_NC_revision/ABL1/m_fold_random/01_m_fold_sampling/round_1/01_sampling/sampling_38/group_12_unrelaxed_rank_001_alphafold2_ptm_model_1_seed_042.pdb,84.16654676258993,64.5916,17.456312,6.87419,10.048826551437378,11,1
/fs/ess/PAA0203/xing244/AF_ClaSeq/results_NC_revision/ABL1/m_fold_random/01_m_fold_sampling/round_1/01_sampling/sampling_38/group_38_unrelaxed_rank_001_alphafold2_ptm_model_1_seed_042.pdb,83.62424460431654,64.4232,17.160591,6.347987,9.591768360137939,11,1
/fs/ess/PAA0203/xing244/AF_ClaSeq/results_NC_revision/ABL1/m_fold_random/01_m_fold_sampling/round_1/01_sampling/sampling_38/group_15_unrelaxed_rank_001_alphafold2_ptm_model_1_seed_042.pdb,85.0953597122302,74.5688,17.406956,6.3918166,9.696358346939085,11,1
/fs/ess/PAA0203/xing244/AF_ClaSeq/results_NC_revision/ABL1/m_fold_random/01_m_fold_sampling/round_1/01_sampling/sampling_38/group_23_unrelaxed_rank_001_alphafold2_ptm_model_1_seed_042.pdb,84.36197841726619,60.81,16.663137,6.304771,9.412280893325805,11,1
/fs/ess/PAA0203/xing244/AF_ClaSeq/results_NC_revision/ABL1/m_fold_random/01_m_fold_sampling/round_1/01_sampling/sampling_38/group_5_unrelaxed_rank_001_alphafold2_ptm_model_1_seed_042.pdb,87.38830935251798,75.15559999999999,17.464289,6.385777,9.709330511093139,11,1
/fs/ess/PAA0203/xing244/AF_ClaSeq/results_NC_revision/ABL1/m_fold_random/01_m_fold_sampling/round_1/01_sampling/sampling_38/group_33_unrelaxed_rank_001_alphafold2_ptm_model_1_seed_042.pdb,84.2894964028777,65.49959999999999,17.423454,6.3842,9.69597635269165,11,1
/fs/ess/PAA0203/xing244/AF_ClaSeq/results_NC_revision/ABL1/m_fold_random/01_m_fold_sampling/round_1/01_sampling/sampling_38/group_27_unrelaxed_rank_001_alphafold2_ptm_model_1_seed_042.pdb,86.72219424460432,70.5468,17.24609,6.366698,9.630515432357788,11,1
/fs/ess/PAA0203/xing244/AF_ClaSeq/results_NC_revision/ABL1/m_fold_random/01_m_fold_sampling/round_1/01_sampling/sampling_38/group_42_unrelaxed_rank_001_alphafold2_ptm_model_1_seed_042.pdb,83.01611510791368,61.876400000000004,17.129145,6.2236705,9.49531273841858,11,1
/fs/ess/PAA0203/xing244/AF_ClaSeq/results_NC_revision/ABL1/m_fold_random/01_m_fold_sampling/round_1/01_sampling/sampling_38/group_10_unrelaxed_rank_001_alphafold2_ptm_model_1_seed_042.pdb,82.11982014388488,62.37479999999999,17.024622,6.2790823,9.502744197845459,11,1
/fs/ess/PAA0203/xing244/AF_ClaSeq/results_NC_revision/ABL1/m_fold_random/01_m_fold_sampling/round_1/01_sampling/sampling_38/group_37_unrelaxed_rank_001_alphafold2_ptm_model_1_seed_042.pdb,84.21859712230216,58.9908,17.076578,6.471443,9.652983665466309,11,1
/fs/ess/PAA0203/xing244/AF_ClaSeq/results_NC_revision/ABL1/m_fold_random/01_m_fold_sampling/round_1/01_sampling/sampling_38/group_29_unrelaxed_rank_001_alphafold2_ptm_model_1_seed_042.pdb,86.93377697841727,77.66760000000001,17.325369,6.3973746,9.675772905349731,11,1
/fs/ess/PAA0203/xing244/AF_ClaSeq/results_NC_revision/ABL1/m_fold_random/01_m_fold_sampling/round_1/01_sampling/sampling_38/group_18_unrelaxed_rank_001_alphafold2_ptm_model_1_seed_042.pdb,86.20812949640288,76.66159999999999,17.316687,6.3592143,9.646456003189087,11,1
/fs/ess/PAA0203/xing244/AF_ClaSeq/results_NC_revision/ABL1/m_fold_random/01_m_fold_sampling/round_1/01_sampling/sampling_38/group_43_unrelaxed_rank_001_alphafold2_ptm_model_1_seed_042.pdb,85.06043165467626,76.1224,16.89578,4.606581,8.293341016769409,11,1
/fs/ess/PAA0203/xing244/AF_ClaSeq/results_NC_revision/ABL1/m_fold_random/01_m_fold_sampling/round_1/01_sampling/sampling_38/group_25_unrelaxed_rank_001_alphafold2_ptm_model_1_seed_042.pdb,85.9903237410072,76.28479999999999,17.44927,6.5973496,9.85292582511902,11,1
/fs/ess/PAA0203/xing244/AF_ClaSeq/results_NC_revision/ABL1/m_fold_random/01_m_fold_sampling/round_1/01_sampling/sampling_38/group_3_unrelaxed_rank_001_alphafold2_ptm_model_1_seed_042.pdb,81.6858273381295,56.13400000000001,16.575857,6.237311,9.338874769210815,11,1
/fs/ess/PAA0203/xing244/AF_ClaSeq/results_NC_revision/ABL1/m_fold_random/01_m_fold_sampling/round_1/01_sampling/sampling_38/group_34_unrelaxed_rank_001_alphafold2_ptm_model_1_seed_042.pdb,86.43884892086331,75.66760000000001,17.516148,6.435462,9.759667682647704,11,1
/fs/ess/PAA0203/xing244/AF_ClaSeq/results_NC_revision/ABL1/m_fold_random/01_m_fold_sampling/round_1/01_sampling/sampling_38/group_9_unrelaxed_rank_001_alphafold2_ptm_model_1_seed_042.pdb,86.95751798561152,78.9832,17.52578,6.4654675,9.783561134338377,11,1
/fs/ess/PAA0203/xing244/AF_ClaSeq/results_NC_revision/ABL1/m_fold_random/01_m_fold_sampling/round_1/01_sampling/sampling_38/group_47_unrelaxed_rank_001_alphafold2_ptm_model_1_seed_042.pdb,81.31564748201438,53.471599999999995,12.619985,7.518733,9.049108505249023,11,1
/fs/ess/PAA0203/xing244/AF_ClaSeq/results_NC_revision/ABL1/m_fold_random/01_m_fold_sampling/round_1/01_sampling/sampling_38/group_35_unrelaxed_rank_001_alphafold2_ptm_model_1_seed_042.pdb,87.4209712230216,77.99879999999999,17.536768,6.5152993,9.821739912033081,11,1
/fs/ess/PAA0203/xing244/AF_ClaSeq/results_NC_revision/ABL1/m_fold_random/01_m_fold_sampling/round_1/01_sampling/sampling_38/group_24_unrelaxed_rank_001_alphafold2_ptm_model_1_seed_042.pdb,87.24133093525178,77.49879999999999,17.282743,6.4494715,9.69945306777954,11,1
/fs/ess/PAA0203/xing244/AF_ClaSeq/results_NC_revision/ABL1/m_fold_random/01_m_fold_sampling/round_1/01_sampling/sampling_38/group_40_unrelaxed_rank_001_alphafold2_ptm_model_1_seed_042.pdb,86.30345323741007,71.8628,17.321005,6.402156,9.67781057357788,11,1
/fs/ess/PAA0203/xing244/AF_ClaSeq/results_NC_revision/ABL1/m_fold_random/01_m_fold_sampling/round_1/01_sampling/sampling_38/group_1_unrelaxed_rank_001_alphafold2_ptm_model_1_seed_042.pdb,83.30845323741008,58.3388,17.235561,6.310307,9.58788332939148,11,1
/fs/ess/PAA0203/xing244/AF_ClaSeq/results_NC_revision/ABL1/m_fold_random/01_m_fold_sampling/round_1/01_sampling/sampling_38/group_30_unrelaxed_rank_001_alphafold2_ptm_model_1_seed_042.pdb,84.82082733812949,70.1896,17.335346,5.106402,8.775085210800171,11,1
/fs/ess/PAA0203/xing244/AF_ClaSeq/results_NC_revision/ABL1/m_fold_random/01_m_fold_sampling/round_1/01_sampling/sampling_38/group_26_unrelaxed_rank_001_alphafold2_ptm_model_1_seed_042.pdb,86.16100719424462,76.6212,17.62014,6.411898,9.77437071800232,11,1
/fs/ess/PAA0203/xing244/AF_ClaSeq/results_NC_revision/ABL1/m_fold_random/01_m_fold_sampling/round_1/01_sampling/sampling_38/group_39_unrelaxed_rank_001_alphafold2_ptm_model_1_seed_042.pdb,85.16884892086331,66.14399999999999,17.054928,6.468049,9.644112682342527,11,1
/fs/ess/PAA0203/xing244/AF_ClaSeq/results_NC_revision/ABL1/m_fold_random/01_m_fold_sampling/round_1/01_sampling/sampling_38/group_11_unrelaxed_rank_001_alphafold2_ptm_model_1_seed_042.pdb,81.29571942446043,55.44080000000001,16.466295,6.3333945,9.373264741897582,11,1
/fs/ess/PAA0203/xing244/AF_ClaSeq/results_NC_revision/ABL1/m_fold_random/01_m_fold_sampling/round_1/01_sampling/sampling_38/group_49_unrelaxed_rank_001_alphafold2_ptm_model_1_seed_042.pdb,85.75928057553958,59.8408,17.306847,6.3866134,9.662683343887329,12,1
/fs/ess/PAA0203/xing244/AF_ClaSeq/results_NC_revision/ABL1/m_fold_random/01_m_fold_sampling/round_1/01_sampling/sampling_38/group_45_unrelaxed_rank_001_alphafold2_ptm_model_1_seed_042.pdb,82.77370503597122,51.54599999999999,17.158426,4.0191183,7.960910701751709,11,1
/fs/ess/PAA0203/xing244/AF_ClaSeq/results_NC_revision/ABL1/m_fold_random/01_m_fold_sampling/round_1/01_sampling/sampling_38/group_2_unrelaxed_rank_001_alphafold2_ptm_model_1_seed_042.pdb,83.40071942446043,57.041599999999995,17.843306,6.439944,9.86095232963562,11,1
/fs/ess/PAA0203/xing244/AF_ClaSeq/results_NC_revision/ABL1/m_fold_random/01_m_fold_sampling/round_1/01_sampling/sampling_38/group_36_unrelaxed_rank_001_alphafold2_ptm_model_1_seed_042.pdb,86.04773381294964,71.9304,17.614754,6.43018,9.785552167892455,11,1
/fs/ess/PAA0203/xing244/AF_ClaSeq/results_NC_revision/ABL1/m_fold_random/01_m_fold_sampling/round_1/01_sampling/sampling_10/group_20_unrelaxed_rank_001_alphafold2_ptm_model_1_seed_042.pdb,85.7298201438849,70.782,17.598038,6.528005,9.849014902114867,11,1
/fs/ess/PAA0203/xing244/AF_ClaSeq/results_NC_revision/ABL1/m_fold_random/01_m_fold_sampling/round_1/01_sampling/sampling_10/group_44_unrelaxed_rank_001_alphafold2_ptm_model_1_seed_042.pdb,87.5576618705036,78.212,17.105268,6.3016295,9.542721223831176,11,1
/fs/ess/PAA0203/xing244/AF_ClaSeq/results_NC_revision/ABL1/m_fold_random/01_m_fold_sampling/round_1/01_sampling/sampling_10/group_16_unrelaxed_rank_001_alphafold2_ptm_model_1_seed_042.pdb,86.33226618705037,66.842,17.452477,6.468229,9.76350312232971,11,1
/fs/ess/PAA0203/xing244/AF_ClaSeq/results_NC_revision/ABL1/m_fold_random/01_m_fold_sampling/round_1/01_sampling/sampling_10/group_8_unrelaxed_rank_001_alphafold2_ptm_model_1_seed_042.pdb,84.63118705035971,63.68,17.0663,3.0422044,7.249432897567749,11,1
/fs/ess/PAA0203/xing244/AF_ClaSeq/results_NC_revision/ABL1/m_fold_random/01_m_fold_sampling/round_1/01_sampling/sampling_10/group_48_unrelaxed_rank_001_alphafold2_ptm_model_1_seed_042.pdb,80.79719424460433,51.3112,12.841774,5.044156,7.38344144821167,11,1
/fs/ess/PAA0203/xing244/AF_ClaSeq/results_NC_revision/ABL1/m_fold_random/01_m_fold_sampling/round_1/01_sampling/sampling_10/group_6_unrelaxed_rank_001_alphafold2_ptm_model_1_seed_042.pdb,84.31474820143885,64.348,15.734539,5.811394,8.788337659835815,11,1
/fs/ess/PAA0203/xing244/AF_ClaSeq/results_NC_revision/ABL1/m_fold_random/01_m_fold_sampling/round_1/01_sampling/sampling_10/group_19_unrelaxed_rank_001_alphafold2_ptm_model_1_seed_042.pdb,83.18737410071941,59.242399999999996,17.122698,6.2327113,9.49970726966858,11,1
/fs/ess/PAA0203/xing244/AF_ClaSeq/results_NC_revision/ABL1/m_fold_random/01_m_fold_sampling/round_1/01_sampling/sampling_10/group_13_unrelaxed_rank_001_alphafold2_ptm_model_1_seed_042.pdb,82.97741007194244,62.005599999999994,17.33151,6.325553,9.627340221405028,11,1
/fs/ess/PAA0203/xing244/AF_ClaSeq/results_NC_revision/ABL1/m_fold_random/01_m_fold_sampling/round_1/01_sampling/sampling_10/group_28_unrelaxed_rank_001_alphafold2_ptm_model_1_seed_042.pdb,83.75125899280575,52.268,17.844883,6.8361263,10.13875331878662,11,1
/fs/ess/PAA0203/xing244/AF_ClaSeq/results_NC_revision/ABL1/m_fold_random/01_m_fold_sampling/round_1/01_sampling/sampling_10/group_32_unrelaxed_rank_001_alphafold2_ptm_model_1_seed_042.pdb,84.09161870503597,68.2972,17.063541,5.71426,9.119044494628906,11,1
/fs/ess/PAA0203/xing244/AF_ClaSeq/results_NC_revision/ABL1/m_fold_random/01_m_fold_sampling/round_1/01_sampling/sampling_10/group_22_unrelaxed_rank_001_alphafold2_ptm_model_1_seed_042.pdb,87.6438489208633,74.5344,17.586548,6.4827943,9.81392035484314,11,1
/fs/ess/PAA0203/xing244/AF_ClaSeq/results_NC_revision/ABL1/m_fold_random/01_m_fold_sampling/round_1/01_sampling/sampling_10/group_7_unrelaxed_rank_001_alphafold2_ptm_model_1_seed_042.pdb,84.15913669064747,63.234399999999994,17.324638,6.4387374,9.704507684707641,11,1
/fs/ess/PAA0203/xing244/AF_ClaSeq/results_NC_revision/ABL1/m_fold_random/01_m_fold_sampling/round_1/01_sampling/sampling_10/group_21_unrelaxed_rank_001_alphafold2_ptm_model_1_seed_042.pdb,82.16647482014388,59.8124,17.065685,6.6705723,9.78910617828369,11,1
/fs/ess/PAA0203/xing244/AF_ClaSeq/results_NC_revision/ABL1/m_fold_random/01_m_fold_sampling/round_1/01_sampling/sampling_10/group_41_unrelaxed_rank_001_alphafold2_ptm_model_1_seed_042.pdb,83.56374100719425,70.27799999999999,17.008316,6.3054852,9.51633448600769,11,1
/fs/ess/PAA0203/xing244/AF_ClaSeq/results_NC_revision/ABL1/m_fold_random/01_m_fold_sampling/round_1/01_sampling/sampling_10/group_31_unrelaxed_rank_001_alphafold2_ptm_model_1_seed_042.pdb,85.74075539568345,81.6508,17.318617,6.3139715,9.615365123748779,11,1
/fs/ess/PAA0203/xing244/AF_ClaSeq/results_NC_revision/ABL1/m_fold_random/01_m_fold_sampling/round_1/01_sampling/sampling_10/group_46_unrelaxed_rank_001_alphafold2_ptm_model_1_seed_042.pdb,81.10000000000001,62.643600000000006,17.14615,6.3299356,9.574800062179564,11,1
/fs/ess/PAA0203/xing244/AF_ClaSeq/results_NC_revision/ABL1/m_fold_random/01_m_fold_sampling/round_1/01_sampling/sampling_10/group_17_unrelaxed_rank_001_alphafold2_ptm_model_1_seed_042.pdb,88.00460431654676,79.9416,17.39628,6.3419213,9.658229017257689,11,1
/fs/ess/PAA0203/xing244/AF_ClaSeq/results_NC_revision/ABL1/m_fold_random/01_m_fold_sampling/round_1/01_sampling/sampling_10/group_14_unrelaxed_rank_001_alphafold2_ptm_model_1_seed_042.pdb,87.82971223021583,83.65799999999999,17.452494,6.494707,9.782043075561523,11,1
/fs/ess/PAA0203/xing244/AF_ClaSeq/results_NC_revision/ABL1/m_fold_random/01_m_fold_sampling/round_1/01_sampling/sampling_10/group_4_unrelaxed_rank_001_alphafold2_ptm_model_1_seed_042.pdb,81.47582733812949,53.4556,17.375301,6.4091663,9.699006843566895,11,1
/fs/ess/PAA0203/xing244/AF_ClaSeq/results_NC_revision/ABL1/m_fold_random/01_m_fold_sampling/round_1/01_sampling/sampling_10/group_12_unrelaxed_rank_001_alphafold2_ptm_model_1_seed_042.pdb,84.17938848920865,66.336,17.094433,7.3622284,10.281889724731444,11,1
/fs/ess/PAA0203/xing244/AF_ClaSeq/results_NC_revision/ABL1/m_fold_random/01_m_fold_sampling/round_1/01_sampling/sampling_10/group_38_unrelaxed_rank_001_alphafold2_ptm_model_1_seed_042.pdb,82.84305755395683,63.3172,17.035284,6.310436,9.527890253067017,11,1
/fs/ess/PAA0203/xing244/AF_ClaSeq/results_NC_revision/ABL1/m_fold_random/01_m_fold_sampling/round_1/01_sampling/sampling_10/group_15_unrelaxed_rank_001_alphafold2_ptm_model_1_seed_042.pdb,80.61647482014389,54.4428,16.78972,3.6479232,7.59046242237091,11,1
/fs/ess/PAA0203/xing244/AF_ClaSeq/results_NC_revision/ABL1/m_fold_random/01_m_fold_sampling/round_1/01_sampling/sampling_10/group_23_unrelaxed_rank_001_alphafold2_ptm_model_1_seed_042.pdb,83.57233812949642,58.37839999999999,17.299177,6.545107,9.77132797241211,11,1
/fs/ess/PAA0203/xing244/AF_ClaSeq/results_NC_revision/ABL1/m_fold_random/01_m_fold_sampling/round_1/01_sampling/sampling_10/group_5_unrelaxed_rank_001_alphafold2_ptm_model_1_seed_042.pdb,83.68996402877697,62.16440000000001,16.993462,6.3880525,9.569675207138062,11,1
/fs/ess/PAA0203/xing244/AF_ClaSeq/results_NC_revision/ABL1/m_fold_random/01_m_fold_sampling/round_1/01_sampling/sampling_10/group_33_unrelaxed_rank_001_alphafold2_ptm_model_1_seed_042.pdb,83.64039568345324,62.485200000000006,17.270144,6.3470306,9.623964500427245,11,1
/fs/ess/PAA0203/xing244/AF_ClaSeq/results_NC_revision/ABL1/m_fold_random/01_m_fold_sampling/round_1/01_sampling/sampling_10/group_27_unrelaxed_rank_001_alphafold2_ptm_model_1_seed_042.pdb,86.22946043165467,80.1056,17.295797,6.3323483,9.62138304710388,11,1
/fs/ess/PAA0203/xing244/AF_ClaSeq/results_NC_revision/ABL1/m_fold_random/01_m_fold_sampling/round_1/01_sampling/sampling_10/group_42_unrelaxed_rank_001_alphafold2_ptm_model_1_seed_042.pdb,80.40920863309351,48.264,17.27751,6.6084204,9.80914716720581,11,1
/fs/ess/PAA0203/xing244/AF_ClaSeq/results_NC_revision/ABL1/m_fold_random/01_m_fold_sampling/round_1/01_sampling/sampling_10/group_10_unrelaxed_rank_001_alphafold2_ptm_model_1_seed_042.pdb,85.89744604316546,68.88680000000001,16.980371,6.26941,9.482698535919189,11,1
/fs/ess/PAA0203/xing244/AF_ClaSeq/results_NC_revision/ABL1/m_fold_random/01_m_fold_sampling/round_1/01_sampling/sampling_10/group_37_unrelaxed_rank_001_alphafold2_ptm_model_1_seed_042.pdb,84.64345323741007,63.3068,17.781641,6.2919784,9.738877153396606,11,1
/fs/ess/PAA0203/xing244/AF_ClaSeq/results_NC_revision/ABL1/m_fold_random/01_m_fold_sampling/round_1/01_sampling/sampling_10/group_29_unrelaxed_rank_001_alphafold2_ptm_model_1_seed_042.pdb,83.64838129496403,59.636,16.97584,6.331524,9.524818611145019,11,1
/fs/ess/PAA0203/xing244/AF_ClaSeq/results_NC_revision/ABL1/m_fold_random/01_m_fold_sampling/round_1/01_sampling/sampling_10/group_18_unrelaxed_rank_001_alphafold2_ptm_model_1_seed_042.pdb,81.8984892086331,57.67759999999999,17.519865,6.2734866,9.647400140762329,11,1
/fs/ess/PAA0203/xing244/AF_ClaSeq/results_NC_revision/ABL1/m_fold_random/01_m_fold_sampling/round_1/01_sampling/sampling_10/group_43_unrelaxed_rank_001_alphafold2_ptm_model_1_seed_042.pdb,85.75197841726619,69.396,17.002562,3.228132,7.360460877418517,11,1
/fs/ess/PAA0203/xing244/AF_ClaSeq/results_NC_revision/ABL1/m_fold_random/01_m_fold_sampling/round_1/01_sampling/sampling_10/group_25_unrelaxed_rank_001_alphafold2_ptm_model_1_seed_042.pdb,82.28309352517986,54.145199999999996,17.96687,6.2633176,9.774383115768432,11,1
/fs/ess/PAA0203/xing244/AF_ClaSeq/results_NC_revision/ABL1/m_fold_random/01_m_fold_sampling/round_1/01_sampling/sampling_10/group_3_unrelaxed_rank_001_alphafold2_ptm_model_1_seed_042.pdb,81.23370503597123,49.4924,15.964636,6.0827875,9.047342014312743,11,1
/fs/ess/PAA0203/xing244/AF_ClaSeq/results_NC_revision/ABL1/m_fold_random/01_m_fold_sampling/round_1/01_sampling/sampling_10/group_34_unrelaxed_rank_001_alphafold2_ptm_model_1_seed_042.pdb,84.30809352517986,58.9808,17.398746,6.4619427,9.7429838180542,11,1
/fs/ess/PAA0203/xing244/AF_ClaSeq/results_NC_revision/ABL1/m_fold_random/01_m_fold_sampling/round_1/01_sampling/sampling_10/group_9_unrelaxed_rank_001_alphafold2_ptm_model_1_seed_042.pdb,80.11402877697842,45.2636,17.448854,2.7680888,7.1723185062408445,11,1
/fs/ess/PAA0203/xing244/AF_ClaSeq/results_NC_revision/ABL1/m_fold_random/01_m_fold_sampling/round_1/01_sampling/sampling_10/group_47_unrelaxed_rank_001_alphafold2_ptm_model_1_seed_042.pdb,85.4264748201439,67.8696,17.284618,6.427499,9.684634685516357,11,1
/fs/ess/PAA0203/xing244/AF_ClaSeq/results_NC_revision/ABL1/m_fold_random/01_m_fold_sampling/round_1/01_sampling/sampling_10/group_35_unrelaxed_rank_001_alphafold2_ptm_model_1_seed_042.pdb,83.48334532374099,56.49360000000001,6.6113787,7.2442555,7.05439248085022,11,1
/fs/ess/PAA0203/xing244/AF_ClaSeq/results_NC_revision/ABL1/m_fold_random/01_m_fold_sampling/round_1/01_sampling/sampling_10/group_24_unrelaxed_rank_001_alphafold2_ptm_model_1_seed_042.pdb,85.82456834532374,75.51199999999999,17.668676,6.2417817,9.66985011100769,11,1
/fs/ess/PAA0203/xing244/AF_ClaSeq/results_NC_revision/ABL1/m_fold_random/01_m_fold_sampling/round_1/01_sampling/sampling_10/group_40_unrelaxed_rank_001_alphafold2_ptm_model_1_seed_042.pdb,82.05176258992806,49.1092,16.350521,6.5499372,9.490112400054931,11,1
/fs/ess/PAA0203/xing244/AF_ClaSeq/results_NC_revision/ABL1/m_fold_random/01_m_fold_sampling/round_1/01_sampling/sampling_10/group_1_unrelaxed_rank_001_alphafold2_ptm_model_1_seed_042.pdb,83.60971223021583,61.861599999999996,16.899311,6.1432567,9.370072984695433,11,1
/fs/ess/PAA0203/xing244/AF_ClaSeq/results_NC_revision/ABL1/m_fold_random/01_m_fold_sampling/round_1/01_sampling/sampling_10/group_30_unrelaxed_rank_001_alphafold2_ptm_model_1_seed_042.pdb,84.28021582733813,65.0792,16.871252,7.140543,10.059755706787108,11,1
/fs/ess/PAA0203/xing244/AF_ClaSeq/results_NC_revision/ABL1/m_fold_random/01_m_fold_sampling/round_1/01_sampling/sampling_10/group_26_unrelaxed_rank_001_alphafold2_ptm_model_1_seed_042.pdb,86.0608273381295,71.11120000000001,17.25841,6.4351377,9.682119274139403,11,1
/fs/ess/PAA0203/xing244/AF_ClaSeq/results_NC_revision/ABL1/m_fold_random/01_m_fold_sampling/round_1/01_sampling/sampling_10/group_39_unrelaxed_rank_001_alphafold2_ptm_model_1_seed_042.pdb,82.12287769784172,53.8652,17.133162,6.9521728,10.006469392776488,11,1
/fs/ess/PAA0203/xing244/AF_ClaSeq/results_NC_revision/ABL1/m_fold_random/01_m_fold_sampling/round_1/01_sampling/sampling_10/group_11_unrelaxed_rank_001_alphafold2_ptm_model_1_seed_042.pdb,87.41625899280577,83.83800000000001,17.454567,6.4371014,9.742341041564941,11,1
/fs/ess/PAA0203/xing244/AF_ClaSeq/results_NC_revision/ABL1/m_fold_random/01_m_fold_sampling/round_1/01_sampling/sampling_10/group_49_unrelaxed_rank_001_alphafold2_ptm_model_1_seed_042.pdb,86.71658273381294,71.0608,17.229761,6.263389,9.553300714492797,12,1
/fs/ess/PAA0203/xing244/AF_ClaSeq/results_NC_revision/ABL1/m_fold_random/01_m_fold_sampling/round_1/01_sampling/sampling_10/group_45_unrelaxed_rank_001_alphafold2_ptm_model_1_seed_042.pdb,85.74187050359711,72.42479999999999,17.164873,6.495524,9.696328687667847,11,1
/fs/ess/PAA0203/xing244/AF_ClaSeq/results_NC_revision/ABL1/m_fold_random/01_m_fold_sampling/round_1/01_sampling/sampling_10/group_2_unrelaxed_rank_001_alphafold2_ptm_model_1_seed_042.pdb,83.11888489208633,64.896,17.554724,5.0509806,8.802103519439697,11,1
/fs/ess/PAA0203/xing244/AF_ClaSeq/results_NC_revision/ABL1/m_fold_random/01_m_fold_sampling/round_1/01_sampling/sampling_10/group_36_unrelaxed_rank_001_alphafold2_ptm_model_1_seed_042.pdb,86.2598201438849,62.6788,18.04425,6.509956,9.970244264602659,11,1
/fs/ess/PAA0203/xing244/AF_ClaSeq/results_NC_revision/ABL1/m_fold_random/01_m_fold_sampling/round_1/01_sampling/sampling_25/group_20_unrelaxed_rank_001_alphafold2_ptm_model_1_seed_042.pdb,83.2379856115108,53.35759999999999,14.537122,4.5647283,7.556446313858032,11,1
/fs/ess/PAA0203/xing244/AF_ClaSeq/results_NC_revision/ABL1/m_fold_random/01_m_fold_sampling/round_1/01_sampling/sampling_25/group_44_unrelaxed_rank_001_alphafold2_ptm_model_1_seed_042.pdb,84.71420863309353,63.255599999999994,17.098602,6.5091143,9.685960674285887,11,1
/fs/ess/PAA0203/xing244/AF_ClaSeq/results_NC_revision/ABL1/m_fold_random/01_m_fold_sampling/round_1/01_sampling/sampling_25/group_16_unrelaxed_rank_001_alphafold2_ptm_model_1_seed_042.pdb,84.9055035971223,58.4576,17.666128,6.986861,10.19064130783081,11,1
/fs/ess/PAA0203/xing244/AF_ClaSeq/results_NC_revision/ABL1/m_fold_random/01_m_fold_sampling/round_1/01_sampling/sampling_25/group_8_unrelaxed_rank_001_alphafold2_ptm_model_1_seed_042.pdb,83.21291366906476,62.094399999999986,16.809433,3.966792,7.819584369659423,11,1
/fs/ess/PAA0203/xing244/AF_ClaSeq/results_NC_revision/ABL1/m_fold_random/01_m_fold_sampling/round_1/01_sampling/sampling_25/group_48_unrelaxed_rank_001_alphafold2_ptm_model_1_seed_042.pdb,82.14356115107915,52.6508,17.759146,3.899295,8.057250285148621,11,1
/fs/ess/PAA0203/xing244/AF_ClaSeq/results_NC_revision/ABL1/m_fold_random/01_m_fold_sampling/round_1/01_sampling/sampling_25/group_6_unrelaxed_rank_001_alphafold2_ptm_model_1_seed_042.pdb,81.61568345323741,56.37520000000001,17.140654,6.5279126,9.711734914779662,11,1
/fs/ess/PAA0203/xing244/AF_ClaSeq/results_NC_revision/ABL1/m_fold_random/01_m_fold_sampling/round_1/01_sampling/sampling_25/group_19_unrelaxed_rank_001_alphafold2_ptm_model_1_seed_042.pdb,88.25021582733812,87.2584,17.142885,6.2841253,9.54175329208374,11,1
/fs/ess/PAA0203/xing244/AF_ClaSeq/results_NC_revision/ABL1/m_fold_random/01_m_fold_sampling/round_1/01_sampling/sampling_25/group_13_unrelaxed_rank_001_alphafold2_ptm_model_1_seed_042.pdb,85.29035971223021,70.3768,17.184528,6.3791256,9.620746421813966,11,1
/fs/ess/PAA0203/xing244/AF_ClaSeq/results_NC_revision/ABL1/m_fold_random/01_m_fold_sampling/round_1/01_sampling/sampling_25/group_28_unrelaxed_rank_001_alphafold2_ptm_model_1_seed_042.pdb,84.99374100719425,67.4304,17.32058,6.371939,9.656531286239623,11,1
/fs/ess/PAA0203/xing244/AF_ClaSeq/results_NC_revision/ABL1/m_fold_random/01_m_fold_sampling/round_1/01_sampling/sampling_25/group_32_unrelaxed_rank_001_alphafold2_ptm_model_1_seed_042.pdb,83.88230215827338,73.252,17.388248,6.2629895,9.600567197799682,11,1
/fs/ess/PAA0203/xing244/AF_ClaSeq/results_NC_revision/ABL1/m_fold_random/01_m_fold_sampling/round_1/01_sampling/sampling_25/group_22_unrelaxed_rank_001_alphafold2_ptm_model_1_seed_042.pdb,85.5503237410072,69.3364,15.898683,6.176952,9.093471097946166,11,1
/fs/ess/PAA0203/xing244/AF_ClaSeq/results_NC_revision/ABL1/m_fold_random/01_m_fold_sampling/round_1/01_sampling/sampling_25/group_7_unrelaxed_rank_001_alphafold2_ptm_model_1_seed_042.pdb,86.76910071942447,75.8172,17.078606,6.337968,9.56015920639038,11,1
/fs/ess/PAA0203/xing244/AF_ClaSeq/results_NC_revision/ABL1/m_fold_random/01_m_fold_sampling/round_1/01_sampling/sampling_25/group_21_unrelaxed_rank_001_alphafold2_ptm_model_1_seed_042.pdb,85.72032374100719,67.66760000000001,17.256577,6.284472,9.576103353500365,11,1
/fs/ess/PAA0203/xing244/AF_ClaSeq/results_NC_revision/ABL1/m_fold_random/01_m_fold_sampling/round_1/01_sampling/sampling_25/group_41_unrelaxed_rank_001_alphafold2_ptm_model_1_seed_042.pdb,84.07974820143885,59.2528,16.200161,6.495871,9.407158041000365,11,1
/fs/ess/PAA0203/xing244/AF_ClaSeq/results_NC_revision/ABL1/m_fold_random/01_m_fold_sampling/round_1/01_sampling/sampling_25/group_31_unrelaxed_rank_001_alphafold2_ptm_model_1_seed_042.pdb,87.90938848920864,81.4388,17.831978,6.461886,9.87291350364685,11,1
/fs/ess/PAA0203/xing244/AF_ClaSeq/results_NC_revision/ABL1/m_fold_random/01_m_fold_sampling/round_1/01_sampling/sampling_25/group_46_unrelaxed_rank_001_alphafold2_ptm_model_1_seed_042.pdb,84.21751798561151,72.46960000000001,16.98083,6.3231916,9.52048292160034,11,1
/fs/ess/PAA0203/xing244/AF_ClaSeq/results_NC_revision/ABL1/m_fold_random/01_m_fold_sampling/round_1/01_sampling/sampling_25/group_17_unrelaxed_rank_001_alphafold2_ptm_model_1_seed_042.pdb,87.71942446043165,80.0172,17.330359,6.4512005,9.71494789123535,11,1
/fs/ess/PAA0203/xing244/AF_ClaSeq/results_NC_revision/ABL1/m_fold_random/01_m_fold_sampling/round_1/01_sampling/sampling_25/group_14_unrelaxed_rank_001_alphafold2_ptm_model_1_seed_042.pdb,83.3646762589928,56.20400000000001,16.201717,6.186596,9.191132354736327,11,1
/fs/ess/PAA0203/xing244/AF_ClaSeq/results_NC_revision/ABL1/m_fold_random/01_m_fold_sampling/round_1/01_sampling/sampling_25/group_4_unrelaxed_rank_001_alphafold2_ptm_model_1_seed_042.pdb,85.86035971223022,65.4328,16.966095,6.8411274,9.878617668151854,11,1
/fs/ess/PAA0203/xing244/AF_ClaSeq/results_NC_revision/ABL1/m_fold_random/01_m_fold_sampling/round_1/01_sampling/sampling_25/group_12_unrelaxed_rank_001_alphafold2_ptm_model_1_seed_042.pdb,83.43294964028777,67.2232,17.534626,6.428983,9.760676050186156,11,1
/fs/ess/PAA0203/xing244/AF_ClaSeq/results_NC_revision/ABL1/m_fold_random/01_m_fold_sampling/round_1/01_sampling/sampling_25/group_38_unrelaxed_rank_001_alphafold2_ptm_model_1_seed_042.pdb,82.50687050359714,60.9176,17.073334,6.23727,9.488089036941528,11,1
/fs/ess/PAA0203/xing244/AF_ClaSeq/results_NC_revision/ABL1/m_fold_random/01_m_fold_sampling/round_1/01_sampling/sampling_25/group_15_unrelaxed_rank_001_alphafold2_ptm_model_1_seed_042.pdb,80.92345323741007,49.657999999999994,16.765326,7.1863256,10.060025548934934,11,1
/fs/ess/PAA0203/xing244/AF_ClaSeq/results_NC_revision/ABL1/m_fold_random/01_m_fold_sampling/round_1/01_sampling/sampling_25/group_23_unrelaxed_rank_001_alphafold2_ptm_model_1_seed_042.pdb,83.63338129496404,52.37520000000001,18.145416,6.515999,10.004824066162108,11,1
/fs/ess/PAA0203/xing244/AF_ClaSeq/results_NC_revision/ABL1/m_fold_random/01_m_fold_sampling/round_1/01_sampling/sampling_25/group_5_unrelaxed_rank_001_alphafold2_ptm_model_1_seed_042.pdb,83.66478417266188,60.699600000000004,16.98161,3.2940643,7.400327801704406,11,1
/fs/ess/PAA0203/xing244/AF_ClaSeq/results_NC_revision/ABL1/m_fold_random/01_m_fold_sampling/round_1/01_sampling/sampling_25/group_33_unrelaxed_rank_001_alphafold2_ptm_model_1_seed_042.pdb,83.80467625899281,53.104,17.13637,6.478437,9.675816774368286,11,1
/fs/ess/PAA0203/xing244/AF_ClaSeq/results_NC_revision/ABL1/m_fold_random/01_m_fold_sampling/round_1/01_sampling/sampling_25/group_27_unrelaxed_rank_001_alphafold2_ptm_model_1_seed_042.pdb,86.35532374100718,70.4196,17.175533,6.393233,9.627922964096069,11,1
/fs/ess/PAA0203/xing244/AF_ClaSeq/results_NC_revision/ABL1/m_fold_random/01_m_fold_sampling/round_1/01_sampling/sampling_25/group_42_unrelaxed_rank_001_alphafold2_ptm_model_1_seed_042.pdb,84.13593525179857,66.96039999999999,15.966304,3.0344791,6.91402654647827,11,1
/fs/ess/PAA0203/xing244/AF_ClaSeq/results_NC_revision/ABL1/m_fold_random/01_m_fold_sampling/round_1/01_sampling/sampling_25/group_10_unrelaxed_rank_001_alphafold2_ptm_model_1_seed_042.pdb,82.89377697841726,52.077600000000004,17.22867,6.5292454,9.739072799682617,11,1
/fs/ess/PAA0203/xing244/AF_ClaSeq/results_NC_revision/ABL1/m_fold_random/01_m_fold_sampling/round_1/01_sampling/sampling_25/group_37_unrelaxed_rank_001_alphafold2_ptm_model_1_seed_042.pdb,85.29226618705036,65.4708,17.157795,6.2917137,9.5515380859375,11,1
/fs/ess/PAA0203/xing244/AF_ClaSeq/results_NC_revision/ABL1/m_fold_random/01_m_fold_sampling/round_1/01_sampling/sampling_25/group_29_unrelaxed_rank_001_alphafold2_ptm_model_1_seed_042.pdb,82.92942446043166,61.99,16.987513,6.41223,9.58481478691101,11,1
/fs/ess/PAA0203/xing244/AF_ClaSeq/results_NC_revision/ABL1/m_fold_random/01_m_fold_sampling/round_1/01_sampling/sampling_25/group_18_unrelaxed_rank_001_alphafold2_ptm_model_1_seed_042.pdb,82.6801798561151,52.846000000000004,16.715677,6.617805,9.647166681289672,11,1
/fs/ess/PAA0203/xing244/AF_ClaSeq/results_NC_revision/ABL1/m_fold_random/01_m_fold_sampling/round_1/01_sampling/sampling_25/group_43_unrelaxed_rank_001_alphafold2_ptm_model_1_seed_042.pdb,83.70568345323741,60.96799999999999,16.963758,6.1776333,9.413470840454101,11,1
/fs/ess/PAA0203/xing244/AF_ClaSeq/results_NC_revision/ABL1/m_fold_random/01_m_fold_sampling/round_1/01_sampling/sampling_25/group_25_unrelaxed_rank_001_alphafold2_ptm_model_1_seed_042.pdb,86.26492805755396,74.0328,17.37486,6.411949,9.700822639465331,11,1
/fs/ess/PAA0203/xing244/AF_ClaSeq/results_NC_revision/ABL1/m_fold_random/01_m_fold_sampling/round_1/01_sampling/sampling_25/group_3_unrelaxed_rank_001_alphafold2_ptm_model_1_seed_042.pdb,83.91079136690647,58.3336,17.27328,6.3470616,9.624926900863647,11,1
/fs/ess/PAA0203/xing244/AF_ClaSeq/results_NC_revision/ABL1/m_fold_random/01_m_fold_sampling/round_1/01_sampling/sampling_25/group_34_unrelaxed_rank_001_alphafold2_ptm_model_1_seed_042.pdb,87.94928057553958,86.0844,17.373241,6.325386,9.639742660522462,11,1
/fs/ess/PAA0203/xing244/AF_ClaSeq/results_NC_revision/ABL1/m_fold_random/01_m_fold_sampling/round_1/01_sampling/sampling_25/group_9_unrelaxed_rank_001_alphafold2_ptm_model_1_seed_042.pdb,81.72294964028778,54.6912,16.7054,3.6593513,7.57316608428955,11,1
/fs/ess/PAA0203/xing244/AF_ClaSeq/results_NC_revision/ABL1/m_fold_random/01_m_fold_sampling/round_1/01_sampling/sampling_25/group_47_unrelaxed_rank_001_alphafold2_ptm_model_1_seed_042.pdb,82.15007194244605,54.1716,17.034737,6.205189,9.454053449630738,11,1
/fs/ess/PAA0203/xing244/AF_ClaSeq/results_NC_revision/ABL1/m_fold_random/01_m_fold_sampling/round_1/01_sampling/sampling_25/group_35_unrelaxed_rank_001_alphafold2_ptm_model_1_seed_042.pdb,82.38758992805755,64.21600000000001,17.493603,6.344069,9.68892912864685,11,1
/fs/ess/PAA0203/xing244/AF_ClaSeq/results_NC_revision/ABL1/m_fold_random/01_m_fold_sampling/round_1/01_sampling/sampling_25/group_24_unrelaxed_rank_001_alphafold2_ptm_model_1_seed_042.pdb,84.3063669064748,60.2016,16.683197,7.655786,10.36400933265686,11,1
/fs/ess/PAA0203/xing244/AF_ClaSeq/results_NC_revision/ABL1/m_fold_random/01_m_fold_sampling/round_1/01_sampling/sampling_25/group_40_unrelaxed_rank_001_alphafold2_ptm_model_1_seed_042.pdb,81.10848920863309,50.956799999999994,17.89221,4.4696054,8.49638681411743,11,1
/fs/ess/PAA0203/xing244/AF_ClaSeq/results_NC_revision/ABL1/m_fold_random/01_m_fold_sampling/round_1/01_sampling/sampling_25/group_1_unrelaxed_rank_001_alphafold2_ptm_model_1_seed_042.pdb,87.06557553956833,82.2228,17.421318,6.418494,9.719341373443603,11,1
/fs/ess/PAA0203/xing244/AF_ClaSeq/results_NC_revision/ABL1/m_fold_random/01_m_fold_sampling/round_1/01_sampling/sampling_25/group_30_unrelaxed_rank_001_alphafold2_ptm_model_1_seed_042.pdb,85.0979856115108,68.34280000000001,17.234858,6.3058634,9.58456163406372,11,1
/fs/ess/PAA0203/xing244/AF_ClaSeq/results_NC_revision/ABL1/m_fold_random/01_m_fold_sampling/round_1/01_sampling/sampling_25/group_26_unrelaxed_rank_001_alphafold2_ptm_model_1_seed_042.pdb,83.75978417266188,63.904,16.641052,3.7994294,7.65191626548767,11,1
/fs/ess/PAA0203/xing244/AF_ClaSeq/results_NC_revision/ABL1/m_fold_random/01_m_fold_sampling/round_1/01_sampling/sampling_25/group_39_unrelaxed_rank_001_alphafold2_ptm_model_1_seed_042.pdb,85.73658273381295,73.1092,17.04144,6.2749453,9.504893398284912,11,1
/fs/ess/PAA0203/xing244/AF_ClaSeq/results_NC_revision/ABL1/m_fold_random/01_m_fold_sampling/round_1/01_sampling/sampling_25/group_11_unrelaxed_rank_001_alphafold2_ptm_model_1_seed_042.pdb,82.21651079136691,50.53639999999999,14.716193,7.3166423,9.536507558822631,11,1
/fs/ess/PAA0203/xing244/AF_ClaSeq/results_NC_revision/ABL1/m_fold_random/01_m_fold_sampling/round_1/01_sampling/sampling_25/group_49_unrelaxed_rank_001_alphafold2_ptm_model_1_seed_042.pdb,87.14622302158274,78.51719999999999,17.38933,6.517889,9.7793212890625,12,1
/fs/ess/PAA0203/xing244/AF_ClaSeq/results_NC_revision/ABL1/m_fold_random/01_m_fold_sampling/round_1/01_sampling/sampling_25/group_45_unrelaxed_rank_001_alphafold2_ptm_model_1_seed_042.pdb,82.88392086330936,53.746,16.505367,4.069713,7.800409364700316,11,1
/fs/ess/PAA0203/xing244/AF_ClaSeq/results_NC_revision/ABL1/m_fold_random/01_m_fold_sampling/round_1/01_sampling/sampling_25/group_2_unrelaxed_rank_001_alphafold2_ptm_model_1_seed_042.pdb,84.55791366906475,56.60880000000001,17.343441,6.4194255,9.696630144119261,11,1
/fs/ess/PAA0203/xing244/AF_ClaSeq/results_NC_revision/ABL1/m_fold_random/01_m_fold_sampling/round_1/01_sampling/sampling_25/group_36_unrelaxed_rank_001_alphafold2_ptm_model_1_seed_042.pdb,82.33996402877698,59.8336,17.485853,6.3598776,9.697670269012452,11,1
/fs/ess/PAA0203/xing244/AF_ClaSeq/results_NC_revision/ABL1/m_fold_random/01_m_fold_sampling/round_1/01_sampling/sampling_30/group_20_unrelaxed_rank_001_alphafold2_ptm_model_1_seed_042.pdb,85.73989208633093,71.1696,17.182116,6.3008704,9.56524395942688,11,1
/fs/ess/PAA0203/xing244/AF_ClaSeq/results_NC_revision/ABL1/m_fold_random/01_m_fold_sampling/round_1/01_sampling/sampling_30/group_44_unrelaxed_rank_001_alphafold2_ptm_model_1_seed_042.pdb,83.76942446043167,69.1524,17.105888,6.297543,9.540046644210815,11,1
/fs/ess/PAA0203/xing244/AF_ClaSeq/results_NC_revision/ABL1/m_fold_random/01_m_fold_sampling/round_1/01_sampling/sampling_30/group_16_unrelaxed_rank_001_alphafold2_ptm_model_1_seed_042.pdb,85.64205035971223,71.2496,17.079473,3.57903,7.629163074493408,11,1
/fs/ess/PAA0203/xing244/AF_ClaSeq/results_NC_revision/ABL1/m_fold_random/01_m_fold_sampling/round_1/01_sampling/sampling_30/group_8_unrelaxed_rank_001_alphafold2_ptm_model_1_seed_042.pdb,85.49122302158274,71.2044,16.616098,6.163218,9.299082136154174,11,1
/fs/ess/PAA0203/xing244/AF_ClaSeq/results_NC_revision/ABL1/m_fold_random/01_m_fold_sampling/round_1/01_sampling/sampling_30/group_48_unrelaxed_rank_001_alphafold2_ptm_model_1_seed_042.pdb,85.05341726618704,65.2908,17.391882,6.4332933,9.720869922637938,11,1
/fs/ess/PAA0203/xing244/AF_ClaSeq/results_NC_revision/ABL1/m_fold_random/01_m_fold_sampling/round_1/01_sampling/sampling_30/group_6_unrelaxed_rank_001_alphafold2_ptm_model_1_seed_042.pdb,82.35953237410072,59.222,17.183487,4.666405,8.421529722213744,11,1
/fs/ess/PAA0203/xing244/AF_ClaSeq/results_NC_revision/ABL1/m_fold_random/01_m_fold_sampling/round_1/01_sampling/sampling_30/group_19_unrelaxed_rank_001_alphafold2_ptm_model_1_seed_042.pdb,87.31928057553957,67.2188,17.324564,6.330993,9.629064416885376,11,1
/fs/ess/PAA0203/xing244/AF_ClaSeq/results_NC_revision/ABL1/m_fold_random/01_m_fold_sampling/round_1/01_sampling/sampling_30/group_13_unrelaxed_rank_001_alphafold2_ptm_model_1_seed_042.pdb,84.97255395683453,68.5428,17.287188,6.5318117,9.758424472808837,11,1
/fs/ess/PAA0203/xing244/AF_ClaSeq/results_NC_revision/ABL1/m_fold_random/01_m_fold_sampling/round_1/01_sampling/sampling_30/group_28_unrelaxed_rank_001_alphafold2_ptm_model_1_seed_042.pdb,84.41920863309353,61.8116,16.850368,4.3458524,8.097207212448119,11,1
/fs/ess/PAA0203/xing244/AF_ClaSeq/results_NC_revision/ABL1/m_fold_random/01_m_fold_sampling/round_1/01_sampling/sampling_30/group_32_unrelaxed_rank_001_alphafold2_ptm_model_1_seed_042.pdb,82.99611510791367,67.6232,16.836166,3.9171774,7.792874121665955,11,1
/fs/ess/PAA0203/xing244/AF_ClaSeq/results_NC_revision/ABL1/m_fold_random/01_m_fold_sampling/round_1/01_sampling/sampling_30/group_22_unrelaxed_rank_001_alphafold2_ptm_model_1_seed_042.pdb,85.71420863309353,67.0564,16.895103,3.7208073,7.6730961561203,11,1
/fs/ess/PAA0203/xing244/AF_ClaSeq/results_NC_revision/ABL1/m_fold_random/01_m_fold_sampling/round_1/01_sampling/sampling_30/group_7_unrelaxed_rank_001_alphafold2_ptm_model_1_seed_042.pdb,85.04730215827338,67.1864,17.392506,6.313873,9.637462663650513,11,1
/fs/ess/PAA0203/xing244/AF_ClaSeq/results_NC_revision/ABL1/m_fold_random/01_m_fold_sampling/round_1/01_sampling/sampling_30/group_21_unrelaxed_rank_001_alphafold2_ptm_model_1_seed_042.pdb,82.63683453237411,59.4868,16.724855,6.5242243,9.584413623809814,11,1
/fs/ess/PAA0203/xing244/AF_ClaSeq/results_NC_revision/ABL1/m_fold_random/01_m_fold_sampling/round_1/01_sampling/sampling_30/group_41_unrelaxed_rank_001_alphafold2_ptm_model_1_seed_042.pdb,82.83125899280576,61.36280000000001,17.19877,5.989592,9.352345609664916,11,1
/fs/ess/PAA0203/xing244/AF_ClaSeq/results_NC_revision/ABL1/m_fold_random/01_m_fold_sampling/round_1/01_sampling/sampling_30/group_31_unrelaxed_rank_001_alphafold2_ptm_model_1_seed_042.pdb,82.60978417266186,49.7152,16.45033,6.3743267,9.39712791442871,11,1
/fs/ess/PAA0203/xing244/AF_ClaSeq/results_NC_revision/ABL1/m_fold_random/01_m_fold_sampling/round_1/01_sampling/sampling_30/group_46_unrelaxed_rank_001_alphafold2_ptm_model_1_seed_042.pdb,85.25492805755395,68.6688,17.552956,6.433882,9.76960425376892,11,1
/fs/ess/PAA0203/xing244/AF_ClaSeq/results_NC_revision/ABL1/m_fold_random/01_m_fold_sampling/round_1/01_sampling/sampling_30/group_17_unrelaxed_rank_001_alphafold2_ptm_model_1_seed_042.pdb,84.7084892086331,67.38680000000001,17.138926,6.9946494,10.03793225288391,11,1
/fs/ess/PAA0203/xing244/AF_ClaSeq/results_NC_revision/ABL1/m_fold_random/01_m_fold_sampling/round_1/01_sampling/sampling_30/group_14_unrelaxed_rank_001_alphafold2_ptm_model_1_seed_042.pdb,81.53402877697842,54.9328,16.03603,7.6131353,10.140003681182861,11,1
/fs/ess/PAA0203/xing244/AF_ClaSeq/results_NC_revision/ABL1/m_fold_random/01_m_fold_sampling/round_1/01_sampling/sampling_30/group_4_unrelaxed_rank_001_alphafold2_ptm_model_1_seed_042.pdb,85.23741007194245,65.8696,18.15847,6.3929954,9.922637796401977,11,1
/fs/ess/PAA0203/xing244/AF_ClaSeq/results_NC_revision/ABL1/m_fold_random/01_m_fold_sampling/round_1/01_sampling/sampling_30/group_12_unrelaxed_rank_001_alphafold2_ptm_model_1_seed_042.pdb,88.06521582733814,83.2316,17.344547,6.259302,9.584875679016113,11,1
/fs/ess/PAA0203/xing244/AF_ClaSeq/results_NC_revision/ABL1/m_fold_random/01_m_fold_sampling/round_1/01_sampling/sampling_30/group_38_unrelaxed_rank_001_alphafold2_ptm_model_1_seed_042.pdb,82.90266187050361,60.17280000000001,16.980232,3.287376,7.395232820510865,11,1
/fs/ess/PAA0203/xing244/AF_ClaSeq/results_NC_revision/ABL1/m_fold_random/01_m_fold_sampling/round_1/01_sampling/sampling_30/group_15_unrelaxed_rank_001_alphafold2_ptm_model_1_seed_042.pdb,80.49758992805756,51.0404,16.77371,3.666406,7.59859721660614,11,1
/fs/ess/PAA0203/xing244/AF_ClaSeq/results_NC_revision/ABL1/m_fold_random/01_m_fold_sampling/round_1/01_sampling/sampling_30/group_23_unrelaxed_rank_001_alphafold2_ptm_model_1_seed_042.pdb,87.12485611510792,78.9824,17.137548,6.2267923,9.50001916885376,11,1
/fs/ess/PAA0203/xing244/AF_ClaSeq/results_NC_revision/ABL1/m_fold_random/01_m_fold_sampling/round_1/01_sampling/sampling_30/group_5_unrelaxed_rank_001_alphafold2_ptm_model_1_seed_042.pdb,86.58802158273382,71.2896,17.181183,6.2286787,9.51442995071411,11,1
/fs/ess/PAA0203/xing244/AF_ClaSeq/results_NC_revision/ABL1/m_fold_random/01_m_fold_sampling/round_1/01_sampling/sampling_30/group_33_unrelaxed_rank_001_alphafold2_ptm_model_1_seed_042.pdb,88.22312949640288,87.63079999999998,17.326328,6.244027,9.56871747970581,11,1
/fs/ess/PAA0203/xing244/AF_ClaSeq/results_NC_revision/ABL1/m_fold_random/01_m_fold_sampling/round_1/01_sampling/sampling_30/group_27_unrelaxed_rank_001_alphafold2_ptm_model_1_seed_042.pdb,86.6794964028777,79.2428,17.273869,6.3397927,9.620015478134155,11,1
/fs/ess/PAA0203/xing244/AF_ClaSeq/results_NC_revision/ABL1/m_fold_random/01_m_fold_sampling/round_1/01_sampling/sampling_30/group_42_unrelaxed_rank_001_alphafold2_ptm_model_1_seed_042.pdb,85.5294964028777,69.722,17.285799,6.4202976,9.679948043823241,11,1
/fs/ess/PAA0203/xing244/AF_ClaSeq/results_NC_revision/ABL1/m_fold_random/01_m_fold_sampling/round_1/01_sampling/sampling_30/group_10_unrelaxed_rank_001_alphafold2_ptm_model_1_seed_042.pdb,88.54097122302159,88.0916,17.30437,6.30122,9.602165222167969,11,1
/fs/ess/PAA0203/xing244/AF_ClaSeq/results_NC_revision/ABL1/m_fold_random/01_m_fold_sampling/round_1/01_sampling/sampling_30/group_37_unrelaxed_rank_001_alphafold2_ptm_model_1_seed_042.pdb,84.0039928057554,60.583999999999996,16.623325,6.6168747,9.61880989074707,11,1
/fs/ess/PAA0203/xing244/AF_ClaSeq/results_NC_revision/ABL1/m_fold_random/01_m_fold_sampling/round_1/01_sampling/sampling_30/group_29_unrelaxed_rank_001_alphafold2_ptm_model_1_seed_042.pdb,69.6331654676259,51.514799999999994,8.273923,11.911048,10.819910430908202,11,1
/fs/ess/PAA0203/xing244/AF_ClaSeq/results_NC_revision/ABL1/m_fold_random/01_m_fold_sampling/round_1/01_sampling/sampling_30/group_18_unrelaxed_rank_001_alphafold2_ptm_model_1_seed_042.pdb,87.74212230215826,82.48200000000001,17.386736,6.1166267,9.497659492492676,11,1
/fs/ess/PAA0203/xing244/AF_ClaSeq/results_NC_revision/ABL1/m_fold_random/01_m_fold_sampling/round_1/01_sampling/sampling_30/group_43_unrelaxed_rank_001_alphafold2_ptm_model_1_seed_042.pdb,87.60507194244605,81.85520000000001,17.605143,6.459217,9.802994728088379,11,1
/fs/ess/PAA0203/xing244/AF_ClaSeq/results_NC_revision/ABL1/m_fold_random/01_m_fold_sampling/round_1/01_sampling/sampling_30/group_25_unrelaxed_rank_001_alphafold2_ptm_model_1_seed_042.pdb,81.9020143884892,50.3396,17.0038,7.0314736,10.023171377182006,11,1
/fs/ess/PAA0203/xing244/AF_ClaSeq/results_NC_revision/ABL1/m_fold_random/01_m_fold_sampling/round_1/01_sampling/sampling_30/group_3_unrelaxed_rank_001_alphafold2_ptm_model_1_seed_042.pdb,81.26442446043166,58.1388,16.509785,6.6310415,9.594664478302,11,1
/fs/ess/PAA0203/xing244/AF_ClaSeq/results_NC_revision/ABL1/m_fold_random/01_m_fold_sampling/round_1/01_sampling/sampling_30/group_34_unrelaxed_rank_001_alphafold2_ptm_model_1_seed_042.pdb,82.76273381294965,53.02360000000001,16.498014,6.424847,9.446797323226928,11,1
/fs/ess/PAA0203/xing244/AF_ClaSeq/results_NC_revision/ABL1/m_fold_random/01_m_fold_sampling/round_1/01_sampling/sampling_30/group_9_unrelaxed_rank_001_alphafold2_ptm_model_1_seed_042.pdb,83.58320143884893,59.564800000000005,17.370512,6.4553237,9.72988018989563,11,1
/fs/ess/PAA0203/xing244/AF_ClaSeq/results_NC_revision/ABL1/m_fold_random/01_m_fold_sampling/round_1/01_sampling/sampling_30/group_47_unrelaxed_rank_001_alphafold2_ptm_model_1_seed_042.pdb,84.65676258992806,69.21560000000001,17.19403,6.207668,9.503576707839965,11,1
/fs/ess/PAA0203/xing244/AF_ClaSeq/results_NC_revision/ABL1/m_fold_random/01_m_fold_sampling/round_1/01_sampling/sampling_30/group_35_unrelaxed_rank_001_alphafold2_ptm_model_1_seed_042.pdb,84.49550359712231,68.4988,17.101936,6.2376757,9.496953868865965,11,1
/fs/ess/PAA0203/xing244/AF_ClaSeq/results_NC_revision/ABL1/m_fold_random/01_m_fold_sampling/round_1/01_sampling/sampling_30/group_24_unrelaxed_rank_001_alphafold2_ptm_model_1_seed_042.pdb,85.25028776978418,62.8216,16.921413,6.7685757,9.814426994323728,11,1
/fs/ess/PAA0203/xing244/AF_ClaSeq/results_NC_revision/ABL1/m_fold_random/01_m_fold_sampling/round_1/01_sampling/sampling_30/group_40_unrelaxed_rank_001_alphafold2_ptm_model_1_seed_042.pdb,88.12866906474821,75.296,17.488617,6.3053813,9.660351991653442,11,1
/fs/ess/PAA0203/xing244/AF_ClaSeq/results_NC_revision/ABL1/m_fold_random/01_m_fold_sampling/round_1/01_sampling/sampling_30/group_1_unrelaxed_rank_001_alphafold2_ptm_model_1_seed_042.pdb,82.04543165467625,60.64759999999999,17.799774,6.37334,9.801270341873169,11,1
/fs/ess/PAA0203/xing244/AF_ClaSeq/results_NC_revision/ABL1/m_fold_random/01_m_fold_sampling/round_1/01_sampling/sampling_30/group_30_unrelaxed_rank_001_alphafold2_ptm_model_1_seed_042.pdb,87.14622302158274,76.45639999999999,17.133291,6.537592,9.71630172729492,11,1
/fs/ess/PAA0203/xing244/AF_ClaSeq/results_NC_revision/ABL1/m_fold_random/01_m_fold_sampling/round_1/01_sampling/sampling_30/group_26_unrelaxed_rank_001_alphafold2_ptm_model_1_seed_042.pdb,86.18424460431655,76.4932,17.485977,6.482419,9.783486461639404,11,1
/fs/ess/PAA0203/xing244/AF_ClaSeq/results_NC_revision/ABL1/m_fold_random/01_m_fold_sampling/round_1/01_sampling/sampling_30/group_39_unrelaxed_rank_001_alphafold2_ptm_model_1_seed_042.pdb,83.19176258992805,58.0516,18.331438,6.368624,9.957468366622924,11,1
/fs/ess/PAA0203/xing244/AF_ClaSeq/results_NC_revision/ABL1/m_fold_random/01_m_fold_sampling/round_1/01_sampling/sampling_30/group_11_unrelaxed_rank_001_alphafold2_ptm_model_1_seed_042.pdb,84.51269784172662,66.25399999999999,17.256966,6.4704795,9.70642533302307,11,1
/fs/ess/PAA0203/xing244/AF_ClaSeq/results_NC_revision/ABL1/m_fold_random/01_m_fold_sampling/round_1/01_sampling/sampling_30/group_49_unrelaxed_rank_001_alphafold2_ptm_model_1_seed_042.pdb,84.66859712230217,60.7372,16.17028,6.5901594,9.464195728302002,12,1
/fs/ess/PAA0203/xing244/AF_ClaSeq/results_NC_revision/ABL1/m_fold_random/01_m_fold_sampling/round_1/01_sampling/sampling_30/group_45_unrelaxed_rank_001_alphafold2_ptm_model_1_seed_042.pdb,85.64438848920864,67.33279999999999,17.224577,6.463401,9.691753673553466,11,1
/fs/ess/PAA0203/xing244/AF_ClaSeq/results_NC_revision/ABL1/m_fold_random/01_m_fold_sampling/round_1/01_sampling/sampling_30/group_2_unrelaxed_rank_001_alphafold2_ptm_model_1_seed_042.pdb,85.64794964028778,66.8204,17.128433,6.6249394,9.775987577438354,11,1
/fs/ess/PAA0203/xing244/AF_ClaSeq/results_NC_revision/ABL1/m_fold_random/01_m_fold_sampling/round_1/01_sampling/sampling_30/group_36_unrelaxed_rank_001_alphafold2_ptm_model_1_seed_042.pdb,86.5814748201439,78.834,17.463118,6.2610784,9.621690130233764,11,1
/fs/ess/PAA0203/xing244/AF_ClaSeq/results_NC_revision/ABL1/m_fold_random/01_m_fold_sampling/round_1/01_sampling/sampling_9/group_20_unrelaxed_rank_001_alphafold2_ptm_model_1_seed_042.pdb,84.25579136690648,65.526,17.202019,6.2245626,9.517799472808838,11,1
/fs/ess/PAA0203/xing244/AF_ClaSeq/results_NC_revision/ABL1/m_fold_random/01_m_fold_sampling/round_1/01_sampling/sampling_9/group_44_unrelaxed_rank_001_alphafold2_ptm_model_1_seed_042.pdb,83.5218345323741,59.73440000000001,16.73286,6.96606,9.896100282669067,11,1
/fs/ess/PAA0203/xing244/AF_ClaSeq/results_NC_revision/ABL1/m_fold_random/01_m_fold_sampling/round_1/01_sampling/sampling_9/group_16_unrelaxed_rank_001_alphafold2_ptm_model_1_seed_042.pdb,79.81913669064748,44.64320000000001,15.97852,3.1500978,6.998624610900878,11,1
/fs/ess/PAA0203/xing244/AF_ClaSeq/results_NC_revision/ABL1/m_fold_random/01_m_fold_sampling/round_1/01_sampling/sampling_9/group_8_unrelaxed_rank_001_alphafold2_ptm_model_1_seed_042.pdb,84.41827338129497,59.6348,17.101309,6.549042,9.714722204208373,11,1
/fs/ess/PAA0203/xing244/AF_ClaSeq/results_NC_revision/ABL1/m_fold_random/01_m_fold_sampling/round_1/01_sampling/sampling_9/group_48_unrelaxed_rank_001_alphafold2_ptm_model_1_seed_042.pdb,87.2470143884892,75.096,17.645658,6.4384017,9.80057873725891,11,1
/fs/ess/PAA0203/xing244/AF_ClaSeq/results_NC_revision/ABL1/m_fold_random/01_m_fold_sampling/round_1/01_sampling/sampling_9/group_6_unrelaxed_rank_001_alphafold2_ptm_model_1_seed_042.pdb,85.21097122302159,68.3316,16.818947,6.4175534,9.537971448898315,11,1
/fs/ess/PAA0203/xing244/AF_ClaSeq/results_NC_revision/ABL1/m_fold_random/01_m_fold_sampling/round_1/01_sampling/sampling_9/group_19_unrelaxed_rank_001_alphafold2_ptm_model_1_seed_042.pdb,81.82741007194244,50.953199999999995,17.183962,6.5379877,9.731779956817626,11,1
/fs/ess/PAA0203/xing244/AF_ClaSeq/results_NC_revision/ABL1/m_fold_random/01_m_fold_sampling/round_1/01_sampling/sampling_9/group_13_unrelaxed_rank_001_alphafold2_ptm_model_1_seed_042.pdb,85.34723021582734,65.63,16.737106,2.6131032,6.850304102897644,11,1
/fs/ess/PAA0203/xing244/AF_ClaSeq/results_NC_revision/ABL1/m_fold_random/01_m_fold_sampling/round_1/01_sampling/sampling_9/group_28_unrelaxed_rank_001_alphafold2_ptm_model_1_seed_042.pdb,84.87424460431654,70.4492,17.128204,6.2324867,9.501202011108397,11,1
/fs/ess/PAA0203/xing244/AF_ClaSeq/results_NC_revision/ABL1/m_fold_random/01_m_fold_sampling/round_1/01_sampling/sampling_9/group_32_unrelaxed_rank_001_alphafold2_ptm_model_1_seed_042.pdb,86.2970143884892,63.7068,17.191353,6.602877,9.7794198513031,11,1
/fs/ess/PAA0203/xing244/AF_ClaSeq/results_NC_revision/ABL1/m_fold_random/01_m_fold_sampling/round_1/01_sampling/sampling_9/group_22_unrelaxed_rank_001_alphafold2_ptm_model_1_seed_042.pdb,87.46895683453236,80.5668,17.232197,6.3033195,9.581982660293578,11,1
/fs/ess/PAA0203/xing244/AF_ClaSeq/results_NC_revision/ABL1/m_fold_random/01_m_fold_sampling/round_1/01_sampling/sampling_9/group_7_unrelaxed_rank_001_alphafold2_ptm_model_1_seed_042.pdb,86.8593525179856,80.8776,17.323107,6.280462,9.593255281448364,11,1
/fs/ess/PAA0203/xing244/AF_ClaSeq/results_NC_revision/ABL1/m_fold_random/01_m_fold_sampling/round_1/01_sampling/sampling_9/group_21_unrelaxed_rank_001_alphafold2_ptm_model_1_seed_042.pdb,80.50010791366905,47.9504,15.367428,8.037253,10.236305713653564,11,1
/fs/ess/PAA0203/xing244/AF_ClaSeq/results_NC_revision/ABL1/m_fold_random/01_m_fold_sampling/round_1/01_sampling/sampling_9/group_41_unrelaxed_rank_001_alphafold2_ptm_model_1_seed_042.pdb,84.66705035971222,74.9276,17.28975,6.2504864,9.562265205383301,11,1
/fs/ess/PAA0203/xing244/AF_ClaSeq/results_NC_revision/ABL1/m_fold_random/01_m_fold_sampling/round_1/01_sampling/sampling_9/group_31_unrelaxed_rank_001_alphafold2_ptm_model_1_seed_042.pdb,83.06392086330936,57.93639999999999,17.1599,6.49057,9.691369247436523,11,1
/fs/ess/PAA0203/xing244/AF_ClaSeq/results_NC_revision/ABL1/m_fold_random/01_m_fold_sampling/round_1/01_sampling/sampling_9/group_46_unrelaxed_rank_001_alphafold2_ptm_model_1_seed_042.pdb,85.9984892086331,71.25119999999998,17.182243,6.278097,9.549341011047362,11,1
/fs/ess/PAA0203/xing244/AF_ClaSeq/results_NC_revision/ABL1/m_fold_random/01_m_fold_sampling/round_1/01_sampling/sampling_9/group_17_unrelaxed_rank_001_alphafold2_ptm_model_1_seed_042.pdb,84.54528776978417,77.23199999999999,17.332125,6.383437,9.668043422698975,11,1
/fs/ess/PAA0203/xing244/AF_ClaSeq/results_NC_revision/ABL1/m_fold_random/01_m_fold_sampling/round_1/01_sampling/sampling_9/group_14_unrelaxed_rank_001_alphafold2_ptm_model_1_seed_042.pdb,86.98633093525179,77.0792,17.399525,6.3505297,9.665228176116944,11,1
/fs/ess/PAA0203/xing244/AF_ClaSeq/results_NC_revision/ABL1/m_fold_random/01_m_fold_sampling/round_1/01_sampling/sampling_9/group_4_unrelaxed_rank_001_alphafold2_ptm_model_1_seed_042.pdb,85.97161870503598,75.8892,17.217882,6.3478947,9.60889091491699,11,1
/fs/ess/PAA0203/xing244/AF_ClaSeq/results_NC_revision/ABL1/m_fold_random/01_m_fold_sampling/round_1/01_sampling/sampling_9/group_12_unrelaxed_rank_001_alphafold2_ptm_model_1_seed_042.pdb,87.21935251798561,81.23719999999999,17.224627,6.2646017,9.552609157562255,11,1
/fs/ess/PAA0203/xing244/AF_ClaSeq/results_NC_revision/ABL1/m_fold_random/01_m_fold_sampling/round_1/01_sampling/sampling_9/group_38_unrelaxed_rank_001_alphafold2_ptm_model_1_seed_042.pdb,82.3355035971223,66.07639999999999,16.96302,6.388592,9.560920333862304,11,1
/fs/ess/PAA0203/xing244/AF_ClaSeq/results_NC_revision/ABL1/m_fold_random/01_m_fold_sampling/round_1/01_sampling/sampling_9/group_15_unrelaxed_rank_001_alphafold2_ptm_model_1_seed_042.pdb,85.88428057553958,72.0256,17.107124,6.3426313,9.571979236602782,11,1
/fs/ess/PAA0203/xing244/AF_ClaSeq/results_NC_revision/ABL1/m_fold_random/01_m_fold_sampling/round_1/01_sampling/sampling_9/group_23_unrelaxed_rank_001_alphafold2_ptm_model_1_seed_042.pdb,82.8291726618705,48.052800000000005,6.079777,7.2519407,6.900291538238525,11,1
/fs/ess/PAA0203/xing244/AF_ClaSeq/results_NC_revision/ABL1/m_fold_random/01_m_fold_sampling/round_1/01_sampling/sampling_9/group_5_unrelaxed_rank_001_alphafold2_ptm_model_1_seed_042.pdb,83.9455035971223,64.3828,17.636387,6.384426,9.760014343261718,11,1
/fs/ess/PAA0203/xing244/AF_ClaSeq/results_NC_revision/ABL1/m_fold_random/01_m_fold_sampling/round_1/01_sampling/sampling_9/group_33_unrelaxed_rank_001_alphafold2_ptm_model_1_seed_042.pdb,84.94553956834532,63.86600000000001,17.531939,6.4244013,9.756662464141845,11,1
/fs/ess/PAA0203/xing244/AF_ClaSeq/results_NC_revision/ABL1/m_fold_random/01_m_fold_sampling/round_1/01_sampling/sampling_9/group_27_unrelaxed_rank_001_alphafold2_ptm_model_1_seed_042.pdb,87.44107913669065,79.0176,17.343395,6.2550793,9.581574058532713,11,1
/fs/ess/PAA0203/xing244/AF_ClaSeq/results_NC_revision/ABL1/m_fold_random/01_m_fold_sampling/round_1/01_sampling/sampling_9/group_42_unrelaxed_rank_001_alphafold2_ptm_model_1_seed_042.pdb,83.72089928057555,56.9616,16.391876,6.839713,9.705362033843993,11,1
/fs/ess/PAA0203/xing244/AF_ClaSeq/results_NC_revision/ABL1/m_fold_random/01_m_fold_sampling/round_1/01_sampling/sampling_9/group_10_unrelaxed_rank_001_alphafold2_ptm_model_1_seed_042.pdb,82.35147482014388,49.31839999999999,17.217434,6.3880982,9.636898946762084,11,1
/fs/ess/PAA0203/xing244/AF_ClaSeq/results_NC_revision/ABL1/m_fold_random/01_m_fold_sampling/round_1/01_sampling/sampling_9/group_37_unrelaxed_rank_001_alphafold2_ptm_model_1_seed_042.pdb,80.67719424460432,63.53960000000001,17.27778,6.0204887,9.397676277160645,11,1
/fs/ess/PAA0203/xing244/AF_ClaSeq/results_NC_revision/ABL1/m_fold_random/01_m_fold_sampling/round_1/01_sampling/sampling_9/group_29_unrelaxed_rank_001_alphafold2_ptm_model_1_seed_042.pdb,85.05816546762591,69.41,17.239386,6.389442,9.644425058364867,11,1
/fs/ess/PAA0203/xing244/AF_ClaSeq/results_NC_revision/ABL1/m_fold_random/01_m_fold_sampling/round_1/01_sampling/sampling_9/group_18_unrelaxed_rank_001_alphafold2_ptm_model_1_seed_042.pdb,88.03521582733813,80.15,17.410732,6.482582,9.761027145385743,11,1
/fs/ess/PAA0203/xing244/AF_ClaSeq/results_NC_revision/ABL1/m_fold_random/01_m_fold_sampling/round_1/01_sampling/sampling_9/group_43_unrelaxed_rank_001_alphafold2_ptm_model_1_seed_042.pdb,80.53442446043165,53.7924,17.68509,6.5362535,9.880904150009155,11,1
/fs/ess/PAA0203/xing244/AF_ClaSeq/results_NC_revision/ABL1/m_fold_random/01_m_fold_sampling/round_1/01_sampling/sampling_9/group_25_unrelaxed_rank_001_alphafold2_ptm_model_1_seed_042.pdb,86.42086330935251,75.09440000000001,17.322191,6.276746,9.590379428863525,11,1
/fs/ess/PAA0203/xing244/AF_ClaSeq/results_NC_revision/ABL1/m_fold_random/01_m_fold_sampling/round_1/01_sampling/sampling_9/group_3_unrelaxed_rank_001_alphafold2_ptm_model_1_seed_042.pdb,86.53010791366907,75.78559999999999,17.624142,5.0497518,8.822068738937377,11,1
/fs/ess/PAA0203/xing244/AF_ClaSeq/results_NC_revision/ABL1/m_fold_random/01_m_fold_sampling/round_1/01_sampling/sampling_9/group_34_unrelaxed_rank_001_alphafold2_ptm_model_1_seed_042.pdb,86.35687050359712,76.5052,17.489607,6.4668245,9.773659229278564,11,1
/fs/ess/PAA0203/xing244/AF_ClaSeq/results_NC_revision/ABL1/m_fold_random/01_m_fold_sampling/round_1/01_sampling/sampling_9/group_9_unrelaxed_rank_001_alphafold2_ptm_model_1_seed_042.pdb,83.88125899280575,64.5412,17.302296,6.1722007,9.511229181289671,11,1
/fs/ess/PAA0203/xing244/AF_ClaSeq/results_NC_revision/ABL1/m_fold_random/01_m_fold_sampling/round_1/01_sampling/sampling_9/group_47_unrelaxed_rank_001_alphafold2_ptm_model_1_seed_042.pdb,85.27276978417267,68.55279999999999,17.074087,6.413691,9.611809873580931,11,1
/fs/ess/PAA0203/xing244/AF_ClaSeq/results_NC_revision/ABL1/m_fold_random/01_m_fold_sampling/round_1/01_sampling/sampling_9/group_35_unrelaxed_rank_001_alphafold2_ptm_model_1_seed_042.pdb,83.35161870503597,69.8988,17.24236,6.3454213,9.614502668380737,11,1
/fs/ess/PAA0203/xing244/AF_ClaSeq/results_NC_revision/ABL1/m_fold_random/01_m_fold_sampling/round_1/01_sampling/sampling_9/group_24_unrelaxed_rank_001_alphafold2_ptm_model_1_seed_042.pdb,80.95956834532373,53.13399999999999,17.253618,4.9841595,8.664997100830078,11,1
/fs/ess/PAA0203/xing244/AF_ClaSeq/results_NC_revision/ABL1/m_fold_random/01_m_fold_sampling/round_1/01_sampling/sampling_9/group_40_unrelaxed_rank_001_alphafold2_ptm_model_1_seed_042.pdb,84.55471223021583,56.56400000000001,17.188568,6.3679695,9.61414909362793,11,1
/fs/ess/PAA0203/xing244/AF_ClaSeq/results_NC_revision/ABL1/m_fold_random/01_m_fold_sampling/round_1/01_sampling/sampling_9/group_1_unrelaxed_rank_001_alphafold2_ptm_model_1_seed_042.pdb,86.16374100719425,74.676,17.29719,6.3588357,9.640341901779173,11,1
/fs/ess/PAA0203/xing244/AF_ClaSeq/results_NC_revision/ABL1/m_fold_random/01_m_fold_sampling/round_1/01_sampling/sampling_9/group_30_unrelaxed_rank_001_alphafold2_ptm_model_1_seed_042.pdb,83.35388489208633,55.224,16.96477,6.853362,9.886784267425536,11,1
/fs/ess/PAA0203/xing244/AF_ClaSeq/results_NC_revision/ABL1/m_fold_random/01_m_fold_sampling/round_1/01_sampling/sampling_9/group_26_unrelaxed_rank_001_alphafold2_ptm_model_1_seed_042.pdb,83.41978417266188,56.708400000000005,17.225952,6.6966743,9.855457687377928,11,1
/fs/ess/PAA0203/xing244/AF_ClaSeq/results_NC_revision/ABL1/m_fold_random/01_m_fold_sampling/round_1/01_sampling/sampling_9/group_39_unrelaxed_rank_001_alphafold2_ptm_model_1_seed_042.pdb,85.8421582733813,71.0632,17.561983,6.4759736,9.801776456832886,11,1
/fs/ess/PAA0203/xing244/AF_ClaSeq/results_NC_revision/ABL1/m_fold_random/01_m_fold_sampling/round_1/01_sampling/sampling_9/group_11_unrelaxed_rank_001_alphafold2_ptm_model_1_seed_042.pdb,82.54672661870504,67.89399999999999,16.782803,6.462567,9.558637571334838,11,1
/fs/ess/PAA0203/xing244/AF_ClaSeq/results_NC_revision/ABL1/m_fold_random/01_m_fold_sampling/round_1/01_sampling/sampling_9/group_49_unrelaxed_rank_001_alphafold2_ptm_model_1_seed_042.pdb,84.12431654676259,64.7492,17.133583,6.3506503,9.585530138015747,12,1
/fs/ess/PAA0203/xing244/AF_ClaSeq/results_NC_revision/ABL1/m_fold_random/01_m_fold_sampling/round_1/01_sampling/sampling_9/group_45_unrelaxed_rank_001_alphafold2_ptm_model_1_seed_042.pdb,84.07978417266187,66.58800000000001,16.8351,5.326948,8.779393768310547,11,1
/fs/ess/PAA0203/xing244/AF_ClaSeq/results_NC_revision/ABL1/m_fold_random/01_m_fold_sampling/round_1/01_sampling/sampling_9/group_2_unrelaxed_rank_001_alphafold2_ptm_model_1_seed_042.pdb,82.86974820143885,55.373200000000004,17.462828,4.7616568,8.572008037567137,11,1
/fs/ess/PAA0203/xing244/AF_ClaSeq/results_NC_revision/ABL1/m_fold_random/01_m_fold_sampling/round_1/01_sampling/sampling_9/group_36_unrelaxed_rank_001_alphafold2_ptm_model_1_seed_042.pdb,81.20978417266187,48.326,14.015299,7.3530498,9.351724481582641,11,1
/fs/ess/PAA0203/xing244/AF_ClaSeq/results_NC_revision/ABL1/m_fold_random/01_m_fold_sampling/round_1/01_sampling/sampling_32/group_20_unrelaxed_rank_001_alphafold2_ptm_model_1_seed_042.pdb,84.78183453237409,72.85600000000001,17.391375,6.36743,9.674613523483275,11,1
/fs/ess/PAA0203/xing244/AF_ClaSeq/results_NC_revision/ABL1/m_fold_random/01_m_fold_sampling/round_1/01_sampling/sampling_32/group_44_unrelaxed_rank_001_alphafold2_ptm_model_1_seed_042.pdb,84.14719424460432,63.733999999999995,16.71451,3.3724086,7.375039029121399,11,1
/fs/ess/PAA0203/xing244/AF_ClaSeq/results_NC_revision/ABL1/m_fold_random/01_m_fold_sampling/round_1/01_sampling/sampling_32/group_16_unrelaxed_rank_001_alphafold2_ptm_model_1_seed_042.pdb,84.9924820143885,68.18639999999999,17.349142,6.4624195,9.728436279296876,11,1
/fs/ess/PAA0203/xing244/AF_ClaSeq/results_NC_revision/ABL1/m_fold_random/01_m_fold_sampling/round_1/01_sampling/sampling_32/group_8_unrelaxed_rank_001_alphafold2_ptm_model_1_seed_042.pdb,84.46370503597122,64.5848,17.271172,7.4410043,10.39005446434021,11,1
/fs/ess/PAA0203/xing244/AF_ClaSeq/results_NC_revision/ABL1/m_fold_random/01_m_fold_sampling/round_1/01_sampling/sampling_32/group_48_unrelaxed_rank_001_alphafold2_ptm_model_1_seed_042.pdb,78.82528776978417,49.107600000000005,17.538082,6.275256,9.65410394668579,11,1
/fs/ess/PAA0203/xing244/AF_ClaSeq/results_NC_revision/ABL1/m_fold_random/01_m_fold_sampling/round_1/01_sampling/sampling_32/group_6_unrelaxed_rank_001_alphafold2_ptm_model_1_seed_042.pdb,87.71791366906476,76.2148,17.17348,6.3452945,9.59374985694885,11,1
/fs/ess/PAA0203/xing244/AF_ClaSeq/results_NC_revision/ABL1/m_fold_random/01_m_fold_sampling/round_1/01_sampling/sampling_32/group_19_unrelaxed_rank_001_alphafold2_ptm_model_1_seed_042.pdb,86.67820143884893,70.286,17.10686,6.6887107,9.814155244827269,11,1
/fs/ess/PAA0203/xing244/AF_ClaSeq/results_NC_revision/ABL1/m_fold_random/01_m_fold_sampling/round_1/01_sampling/sampling_32/group_13_unrelaxed_rank_001_alphafold2_ptm_model_1_seed_042.pdb,84.48258992805755,67.8636,17.339928,6.492241,9.746546936035156,11,1
/fs/ess/PAA0203/xing244/AF_ClaSeq/results_NC_revision/ABL1/m_fold_random/01_m_fold_sampling/round_1/01_sampling/sampling_32/group_28_unrelaxed_rank_001_alphafold2_ptm_model_1_seed_042.pdb,88.43701438848922,86.6472,17.35357,6.193712,9.541669845581055,11,1
/fs/ess/PAA0203/xing244/AF_ClaSeq/results_NC_revision/ABL1/m_fold_random/01_m_fold_sampling/round_1/01_sampling/sampling_32/group_32_unrelaxed_rank_001_alphafold2_ptm_model_1_seed_042.pdb,82.54010791366908,50.531600000000005,16.900967,6.7773023,9.814401578903198,11,1
/fs/ess/PAA0203/xing244/AF_ClaSeq/results_NC_revision/ABL1/m_fold_random/01_m_fold_sampling/round_1/01_sampling/sampling_32/group_22_unrelaxed_rank_001_alphafold2_ptm_model_1_seed_042.pdb,87.40892086330935,75.76559999999999,17.381742,6.4781356,9.749217653274535,11,1
/fs/ess/PAA0203/xing244/AF_ClaSeq/results_NC_revision/ABL1/m_fold_random/01_m_fold_sampling/round_1/01_sampling/sampling_32/group_7_unrelaxed_rank_001_alphafold2_ptm_model_1_seed_042.pdb,86.36039568345325,79.9148,16.958012,3.6111732,7.615224695205688,11,1
/fs/ess/PAA0203/xing244/AF_ClaSeq/results_NC_revision/ABL1/m_fold_random/01_m_fold_sampling/round_1/01_sampling/sampling_32/group_21_unrelaxed_rank_001_alphafold2_ptm_model_1_seed_042.pdb,85.96748201438848,75.4868,17.304087,6.0749574,9.443696165084837,11,1
/fs/ess/PAA0203/xing244/AF_ClaSeq/results_NC_revision/ABL1/m_fold_random/01_m_fold_sampling/round_1/01_sampling/sampling_32/group_41_unrelaxed_rank_001_alphafold2_ptm_model_1_seed_042.pdb,84.01021582733811,68.2296,17.40173,6.567709,9.817915153503417,11,1
/fs/ess/PAA0203/xing244/AF_ClaSeq/results_NC_revision/ABL1/m_fold_random/01_m_fold_sampling/round_1/01_sampling/sampling_32/group_31_unrelaxed_rank_001_alphafold2_ptm_model_1_seed_042.pdb,82.53625899280576,45.978,15.004766,7.4324603,9.704152154922484,11,1
/fs/ess/PAA0203/xing244/AF_ClaSeq/results_NC_revision/ABL1/m_fold_random/01_m_fold_sampling/round_1/01_sampling/sampling_32/group_46_unrelaxed_rank_001_alphafold2_ptm_model_1_seed_042.pdb,83.66834532374102,63.2004,17.26546,6.3061543,9.593945693969726,11,1
/fs/ess/PAA0203/xing244/AF_ClaSeq/results_NC_revision/ABL1/m_fold_random/01_m_fold_sampling/round_1/01_sampling/sampling_32/group_17_unrelaxed_rank_001_alphafold2_ptm_model_1_seed_042.pdb,87.56910071942445,75.3768,17.17812,6.2029953,9.495532608032226,11,1
/fs/ess/PAA0203/xing244/AF_ClaSeq/results_NC_revision/ABL1/m_fold_random/01_m_fold_sampling/round_1/01_sampling/sampling_32/group_14_unrelaxed_rank_001_alphafold2_ptm_model_1_seed_042.pdb,80.09856115107914,56.3156,17.2865,6.710611,9.883377885818481,11,1
/fs/ess/PAA0203/xing244/AF_ClaSeq/results_NC_revision/ABL1/m_fold_random/01_m_fold_sampling/round_1/01_sampling/sampling_32/group_4_unrelaxed_rank_001_alphafold2_ptm_model_1_seed_042.pdb,81.57017985611512,53.985200000000006,16.138847,5.8656006,8.947574615478516,11,1
/fs/ess/PAA0203/xing244/AF_ClaSeq/results_NC_revision/ABL1/m_fold_random/01_m_fold_sampling/round_1/01_sampling/sampling_32/group_12_unrelaxed_rank_001_alphafold2_ptm_model_1_seed_042.pdb,85.08992805755396,66.7012,17.34694,6.272488,9.594823408126832,11,1
/fs/ess/PAA0203/xing244/AF_ClaSeq/results_NC_revision/ABL1/m_fold_random/01_m_fold_sampling/round_1/01_sampling/sampling_32/group_38_unrelaxed_rank_001_alphafold2_ptm_model_1_seed_042.pdb,85.18694244604318,67.16680000000001,17.05092,6.487853,9.656773281097411,11,1
/fs/ess/PAA0203/xing244/AF_ClaSeq/results_NC_revision/ABL1/m_fold_random/01_m_fold_sampling/round_1/01_sampling/sampling_32/group_15_unrelaxed_rank_001_alphafold2_ptm_model_1_seed_042.pdb,83.34647482014388,58.824400000000004,17.075878,6.6099052,9.749697113037108,11,1
/fs/ess/PAA0203/xing244/AF_ClaSeq/results_NC_revision/ABL1/m_fold_random/01_m_fold_sampling/round_1/01_sampling/sampling_32/group_23_unrelaxed_rank_001_alphafold2_ptm_model_1_seed_042.pdb,80.54730215827338,53.9184,16.78605,4.483472,8.17424554824829,11,1
/fs/ess/PAA0203/xing244/AF_ClaSeq/results_NC_revision/ABL1/m_fold_random/01_m_fold_sampling/round_1/01_sampling/sampling_32/group_5_unrelaxed_rank_001_alphafold2_ptm_model_1_seed_042.pdb,87.79269784172662,81.77,17.348751,6.2225485,9.560409259796142,11,1
/fs/ess/PAA0203/xing244/AF_ClaSeq/results_NC_revision/ABL1/m_fold_random/01_m_fold_sampling/round_1/01_sampling/sampling_32/group_33_unrelaxed_rank_001_alphafold2_ptm_model_1_seed_042.pdb,82.90435251798561,58.217600000000004,16.944572,6.48551,9.623228645324707,11,1
/fs/ess/PAA0203/xing244/AF_ClaSeq/results_NC_revision/ABL1/m_fold_random/01_m_fold_sampling/round_1/01_sampling/sampling_32/group_27_unrelaxed_rank_001_alphafold2_ptm_model_1_seed_042.pdb,87.78161870503597,71.5804,17.830124,6.2251363,9.706632566452026,11,1
/fs/ess/PAA0203/xing244/AF_ClaSeq/results_NC_revision/ABL1/m_fold_random/01_m_fold_sampling/round_1/01_sampling/sampling_32/group_42_unrelaxed_rank_001_alphafold2_ptm_model_1_seed_042.pdb,83.6615107913669,58.68639999999999,17.342169,6.3553753,9.651413345336913,11,1
/fs/ess/PAA0203/xing244/AF_ClaSeq/results_NC_revision/ABL1/m_fold_random/01_m_fold_sampling/round_1/01_sampling/sampling_32/group_10_unrelaxed_rank_001_alphafold2_ptm_model_1_seed_042.pdb,83.53676258992806,53.510799999999996,16.274536,7.3724194,10.043054389953612,11,1
/fs/ess/PAA0203/xing244/AF_ClaSeq/results_NC_revision/ABL1/m_fold_random/01_m_fold_sampling/round_1/01_sampling/sampling_32/group_37_unrelaxed_rank_001_alphafold2_ptm_model_1_seed_042.pdb,87.78496402877697,85.06479999999999,17.482359,6.415084,9.735266399383544,11,1
/fs/ess/PAA0203/xing244/AF_ClaSeq/results_NC_revision/ABL1/m_fold_random/01_m_fold_sampling/round_1/01_sampling/sampling_32/group_29_unrelaxed_rank_001_alphafold2_ptm_model_1_seed_042.pdb,79.6806474820144,51.709999999999994,16.888273,3.270081,7.355538702011108,11,1
/fs/ess/PAA0203/xing244/AF_ClaSeq/results_NC_revision/ABL1/m_fold_random/01_m_fold_sampling/round_1/01_sampling/sampling_32/group_18_unrelaxed_rank_001_alphafold2_ptm_model_1_seed_042.pdb,84.37395683453238,64.6084,17.312593,6.70757,9.88907709121704,11,1
/fs/ess/PAA0203/xing244/AF_ClaSeq/results_NC_revision/ABL1/m_fold_random/01_m_fold_sampling/round_1/01_sampling/sampling_32/group_43_unrelaxed_rank_001_alphafold2_ptm_model_1_seed_042.pdb,86.89255395683452,80.8476,17.352623,6.394335,9.681821250915526,11,1
/fs/ess/PAA0203/xing244/AF_ClaSeq/results_NC_revision/ABL1/m_fold_random/01_m_fold_sampling/round_1/01_sampling/sampling_32/group_25_unrelaxed_rank_001_alphafold2_ptm_model_1_seed_042.pdb,82.43431654676259,54.062000000000005,18.254038,6.6333294,10.119541931152344,11,1
/fs/ess/PAA0203/xing244/AF_ClaSeq/results_NC_revision/ABL1/m_fold_random/01_m_fold_sampling/round_1/01_sampling/sampling_32/group_3_unrelaxed_rank_001_alphafold2_ptm_model_1_seed_042.pdb,86.50291366906474,77.61840000000001,17.326567,6.4320617,9.700413179397582,11,1
/fs/ess/PAA0203/xing244/AF_ClaSeq/results_NC_revision/ABL1/m_fold_random/01_m_fold_sampling/round_1/01_sampling/sampling_32/group_34_unrelaxed_rank_001_alphafold2_ptm_model_1_seed_042.pdb,84.30089928057555,68.1712,17.324392,6.3412566,9.636197328567505,11,1
/fs/ess/PAA0203/xing244/AF_ClaSeq/results_NC_revision/ABL1/m_fold_random/01_m_fold_sampling/round_1/01_sampling/sampling_32/group_9_unrelaxed_rank_001_alphafold2_ptm_model_1_seed_042.pdb,85.46172661870504,63.1832,17.11985,6.759929,9.867905473709106,11,1
/fs/ess/PAA0203/xing244/AF_ClaSeq/results_NC_revision/ABL1/m_fold_random/01_m_fold_sampling/round_1/01_sampling/sampling_32/group_47_unrelaxed_rank_001_alphafold2_ptm_model_1_seed_042.pdb,84.57122302158274,62.2048,17.328316,6.262115,9.581975221633911,11,1
/fs/ess/PAA0203/xing244/AF_ClaSeq/results_NC_revision/ABL1/m_fold_random/01_m_fold_sampling/round_1/01_sampling/sampling_32/group_35_unrelaxed_rank_001_alphafold2_ptm_model_1_seed_042.pdb,84.4313669064748,72.8052,17.551222,6.492039,9.809793996810914,11,1
/fs/ess/PAA0203/xing244/AF_ClaSeq/results_NC_revision/ABL1/m_fold_random/01_m_fold_sampling/round_1/01_sampling/sampling_32/group_24_unrelaxed_rank_001_alphafold2_ptm_model_1_seed_042.pdb,81.32758992805755,52.783199999999994,17.48061,6.6312494,9.886057567596435,11,1
/fs/ess/PAA0203/xing244/AF_ClaSeq/results_NC_revision/ABL1/m_fold_random/01_m_fold_sampling/round_1/01_sampling/sampling_32/group_40_unrelaxed_rank_001_alphafold2_ptm_model_1_seed_042.pdb,86.50446043165466,65.0368,17.06626,6.378327,9.58470664024353,11,1
/fs/ess/PAA0203/xing244/AF_ClaSeq/results_NC_revision/ABL1/m_fold_random/01_m_fold_sampling/round_1/01_sampling/sampling_32/group_1_unrelaxed_rank_001_alphafold2_ptm_model_1_seed_042.pdb,81.76003597122302,46.4484,17.236115,6.507171,9.72585415840149,11,1
/fs/ess/PAA0203/xing244/AF_ClaSeq/results_NC_revision/ABL1/m_fold_random/01_m_fold_sampling/round_1/01_sampling/sampling_32/group_30_unrelaxed_rank_001_alphafold2_ptm_model_1_seed_042.pdb,83.20172661870504,58.84000000000001,17.233946,6.319019,9.59349694252014,11,1
/fs/ess/PAA0203/xing244/AF_ClaSeq/results_NC_revision/ABL1/m_fold_random/01_m_fold_sampling/round_1/01_sampling/sampling_32/group_26_unrelaxed_rank_001_alphafold2_ptm_model_1_seed_042.pdb,83.3814748201439,72.2068,17.380875,6.496001,9.761462926864624,11,1
/fs/ess/PAA0203/xing244/AF_ClaSeq/results_NC_revision/ABL1/m_fold_random/01_m_fold_sampling/round_1/01_sampling/sampling_32/group_39_unrelaxed_rank_001_alphafold2_ptm_model_1_seed_042.pdb,86.02845323741008,73.6432,16.9934,6.14256,9.397812175750731,11,1
/fs/ess/PAA0203/xing244/AF_ClaSeq/results_NC_revision/ABL1/m_fold_random/01_m_fold_sampling/round_1/01_sampling/sampling_32/group_11_unrelaxed_rank_001_alphafold2_ptm_model_1_seed_042.pdb,84.94525179856116,68.8964,17.330751,6.484411,9.73831295967102,11,1
/fs/ess/PAA0203/xing244/AF_ClaSeq/results_NC_revision/ABL1/m_fold_random/01_m_fold_sampling/round_1/01_sampling/sampling_32/group_49_unrelaxed_rank_001_alphafold2_ptm_model_1_seed_042.pdb,84.8298561151079,68.4192,17.12726,6.4054036,9.621960592269897,12,1
/fs/ess/PAA0203/xing244/AF_ClaSeq/results_NC_revision/ABL1/m_fold_random/01_m_fold_sampling/round_1/01_sampling/sampling_32/group_45_unrelaxed_rank_001_alphafold2_ptm_model_1_seed_042.pdb,85.53453237410072,72.45800000000001,17.033445,6.2179174,9.462575817108153,11,1
/fs/ess/PAA0203/xing244/AF_ClaSeq/results_NC_revision/ABL1/m_fold_random/01_m_fold_sampling/round_1/01_sampling/sampling_32/group_2_unrelaxed_rank_001_alphafold2_ptm_model_1_seed_042.pdb,85.63992805755396,60.59479999999999,17.365324,6.4923525,9.754243946075439,11,1
/fs/ess/PAA0203/xing244/AF_ClaSeq/results_NC_revision/ABL1/m_fold_random/01_m_fold_sampling/round_1/01_sampling/sampling_32/group_36_unrelaxed_rank_001_alphafold2_ptm_model_1_seed_042.pdb,84.1239928057554,64.69040000000001,18.328323,6.052978,9.735581636428833,11,1
/fs/ess/PAA0203/xing244/AF_ClaSeq/results_NC_revision/ABL1/m_fold_random/01_m_fold_sampling/round_1/01_sampling/sampling_22/group_20_unrelaxed_rank_001_alphafold2_ptm_model_1_seed_042.pdb,86.70392086330936,79.8884,17.102827,3.5941331,7.646741318702698,11,1
/fs/ess/PAA0203/xing244/AF_ClaSeq/results_NC_revision/ABL1/m_fold_random/01_m_fold_sampling/round_1/01_sampling/sampling_22/group_44_unrelaxed_rank_001_alphafold2_ptm_model_1_seed_042.pdb,83.7936690647482,65.0696,16.786222,6.2267823,9.394614362716673,11,1
/fs/ess/PAA0203/xing244/AF_ClaSeq/results_NC_revision/ABL1/m_fold_random/01_m_fold_sampling/round_1/01_sampling/sampling_22/group_16_unrelaxed_rank_001_alphafold2_ptm_model_1_seed_042.pdb,87.41377697841726,83.876,17.425056,6.394146,9.703419113159178,11,1
/fs/ess/PAA0203/xing244/AF_ClaSeq/results_NC_revision/ABL1/m_fold_random/01_m_fold_sampling/round_1/01_sampling/sampling_22/group_8_unrelaxed_rank_001_alphafold2_ptm_model_1_seed_042.pdb,83.30611510791367,60.553999999999995,16.996927,4.58382,8.307752084732055,11,1
/fs/ess/PAA0203/xing244/AF_ClaSeq/results_NC_revision/ABL1/m_fold_random/01_m_fold_sampling/round_1/01_sampling/sampling_22/group_48_unrelaxed_rank_001_alphafold2_ptm_model_1_seed_042.pdb,85.17424460431656,64.19760000000001,17.388327,6.324345,9.643539571762084,11,1
/fs/ess/PAA0203/xing244/AF_ClaSeq/results_NC_revision/ABL1/m_fold_random/01_m_fold_sampling/round_1/01_sampling/sampling_22/group_6_unrelaxed_rank_001_alphafold2_ptm_model_1_seed_042.pdb,82.28219424460431,50.958800000000004,17.304789,6.4122314,9.679998588562011,11,1
/fs/ess/PAA0203/xing244/AF_ClaSeq/results_NC_revision/ABL1/m_fold_random/01_m_fold_sampling/round_1/01_sampling/sampling_22/group_19_unrelaxed_rank_001_alphafold2_ptm_model_1_seed_042.pdb,84.7153237410072,71.54039999999999,17.416046,4.305076,8.238367128372191,11,1
/fs/ess/PAA0203/xing244/AF_ClaSeq/results_NC_revision/ABL1/m_fold_random/01_m_fold_sampling/round_1/01_sampling/sampling_22/group_13_unrelaxed_rank_001_alphafold2_ptm_model_1_seed_042.pdb,88.69093525179855,85.8352,17.344563,6.159633,9.515111970901488,11,1
/fs/ess/PAA0203/xing244/AF_ClaSeq/results_NC_revision/ABL1/m_fold_random/01_m_fold_sampling/round_1/01_sampling/sampling_22/group_28_unrelaxed_rank_001_alphafold2_ptm_model_1_seed_042.pdb,83.67359712230217,58.632799999999996,16.859327,6.5094185,9.614391136169434,11,1
/fs/ess/PAA0203/xing244/AF_ClaSeq/results_NC_revision/ABL1/m_fold_random/01_m_fold_sampling/round_1/01_sampling/sampling_22/group_32_unrelaxed_rank_001_alphafold2_ptm_model_1_seed_042.pdb,80.29874100719424,57.062799999999996,16.82388,6.0612626,9.290047597885131,11,1
/fs/ess/PAA0203/xing244/AF_ClaSeq/results_NC_revision/ABL1/m_fold_random/01_m_fold_sampling/round_1/01_sampling/sampling_22/group_22_unrelaxed_rank_001_alphafold2_ptm_model_1_seed_042.pdb,86.74672661870504,78.044,17.363207,6.3605003,9.661312294006347,11,1
/fs/ess/PAA0203/xing244/AF_ClaSeq/results_NC_revision/ABL1/m_fold_random/01_m_fold_sampling/round_1/01_sampling/sampling_22/group_7_unrelaxed_rank_001_alphafold2_ptm_model_1_seed_042.pdb,82.89428057553957,62.2724,16.932611,4.4756126,8.212712287902832,11,1
/fs/ess/PAA0203/xing244/AF_ClaSeq/results_NC_revision/ABL1/m_fold_random/01_m_fold_sampling/round_1/01_sampling/sampling_22/group_21_unrelaxed_rank_001_alphafold2_ptm_model_1_seed_042.pdb,84.94798561151079,72.9568,17.529755,6.3942447,9.734897661209107,11,1
/fs/ess/PAA0203/xing244/AF_ClaSeq/results_NC_revision/ABL1/m_fold_random/01_m_fold_sampling/round_1/01_sampling/sampling_22/group_41_unrelaxed_rank_001_alphafold2_ptm_model_1_seed_042.pdb,87.86082733812948,81.91760000000001,17.283733,6.3594723,9.636750602722167,11,1
/fs/ess/PAA0203/xing244/AF_ClaSeq/results_NC_revision/ABL1/m_fold_random/01_m_fold_sampling/round_1/01_sampling/sampling_22/group_31_unrelaxed_rank_001_alphafold2_ptm_model_1_seed_042.pdb,81.94129496402877,50.29880000000001,17.066675,3.5967898,7.637755441665649,11,1
/fs/ess/PAA0203/xing244/AF_ClaSeq/results_NC_revision/ABL1/m_fold_random/01_m_fold_sampling/round_1/01_sampling/sampling_22/group_46_unrelaxed_rank_001_alphafold2_ptm_model_1_seed_042.pdb,81.37266187050359,52.8952,17.27517,6.3800015,9.648551893234252,11,1
/fs/ess/PAA0203/xing244/AF_ClaSeq/results_NC_revision/ABL1/m_fold_random/01_m_fold_sampling/round_1/01_sampling/sampling_22/group_17_unrelaxed_rank_001_alphafold2_ptm_model_1_seed_042.pdb,86.858345323741,80.1996,17.268845,6.4426837,9.690531969070435,11,1
/fs/ess/PAA0203/xing244/AF_ClaSeq/results_NC_revision/ABL1/m_fold_random/01_m_fold_sampling/round_1/01_sampling/sampling_22/group_14_unrelaxed_rank_001_alphafold2_ptm_model_1_seed_042.pdb,82.89273381294964,56.1976,7.0470862,5.637048,6.060059309005737,11,1
/fs/ess/PAA0203/xing244/AF_ClaSeq/results_NC_revision/ABL1/m_fold_random/01_m_fold_sampling/round_1/01_sampling/sampling_22/group_4_unrelaxed_rank_001_alphafold2_ptm_model_1_seed_042.pdb,83.35791366906474,61.1312,17.394936,6.35851,9.66943769454956,11,1
/fs/ess/PAA0203/xing244/AF_ClaSeq/results_NC_revision/ABL1/m_fold_random/01_m_fold_sampling/round_1/01_sampling/sampling_22/group_12_unrelaxed_rank_001_alphafold2_ptm_model_1_seed_042.pdb,86.16953237410071,70.17280000000001,15.559754,6.4093943,9.154502296447752,11,1
/fs/ess/PAA0203/xing244/AF_ClaSeq/results_NC_revision/ABL1/m_fold_random/01_m_fold_sampling/round_1/01_sampling/sampling_22/group_38_unrelaxed_rank_001_alphafold2_ptm_model_1_seed_042.pdb,85.1906474820144,69.20479999999999,16.907204,6.319029,9.495481300354003,11,1
/fs/ess/PAA0203/xing244/AF_ClaSeq/results_NC_revision/ABL1/m_fold_random/01_m_fold_sampling/round_1/01_sampling/sampling_22/group_15_unrelaxed_rank_001_alphafold2_ptm_model_1_seed_042.pdb,84.68075539568345,60.76,17.269274,6.4118624,9.669085788726807,11,1
/fs/ess/PAA0203/xing244/AF_ClaSeq/results_NC_revision/ABL1/m_fold_random/01_m_fold_sampling/round_1/01_sampling/sampling_22/group_23_unrelaxed_rank_001_alphafold2_ptm_model_1_seed_042.pdb,84.11330935251799,62.70360000000001,17.382515,6.472466,9.745480680465697,11,1
/fs/ess/PAA0203/xing244/AF_ClaSeq/results_NC_revision/ABL1/m_fold_random/01_m_fold_sampling/round_1/01_sampling/sampling_22/group_5_unrelaxed_rank_001_alphafold2_ptm_model_1_seed_042.pdb,86.3521582733813,81.36280000000001,17.345858,6.3618126,9.657026100158692,11,1
/fs/ess/PAA0203/xing244/AF_ClaSeq/results_NC_revision/ABL1/m_fold_random/01_m_fold_sampling/round_1/01_sampling/sampling_22/group_33_unrelaxed_rank_001_alphafold2_ptm_model_1_seed_042.pdb,82.67082733812948,58.7376,17.249136,6.4865003,9.715290975570678,11,1
/fs/ess/PAA0203/xing244/AF_ClaSeq/results_NC_revision/ABL1/m_fold_random/01_m_fold_sampling/round_1/01_sampling/sampling_22/group_27_unrelaxed_rank_001_alphafold2_ptm_model_1_seed_042.pdb,85.80866906474819,70.1108,17.111595,6.3662424,9.589848232269286,11,1
/fs/ess/PAA0203/xing244/AF_ClaSeq/results_NC_revision/ABL1/m_fold_random/01_m_fold_sampling/round_1/01_sampling/sampling_22/group_42_unrelaxed_rank_001_alphafold2_ptm_model_1_seed_042.pdb,85.34866906474821,60.91479999999999,17.047583,6.4830894,9.65243740081787,11,1
/fs/ess/PAA0203/xing244/AF_ClaSeq/results_NC_revision/ABL1/m_fold_random/01_m_fold_sampling/round_1/01_sampling/sampling_22/group_10_unrelaxed_rank_001_alphafold2_ptm_model_1_seed_042.pdb,84.37823741007195,66.7204,16.782267,6.2102785,9.38187494277954,11,1
/fs/ess/PAA0203/xing244/AF_ClaSeq/results_NC_revision/ABL1/m_fold_random/01_m_fold_sampling/round_1/01_sampling/sampling_22/group_37_unrelaxed_rank_001_alphafold2_ptm_model_1_seed_042.pdb,85.00492805755397,60.9208,16.818352,6.5736403,9.647053766250611,11,1
/fs/ess/PAA0203/xing244/AF_ClaSeq/results_NC_revision/ABL1/m_fold_random/01_m_fold_sampling/round_1/01_sampling/sampling_22/group_29_unrelaxed_rank_001_alphafold2_ptm_model_1_seed_042.pdb,82.91280575539568,57.89720000000001,17.215143,6.8437166,9.955144596099853,11,1
/fs/ess/PAA0203/xing244/AF_ClaSeq/results_NC_revision/ABL1/m_fold_random/01_m_fold_sampling/round_1/01_sampling/sampling_22/group_18_unrelaxed_rank_001_alphafold2_ptm_model_1_seed_042.pdb,80.48424460431656,62.3868,16.822025,6.071048,9.296341037750244,11,1
/fs/ess/PAA0203/xing244/AF_ClaSeq/results_NC_revision/ABL1/m_fold_random/01_m_fold_sampling/round_1/01_sampling/sampling_22/group_43_unrelaxed_rank_001_alphafold2_ptm_model_1_seed_042.pdb,86.4001798561151,79.5284,17.285711,6.37913,9.651104307174682,11,1
/fs/ess/PAA0203/xing244/AF_ClaSeq/results_NC_revision/ABL1/m_fold_random/01_m_fold_sampling/round_1/01_sampling/sampling_22/group_25_unrelaxed_rank_001_alphafold2_ptm_model_1_seed_042.pdb,87.15741007194245,69.9704,17.268501,6.5314207,9.75254487991333,11,1
/fs/ess/PAA0203/xing244/AF_ClaSeq/results_NC_revision/ABL1/m_fold_random/01_m_fold_sampling/round_1/01_sampling/sampling_22/group_3_unrelaxed_rank_001_alphafold2_ptm_model_1_seed_042.pdb,85.99464028776978,62.762800000000006,17.475567,6.3981752,9.721392726898193,11,1
/fs/ess/PAA0203/xing244/AF_ClaSeq/results_NC_revision/ABL1/m_fold_random/01_m_fold_sampling/round_1/01_sampling/sampling_22/group_34_unrelaxed_rank_001_alphafold2_ptm_model_1_seed_042.pdb,86.39902877697841,76.8524,17.347078,6.398596,9.683140563964844,11,1
/fs/ess/PAA0203/xing244/AF_ClaSeq/results_NC_revision/ABL1/m_fold_random/01_m_fold_sampling/round_1/01_sampling/sampling_22/group_9_unrelaxed_rank_001_alphafold2_ptm_model_1_seed_042.pdb,84.31517985611512,60.325599999999994,17.123095,3.1680434,7.354558730125427,11,1
/fs/ess/PAA0203/xing244/AF_ClaSeq/results_NC_revision/ABL1/m_fold_random/01_m_fold_sampling/round_1/01_sampling/sampling_22/group_47_unrelaxed_rank_001_alphafold2_ptm_model_1_seed_042.pdb,79.92856115107914,47.2712,17.325867,6.6751866,9.87039065361023,11,1
/fs/ess/PAA0203/xing244/AF_ClaSeq/results_NC_revision/ABL1/m_fold_random/01_m_fold_sampling/round_1/01_sampling/sampling_22/group_35_unrelaxed_rank_001_alphafold2_ptm_model_1_seed_042.pdb,87.1993165467626,81.6652,17.21843,6.261036,9.548254013061523,11,1
/fs/ess/PAA0203/xing244/AF_ClaSeq/results_NC_revision/ABL1/m_fold_random/01_m_fold_sampling/round_1/01_sampling/sampling_22/group_24_unrelaxed_rank_001_alphafold2_ptm_model_1_seed_042.pdb,85.48158273381296,73.788,17.362951,6.2885103,9.610842609405516,11,1
/fs/ess/PAA0203/xing244/AF_ClaSeq/results_NC_revision/ABL1/m_fold_random/01_m_fold_sampling/round_1/01_sampling/sampling_22/group_40_unrelaxed_rank_001_alphafold2_ptm_model_1_seed_042.pdb,70.83007194244604,40.3988,12.927297,7.5517583,9.164419794082642,11,1
/fs/ess/PAA0203/xing244/AF_ClaSeq/results_NC_revision/ABL1/m_fold_random/01_m_fold_sampling/round_1/01_sampling/sampling_22/group_1_unrelaxed_rank_001_alphafold2_ptm_model_1_seed_042.pdb,81.42,52.85040000000001,16.784624,6.2238584,9.392088079452513,11,1
/fs/ess/PAA0203/xing244/AF_ClaSeq/results_NC_revision/ABL1/m_fold_random/01_m_fold_sampling/round_1/01_sampling/sampling_22/group_30_unrelaxed_rank_001_alphafold2_ptm_model_1_seed_042.pdb,80.87237410071941,76.892,18.411488,8.729145,11.63384780883789,11,1
/fs/ess/PAA0203/xing244/AF_ClaSeq/results_NC_revision/ABL1/m_fold_random/01_m_fold_sampling/round_1/01_sampling/sampling_22/group_26_unrelaxed_rank_001_alphafold2_ptm_model_1_seed_042.pdb,86.22107913669065,69.8408,17.182234,6.3246245,9.581907320022582,11,1
/fs/ess/PAA0203/xing244/AF_ClaSeq/results_NC_revision/ABL1/m_fold_random/01_m_fold_sampling/round_1/01_sampling/sampling_22/group_39_unrelaxed_rank_001_alphafold2_ptm_model_1_seed_042.pdb,85.77791366906476,67.9984,17.475574,6.4499106,9.757609796524047,11,1
/fs/ess/PAA0203/xing244/AF_ClaSeq/results_NC_revision/ABL1/m_fold_random/01_m_fold_sampling/round_1/01_sampling/sampling_22/group_11_unrelaxed_rank_001_alphafold2_ptm_model_1_seed_042.pdb,81.53125899280575,55.13319999999999,16.886045,6.6469793,9.718699169158935,11,1
/fs/ess/PAA0203/xing244/AF_ClaSeq/results_NC_revision/ABL1/m_fold_random/01_m_fold_sampling/round_1/01_sampling/sampling_22/group_49_unrelaxed_rank_001_alphafold2_ptm_model_1_seed_042.pdb,87.20794964028778,79.748,17.332685,6.3645844,9.655014753341675,12,1
/fs/ess/PAA0203/xing244/AF_ClaSeq/results_NC_revision/ABL1/m_fold_random/01_m_fold_sampling/round_1/01_sampling/sampling_22/group_45_unrelaxed_rank_001_alphafold2_ptm_model_1_seed_042.pdb,83.13715827338129,57.10799999999999,17.120327,6.670399,9.805377531051636,11,1
/fs/ess/PAA0203/xing244/AF_ClaSeq/results_NC_revision/ABL1/m_fold_random/01_m_fold_sampling/round_1/01_sampling/sampling_22/group_2_unrelaxed_rank_001_alphafold2_ptm_model_1_seed_042.pdb,83.57474820143885,66.9396,17.061403,6.2301893,9.479553508758544,11,1
/fs/ess/PAA0203/xing244/AF_ClaSeq/results_NC_revision/ABL1/m_fold_random/01_m_fold_sampling/round_1/01_sampling/sampling_22/group_36_unrelaxed_rank_001_alphafold2_ptm_model_1_seed_042.pdb,81.35791366906474,56.254,16.833683,3.4057622,7.434138441085815,11,1
/fs/ess/PAA0203/xing244/AF_ClaSeq/results_NC_revision/ABL1/m_fold_random/01_m_fold_sampling/round_1/01_sampling/sampling_31/group_20_unrelaxed_rank_001_alphafold2_ptm_model_1_seed_042.pdb,81.79543165467625,66.07199999999999,17.17014,6.2612686,9.533929824829102,11,1
/fs/ess/PAA0203/xing244/AF_ClaSeq/results_NC_revision/ABL1/m_fold_random/01_m_fold_sampling/round_1/01_sampling/sampling_31/group_44_unrelaxed_rank_001_alphafold2_ptm_model_1_seed_042.pdb,84.45388489208634,65.58,16.743475,4.53359,8.196555376052856,11,1
/fs/ess/PAA0203/xing244/AF_ClaSeq/results_NC_revision/ABL1/m_fold_random/01_m_fold_sampling/round_1/01_sampling/sampling_31/group_16_unrelaxed_rank_001_alphafold2_ptm_model_1_seed_042.pdb,85.83521582733813,69.8468,17.342325,6.395242,9.679367113113404,11,1
/fs/ess/PAA0203/xing244/AF_ClaSeq/results_NC_revision/ABL1/m_fold_random/01_m_fold_sampling/round_1/01_sampling/sampling_31/group_8_unrelaxed_rank_001_alphafold2_ptm_model_1_seed_042.pdb,84.14741007194246,67.51480000000001,17.371073,6.3343964,9.645399284362792,11,1
/fs/ess/PAA0203/xing244/AF_ClaSeq/results_NC_revision/ABL1/m_fold_random/01_m_fold_sampling/round_1/01_sampling/sampling_31/group_48_unrelaxed_rank_001_alphafold2_ptm_model_1_seed_042.pdb,81.71546762589928,57.14679999999999,16.743483,6.7348595,9.737446403503418,11,1
/fs/ess/PAA0203/xing244/AF_ClaSeq/results_NC_revision/ABL1/m_fold_random/01_m_fold_sampling/round_1/01_sampling/sampling_31/group_6_unrelaxed_rank_001_alphafold2_ptm_model_1_seed_042.pdb,86.93956834532375,77.6392,17.316935,6.4383287,9.701910495758057,11,1
/fs/ess/PAA0203/xing244/AF_ClaSeq/results_NC_revision/ABL1/m_fold_random/01_m_fold_sampling/round_1/01_sampling/sampling_31/group_19_unrelaxed_rank_001_alphafold2_ptm_model_1_seed_042.pdb,82.56917266187051,59.55960000000001,17.017683,6.364525,9.560472297668458,11,1
/fs/ess/PAA0203/xing244/AF_ClaSeq/results_NC_revision/ABL1/m_fold_random/01_m_fold_sampling/round_1/01_sampling/sampling_31/group_13_unrelaxed_rank_001_alphafold2_ptm_model_1_seed_042.pdb,87.72568345323741,79.4276,17.425629,6.4679074,9.755223798751832,11,1
/fs/ess/PAA0203/xing244/AF_ClaSeq/results_NC_revision/ABL1/m_fold_random/01_m_fold_sampling/round_1/01_sampling/sampling_31/group_28_unrelaxed_rank_001_alphafold2_ptm_model_1_seed_042.pdb,83.07226618705036,56.216800000000006,17.262505,6.519233,9.742214632034301,11,1
/fs/ess/PAA0203/xing244/AF_ClaSeq/results_NC_revision/ABL1/m_fold_random/01_m_fold_sampling/round_1/01_sampling/sampling_31/group_32_unrelaxed_rank_001_alphafold2_ptm_model_1_seed_042.pdb,83.84323741007195,50.486000000000004,17.175762,6.283311,9.551046276092528,11,1
/fs/ess/PAA0203/xing244/AF_ClaSeq/results_NC_revision/ABL1/m_fold_random/01_m_fold_sampling/round_1/01_sampling/sampling_31/group_22_unrelaxed_rank_001_alphafold2_ptm_model_1_seed_042.pdb,82.61435251798561,59.666399999999996,17.09882,6.4931655,9.674861764907837,11,1
/fs/ess/PAA0203/xing244/AF_ClaSeq/results_NC_revision/ABL1/m_fold_random/01_m_fold_sampling/round_1/01_sampling/sampling_31/group_7_unrelaxed_rank_001_alphafold2_ptm_model_1_seed_042.pdb,83.04129496402878,48.1884,7.297452,7.649932,7.544187927246094,11,1
/fs/ess/PAA0203/xing244/AF_ClaSeq/results_NC_revision/ABL1/m_fold_random/01_m_fold_sampling/round_1/01_sampling/sampling_31/group_21_unrelaxed_rank_001_alphafold2_ptm_model_1_seed_042.pdb,86.74194244604317,74.1828,17.087355,6.3841896,9.595139122009277,11,1
/fs/ess/PAA0203/xing244/AF_ClaSeq/results_NC_revision/ABL1/m_fold_random/01_m_fold_sampling/round_1/01_sampling/sampling_31/group_41_unrelaxed_rank_001_alphafold2_ptm_model_1_seed_042.pdb,81.13956834532375,49.037600000000005,3.4986768,4.210891,3.997226572036743,11,1
/fs/ess/PAA0203/xing244/AF_ClaSeq/results_NC_revision/ABL1/m_fold_random/01_m_fold_sampling/round_1/01_sampling/sampling_31/group_31_unrelaxed_rank_001_alphafold2_ptm_model_1_seed_042.pdb,86.62953237410072,73.52600000000001,17.403687,6.262976,9.605189275741576,11,1
/fs/ess/PAA0203/xing244/AF_ClaSeq/results_NC_revision/ABL1/m_fold_random/01_m_fold_sampling/round_1/01_sampling/sampling_31/group_46_unrelaxed_rank_001_alphafold2_ptm_model_1_seed_042.pdb,79.79446043165468,52.11000000000001,17.037096,6.1449037,9.41256136894226,11,1
/fs/ess/PAA0203/xing244/AF_ClaSeq/results_NC_revision/ABL1/m_fold_random/01_m_fold_sampling/round_1/01_sampling/sampling_31/group_17_unrelaxed_rank_001_alphafold2_ptm_model_1_seed_042.pdb,83.50280575539568,59.37480000000001,17.123718,6.587939,9.748672628402709,11,1
/fs/ess/PAA0203/xing244/AF_ClaSeq/results_NC_revision/ABL1/m_fold_random/01_m_fold_sampling/round_1/01_sampling/sampling_31/group_14_unrelaxed_rank_001_alphafold2_ptm_model_1_seed_042.pdb,84.40866906474821,67.64920000000001,17.315897,6.5563025,9.784180879592896,11,1
/fs/ess/PAA0203/xing244/AF_ClaSeq/results_NC_revision/ABL1/m_fold_random/01_m_fold_sampling/round_1/01_sampling/sampling_31/group_4_unrelaxed_rank_001_alphafold2_ptm_model_1_seed_042.pdb,86.8620143884892,79.5064,17.284918,6.303862,9.598178815841674,11,1
/fs/ess/PAA0203/xing244/AF_ClaSeq/results_NC_revision/ABL1/m_fold_random/01_m_fold_sampling/round_1/01_sampling/sampling_31/group_12_unrelaxed_rank_001_alphafold2_ptm_model_1_seed_042.pdb,81.99075539568346,61.0144,17.04054,6.4502034,9.62730460166931,11,1
/fs/ess/PAA0203/xing244/AF_ClaSeq/results_NC_revision/ABL1/m_fold_random/01_m_fold_sampling/round_1/01_sampling/sampling_31/group_38_unrelaxed_rank_001_alphafold2_ptm_model_1_seed_042.pdb,85.26532374100721,67.7252,16.946762,6.194711,9.420326471328735,11,1
/fs/ess/PAA0203/xing244/AF_ClaSeq/results_NC_revision/ABL1/m_fold_random/01_m_fold_sampling/round_1/01_sampling/sampling_31/group_15_unrelaxed_rank_001_alphafold2_ptm_model_1_seed_042.pdb,78.07982014388489,52.264799999999994,17.411953,6.1245823,9.510793495178223,11,1
/fs/ess/PAA0203/xing244/AF_ClaSeq/results_NC_revision/ABL1/m_fold_random/01_m_fold_sampling/round_1/01_sampling/sampling_31/group_23_unrelaxed_rank_001_alphafold2_ptm_model_1_seed_042.pdb,82.1538129496403,59.62200000000001,17.025131,8.0133295,10.716870021820068,11,1
/fs/ess/PAA0203/xing244/AF_ClaSeq/results_NC_revision/ABL1/m_fold_random/01_m_fold_sampling/round_1/01_sampling/sampling_31/group_5_unrelaxed_rank_001_alphafold2_ptm_model_1_seed_042.pdb,85.6378417266187,67.94319999999999,17.14711,6.4737735,9.675774431228636,11,1
/fs/ess/PAA0203/xing244/AF_ClaSeq/results_NC_revision/ABL1/m_fold_random/01_m_fold_sampling/round_1/01_sampling/sampling_31/group_33_unrelaxed_rank_001_alphafold2_ptm_model_1_seed_042.pdb,84.36985611510791,55.7368,17.561674,6.610313,9.895721292495727,11,1
/fs/ess/PAA0203/xing244/AF_ClaSeq/results_NC_revision/ABL1/m_fold_random/01_m_fold_sampling/round_1/01_sampling/sampling_31/group_27_unrelaxed_rank_001_alphafold2_ptm_model_1_seed_042.pdb,84.49874100719425,56.7068,17.22621,6.3554416,9.616671991348266,11,1
/fs/ess/PAA0203/xing244/AF_ClaSeq/results_NC_revision/ABL1/m_fold_random/01_m_fold_sampling/round_1/01_sampling/sampling_31/group_42_unrelaxed_rank_001_alphafold2_ptm_model_1_seed_042.pdb,85.2664748201439,67.17360000000001,17.072283,6.3105555,9.539073657989501,11,1
/fs/ess/PAA0203/xing244/AF_ClaSeq/results_NC_revision/ABL1/m_fold_random/01_m_fold_sampling/round_1/01_sampling/sampling_31/group_10_unrelaxed_rank_001_alphafold2_ptm_model_1_seed_042.pdb,81.5039928057554,47.685599999999994,16.546728,7.328394,10.09389419555664,11,1
/fs/ess/PAA0203/xing244/AF_ClaSeq/results_NC_revision/ABL1/m_fold_random/01_m_fold_sampling/round_1/01_sampling/sampling_31/group_37_unrelaxed_rank_001_alphafold2_ptm_model_1_seed_042.pdb,78.60647482014389,48.9592,12.300557,7.629778,9.03101167678833,11,1
/fs/ess/PAA0203/xing244/AF_ClaSeq/results_NC_revision/ABL1/m_fold_random/01_m_fold_sampling/round_1/01_sampling/sampling_31/group_29_unrelaxed_rank_001_alphafold2_ptm_model_1_seed_042.pdb,86.05417266187051,75.6208,17.323599,6.4077435,9.682500076293945,11,1
/fs/ess/PAA0203/xing244/AF_ClaSeq/results_NC_revision/ABL1/m_fold_random/01_m_fold_sampling/round_1/01_sampling/sampling_31/group_18_unrelaxed_rank_001_alphafold2_ptm_model_1_seed_042.pdb,81.65212230215828,54.9468,15.963833,6.870465,9.598475217819214,11,1
/fs/ess/PAA0203/xing244/AF_ClaSeq/results_NC_revision/ABL1/m_fold_random/01_m_fold_sampling/round_1/01_sampling/sampling_31/group_43_unrelaxed_rank_001_alphafold2_ptm_model_1_seed_042.pdb,84.08302158273382,59.654799999999994,17.261543,6.4206433,9.672913312911987,11,1
/fs/ess/PAA0203/xing244/AF_ClaSeq/results_NC_revision/ABL1/m_fold_random/01_m_fold_sampling/round_1/01_sampling/sampling_31/group_25_unrelaxed_rank_001_alphafold2_ptm_model_1_seed_042.pdb,84.94579136690648,68.6088,17.51034,6.263485,9.637541389465332,11,1
/fs/ess/PAA0203/xing244/AF_ClaSeq/results_NC_revision/ABL1/m_fold_random/01_m_fold_sampling/round_1/01_sampling/sampling_31/group_3_unrelaxed_rank_001_alphafold2_ptm_model_1_seed_042.pdb,86.62823741007195,74.7308,16.836102,4.3224,8.076510524749756,11,1
/fs/ess/PAA0203/xing244/AF_ClaSeq/results_NC_revision/ABL1/m_fold_random/01_m_fold_sampling/round_1/01_sampling/sampling_31/group_34_unrelaxed_rank_001_alphafold2_ptm_model_1_seed_042.pdb,80.73881294964029,56.662400000000005,17.33378,7.174703,10.222426271438598,11,1
/fs/ess/PAA0203/xing244/AF_ClaSeq/results_NC_revision/ABL1/m_fold_random/01_m_fold_sampling/round_1/01_sampling/sampling_31/group_9_unrelaxed_rank_001_alphafold2_ptm_model_1_seed_042.pdb,82.39438848920864,73.58840000000001,19.014845,9.770351,12.54369945526123,11,1
/fs/ess/PAA0203/xing244/AF_ClaSeq/results_NC_revision/ABL1/m_fold_random/01_m_fold_sampling/round_1/01_sampling/sampling_31/group_47_unrelaxed_rank_001_alphafold2_ptm_model_1_seed_042.pdb,84.6976618705036,58.4868,18.182056,6.3180065,9.877221488952635,11,1
/fs/ess/PAA0203/xing244/AF_ClaSeq/results_NC_revision/ABL1/m_fold_random/01_m_fold_sampling/round_1/01_sampling/sampling_31/group_35_unrelaxed_rank_001_alphafold2_ptm_model_1_seed_042.pdb,84.2876978417266,64.34,16.836248,3.8646116,7.756102657318115,11,1
/fs/ess/PAA0203/xing244/AF_ClaSeq/results_NC_revision/ABL1/m_fold_random/01_m_fold_sampling/round_1/01_sampling/sampling_31/group_24_unrelaxed_rank_001_alphafold2_ptm_model_1_seed_042.pdb,85.7520143884892,72.68,17.410013,6.5956144,9.839934062957763,11,1
/fs/ess/PAA0203/xing244/AF_ClaSeq/results_NC_revision/ABL1/m_fold_random/01_m_fold_sampling/round_1/01_sampling/sampling_31/group_40_unrelaxed_rank_001_alphafold2_ptm_model_1_seed_042.pdb,85.92143884892086,77.4648,17.219774,6.273815,9.557602882385254,11,1
/fs/ess/PAA0203/xing244/AF_ClaSeq/results_NC_revision/ABL1/m_fold_random/01_m_fold_sampling/round_1/01_sampling/sampling_31/group_1_unrelaxed_rank_001_alphafold2_ptm_model_1_seed_042.pdb,88.08025179856114,77.3156,17.454966,6.54438,9.817555809020995,11,1
/fs/ess/PAA0203/xing244/AF_ClaSeq/results_NC_revision/ABL1/m_fold_random/01_m_fold_sampling/round_1/01_sampling/sampling_31/group_30_unrelaxed_rank_001_alphafold2_ptm_model_1_seed_042.pdb,86.40989208633093,77.196,17.357426,6.317598,9.629546213150025,11,1
/fs/ess/PAA0203/xing244/AF_ClaSeq/results_NC_revision/ABL1/m_fold_random/01_m_fold_sampling/round_1/01_sampling/sampling_31/group_26_unrelaxed_rank_001_alphafold2_ptm_model_1_seed_042.pdb,89.0731654676259,83.4692,17.247538,6.399706,9.654055404663087,11,1
/fs/ess/PAA0203/xing244/AF_ClaSeq/results_NC_revision/ABL1/m_fold_random/01_m_fold_sampling/round_1/01_sampling/sampling_31/group_39_unrelaxed_rank_001_alphafold2_ptm_model_1_seed_042.pdb,83.3973381294964,64.27040000000001,17.194004,6.651612,9.814329481124878,11,1
/fs/ess/PAA0203/xing244/AF_ClaSeq/results_NC_revision/ABL1/m_fold_random/01_m_fold_sampling/round_1/01_sampling/sampling_31/group_11_unrelaxed_rank_001_alphafold2_ptm_model_1_seed_042.pdb,85.58377697841728,66.3964,16.925795,6.6173816,9.7099054813385,11,1
/fs/ess/PAA0203/xing244/AF_ClaSeq/results_NC_revision/ABL1/m_fold_random/01_m_fold_sampling/round_1/01_sampling/sampling_31/group_49_unrelaxed_rank_001_alphafold2_ptm_model_1_seed_042.pdb,82.89053956834532,51.17679999999999,15.825304,5.8747287,8.859901285171508,12,1
/fs/ess/PAA0203/xing244/AF_ClaSeq/results_NC_revision/ABL1/m_fold_random/01_m_fold_sampling/round_1/01_sampling/sampling_31/group_45_unrelaxed_rank_001_alphafold2_ptm_model_1_seed_042.pdb,86.26176258992804,81.04,17.311346,6.375717,9.6564058303833,11,1
/fs/ess/PAA0203/xing244/AF_ClaSeq/results_NC_revision/ABL1/m_fold_random/01_m_fold_sampling/round_1/01_sampling/sampling_31/group_2_unrelaxed_rank_001_alphafold2_ptm_model_1_seed_042.pdb,85.3439928057554,70.1028,17.17299,6.316357,9.57334723472595,11,1
/fs/ess/PAA0203/xing244/AF_ClaSeq/results_NC_revision/ABL1/m_fold_random/01_m_fold_sampling/round_1/01_sampling/sampling_31/group_36_unrelaxed_rank_001_alphafold2_ptm_model_1_seed_042.pdb,84.85618705035971,61.37040000000001,17.47365,6.4706454,9.771546792984008,11,1
/fs/ess/PAA0203/xing244/AF_ClaSeq/results_NC_revision/ABL1/m_fold_random/01_m_fold_sampling/round_1/01_sampling/sampling_6/group_20_unrelaxed_rank_001_alphafold2_ptm_model_1_seed_042.pdb,87.91892086330935,85.64480000000002,17.517267,6.2555056,9.634034061431883,11,1
/fs/ess/PAA0203/xing244/AF_ClaSeq/results_NC_revision/ABL1/m_fold_random/01_m_fold_sampling/round_1/01_sampling/sampling_6/group_44_unrelaxed_rank_001_alphafold2_ptm_model_1_seed_042.pdb,85.4608273381295,67.5668,16.810223,6.88968,9.865842723846434,11,1
/fs/ess/PAA0203/xing244/AF_ClaSeq/results_NC_revision/ABL1/m_fold_random/01_m_fold_sampling/round_1/01_sampling/sampling_6/group_16_unrelaxed_rank_001_alphafold2_ptm_model_1_seed_042.pdb,86.58143884892087,69.0728,16.14184,5.871625,8.952689456939698,11,1
/fs/ess/PAA0203/xing244/AF_ClaSeq/results_NC_revision/ABL1/m_fold_random/01_m_fold_sampling/round_1/01_sampling/sampling_6/group_8_unrelaxed_rank_001_alphafold2_ptm_model_1_seed_042.pdb,82.46478417266187,59.39320000000001,17.731613,6.3485084,9.763439798355101,11,1
/fs/ess/PAA0203/xing244/AF_ClaSeq/results_NC_revision/ABL1/m_fold_random/01_m_fold_sampling/round_1/01_sampling/sampling_6/group_48_unrelaxed_rank_001_alphafold2_ptm_model_1_seed_042.pdb,85.66039568345323,69.57440000000001,17.377966,6.3916025,9.687511539459226,11,1
/fs/ess/PAA0203/xing244/AF_ClaSeq/results_NC_revision/ABL1/m_fold_random/01_m_fold_sampling/round_1/01_sampling/sampling_6/group_6_unrelaxed_rank_001_alphafold2_ptm_model_1_seed_042.pdb,87.75410071942446,81.2624,17.430891,6.4109006,9.71689772605896,11,1
/fs/ess/PAA0203/xing244/AF_ClaSeq/results_NC_revision/ABL1/m_fold_random/01_m_fold_sampling/round_1/01_sampling/sampling_6/group_19_unrelaxed_rank_001_alphafold2_ptm_model_1_seed_042.pdb,83.9436330935252,62.226000000000006,17.356955,6.5096493,9.763840866088866,11,1
/fs/ess/PAA0203/xing244/AF_ClaSeq/results_NC_revision/ABL1/m_fold_random/01_m_fold_sampling/round_1/01_sampling/sampling_6/group_13_unrelaxed_rank_001_alphafold2_ptm_model_1_seed_042.pdb,82.5273381294964,58.5536,17.076672,6.8494,9.917581510543823,11,1
/fs/ess/PAA0203/xing244/AF_ClaSeq/results_NC_revision/ABL1/m_fold_random/01_m_fold_sampling/round_1/01_sampling/sampling_6/group_28_unrelaxed_rank_001_alphafold2_ptm_model_1_seed_042.pdb,84.48708633093527,72.5248,17.258947,6.340297,9.61589226722717,11,1
/fs/ess/PAA0203/xing244/AF_ClaSeq/results_NC_revision/ABL1/m_fold_random/01_m_fold_sampling/round_1/01_sampling/sampling_6/group_32_unrelaxed_rank_001_alphafold2_ptm_model_1_seed_042.pdb,87.57366906474819,83.6792,17.277884,6.2119627,9.53173894882202,11,1
/fs/ess/PAA0203/xing244/AF_ClaSeq/results_NC_revision/ABL1/m_fold_random/01_m_fold_sampling/round_1/01_sampling/sampling_6/group_22_unrelaxed_rank_001_alphafold2_ptm_model_1_seed_042.pdb,83.03161870503597,59.2312,16.847961,3.60842,7.580282354354858,11,1
/fs/ess/PAA0203/xing244/AF_ClaSeq/results_NC_revision/ABL1/m_fold_random/01_m_fold_sampling/round_1/01_sampling/sampling_6/group_7_unrelaxed_rank_001_alphafold2_ptm_model_1_seed_042.pdb,80.61370503597122,58.3684,16.962456,6.5743957,9.6908136844635,11,1
/fs/ess/PAA0203/xing244/AF_ClaSeq/results_NC_revision/ABL1/m_fold_random/01_m_fold_sampling/round_1/01_sampling/sampling_6/group_21_unrelaxed_rank_001_alphafold2_ptm_model_1_seed_042.pdb,79.77269784172663,59.69,17.091976,3.3575487,7.477876949310303,11,1
/fs/ess/PAA0203/xing244/AF_ClaSeq/results_NC_revision/ABL1/m_fold_random/01_m_fold_sampling/round_1/01_sampling/sampling_6/group_41_unrelaxed_rank_001_alphafold2_ptm_model_1_seed_042.pdb,83.08687050359713,63.8704,17.203924,6.3008466,9.571769857406615,11,1
/fs/ess/PAA0203/xing244/AF_ClaSeq/results_NC_revision/ABL1/m_fold_random/01_m_fold_sampling/round_1/01_sampling/sampling_6/group_31_unrelaxed_rank_001_alphafold2_ptm_model_1_seed_042.pdb,85.20489208633093,68.28,17.386978,6.3708186,9.675666475296019,11,1
/fs/ess/PAA0203/xing244/AF_ClaSeq/results_NC_revision/ABL1/m_fold_random/01_m_fold_sampling/round_1/01_sampling/sampling_6/group_46_unrelaxed_rank_001_alphafold2_ptm_model_1_seed_042.pdb,81.9208273381295,51.97639999999999,16.314512,6.155143,9.202953624725343,11,1
/fs/ess/PAA0203/xing244/AF_ClaSeq/results_NC_revision/ABL1/m_fold_random/01_m_fold_sampling/round_1/01_sampling/sampling_6/group_17_unrelaxed_rank_001_alphafold2_ptm_model_1_seed_042.pdb,82.311654676259,59.4264,16.955996,3.8545225,7.784964394569396,11,1
/fs/ess/PAA0203/xing244/AF_ClaSeq/results_NC_revision/ABL1/m_fold_random/01_m_fold_sampling/round_1/01_sampling/sampling_6/group_14_unrelaxed_rank_001_alphafold2_ptm_model_1_seed_042.pdb,82.76154676258993,69.2288,16.80561,6.4151835,9.53231167793274,11,1
/fs/ess/PAA0203/xing244/AF_ClaSeq/results_NC_revision/ABL1/m_fold_random/01_m_fold_sampling/round_1/01_sampling/sampling_6/group_4_unrelaxed_rank_001_alphafold2_ptm_model_1_seed_042.pdb,86.05262589928059,75.18879999999999,17.27764,6.407077,9.668245601654052,11,1
/fs/ess/PAA0203/xing244/AF_ClaSeq/results_NC_revision/ABL1/m_fold_random/01_m_fold_sampling/round_1/01_sampling/sampling_6/group_12_unrelaxed_rank_001_alphafold2_ptm_model_1_seed_042.pdb,82.57007194244603,54.5596,18.573841,6.327748,10.001575803756714,11,1
/fs/ess/PAA0203/xing244/AF_ClaSeq/results_NC_revision/ABL1/m_fold_random/01_m_fold_sampling/round_1/01_sampling/sampling_6/group_38_unrelaxed_rank_001_alphafold2_ptm_model_1_seed_042.pdb,81.35294964028778,48.4788,16.122133,7.410426,10.023938274383545,11,1
/fs/ess/PAA0203/xing244/AF_ClaSeq/results_NC_revision/ABL1/m_fold_random/01_m_fold_sampling/round_1/01_sampling/sampling_6/group_15_unrelaxed_rank_001_alphafold2_ptm_model_1_seed_042.pdb,80.25989208633094,47.287200000000006,16.950024,6.667603,9.752329206466673,11,1
/fs/ess/PAA0203/xing244/AF_ClaSeq/results_NC_revision/ABL1/m_fold_random/01_m_fold_sampling/round_1/01_sampling/sampling_6/group_23_unrelaxed_rank_001_alphafold2_ptm_model_1_seed_042.pdb,83.72431654676258,56.894400000000005,16.356943,3.5711372,7.406878972053527,11,1
/fs/ess/PAA0203/xing244/AF_ClaSeq/results_NC_revision/ABL1/m_fold_random/01_m_fold_sampling/round_1/01_sampling/sampling_6/group_5_unrelaxed_rank_001_alphafold2_ptm_model_1_seed_042.pdb,84.42776978417265,56.900000000000006,17.33649,6.5792365,9.806412744522094,11,1
/fs/ess/PAA0203/xing244/AF_ClaSeq/results_NC_revision/ABL1/m_fold_random/01_m_fold_sampling/round_1/01_sampling/sampling_6/group_33_unrelaxed_rank_001_alphafold2_ptm_model_1_seed_042.pdb,83.9884892086331,60.806400000000004,17.387043,6.3314986,9.648161935806275,11,1
/fs/ess/PAA0203/xing244/AF_ClaSeq/results_NC_revision/ABL1/m_fold_random/01_m_fold_sampling/round_1/01_sampling/sampling_6/group_27_unrelaxed_rank_001_alphafold2_ptm_model_1_seed_042.pdb,83.06633093525181,48.6824,13.926199,7.4074473,9.363072824478149,11,1
/fs/ess/PAA0203/xing244/AF_ClaSeq/results_NC_revision/ABL1/m_fold_random/01_m_fold_sampling/round_1/01_sampling/sampling_6/group_42_unrelaxed_rank_001_alphafold2_ptm_model_1_seed_042.pdb,83.59330935251799,55.1104,15.856687,6.743133,9.477199125289918,11,1
/fs/ess/PAA0203/xing244/AF_ClaSeq/results_NC_revision/ABL1/m_fold_random/01_m_fold_sampling/round_1/01_sampling/sampling_6/group_10_unrelaxed_rank_001_alphafold2_ptm_model_1_seed_042.pdb,83.3455035971223,56.986,17.252867,7.429385,10.376429653167724,11,1
/fs/ess/PAA0203/xing244/AF_ClaSeq/results_NC_revision/ABL1/m_fold_random/01_m_fold_sampling/round_1/01_sampling/sampling_6/group_37_unrelaxed_rank_001_alphafold2_ptm_model_1_seed_042.pdb,81.30107913669065,56.6084,16.738712,4.7943897,8.377686500549316,11,1
/fs/ess/PAA0203/xing244/AF_ClaSeq/results_NC_revision/ABL1/m_fold_random/01_m_fold_sampling/round_1/01_sampling/sampling_6/group_29_unrelaxed_rank_001_alphafold2_ptm_model_1_seed_042.pdb,78.65323741007194,49.104,16.321507,6.8950815,9.723009014129637,11,1
/fs/ess/PAA0203/xing244/AF_ClaSeq/results_NC_revision/ABL1/m_fold_random/01_m_fold_sampling/round_1/01_sampling/sampling_6/group_18_unrelaxed_rank_001_alphafold2_ptm_model_1_seed_042.pdb,86.0260071942446,70.2528,17.18402,6.306754,9.569933605194091,11,1
/fs/ess/PAA0203/xing244/AF_ClaSeq/results_NC_revision/ABL1/m_fold_random/01_m_fold_sampling/round_1/01_sampling/sampling_6/group_43_unrelaxed_rank_001_alphafold2_ptm_model_1_seed_042.pdb,82.75010791366905,54.102399999999996,15.937848,2.7842329,6.730317425727844,11,1
/fs/ess/PAA0203/xing244/AF_ClaSeq/results_NC_revision/ABL1/m_fold_random/01_m_fold_sampling/round_1/01_sampling/sampling_6/group_25_unrelaxed_rank_001_alphafold2_ptm_model_1_seed_042.pdb,88.81575539568345,82.68119999999999,17.157389,6.29578,9.554262733459472,11,1
/fs/ess/PAA0203/xing244/AF_ClaSeq/results_NC_revision/ABL1/m_fold_random/01_m_fold_sampling/round_1/01_sampling/sampling_6/group_3_unrelaxed_rank_001_alphafold2_ptm_model_1_seed_042.pdb,85.06643884892087,68.306,17.405323,6.536512,9.797155237197876,11,1
/fs/ess/PAA0203/xing244/AF_ClaSeq/results_NC_revision/ABL1/m_fold_random/01_m_fold_sampling/round_1/01_sampling/sampling_6/group_34_unrelaxed_rank_001_alphafold2_ptm_model_1_seed_042.pdb,84.72697841726618,60.526,17.146217,6.256083,9.523123311996459,11,1
/fs/ess/PAA0203/xing244/AF_ClaSeq/results_NC_revision/ABL1/m_fold_random/01_m_fold_sampling/round_1/01_sampling/sampling_6/group_9_unrelaxed_rank_001_alphafold2_ptm_model_1_seed_042.pdb,81.53895683453239,50.394000000000005,6.3555455,7.1150866,6.887224245071411,11,1
/fs/ess/PAA0203/xing244/AF_ClaSeq/results_NC_revision/ABL1/m_fold_random/01_m_fold_sampling/round_1/01_sampling/sampling_6/group_47_unrelaxed_rank_001_alphafold2_ptm_model_1_seed_042.pdb,86.71118705035971,79.2076,17.262363,6.422381,9.674375677108763,11,1
/fs/ess/PAA0203/xing244/AF_ClaSeq/results_NC_revision/ABL1/m_fold_random/01_m_fold_sampling/round_1/01_sampling/sampling_6/group_35_unrelaxed_rank_001_alphafold2_ptm_model_1_seed_042.pdb,84.52352517985612,66.85,17.13455,6.244777,9.511709070205686,11,1
/fs/ess/PAA0203/xing244/AF_ClaSeq/results_NC_revision/ABL1/m_fold_random/01_m_fold_sampling/round_1/01_sampling/sampling_6/group_24_unrelaxed_rank_001_alphafold2_ptm_model_1_seed_042.pdb,84.50248201438849,66.1384,16.626818,7.233557,10.051535367965698,11,1
/fs/ess/PAA0203/xing244/AF_ClaSeq/results_NC_revision/ABL1/m_fold_random/01_m_fold_sampling/round_1/01_sampling/sampling_6/group_40_unrelaxed_rank_001_alphafold2_ptm_model_1_seed_042.pdb,86.72273381294964,81.11919999999999,17.557163,6.429784,9.767997646331786,11,1
/fs/ess/PAA0203/xing244/AF_ClaSeq/results_NC_revision/ABL1/m_fold_random/01_m_fold_sampling/round_1/01_sampling/sampling_6/group_1_unrelaxed_rank_001_alphafold2_ptm_model_1_seed_042.pdb,84.55730215827339,65.97120000000001,16.89398,6.3230824,9.494351720809936,11,1
/fs/ess/PAA0203/xing244/AF_ClaSeq/results_NC_revision/ABL1/m_fold_random/01_m_fold_sampling/round_1/01_sampling/sampling_6/group_30_unrelaxed_rank_001_alphafold2_ptm_model_1_seed_042.pdb,85.87971223021582,67.0084,17.438148,6.4231963,9.727681970596313,11,1
/fs/ess/PAA0203/xing244/AF_ClaSeq/results_NC_revision/ABL1/m_fold_random/01_m_fold_sampling/round_1/01_sampling/sampling_6/group_26_unrelaxed_rank_001_alphafold2_ptm_model_1_seed_042.pdb,85.19334532374101,66.3912,17.259506,6.1755514,9.500737857818603,11,1
/fs/ess/PAA0203/xing244/AF_ClaSeq/results_NC_revision/ABL1/m_fold_random/01_m_fold_sampling/round_1/01_sampling/sampling_6/group_39_unrelaxed_rank_001_alphafold2_ptm_model_1_seed_042.pdb,84.43273381294965,64.1532,17.57801,6.6440578,9.924243593215941,11,1
/fs/ess/PAA0203/xing244/AF_ClaSeq/results_NC_revision/ABL1/m_fold_random/01_m_fold_sampling/round_1/01_sampling/sampling_6/group_11_unrelaxed_rank_001_alphafold2_ptm_model_1_seed_042.pdb,89.16672661870503,84.92,17.449255,6.3790517,9.700112676620483,11,1
/fs/ess/PAA0203/xing244/AF_ClaSeq/results_NC_revision/ABL1/m_fold_random/01_m_fold_sampling/round_1/01_sampling/sampling_6/group_49_unrelaxed_rank_001_alphafold2_ptm_model_1_seed_042.pdb,87.73892086330935,80.556,17.37375,6.4101934,9.699260616302489,12,1
/fs/ess/PAA0203/xing244/AF_ClaSeq/results_NC_revision/ABL1/m_fold_random/01_m_fold_sampling/round_1/01_sampling/sampling_6/group_45_unrelaxed_rank_001_alphafold2_ptm_model_1_seed_042.pdb,84.8238489208633,71.7876,16.468409,3.5387318,7.417634844779967,11,1
/fs/ess/PAA0203/xing244/AF_ClaSeq/results_NC_revision/ABL1/m_fold_random/01_m_fold_sampling/round_1/01_sampling/sampling_6/group_2_unrelaxed_rank_001_alphafold2_ptm_model_1_seed_042.pdb,84.87341726618706,68.5232,17.32377,6.4475393,9.710408687591553,11,1
/fs/ess/PAA0203/xing244/AF_ClaSeq/results_NC_revision/ABL1/m_fold_random/01_m_fold_sampling/round_1/01_sampling/sampling_6/group_36_unrelaxed_rank_001_alphafold2_ptm_model_1_seed_042.pdb,83.4834892086331,59.584799999999994,17.497704,6.643699,9.899900484085082,11,1
/fs/ess/PAA0203/xing244/AF_ClaSeq/results_NC_revision/ABL1/m_fold_random/01_m_fold_sampling/round_1/01_sampling/sampling_21/group_20_unrelaxed_rank_001_alphafold2_ptm_model_1_seed_042.pdb,88.00856115107914,81.1424,17.383196,6.446322,9.727384138107299,11,1
/fs/ess/PAA0203/xing244/AF_ClaSeq/results_NC_revision/ABL1/m_fold_random/01_m_fold_sampling/round_1/01_sampling/sampling_21/group_44_unrelaxed_rank_001_alphafold2_ptm_model_1_seed_042.pdb,85.65244604316548,66.0528,17.526907,6.4410686,9.76682014465332,11,1
/fs/ess/PAA0203/xing244/AF_ClaSeq/results_NC_revision/ABL1/m_fold_random/01_m_fold_sampling/round_1/01_sampling/sampling_21/group_16_unrelaxed_rank_001_alphafold2_ptm_model_1_seed_042.pdb,81.46327338129495,51.8736,17.330694,6.713443,9.898618221282959,11,1
/fs/ess/PAA0203/xing244/AF_ClaSeq/results_NC_revision/ABL1/m_fold_random/01_m_fold_sampling/round_1/01_sampling/sampling_21/group_8_unrelaxed_rank_001_alphafold2_ptm_model_1_seed_042.pdb,82.45028776978417,62.00920000000001,17.81565,4.87183,8.754976272583008,11,1
/fs/ess/PAA0203/xing244/AF_ClaSeq/results_NC_revision/ABL1/m_fold_random/01_m_fold_sampling/round_1/01_sampling/sampling_21/group_48_unrelaxed_rank_001_alphafold2_ptm_model_1_seed_042.pdb,78.59866906474821,50.104800000000004,15.642898,3.3430572,7.03300929069519,11,1
/fs/ess/PAA0203/xing244/AF_ClaSeq/results_NC_revision/ABL1/m_fold_random/01_m_fold_sampling/round_1/01_sampling/sampling_21/group_6_unrelaxed_rank_001_alphafold2_ptm_model_1_seed_042.pdb,85.04805755395684,76.4152,17.05101,6.2946105,9.521530389785767,11,1
/fs/ess/PAA0203/xing244/AF_ClaSeq/results_NC_revision/ABL1/m_fold_random/01_m_fold_sampling/round_1/01_sampling/sampling_21/group_19_unrelaxed_rank_001_alphafold2_ptm_model_1_seed_042.pdb,83.69223021582734,62.8656,16.488007,7.1608863,9.959022378921507,11,1
/fs/ess/PAA0203/xing244/AF_ClaSeq/results_NC_revision/ABL1/m_fold_random/01_m_fold_sampling/round_1/01_sampling/sampling_21/group_13_unrelaxed_rank_001_alphafold2_ptm_model_1_seed_042.pdb,83.53607913669065,62.89079999999999,17.30863,6.5299606,9.76356143951416,11,1
/fs/ess/PAA0203/xing244/AF_ClaSeq/results_NC_revision/ABL1/m_fold_random/01_m_fold_sampling/round_1/01_sampling/sampling_21/group_28_unrelaxed_rank_001_alphafold2_ptm_model_1_seed_042.pdb,87.06471223021582,75.9404,17.202858,6.403001,9.642957973480225,11,1
/fs/ess/PAA0203/xing244/AF_ClaSeq/results_NC_revision/ABL1/m_fold_random/01_m_fold_sampling/round_1/01_sampling/sampling_21/group_32_unrelaxed_rank_001_alphafold2_ptm_model_1_seed_042.pdb,85.08327338129496,65.01440000000001,16.8082,6.383297,9.510768127441406,11,1
/fs/ess/PAA0203/xing244/AF_ClaSeq/results_NC_revision/ABL1/m_fold_random/01_m_fold_sampling/round_1/01_sampling/sampling_21/group_22_unrelaxed_rank_001_alphafold2_ptm_model_1_seed_042.pdb,82.46068345323741,55.32280000000001,16.277699,7.2978535,9.991806983947754,11,1
/fs/ess/PAA0203/xing244/AF_ClaSeq/results_NC_revision/ABL1/m_fold_random/01_m_fold_sampling/round_1/01_sampling/sampling_21/group_7_unrelaxed_rank_001_alphafold2_ptm_model_1_seed_042.pdb,81.2119784172662,48.7984,5.5421205,4.329865,4.693541622161865,11,1
/fs/ess/PAA0203/xing244/AF_ClaSeq/results_NC_revision/ABL1/m_fold_random/01_m_fold_sampling/round_1/01_sampling/sampling_21/group_21_unrelaxed_rank_001_alphafold2_ptm_model_1_seed_042.pdb,83.0576618705036,66.1256,17.280394,6.217256,9.536197328567503,11,1
/fs/ess/PAA0203/xing244/AF_ClaSeq/results_NC_revision/ABL1/m_fold_random/01_m_fold_sampling/round_1/01_sampling/sampling_21/group_41_unrelaxed_rank_001_alphafold2_ptm_model_1_seed_042.pdb,82.93438848920864,58.8988,17.321173,6.3638163,9.651023197174073,11,1
/fs/ess/PAA0203/xing244/AF_ClaSeq/results_NC_revision/ABL1/m_fold_random/01_m_fold_sampling/round_1/01_sampling/sampling_21/group_31_unrelaxed_rank_001_alphafold2_ptm_model_1_seed_042.pdb,85.326654676259,68.7868,17.056047,6.4577293,9.637224769592285,11,1
/fs/ess/PAA0203/xing244/AF_ClaSeq/results_NC_revision/ABL1/m_fold_random/01_m_fold_sampling/round_1/01_sampling/sampling_21/group_46_unrelaxed_rank_001_alphafold2_ptm_model_1_seed_042.pdb,88.99525179856116,82.82440000000001,17.718378,6.4269886,9.81440544128418,11,1
/fs/ess/PAA0203/xing244/AF_ClaSeq/results_NC_revision/ABL1/m_fold_random/01_m_fold_sampling/round_1/01_sampling/sampling_21/group_17_unrelaxed_rank_001_alphafold2_ptm_model_1_seed_042.pdb,85.84654676258992,67.4068,16.93573,6.3912573,9.55459909439087,11,1
/fs/ess/PAA0203/xing244/AF_ClaSeq/results_NC_revision/ABL1/m_fold_random/01_m_fold_sampling/round_1/01_sampling/sampling_21/group_14_unrelaxed_rank_001_alphafold2_ptm_model_1_seed_042.pdb,85.94791366906475,72.1068,17.1783,6.3098345,9.570374393463133,11,1
/fs/ess/PAA0203/xing244/AF_ClaSeq/results_NC_revision/ABL1/m_fold_random/01_m_fold_sampling/round_1/01_sampling/sampling_21/group_4_unrelaxed_rank_001_alphafold2_ptm_model_1_seed_042.pdb,83.92237410071942,60.108799999999995,17.149168,3.8734317,7.856152582168579,11,1
/fs/ess/PAA0203/xing244/AF_ClaSeq/results_NC_revision/ABL1/m_fold_random/01_m_fold_sampling/round_1/01_sampling/sampling_21/group_12_unrelaxed_rank_001_alphafold2_ptm_model_1_seed_042.pdb,83.37190647482014,54.375600000000006,17.407778,6.4000955,9.702400159835815,11,1
/fs/ess/PAA0203/xing244/AF_ClaSeq/results_NC_revision/ABL1/m_fold_random/01_m_fold_sampling/round_1/01_sampling/sampling_21/group_38_unrelaxed_rank_001_alphafold2_ptm_model_1_seed_042.pdb,84.70845323741005,67.83239999999999,17.4556,6.5371914,9.812714195251464,11,1
/fs/ess/PAA0203/xing244/AF_ClaSeq/results_NC_revision/ABL1/m_fold_random/01_m_fold_sampling/round_1/01_sampling/sampling_21/group_15_unrelaxed_rank_001_alphafold2_ptm_model_1_seed_042.pdb,83.80579136690648,60.361999999999995,16.94865,6.2633033,9.468907403945922,11,1
/fs/ess/PAA0203/xing244/AF_ClaSeq/results_NC_revision/ABL1/m_fold_random/01_m_fold_sampling/round_1/01_sampling/sampling_21/group_23_unrelaxed_rank_001_alphafold2_ptm_model_1_seed_042.pdb,83.68830935251798,61.5584,17.053368,6.4450283,9.627530097961426,11,1
/fs/ess/PAA0203/xing244/AF_ClaSeq/results_NC_revision/ABL1/m_fold_random/01_m_fold_sampling/round_1/01_sampling/sampling_21/group_5_unrelaxed_rank_001_alphafold2_ptm_model_1_seed_042.pdb,84.39377697841726,67.5932,16.51689,3.395282,7.33176429271698,11,1
/fs/ess/PAA0203/xing244/AF_ClaSeq/results_NC_revision/ABL1/m_fold_random/01_m_fold_sampling/round_1/01_sampling/sampling_21/group_33_unrelaxed_rank_001_alphafold2_ptm_model_1_seed_042.pdb,83.17665467625899,54.547999999999995,15.6017475,2.5728211,6.481499052047729,11,1
/fs/ess/PAA0203/xing244/AF_ClaSeq/results_NC_revision/ABL1/m_fold_random/01_m_fold_sampling/round_1/01_sampling/sampling_21/group_27_unrelaxed_rank_001_alphafold2_ptm_model_1_seed_042.pdb,83.41604316546763,58.512800000000006,17.547016,6.395644,9.741055774688721,11,1
/fs/ess/PAA0203/xing244/AF_ClaSeq/results_NC_revision/ABL1/m_fold_random/01_m_fold_sampling/round_1/01_sampling/sampling_21/group_42_unrelaxed_rank_001_alphafold2_ptm_model_1_seed_042.pdb,81.9181654676259,50.597200000000015,14.225344,6.3525004,8.71435341835022,11,1
/fs/ess/PAA0203/xing244/AF_ClaSeq/results_NC_revision/ABL1/m_fold_random/01_m_fold_sampling/round_1/01_sampling/sampling_21/group_10_unrelaxed_rank_001_alphafold2_ptm_model_1_seed_042.pdb,87.00237410071942,79.446,17.53878,6.4574122,9.781822633743285,11,1
/fs/ess/PAA0203/xing244/AF_ClaSeq/results_NC_revision/ABL1/m_fold_random/01_m_fold_sampling/round_1/01_sampling/sampling_21/group_37_unrelaxed_rank_001_alphafold2_ptm_model_1_seed_042.pdb,87.24647482014389,81.4096,17.463396,6.4224253,9.734716510772703,11,1
/fs/ess/PAA0203/xing244/AF_ClaSeq/results_NC_revision/ABL1/m_fold_random/01_m_fold_sampling/round_1/01_sampling/sampling_21/group_29_unrelaxed_rank_001_alphafold2_ptm_model_1_seed_042.pdb,86.90553956834532,81.4376,17.304588,6.241272,9.560266876220702,11,1
/fs/ess/PAA0203/xing244/AF_ClaSeq/results_NC_revision/ABL1/m_fold_random/01_m_fold_sampling/round_1/01_sampling/sampling_21/group_18_unrelaxed_rank_001_alphafold2_ptm_model_1_seed_042.pdb,83.76852517985613,65.4188,16.916166,6.6950417,9.761379051208497,11,1
/fs/ess/PAA0203/xing244/AF_ClaSeq/results_NC_revision/ABL1/m_fold_random/01_m_fold_sampling/round_1/01_sampling/sampling_21/group_43_unrelaxed_rank_001_alphafold2_ptm_model_1_seed_042.pdb,82.4264748201439,51.36879999999999,16.848223,6.760442,9.786776065826416,11,1
/fs/ess/PAA0203/xing244/AF_ClaSeq/results_NC_revision/ABL1/m_fold_random/01_m_fold_sampling/round_1/01_sampling/sampling_21/group_25_unrelaxed_rank_001_alphafold2_ptm_model_1_seed_042.pdb,83.10708633093526,54.0036,16.980244,7.7660165,10.530284643173218,11,1
/fs/ess/PAA0203/xing244/AF_ClaSeq/results_NC_revision/ABL1/m_fold_random/01_m_fold_sampling/round_1/01_sampling/sampling_21/group_3_unrelaxed_rank_001_alphafold2_ptm_model_1_seed_042.pdb,85.96751798561151,73.2376,17.42381,6.419644,9.720893430709838,11,1
/fs/ess/PAA0203/xing244/AF_ClaSeq/results_NC_revision/ABL1/m_fold_random/01_m_fold_sampling/round_1/01_sampling/sampling_21/group_34_unrelaxed_rank_001_alphafold2_ptm_model_1_seed_042.pdb,84.611690647482,59.39160000000001,16.868826,6.529644,9.631398582458495,11,1
/fs/ess/PAA0203/xing244/AF_ClaSeq/results_NC_revision/ABL1/m_fold_random/01_m_fold_sampling/round_1/01_sampling/sampling_21/group_9_unrelaxed_rank_001_alphafold2_ptm_model_1_seed_042.pdb,86.57917266187052,74.86039999999998,17.33348,6.404753,9.68337149620056,11,1
/fs/ess/PAA0203/xing244/AF_ClaSeq/results_NC_revision/ABL1/m_fold_random/01_m_fold_sampling/round_1/01_sampling/sampling_21/group_47_unrelaxed_rank_001_alphafold2_ptm_model_1_seed_042.pdb,83.47719424460432,58.29559999999999,17.108698,6.635798,9.777667951583862,11,1
/fs/ess/PAA0203/xing244/AF_ClaSeq/results_NC_revision/ABL1/m_fold_random/01_m_fold_sampling/round_1/01_sampling/sampling_21/group_35_unrelaxed_rank_001_alphafold2_ptm_model_1_seed_042.pdb,84.06985611510791,65.3,17.191057,6.41801,9.649924325942994,11,1
/fs/ess/PAA0203/xing244/AF_ClaSeq/results_NC_revision/ABL1/m_fold_random/01_m_fold_sampling/round_1/01_sampling/sampling_21/group_24_unrelaxed_rank_001_alphafold2_ptm_model_1_seed_042.pdb,84.08827338129497,67.1868,15.356968,2.3681378,6.264786863327026,11,1
/fs/ess/PAA0203/xing244/AF_ClaSeq/results_NC_revision/ABL1/m_fold_random/01_m_fold_sampling/round_1/01_sampling/sampling_21/group_40_unrelaxed_rank_001_alphafold2_ptm_model_1_seed_042.pdb,84.24312949640287,65.2652,17.605797,6.495434,9.828542709350586,11,1
/fs/ess/PAA0203/xing244/AF_ClaSeq/results_NC_revision/ABL1/m_fold_random/01_m_fold_sampling/round_1/01_sampling/sampling_21/group_1_unrelaxed_rank_001_alphafold2_ptm_model_1_seed_042.pdb,84.07359712230216,64.2864,17.362623,6.2986627,9.617850828170777,11,1
/fs/ess/PAA0203/xing244/AF_ClaSeq/results_NC_revision/ABL1/m_fold_random/01_m_fold_sampling/round_1/01_sampling/sampling_21/group_30_unrelaxed_rank_001_alphafold2_ptm_model_1_seed_042.pdb,85.36363309352518,74.6288,17.188839,6.3309727,9.588332557678221,11,1
/fs/ess/PAA0203/xing244/AF_ClaSeq/results_NC_revision/ABL1/m_fold_random/01_m_fold_sampling/round_1/01_sampling/sampling_21/group_26_unrelaxed_rank_001_alphafold2_ptm_model_1_seed_042.pdb,85.92161870503598,74.4368,17.196344,6.5057883,9.712955141067503,11,1
/fs/ess/PAA0203/xing244/AF_ClaSeq/results_NC_revision/ABL1/m_fold_random/01_m_fold_sampling/round_1/01_sampling/sampling_21/group_39_unrelaxed_rank_001_alphafold2_ptm_model_1_seed_042.pdb,85.09316546762591,61.45,17.359468,6.3495984,9.652559423446654,11,1
/fs/ess/PAA0203/xing244/AF_ClaSeq/results_NC_revision/ABL1/m_fold_random/01_m_fold_sampling/round_1/01_sampling/sampling_21/group_11_unrelaxed_rank_001_alphafold2_ptm_model_1_seed_042.pdb,83.73629496402879,58.7708,17.229242,6.561271,9.761662530899049,11,1
/fs/ess/PAA0203/xing244/AF_ClaSeq/results_NC_revision/ABL1/m_fold_random/01_m_fold_sampling/round_1/01_sampling/sampling_21/group_49_unrelaxed_rank_001_alphafold2_ptm_model_1_seed_042.pdb,87.65251798561151,85.44519999999999,17.487282,6.42884,9.746372652053832,12,1
/fs/ess/PAA0203/xing244/AF_ClaSeq/results_NC_revision/ABL1/m_fold_random/01_m_fold_sampling/round_1/01_sampling/sampling_21/group_45_unrelaxed_rank_001_alphafold2_ptm_model_1_seed_042.pdb,84.56661870503596,68.6336,16.765339,6.2651424,9.415201377868652,11,1
/fs/ess/PAA0203/xing244/AF_ClaSeq/results_NC_revision/ABL1/m_fold_random/01_m_fold_sampling/round_1/01_sampling/sampling_21/group_2_unrelaxed_rank_001_alphafold2_ptm_model_1_seed_042.pdb,81.41730215827339,48.3704,16.046288,6.885076,9.63343949317932,11,1
/fs/ess/PAA0203/xing244/AF_ClaSeq/results_NC_revision/ABL1/m_fold_random/01_m_fold_sampling/round_1/01_sampling/sampling_21/group_36_unrelaxed_rank_001_alphafold2_ptm_model_1_seed_042.pdb,86.80341726618704,76.11439999999999,17.212458,6.3023553,9.575385999679565,11,1
/fs/ess/PAA0203/xing244/AF_ClaSeq/results_NC_revision/ABL1/m_fold_random/01_m_fold_sampling/round_1/01_sampling/sampling_1/group_20_unrelaxed_rank_001_alphafold2_ptm_model_1_seed_042.pdb,88.57255395683453,82.2264,17.104252,6.0459576,9.36344585418701,11,1
/fs/ess/PAA0203/xing244/AF_ClaSeq/results_NC_revision/ABL1/m_fold_random/01_m_fold_sampling/round_1/01_sampling/sampling_1/group_44_unrelaxed_rank_001_alphafold2_ptm_model_1_seed_042.pdb,82.85989208633093,56.623599999999996,17.85012,5.064129,8.899926376342773,11,1
/fs/ess/PAA0203/xing244/AF_ClaSeq/results_NC_revision/ABL1/m_fold_random/01_m_fold_sampling/round_1/01_sampling/sampling_1/group_16_unrelaxed_rank_001_alphafold2_ptm_model_1_seed_042.pdb,86.90374100719426,76.7208,17.104567,6.4066057,9.615993976593018,11,1
/fs/ess/PAA0203/xing244/AF_ClaSeq/results_NC_revision/ABL1/m_fold_random/01_m_fold_sampling/round_1/01_sampling/sampling_1/group_8_unrelaxed_rank_001_alphafold2_ptm_model_1_seed_042.pdb,84.39352517985613,58.2204,17.469604,6.39537,9.717640352249145,11,1
/fs/ess/PAA0203/xing244/AF_ClaSeq/results_NC_revision/ABL1/m_fold_random/01_m_fold_sampling/round_1/01_sampling/sampling_1/group_48_unrelaxed_rank_001_alphafold2_ptm_model_1_seed_042.pdb,85.91679856115107,78.1208,17.487066,6.3105116,9.663477993011472,11,1
/fs/ess/PAA0203/xing244/AF_ClaSeq/results_NC_revision/ABL1/m_fold_random/01_m_fold_sampling/round_1/01_sampling/sampling_1/group_6_unrelaxed_rank_001_alphafold2_ptm_model_1_seed_042.pdb,85.6636690647482,74.46520000000001,17.253294,6.3559613,9.625161123275756,11,1
/fs/ess/PAA0203/xing244/AF_ClaSeq/results_NC_revision/ABL1/m_fold_random/01_m_fold_sampling/round_1/01_sampling/sampling_1/group_19_unrelaxed_rank_001_alphafold2_ptm_model_1_seed_042.pdb,87.18125899280575,81.2752,17.662966,6.5061536,9.853197240829466,11,1
/fs/ess/PAA0203/xing244/AF_ClaSeq/results_NC_revision/ABL1/m_fold_random/01_m_fold_sampling/round_1/01_sampling/sampling_1/group_13_unrelaxed_rank_001_alphafold2_ptm_model_1_seed_042.pdb,81.98241007194245,63.3392,16.801317,3.0915673,7.204492259025573,11,1
/fs/ess/PAA0203/xing244/AF_ClaSeq/results_NC_revision/ABL1/m_fold_random/01_m_fold_sampling/round_1/01_sampling/sampling_1/group_28_unrelaxed_rank_001_alphafold2_ptm_model_1_seed_042.pdb,83.75,58.0184,17.160854,6.4450564,9.659795808792115,11,1
/fs/ess/PAA0203/xing244/AF_ClaSeq/results_NC_revision/ABL1/m_fold_random/01_m_fold_sampling/round_1/01_sampling/sampling_1/group_32_unrelaxed_rank_001_alphafold2_ptm_model_1_seed_042.pdb,86.5943165467626,74.6588,17.10595,6.2182784,9.484579706192015,11,1
/fs/ess/PAA0203/xing244/AF_ClaSeq/results_NC_revision/ABL1/m_fold_random/01_m_fold_sampling/round_1/01_sampling/sampling_1/group_22_unrelaxed_rank_001_alphafold2_ptm_model_1_seed_042.pdb,83.82643884892086,58.8116,17.183922,6.6162148,9.786526870727538,11,1
/fs/ess/PAA0203/xing244/AF_ClaSeq/results_NC_revision/ABL1/m_fold_random/01_m_fold_sampling/round_1/01_sampling/sampling_1/group_7_unrelaxed_rank_001_alphafold2_ptm_model_1_seed_042.pdb,86.50061151079136,74.866,17.173025,6.313731,9.571519374847412,11,1
/fs/ess/PAA0203/xing244/AF_ClaSeq/results_NC_revision/ABL1/m_fold_random/01_m_fold_sampling/round_1/01_sampling/sampling_1/group_21_unrelaxed_rank_001_alphafold2_ptm_model_1_seed_042.pdb,84.23528776978418,67.2564,17.571798,6.4211235,9.766325950622559,11,1
/fs/ess/PAA0203/xing244/AF_ClaSeq/results_NC_revision/ABL1/m_fold_random/01_m_fold_sampling/round_1/01_sampling/sampling_1/group_41_unrelaxed_rank_001_alphafold2_ptm_model_1_seed_042.pdb,82.46956834532375,52.142399999999995,13.827244,7.3241305,9.275064516067506,11,1
/fs/ess/PAA0203/xing244/AF_ClaSeq/results_NC_revision/ABL1/m_fold_random/01_m_fold_sampling/round_1/01_sampling/sampling_1/group_31_unrelaxed_rank_001_alphafold2_ptm_model_1_seed_042.pdb,84.74413669064748,62.9832,17.182503,6.4951596,9.701362562179565,11,1
/fs/ess/PAA0203/xing244/AF_ClaSeq/results_NC_revision/ABL1/m_fold_random/01_m_fold_sampling/round_1/01_sampling/sampling_1/group_46_unrelaxed_rank_001_alphafold2_ptm_model_1_seed_042.pdb,84.67651079136691,71.13119999999999,17.164259,6.2981577,9.557988071441649,11,1
/fs/ess/PAA0203/xing244/AF_ClaSeq/results_NC_revision/ABL1/m_fold_random/01_m_fold_sampling/round_1/01_sampling/sampling_1/group_17_unrelaxed_rank_001_alphafold2_ptm_model_1_seed_042.pdb,86.81888489208633,71.1496,17.31416,6.415924,9.6853946685791,11,1
/fs/ess/PAA0203/xing244/AF_ClaSeq/results_NC_revision/ABL1/m_fold_random/01_m_fold_sampling/round_1/01_sampling/sampling_1/group_14_unrelaxed_rank_001_alphafold2_ptm_model_1_seed_042.pdb,85.47007194244604,66.8188,16.873085,7.399405,10.241509008407592,11,1
/fs/ess/PAA0203/xing244/AF_ClaSeq/results_NC_revision/ABL1/m_fold_random/01_m_fold_sampling/round_1/01_sampling/sampling_1/group_4_unrelaxed_rank_001_alphafold2_ptm_model_1_seed_042.pdb,81.37892086330935,58.2588,17.441689,6.4996057,9.782230520248412,11,1
/fs/ess/PAA0203/xing244/AF_ClaSeq/results_NC_revision/ABL1/m_fold_random/01_m_fold_sampling/round_1/01_sampling/sampling_1/group_12_unrelaxed_rank_001_alphafold2_ptm_model_1_seed_042.pdb,82.56874100719425,56.0444,16.61135,6.3988957,9.46263175010681,11,1
/fs/ess/PAA0203/xing244/AF_ClaSeq/results_NC_revision/ABL1/m_fold_random/01_m_fold_sampling/round_1/01_sampling/sampling_1/group_38_unrelaxed_rank_001_alphafold2_ptm_model_1_seed_042.pdb,83.01327338129495,56.891999999999996,16.453611,6.6737385,9.60770034790039,11,1
/fs/ess/PAA0203/xing244/AF_ClaSeq/results_NC_revision/ABL1/m_fold_random/01_m_fold_sampling/round_1/01_sampling/sampling_1/group_15_unrelaxed_rank_001_alphafold2_ptm_model_1_seed_042.pdb,83.77690647482014,56.34479999999999,17.122835,6.549983,9.721838665008544,11,1
/fs/ess/PAA0203/xing244/AF_ClaSeq/results_NC_revision/ABL1/m_fold_random/01_m_fold_sampling/round_1/01_sampling/sampling_1/group_23_unrelaxed_rank_001_alphafold2_ptm_model_1_seed_042.pdb,84.80363309352518,67.6284,16.711525,6.709905,9.710391092300416,11,1
/fs/ess/PAA0203/xing244/AF_ClaSeq/results_NC_revision/ABL1/m_fold_random/01_m_fold_sampling/round_1/01_sampling/sampling_1/group_5_unrelaxed_rank_001_alphafold2_ptm_model_1_seed_042.pdb,71.32528776978417,44.5124,7.150627,3.7863839,4.795656847953796,11,1
/fs/ess/PAA0203/xing244/AF_ClaSeq/results_NC_revision/ABL1/m_fold_random/01_m_fold_sampling/round_1/01_sampling/sampling_1/group_33_unrelaxed_rank_001_alphafold2_ptm_model_1_seed_042.pdb,85.54827338129498,66.456,17.225367,7.359907,10.319544982910156,11,1
/fs/ess/PAA0203/xing244/AF_ClaSeq/results_NC_revision/ABL1/m_fold_random/01_m_fold_sampling/round_1/01_sampling/sampling_1/group_27_unrelaxed_rank_001_alphafold2_ptm_model_1_seed_042.pdb,85.93205035971224,68.6524,16.326653,6.3578663,9.348502159118652,11,1
/fs/ess/PAA0203/xing244/AF_ClaSeq/results_NC_revision/ABL1/m_fold_random/01_m_fold_sampling/round_1/01_sampling/sampling_1/group_42_unrelaxed_rank_001_alphafold2_ptm_model_1_seed_042.pdb,82.47744604316547,51.093199999999996,15.246535,6.856611,9.373588132858277,11,1
/fs/ess/PAA0203/xing244/AF_ClaSeq/results_NC_revision/ABL1/m_fold_random/01_m_fold_sampling/round_1/01_sampling/sampling_1/group_10_unrelaxed_rank_001_alphafold2_ptm_model_1_seed_042.pdb,85.94129496402878,79.9984,17.210058,6.2823105,9.560634803771972,11,1
/fs/ess/PAA0203/xing244/AF_ClaSeq/results_NC_revision/ABL1/m_fold_random/01_m_fold_sampling/round_1/01_sampling/sampling_1/group_37_unrelaxed_rank_001_alphafold2_ptm_model_1_seed_042.pdb,86.17492805755396,73.264,17.520979,6.385344,9.72603449821472,11,1
/fs/ess/PAA0203/xing244/AF_ClaSeq/results_NC_revision/ABL1/m_fold_random/01_m_fold_sampling/round_1/01_sampling/sampling_1/group_29_unrelaxed_rank_001_alphafold2_ptm_model_1_seed_042.pdb,86.72464028776979,74.1024,17.200985,6.4076667,9.64566216468811,11,1
/fs/ess/PAA0203/xing244/AF_ClaSeq/results_NC_revision/ABL1/m_fold_random/01_m_fold_sampling/round_1/01_sampling/sampling_1/group_18_unrelaxed_rank_001_alphafold2_ptm_model_1_seed_042.pdb,87.98406474820143,84.00959999999999,17.423223,6.4440203,9.737781238555907,11,1
/fs/ess/PAA0203/xing244/AF_ClaSeq/results_NC_revision/ABL1/m_fold_random/01_m_fold_sampling/round_1/01_sampling/sampling_1/group_43_unrelaxed_rank_001_alphafold2_ptm_model_1_seed_042.pdb,73.06118705035972,38.233599999999996,10.549503,8.516992,9.12674512863159,11,1
/fs/ess/PAA0203/xing244/AF_ClaSeq/results_NC_revision/ABL1/m_fold_random/01_m_fold_sampling/round_1/01_sampling/sampling_1/group_25_unrelaxed_rank_001_alphafold2_ptm_model_1_seed_042.pdb,81.57593525179857,57.6236,17.159311,6.462301,9.67140393257141,11,1
/fs/ess/PAA0203/xing244/AF_ClaSeq/results_NC_revision/ABL1/m_fold_random/01_m_fold_sampling/round_1/01_sampling/sampling_1/group_3_unrelaxed_rank_001_alphafold2_ptm_model_1_seed_042.pdb,82.34453237410071,62.897999999999996,17.443022,6.3255734,9.660807943344116,11,1
/fs/ess/PAA0203/xing244/AF_ClaSeq/results_NC_revision/ABL1/m_fold_random/01_m_fold_sampling/round_1/01_sampling/sampling_1/group_34_unrelaxed_rank_001_alphafold2_ptm_model_1_seed_042.pdb,85.62528776978417,72.712,17.606623,6.4623866,9.8056574344635,11,1
/fs/ess/PAA0203/xing244/AF_ClaSeq/results_NC_revision/ABL1/m_fold_random/01_m_fold_sampling/round_1/01_sampling/sampling_1/group_9_unrelaxed_rank_001_alphafold2_ptm_model_1_seed_042.pdb,88.17115107913669,82.42479999999999,17.25176,6.409422,9.662123489379882,11,1
/fs/ess/PAA0203/xing244/AF_ClaSeq/results_NC_revision/ABL1/m_fold_random/01_m_fold_sampling/round_1/01_sampling/sampling_1/group_47_unrelaxed_rank_001_alphafold2_ptm_model_1_seed_042.pdb,84.29960431654676,67.4292,17.356297,6.2517285,9.583098936080933,11,1
/fs/ess/PAA0203/xing244/AF_ClaSeq/results_NC_revision/ABL1/m_fold_random/01_m_fold_sampling/round_1/01_sampling/sampling_1/group_35_unrelaxed_rank_001_alphafold2_ptm_model_1_seed_042.pdb,82.91928057553957,54.93919999999999,16.13954,6.535331,9.41659345626831,11,1
/fs/ess/PAA0203/xing244/AF_ClaSeq/results_NC_revision/ABL1/m_fold_random/01_m_fold_sampling/round_1/01_sampling/sampling_1/group_24_unrelaxed_rank_001_alphafold2_ptm_model_1_seed_042.pdb,84.5124820143885,63.8032,17.322628,6.539149,9.774192571640015,11,1
/fs/ess/PAA0203/xing244/AF_ClaSeq/results_NC_revision/ABL1/m_fold_random/01_m_fold_sampling/round_1/01_sampling/sampling_1/group_40_unrelaxed_rank_001_alphafold2_ptm_model_1_seed_042.pdb,81.59989208633094,49.7924,6.430377,7.0664897,6.875655889511108,11,1
/fs/ess/PAA0203/xing244/AF_ClaSeq/results_NC_revision/ABL1/m_fold_random/01_m_fold_sampling/round_1/01_sampling/sampling_1/group_1_unrelaxed_rank_001_alphafold2_ptm_model_1_seed_042.pdb,86.21151079136692,75.0424,17.031332,6.2347536,9.473727130889891,11,1
/fs/ess/PAA0203/xing244/AF_ClaSeq/results_NC_revision/ABL1/m_fold_random/01_m_fold_sampling/round_1/01_sampling/sampling_1/group_30_unrelaxed_rank_001_alphafold2_ptm_model_1_seed_042.pdb,87.5491726618705,81.34120000000001,17.399975,6.321065,9.644737911224365,11,1
/fs/ess/PAA0203/xing244/AF_ClaSeq/results_NC_revision/ABL1/m_fold_random/01_m_fold_sampling/round_1/01_sampling/sampling_1/group_26_unrelaxed_rank_001_alphafold2_ptm_model_1_seed_042.pdb,85.2371582733813,68.7712,17.208952,6.2662697,9.549074363708495,11,1
/fs/ess/PAA0203/xing244/AF_ClaSeq/results_NC_revision/ABL1/m_fold_random/01_m_fold_sampling/round_1/01_sampling/sampling_1/group_39_unrelaxed_rank_001_alphafold2_ptm_model_1_seed_042.pdb,83.75665467625899,68.7516,17.39926,6.311203,9.637619972229004,11,1
/fs/ess/PAA0203/xing244/AF_ClaSeq/results_NC_revision/ABL1/m_fold_random/01_m_fold_sampling/round_1/01_sampling/sampling_1/group_11_unrelaxed_rank_001_alphafold2_ptm_model_1_seed_042.pdb,85.80032374100719,76.56360000000001,17.454165,6.3830724,9.704400014877319,11,1
/fs/ess/PAA0203/xing244/AF_ClaSeq/results_NC_revision/ABL1/m_fold_random/01_m_fold_sampling/round_1/01_sampling/sampling_1/group_49_unrelaxed_rank_001_alphafold2_ptm_model_1_seed_042.pdb,85.0131654676259,68.4436,17.223076,6.417292,9.659027242660521,12,1
/fs/ess/PAA0203/xing244/AF_ClaSeq/results_NC_revision/ABL1/m_fold_random/01_m_fold_sampling/round_1/01_sampling/sampling_1/group_45_unrelaxed_rank_001_alphafold2_ptm_model_1_seed_042.pdb,84.65320143884894,59.523999999999994,17.081566,6.825297,9.902177572250366,11,1
/fs/ess/PAA0203/xing244/AF_ClaSeq/results_NC_revision/ABL1/m_fold_random/01_m_fold_sampling/round_1/01_sampling/sampling_1/group_2_unrelaxed_rank_001_alphafold2_ptm_model_1_seed_042.pdb,85.70543165467626,66.3752,17.645718,6.450327,9.808944129943846,11,1
/fs/ess/PAA0203/xing244/AF_ClaSeq/results_NC_revision/ABL1/m_fold_random/01_m_fold_sampling/round_1/01_sampling/sampling_1/group_36_unrelaxed_rank_001_alphafold2_ptm_model_1_seed_042.pdb,84.61025179856115,64.1532,16.722878,6.678749,9.69198760986328,11,1
/fs/ess/PAA0203/xing244/AF_ClaSeq/results_NC_revision/ABL1/m_fold_random/01_m_fold_sampling/round_1/01_sampling/sampling_46/group_20_unrelaxed_rank_001_alphafold2_ptm_model_1_seed_042.pdb,81.71615107913671,54.2296,17.233816,6.5064907,9.7246883392334,11,1
/fs/ess/PAA0203/xing244/AF_ClaSeq/results_NC_revision/ABL1/m_fold_random/01_m_fold_sampling/round_1/01_sampling/sampling_46/group_44_unrelaxed_rank_001_alphafold2_ptm_model_1_seed_042.pdb,82.12356115107913,61.23080000000001,17.439468,7.0836434,10.190390920639036,11,1
/fs/ess/PAA0203/xing244/AF_ClaSeq/results_NC_revision/ABL1/m_fold_random/01_m_fold_sampling/round_1/01_sampling/sampling_46/group_16_unrelaxed_rank_001_alphafold2_ptm_model_1_seed_042.pdb,87.24435251798562,77.242,17.3658,6.2802787,9.605935335159302,11,1
/fs/ess/PAA0203/xing244/AF_ClaSeq/results_NC_revision/ABL1/m_fold_random/01_m_fold_sampling/round_1/01_sampling/sampling_46/group_8_unrelaxed_rank_001_alphafold2_ptm_model_1_seed_042.pdb,82.1760071942446,58.915200000000006,15.780749,2.3226273,6.360063910484314,11,1
/fs/ess/PAA0203/xing244/AF_ClaSeq/results_NC_revision/ABL1/m_fold_random/01_m_fold_sampling/round_1/01_sampling/sampling_46/group_48_unrelaxed_rank_001_alphafold2_ptm_model_1_seed_042.pdb,84.62564748201439,69.08200000000001,16.942696,3.4502888,7.49801082611084,11,1
/fs/ess/PAA0203/xing244/AF_ClaSeq/results_NC_revision/ABL1/m_fold_random/01_m_fold_sampling/round_1/01_sampling/sampling_46/group_6_unrelaxed_rank_001_alphafold2_ptm_model_1_seed_042.pdb,85.03107913669065,70.2156,17.277897,6.3939176,9.659111356735227,11,1
/fs/ess/PAA0203/xing244/AF_ClaSeq/results_NC_revision/ABL1/m_fold_random/01_m_fold_sampling/round_1/01_sampling/sampling_46/group_19_unrelaxed_rank_001_alphafold2_ptm_model_1_seed_042.pdb,84.56079136690649,71.2604,17.242996,6.316413,9.594387912750243,11,1
/fs/ess/PAA0203/xing244/AF_ClaSeq/results_NC_revision/ABL1/m_fold_random/01_m_fold_sampling/round_1/01_sampling/sampling_46/group_13_unrelaxed_rank_001_alphafold2_ptm_model_1_seed_042.pdb,86.63579136690647,76.6268,17.065716,6.3994102,9.59930191040039,11,1
/fs/ess/PAA0203/xing244/AF_ClaSeq/results_NC_revision/ABL1/m_fold_random/01_m_fold_sampling/round_1/01_sampling/sampling_46/group_28_unrelaxed_rank_001_alphafold2_ptm_model_1_seed_042.pdb,86.54312949640287,75.7604,17.39905,6.332182,9.652242279052734,11,1
/fs/ess/PAA0203/xing244/AF_ClaSeq/results_NC_revision/ABL1/m_fold_random/01_m_fold_sampling/round_1/01_sampling/sampling_46/group_32_unrelaxed_rank_001_alphafold2_ptm_model_1_seed_042.pdb,81.26395683453237,58.04200000000001,17.244246,5.9918747,9.367585945129395,11,1
/fs/ess/PAA0203/xing244/AF_ClaSeq/results_NC_revision/ABL1/m_fold_random/01_m_fold_sampling/round_1/01_sampling/sampling_46/group_22_unrelaxed_rank_001_alphafold2_ptm_model_1_seed_042.pdb,82.43920863309351,53.430400000000006,17.035997,6.705665,9.804764795303344,11,1
/fs/ess/PAA0203/xing244/AF_ClaSeq/results_NC_revision/ABL1/m_fold_random/01_m_fold_sampling/round_1/01_sampling/sampling_46/group_7_unrelaxed_rank_001_alphafold2_ptm_model_1_seed_042.pdb,84.83636690647482,56.00200000000001,17.33879,6.4539285,9.719387197494505,11,1
/fs/ess/PAA0203/xing244/AF_ClaSeq/results_NC_revision/ABL1/m_fold_random/01_m_fold_sampling/round_1/01_sampling/sampling_46/group_21_unrelaxed_rank_001_alphafold2_ptm_model_1_seed_042.pdb,85.45575539568345,69.6348,17.107641,4.4432325,8.242555141448975,11,1
/fs/ess/PAA0203/xing244/AF_ClaSeq/results_NC_revision/ABL1/m_fold_random/01_m_fold_sampling/round_1/01_sampling/sampling_46/group_41_unrelaxed_rank_001_alphafold2_ptm_model_1_seed_042.pdb,83.67406474820143,56.6592,17.046068,6.4979143,9.662360477447509,11,1
/fs/ess/PAA0203/xing244/AF_ClaSeq/results_NC_revision/ABL1/m_fold_random/01_m_fold_sampling/round_1/01_sampling/sampling_46/group_31_unrelaxed_rank_001_alphafold2_ptm_model_1_seed_042.pdb,83.0643165467626,64.5768,17.321478,6.632568,9.839240884780883,11,1
/fs/ess/PAA0203/xing244/AF_ClaSeq/results_NC_revision/ABL1/m_fold_random/01_m_fold_sampling/round_1/01_sampling/sampling_46/group_46_unrelaxed_rank_001_alphafold2_ptm_model_1_seed_042.pdb,80.90679856115106,56.074,17.064669,6.5205736,9.683802127838135,11,1
/fs/ess/PAA0203/xing244/AF_ClaSeq/results_NC_revision/ABL1/m_fold_random/01_m_fold_sampling/round_1/01_sampling/sampling_46/group_17_unrelaxed_rank_001_alphafold2_ptm_model_1_seed_042.pdb,82.26118705035971,65.8756,16.944763,6.228504,9.443381881713867,11,1
/fs/ess/PAA0203/xing244/AF_ClaSeq/results_NC_revision/ABL1/m_fold_random/01_m_fold_sampling/round_1/01_sampling/sampling_46/group_14_unrelaxed_rank_001_alphafold2_ptm_model_1_seed_042.pdb,82.84122302158273,53.953599999999994,16.778662,6.343339,9.473935794830322,11,1
/fs/ess/PAA0203/xing244/AF_ClaSeq/results_NC_revision/ABL1/m_fold_random/01_m_fold_sampling/round_1/01_sampling/sampling_46/group_4_unrelaxed_rank_001_alphafold2_ptm_model_1_seed_042.pdb,84.5073381294964,69.0392,17.246101,3.8282197,7.853584170341491,11,1
/fs/ess/PAA0203/xing244/AF_ClaSeq/results_NC_revision/ABL1/m_fold_random/01_m_fold_sampling/round_1/01_sampling/sampling_46/group_12_unrelaxed_rank_001_alphafold2_ptm_model_1_seed_042.pdb,84.96884892086332,66.4348,16.544436,6.4294767,9.46396436691284,11,1
/fs/ess/PAA0203/xing244/AF_ClaSeq/results_NC_revision/ABL1/m_fold_random/01_m_fold_sampling/round_1/01_sampling/sampling_46/group_38_unrelaxed_rank_001_alphafold2_ptm_model_1_seed_042.pdb,83.57287769784172,64.17239999999998,18.048885,6.386046,9.884897756576537,11,1
/fs/ess/PAA0203/xing244/AF_ClaSeq/results_NC_revision/ABL1/m_fold_random/01_m_fold_sampling/round_1/01_sampling/sampling_46/group_15_unrelaxed_rank_001_alphafold2_ptm_model_1_seed_042.pdb,83.78579136690648,61.15599999999999,16.880133,6.709894,9.760965728759764,11,1
/fs/ess/PAA0203/xing244/AF_ClaSeq/results_NC_revision/ABL1/m_fold_random/01_m_fold_sampling/round_1/01_sampling/sampling_46/group_23_unrelaxed_rank_001_alphafold2_ptm_model_1_seed_042.pdb,83.53302158273381,58.071200000000005,17.11463,6.3725367,9.595164585113526,11,1
/fs/ess/PAA0203/xing244/AF_ClaSeq/results_NC_revision/ABL1/m_fold_random/01_m_fold_sampling/round_1/01_sampling/sampling_46/group_5_unrelaxed_rank_001_alphafold2_ptm_model_1_seed_042.pdb,85.33079136690647,70.94279999999999,17.197626,6.3202515,9.583463859558105,11,1
/fs/ess/PAA0203/xing244/AF_ClaSeq/results_NC_revision/ABL1/m_fold_random/01_m_fold_sampling/round_1/01_sampling/sampling_46/group_33_unrelaxed_rank_001_alphafold2_ptm_model_1_seed_042.pdb,87.36535971223023,73.31559999999999,17.231985,6.4064336,9.654099035263062,11,1
/fs/ess/PAA0203/xing244/AF_ClaSeq/results_NC_revision/ABL1/m_fold_random/01_m_fold_sampling/round_1/01_sampling/sampling_46/group_27_unrelaxed_rank_001_alphafold2_ptm_model_1_seed_042.pdb,86.36841726618705,83.412,17.266068,6.188312,9.511638689041138,11,1
/fs/ess/PAA0203/xing244/AF_ClaSeq/results_NC_revision/ABL1/m_fold_random/01_m_fold_sampling/round_1/01_sampling/sampling_46/group_42_unrelaxed_rank_001_alphafold2_ptm_model_1_seed_042.pdb,85.5243525179856,59.4384,17.216837,6.3645267,9.620219802856445,11,1
/fs/ess/PAA0203/xing244/AF_ClaSeq/results_NC_revision/ABL1/m_fold_random/01_m_fold_sampling/round_1/01_sampling/sampling_46/group_10_unrelaxed_rank_001_alphafold2_ptm_model_1_seed_042.pdb,81.01838129496403,45.494,16.95914,6.983174,9.975963926315305,11,1
/fs/ess/PAA0203/xing244/AF_ClaSeq/results_NC_revision/ABL1/m_fold_random/01_m_fold_sampling/round_1/01_sampling/sampling_46/group_37_unrelaxed_rank_001_alphafold2_ptm_model_1_seed_042.pdb,85.99877697841727,77.66159999999999,17.44324,6.545574,9.814873695373535,11,1
/fs/ess/PAA0203/xing244/AF_ClaSeq/results_NC_revision/ABL1/m_fold_random/01_m_fold_sampling/round_1/01_sampling/sampling_46/group_29_unrelaxed_rank_001_alphafold2_ptm_model_1_seed_042.pdb,88.86223021582732,86.7244,17.2331,6.310757,9.587460279464722,11,1
/fs/ess/PAA0203/xing244/AF_ClaSeq/results_NC_revision/ABL1/m_fold_random/01_m_fold_sampling/round_1/01_sampling/sampling_46/group_18_unrelaxed_rank_001_alphafold2_ptm_model_1_seed_042.pdb,86.45715827338131,75.914,17.247086,6.336313,9.609544610977172,11,1
/fs/ess/PAA0203/xing244/AF_ClaSeq/results_NC_revision/ABL1/m_fold_random/01_m_fold_sampling/round_1/01_sampling/sampling_46/group_43_unrelaxed_rank_001_alphafold2_ptm_model_1_seed_042.pdb,88.36093525179858,86.56,17.5266,6.2722054,9.648523712158202,11,1
/fs/ess/PAA0203/xing244/AF_ClaSeq/results_NC_revision/ABL1/m_fold_random/01_m_fold_sampling/round_1/01_sampling/sampling_46/group_25_unrelaxed_rank_001_alphafold2_ptm_model_1_seed_042.pdb,84.57140287769784,66.6684,17.249176,6.421021,9.669467496871947,11,1
/fs/ess/PAA0203/xing244/AF_ClaSeq/results_NC_revision/ABL1/m_fold_random/01_m_fold_sampling/round_1/01_sampling/sampling_46/group_3_unrelaxed_rank_001_alphafold2_ptm_model_1_seed_042.pdb,81.36701438848921,69.82079999999999,17.630169,6.38829,9.760853624343872,11,1
/fs/ess/PAA0203/xing244/AF_ClaSeq/results_NC_revision/ABL1/m_fold_random/01_m_fold_sampling/round_1/01_sampling/sampling_46/group_34_unrelaxed_rank_001_alphafold2_ptm_model_1_seed_042.pdb,81.66431654676259,46.6128,14.913635,6.362365,8.927745914459228,11,1
/fs/ess/PAA0203/xing244/AF_ClaSeq/results_NC_revision/ABL1/m_fold_random/01_m_fold_sampling/round_1/01_sampling/sampling_46/group_9_unrelaxed_rank_001_alphafold2_ptm_model_1_seed_042.pdb,86.23823741007195,71.9344,17.32037,6.313936,9.61586627960205,11,1
/fs/ess/PAA0203/xing244/AF_ClaSeq/results_NC_revision/ABL1/m_fold_random/01_m_fold_sampling/round_1/01_sampling/sampling_46/group_47_unrelaxed_rank_001_alphafold2_ptm_model_1_seed_042.pdb,83.97377697841726,65.7568,17.169931,6.3454485,9.592793369293211,11,1
/fs/ess/PAA0203/xing244/AF_ClaSeq/results_NC_revision/ABL1/m_fold_random/01_m_fold_sampling/round_1/01_sampling/sampling_46/group_35_unrelaxed_rank_001_alphafold2_ptm_model_1_seed_042.pdb,86.2223021582734,76.0308,17.112473,6.1879845,9.46533088684082,11,1
/fs/ess/PAA0203/xing244/AF_ClaSeq/results_NC_revision/ABL1/m_fold_random/01_m_fold_sampling/round_1/01_sampling/sampling_46/group_24_unrelaxed_rank_001_alphafold2_ptm_model_1_seed_042.pdb,83.7564748201439,57.0348,16.402622,3.6234553,7.457205367088317,11,1
/fs/ess/PAA0203/xing244/AF_ClaSeq/results_NC_revision/ABL1/m_fold_random/01_m_fold_sampling/round_1/01_sampling/sampling_46/group_40_unrelaxed_rank_001_alphafold2_ptm_model_1_seed_042.pdb,82.73478417266188,58.59439999999999,17.27914,3.4691315,7.612134170532226,11,1
/fs/ess/PAA0203/xing244/AF_ClaSeq/results_NC_revision/ABL1/m_fold_random/01_m_fold_sampling/round_1/01_sampling/sampling_46/group_1_unrelaxed_rank_001_alphafold2_ptm_model_1_seed_042.pdb,82.80226618705035,64.464,16.7282,4.8228602,8.394462442398071,11,1
/fs/ess/PAA0203/xing244/AF_ClaSeq/results_NC_revision/ABL1/m_fold_random/01_m_fold_sampling/round_1/01_sampling/sampling_46/group_30_unrelaxed_rank_001_alphafold2_ptm_model_1_seed_042.pdb,81.91640287769783,47.325199999999995,13.364341,8.001833,9.61058530807495,11,1
/fs/ess/PAA0203/xing244/AF_ClaSeq/results_NC_revision/ABL1/m_fold_random/01_m_fold_sampling/round_1/01_sampling/sampling_46/group_26_unrelaxed_rank_001_alphafold2_ptm_model_1_seed_042.pdb,87.58258992805754,78.98719999999999,17.21093,6.4827685,9.70121693611145,11,1
/fs/ess/PAA0203/xing244/AF_ClaSeq/results_NC_revision/ABL1/m_fold_random/01_m_fold_sampling/round_1/01_sampling/sampling_46/group_39_unrelaxed_rank_001_alphafold2_ptm_model_1_seed_042.pdb,83.25356115107914,61.158800000000014,17.010378,4.2276144,8.062443447113036,11,1
/fs/ess/PAA0203/xing244/AF_ClaSeq/results_NC_revision/ABL1/m_fold_random/01_m_fold_sampling/round_1/01_sampling/sampling_46/group_11_unrelaxed_rank_001_alphafold2_ptm_model_1_seed_042.pdb,83.54406474820144,60.766400000000004,16.613613,4.747394,8.307259798049927,11,1
/fs/ess/PAA0203/xing244/AF_ClaSeq/results_NC_revision/ABL1/m_fold_random/01_m_fold_sampling/round_1/01_sampling/sampling_46/group_49_unrelaxed_rank_001_alphafold2_ptm_model_1_seed_042.pdb,82.65726618705037,55.7468,17.168135,6.747086,9.87340064048767,12,1
/fs/ess/PAA0203/xing244/AF_ClaSeq/results_NC_revision/ABL1/m_fold_random/01_m_fold_sampling/round_1/01_sampling/sampling_46/group_45_unrelaxed_rank_001_alphafold2_ptm_model_1_seed_042.pdb,84.1476618705036,57.7336,17.875288,6.4675756,9.889889287948607,11,1
/fs/ess/PAA0203/xing244/AF_ClaSeq/results_NC_revision/ABL1/m_fold_random/01_m_fold_sampling/round_1/01_sampling/sampling_46/group_2_unrelaxed_rank_001_alphafold2_ptm_model_1_seed_042.pdb,86.54834532374102,75.7764,17.0671,6.346528,9.562699794769287,11,1
/fs/ess/PAA0203/xing244/AF_ClaSeq/results_NC_revision/ABL1/m_fold_random/01_m_fold_sampling/round_1/01_sampling/sampling_46/group_36_unrelaxed_rank_001_alphafold2_ptm_model_1_seed_042.pdb,84.93510791366907,65.1144,16.274954,6.3110914,9.300250148773193,11,1
/fs/ess/PAA0203/xing244/AF_ClaSeq/results_NC_revision/ABL1/m_fold_random/01_m_fold_sampling/round_1/01_sampling/sampling_5/group_20_unrelaxed_rank_001_alphafold2_ptm_model_1_seed_042.pdb,82.5743165467626,60.30959999999999,19.213148,7.830277,11.245138311386107,11,1
/fs/ess/PAA0203/xing244/AF_ClaSeq/results_NC_revision/ABL1/m_fold_random/01_m_fold_sampling/round_1/01_sampling/sampling_5/group_44_unrelaxed_rank_001_alphafold2_ptm_model_1_seed_042.pdb,85.79856115107914,70.0004,18.031925,6.268684,9.797656297683716,11,1
/fs/ess/PAA0203/xing244/AF_ClaSeq/results_NC_revision/ABL1/m_fold_random/01_m_fold_sampling/round_1/01_sampling/sampling_5/group_16_unrelaxed_rank_001_alphafold2_ptm_model_1_seed_042.pdb,85.48294964028777,72.656,16.9233,2.6385276,6.923959279060363,11,1
/fs/ess/PAA0203/xing244/AF_ClaSeq/results_NC_revision/ABL1/m_fold_random/01_m_fold_sampling/round_1/01_sampling/sampling_5/group_8_unrelaxed_rank_001_alphafold2_ptm_model_1_seed_042.pdb,86.53758992805754,76.792,17.8538,6.5787773,9.96128406524658,11,1
/fs/ess/PAA0203/xing244/AF_ClaSeq/results_NC_revision/ABL1/m_fold_random/01_m_fold_sampling/round_1/01_sampling/sampling_5/group_48_unrelaxed_rank_001_alphafold2_ptm_model_1_seed_042.pdb,81.16992805755396,50.6884,15.402435,6.6299324,9.26168327331543,11,1
/fs/ess/PAA0203/xing244/AF_ClaSeq/results_NC_revision/ABL1/m_fold_random/01_m_fold_sampling/round_1/01_sampling/sampling_5/group_6_unrelaxed_rank_001_alphafold2_ptm_model_1_seed_042.pdb,86.61478417266187,81.61840000000001,17.257448,6.300329,9.587464904785156,11,1
/fs/ess/PAA0203/xing244/AF_ClaSeq/results_NC_revision/ABL1/m_fold_random/01_m_fold_sampling/round_1/01_sampling/sampling_5/group_19_unrelaxed_rank_001_alphafold2_ptm_model_1_seed_042.pdb,83.4968345323741,61.8392,17.364695,6.4875774,9.750712585449218,11,1
/fs/ess/PAA0203/xing244/AF_ClaSeq/results_NC_revision/ABL1/m_fold_random/01_m_fold_sampling/round_1/01_sampling/sampling_5/group_13_unrelaxed_rank_001_alphafold2_ptm_model_1_seed_042.pdb,88.37971223021583,84.28040000000001,17.300333,6.3083158,9.605920934677123,11,1
/fs/ess/PAA0203/xing244/AF_ClaSeq/results_NC_revision/ABL1/m_fold_random/01_m_fold_sampling/round_1/01_sampling/sampling_5/group_28_unrelaxed_rank_001_alphafold2_ptm_model_1_seed_042.pdb,88.45187050359714,80.9624,17.332037,6.333015,9.63272156715393,11,1
/fs/ess/PAA0203/xing244/AF_ClaSeq/results_NC_revision/ABL1/m_fold_random/01_m_fold_sampling/round_1/01_sampling/sampling_5/group_32_unrelaxed_rank_001_alphafold2_ptm_model_1_seed_042.pdb,86.40143884892086,75.32440000000001,17.074894,6.286356,9.522917366027832,11,1
/fs/ess/PAA0203/xing244/AF_ClaSeq/results_NC_revision/ABL1/m_fold_random/01_m_fold_sampling/round_1/01_sampling/sampling_5/group_22_unrelaxed_rank_001_alphafold2_ptm_model_1_seed_042.pdb,87.58701438848922,81.5312,17.373991,6.3086615,9.628260326385497,11,1
/fs/ess/PAA0203/xing244/AF_ClaSeq/results_NC_revision/ABL1/m_fold_random/01_m_fold_sampling/round_1/01_sampling/sampling_5/group_7_unrelaxed_rank_001_alphafold2_ptm_model_1_seed_042.pdb,83.57230215827337,60.205600000000004,17.576193,6.279959,9.668829298019409,11,1
/fs/ess/PAA0203/xing244/AF_ClaSeq/results_NC_revision/ABL1/m_fold_random/01_m_fold_sampling/round_1/01_sampling/sampling_5/group_21_unrelaxed_rank_001_alphafold2_ptm_model_1_seed_042.pdb,74.20679856115107,74.1936,16.838383,4.2316613,8.013677740097046,11,1
/fs/ess/PAA0203/xing244/AF_ClaSeq/results_NC_revision/ABL1/m_fold_random/01_m_fold_sampling/round_1/01_sampling/sampling_5/group_41_unrelaxed_rank_001_alphafold2_ptm_model_1_seed_042.pdb,87.14014388489208,76.93480000000001,17.17255,6.2444897,9.522907829284668,11,1
/fs/ess/PAA0203/xing244/AF_ClaSeq/results_NC_revision/ABL1/m_fold_random/01_m_fold_sampling/round_1/01_sampling/sampling_5/group_31_unrelaxed_rank_001_alphafold2_ptm_model_1_seed_042.pdb,85.22553956834531,64.7172,16.90631,7.540433,10.350195789337157,11,1
/fs/ess/PAA0203/xing244/AF_ClaSeq/results_NC_revision/ABL1/m_fold_random/01_m_fold_sampling/round_1/01_sampling/sampling_5/group_46_unrelaxed_rank_001_alphafold2_ptm_model_1_seed_042.pdb,85.03143884892086,61.98479999999999,17.8901,6.3571343,9.817024183273315,11,1
/fs/ess/PAA0203/xing244/AF_ClaSeq/results_NC_revision/ABL1/m_fold_random/01_m_fold_sampling/round_1/01_sampling/sampling_5/group_17_unrelaxed_rank_001_alphafold2_ptm_model_1_seed_042.pdb,81.3461510791367,47.6348,15.062285,6.396157,8.995995378494262,11,1
/fs/ess/PAA0203/xing244/AF_ClaSeq/results_NC_revision/ABL1/m_fold_random/01_m_fold_sampling/round_1/01_sampling/sampling_5/group_14_unrelaxed_rank_001_alphafold2_ptm_model_1_seed_042.pdb,86.25097122302158,69.0412,17.555132,6.2553186,9.64526262283325,11,1
/fs/ess/PAA0203/xing244/AF_ClaSeq/results_NC_revision/ABL1/m_fold_random/01_m_fold_sampling/round_1/01_sampling/sampling_5/group_4_unrelaxed_rank_001_alphafold2_ptm_model_1_seed_042.pdb,85.20370503597121,66.99879999999999,17.31962,6.324779,9.623231363296508,11,1
/fs/ess/PAA0203/xing244/AF_ClaSeq/results_NC_revision/ABL1/m_fold_random/01_m_fold_sampling/round_1/01_sampling/sampling_5/group_12_unrelaxed_rank_001_alphafold2_ptm_model_1_seed_042.pdb,84.52258992805756,54.118,17.312548,6.456854,9.71356201171875,11,1
/fs/ess/PAA0203/xing244/AF_ClaSeq/results_NC_revision/ABL1/m_fold_random/01_m_fold_sampling/round_1/01_sampling/sampling_5/group_38_unrelaxed_rank_001_alphafold2_ptm_model_1_seed_042.pdb,84.53964028776979,64.37599999999999,17.292715,6.4443407,9.698853015899658,11,1
/fs/ess/PAA0203/xing244/AF_ClaSeq/results_NC_revision/ABL1/m_fold_random/01_m_fold_sampling/round_1/01_sampling/sampling_5/group_15_unrelaxed_rank_001_alphafold2_ptm_model_1_seed_042.pdb,83.47899280575541,58.8124,14.692445,6.7104616,9.10505657196045,11,1
/fs/ess/PAA0203/xing244/AF_ClaSeq/results_NC_revision/ABL1/m_fold_random/01_m_fold_sampling/round_1/01_sampling/sampling_5/group_23_unrelaxed_rank_001_alphafold2_ptm_model_1_seed_042.pdb,88.11791366906475,85.32719999999999,17.473566,6.452542,9.758849096298217,11,1
/fs/ess/PAA0203/xing244/AF_ClaSeq/results_NC_revision/ABL1/m_fold_random/01_m_fold_sampling/round_1/01_sampling/sampling_5/group_5_unrelaxed_rank_001_alphafold2_ptm_model_1_seed_042.pdb,83.66464028776977,62.3344,17.00118,3.265198,7.385992789268494,11,1
/fs/ess/PAA0203/xing244/AF_ClaSeq/results_NC_revision/ABL1/m_fold_random/01_m_fold_sampling/round_1/01_sampling/sampling_5/group_33_unrelaxed_rank_001_alphafold2_ptm_model_1_seed_042.pdb,83.93910071942446,69.6344,17.45111,6.263115,9.619513702392577,11,1
/fs/ess/PAA0203/xing244/AF_ClaSeq/results_NC_revision/ABL1/m_fold_random/01_m_fold_sampling/round_1/01_sampling/sampling_5/group_27_unrelaxed_rank_001_alphafold2_ptm_model_1_seed_042.pdb,84.93366906474822,68.2976,17.330154,6.324651,9.626301860809326,11,1
/fs/ess/PAA0203/xing244/AF_ClaSeq/results_NC_revision/ABL1/m_fold_random/01_m_fold_sampling/round_1/01_sampling/sampling_5/group_42_unrelaxed_rank_001_alphafold2_ptm_model_1_seed_042.pdb,87.20737410071942,77.45960000000001,17.469805,6.4506907,9.756424951553344,11,1
/fs/ess/PAA0203/xing244/AF_ClaSeq/results_NC_revision/ABL1/m_fold_random/01_m_fold_sampling/round_1/01_sampling/sampling_5/group_10_unrelaxed_rank_001_alphafold2_ptm_model_1_seed_042.pdb,81.3353237410072,60.376799999999996,17.571983,6.6138663,9.901301431655884,11,1
/fs/ess/PAA0203/xing244/AF_ClaSeq/results_NC_revision/ABL1/m_fold_random/01_m_fold_sampling/round_1/01_sampling/sampling_5/group_37_unrelaxed_rank_001_alphafold2_ptm_model_1_seed_042.pdb,84.86107913669065,70.6608,17.147198,6.0620494,9.387593889236449,11,1
/fs/ess/PAA0203/xing244/AF_ClaSeq/results_NC_revision/ABL1/m_fold_random/01_m_fold_sampling/round_1/01_sampling/sampling_5/group_29_unrelaxed_rank_001_alphafold2_ptm_model_1_seed_042.pdb,83.11053956834533,60.550399999999996,15.768858,6.059122,8.972042846679688,11,1
/fs/ess/PAA0203/xing244/AF_ClaSeq/results_NC_revision/ABL1/m_fold_random/01_m_fold_sampling/round_1/01_sampling/sampling_5/group_18_unrelaxed_rank_001_alphafold2_ptm_model_1_seed_042.pdb,85.84071942446043,64.788,16.42306,6.5401063,9.504992246627808,11,1
/fs/ess/PAA0203/xing244/AF_ClaSeq/results_NC_revision/ABL1/m_fold_random/01_m_fold_sampling/round_1/01_sampling/sampling_5/group_43_unrelaxed_rank_001_alphafold2_ptm_model_1_seed_042.pdb,82.67755395683453,58.111999999999995,16.842941,5.717706,9.055276727676391,11,1
/fs/ess/PAA0203/xing244/AF_ClaSeq/results_NC_revision/ABL1/m_fold_random/01_m_fold_sampling/round_1/01_sampling/sampling_5/group_25_unrelaxed_rank_001_alphafold2_ptm_model_1_seed_042.pdb,82.2878417266187,50.747600000000006,17.144722,6.7447634,9.864750957489013,11,1
/fs/ess/PAA0203/xing244/AF_ClaSeq/results_NC_revision/ABL1/m_fold_random/01_m_fold_sampling/round_1/01_sampling/sampling_5/group_3_unrelaxed_rank_001_alphafold2_ptm_model_1_seed_042.pdb,84.67999999999999,78.25680000000001,17.090017,6.176374,9.450466966629028,11,1
/fs/ess/PAA0203/xing244/AF_ClaSeq/results_NC_revision/ABL1/m_fold_random/01_m_fold_sampling/round_1/01_sampling/sampling_5/group_34_unrelaxed_rank_001_alphafold2_ptm_model_1_seed_042.pdb,83.27888489208632,54.51119999999999,17.187527,6.6202564,9.790437507629393,11,1
/fs/ess/PAA0203/xing244/AF_ClaSeq/results_NC_revision/ABL1/m_fold_random/01_m_fold_sampling/round_1/01_sampling/sampling_5/group_9_unrelaxed_rank_001_alphafold2_ptm_model_1_seed_042.pdb,83.91000000000001,69.3916,17.060698,6.475528,9.651078701019287,11,1
/fs/ess/PAA0203/xing244/AF_ClaSeq/results_NC_revision/ABL1/m_fold_random/01_m_fold_sampling/round_1/01_sampling/sampling_5/group_47_unrelaxed_rank_001_alphafold2_ptm_model_1_seed_042.pdb,82.18158273381295,58.7472,17.620796,7.032896,10.209266090393065,11,1
/fs/ess/PAA0203/xing244/AF_ClaSeq/results_NC_revision/ABL1/m_fold_random/01_m_fold_sampling/round_1/01_sampling/sampling_5/group_35_unrelaxed_rank_001_alphafold2_ptm_model_1_seed_042.pdb,85.713345323741,64.0532,17.388798,6.2499323,9.591591930389404,11,1
/fs/ess/PAA0203/xing244/AF_ClaSeq/results_NC_revision/ABL1/m_fold_random/01_m_fold_sampling/round_1/01_sampling/sampling_5/group_24_unrelaxed_rank_001_alphafold2_ptm_model_1_seed_042.pdb,86.03604316546765,69.82600000000001,17.389297,6.2952623,9.623472881317138,11,1
/fs/ess/PAA0203/xing244/AF_ClaSeq/results_NC_revision/ABL1/m_fold_random/01_m_fold_sampling/round_1/01_sampling/sampling_5/group_40_unrelaxed_rank_001_alphafold2_ptm_model_1_seed_042.pdb,85.99881294964028,80.274,17.531248,6.3822513,9.726950311660765,11,1
/fs/ess/PAA0203/xing244/AF_ClaSeq/results_NC_revision/ABL1/m_fold_random/01_m_fold_sampling/round_1/01_sampling/sampling_5/group_1_unrelaxed_rank_001_alphafold2_ptm_model_1_seed_042.pdb,85.2881654676259,70.7436,17.481667,6.346726,9.687208127975463,11,1
/fs/ess/PAA0203/xing244/AF_ClaSeq/results_NC_revision/ABL1/m_fold_random/01_m_fold_sampling/round_1/01_sampling/sampling_5/group_30_unrelaxed_rank_001_alphafold2_ptm_model_1_seed_042.pdb,85.06089928057554,66.4592,17.06669,6.8539085,9.917743110656737,11,1
/fs/ess/PAA0203/xing244/AF_ClaSeq/results_NC_revision/ABL1/m_fold_random/01_m_fold_sampling/round_1/01_sampling/sampling_5/group_26_unrelaxed_rank_001_alphafold2_ptm_model_1_seed_042.pdb,85.28312949640288,72.03479999999999,17.286705,6.3455677,9.627908897399902,11,1
/fs/ess/PAA0203/xing244/AF_ClaSeq/results_NC_revision/ABL1/m_fold_random/01_m_fold_sampling/round_1/01_sampling/sampling_5/group_39_unrelaxed_rank_001_alphafold2_ptm_model_1_seed_042.pdb,83.91244604316547,60.110400000000006,17.267178,6.874898,9.992581844329834,11,1
/fs/ess/PAA0203/xing244/AF_ClaSeq/results_NC_revision/ABL1/m_fold_random/01_m_fold_sampling/round_1/01_sampling/sampling_5/group_11_unrelaxed_rank_001_alphafold2_ptm_model_1_seed_042.pdb,83.29705035971223,48.0984,5.520348,8.28661,7.456731176376342,11,1
/fs/ess/PAA0203/xing244/AF_ClaSeq/results_NC_revision/ABL1/m_fold_random/01_m_fold_sampling/round_1/01_sampling/sampling_5/group_49_unrelaxed_rank_001_alphafold2_ptm_model_1_seed_042.pdb,87.105,65.66239999999999,17.206448,6.4048495,9.645328950881957,12,1
/fs/ess/PAA0203/xing244/AF_ClaSeq/results_NC_revision/ABL1/m_fold_random/01_m_fold_sampling/round_1/01_sampling/sampling_5/group_45_unrelaxed_rank_001_alphafold2_ptm_model_1_seed_042.pdb,79.6239928057554,39.763999999999996,16.941689,6.8270874,9.86146774291992,11,1
/fs/ess/PAA0203/xing244/AF_ClaSeq/results_NC_revision/ABL1/m_fold_random/01_m_fold_sampling/round_1/01_sampling/sampling_5/group_2_unrelaxed_rank_001_alphafold2_ptm_model_1_seed_042.pdb,87.39946043165466,81.0804,17.450699,6.415952,9.726376199722289,11,1
/fs/ess/PAA0203/xing244/AF_ClaSeq/results_NC_revision/ABL1/m_fold_random/01_m_fold_sampling/round_1/01_sampling/sampling_5/group_36_unrelaxed_rank_001_alphafold2_ptm_model_1_seed_042.pdb,81.55640287769785,65.0352,17.370659,6.2338786,9.574912691116332,11,1
/fs/ess/PAA0203/xing244/AF_ClaSeq/results_NC_revision/ABL1/m_fold_random/01_m_fold_sampling/round_1/01_sampling/sampling_19/group_20_unrelaxed_rank_001_alphafold2_ptm_model_1_seed_042.pdb,84.6974820143885,58.5452,17.703232,6.591071,9.924719333648682,11,1
/fs/ess/PAA0203/xing244/AF_ClaSeq/results_NC_revision/ABL1/m_fold_random/01_m_fold_sampling/round_1/01_sampling/sampling_19/group_44_unrelaxed_rank_001_alphafold2_ptm_model_1_seed_042.pdb,86.3698561151079,67.1144,17.261263,6.417383,9.670547103881836,11,1
/fs/ess/PAA0203/xing244/AF_ClaSeq/results_NC_revision/ABL1/m_fold_random/01_m_fold_sampling/round_1/01_sampling/sampling_19/group_16_unrelaxed_rank_001_alphafold2_ptm_model_1_seed_042.pdb,83.62122302158272,64.2972,17.049807,6.2453566,9.48669157028198,11,1
/fs/ess/PAA0203/xing244/AF_ClaSeq/results_NC_revision/ABL1/m_fold_random/01_m_fold_sampling/round_1/01_sampling/sampling_19/group_8_unrelaxed_rank_001_alphafold2_ptm_model_1_seed_042.pdb,85.22061151079137,66.3844,17.334263,6.5800843,9.806337881088256,11,1
/fs/ess/PAA0203/xing244/AF_ClaSeq/results_NC_revision/ABL1/m_fold_random/01_m_fold_sampling/round_1/01_sampling/sampling_19/group_48_unrelaxed_rank_001_alphafold2_ptm_model_1_seed_042.pdb,86.41251798561152,78.166,17.247795,6.25785,9.55483365058899,11,1
/fs/ess/PAA0203/xing244/AF_ClaSeq/results_NC_revision/ABL1/m_fold_random/01_m_fold_sampling/round_1/01_sampling/sampling_19/group_6_unrelaxed_rank_001_alphafold2_ptm_model_1_seed_042.pdb,87.95021582733813,83.5552,17.392418,6.2487164,9.591826820373534,11,1
/fs/ess/PAA0203/xing244/AF_ClaSeq/results_NC_revision/ABL1/m_fold_random/01_m_fold_sampling/round_1/01_sampling/sampling_19/group_19_unrelaxed_rank_001_alphafold2_ptm_model_1_seed_042.pdb,83.11338129496401,57.69520000000001,17.078484,6.3945675,9.599742317199706,11,1
/fs/ess/PAA0203/xing244/AF_ClaSeq/results_NC_revision/ABL1/m_fold_random/01_m_fold_sampling/round_1/01_sampling/sampling_19/group_13_unrelaxed_rank_001_alphafold2_ptm_model_1_seed_042.pdb,86.3889928057554,64.5072,17.277924,6.446749,9.696101522445678,11,1
/fs/ess/PAA0203/xing244/AF_ClaSeq/results_NC_revision/ABL1/m_fold_random/01_m_fold_sampling/round_1/01_sampling/sampling_19/group_28_unrelaxed_rank_001_alphafold2_ptm_model_1_seed_042.pdb,88.09460431654676,85.80760000000001,17.43354,6.2656837,9.616040658950805,11,1
/fs/ess/PAA0203/xing244/AF_ClaSeq/results_NC_revision/ABL1/m_fold_random/01_m_fold_sampling/round_1/01_sampling/sampling_19/group_32_unrelaxed_rank_001_alphafold2_ptm_model_1_seed_042.pdb,86.10194244604317,76.2736,17.170492,6.166443,9.467657661437988,11,1
/fs/ess/PAA0203/xing244/AF_ClaSeq/results_NC_revision/ABL1/m_fold_random/01_m_fold_sampling/round_1/01_sampling/sampling_19/group_22_unrelaxed_rank_001_alphafold2_ptm_model_1_seed_042.pdb,84.555035971223,60.2696,16.513557,7.2878437,10.055557823181152,11,1
/fs/ess/PAA0203/xing244/AF_ClaSeq/results_NC_revision/ABL1/m_fold_random/01_m_fold_sampling/round_1/01_sampling/sampling_19/group_7_unrelaxed_rank_001_alphafold2_ptm_model_1_seed_042.pdb,82.411654676259,50.7068,17.515823,6.768959,9.993018341064452,11,1
/fs/ess/PAA0203/xing244/AF_ClaSeq/results_NC_revision/ABL1/m_fold_random/01_m_fold_sampling/round_1/01_sampling/sampling_19/group_21_unrelaxed_rank_001_alphafold2_ptm_model_1_seed_042.pdb,83.50784172661871,65.08160000000001,17.19581,6.321995,9.584139442443847,11,1
/fs/ess/PAA0203/xing244/AF_ClaSeq/results_NC_revision/ABL1/m_fold_random/01_m_fold_sampling/round_1/01_sampling/sampling_19/group_41_unrelaxed_rank_001_alphafold2_ptm_model_1_seed_042.pdb,87.06179856115108,75.7748,17.345627,6.31763,9.62602891921997,11,1
/fs/ess/PAA0203/xing244/AF_ClaSeq/results_NC_revision/ABL1/m_fold_random/01_m_fold_sampling/round_1/01_sampling/sampling_19/group_31_unrelaxed_rank_001_alphafold2_ptm_model_1_seed_042.pdb,86.9494964028777,83.27960000000002,17.347704,6.312227,9.62286992073059,11,1
/fs/ess/PAA0203/xing244/AF_ClaSeq/results_NC_revision/ABL1/m_fold_random/01_m_fold_sampling/round_1/01_sampling/sampling_19/group_46_unrelaxed_rank_001_alphafold2_ptm_model_1_seed_042.pdb,79.02179856115107,46.144,13.35829,8.000174,9.607608413696289,11,1
/fs/ess/PAA0203/xing244/AF_ClaSeq/results_NC_revision/ABL1/m_fold_random/01_m_fold_sampling/round_1/01_sampling/sampling_19/group_17_unrelaxed_rank_001_alphafold2_ptm_model_1_seed_042.pdb,81.38503597122302,59.6304,17.055878,5.7830124,9.164871978759766,11,1
/fs/ess/PAA0203/xing244/AF_ClaSeq/results_NC_revision/ABL1/m_fold_random/01_m_fold_sampling/round_1/01_sampling/sampling_19/group_14_unrelaxed_rank_001_alphafold2_ptm_model_1_seed_042.pdb,83.5478417266187,67.9904,17.549479,6.4641423,9.789743185043335,11,1
/fs/ess/PAA0203/xing244/AF_ClaSeq/results_NC_revision/ABL1/m_fold_random/01_m_fold_sampling/round_1/01_sampling/sampling_19/group_4_unrelaxed_rank_001_alphafold2_ptm_model_1_seed_042.pdb,84.28179856115106,72.62559999999999,17.095753,6.188229,9.46048617362976,11,1
/fs/ess/PAA0203/xing244/AF_ClaSeq/results_NC_revision/ABL1/m_fold_random/01_m_fold_sampling/round_1/01_sampling/sampling_19/group_12_unrelaxed_rank_001_alphafold2_ptm_model_1_seed_042.pdb,89.17931654676258,85.06279999999998,17.703169,6.425094,9.808516550064086,11,1
/fs/ess/PAA0203/xing244/AF_ClaSeq/results_NC_revision/ABL1/m_fold_random/01_m_fold_sampling/round_1/01_sampling/sampling_19/group_38_unrelaxed_rank_001_alphafold2_ptm_model_1_seed_042.pdb,81.21503597122302,60.1264,17.009233,3.2084022,7.348651552200318,11,1
/fs/ess/PAA0203/xing244/AF_ClaSeq/results_NC_revision/ABL1/m_fold_random/01_m_fold_sampling/round_1/01_sampling/sampling_19/group_15_unrelaxed_rank_001_alphafold2_ptm_model_1_seed_042.pdb,86.1121582733813,70.65719999999999,17.30909,6.3630986,9.646895933151246,11,1
/fs/ess/PAA0203/xing244/AF_ClaSeq/results_NC_revision/ABL1/m_fold_random/01_m_fold_sampling/round_1/01_sampling/sampling_19/group_23_unrelaxed_rank_001_alphafold2_ptm_model_1_seed_042.pdb,88.42061151079137,83.6772,17.346264,6.4064574,9.688399362564088,11,1
/fs/ess/PAA0203/xing244/AF_ClaSeq/results_NC_revision/ABL1/m_fold_random/01_m_fold_sampling/round_1/01_sampling/sampling_19/group_5_unrelaxed_rank_001_alphafold2_ptm_model_1_seed_042.pdb,80.97413669064747,52.144800000000004,17.062834,6.176942,9.44270944595337,11,1
/fs/ess/PAA0203/xing244/AF_ClaSeq/results_NC_revision/ABL1/m_fold_random/01_m_fold_sampling/round_1/01_sampling/sampling_19/group_33_unrelaxed_rank_001_alphafold2_ptm_model_1_seed_042.pdb,82.82539568345324,61.107200000000006,17.513489,6.683125,9.932234144210815,11,1
/fs/ess/PAA0203/xing244/AF_ClaSeq/results_NC_revision/ABL1/m_fold_random/01_m_fold_sampling/round_1/01_sampling/sampling_19/group_27_unrelaxed_rank_001_alphafold2_ptm_model_1_seed_042.pdb,85.98640287769784,67.9484,17.101532,6.544269,9.711447954177856,11,1
/fs/ess/PAA0203/xing244/AF_ClaSeq/results_NC_revision/ABL1/m_fold_random/01_m_fold_sampling/round_1/01_sampling/sampling_19/group_42_unrelaxed_rank_001_alphafold2_ptm_model_1_seed_042.pdb,81.09176258992805,51.843599999999995,17.379456,6.609078,9.840191221237182,11,1
/fs/ess/PAA0203/xing244/AF_ClaSeq/results_NC_revision/ABL1/m_fold_random/01_m_fold_sampling/round_1/01_sampling/sampling_19/group_10_unrelaxed_rank_001_alphafold2_ptm_model_1_seed_042.pdb,83.8586690647482,54.71639999999999,16.27777,3.6574173,7.4435228347778315,11,1
/fs/ess/PAA0203/xing244/AF_ClaSeq/results_NC_revision/ABL1/m_fold_random/01_m_fold_sampling/round_1/01_sampling/sampling_19/group_37_unrelaxed_rank_001_alphafold2_ptm_model_1_seed_042.pdb,81.6518345323741,49.94720000000001,18.396755,7.0013847,10.419995880126953,11,1
/fs/ess/PAA0203/xing244/AF_ClaSeq/results_NC_revision/ABL1/m_fold_random/01_m_fold_sampling/round_1/01_sampling/sampling_19/group_29_unrelaxed_rank_001_alphafold2_ptm_model_1_seed_042.pdb,84.86625899280575,73.2584,16.83095,6.247147,9.422287893295287,11,1
/fs/ess/PAA0203/xing244/AF_ClaSeq/results_NC_revision/ABL1/m_fold_random/01_m_fold_sampling/round_1/01_sampling/sampling_19/group_18_unrelaxed_rank_001_alphafold2_ptm_model_1_seed_042.pdb,84.9439928057554,58.6308,17.052147,6.4250264,9.613162565231322,11,1
/fs/ess/PAA0203/xing244/AF_ClaSeq/results_NC_revision/ABL1/m_fold_random/01_m_fold_sampling/round_1/01_sampling/sampling_19/group_43_unrelaxed_rank_001_alphafold2_ptm_model_1_seed_042.pdb,84.87744604316546,68.3668,17.054914,6.219841,9.470363044738768,11,1
/fs/ess/PAA0203/xing244/AF_ClaSeq/results_NC_revision/ABL1/m_fold_random/01_m_fold_sampling/round_1/01_sampling/sampling_19/group_25_unrelaxed_rank_001_alphafold2_ptm_model_1_seed_042.pdb,67.9996762589928,47.4428,16.79909,5.0752416,8.59239592552185,11,1
/fs/ess/PAA0203/xing244/AF_ClaSeq/results_NC_revision/ABL1/m_fold_random/01_m_fold_sampling/round_1/01_sampling/sampling_19/group_3_unrelaxed_rank_001_alphafold2_ptm_model_1_seed_042.pdb,82.08129496402877,63.7464,17.159912,6.3384123,9.584862232208252,11,1
/fs/ess/PAA0203/xing244/AF_ClaSeq/results_NC_revision/ABL1/m_fold_random/01_m_fold_sampling/round_1/01_sampling/sampling_19/group_34_unrelaxed_rank_001_alphafold2_ptm_model_1_seed_042.pdb,87.28683453237409,87.03960000000001,17.467524,6.3671536,9.697264623641967,11,1
/fs/ess/PAA0203/xing244/AF_ClaSeq/results_NC_revision/ABL1/m_fold_random/01_m_fold_sampling/round_1/01_sampling/sampling_19/group_9_unrelaxed_rank_001_alphafold2_ptm_model_1_seed_042.pdb,85.23935251798561,70.5044,17.267204,6.542256,9.759740400314332,11,1
/fs/ess/PAA0203/xing244/AF_ClaSeq/results_NC_revision/ABL1/m_fold_random/01_m_fold_sampling/round_1/01_sampling/sampling_19/group_47_unrelaxed_rank_001_alphafold2_ptm_model_1_seed_042.pdb,85.50053956834533,70.8976,17.237217,6.2482963,9.544972467422484,11,1
/fs/ess/PAA0203/xing244/AF_ClaSeq/results_NC_revision/ABL1/m_fold_random/01_m_fold_sampling/round_1/01_sampling/sampling_19/group_35_unrelaxed_rank_001_alphafold2_ptm_model_1_seed_042.pdb,83.9121582733813,61.203199999999995,16.571857,7.1830053,9.999660968780518,11,1
/fs/ess/PAA0203/xing244/AF_ClaSeq/results_NC_revision/ABL1/m_fold_random/01_m_fold_sampling/round_1/01_sampling/sampling_19/group_24_unrelaxed_rank_001_alphafold2_ptm_model_1_seed_042.pdb,83.48773381294964,56.83200000000001,17.167055,6.425401,9.647897386550902,11,1
/fs/ess/PAA0203/xing244/AF_ClaSeq/results_NC_revision/ABL1/m_fold_random/01_m_fold_sampling/round_1/01_sampling/sampling_19/group_40_unrelaxed_rank_001_alphafold2_ptm_model_1_seed_042.pdb,83.25910071942445,50.9048,17.189617,6.5004826,9.707222938537598,11,1
/fs/ess/PAA0203/xing244/AF_ClaSeq/results_NC_revision/ABL1/m_fold_random/01_m_fold_sampling/round_1/01_sampling/sampling_19/group_1_unrelaxed_rank_001_alphafold2_ptm_model_1_seed_042.pdb,85.29773381294964,70.7548,17.468483,6.4406843,9.749023914337158,11,1
/fs/ess/PAA0203/xing244/AF_ClaSeq/results_NC_revision/ABL1/m_fold_random/01_m_fold_sampling/round_1/01_sampling/sampling_19/group_30_unrelaxed_rank_001_alphafold2_ptm_model_1_seed_042.pdb,84.11996402877698,67.3292,17.266958,7.1710076,10.19979281425476,11,1
/fs/ess/PAA0203/xing244/AF_ClaSeq/results_NC_revision/ABL1/m_fold_random/01_m_fold_sampling/round_1/01_sampling/sampling_19/group_26_unrelaxed_rank_001_alphafold2_ptm_model_1_seed_042.pdb,84.25726618705036,64.4612,17.062338,6.210261,9.46588397026062,11,1
/fs/ess/PAA0203/xing244/AF_ClaSeq/results_NC_revision/ABL1/m_fold_random/01_m_fold_sampling/round_1/01_sampling/sampling_19/group_39_unrelaxed_rank_001_alphafold2_ptm_model_1_seed_042.pdb,83.97906474820144,60.1204,16.825111,4.329211,8.077981281280517,11,1
/fs/ess/PAA0203/xing244/AF_ClaSeq/results_NC_revision/ABL1/m_fold_random/01_m_fold_sampling/round_1/01_sampling/sampling_19/group_11_unrelaxed_rank_001_alphafold2_ptm_model_1_seed_042.pdb,87.70561151079137,81.3148,17.189404,6.2710295,9.546541690826416,11,1
/fs/ess/PAA0203/xing244/AF_ClaSeq/results_NC_revision/ABL1/m_fold_random/01_m_fold_sampling/round_1/01_sampling/sampling_19/group_49_unrelaxed_rank_001_alphafold2_ptm_model_1_seed_042.pdb,82.5019784172662,54.4972,17.344015,6.4996843,9.752983570098877,12,1
/fs/ess/PAA0203/xing244/AF_ClaSeq/results_NC_revision/ABL1/m_fold_random/01_m_fold_sampling/round_1/01_sampling/sampling_19/group_45_unrelaxed_rank_001_alphafold2_ptm_model_1_seed_042.pdb,84.73758992805756,67.37639999999999,17.218267,6.310429,9.582780599594116,11,1
/fs/ess/PAA0203/xing244/AF_ClaSeq/results_NC_revision/ABL1/m_fold_random/01_m_fold_sampling/round_1/01_sampling/sampling_19/group_2_unrelaxed_rank_001_alphafold2_ptm_model_1_seed_042.pdb,82.31312949640288,48.94559999999999,14.527886,6.845569,9.150264310836791,11,1
/fs/ess/PAA0203/xing244/AF_ClaSeq/results_NC_revision/ABL1/m_fold_random/01_m_fold_sampling/round_1/01_sampling/sampling_19/group_36_unrelaxed_rank_001_alphafold2_ptm_model_1_seed_042.pdb,85.77888489208632,65.6468,17.169544,7.0640025,10.095665025711059,11,1
/fs/ess/PAA0203/xing244/AF_ClaSeq/results_NC_revision/ABL1/m_fold_random/01_m_fold_sampling/round_1/01_sampling/sampling_28/group_20_unrelaxed_rank_001_alphafold2_ptm_model_1_seed_042.pdb,85.68294964028777,69.9208,16.973145,6.316162,9.513256835937499,11,1
/fs/ess/PAA0203/xing244/AF_ClaSeq/results_NC_revision/ABL1/m_fold_random/01_m_fold_sampling/round_1/01_sampling/sampling_28/group_44_unrelaxed_rank_001_alphafold2_ptm_model_1_seed_042.pdb,84.62125899280575,71.6096,16.97112,6.3262105,9.519683599472046,11,1
/fs/ess/PAA0203/xing244/AF_ClaSeq/results_NC_revision/ABL1/m_fold_random/01_m_fold_sampling/round_1/01_sampling/sampling_28/group_16_unrelaxed_rank_001_alphafold2_ptm_model_1_seed_042.pdb,87.3893525179856,81.98280000000001,17.376013,6.3899813,9.685790729522704,11,1
/fs/ess/PAA0203/xing244/AF_ClaSeq/results_NC_revision/ABL1/m_fold_random/01_m_fold_sampling/round_1/01_sampling/sampling_28/group_8_unrelaxed_rank_001_alphafold2_ptm_model_1_seed_042.pdb,83.52633093525179,68.93480000000001,18.638012,4.329138,8.62180004119873,11,1
/fs/ess/PAA0203/xing244/AF_ClaSeq/results_NC_revision/ABL1/m_fold_random/01_m_fold_sampling/round_1/01_sampling/sampling_28/group_48_unrelaxed_rank_001_alphafold2_ptm_model_1_seed_042.pdb,77.32823741007194,40.7228,9.073518,12.184785,11.251404762268066,11,1
/fs/ess/PAA0203/xing244/AF_ClaSeq/results_NC_revision/ABL1/m_fold_random/01_m_fold_sampling/round_1/01_sampling/sampling_28/group_6_unrelaxed_rank_001_alphafold2_ptm_model_1_seed_042.pdb,84.29075539568346,72.066,17.4652,6.368415,9.69745054244995,11,1
/fs/ess/PAA0203/xing244/AF_ClaSeq/results_NC_revision/ABL1/m_fold_random/01_m_fold_sampling/round_1/01_sampling/sampling_28/group_19_unrelaxed_rank_001_alphafold2_ptm_model_1_seed_042.pdb,83.90107913669065,60.38960000000001,16.974785,3.4135523,7.481922054290771,11,1
/fs/ess/PAA0203/xing244/AF_ClaSeq/results_NC_revision/ABL1/m_fold_random/01_m_fold_sampling/round_1/01_sampling/sampling_28/group_13_unrelaxed_rank_001_alphafold2_ptm_model_1_seed_042.pdb,86.08201438848921,68.2492,16.946625,6.5896697,9.696756219863891,11,1
/fs/ess/PAA0203/xing244/AF_ClaSeq/results_NC_revision/ABL1/m_fold_random/01_m_fold_sampling/round_1/01_sampling/sampling_28/group_28_unrelaxed_rank_001_alphafold2_ptm_model_1_seed_042.pdb,85.06460431654676,58.118,16.852953,6.432825,9.558863449096679,11,1
/fs/ess/PAA0203/xing244/AF_ClaSeq/results_NC_revision/ABL1/m_fold_random/01_m_fold_sampling/round_1/01_sampling/sampling_28/group_32_unrelaxed_rank_001_alphafold2_ptm_model_1_seed_042.pdb,83.27438848920863,61.247600000000006,17.268553,6.420958,9.675236463546753,11,1
/fs/ess/PAA0203/xing244/AF_ClaSeq/results_NC_revision/ABL1/m_fold_random/01_m_fold_sampling/round_1/01_sampling/sampling_28/group_22_unrelaxed_rank_001_alphafold2_ptm_model_1_seed_042.pdb,80.74219424460432,59.0996,17.910166,4.8607206,8.775554180145264,11,1
/fs/ess/PAA0203/xing244/AF_ClaSeq/results_NC_revision/ABL1/m_fold_random/01_m_fold_sampling/round_1/01_sampling/sampling_28/group_7_unrelaxed_rank_001_alphafold2_ptm_model_1_seed_042.pdb,83.36931654676259,58.45,16.869522,3.573256,7.56213583946228,11,1
/fs/ess/PAA0203/xing244/AF_ClaSeq/results_NC_revision/ABL1/m_fold_random/01_m_fold_sampling/round_1/01_sampling/sampling_28/group_21_unrelaxed_rank_001_alphafold2_ptm_model_1_seed_042.pdb,84.00715827338131,60.1808,17.128263,6.5614552,9.731497716903686,11,1
/fs/ess/PAA0203/xing244/AF_ClaSeq/results_NC_revision/ABL1/m_fold_random/01_m_fold_sampling/round_1/01_sampling/sampling_28/group_41_unrelaxed_rank_001_alphafold2_ptm_model_1_seed_042.pdb,81.91924460431655,58.048399999999994,16.934053,4.4599586,8.202187013626098,11,1
/fs/ess/PAA0203/xing244/AF_ClaSeq/results_NC_revision/ABL1/m_fold_random/01_m_fold_sampling/round_1/01_sampling/sampling_28/group_31_unrelaxed_rank_001_alphafold2_ptm_model_1_seed_042.pdb,82.7846762589928,74.8,17.568447,6.665786,9.936584186553954,11,1
/fs/ess/PAA0203/xing244/AF_ClaSeq/results_NC_revision/ABL1/m_fold_random/01_m_fold_sampling/round_1/01_sampling/sampling_28/group_46_unrelaxed_rank_001_alphafold2_ptm_model_1_seed_042.pdb,83.12255395683454,63.92240000000001,17.692877,6.624669,9.945131397247314,11,1
/fs/ess/PAA0203/xing244/AF_ClaSeq/results_NC_revision/ABL1/m_fold_random/01_m_fold_sampling/round_1/01_sampling/sampling_28/group_17_unrelaxed_rank_001_alphafold2_ptm_model_1_seed_042.pdb,85.07460431654675,63.7488,17.284327,7.081217,10.142149734497071,11,1
/fs/ess/PAA0203/xing244/AF_ClaSeq/results_NC_revision/ABL1/m_fold_random/01_m_fold_sampling/round_1/01_sampling/sampling_28/group_14_unrelaxed_rank_001_alphafold2_ptm_model_1_seed_042.pdb,87.00949640287772,64.7396,17.4705,6.321169,9.665968513488767,11,1
/fs/ess/PAA0203/xing244/AF_ClaSeq/results_NC_revision/ABL1/m_fold_random/01_m_fold_sampling/round_1/01_sampling/sampling_28/group_4_unrelaxed_rank_001_alphafold2_ptm_model_1_seed_042.pdb,84.57978417266187,68.4576,17.131498,6.3190722,9.562800073623656,11,1
/fs/ess/PAA0203/xing244/AF_ClaSeq/results_NC_revision/ABL1/m_fold_random/01_m_fold_sampling/round_1/01_sampling/sampling_28/group_12_unrelaxed_rank_001_alphafold2_ptm_model_1_seed_042.pdb,81.65863309352517,50.4092,16.70773,6.464735,9.537633323669432,11,1
/fs/ess/PAA0203/xing244/AF_ClaSeq/results_NC_revision/ABL1/m_fold_random/01_m_fold_sampling/round_1/01_sampling/sampling_28/group_38_unrelaxed_rank_001_alphafold2_ptm_model_1_seed_042.pdb,80.67848920863311,44.7932,16.561607,3.027291,7.0875859498977665,11,1
/fs/ess/PAA0203/xing244/AF_ClaSeq/results_NC_revision/ABL1/m_fold_random/01_m_fold_sampling/round_1/01_sampling/sampling_28/group_15_unrelaxed_rank_001_alphafold2_ptm_model_1_seed_042.pdb,86.14190647482015,73.1428,17.179012,6.4371142,9.659683656692504,11,1
/fs/ess/PAA0203/xing244/AF_ClaSeq/results_NC_revision/ABL1/m_fold_random/01_m_fold_sampling/round_1/01_sampling/sampling_28/group_23_unrelaxed_rank_001_alphafold2_ptm_model_1_seed_042.pdb,83.57597122302158,56.966800000000006,12.878847,7.2615075,8.946709394454956,11,1
/fs/ess/PAA0203/xing244/AF_ClaSeq/results_NC_revision/ABL1/m_fold_random/01_m_fold_sampling/round_1/01_sampling/sampling_28/group_5_unrelaxed_rank_001_alphafold2_ptm_model_1_seed_042.pdb,87.23345323741007,84.56280000000001,17.484705,6.4865956,9.786028432846068,11,1
/fs/ess/PAA0203/xing244/AF_ClaSeq/results_NC_revision/ABL1/m_fold_random/01_m_fold_sampling/round_1/01_sampling/sampling_28/group_33_unrelaxed_rank_001_alphafold2_ptm_model_1_seed_042.pdb,85.16338129496403,63.7892,16.977686,6.7641387,9.828202867507933,11,1
/fs/ess/PAA0203/xing244/AF_ClaSeq/results_NC_revision/ABL1/m_fold_random/01_m_fold_sampling/round_1/01_sampling/sampling_28/group_27_unrelaxed_rank_001_alphafold2_ptm_model_1_seed_042.pdb,85.82658273381296,77.25280000000001,17.246334,6.3199205,9.59784460067749,11,1
/fs/ess/PAA0203/xing244/AF_ClaSeq/results_NC_revision/ABL1/m_fold_random/01_m_fold_sampling/round_1/01_sampling/sampling_28/group_42_unrelaxed_rank_001_alphafold2_ptm_model_1_seed_042.pdb,86.4776618705036,69.1416,16.995985,6.336942,9.534655046463012,11,1
/fs/ess/PAA0203/xing244/AF_ClaSeq/results_NC_revision/ABL1/m_fold_random/01_m_fold_sampling/round_1/01_sampling/sampling_28/group_10_unrelaxed_rank_001_alphafold2_ptm_model_1_seed_042.pdb,86.11870503597122,78.12199999999999,17.446365,6.474333,9.765942573547363,11,1
/fs/ess/PAA0203/xing244/AF_ClaSeq/results_NC_revision/ABL1/m_fold_random/01_m_fold_sampling/round_1/01_sampling/sampling_28/group_37_unrelaxed_rank_001_alphafold2_ptm_model_1_seed_042.pdb,86.2411510791367,66.8488,17.103338,6.303247,9.543274354934692,11,1
/fs/ess/PAA0203/xing244/AF_ClaSeq/results_NC_revision/ABL1/m_fold_random/01_m_fold_sampling/round_1/01_sampling/sampling_28/group_29_unrelaxed_rank_001_alphafold2_ptm_model_1_seed_042.pdb,84.63046762589927,59.30199999999999,17.52225,6.500583,9.807082986831665,11,1
/fs/ess/PAA0203/xing244/AF_ClaSeq/results_NC_revision/ABL1/m_fold_random/01_m_fold_sampling/round_1/01_sampling/sampling_28/group_18_unrelaxed_rank_001_alphafold2_ptm_model_1_seed_042.pdb,87.69298561151079,82.64959999999999,17.405098,6.56171,9.814726305007934,11,1
/fs/ess/PAA0203/xing244/AF_ClaSeq/results_NC_revision/ABL1/m_fold_random/01_m_fold_sampling/round_1/01_sampling/sampling_28/group_43_unrelaxed_rank_001_alphafold2_ptm_model_1_seed_042.pdb,84.56230215827338,64.1912,17.569767,6.5542884,9.858931970596313,11,1
/fs/ess/PAA0203/xing244/AF_ClaSeq/results_NC_revision/ABL1/m_fold_random/01_m_fold_sampling/round_1/01_sampling/sampling_28/group_25_unrelaxed_rank_001_alphafold2_ptm_model_1_seed_042.pdb,80.80143884892087,68.23679999999999,16.180681,4.4749866,7.986694955825806,11,1
/fs/ess/PAA0203/xing244/AF_ClaSeq/results_NC_revision/ABL1/m_fold_random/01_m_fold_sampling/round_1/01_sampling/sampling_28/group_3_unrelaxed_rank_001_alphafold2_ptm_model_1_seed_042.pdb,84.73406474820143,63.15639999999999,16.717255,6.268205,9.402920007705688,11,1
/fs/ess/PAA0203/xing244/AF_ClaSeq/results_NC_revision/ABL1/m_fold_random/01_m_fold_sampling/round_1/01_sampling/sampling_28/group_34_unrelaxed_rank_001_alphafold2_ptm_model_1_seed_042.pdb,86.03478417266186,78.508,17.453218,6.594677,9.852239418029786,11,1
/fs/ess/PAA0203/xing244/AF_ClaSeq/results_NC_revision/ABL1/m_fold_random/01_m_fold_sampling/round_1/01_sampling/sampling_28/group_9_unrelaxed_rank_001_alphafold2_ptm_model_1_seed_042.pdb,85.91762589928057,68.1284,17.510584,6.3376613,9.689538049697875,11,1
/fs/ess/PAA0203/xing244/AF_ClaSeq/results_NC_revision/ABL1/m_fold_random/01_m_fold_sampling/round_1/01_sampling/sampling_28/group_47_unrelaxed_rank_001_alphafold2_ptm_model_1_seed_042.pdb,85.0126618705036,74.8868,17.430828,6.262689,9.613130807876587,11,1
/fs/ess/PAA0203/xing244/AF_ClaSeq/results_NC_revision/ABL1/m_fold_random/01_m_fold_sampling/round_1/01_sampling/sampling_28/group_35_unrelaxed_rank_001_alphafold2_ptm_model_1_seed_042.pdb,85.19607913669066,76.53399999999999,17.424168,6.346838,9.670036888122558,11,1
/fs/ess/PAA0203/xing244/AF_ClaSeq/results_NC_revision/ABL1/m_fold_random/01_m_fold_sampling/round_1/01_sampling/sampling_28/group_24_unrelaxed_rank_001_alphafold2_ptm_model_1_seed_042.pdb,88.82712230215827,87.18,17.450918,6.3730683,9.696423292160034,11,1
/fs/ess/PAA0203/xing244/AF_ClaSeq/results_NC_revision/ABL1/m_fold_random/01_m_fold_sampling/round_1/01_sampling/sampling_28/group_40_unrelaxed_rank_001_alphafold2_ptm_model_1_seed_042.pdb,85.41219424460432,75.04520000000001,17.307446,6.233245,9.555505084991454,11,1
/fs/ess/PAA0203/xing244/AF_ClaSeq/results_NC_revision/ABL1/m_fold_random/01_m_fold_sampling/round_1/01_sampling/sampling_28/group_1_unrelaxed_rank_001_alphafold2_ptm_model_1_seed_042.pdb,86.55762589928058,77.89920000000001,17.23672,6.268415,9.558906221389769,11,1
/fs/ess/PAA0203/xing244/AF_ClaSeq/results_NC_revision/ABL1/m_fold_random/01_m_fold_sampling/round_1/01_sampling/sampling_28/group_30_unrelaxed_rank_001_alphafold2_ptm_model_1_seed_042.pdb,85.79643884892086,74.0184,17.032461,3.3963346,7.487172603607178,11,1
/fs/ess/PAA0203/xing244/AF_ClaSeq/results_NC_revision/ABL1/m_fold_random/01_m_fold_sampling/round_1/01_sampling/sampling_28/group_26_unrelaxed_rank_001_alphafold2_ptm_model_1_seed_042.pdb,85.14575539568345,68.0632,15.93143,2.8107018,6.746920251846314,11,1
/fs/ess/PAA0203/xing244/AF_ClaSeq/results_NC_revision/ABL1/m_fold_random/01_m_fold_sampling/round_1/01_sampling/sampling_28/group_39_unrelaxed_rank_001_alphafold2_ptm_model_1_seed_042.pdb,85.37571942446043,69.4528,17.453562,6.316527,9.657637357711792,11,1
/fs/ess/PAA0203/xing244/AF_ClaSeq/results_NC_revision/ABL1/m_fold_random/01_m_fold_sampling/round_1/01_sampling/sampling_28/group_11_unrelaxed_rank_001_alphafold2_ptm_model_1_seed_042.pdb,87.12723021582734,83.29799999999999,17.251896,6.284814,9.574938488006591,11,1
/fs/ess/PAA0203/xing244/AF_ClaSeq/results_NC_revision/ABL1/m_fold_random/01_m_fold_sampling/round_1/01_sampling/sampling_28/group_49_unrelaxed_rank_001_alphafold2_ptm_model_1_seed_042.pdb,82.1035251798561,43.2312,18.38311,6.9377546,10.371361255645752,12,1
/fs/ess/PAA0203/xing244/AF_ClaSeq/results_NC_revision/ABL1/m_fold_random/01_m_fold_sampling/round_1/01_sampling/sampling_28/group_45_unrelaxed_rank_001_alphafold2_ptm_model_1_seed_042.pdb,80.38496402877698,48.892799999999994,15.893786,6.545323,9.349861955642698,11,1
/fs/ess/PAA0203/xing244/AF_ClaSeq/results_NC_revision/ABL1/m_fold_random/01_m_fold_sampling/round_1/01_sampling/sampling_28/group_2_unrelaxed_rank_001_alphafold2_ptm_model_1_seed_042.pdb,84.8621582733813,52.670399999999994,15.32674,6.611982,9.2264093875885,11,1
/fs/ess/PAA0203/xing244/AF_ClaSeq/results_NC_revision/ABL1/m_fold_random/01_m_fold_sampling/round_1/01_sampling/sampling_28/group_36_unrelaxed_rank_001_alphafold2_ptm_model_1_seed_042.pdb,83.24179856115109,58.9304,17.538023,6.284035,9.66023154258728,11,1
/fs/ess/PAA0203/xing244/AF_ClaSeq/results_NC_revision/ABL1/m_fold_random/01_m_fold_sampling/round_1/01_sampling/sampling_15/group_20_unrelaxed_rank_001_alphafold2_ptm_model_1_seed_042.pdb,85.86190647482015,71.7744,17.287527,6.52276,9.75219006538391,11,1
/fs/ess/PAA0203/xing244/AF_ClaSeq/results_NC_revision/ABL1/m_fold_random/01_m_fold_sampling/round_1/01_sampling/sampling_15/group_44_unrelaxed_rank_001_alphafold2_ptm_model_1_seed_042.pdb,81.84327338129496,53.486399999999996,17.848572,6.506317,9.908993530273438,11,1
/fs/ess/PAA0203/xing244/AF_ClaSeq/results_NC_revision/ABL1/m_fold_random/01_m_fold_sampling/round_1/01_sampling/sampling_15/group_16_unrelaxed_rank_001_alphafold2_ptm_model_1_seed_042.pdb,81.12701438848921,47.1188,17.951372,6.4646893,9.910694122314453,11,1
/fs/ess/PAA0203/xing244/AF_ClaSeq/results_NC_revision/ABL1/m_fold_random/01_m_fold_sampling/round_1/01_sampling/sampling_15/group_8_unrelaxed_rank_001_alphafold2_ptm_model_1_seed_042.pdb,85.58467625899281,67.15599999999999,16.819462,6.311246,9.463710689544676,11,1
/fs/ess/PAA0203/xing244/AF_ClaSeq/results_NC_revision/ABL1/m_fold_random/01_m_fold_sampling/round_1/01_sampling/sampling_15/group_48_unrelaxed_rank_001_alphafold2_ptm_model_1_seed_042.pdb,85.00438848920864,62.4184,17.074528,6.323345,9.548699951171875,11,1
/fs/ess/PAA0203/xing244/AF_ClaSeq/results_NC_revision/ABL1/m_fold_random/01_m_fold_sampling/round_1/01_sampling/sampling_15/group_6_unrelaxed_rank_001_alphafold2_ptm_model_1_seed_042.pdb,85.90888489208632,75.1292,17.281189,6.2891846,9.586785888671875,11,1
/fs/ess/PAA0203/xing244/AF_ClaSeq/results_NC_revision/ABL1/m_fold_random/01_m_fold_sampling/round_1/01_sampling/sampling_15/group_19_unrelaxed_rank_001_alphafold2_ptm_model_1_seed_042.pdb,83.89561151079138,67.53,17.329102,6.4042106,9.681677865982056,11,1
/fs/ess/PAA0203/xing244/AF_ClaSeq/results_NC_revision/ABL1/m_fold_random/01_m_fold_sampling/round_1/01_sampling/sampling_15/group_13_unrelaxed_rank_001_alphafold2_ptm_model_1_seed_042.pdb,83.20543165467626,60.3492,17.11634,6.7650433,9.870432472229004,11,1
/fs/ess/PAA0203/xing244/AF_ClaSeq/results_NC_revision/ABL1/m_fold_random/01_m_fold_sampling/round_1/01_sampling/sampling_15/group_28_unrelaxed_rank_001_alphafold2_ptm_model_1_seed_042.pdb,82.38482014388491,70.4592,17.26969,6.525301,9.748617553710936,11,1
/fs/ess/PAA0203/xing244/AF_ClaSeq/results_NC_revision/ABL1/m_fold_random/01_m_fold_sampling/round_1/01_sampling/sampling_15/group_32_unrelaxed_rank_001_alphafold2_ptm_model_1_seed_042.pdb,83.04287769784173,60.577999999999996,17.666142,6.4121304,9.788333702087401,11,1
/fs/ess/PAA0203/xing244/AF_ClaSeq/results_NC_revision/ABL1/m_fold_random/01_m_fold_sampling/round_1/01_sampling/sampling_15/group_22_unrelaxed_rank_001_alphafold2_ptm_model_1_seed_042.pdb,86.1341726618705,73.1444,17.189684,6.3828735,9.624916648864746,11,1
/fs/ess/PAA0203/xing244/AF_ClaSeq/results_NC_revision/ABL1/m_fold_random/01_m_fold_sampling/round_1/01_sampling/sampling_15/group_7_unrelaxed_rank_001_alphafold2_ptm_model_1_seed_042.pdb,81.03464028776978,53.873599999999996,17.071482,6.204112,9.46432294845581,11,1
/fs/ess/PAA0203/xing244/AF_ClaSeq/results_NC_revision/ABL1/m_fold_random/01_m_fold_sampling/round_1/01_sampling/sampling_15/group_21_unrelaxed_rank_001_alphafold2_ptm_model_1_seed_042.pdb,82.66089928057553,58.12,17.33824,6.4707627,9.731005811691283,11,1
/fs/ess/PAA0203/xing244/AF_ClaSeq/results_NC_revision/ABL1/m_fold_random/01_m_fold_sampling/round_1/01_sampling/sampling_15/group_41_unrelaxed_rank_001_alphafold2_ptm_model_1_seed_042.pdb,80.7421942446043,51.127199999999995,17.067162,5.999461,9.31977128982544,11,1
/fs/ess/PAA0203/xing244/AF_ClaSeq/results_NC_revision/ABL1/m_fold_random/01_m_fold_sampling/round_1/01_sampling/sampling_15/group_31_unrelaxed_rank_001_alphafold2_ptm_model_1_seed_042.pdb,84.65179856115107,60.8696,17.161572,6.414614,9.638701391220092,11,1
/fs/ess/PAA0203/xing244/AF_ClaSeq/results_NC_revision/ABL1/m_fold_random/01_m_fold_sampling/round_1/01_sampling/sampling_15/group_46_unrelaxed_rank_001_alphafold2_ptm_model_1_seed_042.pdb,83.80586330935252,66.7316,16.69274,6.5308957,9.579448843002318,11,1
/fs/ess/PAA0203/xing244/AF_ClaSeq/results_NC_revision/ABL1/m_fold_random/01_m_fold_sampling/round_1/01_sampling/sampling_15/group_17_unrelaxed_rank_001_alphafold2_ptm_model_1_seed_042.pdb,86.20348920863309,63.8008,16.096165,3.601572,7.349949836730957,11,1
/fs/ess/PAA0203/xing244/AF_ClaSeq/results_NC_revision/ABL1/m_fold_random/01_m_fold_sampling/round_1/01_sampling/sampling_15/group_14_unrelaxed_rank_001_alphafold2_ptm_model_1_seed_042.pdb,84.21992805755396,65.536,16.915308,6.6202426,9.708762216567994,11,1
/fs/ess/PAA0203/xing244/AF_ClaSeq/results_NC_revision/ABL1/m_fold_random/01_m_fold_sampling/round_1/01_sampling/sampling_15/group_4_unrelaxed_rank_001_alphafold2_ptm_model_1_seed_042.pdb,82.66021582733813,58.8252,17.118868,6.7140284,9.835480213165283,11,1
/fs/ess/PAA0203/xing244/AF_ClaSeq/results_NC_revision/ABL1/m_fold_random/01_m_fold_sampling/round_1/01_sampling/sampling_15/group_12_unrelaxed_rank_001_alphafold2_ptm_model_1_seed_042.pdb,85.70104316546762,79.788,17.441431,6.45577,9.751468324661253,11,1
/fs/ess/PAA0203/xing244/AF_ClaSeq/results_NC_revision/ABL1/m_fold_random/01_m_fold_sampling/round_1/01_sampling/sampling_15/group_38_unrelaxed_rank_001_alphafold2_ptm_model_1_seed_042.pdb,84.7153237410072,64.768,17.29823,6.3448353,9.630853462219237,11,1
/fs/ess/PAA0203/xing244/AF_ClaSeq/results_NC_revision/ABL1/m_fold_random/01_m_fold_sampling/round_1/01_sampling/sampling_15/group_15_unrelaxed_rank_001_alphafold2_ptm_model_1_seed_042.pdb,85.02312949640287,72.2128,16.492218,5.905095,9.08123197555542,11,1
/fs/ess/PAA0203/xing244/AF_ClaSeq/results_NC_revision/ABL1/m_fold_random/01_m_fold_sampling/round_1/01_sampling/sampling_15/group_23_unrelaxed_rank_001_alphafold2_ptm_model_1_seed_042.pdb,85.78046762589928,81.40520000000001,17.28395,6.308508,9.601140785217286,11,1
/fs/ess/PAA0203/xing244/AF_ClaSeq/results_NC_revision/ABL1/m_fold_random/01_m_fold_sampling/round_1/01_sampling/sampling_15/group_5_unrelaxed_rank_001_alphafold2_ptm_model_1_seed_042.pdb,86.11035971223022,68.0196,17.040293,6.4538383,9.62977466583252,11,1
/fs/ess/PAA0203/xing244/AF_ClaSeq/results_NC_revision/ABL1/m_fold_random/01_m_fold_sampling/round_1/01_sampling/sampling_15/group_33_unrelaxed_rank_001_alphafold2_ptm_model_1_seed_042.pdb,83.031654676259,53.565599999999996,17.15526,6.5378275,9.723057270050049,11,1
/fs/ess/PAA0203/xing244/AF_ClaSeq/results_NC_revision/ABL1/m_fold_random/01_m_fold_sampling/round_1/01_sampling/sampling_15/group_27_unrelaxed_rank_001_alphafold2_ptm_model_1_seed_042.pdb,81.6056474820144,52.1928,16.944664,3.8047829,7.746747207641601,11,1
/fs/ess/PAA0203/xing244/AF_ClaSeq/results_NC_revision/ABL1/m_fold_random/01_m_fold_sampling/round_1/01_sampling/sampling_15/group_42_unrelaxed_rank_001_alphafold2_ptm_model_1_seed_042.pdb,83.69338129496404,62.6324,16.62942,2.8998065,7.018690347671509,11,1
/fs/ess/PAA0203/xing244/AF_ClaSeq/results_NC_revision/ABL1/m_fold_random/01_m_fold_sampling/round_1/01_sampling/sampling_15/group_10_unrelaxed_rank_001_alphafold2_ptm_model_1_seed_042.pdb,83.23442446043167,57.27039999999999,14.952868,6.7704787,9.22519564628601,11,1
/fs/ess/PAA0203/xing244/AF_ClaSeq/results_NC_revision/ABL1/m_fold_random/01_m_fold_sampling/round_1/01_sampling/sampling_15/group_37_unrelaxed_rank_001_alphafold2_ptm_model_1_seed_042.pdb,83.49456834532373,60.284400000000005,16.808777,6.1401076,9.340708398818968,11,1
/fs/ess/PAA0203/xing244/AF_ClaSeq/results_NC_revision/ABL1/m_fold_random/01_m_fold_sampling/round_1/01_sampling/sampling_15/group_29_unrelaxed_rank_001_alphafold2_ptm_model_1_seed_042.pdb,87.35158273381295,76.4672,17.29966,6.5082526,9.745674753189085,11,1
/fs/ess/PAA0203/xing244/AF_ClaSeq/results_NC_revision/ABL1/m_fold_random/01_m_fold_sampling/round_1/01_sampling/sampling_15/group_18_unrelaxed_rank_001_alphafold2_ptm_model_1_seed_042.pdb,87.38571942446043,74.0364,17.142431,6.1939497,9.47849416732788,11,1
/fs/ess/PAA0203/xing244/AF_ClaSeq/results_NC_revision/ABL1/m_fold_random/01_m_fold_sampling/round_1/01_sampling/sampling_15/group_43_unrelaxed_rank_001_alphafold2_ptm_model_1_seed_042.pdb,84.1994964028777,62.776799999999994,17.26414,6.2837305,9.577853107452391,11,1
/fs/ess/PAA0203/xing244/AF_ClaSeq/results_NC_revision/ABL1/m_fold_random/01_m_fold_sampling/round_1/01_sampling/sampling_15/group_25_unrelaxed_rank_001_alphafold2_ptm_model_1_seed_042.pdb,87.60392086330936,84.9076,17.25397,6.1691914,9.494624710083006,11,1
/fs/ess/PAA0203/xing244/AF_ClaSeq/results_NC_revision/ABL1/m_fold_random/01_m_fold_sampling/round_1/01_sampling/sampling_15/group_3_unrelaxed_rank_001_alphafold2_ptm_model_1_seed_042.pdb,82.53622302158273,55.857600000000005,17.025637,3.9911423,7.901490592956543,11,1
/fs/ess/PAA0203/xing244/AF_ClaSeq/results_NC_revision/ABL1/m_fold_random/01_m_fold_sampling/round_1/01_sampling/sampling_15/group_34_unrelaxed_rank_001_alphafold2_ptm_model_1_seed_042.pdb,85.8103237410072,84.18119999999999,17.260128,6.28799,9.57963147163391,11,1
/fs/ess/PAA0203/xing244/AF_ClaSeq/results_NC_revision/ABL1/m_fold_random/01_m_fold_sampling/round_1/01_sampling/sampling_15/group_9_unrelaxed_rank_001_alphafold2_ptm_model_1_seed_042.pdb,86.81694244604317,76.4444,17.551964,6.456314,9.785009002685545,11,1
/fs/ess/PAA0203/xing244/AF_ClaSeq/results_NC_revision/ABL1/m_fold_random/01_m_fold_sampling/round_1/01_sampling/sampling_15/group_47_unrelaxed_rank_001_alphafold2_ptm_model_1_seed_042.pdb,86.63370503597122,73.2032,17.306885,6.25303,9.569186305999756,11,1
/fs/ess/PAA0203/xing244/AF_ClaSeq/results_NC_revision/ABL1/m_fold_random/01_m_fold_sampling/round_1/01_sampling/sampling_15/group_35_unrelaxed_rank_001_alphafold2_ptm_model_1_seed_042.pdb,81.96446043165469,53.291599999999995,17.238829,7.0409555,10.100317478179932,11,1
/fs/ess/PAA0203/xing244/AF_ClaSeq/results_NC_revision/ABL1/m_fold_random/01_m_fold_sampling/round_1/01_sampling/sampling_15/group_24_unrelaxed_rank_001_alphafold2_ptm_model_1_seed_042.pdb,83.41089928057553,56.514,17.327864,6.382845,9.666350555419921,11,1
/fs/ess/PAA0203/xing244/AF_ClaSeq/results_NC_revision/ABL1/m_fold_random/01_m_fold_sampling/round_1/01_sampling/sampling_15/group_40_unrelaxed_rank_001_alphafold2_ptm_model_1_seed_042.pdb,84.39719424460431,52.1324,16.710732,6.6311574,9.65502963066101,11,1
/fs/ess/PAA0203/xing244/AF_ClaSeq/results_NC_revision/ABL1/m_fold_random/01_m_fold_sampling/round_1/01_sampling/sampling_15/group_1_unrelaxed_rank_001_alphafold2_ptm_model_1_seed_042.pdb,87.37359712230216,84.8856,17.48278,6.3602204,9.696988439559936,11,1
/fs/ess/PAA0203/xing244/AF_ClaSeq/results_NC_revision/ABL1/m_fold_random/01_m_fold_sampling/round_1/01_sampling/sampling_15/group_30_unrelaxed_rank_001_alphafold2_ptm_model_1_seed_042.pdb,83.61604316546763,61.6684,17.344006,7.0129523,10.112268304824827,11,1
/fs/ess/PAA0203/xing244/AF_ClaSeq/results_NC_revision/ABL1/m_fold_random/01_m_fold_sampling/round_1/01_sampling/sampling_15/group_26_unrelaxed_rank_001_alphafold2_ptm_model_1_seed_042.pdb,83.40021582733813,54.174,16.879536,6.277663,9.458224964141845,11,1
/fs/ess/PAA0203/xing244/AF_ClaSeq/results_NC_revision/ABL1/m_fold_random/01_m_fold_sampling/round_1/01_sampling/sampling_15/group_39_unrelaxed_rank_001_alphafold2_ptm_model_1_seed_042.pdb,84.5451438848921,73.7668,17.093195,6.341119,9.56674165725708,11,1
/fs/ess/PAA0203/xing244/AF_ClaSeq/results_NC_revision/ABL1/m_fold_random/01_m_fold_sampling/round_1/01_sampling/sampling_15/group_11_unrelaxed_rank_001_alphafold2_ptm_model_1_seed_042.pdb,84.83874100719424,71.33840000000001,17.120607,6.304645,9.549433755874633,11,1
/fs/ess/PAA0203/xing244/AF_ClaSeq/results_NC_revision/ABL1/m_fold_random/01_m_fold_sampling/round_1/01_sampling/sampling_15/group_49_unrelaxed_rank_001_alphafold2_ptm_model_1_seed_042.pdb,86.79658273381295,68.2424,17.447952,6.4415593,9.743477201461792,12,1
/fs/ess/PAA0203/xing244/AF_ClaSeq/results_NC_revision/ABL1/m_fold_random/01_m_fold_sampling/round_1/01_sampling/sampling_15/group_45_unrelaxed_rank_001_alphafold2_ptm_model_1_seed_042.pdb,85.41622302158274,72.58359999999999,17.54503,6.4969454,9.811370944976805,11,1
/fs/ess/PAA0203/xing244/AF_ClaSeq/results_NC_revision/ABL1/m_fold_random/01_m_fold_sampling/round_1/01_sampling/sampling_15/group_2_unrelaxed_rank_001_alphafold2_ptm_model_1_seed_042.pdb,83.83946043165467,52.9732,17.232914,6.401801,9.651134967803955,11,1
/fs/ess/PAA0203/xing244/AF_ClaSeq/results_NC_revision/ABL1/m_fold_random/01_m_fold_sampling/round_1/01_sampling/sampling_15/group_36_unrelaxed_rank_001_alphafold2_ptm_model_1_seed_042.pdb,83.16550359712231,62.9708,17.257757,6.3587728,9.628468084335328,11,1
/fs/ess/PAA0203/xing244/AF_ClaSeq/results_NC_revision/ABL1/m_fold_random/01_m_fold_sampling/round_1/01_sampling/sampling_8/group_20_unrelaxed_rank_001_alphafold2_ptm_model_1_seed_042.pdb,86.361690647482,79.9144,17.382238,6.329036,9.644996881484985,11,1
/fs/ess/PAA0203/xing244/AF_ClaSeq/results_NC_revision/ABL1/m_fold_random/01_m_fold_sampling/round_1/01_sampling/sampling_8/group_44_unrelaxed_rank_001_alphafold2_ptm_model_1_seed_042.pdb,83.80902877697842,69.7496,17.380634,6.3348775,9.648604536056517,11,1
/fs/ess/PAA0203/xing244/AF_ClaSeq/results_NC_revision/ABL1/m_fold_random/01_m_fold_sampling/round_1/01_sampling/sampling_8/group_16_unrelaxed_rank_001_alphafold2_ptm_model_1_seed_042.pdb,86.14597122302159,74.43719999999999,17.523619,6.446368,9.769543361663818,11,1
/fs/ess/PAA0203/xing244/AF_ClaSeq/results_NC_revision/ABL1/m_fold_random/01_m_fold_sampling/round_1/01_sampling/sampling_8/group_8_unrelaxed_rank_001_alphafold2_ptm_model_1_seed_042.pdb,86.26467625899281,70.3492,17.300219,6.397353,9.668212795257567,11,1
/fs/ess/PAA0203/xing244/AF_ClaSeq/results_NC_revision/ABL1/m_fold_random/01_m_fold_sampling/round_1/01_sampling/sampling_8/group_48_unrelaxed_rank_001_alphafold2_ptm_model_1_seed_042.pdb,84.02956834532374,65.16239999999999,17.451857,6.3677754,9.692999792098998,11,1
/fs/ess/PAA0203/xing244/AF_ClaSeq/results_NC_revision/ABL1/m_fold_random/01_m_fold_sampling/round_1/01_sampling/sampling_8/group_6_unrelaxed_rank_001_alphafold2_ptm_model_1_seed_042.pdb,84.30381294964029,64.9804,17.195555,6.2012944,9.499572515487671,11,1
/fs/ess/PAA0203/xing244/AF_ClaSeq/results_NC_revision/ABL1/m_fold_random/01_m_fold_sampling/round_1/01_sampling/sampling_8/group_19_unrelaxed_rank_001_alphafold2_ptm_model_1_seed_042.pdb,85.4073381294964,68.1712,17.19768,6.4744673,9.691430950164794,11,1
/fs/ess/PAA0203/xing244/AF_ClaSeq/results_NC_revision/ABL1/m_fold_random/01_m_fold_sampling/round_1/01_sampling/sampling_8/group_13_unrelaxed_rank_001_alphafold2_ptm_model_1_seed_042.pdb,88.20280575539569,82.5376,17.381792,6.4406633,9.723001956939697,11,1
/fs/ess/PAA0203/xing244/AF_ClaSeq/results_NC_revision/ABL1/m_fold_random/01_m_fold_sampling/round_1/01_sampling/sampling_8/group_28_unrelaxed_rank_001_alphafold2_ptm_model_1_seed_042.pdb,84.85460431654677,61.706399999999995,17.110605,6.3140497,9.55301637649536,11,1
/fs/ess/PAA0203/xing244/AF_ClaSeq/results_NC_revision/ABL1/m_fold_random/01_m_fold_sampling/round_1/01_sampling/sampling_8/group_32_unrelaxed_rank_001_alphafold2_ptm_model_1_seed_042.pdb,80.26589928057554,44.442800000000005,17.790394,6.5564475,9.92663140296936,11,1
/fs/ess/PAA0203/xing244/AF_ClaSeq/results_NC_revision/ABL1/m_fold_random/01_m_fold_sampling/round_1/01_sampling/sampling_8/group_22_unrelaxed_rank_001_alphafold2_ptm_model_1_seed_042.pdb,81.29010791366908,51.541199999999996,17.000965,7.09483,10.06667056083679,11,1
/fs/ess/PAA0203/xing244/AF_ClaSeq/results_NC_revision/ABL1/m_fold_random/01_m_fold_sampling/round_1/01_sampling/sampling_8/group_7_unrelaxed_rank_001_alphafold2_ptm_model_1_seed_042.pdb,85.12661870503598,73.766,17.499685,6.3690047,9.708208894729614,11,1
/fs/ess/PAA0203/xing244/AF_ClaSeq/results_NC_revision/ABL1/m_fold_random/01_m_fold_sampling/round_1/01_sampling/sampling_8/group_21_unrelaxed_rank_001_alphafold2_ptm_model_1_seed_042.pdb,85.89665467625899,75.8916,17.712372,6.55879,9.904864692687987,11,1
/fs/ess/PAA0203/xing244/AF_ClaSeq/results_NC_revision/ABL1/m_fold_random/01_m_fold_sampling/round_1/01_sampling/sampling_8/group_41_unrelaxed_rank_001_alphafold2_ptm_model_1_seed_042.pdb,83.87021582733814,63.1576,16.309511,6.252306,9.269467544555663,11,1
/fs/ess/PAA0203/xing244/AF_ClaSeq/results_NC_revision/ABL1/m_fold_random/01_m_fold_sampling/round_1/01_sampling/sampling_8/group_31_unrelaxed_rank_001_alphafold2_ptm_model_1_seed_042.pdb,84.92176258992805,68.1392,17.00137,6.467147,9.627413654327391,11,1
/fs/ess/PAA0203/xing244/AF_ClaSeq/results_NC_revision/ABL1/m_fold_random/01_m_fold_sampling/round_1/01_sampling/sampling_8/group_46_unrelaxed_rank_001_alphafold2_ptm_model_1_seed_042.pdb,83.49874100719424,61.2016,17.137688,6.2202015,9.49544734954834,11,1
/fs/ess/PAA0203/xing244/AF_ClaSeq/results_NC_revision/ABL1/m_fold_random/01_m_fold_sampling/round_1/01_sampling/sampling_8/group_17_unrelaxed_rank_001_alphafold2_ptm_model_1_seed_042.pdb,62.38179856115108,45.065200000000004,17.157803,6.3218436,9.572631311416625,11,1
/fs/ess/PAA0203/xing244/AF_ClaSeq/results_NC_revision/ABL1/m_fold_random/01_m_fold_sampling/round_1/01_sampling/sampling_8/group_14_unrelaxed_rank_001_alphafold2_ptm_model_1_seed_042.pdb,89.73043165467627,87.99799999999999,17.308914,6.3141336,9.612567806243895,11,1
/fs/ess/PAA0203/xing244/AF_ClaSeq/results_NC_revision/ABL1/m_fold_random/01_m_fold_sampling/round_1/01_sampling/sampling_8/group_4_unrelaxed_rank_001_alphafold2_ptm_model_1_seed_042.pdb,86.28712230215827,72.6852,17.36285,6.5564103,9.798342275619506,11,1
/fs/ess/PAA0203/xing244/AF_ClaSeq/results_NC_revision/ABL1/m_fold_random/01_m_fold_sampling/round_1/01_sampling/sampling_8/group_12_unrelaxed_rank_001_alphafold2_ptm_model_1_seed_042.pdb,85.75291366906474,72.0416,17.388521,6.3075852,9.631866025924683,11,1
/fs/ess/PAA0203/xing244/AF_ClaSeq/results_NC_revision/ABL1/m_fold_random/01_m_fold_sampling/round_1/01_sampling/sampling_8/group_38_unrelaxed_rank_001_alphafold2_ptm_model_1_seed_042.pdb,87.31784172661871,81.6252,17.356747,6.299141,9.616422653198242,11,1
/fs/ess/PAA0203/xing244/AF_ClaSeq/results_NC_revision/ABL1/m_fold_random/01_m_fold_sampling/round_1/01_sampling/sampling_8/group_15_unrelaxed_rank_001_alphafold2_ptm_model_1_seed_042.pdb,82.93241007194244,63.7292,16.970154,6.2111225,9.438831901550293,11,1
/fs/ess/PAA0203/xing244/AF_ClaSeq/results_NC_revision/ABL1/m_fold_random/01_m_fold_sampling/round_1/01_sampling/sampling_8/group_23_unrelaxed_rank_001_alphafold2_ptm_model_1_seed_042.pdb,83.62320143884892,53.894400000000005,14.690012,6.533805,8.98066701889038,11,1
/fs/ess/PAA0203/xing244/AF_ClaSeq/results_NC_revision/ABL1/m_fold_random/01_m_fold_sampling/round_1/01_sampling/sampling_8/group_5_unrelaxed_rank_001_alphafold2_ptm_model_1_seed_042.pdb,85.41845323741008,65.5632,17.146603,6.28153,9.541051721572876,11,1
/fs/ess/PAA0203/xing244/AF_ClaSeq/results_NC_revision/ABL1/m_fold_random/01_m_fold_sampling/round_1/01_sampling/sampling_8/group_33_unrelaxed_rank_001_alphafold2_ptm_model_1_seed_042.pdb,83.33758992805755,55.75120000000001,17.140472,6.111886,9.42046194076538,11,1
/fs/ess/PAA0203/xing244/AF_ClaSeq/results_NC_revision/ABL1/m_fold_random/01_m_fold_sampling/round_1/01_sampling/sampling_8/group_27_unrelaxed_rank_001_alphafold2_ptm_model_1_seed_042.pdb,87.58823741007195,80.71440000000001,17.311193,6.243281,9.563654661178589,11,1
/fs/ess/PAA0203/xing244/AF_ClaSeq/results_NC_revision/ABL1/m_fold_random/01_m_fold_sampling/round_1/01_sampling/sampling_8/group_42_unrelaxed_rank_001_alphafold2_ptm_model_1_seed_042.pdb,86.34237410071943,78.12,17.110682,3.6189597,7.666476225852966,11,1
/fs/ess/PAA0203/xing244/AF_ClaSeq/results_NC_revision/ABL1/m_fold_random/01_m_fold_sampling/round_1/01_sampling/sampling_8/group_10_unrelaxed_rank_001_alphafold2_ptm_model_1_seed_042.pdb,83.60589928057553,62.8892,17.457008,6.307619,9.652435874938964,11,1
/fs/ess/PAA0203/xing244/AF_ClaSeq/results_NC_revision/ABL1/m_fold_random/01_m_fold_sampling/round_1/01_sampling/sampling_8/group_37_unrelaxed_rank_001_alphafold2_ptm_model_1_seed_042.pdb,85.54007194244605,65.1896,17.160444,6.3668346,9.604917526245117,11,1
/fs/ess/PAA0203/xing244/AF_ClaSeq/results_NC_revision/ABL1/m_fold_random/01_m_fold_sampling/round_1/01_sampling/sampling_8/group_29_unrelaxed_rank_001_alphafold2_ptm_model_1_seed_042.pdb,79.46489208633093,46.4348,15.371114,7.1463256,9.613762044906615,11,1
/fs/ess/PAA0203/xing244/AF_ClaSeq/results_NC_revision/ABL1/m_fold_random/01_m_fold_sampling/round_1/01_sampling/sampling_8/group_18_unrelaxed_rank_001_alphafold2_ptm_model_1_seed_042.pdb,79.28863309352518,57.30440000000001,16.927702,6.5566797,9.667986392974854,11,1
/fs/ess/PAA0203/xing244/AF_ClaSeq/results_NC_revision/ABL1/m_fold_random/01_m_fold_sampling/round_1/01_sampling/sampling_8/group_43_unrelaxed_rank_001_alphafold2_ptm_model_1_seed_042.pdb,80.01579136690647,61.806799999999996,17.193718,5.9025497,9.28990020751953,11,1
/fs/ess/PAA0203/xing244/AF_ClaSeq/results_NC_revision/ABL1/m_fold_random/01_m_fold_sampling/round_1/01_sampling/sampling_8/group_25_unrelaxed_rank_001_alphafold2_ptm_model_1_seed_042.pdb,84.79582733812948,65.4,18.37955,6.329801,9.944726037979127,11,1
/fs/ess/PAA0203/xing244/AF_ClaSeq/results_NC_revision/ABL1/m_fold_random/01_m_fold_sampling/round_1/01_sampling/sampling_8/group_3_unrelaxed_rank_001_alphafold2_ptm_model_1_seed_042.pdb,83.37064748201439,62.73120000000001,15.8953905,3.707344,7.363757991790772,11,1
/fs/ess/PAA0203/xing244/AF_ClaSeq/results_NC_revision/ABL1/m_fold_random/01_m_fold_sampling/round_1/01_sampling/sampling_8/group_34_unrelaxed_rank_001_alphafold2_ptm_model_1_seed_042.pdb,82.38140287769784,53.9616,17.11888,7.268528,10.22363338470459,11,1
/fs/ess/PAA0203/xing244/AF_ClaSeq/results_NC_revision/ABL1/m_fold_random/01_m_fold_sampling/round_1/01_sampling/sampling_8/group_9_unrelaxed_rank_001_alphafold2_ptm_model_1_seed_042.pdb,88.54323741007194,82.6252,17.611492,6.3852844,9.753146743774412,11,1
/fs/ess/PAA0203/xing244/AF_ClaSeq/results_NC_revision/ABL1/m_fold_random/01_m_fold_sampling/round_1/01_sampling/sampling_8/group_47_unrelaxed_rank_001_alphafold2_ptm_model_1_seed_042.pdb,86.55672661870504,78.4532,17.525171,6.3760386,9.720778369903563,11,1
/fs/ess/PAA0203/xing244/AF_ClaSeq/results_NC_revision/ABL1/m_fold_random/01_m_fold_sampling/round_1/01_sampling/sampling_8/group_35_unrelaxed_rank_001_alphafold2_ptm_model_1_seed_042.pdb,84.82381294964028,67.8696,16.93316,6.4002066,9.560092830657958,11,1
/fs/ess/PAA0203/xing244/AF_ClaSeq/results_NC_revision/ABL1/m_fold_random/01_m_fold_sampling/round_1/01_sampling/sampling_8/group_24_unrelaxed_rank_001_alphafold2_ptm_model_1_seed_042.pdb,85.3843525179856,67.6928,17.229078,6.462864,9.692728233337402,11,1
/fs/ess/PAA0203/xing244/AF_ClaSeq/results_NC_revision/ABL1/m_fold_random/01_m_fold_sampling/round_1/01_sampling/sampling_8/group_40_unrelaxed_rank_001_alphafold2_ptm_model_1_seed_042.pdb,81.83949640287769,56.2376,16.882261,3.64301,7.614785313606262,11,1
/fs/ess/PAA0203/xing244/AF_ClaSeq/results_NC_revision/ABL1/m_fold_random/01_m_fold_sampling/round_1/01_sampling/sampling_8/group_1_unrelaxed_rank_001_alphafold2_ptm_model_1_seed_042.pdb,81.1721582733813,57.680400000000006,17.151905,6.2059617,9.489744710922242,11,1
/fs/ess/PAA0203/xing244/AF_ClaSeq/results_NC_revision/ABL1/m_fold_random/01_m_fold_sampling/round_1/01_sampling/sampling_8/group_30_unrelaxed_rank_001_alphafold2_ptm_model_1_seed_042.pdb,79.96978417266186,41.440799999999996,7.582164,7.682778,7.652593660354614,11,1
/fs/ess/PAA0203/xing244/AF_ClaSeq/results_NC_revision/ABL1/m_fold_random/01_m_fold_sampling/round_1/01_sampling/sampling_8/group_26_unrelaxed_rank_001_alphafold2_ptm_model_1_seed_042.pdb,81.9403597122302,59.31,15.756742,6.079898,8.982950973510743,11,1
/fs/ess/PAA0203/xing244/AF_ClaSeq/results_NC_revision/ABL1/m_fold_random/01_m_fold_sampling/round_1/01_sampling/sampling_8/group_39_unrelaxed_rank_001_alphafold2_ptm_model_1_seed_042.pdb,88.32446043165467,86.2948,17.419512,6.4602747,9.74804582595825,11,1
/fs/ess/PAA0203/xing244/AF_ClaSeq/results_NC_revision/ABL1/m_fold_random/01_m_fold_sampling/round_1/01_sampling/sampling_8/group_11_unrelaxed_rank_001_alphafold2_ptm_model_1_seed_042.pdb,86.11830935251798,73.73559999999999,17.528534,6.4761524,9.791866874694824,11,1
/fs/ess/PAA0203/xing244/AF_ClaSeq/results_NC_revision/ABL1/m_fold_random/01_m_fold_sampling/round_1/01_sampling/sampling_8/group_49_unrelaxed_rank_001_alphafold2_ptm_model_1_seed_042.pdb,86.2401798561151,70.3008,17.005274,6.4288187,9.601755237579345,12,1
/fs/ess/PAA0203/xing244/AF_ClaSeq/results_NC_revision/ABL1/m_fold_random/01_m_fold_sampling/round_1/01_sampling/sampling_8/group_45_unrelaxed_rank_001_alphafold2_ptm_model_1_seed_042.pdb,83.96226618705036,63.1276,16.520752,3.6715703,7.526324796676636,11,1
/fs/ess/PAA0203/xing244/AF_ClaSeq/results_NC_revision/ABL1/m_fold_random/01_m_fold_sampling/round_1/01_sampling/sampling_8/group_2_unrelaxed_rank_001_alphafold2_ptm_model_1_seed_042.pdb,82.03629496402878,56.9112,15.91181,3.3277636,7.102977466583251,11,1
/fs/ess/PAA0203/xing244/AF_ClaSeq/results_NC_revision/ABL1/m_fold_random/01_m_fold_sampling/round_1/01_sampling/sampling_8/group_36_unrelaxed_rank_001_alphafold2_ptm_model_1_seed_042.pdb,85.74071942446042,66.30879999999999,17.115318,6.295922,9.54174075126648,11,1
/fs/ess/PAA0203/xing244/AF_ClaSeq/results_NC_revision/ABL1/m_fold_random/01_m_fold_sampling/round_1/01_sampling/sampling_47/group_20_unrelaxed_rank_001_alphafold2_ptm_model_1_seed_042.pdb,82.95992805755395,52.303599999999996,17.540638,6.5569963,9.852088832855223,11,1
/fs/ess/PAA0203/xing244/AF_ClaSeq/results_NC_revision/ABL1/m_fold_random/01_m_fold_sampling/round_1/01_sampling/sampling_47/group_44_unrelaxed_rank_001_alphafold2_ptm_model_1_seed_042.pdb,83.7426258992806,59.0904,16.982416,6.542739,9.674642086029053,11,1
/fs/ess/PAA0203/xing244/AF_ClaSeq/results_NC_revision/ABL1/m_fold_random/01_m_fold_sampling/round_1/01_sampling/sampling_47/group_16_unrelaxed_rank_001_alphafold2_ptm_model_1_seed_042.pdb,84.44669064748201,69.598,16.74717,6.784871,9.773560619354248,11,1
/fs/ess/PAA0203/xing244/AF_ClaSeq/results_NC_revision/ABL1/m_fold_random/01_m_fold_sampling/round_1/01_sampling/sampling_47/group_8_unrelaxed_rank_001_alphafold2_ptm_model_1_seed_042.pdb,83.9813309352518,64.686,17.144854,6.386869,9.614264345169067,11,1
/fs/ess/PAA0203/xing244/AF_ClaSeq/results_NC_revision/ABL1/m_fold_random/01_m_fold_sampling/round_1/01_sampling/sampling_47/group_48_unrelaxed_rank_001_alphafold2_ptm_model_1_seed_042.pdb,81.61111510791366,53.912,16.423914,6.6692443,9.595645189285278,11,1
/fs/ess/PAA0203/xing244/AF_ClaSeq/results_NC_revision/ABL1/m_fold_random/01_m_fold_sampling/round_1/01_sampling/sampling_47/group_6_unrelaxed_rank_001_alphafold2_ptm_model_1_seed_042.pdb,85.42424460431654,70.7712,16.826893,6.9464116,9.91055598258972,11,1
/fs/ess/PAA0203/xing244/AF_ClaSeq/results_NC_revision/ABL1/m_fold_random/01_m_fold_sampling/round_1/01_sampling/sampling_47/group_19_unrelaxed_rank_001_alphafold2_ptm_model_1_seed_042.pdb,78.01507194244604,43.5052,4.973845,7.0170674,6.404100704193114,11,1
/fs/ess/PAA0203/xing244/AF_ClaSeq/results_NC_revision/ABL1/m_fold_random/01_m_fold_sampling/round_1/01_sampling/sampling_47/group_13_unrelaxed_rank_001_alphafold2_ptm_model_1_seed_042.pdb,83.86010791366907,64.492,17.251928,6.363853,9.63027558326721,11,1
/fs/ess/PAA0203/xing244/AF_ClaSeq/results_NC_revision/ABL1/m_fold_random/01_m_fold_sampling/round_1/01_sampling/sampling_47/group_28_unrelaxed_rank_001_alphafold2_ptm_model_1_seed_042.pdb,83.97701438848921,56.5784,16.996578,6.2698736,9.487884998321533,11,1
/fs/ess/PAA0203/xing244/AF_ClaSeq/results_NC_revision/ABL1/m_fold_random/01_m_fold_sampling/round_1/01_sampling/sampling_47/group_32_unrelaxed_rank_001_alphafold2_ptm_model_1_seed_042.pdb,84.05104316546763,59.935599999999994,15.04219,6.6971383,9.20065369606018,11,1
/fs/ess/PAA0203/xing244/AF_ClaSeq/results_NC_revision/ABL1/m_fold_random/01_m_fold_sampling/round_1/01_sampling/sampling_47/group_22_unrelaxed_rank_001_alphafold2_ptm_model_1_seed_042.pdb,85.31564748201438,66.9624,17.244244,6.21552,9.524137020111084,11,1
/fs/ess/PAA0203/xing244/AF_ClaSeq/results_NC_revision/ABL1/m_fold_random/01_m_fold_sampling/round_1/01_sampling/sampling_47/group_7_unrelaxed_rank_001_alphafold2_ptm_model_1_seed_042.pdb,85.51064748201439,75.42399999999999,17.320543,6.197339,9.534300327301025,11,1
/fs/ess/PAA0203/xing244/AF_ClaSeq/results_NC_revision/ABL1/m_fold_random/01_m_fold_sampling/round_1/01_sampling/sampling_47/group_21_unrelaxed_rank_001_alphafold2_ptm_model_1_seed_042.pdb,80.27676258992805,70.7576,18.862642,7.2809987,10.755491781234742,11,1
/fs/ess/PAA0203/xing244/AF_ClaSeq/results_NC_revision/ABL1/m_fold_random/01_m_fold_sampling/round_1/01_sampling/sampling_47/group_41_unrelaxed_rank_001_alphafold2_ptm_model_1_seed_042.pdb,83.56532374100719,62.35999999999999,17.166344,6.207907,9.495438146591187,11,1
/fs/ess/PAA0203/xing244/AF_ClaSeq/results_NC_revision/ABL1/m_fold_random/01_m_fold_sampling/round_1/01_sampling/sampling_47/group_31_unrelaxed_rank_001_alphafold2_ptm_model_1_seed_042.pdb,88.43330935251798,85.1828,17.435715,6.264033,9.615537405014038,11,1
/fs/ess/PAA0203/xing244/AF_ClaSeq/results_NC_revision/ABL1/m_fold_random/01_m_fold_sampling/round_1/01_sampling/sampling_47/group_46_unrelaxed_rank_001_alphafold2_ptm_model_1_seed_042.pdb,87.14352517985613,70.0272,17.220192,6.3820033,9.633459901809692,11,1
/fs/ess/PAA0203/xing244/AF_ClaSeq/results_NC_revision/ABL1/m_fold_random/01_m_fold_sampling/round_1/01_sampling/sampling_47/group_17_unrelaxed_rank_001_alphafold2_ptm_model_1_seed_042.pdb,83.09104316546762,62.22560000000001,17.250422,6.121417,9.460118389129637,11,1
/fs/ess/PAA0203/xing244/AF_ClaSeq/results_NC_revision/ABL1/m_fold_random/01_m_fold_sampling/round_1/01_sampling/sampling_47/group_14_unrelaxed_rank_001_alphafold2_ptm_model_1_seed_042.pdb,82.72233812949639,60.992799999999995,16.48714,3.3589692,7.297420644760132,11,1
/fs/ess/PAA0203/xing244/AF_ClaSeq/results_NC_revision/ABL1/m_fold_random/01_m_fold_sampling/round_1/01_sampling/sampling_47/group_4_unrelaxed_rank_001_alphafold2_ptm_model_1_seed_042.pdb,84.90507194244604,69.874,17.187963,6.3082685,9.572177028656006,11,1
/fs/ess/PAA0203/xing244/AF_ClaSeq/results_NC_revision/ABL1/m_fold_random/01_m_fold_sampling/round_1/01_sampling/sampling_47/group_12_unrelaxed_rank_001_alphafold2_ptm_model_1_seed_042.pdb,84.50327338129497,58.6292,16.505737,6.5616508,9.544876718521117,11,1
/fs/ess/PAA0203/xing244/AF_ClaSeq/results_NC_revision/ABL1/m_fold_random/01_m_fold_sampling/round_1/01_sampling/sampling_47/group_38_unrelaxed_rank_001_alphafold2_ptm_model_1_seed_042.pdb,86.69938848920863,77.3916,17.194107,6.2624044,9.541915225982665,11,1
/fs/ess/PAA0203/xing244/AF_ClaSeq/results_NC_revision/ABL1/m_fold_random/01_m_fold_sampling/round_1/01_sampling/sampling_47/group_15_unrelaxed_rank_001_alphafold2_ptm_model_1_seed_042.pdb,84.66924460431656,55.32,16.600529,5.7994328,9.039761543273926,11,1
/fs/ess/PAA0203/xing244/AF_ClaSeq/results_NC_revision/ABL1/m_fold_random/01_m_fold_sampling/round_1/01_sampling/sampling_47/group_23_unrelaxed_rank_001_alphafold2_ptm_model_1_seed_042.pdb,83.72615107913668,68.3032,17.182524,6.287566,9.556053447723388,11,1
/fs/ess/PAA0203/xing244/AF_ClaSeq/results_NC_revision/ABL1/m_fold_random/01_m_fold_sampling/round_1/01_sampling/sampling_47/group_5_unrelaxed_rank_001_alphafold2_ptm_model_1_seed_042.pdb,85.67924460431655,67.2076,17.583347,6.463693,9.799589395523071,11,1
/fs/ess/PAA0203/xing244/AF_ClaSeq/results_NC_revision/ABL1/m_fold_random/01_m_fold_sampling/round_1/01_sampling/sampling_47/group_33_unrelaxed_rank_001_alphafold2_ptm_model_1_seed_042.pdb,82.41492805755395,55.458400000000005,17.18928,6.5174055,9.718967723846436,11,1
/fs/ess/PAA0203/xing244/AF_ClaSeq/results_NC_revision/ABL1/m_fold_random/01_m_fold_sampling/round_1/01_sampling/sampling_47/group_27_unrelaxed_rank_001_alphafold2_ptm_model_1_seed_042.pdb,84.99956834532374,66.5964,17.52488,6.4276476,9.756817150115966,11,1
/fs/ess/PAA0203/xing244/AF_ClaSeq/results_NC_revision/ABL1/m_fold_random/01_m_fold_sampling/round_1/01_sampling/sampling_47/group_42_unrelaxed_rank_001_alphafold2_ptm_model_1_seed_042.pdb,82.6244964028777,50.21799999999999,16.708448,6.8150787,9.783089637756348,11,1
/fs/ess/PAA0203/xing244/AF_ClaSeq/results_NC_revision/ABL1/m_fold_random/01_m_fold_sampling/round_1/01_sampling/sampling_47/group_10_unrelaxed_rank_001_alphafold2_ptm_model_1_seed_042.pdb,85.26327338129498,69.53479999999999,17.220634,6.548544,9.750171089172362,11,1
/fs/ess/PAA0203/xing244/AF_ClaSeq/results_NC_revision/ABL1/m_fold_random/01_m_fold_sampling/round_1/01_sampling/sampling_47/group_37_unrelaxed_rank_001_alphafold2_ptm_model_1_seed_042.pdb,87.72906474820144,78.512,17.17441,6.2445984,9.523541831970213,11,1
/fs/ess/PAA0203/xing244/AF_ClaSeq/results_NC_revision/ABL1/m_fold_random/01_m_fold_sampling/round_1/01_sampling/sampling_47/group_29_unrelaxed_rank_001_alphafold2_ptm_model_1_seed_042.pdb,84.55780575539569,65.9876,17.475187,6.4743924,9.774630880355835,11,1
/fs/ess/PAA0203/xing244/AF_ClaSeq/results_NC_revision/ABL1/m_fold_random/01_m_fold_sampling/round_1/01_sampling/sampling_47/group_18_unrelaxed_rank_001_alphafold2_ptm_model_1_seed_042.pdb,86.67888489208633,76.55720000000001,17.227413,6.348529,9.612194156646728,11,1
/fs/ess/PAA0203/xing244/AF_ClaSeq/results_NC_revision/ABL1/m_fold_random/01_m_fold_sampling/round_1/01_sampling/sampling_47/group_43_unrelaxed_rank_001_alphafold2_ptm_model_1_seed_042.pdb,87.17687050359712,81.2512,17.433365,6.5640388,9.824836587905882,11,1
/fs/ess/PAA0203/xing244/AF_ClaSeq/results_NC_revision/ABL1/m_fold_random/01_m_fold_sampling/round_1/01_sampling/sampling_47/group_25_unrelaxed_rank_001_alphafold2_ptm_model_1_seed_042.pdb,84.49154676258993,71.30760000000001,17.12016,6.631456,9.778066873550415,11,1
/fs/ess/PAA0203/xing244/AF_ClaSeq/results_NC_revision/ABL1/m_fold_random/01_m_fold_sampling/round_1/01_sampling/sampling_47/group_3_unrelaxed_rank_001_alphafold2_ptm_model_1_seed_042.pdb,82.70464028776978,62.9652,17.518574,6.4604864,9.777912616729736,11,1
/fs/ess/PAA0203/xing244/AF_ClaSeq/results_NC_revision/ABL1/m_fold_random/01_m_fold_sampling/round_1/01_sampling/sampling_47/group_34_unrelaxed_rank_001_alphafold2_ptm_model_1_seed_042.pdb,86.49611510791368,71.9248,17.164566,6.4455347,9.661244106292724,11,1
/fs/ess/PAA0203/xing244/AF_ClaSeq/results_NC_revision/ABL1/m_fold_random/01_m_fold_sampling/round_1/01_sampling/sampling_47/group_9_unrelaxed_rank_001_alphafold2_ptm_model_1_seed_042.pdb,81.63223021582735,48.23199999999999,17.21684,7.3138046,10.284715461730958,11,1
/fs/ess/PAA0203/xing244/AF_ClaSeq/results_NC_revision/ABL1/m_fold_random/01_m_fold_sampling/round_1/01_sampling/sampling_47/group_47_unrelaxed_rank_001_alphafold2_ptm_model_1_seed_042.pdb,80.08622302158274,47.404799999999994,17.204027,6.3733916,9.622582292556762,11,1
/fs/ess/PAA0203/xing244/AF_ClaSeq/results_NC_revision/ABL1/m_fold_random/01_m_fold_sampling/round_1/01_sampling/sampling_47/group_35_unrelaxed_rank_001_alphafold2_ptm_model_1_seed_042.pdb,86.10525179856116,67.63879999999999,17.236866,6.3618245,9.624336957931519,11,1
/fs/ess/PAA0203/xing244/AF_ClaSeq/results_NC_revision/ABL1/m_fold_random/01_m_fold_sampling/round_1/01_sampling/sampling_47/group_24_unrelaxed_rank_001_alphafold2_ptm_model_1_seed_042.pdb,82.44701438848921,62.5908,17.016153,6.3803425,9.571085739135743,11,1
/fs/ess/PAA0203/xing244/AF_ClaSeq/results_NC_revision/ABL1/m_fold_random/01_m_fold_sampling/round_1/01_sampling/sampling_47/group_40_unrelaxed_rank_001_alphafold2_ptm_model_1_seed_042.pdb,85.83830935251798,76.7708,17.423,6.497706,9.775294256210326,11,1
/fs/ess/PAA0203/xing244/AF_ClaSeq/results_NC_revision/ABL1/m_fold_random/01_m_fold_sampling/round_1/01_sampling/sampling_47/group_1_unrelaxed_rank_001_alphafold2_ptm_model_1_seed_042.pdb,82.33726618705036,54.254799999999996,15.92053,2.5834188,6.58455228805542,11,1
/fs/ess/PAA0203/xing244/AF_ClaSeq/results_NC_revision/ABL1/m_fold_random/01_m_fold_sampling/round_1/01_sampling/sampling_47/group_30_unrelaxed_rank_001_alphafold2_ptm_model_1_seed_042.pdb,84.51712230215828,66.00880000000001,17.27188,7.183695,10.210150146484374,11,1
/fs/ess/PAA0203/xing244/AF_ClaSeq/results_NC_revision/ABL1/m_fold_random/01_m_fold_sampling/round_1/01_sampling/sampling_47/group_26_unrelaxed_rank_001_alphafold2_ptm_model_1_seed_042.pdb,86.09809352517986,76.74,17.318386,6.3734756,9.656948709487914,11,1
/fs/ess/PAA0203/xing244/AF_ClaSeq/results_NC_revision/ABL1/m_fold_random/01_m_fold_sampling/round_1/01_sampling/sampling_47/group_39_unrelaxed_rank_001_alphafold2_ptm_model_1_seed_042.pdb,82.29205035971223,58.795199999999994,17.018044,6.344283,9.546411228179931,11,1
/fs/ess/PAA0203/xing244/AF_ClaSeq/results_NC_revision/ABL1/m_fold_random/01_m_fold_sampling/round_1/01_sampling/sampling_47/group_11_unrelaxed_rank_001_alphafold2_ptm_model_1_seed_042.pdb,81.51593525179857,55.514399999999995,16.211334,6.534286,9.437400484085082,11,1
/fs/ess/PAA0203/xing244/AF_ClaSeq/results_NC_revision/ABL1/m_fold_random/01_m_fold_sampling/round_1/01_sampling/sampling_47/group_49_unrelaxed_rank_001_alphafold2_ptm_model_1_seed_042.pdb,85.05125899280576,68.6568,16.122759,5.951254,9.00270538330078,12,1
/fs/ess/PAA0203/xing244/AF_ClaSeq/results_NC_revision/ABL1/m_fold_random/01_m_fold_sampling/round_1/01_sampling/sampling_47/group_45_unrelaxed_rank_001_alphafold2_ptm_model_1_seed_042.pdb,84.50863309352519,55.2048,17.814234,6.525072,9.911820602416991,11,1
/fs/ess/PAA0203/xing244/AF_ClaSeq/results_NC_revision/ABL1/m_fold_random/01_m_fold_sampling/round_1/01_sampling/sampling_47/group_2_unrelaxed_rank_001_alphafold2_ptm_model_1_seed_042.pdb,82.60262589928057,57.623999999999995,17.311678,3.3500946,7.5385695695877075,11,1
/fs/ess/PAA0203/xing244/AF_ClaSeq/results_NC_revision/ABL1/m_fold_random/01_m_fold_sampling/round_1/01_sampling/sampling_47/group_36_unrelaxed_rank_001_alphafold2_ptm_model_1_seed_042.pdb,83.86402877697842,67.9276,16.939522,6.778066,9.82650284767151,11,1
/fs/ess/PAA0203/xing244/AF_ClaSeq/results_NC_revision/ABL1/m_fold_random/01_m_fold_sampling/round_1/01_sampling/sampling_26/group_20_unrelaxed_rank_001_alphafold2_ptm_model_1_seed_042.pdb,82.85503597122302,58.04560000000001,17.041367,5.287962,8.813983345031737,11,1
/fs/ess/PAA0203/xing244/AF_ClaSeq/results_NC_revision/ABL1/m_fold_random/01_m_fold_sampling/round_1/01_sampling/sampling_26/group_44_unrelaxed_rank_001_alphafold2_ptm_model_1_seed_042.pdb,86.46564748201439,72.86640000000001,17.187916,6.48777,9.697813796997071,11,1
/fs/ess/PAA0203/xing244/AF_ClaSeq/results_NC_revision/ABL1/m_fold_random/01_m_fold_sampling/round_1/01_sampling/sampling_26/group_16_unrelaxed_rank_001_alphafold2_ptm_model_1_seed_042.pdb,79.31507194244602,47.754,13.366108,3.9934087,6.805218458175659,11,1
/fs/ess/PAA0203/xing244/AF_ClaSeq/results_NC_revision/ABL1/m_fold_random/01_m_fold_sampling/round_1/01_sampling/sampling_26/group_8_unrelaxed_rank_001_alphafold2_ptm_model_1_seed_042.pdb,87.19568345323742,80.5968,17.182306,6.3847837,9.624040508270262,11,1
/fs/ess/PAA0203/xing244/AF_ClaSeq/results_NC_revision/ABL1/m_fold_random/01_m_fold_sampling/round_1/01_sampling/sampling_26/group_48_unrelaxed_rank_001_alphafold2_ptm_model_1_seed_042.pdb,80.97104316546763,58.422,16.783367,4.9906697,8.528478956222534,11,1
/fs/ess/PAA0203/xing244/AF_ClaSeq/results_NC_revision/ABL1/m_fold_random/01_m_fold_sampling/round_1/01_sampling/sampling_26/group_6_unrelaxed_rank_001_alphafold2_ptm_model_1_seed_042.pdb,84.17611510791366,62.7496,16.920134,4.8933363,8.501375484466553,11,1
/fs/ess/PAA0203/xing244/AF_ClaSeq/results_NC_revision/ABL1/m_fold_random/01_m_fold_sampling/round_1/01_sampling/sampling_26/group_19_unrelaxed_rank_001_alphafold2_ptm_model_1_seed_042.pdb,85.3665107913669,66.60199999999999,17.608475,4.8234544,8.658960485458374,11,1
/fs/ess/PAA0203/xing244/AF_ClaSeq/results_NC_revision/ABL1/m_fold_random/01_m_fold_sampling/round_1/01_sampling/sampling_26/group_13_unrelaxed_rank_001_alphafold2_ptm_model_1_seed_042.pdb,86.17248201438848,64.7004,17.201092,6.363884,9.615046310424804,11,1
/fs/ess/PAA0203/xing244/AF_ClaSeq/results_NC_revision/ABL1/m_fold_random/01_m_fold_sampling/round_1/01_sampling/sampling_26/group_28_unrelaxed_rank_001_alphafold2_ptm_model_1_seed_042.pdb,82.32068345323742,56.6596,17.001108,2.9260864,7.148592948913574,11,1
/fs/ess/PAA0203/xing244/AF_ClaSeq/results_NC_revision/ABL1/m_fold_random/01_m_fold_sampling/round_1/01_sampling/sampling_26/group_32_unrelaxed_rank_001_alphafold2_ptm_model_1_seed_042.pdb,85.04323741007194,68.668,17.727144,6.5571723,9.908163881301878,11,1
/fs/ess/PAA0203/xing244/AF_ClaSeq/results_NC_revision/ABL1/m_fold_random/01_m_fold_sampling/round_1/01_sampling/sampling_26/group_22_unrelaxed_rank_001_alphafold2_ptm_model_1_seed_042.pdb,81.37910071942446,52.848,16.836966,6.628925,9.691337060928344,11,1
/fs/ess/PAA0203/xing244/AF_ClaSeq/results_NC_revision/ABL1/m_fold_random/01_m_fold_sampling/round_1/01_sampling/sampling_26/group_7_unrelaxed_rank_001_alphafold2_ptm_model_1_seed_042.pdb,82.13212230215828,50.493199999999995,16.86618,6.3861213,9.530139017105101,11,1
/fs/ess/PAA0203/xing244/AF_ClaSeq/results_NC_revision/ABL1/m_fold_random/01_m_fold_sampling/round_1/01_sampling/sampling_26/group_21_unrelaxed_rank_001_alphafold2_ptm_model_1_seed_042.pdb,86.096654676259,76.3748,17.382372,6.257889,9.595233726501464,11,1
/fs/ess/PAA0203/xing244/AF_ClaSeq/results_NC_revision/ABL1/m_fold_random/01_m_fold_sampling/round_1/01_sampling/sampling_26/group_41_unrelaxed_rank_001_alphafold2_ptm_model_1_seed_042.pdb,84.21492805755396,69.11439999999999,16.65811,6.6096215,9.624167966842652,11,1
/fs/ess/PAA0203/xing244/AF_ClaSeq/results_NC_revision/ABL1/m_fold_random/01_m_fold_sampling/round_1/01_sampling/sampling_26/group_31_unrelaxed_rank_001_alphafold2_ptm_model_1_seed_042.pdb,86.3273381294964,73.26,17.177475,6.3596582,9.60500326156616,11,1
/fs/ess/PAA0203/xing244/AF_ClaSeq/results_NC_revision/ABL1/m_fold_random/01_m_fold_sampling/round_1/01_sampling/sampling_26/group_46_unrelaxed_rank_001_alphafold2_ptm_model_1_seed_042.pdb,84.52345323741007,58.62119999999999,17.21645,6.2366204,9.530569219589232,11,1
/fs/ess/PAA0203/xing244/AF_ClaSeq/results_NC_revision/ABL1/m_fold_random/01_m_fold_sampling/round_1/01_sampling/sampling_26/group_17_unrelaxed_rank_001_alphafold2_ptm_model_1_seed_042.pdb,87.20025179856114,77.0936,17.430342,6.3203073,9.653317594528197,11,1
/fs/ess/PAA0203/xing244/AF_ClaSeq/results_NC_revision/ABL1/m_fold_random/01_m_fold_sampling/round_1/01_sampling/sampling_26/group_14_unrelaxed_rank_001_alphafold2_ptm_model_1_seed_042.pdb,88.73309352517987,86.69,17.23624,6.3187833,9.594020414352416,11,1
/fs/ess/PAA0203/xing244/AF_ClaSeq/results_NC_revision/ABL1/m_fold_random/01_m_fold_sampling/round_1/01_sampling/sampling_26/group_4_unrelaxed_rank_001_alphafold2_ptm_model_1_seed_042.pdb,84.08913669064748,62.01559999999999,17.131819,6.3606644,9.592010688781738,11,1
/fs/ess/PAA0203/xing244/AF_ClaSeq/results_NC_revision/ABL1/m_fold_random/01_m_fold_sampling/round_1/01_sampling/sampling_26/group_12_unrelaxed_rank_001_alphafold2_ptm_model_1_seed_042.pdb,85.79492805755395,74.984,17.32185,6.391611,9.67068271636963,11,1
/fs/ess/PAA0203/xing244/AF_ClaSeq/results_NC_revision/ABL1/m_fold_random/01_m_fold_sampling/round_1/01_sampling/sampling_26/group_38_unrelaxed_rank_001_alphafold2_ptm_model_1_seed_042.pdb,84.77417266187051,64.0828,16.608421,6.277735,9.376941061019897,11,1
/fs/ess/PAA0203/xing244/AF_ClaSeq/results_NC_revision/ABL1/m_fold_random/01_m_fold_sampling/round_1/01_sampling/sampling_26/group_15_unrelaxed_rank_001_alphafold2_ptm_model_1_seed_042.pdb,82.17147482014389,65.9948,17.090164,6.5558977,9.716177654266357,11,1
/fs/ess/PAA0203/xing244/AF_ClaSeq/results_NC_revision/ABL1/m_fold_random/01_m_fold_sampling/round_1/01_sampling/sampling_26/group_23_unrelaxed_rank_001_alphafold2_ptm_model_1_seed_042.pdb,83.55046762589927,62.13120000000001,16.565153,6.1899047,9.302479219436645,11,1
/fs/ess/PAA0203/xing244/AF_ClaSeq/results_NC_revision/ABL1/m_fold_random/01_m_fold_sampling/round_1/01_sampling/sampling_26/group_5_unrelaxed_rank_001_alphafold2_ptm_model_1_seed_042.pdb,80.33910071942445,53.7108,17.376722,6.5180807,9.775673198699952,11,1
/fs/ess/PAA0203/xing244/AF_ClaSeq/results_NC_revision/ABL1/m_fold_random/01_m_fold_sampling/round_1/01_sampling/sampling_26/group_33_unrelaxed_rank_001_alphafold2_ptm_model_1_seed_042.pdb,84.1826618705036,65.7324,17.425097,6.421586,9.722639179229734,11,1
/fs/ess/PAA0203/xing244/AF_ClaSeq/results_NC_revision/ABL1/m_fold_random/01_m_fold_sampling/round_1/01_sampling/sampling_26/group_27_unrelaxed_rank_001_alphafold2_ptm_model_1_seed_042.pdb,86.49348920863311,72.814,17.330805,6.350814,9.644811153411865,11,1
/fs/ess/PAA0203/xing244/AF_ClaSeq/results_NC_revision/ABL1/m_fold_random/01_m_fold_sampling/round_1/01_sampling/sampling_26/group_42_unrelaxed_rank_001_alphafold2_ptm_model_1_seed_042.pdb,85.73338129496403,83.80959999999999,17.592724,6.494093,9.823682212829588,11,1
/fs/ess/PAA0203/xing244/AF_ClaSeq/results_NC_revision/ABL1/m_fold_random/01_m_fold_sampling/round_1/01_sampling/sampling_26/group_10_unrelaxed_rank_001_alphafold2_ptm_model_1_seed_042.pdb,85.548345323741,75.7404,17.33975,6.3563204,9.651349353790284,11,1
/fs/ess/PAA0203/xing244/AF_ClaSeq/results_NC_revision/ABL1/m_fold_random/01_m_fold_sampling/round_1/01_sampling/sampling_26/group_37_unrelaxed_rank_001_alphafold2_ptm_model_1_seed_042.pdb,82.56874100719425,51.047200000000004,17.61716,6.709148,9.981551790237425,11,1
/fs/ess/PAA0203/xing244/AF_ClaSeq/results_NC_revision/ABL1/m_fold_random/01_m_fold_sampling/round_1/01_sampling/sampling_26/group_29_unrelaxed_rank_001_alphafold2_ptm_model_1_seed_042.pdb,82.64456834532372,64.10719999999999,17.458473,6.22393,9.594292879104614,11,1
/fs/ess/PAA0203/xing244/AF_ClaSeq/results_NC_revision/ABL1/m_fold_random/01_m_fold_sampling/round_1/01_sampling/sampling_26/group_18_unrelaxed_rank_001_alphafold2_ptm_model_1_seed_042.pdb,85.41377697841726,78.02720000000001,17.501991,6.4066987,9.735286474227905,11,1
/fs/ess/PAA0203/xing244/AF_ClaSeq/results_NC_revision/ABL1/m_fold_random/01_m_fold_sampling/round_1/01_sampling/sampling_26/group_43_unrelaxed_rank_001_alphafold2_ptm_model_1_seed_042.pdb,83.7878417266187,61.193599999999996,17.003258,5.986976,9.29186062812805,11,1
/fs/ess/PAA0203/xing244/AF_ClaSeq/results_NC_revision/ABL1/m_fold_random/01_m_fold_sampling/round_1/01_sampling/sampling_26/group_25_unrelaxed_rank_001_alphafold2_ptm_model_1_seed_042.pdb,84.73762589928057,61.8016,16.768135,6.0120244,9.23885760307312,11,1
/fs/ess/PAA0203/xing244/AF_ClaSeq/results_NC_revision/ABL1/m_fold_random/01_m_fold_sampling/round_1/01_sampling/sampling_26/group_3_unrelaxed_rank_001_alphafold2_ptm_model_1_seed_042.pdb,82.98827338129497,58.1308,17.276033,6.7155666,9.883706665039062,11,1
/fs/ess/PAA0203/xing244/AF_ClaSeq/results_NC_revision/ABL1/m_fold_random/01_m_fold_sampling/round_1/01_sampling/sampling_26/group_34_unrelaxed_rank_001_alphafold2_ptm_model_1_seed_042.pdb,83.6934892086331,63.321200000000005,17.135357,6.8271265,9.919595623016356,11,1
/fs/ess/PAA0203/xing244/AF_ClaSeq/results_NC_revision/ABL1/m_fold_random/01_m_fold_sampling/round_1/01_sampling/sampling_26/group_9_unrelaxed_rank_001_alphafold2_ptm_model_1_seed_042.pdb,84.07176258992806,60.153600000000004,17.39215,6.45143,9.733646154403687,11,1
/fs/ess/PAA0203/xing244/AF_ClaSeq/results_NC_revision/ABL1/m_fold_random/01_m_fold_sampling/round_1/01_sampling/sampling_26/group_47_unrelaxed_rank_001_alphafold2_ptm_model_1_seed_042.pdb,85.91136690647483,70.796,17.19249,6.332639,9.590594339370726,11,1
/fs/ess/PAA0203/xing244/AF_ClaSeq/results_NC_revision/ABL1/m_fold_random/01_m_fold_sampling/round_1/01_sampling/sampling_26/group_35_unrelaxed_rank_001_alphafold2_ptm_model_1_seed_042.pdb,77.70456834532375,62.4044,17.752153,6.741191,10.044479656219481,11,1
/fs/ess/PAA0203/xing244/AF_ClaSeq/results_NC_revision/ABL1/m_fold_random/01_m_fold_sampling/round_1/01_sampling/sampling_26/group_24_unrelaxed_rank_001_alphafold2_ptm_model_1_seed_042.pdb,83.06805755395683,56.3584,16.971312,6.8116946,9.859579706192015,11,1
/fs/ess/PAA0203/xing244/AF_ClaSeq/results_NC_revision/ABL1/m_fold_random/01_m_fold_sampling/round_1/01_sampling/sampling_26/group_40_unrelaxed_rank_001_alphafold2_ptm_model_1_seed_042.pdb,86.00636690647482,74.3232,17.172115,6.377032,9.615556859970091,11,1
/fs/ess/PAA0203/xing244/AF_ClaSeq/results_NC_revision/ABL1/m_fold_random/01_m_fold_sampling/round_1/01_sampling/sampling_26/group_1_unrelaxed_rank_001_alphafold2_ptm_model_1_seed_042.pdb,84.47571942446044,63.86959999999999,16.425957,5.8184133,9.00067629814148,11,1
/fs/ess/PAA0203/xing244/AF_ClaSeq/results_NC_revision/ABL1/m_fold_random/01_m_fold_sampling/round_1/01_sampling/sampling_26/group_30_unrelaxed_rank_001_alphafold2_ptm_model_1_seed_042.pdb,84.51107913669064,57.5976,16.966002,6.466757,9.616530227661132,11,1
/fs/ess/PAA0203/xing244/AF_ClaSeq/results_NC_revision/ABL1/m_fold_random/01_m_fold_sampling/round_1/01_sampling/sampling_26/group_26_unrelaxed_rank_001_alphafold2_ptm_model_1_seed_042.pdb,87.68953237410072,80.04,17.372137,6.477386,9.745811319351196,11,1
/fs/ess/PAA0203/xing244/AF_ClaSeq/results_NC_revision/ABL1/m_fold_random/01_m_fold_sampling/round_1/01_sampling/sampling_26/group_39_unrelaxed_rank_001_alphafold2_ptm_model_1_seed_042.pdb,87.8456834532374,82.2508,17.402502,6.2538443,9.59844160079956,11,1
/fs/ess/PAA0203/xing244/AF_ClaSeq/results_NC_revision/ABL1/m_fold_random/01_m_fold_sampling/round_1/01_sampling/sampling_26/group_11_unrelaxed_rank_001_alphafold2_ptm_model_1_seed_042.pdb,84.36194244604314,57.602399999999996,14.122011,7.9015875,9.767714595794677,11,1
/fs/ess/PAA0203/xing244/AF_ClaSeq/results_NC_revision/ABL1/m_fold_random/01_m_fold_sampling/round_1/01_sampling/sampling_26/group_49_unrelaxed_rank_001_alphafold2_ptm_model_1_seed_042.pdb,83.19212230215827,54.004,17.42117,6.2371893,9.592383289337157,12,1
/fs/ess/PAA0203/xing244/AF_ClaSeq/results_NC_revision/ABL1/m_fold_random/01_m_fold_sampling/round_1/01_sampling/sampling_26/group_45_unrelaxed_rank_001_alphafold2_ptm_model_1_seed_042.pdb,83.22503597122301,63.7704,17.290623,6.3205256,9.611554765701293,11,1
/fs/ess/PAA0203/xing244/AF_ClaSeq/results_NC_revision/ABL1/m_fold_random/01_m_fold_sampling/round_1/01_sampling/sampling_26/group_2_unrelaxed_rank_001_alphafold2_ptm_model_1_seed_042.pdb,83.37068345323742,62.9336,17.351917,6.430257,9.706754970550538,11,1
/fs/ess/PAA0203/xing244/AF_ClaSeq/results_NC_revision/ABL1/m_fold_random/01_m_fold_sampling/round_1/01_sampling/sampling_26/group_36_unrelaxed_rank_001_alphafold2_ptm_model_1_seed_042.pdb,83.78007194244604,60.30479999999999,16.372705,3.3272903,7.240914845466613,11,1
/fs/ess/PAA0203/xing244/AF_ClaSeq/results_NC_revision/ABL1/m_fold_random/01_m_fold_sampling/round_1/01_sampling/sampling_20/group_20_unrelaxed_rank_001_alphafold2_ptm_model_1_seed_042.pdb,85.08665467625897,71.6272,17.402365,6.3473797,9.663875198364257,11,1
/fs/ess/PAA0203/xing244/AF_ClaSeq/results_NC_revision/ABL1/m_fold_random/01_m_fold_sampling/round_1/01_sampling/sampling_20/group_44_unrelaxed_rank_001_alphafold2_ptm_model_1_seed_042.pdb,86.51338129496403,71.93720000000002,17.244652,6.4221582,9.668906307220457,11,1
/fs/ess/PAA0203/xing244/AF_ClaSeq/results_NC_revision/ABL1/m_fold_random/01_m_fold_sampling/round_1/01_sampling/sampling_20/group_16_unrelaxed_rank_001_alphafold2_ptm_model_1_seed_042.pdb,84.0669784172662,62.34879999999999,17.463854,6.718291,9.941959714889524,11,1
/fs/ess/PAA0203/xing244/AF_ClaSeq/results_NC_revision/ABL1/m_fold_random/01_m_fold_sampling/round_1/01_sampling/sampling_20/group_8_unrelaxed_rank_001_alphafold2_ptm_model_1_seed_042.pdb,85.5505035971223,64.7836,17.095732,6.3595653,9.580415201187133,11,1
/fs/ess/PAA0203/xing244/AF_ClaSeq/results_NC_revision/ABL1/m_fold_random/01_m_fold_sampling/round_1/01_sampling/sampling_20/group_48_unrelaxed_rank_001_alphafold2_ptm_model_1_seed_042.pdb,85.12133093525178,66.66760000000001,18.16079,6.527214,10.017286682128905,11,1
/fs/ess/PAA0203/xing244/AF_ClaSeq/results_NC_revision/ABL1/m_fold_random/01_m_fold_sampling/round_1/01_sampling/sampling_20/group_6_unrelaxed_rank_001_alphafold2_ptm_model_1_seed_042.pdb,84.60719424460433,74.5052,17.279055,6.41736,9.675868272781372,11,1
/fs/ess/PAA0203/xing244/AF_ClaSeq/results_NC_revision/ABL1/m_fold_random/01_m_fold_sampling/round_1/01_sampling/sampling_20/group_19_unrelaxed_rank_001_alphafold2_ptm_model_1_seed_042.pdb,83.13212230215827,61.602399999999996,17.604116,4.818081,8.653891563415527,11,1
/fs/ess/PAA0203/xing244/AF_ClaSeq/results_NC_revision/ABL1/m_fold_random/01_m_fold_sampling/round_1/01_sampling/sampling_20/group_13_unrelaxed_rank_001_alphafold2_ptm_model_1_seed_042.pdb,83.60136690647482,67.69879999999999,15.205829,5.055398,8.100527191162108,11,1
/fs/ess/PAA0203/xing244/AF_ClaSeq/results_NC_revision/ABL1/m_fold_random/01_m_fold_sampling/round_1/01_sampling/sampling_20/group_28_unrelaxed_rank_001_alphafold2_ptm_model_1_seed_042.pdb,82.11776978417267,58.9836,14.052031,7.8429,9.705639028549193,11,1
/fs/ess/PAA0203/xing244/AF_ClaSeq/results_NC_revision/ABL1/m_fold_random/01_m_fold_sampling/round_1/01_sampling/sampling_20/group_32_unrelaxed_rank_001_alphafold2_ptm_model_1_seed_042.pdb,84.63661870503599,64.2504,16.846483,6.1544185,9.362037897109985,11,1
/fs/ess/PAA0203/xing244/AF_ClaSeq/results_NC_revision/ABL1/m_fold_random/01_m_fold_sampling/round_1/01_sampling/sampling_20/group_22_unrelaxed_rank_001_alphafold2_ptm_model_1_seed_042.pdb,87.72230215827338,84.4392,17.406658,6.424303,9.719009590148925,11,1
/fs/ess/PAA0203/xing244/AF_ClaSeq/results_NC_revision/ABL1/m_fold_random/01_m_fold_sampling/round_1/01_sampling/sampling_20/group_7_unrelaxed_rank_001_alphafold2_ptm_model_1_seed_042.pdb,84.39546762589929,65.896,17.162573,6.2825456,9.546553754806517,11,1
/fs/ess/PAA0203/xing244/AF_ClaSeq/results_NC_revision/ABL1/m_fold_random/01_m_fold_sampling/round_1/01_sampling/sampling_20/group_21_unrelaxed_rank_001_alphafold2_ptm_model_1_seed_042.pdb,84.13338129496404,57.86919999999999,16.306673,6.7331414,9.605200910568236,11,1
/fs/ess/PAA0203/xing244/AF_ClaSeq/results_NC_revision/ABL1/m_fold_random/01_m_fold_sampling/round_1/01_sampling/sampling_20/group_41_unrelaxed_rank_001_alphafold2_ptm_model_1_seed_042.pdb,80.9168345323741,46.33,17.085804,6.375535,9.588615703582764,11,1
/fs/ess/PAA0203/xing244/AF_ClaSeq/results_NC_revision/ABL1/m_fold_random/01_m_fold_sampling/round_1/01_sampling/sampling_20/group_31_unrelaxed_rank_001_alphafold2_ptm_model_1_seed_042.pdb,87.61737410071942,78.5448,17.467852,6.4385986,9.747374534606934,11,1
/fs/ess/PAA0203/xing244/AF_ClaSeq/results_NC_revision/ABL1/m_fold_random/01_m_fold_sampling/round_1/01_sampling/sampling_20/group_46_unrelaxed_rank_001_alphafold2_ptm_model_1_seed_042.pdb,83.68604316546762,55.6208,16.578197,3.9952068,7.770104026794433,11,1
/fs/ess/PAA0203/xing244/AF_ClaSeq/results_NC_revision/ABL1/m_fold_random/01_m_fold_sampling/round_1/01_sampling/sampling_20/group_17_unrelaxed_rank_001_alphafold2_ptm_model_1_seed_042.pdb,80.6488489208633,50.732400000000005,17.1345,6.527378,9.709514808654784,11,1
/fs/ess/PAA0203/xing244/AF_ClaSeq/results_NC_revision/ABL1/m_fold_random/01_m_fold_sampling/round_1/01_sampling/sampling_20/group_14_unrelaxed_rank_001_alphafold2_ptm_model_1_seed_042.pdb,82.92561151079137,57.3116,17.18384,6.870367,9.964408874511719,11,1
/fs/ess/PAA0203/xing244/AF_ClaSeq/results_NC_revision/ABL1/m_fold_random/01_m_fold_sampling/round_1/01_sampling/sampling_20/group_4_unrelaxed_rank_001_alphafold2_ptm_model_1_seed_042.pdb,86.14942446043166,67.7792,16.91324,6.3652983,9.529680919647216,11,1
/fs/ess/PAA0203/xing244/AF_ClaSeq/results_NC_revision/ABL1/m_fold_random/01_m_fold_sampling/round_1/01_sampling/sampling_20/group_12_unrelaxed_rank_001_alphafold2_ptm_model_1_seed_042.pdb,84.3298561151079,74.264,17.183123,6.4272366,9.654002380371093,11,1
/fs/ess/PAA0203/xing244/AF_ClaSeq/results_NC_revision/ABL1/m_fold_random/01_m_fold_sampling/round_1/01_sampling/sampling_20/group_38_unrelaxed_rank_001_alphafold2_ptm_model_1_seed_042.pdb,81.72226618705037,46.12440000000001,12.94808,7.333644,9.017974758148192,11,1
/fs/ess/PAA0203/xing244/AF_ClaSeq/results_NC_revision/ABL1/m_fold_random/01_m_fold_sampling/round_1/01_sampling/sampling_20/group_15_unrelaxed_rank_001_alphafold2_ptm_model_1_seed_042.pdb,80.92974820143885,55.6904,17.103481,5.9025016,9.26279549598694,11,1
/fs/ess/PAA0203/xing244/AF_ClaSeq/results_NC_revision/ABL1/m_fold_random/01_m_fold_sampling/round_1/01_sampling/sampling_20/group_23_unrelaxed_rank_001_alphafold2_ptm_model_1_seed_042.pdb,82.8106834532374,50.7336,17.161407,6.8813343,9.965356254577635,11,1
/fs/ess/PAA0203/xing244/AF_ClaSeq/results_NC_revision/ABL1/m_fold_random/01_m_fold_sampling/round_1/01_sampling/sampling_20/group_5_unrelaxed_rank_001_alphafold2_ptm_model_1_seed_042.pdb,84.71161870503597,71.97,17.093363,7.1089516,10.104274940490722,11,1
/fs/ess/PAA0203/xing244/AF_ClaSeq/results_NC_revision/ABL1/m_fold_random/01_m_fold_sampling/round_1/01_sampling/sampling_20/group_33_unrelaxed_rank_001_alphafold2_ptm_model_1_seed_042.pdb,83.13971223021582,58.8596,17.124506,6.373708,9.598947238922118,11,1
/fs/ess/PAA0203/xing244/AF_ClaSeq/results_NC_revision/ABL1/m_fold_random/01_m_fold_sampling/round_1/01_sampling/sampling_20/group_27_unrelaxed_rank_001_alphafold2_ptm_model_1_seed_042.pdb,84.73913669064748,57.04639999999999,17.19436,6.302959,9.570379495620728,11,1
/fs/ess/PAA0203/xing244/AF_ClaSeq/results_NC_revision/ABL1/m_fold_random/01_m_fold_sampling/round_1/01_sampling/sampling_20/group_42_unrelaxed_rank_001_alphafold2_ptm_model_1_seed_042.pdb,80.34003597122302,55.257600000000004,17.052427,6.296349,9.523172521591185,11,1
/fs/ess/PAA0203/xing244/AF_ClaSeq/results_NC_revision/ABL1/m_fold_random/01_m_fold_sampling/round_1/01_sampling/sampling_20/group_10_unrelaxed_rank_001_alphafold2_ptm_model_1_seed_042.pdb,87.54712230215827,82.796,17.47188,6.3604555,9.693882846832274,11,1
/fs/ess/PAA0203/xing244/AF_ClaSeq/results_NC_revision/ABL1/m_fold_random/01_m_fold_sampling/round_1/01_sampling/sampling_20/group_37_unrelaxed_rank_001_alphafold2_ptm_model_1_seed_042.pdb,85.86636690647481,66.14280000000001,17.19348,6.4913907,9.70201735496521,11,1
/fs/ess/PAA0203/xing244/AF_ClaSeq/results_NC_revision/ABL1/m_fold_random/01_m_fold_sampling/round_1/01_sampling/sampling_20/group_29_unrelaxed_rank_001_alphafold2_ptm_model_1_seed_042.pdb,87.53733812949639,81.2332,17.09511,6.450394,9.643808889389037,11,1
/fs/ess/PAA0203/xing244/AF_ClaSeq/results_NC_revision/ABL1/m_fold_random/01_m_fold_sampling/round_1/01_sampling/sampling_20/group_18_unrelaxed_rank_001_alphafold2_ptm_model_1_seed_042.pdb,85.71791366906476,78.794,17.300457,6.40145,9.671152210235595,11,1
/fs/ess/PAA0203/xing244/AF_ClaSeq/results_NC_revision/ABL1/m_fold_random/01_m_fold_sampling/round_1/01_sampling/sampling_20/group_43_unrelaxed_rank_001_alphafold2_ptm_model_1_seed_042.pdb,83.24431654676259,65.38879999999999,17.040577,3.7022886,7.703775119781493,11,1
/fs/ess/PAA0203/xing244/AF_ClaSeq/results_NC_revision/ABL1/m_fold_random/01_m_fold_sampling/round_1/01_sampling/sampling_20/group_25_unrelaxed_rank_001_alphafold2_ptm_model_1_seed_042.pdb,83.70507194244605,67.2308,17.127634,6.3826914,9.606174182891845,11,1
/fs/ess/PAA0203/xing244/AF_ClaSeq/results_NC_revision/ABL1/m_fold_random/01_m_fold_sampling/round_1/01_sampling/sampling_20/group_3_unrelaxed_rank_001_alphafold2_ptm_model_1_seed_042.pdb,83.65892086330935,68.6556,17.33657,6.5798683,9.806879043579102,11,1
/fs/ess/PAA0203/xing244/AF_ClaSeq/results_NC_revision/ABL1/m_fold_random/01_m_fold_sampling/round_1/01_sampling/sampling_20/group_34_unrelaxed_rank_001_alphafold2_ptm_model_1_seed_042.pdb,82.39751798561151,58.8204,16.957106,6.4516373,9.603277778625488,11,1
/fs/ess/PAA0203/xing244/AF_ClaSeq/results_NC_revision/ABL1/m_fold_random/01_m_fold_sampling/round_1/01_sampling/sampling_20/group_9_unrelaxed_rank_001_alphafold2_ptm_model_1_seed_042.pdb,85.0010071942446,59.426399999999994,15.952049,6.594441,9.401723432540894,11,1
/fs/ess/PAA0203/xing244/AF_ClaSeq/results_NC_revision/ABL1/m_fold_random/01_m_fold_sampling/round_1/01_sampling/sampling_20/group_47_unrelaxed_rank_001_alphafold2_ptm_model_1_seed_042.pdb,88.13233812949639,79.2824,17.160572,6.2017236,9.489378118515013,11,1
/fs/ess/PAA0203/xing244/AF_ClaSeq/results_NC_revision/ABL1/m_fold_random/01_m_fold_sampling/round_1/01_sampling/sampling_20/group_35_unrelaxed_rank_001_alphafold2_ptm_model_1_seed_042.pdb,84.42262589928056,62.3852,17.107395,6.246433,9.50472149848938,11,1
/fs/ess/PAA0203/xing244/AF_ClaSeq/results_NC_revision/ABL1/m_fold_random/01_m_fold_sampling/round_1/01_sampling/sampling_20/group_24_unrelaxed_rank_001_alphafold2_ptm_model_1_seed_042.pdb,87.18086330935252,77.21520000000001,17.378647,6.244849,9.584988498687743,11,1
/fs/ess/PAA0203/xing244/AF_ClaSeq/results_NC_revision/ABL1/m_fold_random/01_m_fold_sampling/round_1/01_sampling/sampling_20/group_40_unrelaxed_rank_001_alphafold2_ptm_model_1_seed_042.pdb,85.13061151079137,72.304,17.140312,6.410997,9.629791498184204,11,1
/fs/ess/PAA0203/xing244/AF_ClaSeq/results_NC_revision/ABL1/m_fold_random/01_m_fold_sampling/round_1/01_sampling/sampling_20/group_1_unrelaxed_rank_001_alphafold2_ptm_model_1_seed_042.pdb,83.59687050359712,56.4096,17.559183,6.500062,9.817798328399657,11,1
/fs/ess/PAA0203/xing244/AF_ClaSeq/results_NC_revision/ABL1/m_fold_random/01_m_fold_sampling/round_1/01_sampling/sampling_20/group_30_unrelaxed_rank_001_alphafold2_ptm_model_1_seed_042.pdb,82.92604316546762,57.287600000000005,16.816896,6.1004725,9.315399646759033,11,1
/fs/ess/PAA0203/xing244/AF_ClaSeq/results_NC_revision/ABL1/m_fold_random/01_m_fold_sampling/round_1/01_sampling/sampling_20/group_26_unrelaxed_rank_001_alphafold2_ptm_model_1_seed_042.pdb,87.0501438848921,74.9308,17.52132,6.4286146,9.756426334381104,11,1
/fs/ess/PAA0203/xing244/AF_ClaSeq/results_NC_revision/ABL1/m_fold_random/01_m_fold_sampling/round_1/01_sampling/sampling_20/group_39_unrelaxed_rank_001_alphafold2_ptm_model_1_seed_042.pdb,85.30241007194245,72.75120000000001,17.36765,6.571858,9.810595273971558,11,1
/fs/ess/PAA0203/xing244/AF_ClaSeq/results_NC_revision/ABL1/m_fold_random/01_m_fold_sampling/round_1/01_sampling/sampling_20/group_11_unrelaxed_rank_001_alphafold2_ptm_model_1_seed_042.pdb,83.14942446043166,52.27440000000001,13.602363,7.3682594,9.238490390777589,11,1
/fs/ess/PAA0203/xing244/AF_ClaSeq/results_NC_revision/ABL1/m_fold_random/01_m_fold_sampling/round_1/01_sampling/sampling_20/group_49_unrelaxed_rank_001_alphafold2_ptm_model_1_seed_042.pdb,84.93093525179857,68.134,16.324495,6.562408,9.491034173965453,12,1
/fs/ess/PAA0203/xing244/AF_ClaSeq/results_NC_revision/ABL1/m_fold_random/01_m_fold_sampling/round_1/01_sampling/sampling_20/group_45_unrelaxed_rank_001_alphafold2_ptm_model_1_seed_042.pdb,82.12028776978417,46.8512,13.98699,7.248862,9.270300245285034,11,1
/fs/ess/PAA0203/xing244/AF_ClaSeq/results_NC_revision/ABL1/m_fold_random/01_m_fold_sampling/round_1/01_sampling/sampling_20/group_2_unrelaxed_rank_001_alphafold2_ptm_model_1_seed_042.pdb,85.81906474820143,73.71719999999999,17.185751,6.2801304,9.55181655883789,11,1
/fs/ess/PAA0203/xing244/AF_ClaSeq/results_NC_revision/ABL1/m_fold_random/01_m_fold_sampling/round_1/01_sampling/sampling_20/group_36_unrelaxed_rank_001_alphafold2_ptm_model_1_seed_042.pdb,82.20640287769783,62.615199999999994,17.25917,6.687241,9.858819913864135,11,1
/fs/ess/PAA0203/xing244/AF_ClaSeq/results_NC_revision/ABL1/m_fold_random/01_m_fold_sampling/round_1/01_sampling/sampling_36/group_20_unrelaxed_rank_001_alphafold2_ptm_model_1_seed_042.pdb,86.1321582733813,64.522,17.030869,6.5816174,9.716392707824706,11,1
/fs/ess/PAA0203/xing244/AF_ClaSeq/results_NC_revision/ABL1/m_fold_random/01_m_fold_sampling/round_1/01_sampling/sampling_36/group_44_unrelaxed_rank_001_alphafold2_ptm_model_1_seed_042.pdb,80.99456834532373,46.3608,17.63815,6.3757796,9.754490518569945,11,1
/fs/ess/PAA0203/xing244/AF_ClaSeq/results_NC_revision/ABL1/m_fold_random/01_m_fold_sampling/round_1/01_sampling/sampling_36/group_16_unrelaxed_rank_001_alphafold2_ptm_model_1_seed_042.pdb,86.44169064748202,80.77,17.132553,6.214372,9.489826440811157,11,1
/fs/ess/PAA0203/xing244/AF_ClaSeq/results_NC_revision/ABL1/m_fold_random/01_m_fold_sampling/round_1/01_sampling/sampling_36/group_8_unrelaxed_rank_001_alphafold2_ptm_model_1_seed_042.pdb,82.18104316546763,62.723200000000006,17.575106,6.0754514,9.525347661972045,11,1
/fs/ess/PAA0203/xing244/AF_ClaSeq/results_NC_revision/ABL1/m_fold_random/01_m_fold_sampling/round_1/01_sampling/sampling_36/group_48_unrelaxed_rank_001_alphafold2_ptm_model_1_seed_042.pdb,87.04294964028777,78.546,17.309305,6.5119414,9.751150560379028,11,1
/fs/ess/PAA0203/xing244/AF_ClaSeq/results_NC_revision/ABL1/m_fold_random/01_m_fold_sampling/round_1/01_sampling/sampling_36/group_6_unrelaxed_rank_001_alphafold2_ptm_model_1_seed_042.pdb,86.14086330935253,77.49719999999999,17.324327,6.333027,9.63041706085205,11,1
/fs/ess/PAA0203/xing244/AF_ClaSeq/results_NC_revision/ABL1/m_fold_random/01_m_fold_sampling/round_1/01_sampling/sampling_36/group_19_unrelaxed_rank_001_alphafold2_ptm_model_1_seed_042.pdb,84.92640287769784,60.80880000000001,17.200392,6.35105,9.605852460861204,11,1
/fs/ess/PAA0203/xing244/AF_ClaSeq/results_NC_revision/ABL1/m_fold_random/01_m_fold_sampling/round_1/01_sampling/sampling_36/group_13_unrelaxed_rank_001_alphafold2_ptm_model_1_seed_042.pdb,74.40669064748201,37.5908,10.2302065,12.275835,11.662146472930907,11,1
/fs/ess/PAA0203/xing244/AF_ClaSeq/results_NC_revision/ABL1/m_fold_random/01_m_fold_sampling/round_1/01_sampling/sampling_36/group_28_unrelaxed_rank_001_alphafold2_ptm_model_1_seed_042.pdb,84.87719424460433,64.2276,17.29789,7.3245635,10.316561365127562,11,1
/fs/ess/PAA0203/xing244/AF_ClaSeq/results_NC_revision/ABL1/m_fold_random/01_m_fold_sampling/round_1/01_sampling/sampling_36/group_32_unrelaxed_rank_001_alphafold2_ptm_model_1_seed_042.pdb,85.19485611510791,67.4924,17.090944,6.5802627,9.733467149734498,11,1
/fs/ess/PAA0203/xing244/AF_ClaSeq/results_NC_revision/ABL1/m_fold_random/01_m_fold_sampling/round_1/01_sampling/sampling_36/group_22_unrelaxed_rank_001_alphafold2_ptm_model_1_seed_042.pdb,86.13992805755396,65.632,17.399998,6.3645525,9.67518606185913,11,1
/fs/ess/PAA0203/xing244/AF_ClaSeq/results_NC_revision/ABL1/m_fold_random/01_m_fold_sampling/round_1/01_sampling/sampling_36/group_7_unrelaxed_rank_001_alphafold2_ptm_model_1_seed_042.pdb,88.32866906474821,74.08760000000001,17.720205,6.363987,9.770852470397948,11,1
/fs/ess/PAA0203/xing244/AF_ClaSeq/results_NC_revision/ABL1/m_fold_random/01_m_fold_sampling/round_1/01_sampling/sampling_36/group_21_unrelaxed_rank_001_alphafold2_ptm_model_1_seed_042.pdb,83.26226618705036,56.4124,16.42536,6.5233727,9.493968772888183,11,1
/fs/ess/PAA0203/xing244/AF_ClaSeq/results_NC_revision/ABL1/m_fold_random/01_m_fold_sampling/round_1/01_sampling/sampling_36/group_41_unrelaxed_rank_001_alphafold2_ptm_model_1_seed_042.pdb,79.18424460431655,40.7156,14.717381,3.3523319,6.761846470832824,11,1
/fs/ess/PAA0203/xing244/AF_ClaSeq/results_NC_revision/ABL1/m_fold_random/01_m_fold_sampling/round_1/01_sampling/sampling_36/group_31_unrelaxed_rank_001_alphafold2_ptm_model_1_seed_042.pdb,85.57435251798562,65.85520000000001,17.391544,6.20297,9.559542322158812,11,1
/fs/ess/PAA0203/xing244/AF_ClaSeq/results_NC_revision/ABL1/m_fold_random/01_m_fold_sampling/round_1/01_sampling/sampling_36/group_46_unrelaxed_rank_001_alphafold2_ptm_model_1_seed_042.pdb,85.4629856115108,72.1404,17.284222,6.291224,9.589123296737672,11,1
/fs/ess/PAA0203/xing244/AF_ClaSeq/results_NC_revision/ABL1/m_fold_random/01_m_fold_sampling/round_1/01_sampling/sampling_36/group_17_unrelaxed_rank_001_alphafold2_ptm_model_1_seed_042.pdb,84.83859712230215,72.1948,17.394316,6.3522,9.66483473777771,11,1
/fs/ess/PAA0203/xing244/AF_ClaSeq/results_NC_revision/ABL1/m_fold_random/01_m_fold_sampling/round_1/01_sampling/sampling_36/group_14_unrelaxed_rank_001_alphafold2_ptm_model_1_seed_042.pdb,85.37946043165466,65.67960000000001,17.048578,6.6076283,9.739913320541381,11,1
/fs/ess/PAA0203/xing244/AF_ClaSeq/results_NC_revision/ABL1/m_fold_random/01_m_fold_sampling/round_1/01_sampling/sampling_36/group_4_unrelaxed_rank_001_alphafold2_ptm_model_1_seed_042.pdb,84.88338129496402,64.1868,17.17041,6.3177805,9.573569393157959,11,1
/fs/ess/PAA0203/xing244/AF_ClaSeq/results_NC_revision/ABL1/m_fold_random/01_m_fold_sampling/round_1/01_sampling/sampling_36/group_12_unrelaxed_rank_001_alphafold2_ptm_model_1_seed_042.pdb,82.28557553956834,59.3236,17.05418,6.421971,9.61163363456726,11,1
/fs/ess/PAA0203/xing244/AF_ClaSeq/results_NC_revision/ABL1/m_fold_random/01_m_fold_sampling/round_1/01_sampling/sampling_36/group_38_unrelaxed_rank_001_alphafold2_ptm_model_1_seed_042.pdb,83.19507194244605,58.2408,17.270208,7.232652,10.243919038772582,11,1
/fs/ess/PAA0203/xing244/AF_ClaSeq/results_NC_revision/ABL1/m_fold_random/01_m_fold_sampling/round_1/01_sampling/sampling_36/group_15_unrelaxed_rank_001_alphafold2_ptm_model_1_seed_042.pdb,81.31223021582733,58.1112,16.05023,6.226911,9.173906755447387,11,1
/fs/ess/PAA0203/xing244/AF_ClaSeq/results_NC_revision/ABL1/m_fold_random/01_m_fold_sampling/round_1/01_sampling/sampling_36/group_23_unrelaxed_rank_001_alphafold2_ptm_model_1_seed_042.pdb,86.8964748201439,83.17560000000002,17.398134,6.392294,9.694046020507812,11,1
/fs/ess/PAA0203/xing244/AF_ClaSeq/results_NC_revision/ABL1/m_fold_random/01_m_fold_sampling/round_1/01_sampling/sampling_36/group_5_unrelaxed_rank_001_alphafold2_ptm_model_1_seed_042.pdb,81.25438848920864,44.2984,16.52356,3.467635,7.384412312507629,11,1
/fs/ess/PAA0203/xing244/AF_ClaSeq/results_NC_revision/ABL1/m_fold_random/01_m_fold_sampling/round_1/01_sampling/sampling_36/group_33_unrelaxed_rank_001_alphafold2_ptm_model_1_seed_042.pdb,85.31539568345323,64.0908,17.553,6.343538,9.706376314163208,11,1
/fs/ess/PAA0203/xing244/AF_ClaSeq/results_NC_revision/ABL1/m_fold_random/01_m_fold_sampling/round_1/01_sampling/sampling_36/group_27_unrelaxed_rank_001_alphafold2_ptm_model_1_seed_042.pdb,82.46323741007194,68.25399999999999,17.104826,3.5104456,7.588759708404541,11,1
/fs/ess/PAA0203/xing244/AF_ClaSeq/results_NC_revision/ABL1/m_fold_random/01_m_fold_sampling/round_1/01_sampling/sampling_36/group_42_unrelaxed_rank_001_alphafold2_ptm_model_1_seed_042.pdb,83.58956834532374,57.3492,17.213043,6.4352903,9.668616199493407,11,1
/fs/ess/PAA0203/xing244/AF_ClaSeq/results_NC_revision/ABL1/m_fold_random/01_m_fold_sampling/round_1/01_sampling/sampling_36/group_10_unrelaxed_rank_001_alphafold2_ptm_model_1_seed_042.pdb,87.16971223021582,79.97319999999999,17.303217,6.3092785,9.607460021972656,11,1
/fs/ess/PAA0203/xing244/AF_ClaSeq/results_NC_revision/ABL1/m_fold_random/01_m_fold_sampling/round_1/01_sampling/sampling_36/group_37_unrelaxed_rank_001_alphafold2_ptm_model_1_seed_042.pdb,86.58679856115107,84.3,17.3441,6.3389063,9.64046468734741,11,1
/fs/ess/PAA0203/xing244/AF_ClaSeq/results_NC_revision/ABL1/m_fold_random/01_m_fold_sampling/round_1/01_sampling/sampling_36/group_29_unrelaxed_rank_001_alphafold2_ptm_model_1_seed_042.pdb,83.483345323741,65.7436,15.783869,2.5189402,6.49841878414154,11,1
/fs/ess/PAA0203/xing244/AF_ClaSeq/results_NC_revision/ABL1/m_fold_random/01_m_fold_sampling/round_1/01_sampling/sampling_36/group_18_unrelaxed_rank_001_alphafold2_ptm_model_1_seed_042.pdb,84.08089928057555,68.2632,17.279385,6.4034476,9.666228723526,11,1
/fs/ess/PAA0203/xing244/AF_ClaSeq/results_NC_revision/ABL1/m_fold_random/01_m_fold_sampling/round_1/01_sampling/sampling_36/group_43_unrelaxed_rank_001_alphafold2_ptm_model_1_seed_042.pdb,82.10528776978418,61.14039999999999,17.396725,6.730826,9.930595541000365,11,1
/fs/ess/PAA0203/xing244/AF_ClaSeq/results_NC_revision/ABL1/m_fold_random/01_m_fold_sampling/round_1/01_sampling/sampling_36/group_25_unrelaxed_rank_001_alphafold2_ptm_model_1_seed_042.pdb,80.7791726618705,46.498000000000005,17.006655,2.7858071,7.052061414718628,11,1
/fs/ess/PAA0203/xing244/AF_ClaSeq/results_NC_revision/ABL1/m_fold_random/01_m_fold_sampling/round_1/01_sampling/sampling_36/group_3_unrelaxed_rank_001_alphafold2_ptm_model_1_seed_042.pdb,84.06341726618706,55.4252,17.703072,6.395055,9.78745985031128,11,1
/fs/ess/PAA0203/xing244/AF_ClaSeq/results_NC_revision/ABL1/m_fold_random/01_m_fold_sampling/round_1/01_sampling/sampling_36/group_34_unrelaxed_rank_001_alphafold2_ptm_model_1_seed_042.pdb,84.03064748201437,65.94800000000001,17.402687,6.4168186,9.71257915496826,11,1
/fs/ess/PAA0203/xing244/AF_ClaSeq/results_NC_revision/ABL1/m_fold_random/01_m_fold_sampling/round_1/01_sampling/sampling_36/group_9_unrelaxed_rank_001_alphafold2_ptm_model_1_seed_042.pdb,88.54223021582733,81.17880000000001,17.469946,6.406101,9.72525463104248,11,1
/fs/ess/PAA0203/xing244/AF_ClaSeq/results_NC_revision/ABL1/m_fold_random/01_m_fold_sampling/round_1/01_sampling/sampling_36/group_47_unrelaxed_rank_001_alphafold2_ptm_model_1_seed_042.pdb,85.73187050359712,78.7008,17.23498,6.4149003,9.660924100875853,11,1
/fs/ess/PAA0203/xing244/AF_ClaSeq/results_NC_revision/ABL1/m_fold_random/01_m_fold_sampling/round_1/01_sampling/sampling_36/group_35_unrelaxed_rank_001_alphafold2_ptm_model_1_seed_042.pdb,83.27061151079138,50.57719999999999,7.534205,8.228601,8.020282506942749,11,1
/fs/ess/PAA0203/xing244/AF_ClaSeq/results_NC_revision/ABL1/m_fold_random/01_m_fold_sampling/round_1/01_sampling/sampling_36/group_24_unrelaxed_rank_001_alphafold2_ptm_model_1_seed_042.pdb,86.19179856115107,77.8972,17.609217,6.418507,9.77571997642517,11,1
/fs/ess/PAA0203/xing244/AF_ClaSeq/results_NC_revision/ABL1/m_fold_random/01_m_fold_sampling/round_1/01_sampling/sampling_36/group_40_unrelaxed_rank_001_alphafold2_ptm_model_1_seed_042.pdb,84.19406474820144,67.31,17.012432,6.424539,9.600906991958617,11,1
/fs/ess/PAA0203/xing244/AF_ClaSeq/results_NC_revision/ABL1/m_fold_random/01_m_fold_sampling/round_1/01_sampling/sampling_36/group_1_unrelaxed_rank_001_alphafold2_ptm_model_1_seed_042.pdb,86.69593525179856,71.4276,17.327944,6.316081,9.619639873504639,11,1
/fs/ess/PAA0203/xing244/AF_ClaSeq/results_NC_revision/ABL1/m_fold_random/01_m_fold_sampling/round_1/01_sampling/sampling_36/group_30_unrelaxed_rank_001_alphafold2_ptm_model_1_seed_042.pdb,82.68330935251798,62.0184,15.900388,6.9031944,9.60235242843628,11,1
/fs/ess/PAA0203/xing244/AF_ClaSeq/results_NC_revision/ABL1/m_fold_random/01_m_fold_sampling/round_1/01_sampling/sampling_36/group_26_unrelaxed_rank_001_alphafold2_ptm_model_1_seed_042.pdb,83.13413669064748,62.17920000000001,17.164589,6.410149,9.636481046676636,11,1
/fs/ess/PAA0203/xing244/AF_ClaSeq/results_NC_revision/ABL1/m_fold_random/01_m_fold_sampling/round_1/01_sampling/sampling_36/group_39_unrelaxed_rank_001_alphafold2_ptm_model_1_seed_042.pdb,83.20064748201439,65.926,19.24501,9.487491,12.414746570587159,11,1
/fs/ess/PAA0203/xing244/AF_ClaSeq/results_NC_revision/ABL1/m_fold_random/01_m_fold_sampling/round_1/01_sampling/sampling_36/group_11_unrelaxed_rank_001_alphafold2_ptm_model_1_seed_042.pdb,79.34953237410072,51.0876,17.153284,3.8356118,7.830913496017455,11,1
/fs/ess/PAA0203/xing244/AF_ClaSeq/results_NC_revision/ABL1/m_fold_random/01_m_fold_sampling/round_1/01_sampling/sampling_36/group_49_unrelaxed_rank_001_alphafold2_ptm_model_1_seed_042.pdb,81.15287769784173,55.5964,15.944158,3.1929128,7.018286252021789,12,1
/fs/ess/PAA0203/xing244/AF_ClaSeq/results_NC_revision/ABL1/m_fold_random/01_m_fold_sampling/round_1/01_sampling/sampling_36/group_45_unrelaxed_rank_001_alphafold2_ptm_model_1_seed_042.pdb,87.68557553956835,78.0652,17.335222,6.3777204,9.664970922470092,11,1
/fs/ess/PAA0203/xing244/AF_ClaSeq/results_NC_revision/ABL1/m_fold_random/01_m_fold_sampling/round_1/01_sampling/sampling_36/group_2_unrelaxed_rank_001_alphafold2_ptm_model_1_seed_042.pdb,84.01982014388489,60.385200000000005,17.509054,6.456382,9.772183513641357,11,1
/fs/ess/PAA0203/xing244/AF_ClaSeq/results_NC_revision/ABL1/m_fold_random/01_m_fold_sampling/round_1/01_sampling/sampling_36/group_36_unrelaxed_rank_001_alphafold2_ptm_model_1_seed_042.pdb,83.91489208633094,59.36639999999999,16.831131,3.442395,7.4590157747268675,11,1
/fs/ess/PAA0203/xing244/AF_ClaSeq/results_NC_revision/ABL1/m_fold_random/01_m_fold_sampling/round_1/01_sampling/sampling_7/group_20_unrelaxed_rank_001_alphafold2_ptm_model_1_seed_042.pdb,84.09708633093524,61.2764,17.3209,6.3256288,9.624210119247437,11,1
/fs/ess/PAA0203/xing244/AF_ClaSeq/results_NC_revision/ABL1/m_fold_random/01_m_fold_sampling/round_1/01_sampling/sampling_7/group_44_unrelaxed_rank_001_alphafold2_ptm_model_1_seed_042.pdb,87.8291726618705,74.1204,17.369497,6.4602594,9.733030796051025,11,1
/fs/ess/PAA0203/xing244/AF_ClaSeq/results_NC_revision/ABL1/m_fold_random/01_m_fold_sampling/round_1/01_sampling/sampling_7/group_16_unrelaxed_rank_001_alphafold2_ptm_model_1_seed_042.pdb,82.24165467625899,55.867999999999995,17.073488,6.1969857,9.459936475753784,11,1
/fs/ess/PAA0203/xing244/AF_ClaSeq/results_NC_revision/ABL1/m_fold_random/01_m_fold_sampling/round_1/01_sampling/sampling_7/group_8_unrelaxed_rank_001_alphafold2_ptm_model_1_seed_042.pdb,82.1308273381295,50.772400000000005,14.502547,5.7386947,8.367850446701048,11,1
/fs/ess/PAA0203/xing244/AF_ClaSeq/results_NC_revision/ABL1/m_fold_random/01_m_fold_sampling/round_1/01_sampling/sampling_7/group_48_unrelaxed_rank_001_alphafold2_ptm_model_1_seed_042.pdb,83.23841726618704,58.2536,17.124323,6.514029,9.697117185592651,11,1
/fs/ess/PAA0203/xing244/AF_ClaSeq/results_NC_revision/ABL1/m_fold_random/01_m_fold_sampling/round_1/01_sampling/sampling_7/group_6_unrelaxed_rank_001_alphafold2_ptm_model_1_seed_042.pdb,85.38852517985612,64.8124,17.209564,6.357272,9.612959766387938,11,1
/fs/ess/PAA0203/xing244/AF_ClaSeq/results_NC_revision/ABL1/m_fold_random/01_m_fold_sampling/round_1/01_sampling/sampling_7/group_19_unrelaxed_rank_001_alphafold2_ptm_model_1_seed_042.pdb,82.56816546762589,62.8172,17.413668,6.340784,9.662649154663086,11,1
/fs/ess/PAA0203/xing244/AF_ClaSeq/results_NC_revision/ABL1/m_fold_random/01_m_fold_sampling/round_1/01_sampling/sampling_7/group_13_unrelaxed_rank_001_alphafold2_ptm_model_1_seed_042.pdb,84.19910071942445,63.5348,17.45767,6.428876,9.737514209747314,11,1
/fs/ess/PAA0203/xing244/AF_ClaSeq/results_NC_revision/ABL1/m_fold_random/01_m_fold_sampling/round_1/01_sampling/sampling_7/group_28_unrelaxed_rank_001_alphafold2_ptm_model_1_seed_042.pdb,82.54564748201439,50.91,16.592018,6.755592,9.706519746780394,11,1
/fs/ess/PAA0203/xing244/AF_ClaSeq/results_NC_revision/ABL1/m_fold_random/01_m_fold_sampling/round_1/01_sampling/sampling_7/group_32_unrelaxed_rank_001_alphafold2_ptm_model_1_seed_042.pdb,82.30460431654676,50.24360000000001,16.688173,6.442767,9.516388988494871,11,1
/fs/ess/PAA0203/xing244/AF_ClaSeq/results_NC_revision/ABL1/m_fold_random/01_m_fold_sampling/round_1/01_sampling/sampling_7/group_22_unrelaxed_rank_001_alphafold2_ptm_model_1_seed_042.pdb,83.84640287769786,63.4216,17.320974,6.490653,9.739749431610107,11,1
/fs/ess/PAA0203/xing244/AF_ClaSeq/results_NC_revision/ABL1/m_fold_random/01_m_fold_sampling/round_1/01_sampling/sampling_7/group_7_unrelaxed_rank_001_alphafold2_ptm_model_1_seed_042.pdb,83.85460431654677,60.834399999999995,17.466812,6.363957,9.69481348991394,11,1
/fs/ess/PAA0203/xing244/AF_ClaSeq/results_NC_revision/ABL1/m_fold_random/01_m_fold_sampling/round_1/01_sampling/sampling_7/group_21_unrelaxed_rank_001_alphafold2_ptm_model_1_seed_042.pdb,86.39474820143886,77.99519999999998,17.502615,6.5204988,9.81513361930847,11,1
/fs/ess/PAA0203/xing244/AF_ClaSeq/results_NC_revision/ABL1/m_fold_random/01_m_fold_sampling/round_1/01_sampling/sampling_7/group_41_unrelaxed_rank_001_alphafold2_ptm_model_1_seed_042.pdb,85.80589928057555,69.85560000000001,16.182007,6.203296,9.196909379959106,11,1
/fs/ess/PAA0203/xing244/AF_ClaSeq/results_NC_revision/ABL1/m_fold_random/01_m_fold_sampling/round_1/01_sampling/sampling_7/group_31_unrelaxed_rank_001_alphafold2_ptm_model_1_seed_042.pdb,87.07899280575539,70.5892,17.338428,6.420577,9.695932483673095,11,1
/fs/ess/PAA0203/xing244/AF_ClaSeq/results_NC_revision/ABL1/m_fold_random/01_m_fold_sampling/round_1/01_sampling/sampling_7/group_46_unrelaxed_rank_001_alphafold2_ptm_model_1_seed_042.pdb,82.96359712230216,58.8824,16.88528,6.4914455,9.609596061706544,11,1
/fs/ess/PAA0203/xing244/AF_ClaSeq/results_NC_revision/ABL1/m_fold_random/01_m_fold_sampling/round_1/01_sampling/sampling_7/group_17_unrelaxed_rank_001_alphafold2_ptm_model_1_seed_042.pdb,84.08467625899281,62.318400000000004,17.383207,6.399082,9.694319725036621,11,1
/fs/ess/PAA0203/xing244/AF_ClaSeq/results_NC_revision/ABL1/m_fold_random/01_m_fold_sampling/round_1/01_sampling/sampling_7/group_14_unrelaxed_rank_001_alphafold2_ptm_model_1_seed_042.pdb,86.14938848920863,81.4024,16.835768,4.801096,8.411497497558592,11,1
/fs/ess/PAA0203/xing244/AF_ClaSeq/results_NC_revision/ABL1/m_fold_random/01_m_fold_sampling/round_1/01_sampling/sampling_7/group_4_unrelaxed_rank_001_alphafold2_ptm_model_1_seed_042.pdb,86.15776978417266,63.704800000000006,15.935946,5.919194,8.92421989440918,11,1
/fs/ess/PAA0203/xing244/AF_ClaSeq/results_NC_revision/ABL1/m_fold_random/01_m_fold_sampling/round_1/01_sampling/sampling_7/group_12_unrelaxed_rank_001_alphafold2_ptm_model_1_seed_042.pdb,81.81384892086331,58.90119999999999,16.625036,6.5661263,9.5837993144989,11,1
/fs/ess/PAA0203/xing244/AF_ClaSeq/results_NC_revision/ABL1/m_fold_random/01_m_fold_sampling/round_1/01_sampling/sampling_7/group_38_unrelaxed_rank_001_alphafold2_ptm_model_1_seed_042.pdb,83.91241007194245,67.2236,17.336075,6.410882,9.688439846038818,11,1
/fs/ess/PAA0203/xing244/AF_ClaSeq/results_NC_revision/ABL1/m_fold_random/01_m_fold_sampling/round_1/01_sampling/sampling_7/group_15_unrelaxed_rank_001_alphafold2_ptm_model_1_seed_042.pdb,84.67838129496403,66.70200000000001,17.32665,6.3803244,9.664222240447998,11,1
/fs/ess/PAA0203/xing244/AF_ClaSeq/results_NC_revision/ABL1/m_fold_random/01_m_fold_sampling/round_1/01_sampling/sampling_7/group_23_unrelaxed_rank_001_alphafold2_ptm_model_1_seed_042.pdb,83.39280575539568,65.5868,17.174103,6.474782,9.684578227996825,11,1
/fs/ess/PAA0203/xing244/AF_ClaSeq/results_NC_revision/ABL1/m_fold_random/01_m_fold_sampling/round_1/01_sampling/sampling_7/group_5_unrelaxed_rank_001_alphafold2_ptm_model_1_seed_042.pdb,83.79884892086332,59.6212,17.27254,3.406005,7.565965175628662,11,1
/fs/ess/PAA0203/xing244/AF_ClaSeq/results_NC_revision/ABL1/m_fold_random/01_m_fold_sampling/round_1/01_sampling/sampling_7/group_33_unrelaxed_rank_001_alphafold2_ptm_model_1_seed_042.pdb,81.37643884892087,54.494,16.584244,4.7604747,8.307605409622193,11,1
/fs/ess/PAA0203/xing244/AF_ClaSeq/results_NC_revision/ABL1/m_fold_random/01_m_fold_sampling/round_1/01_sampling/sampling_7/group_27_unrelaxed_rank_001_alphafold2_ptm_model_1_seed_042.pdb,84.08125899280576,59.6432,16.915476,6.2687063,9.46273717880249,11,1
/fs/ess/PAA0203/xing244/AF_ClaSeq/results_NC_revision/ABL1/m_fold_random/01_m_fold_sampling/round_1/01_sampling/sampling_7/group_42_unrelaxed_rank_001_alphafold2_ptm_model_1_seed_042.pdb,83.71525179856114,63.913199999999996,17.260656,6.323883,9.604915046691893,11,1
/fs/ess/PAA0203/xing244/AF_ClaSeq/results_NC_revision/ABL1/m_fold_random/01_m_fold_sampling/round_1/01_sampling/sampling_7/group_10_unrelaxed_rank_001_alphafold2_ptm_model_1_seed_042.pdb,84.44787769784173,68.2408,16.268373,6.1885114,9.212470006942748,11,1
/fs/ess/PAA0203/xing244/AF_ClaSeq/results_NC_revision/ABL1/m_fold_random/01_m_fold_sampling/round_1/01_sampling/sampling_7/group_37_unrelaxed_rank_001_alphafold2_ptm_model_1_seed_042.pdb,85.45776978417265,64.5608,17.276237,6.2650228,9.568387174606322,11,1
/fs/ess/PAA0203/xing244/AF_ClaSeq/results_NC_revision/ABL1/m_fold_random/01_m_fold_sampling/round_1/01_sampling/sampling_7/group_29_unrelaxed_rank_001_alphafold2_ptm_model_1_seed_042.pdb,84.65356115107915,55.5352,18.088215,6.3369193,9.862307977676391,11,1
/fs/ess/PAA0203/xing244/AF_ClaSeq/results_NC_revision/ABL1/m_fold_random/01_m_fold_sampling/round_1/01_sampling/sampling_7/group_18_unrelaxed_rank_001_alphafold2_ptm_model_1_seed_042.pdb,87.86377697841726,85.04440000000001,17.312355,6.275857,9.586806392669677,11,1
/fs/ess/PAA0203/xing244/AF_ClaSeq/results_NC_revision/ABL1/m_fold_random/01_m_fold_sampling/round_1/01_sampling/sampling_7/group_43_unrelaxed_rank_001_alphafold2_ptm_model_1_seed_042.pdb,85.21194244604315,69.7436,18.069668,6.4120865,9.909360885620117,11,1
/fs/ess/PAA0203/xing244/AF_ClaSeq/results_NC_revision/ABL1/m_fold_random/01_m_fold_sampling/round_1/01_sampling/sampling_7/group_25_unrelaxed_rank_001_alphafold2_ptm_model_1_seed_042.pdb,85.8040287769784,68.1556,17.229198,6.241086,9.53751974105835,11,1
/fs/ess/PAA0203/xing244/AF_ClaSeq/results_NC_revision/ABL1/m_fold_random/01_m_fold_sampling/round_1/01_sampling/sampling_7/group_3_unrelaxed_rank_001_alphafold2_ptm_model_1_seed_042.pdb,83.91327338129497,59.953599999999994,17.228924,6.1810017,9.495378303527833,11,1
/fs/ess/PAA0203/xing244/AF_ClaSeq/results_NC_revision/ABL1/m_fold_random/01_m_fold_sampling/round_1/01_sampling/sampling_7/group_34_unrelaxed_rank_001_alphafold2_ptm_model_1_seed_042.pdb,83.59820143884892,62.228,16.185225,6.701976,9.546950435638426,11,1
/fs/ess/PAA0203/xing244/AF_ClaSeq/results_NC_revision/ABL1/m_fold_random/01_m_fold_sampling/round_1/01_sampling/sampling_7/group_9_unrelaxed_rank_001_alphafold2_ptm_model_1_seed_042.pdb,87.83057553956836,82.97200000000001,17.323915,6.4681087,9.724850702285766,11,1
/fs/ess/PAA0203/xing244/AF_ClaSeq/results_NC_revision/ABL1/m_fold_random/01_m_fold_sampling/round_1/01_sampling/sampling_7/group_47_unrelaxed_rank_001_alphafold2_ptm_model_1_seed_042.pdb,82.92187050359712,50.9592,13.916652,7.5620584,9.468436431884765,11,1
/fs/ess/PAA0203/xing244/AF_ClaSeq/results_NC_revision/ABL1/m_fold_random/01_m_fold_sampling/round_1/01_sampling/sampling_7/group_35_unrelaxed_rank_001_alphafold2_ptm_model_1_seed_042.pdb,84.36003597122303,67.25319999999999,17.373993,6.38173,9.679408931732176,11,1
/fs/ess/PAA0203/xing244/AF_ClaSeq/results_NC_revision/ABL1/m_fold_random/01_m_fold_sampling/round_1/01_sampling/sampling_7/group_24_unrelaxed_rank_001_alphafold2_ptm_model_1_seed_042.pdb,85.29629496402879,72.8652,17.46462,6.426105,9.737659692764282,11,1
/fs/ess/PAA0203/xing244/AF_ClaSeq/results_NC_revision/ABL1/m_fold_random/01_m_fold_sampling/round_1/01_sampling/sampling_7/group_40_unrelaxed_rank_001_alphafold2_ptm_model_1_seed_042.pdb,84.03600719424462,58.830799999999996,16.45451,6.4392066,9.443797540664672,11,1
/fs/ess/PAA0203/xing244/AF_ClaSeq/results_NC_revision/ABL1/m_fold_random/01_m_fold_sampling/round_1/01_sampling/sampling_7/group_1_unrelaxed_rank_001_alphafold2_ptm_model_1_seed_042.pdb,86.26766187050362,80.2556,17.301764,6.4158626,9.681632852554321,11,1
/fs/ess/PAA0203/xing244/AF_ClaSeq/results_NC_revision/ABL1/m_fold_random/01_m_fold_sampling/round_1/01_sampling/sampling_7/group_30_unrelaxed_rank_001_alphafold2_ptm_model_1_seed_042.pdb,86.50010791366905,75.67240000000001,17.356586,6.5537868,9.794626665115356,11,1
/fs/ess/PAA0203/xing244/AF_ClaSeq/results_NC_revision/ABL1/m_fold_random/01_m_fold_sampling/round_1/01_sampling/sampling_7/group_26_unrelaxed_rank_001_alphafold2_ptm_model_1_seed_042.pdb,83.7858273381295,66.854,17.378069,6.46042,9.735714769363403,11,1
/fs/ess/PAA0203/xing244/AF_ClaSeq/results_NC_revision/ABL1/m_fold_random/01_m_fold_sampling/round_1/01_sampling/sampling_7/group_39_unrelaxed_rank_001_alphafold2_ptm_model_1_seed_042.pdb,83.2029856115108,65.4224,17.066507,6.956432,9.989454507827759,11,1
/fs/ess/PAA0203/xing244/AF_ClaSeq/results_NC_revision/ABL1/m_fold_random/01_m_fold_sampling/round_1/01_sampling/sampling_7/group_11_unrelaxed_rank_001_alphafold2_ptm_model_1_seed_042.pdb,76.78830935251798,68.99680000000001,16.834064,3.7560093,7.679425883293152,11,1
/fs/ess/PAA0203/xing244/AF_ClaSeq/results_NC_revision/ABL1/m_fold_random/01_m_fold_sampling/round_1/01_sampling/sampling_7/group_49_unrelaxed_rank_001_alphafold2_ptm_model_1_seed_042.pdb,86.27428057553956,76.3204,17.194057,6.3549128,9.606656169891357,12,1
/fs/ess/PAA0203/xing244/AF_ClaSeq/results_NC_revision/ABL1/m_fold_random/01_m_fold_sampling/round_1/01_sampling/sampling_7/group_45_unrelaxed_rank_001_alphafold2_ptm_model_1_seed_042.pdb,75.7186690647482,44.447199999999995,5.7669864,6.785686,6.480076122283935,11,1
/fs/ess/PAA0203/xing244/AF_ClaSeq/results_NC_revision/ABL1/m_fold_random/01_m_fold_sampling/round_1/01_sampling/sampling_7/group_2_unrelaxed_rank_001_alphafold2_ptm_model_1_seed_042.pdb,84.0814748201439,69.2736,17.219454,6.3931355,9.64103102684021,11,1
/fs/ess/PAA0203/xing244/AF_ClaSeq/results_NC_revision/ABL1/m_fold_random/01_m_fold_sampling/round_1/01_sampling/sampling_7/group_36_unrelaxed_rank_001_alphafold2_ptm_model_1_seed_042.pdb,81.41223021582734,65.344,16.878586,6.019701,9.277366447448731,11,1
/fs/ess/PAA0203/xing244/AF_ClaSeq/results_NC_revision/ABL1/m_fold_random/01_m_fold_sampling/round_1/01_sampling/sampling_17/group_20_unrelaxed_rank_001_alphafold2_ptm_model_1_seed_042.pdb,73.5514748201439,46.42199999999999,17.095846,5.677638,9.103100490570068,11,1
/fs/ess/PAA0203/xing244/AF_ClaSeq/results_NC_revision/ABL1/m_fold_random/01_m_fold_sampling/round_1/01_sampling/sampling_17/group_44_unrelaxed_rank_001_alphafold2_ptm_model_1_seed_042.pdb,85.16553956834532,69.8136,16.976044,3.6403844,7.641082215309142,11,1
/fs/ess/PAA0203/xing244/AF_ClaSeq/results_NC_revision/ABL1/m_fold_random/01_m_fold_sampling/round_1/01_sampling/sampling_17/group_16_unrelaxed_rank_001_alphafold2_ptm_model_1_seed_042.pdb,83.39428057553957,59.666000000000004,16.482037,6.571164,9.544425868988036,11,1
/fs/ess/PAA0203/xing244/AF_ClaSeq/results_NC_revision/ABL1/m_fold_random/01_m_fold_sampling/round_1/01_sampling/sampling_17/group_8_unrelaxed_rank_001_alphafold2_ptm_model_1_seed_042.pdb,82.30370503597122,61.45799999999999,17.084883,6.062634,9.369308614730834,11,1
/fs/ess/PAA0203/xing244/AF_ClaSeq/results_NC_revision/ABL1/m_fold_random/01_m_fold_sampling/round_1/01_sampling/sampling_17/group_48_unrelaxed_rank_001_alphafold2_ptm_model_1_seed_042.pdb,85.72737410071942,73.412,17.121506,6.3526864,9.583332204818724,11,1
/fs/ess/PAA0203/xing244/AF_ClaSeq/results_NC_revision/ABL1/m_fold_random/01_m_fold_sampling/round_1/01_sampling/sampling_17/group_6_unrelaxed_rank_001_alphafold2_ptm_model_1_seed_042.pdb,81.65420863309353,54.4856,16.80055,6.5476165,9.623496675491332,11,1
/fs/ess/PAA0203/xing244/AF_ClaSeq/results_NC_revision/ABL1/m_fold_random/01_m_fold_sampling/round_1/01_sampling/sampling_17/group_19_unrelaxed_rank_001_alphafold2_ptm_model_1_seed_042.pdb,82.92708633093524,68.98559999999999,16.998663,6.35154,9.545676946640015,11,1
/fs/ess/PAA0203/xing244/AF_ClaSeq/results_NC_revision/ABL1/m_fold_random/01_m_fold_sampling/round_1/01_sampling/sampling_17/group_13_unrelaxed_rank_001_alphafold2_ptm_model_1_seed_042.pdb,82.78830935251798,74.3844,17.33362,6.520441,9.764394760131836,11,1
/fs/ess/PAA0203/xing244/AF_ClaSeq/results_NC_revision/ABL1/m_fold_random/01_m_fold_sampling/round_1/01_sampling/sampling_17/group_28_unrelaxed_rank_001_alphafold2_ptm_model_1_seed_042.pdb,86.42241007194245,77.1804,17.185926,6.2740507,9.547613430023194,11,1
/fs/ess/PAA0203/xing244/AF_ClaSeq/results_NC_revision/ABL1/m_fold_random/01_m_fold_sampling/round_1/01_sampling/sampling_17/group_32_unrelaxed_rank_001_alphafold2_ptm_model_1_seed_042.pdb,87.9668345323741,83.24560000000001,17.33172,6.3845396,9.668693828582764,11,1
/fs/ess/PAA0203/xing244/AF_ClaSeq/results_NC_revision/ABL1/m_fold_random/01_m_fold_sampling/round_1/01_sampling/sampling_17/group_22_unrelaxed_rank_001_alphafold2_ptm_model_1_seed_042.pdb,83.6036690647482,69.40679999999999,17.358397,6.377714,9.671918869018555,11,1
/fs/ess/PAA0203/xing244/AF_ClaSeq/results_NC_revision/ABL1/m_fold_random/01_m_fold_sampling/round_1/01_sampling/sampling_17/group_7_unrelaxed_rank_001_alphafold2_ptm_model_1_seed_042.pdb,88.0988489208633,83.6048,17.458736,6.4648175,9.76299319267273,11,1
/fs/ess/PAA0203/xing244/AF_ClaSeq/results_NC_revision/ABL1/m_fold_random/01_m_fold_sampling/round_1/01_sampling/sampling_17/group_21_unrelaxed_rank_001_alphafold2_ptm_model_1_seed_042.pdb,84.59866906474821,65.962,17.227339,6.469857,9.69710168838501,11,1
/fs/ess/PAA0203/xing244/AF_ClaSeq/results_NC_revision/ABL1/m_fold_random/01_m_fold_sampling/round_1/01_sampling/sampling_17/group_41_unrelaxed_rank_001_alphafold2_ptm_model_1_seed_042.pdb,80.95589928057554,52.282799999999995,16.415352,6.589736,9.537420749664307,11,1
/fs/ess/PAA0203/xing244/AF_ClaSeq/results_NC_revision/ABL1/m_fold_random/01_m_fold_sampling/round_1/01_sampling/sampling_17/group_31_unrelaxed_rank_001_alphafold2_ptm_model_1_seed_042.pdb,85.8125179856115,72.38600000000001,17.181868,6.3600388,9.606587409973145,11,1
/fs/ess/PAA0203/xing244/AF_ClaSeq/results_NC_revision/ABL1/m_fold_random/01_m_fold_sampling/round_1/01_sampling/sampling_17/group_46_unrelaxed_rank_001_alphafold2_ptm_model_1_seed_042.pdb,83.62658273381295,59.157199999999996,16.659359,6.6602283,9.659967470169068,11,1
/fs/ess/PAA0203/xing244/AF_ClaSeq/results_NC_revision/ABL1/m_fold_random/01_m_fold_sampling/round_1/01_sampling/sampling_17/group_17_unrelaxed_rank_001_alphafold2_ptm_model_1_seed_042.pdb,82.85262589928057,57.27,17.14956,6.4609585,9.667539215087888,11,1
/fs/ess/PAA0203/xing244/AF_ClaSeq/results_NC_revision/ABL1/m_fold_random/01_m_fold_sampling/round_1/01_sampling/sampling_17/group_14_unrelaxed_rank_001_alphafold2_ptm_model_1_seed_042.pdb,84.25007194244604,67.3836,16.862946,6.041644,9.288034534454345,11,1
/fs/ess/PAA0203/xing244/AF_ClaSeq/results_NC_revision/ABL1/m_fold_random/01_m_fold_sampling/round_1/01_sampling/sampling_17/group_4_unrelaxed_rank_001_alphafold2_ptm_model_1_seed_042.pdb,86.95949640287769,71.234,17.071985,6.3425374,9.561371755599975,11,1
/fs/ess/PAA0203/xing244/AF_ClaSeq/results_NC_revision/ABL1/m_fold_random/01_m_fold_sampling/round_1/01_sampling/sampling_17/group_12_unrelaxed_rank_001_alphafold2_ptm_model_1_seed_042.pdb,84.32661870503598,61.302,17.666965,6.5167284,9.8617995262146,11,1
/fs/ess/PAA0203/xing244/AF_ClaSeq/results_NC_revision/ABL1/m_fold_random/01_m_fold_sampling/round_1/01_sampling/sampling_17/group_38_unrelaxed_rank_001_alphafold2_ptm_model_1_seed_042.pdb,86.52280575539567,78.1004,17.388464,6.5761476,9.819842481613158,11,1
/fs/ess/PAA0203/xing244/AF_ClaSeq/results_NC_revision/ABL1/m_fold_random/01_m_fold_sampling/round_1/01_sampling/sampling_17/group_15_unrelaxed_rank_001_alphafold2_ptm_model_1_seed_042.pdb,83.66039568345323,59.29280000000001,17.38961,6.430507,9.718238115310669,11,1
/fs/ess/PAA0203/xing244/AF_ClaSeq/results_NC_revision/ABL1/m_fold_random/01_m_fold_sampling/round_1/01_sampling/sampling_17/group_23_unrelaxed_rank_001_alphafold2_ptm_model_1_seed_042.pdb,86.98176258992805,68.25319999999999,17.795485,6.261674,9.721817111968992,11,1
/fs/ess/PAA0203/xing244/AF_ClaSeq/results_NC_revision/ABL1/m_fold_random/01_m_fold_sampling/round_1/01_sampling/sampling_17/group_5_unrelaxed_rank_001_alphafold2_ptm_model_1_seed_042.pdb,82.66410071942447,49.088,16.121138,6.7079268,9.531890010833738,11,1
/fs/ess/PAA0203/xing244/AF_ClaSeq/results_NC_revision/ABL1/m_fold_random/01_m_fold_sampling/round_1/01_sampling/sampling_17/group_33_unrelaxed_rank_001_alphafold2_ptm_model_1_seed_042.pdb,83.88165467625899,72.60640000000001,19.442871,9.834183,12.716789245605469,11,1
/fs/ess/PAA0203/xing244/AF_ClaSeq/results_NC_revision/ABL1/m_fold_random/01_m_fold_sampling/round_1/01_sampling/sampling_17/group_27_unrelaxed_rank_001_alphafold2_ptm_model_1_seed_042.pdb,84.271654676259,65.1432,17.01842,6.268447,9.493438625335692,11,1
/fs/ess/PAA0203/xing244/AF_ClaSeq/results_NC_revision/ABL1/m_fold_random/01_m_fold_sampling/round_1/01_sampling/sampling_17/group_42_unrelaxed_rank_001_alphafold2_ptm_model_1_seed_042.pdb,82.72046762589929,49.9376,16.439318,7.6915393,10.315872812271117,11,1
/fs/ess/PAA0203/xing244/AF_ClaSeq/results_NC_revision/ABL1/m_fold_random/01_m_fold_sampling/round_1/01_sampling/sampling_17/group_10_unrelaxed_rank_001_alphafold2_ptm_model_1_seed_042.pdb,85.91248201438849,66.1044,17.277395,6.4680223,9.710834217071532,11,1
/fs/ess/PAA0203/xing244/AF_ClaSeq/results_NC_revision/ABL1/m_fold_random/01_m_fold_sampling/round_1/01_sampling/sampling_17/group_37_unrelaxed_rank_001_alphafold2_ptm_model_1_seed_042.pdb,86.70812949640288,73.8664,17.235588,6.372777,9.63162031173706,11,1
/fs/ess/PAA0203/xing244/AF_ClaSeq/results_NC_revision/ABL1/m_fold_random/01_m_fold_sampling/round_1/01_sampling/sampling_17/group_29_unrelaxed_rank_001_alphafold2_ptm_model_1_seed_042.pdb,81.35532374100718,47.264399999999995,16.560513,6.675672,9.641124200820922,11,1
/fs/ess/PAA0203/xing244/AF_ClaSeq/results_NC_revision/ABL1/m_fold_random/01_m_fold_sampling/round_1/01_sampling/sampling_17/group_18_unrelaxed_rank_001_alphafold2_ptm_model_1_seed_042.pdb,83.0251798561151,56.8452,17.064053,6.2410803,9.487971973419189,11,1
/fs/ess/PAA0203/xing244/AF_ClaSeq/results_NC_revision/ABL1/m_fold_random/01_m_fold_sampling/round_1/01_sampling/sampling_17/group_43_unrelaxed_rank_001_alphafold2_ptm_model_1_seed_042.pdb,84.56064748201439,59.288000000000004,16.867373,6.2136726,9.409782600402831,11,1
/fs/ess/PAA0203/xing244/AF_ClaSeq/results_NC_revision/ABL1/m_fold_random/01_m_fold_sampling/round_1/01_sampling/sampling_17/group_25_unrelaxed_rank_001_alphafold2_ptm_model_1_seed_042.pdb,82.9603237410072,60.41199999999999,17.164059,7.363807,10.30388264656067,11,1
/fs/ess/PAA0203/xing244/AF_ClaSeq/results_NC_revision/ABL1/m_fold_random/01_m_fold_sampling/round_1/01_sampling/sampling_17/group_3_unrelaxed_rank_001_alphafold2_ptm_model_1_seed_042.pdb,84.9908273381295,68.6124,16.897152,6.1929674,9.404222774505614,11,1
/fs/ess/PAA0203/xing244/AF_ClaSeq/results_NC_revision/ABL1/m_fold_random/01_m_fold_sampling/round_1/01_sampling/sampling_17/group_34_unrelaxed_rank_001_alphafold2_ptm_model_1_seed_042.pdb,79.91521582733813,49.772000000000006,13.759352,7.6080146,9.453415727615356,11,1
/fs/ess/PAA0203/xing244/AF_ClaSeq/results_NC_revision/ABL1/m_fold_random/01_m_fold_sampling/round_1/01_sampling/sampling_17/group_9_unrelaxed_rank_001_alphafold2_ptm_model_1_seed_042.pdb,85.08694244604317,68.0304,17.210342,6.446789,9.675854873657226,11,1
/fs/ess/PAA0203/xing244/AF_ClaSeq/results_NC_revision/ABL1/m_fold_random/01_m_fold_sampling/round_1/01_sampling/sampling_17/group_47_unrelaxed_rank_001_alphafold2_ptm_model_1_seed_042.pdb,87.8368345323741,73.69800000000001,17.168413,6.4751773,9.683148050308226,11,1
/fs/ess/PAA0203/xing244/AF_ClaSeq/results_NC_revision/ABL1/m_fold_random/01_m_fold_sampling/round_1/01_sampling/sampling_17/group_35_unrelaxed_rank_001_alphafold2_ptm_model_1_seed_042.pdb,87.21442446043166,79.3304,17.255404,6.3312345,9.608485174179076,11,1
/fs/ess/PAA0203/xing244/AF_ClaSeq/results_NC_revision/ABL1/m_fold_random/01_m_fold_sampling/round_1/01_sampling/sampling_17/group_24_unrelaxed_rank_001_alphafold2_ptm_model_1_seed_042.pdb,82.2560071942446,50.955600000000004,17.217112,6.181216,9.491984510421752,11,1
/fs/ess/PAA0203/xing244/AF_ClaSeq/results_NC_revision/ABL1/m_fold_random/01_m_fold_sampling/round_1/01_sampling/sampling_17/group_40_unrelaxed_rank_001_alphafold2_ptm_model_1_seed_042.pdb,85.9006834532374,71.55120000000001,17.527716,6.461426,9.781312751770018,11,1
/fs/ess/PAA0203/xing244/AF_ClaSeq/results_NC_revision/ABL1/m_fold_random/01_m_fold_sampling/round_1/01_sampling/sampling_17/group_1_unrelaxed_rank_001_alphafold2_ptm_model_1_seed_042.pdb,87.27028776978418,77.3776,17.260103,6.266378,9.564495515823364,11,1
/fs/ess/PAA0203/xing244/AF_ClaSeq/results_NC_revision/ABL1/m_fold_random/01_m_fold_sampling/round_1/01_sampling/sampling_17/group_30_unrelaxed_rank_001_alphafold2_ptm_model_1_seed_042.pdb,81.48075539568346,41.6832,17.012314,3.369796,7.462551379203797,11,1
/fs/ess/PAA0203/xing244/AF_ClaSeq/results_NC_revision/ABL1/m_fold_random/01_m_fold_sampling/round_1/01_sampling/sampling_17/group_26_unrelaxed_rank_001_alphafold2_ptm_model_1_seed_042.pdb,66.92107913669065,44.1124,22.046816,3.6175106,9.146302151679992,11,1
/fs/ess/PAA0203/xing244/AF_ClaSeq/results_NC_revision/ABL1/m_fold_random/01_m_fold_sampling/round_1/01_sampling/sampling_17/group_39_unrelaxed_rank_001_alphafold2_ptm_model_1_seed_042.pdb,83.74539568345322,62.7388,17.16169,6.368242,9.606276178359984,11,1
/fs/ess/PAA0203/xing244/AF_ClaSeq/results_NC_revision/ABL1/m_fold_random/01_m_fold_sampling/round_1/01_sampling/sampling_17/group_11_unrelaxed_rank_001_alphafold2_ptm_model_1_seed_042.pdb,80.94158273381295,48.9504,17.89,5.5429974,9.247097969055176,11,1
/fs/ess/PAA0203/xing244/AF_ClaSeq/results_NC_revision/ABL1/m_fold_random/01_m_fold_sampling/round_1/01_sampling/sampling_17/group_49_unrelaxed_rank_001_alphafold2_ptm_model_1_seed_042.pdb,86.68708633093526,70.2704,17.240192,6.4580727,9.692708587646484,12,1
/fs/ess/PAA0203/xing244/AF_ClaSeq/results_NC_revision/ABL1/m_fold_random/01_m_fold_sampling/round_1/01_sampling/sampling_17/group_45_unrelaxed_rank_001_alphafold2_ptm_model_1_seed_042.pdb,82.57985611510792,53.997200000000014,16.868124,6.3759356,9.523592090606689,11,1
/fs/ess/PAA0203/xing244/AF_ClaSeq/results_NC_revision/ABL1/m_fold_random/01_m_fold_sampling/round_1/01_sampling/sampling_17/group_2_unrelaxed_rank_001_alphafold2_ptm_model_1_seed_042.pdb,85.4746762589928,63.175200000000004,17.169706,6.442064,9.66035656929016,11,1
/fs/ess/PAA0203/xing244/AF_ClaSeq/results_NC_revision/ABL1/m_fold_random/01_m_fold_sampling/round_1/01_sampling/sampling_17/group_36_unrelaxed_rank_001_alphafold2_ptm_model_1_seed_042.pdb,86.9474820143885,82.5228,17.249472,6.330184,9.605970287322997,11,1
/fs/ess/PAA0203/xing244/AF_ClaSeq/results_NC_revision/ABL1/m_fold_random/01_m_fold_sampling/round_1/01_sampling/sampling_2/group_20_unrelaxed_rank_001_alphafold2_ptm_model_1_seed_042.pdb,84.2023381294964,64.4296,17.292233,7.1034107,10.160057258605956,11,1
/fs/ess/PAA0203/xing244/AF_ClaSeq/results_NC_revision/ABL1/m_fold_random/01_m_fold_sampling/round_1/01_sampling/sampling_2/group_44_unrelaxed_rank_001_alphafold2_ptm_model_1_seed_042.pdb,82.74392086330934,58.053599999999996,17.037193,6.327926,9.540706300735472,11,1
/fs/ess/PAA0203/xing244/AF_ClaSeq/results_NC_revision/ABL1/m_fold_random/01_m_fold_sampling/round_1/01_sampling/sampling_2/group_16_unrelaxed_rank_001_alphafold2_ptm_model_1_seed_042.pdb,84.66276978417267,67.80760000000001,17.667208,6.3036323,9.71270489692688,11,1
/fs/ess/PAA0203/xing244/AF_ClaSeq/results_NC_revision/ABL1/m_fold_random/01_m_fold_sampling/round_1/01_sampling/sampling_2/group_8_unrelaxed_rank_001_alphafold2_ptm_model_1_seed_042.pdb,82.5711510791367,53.083600000000004,17.06027,6.486906,9.658915328979493,11,1
/fs/ess/PAA0203/xing244/AF_ClaSeq/results_NC_revision/ABL1/m_fold_random/01_m_fold_sampling/round_1/01_sampling/sampling_2/group_48_unrelaxed_rank_001_alphafold2_ptm_model_1_seed_042.pdb,80.25302158273381,50.48999999999999,17.392649,6.4752054,9.750438404083251,11,1
/fs/ess/PAA0203/xing244/AF_ClaSeq/results_NC_revision/ABL1/m_fold_random/01_m_fold_sampling/round_1/01_sampling/sampling_2/group_6_unrelaxed_rank_001_alphafold2_ptm_model_1_seed_042.pdb,89.2118345323741,86.0372,17.599867,6.538768,9.857097530364989,11,1
/fs/ess/PAA0203/xing244/AF_ClaSeq/results_NC_revision/ABL1/m_fold_random/01_m_fold_sampling/round_1/01_sampling/sampling_2/group_19_unrelaxed_rank_001_alphafold2_ptm_model_1_seed_042.pdb,83.59392086330935,61.638400000000004,17.072472,6.1830297,9.449862241744995,11,1
/fs/ess/PAA0203/xing244/AF_ClaSeq/results_NC_revision/ABL1/m_fold_random/01_m_fold_sampling/round_1/01_sampling/sampling_2/group_13_unrelaxed_rank_001_alphafold2_ptm_model_1_seed_042.pdb,86.27672661870504,73.41,17.367273,6.4057035,9.694174480438232,11,1
/fs/ess/PAA0203/xing244/AF_ClaSeq/results_NC_revision/ABL1/m_fold_random/01_m_fold_sampling/round_1/01_sampling/sampling_2/group_28_unrelaxed_rank_001_alphafold2_ptm_model_1_seed_042.pdb,81.17809352517986,55.1712,17.058592,6.40913,9.603968620300293,11,1
/fs/ess/PAA0203/xing244/AF_ClaSeq/results_NC_revision/ABL1/m_fold_random/01_m_fold_sampling/round_1/01_sampling/sampling_2/group_32_unrelaxed_rank_001_alphafold2_ptm_model_1_seed_042.pdb,83.00190647482015,65.1512,18.006075,6.418919,9.89506583213806,11,1
/fs/ess/PAA0203/xing244/AF_ClaSeq/results_NC_revision/ABL1/m_fold_random/01_m_fold_sampling/round_1/01_sampling/sampling_2/group_22_unrelaxed_rank_001_alphafold2_ptm_model_1_seed_042.pdb,84.04755395683453,51.83599999999999,15.882308,6.196379,9.102157831192017,11,1
/fs/ess/PAA0203/xing244/AF_ClaSeq/results_NC_revision/ABL1/m_fold_random/01_m_fold_sampling/round_1/01_sampling/sampling_2/group_7_unrelaxed_rank_001_alphafold2_ptm_model_1_seed_042.pdb,85.63629496402878,65.56479999999999,17.176285,6.1771774,9.476909637451172,11,1
/fs/ess/PAA0203/xing244/AF_ClaSeq/results_NC_revision/ABL1/m_fold_random/01_m_fold_sampling/round_1/01_sampling/sampling_2/group_21_unrelaxed_rank_001_alphafold2_ptm_model_1_seed_042.pdb,82.28356115107913,50.8056,15.574145,7.9844055,10.261327457427978,11,1
/fs/ess/PAA0203/xing244/AF_ClaSeq/results_NC_revision/ABL1/m_fold_random/01_m_fold_sampling/round_1/01_sampling/sampling_2/group_41_unrelaxed_rank_001_alphafold2_ptm_model_1_seed_042.pdb,85.67805755395683,69.08239999999999,17.56702,6.5109186,9.827749156951903,11,1
/fs/ess/PAA0203/xing244/AF_ClaSeq/results_NC_revision/ABL1/m_fold_random/01_m_fold_sampling/round_1/01_sampling/sampling_2/group_31_unrelaxed_rank_001_alphafold2_ptm_model_1_seed_042.pdb,87.97989208633092,78.0248,17.603071,6.3562255,9.730279207229614,11,1
/fs/ess/PAA0203/xing244/AF_ClaSeq/results_NC_revision/ABL1/m_fold_random/01_m_fold_sampling/round_1/01_sampling/sampling_2/group_46_unrelaxed_rank_001_alphafold2_ptm_model_1_seed_042.pdb,84.7144964028777,69.5412,16.854158,6.2332797,9.419543313980103,11,1
/fs/ess/PAA0203/xing244/AF_ClaSeq/results_NC_revision/ABL1/m_fold_random/01_m_fold_sampling/round_1/01_sampling/sampling_2/group_17_unrelaxed_rank_001_alphafold2_ptm_model_1_seed_042.pdb,81.68989208633094,57.3592,17.33159,7.0449624,10.130950880050658,11,1
/fs/ess/PAA0203/xing244/AF_ClaSeq/results_NC_revision/ABL1/m_fold_random/01_m_fold_sampling/round_1/01_sampling/sampling_2/group_14_unrelaxed_rank_001_alphafold2_ptm_model_1_seed_042.pdb,86.04302158273381,75.074,17.636223,6.5139084,9.850602722167968,11,1
/fs/ess/PAA0203/xing244/AF_ClaSeq/results_NC_revision/ABL1/m_fold_random/01_m_fold_sampling/round_1/01_sampling/sampling_2/group_4_unrelaxed_rank_001_alphafold2_ptm_model_1_seed_042.pdb,82.83910071942445,55.1436,17.669981,6.7346025,10.015216016769408,11,1
/fs/ess/PAA0203/xing244/AF_ClaSeq/results_NC_revision/ABL1/m_fold_random/01_m_fold_sampling/round_1/01_sampling/sampling_2/group_12_unrelaxed_rank_001_alphafold2_ptm_model_1_seed_042.pdb,84.5525179856115,71.4088,17.358904,6.421996,9.703068447113036,11,1
/fs/ess/PAA0203/xing244/AF_ClaSeq/results_NC_revision/ABL1/m_fold_random/01_m_fold_sampling/round_1/01_sampling/sampling_2/group_38_unrelaxed_rank_001_alphafold2_ptm_model_1_seed_042.pdb,84.61482014388488,57.495999999999995,17.306181,6.3647647,9.647189569473266,11,1
/fs/ess/PAA0203/xing244/AF_ClaSeq/results_NC_revision/ABL1/m_fold_random/01_m_fold_sampling/round_1/01_sampling/sampling_2/group_15_unrelaxed_rank_001_alphafold2_ptm_model_1_seed_042.pdb,83.30079136690647,61.82639999999999,17.077368,6.2732515,9.51448640823364,11,1
/fs/ess/PAA0203/xing244/AF_ClaSeq/results_NC_revision/ABL1/m_fold_random/01_m_fold_sampling/round_1/01_sampling/sampling_2/group_23_unrelaxed_rank_001_alphafold2_ptm_model_1_seed_042.pdb,85.23946043165468,59.806400000000004,17.012905,6.383486,9.57231159210205,11,1
/fs/ess/PAA0203/xing244/AF_ClaSeq/results_NC_revision/ABL1/m_fold_random/01_m_fold_sampling/round_1/01_sampling/sampling_2/group_5_unrelaxed_rank_001_alphafold2_ptm_model_1_seed_042.pdb,82.86399280575539,53.904399999999995,17.378635,6.517301,9.775701379776,11,1
/fs/ess/PAA0203/xing244/AF_ClaSeq/results_NC_revision/ABL1/m_fold_random/01_m_fold_sampling/round_1/01_sampling/sampling_2/group_33_unrelaxed_rank_001_alphafold2_ptm_model_1_seed_042.pdb,82.15561151079137,57.464800000000004,18.347754,6.4731236,10.035512542724609,11,1
/fs/ess/PAA0203/xing244/AF_ClaSeq/results_NC_revision/ABL1/m_fold_random/01_m_fold_sampling/round_1/01_sampling/sampling_2/group_27_unrelaxed_rank_001_alphafold2_ptm_model_1_seed_042.pdb,80.73280575539569,48.2324,17.16676,7.3743653,10.31208357810974,11,1
/fs/ess/PAA0203/xing244/AF_ClaSeq/results_NC_revision/ABL1/m_fold_random/01_m_fold_sampling/round_1/01_sampling/sampling_2/group_42_unrelaxed_rank_001_alphafold2_ptm_model_1_seed_042.pdb,85.95582733812948,73.0316,17.257284,6.4242024,9.674126958847046,11,1
/fs/ess/PAA0203/xing244/AF_ClaSeq/results_NC_revision/ABL1/m_fold_random/01_m_fold_sampling/round_1/01_sampling/sampling_2/group_10_unrelaxed_rank_001_alphafold2_ptm_model_1_seed_042.pdb,83.03079136690647,64.8328,16.15775,6.5153303,9.408055973052978,11,1
/fs/ess/PAA0203/xing244/AF_ClaSeq/results_NC_revision/ABL1/m_fold_random/01_m_fold_sampling/round_1/01_sampling/sampling_2/group_37_unrelaxed_rank_001_alphafold2_ptm_model_1_seed_042.pdb,83.50910071942445,59.87559999999999,16.948328,6.344793,9.525853395462036,11,1
/fs/ess/PAA0203/xing244/AF_ClaSeq/results_NC_revision/ABL1/m_fold_random/01_m_fold_sampling/round_1/01_sampling/sampling_2/group_29_unrelaxed_rank_001_alphafold2_ptm_model_1_seed_042.pdb,84.70971223021584,64.21440000000001,16.936058,6.3540344,9.528641510009766,11,1
/fs/ess/PAA0203/xing244/AF_ClaSeq/results_NC_revision/ABL1/m_fold_random/01_m_fold_sampling/round_1/01_sampling/sampling_2/group_18_unrelaxed_rank_001_alphafold2_ptm_model_1_seed_042.pdb,84.68593525179857,63.096000000000004,17.031878,6.5578985,9.700092220306395,11,1
/fs/ess/PAA0203/xing244/AF_ClaSeq/results_NC_revision/ABL1/m_fold_random/01_m_fold_sampling/round_1/01_sampling/sampling_2/group_43_unrelaxed_rank_001_alphafold2_ptm_model_1_seed_042.pdb,82.94816546762588,59.72599999999999,17.436047,6.437209,9.736860370635986,11,1
/fs/ess/PAA0203/xing244/AF_ClaSeq/results_NC_revision/ABL1/m_fold_random/01_m_fold_sampling/round_1/01_sampling/sampling_2/group_25_unrelaxed_rank_001_alphafold2_ptm_model_1_seed_042.pdb,85.27827338129497,71.1,17.177658,6.280324,9.549524211883544,11,1
/fs/ess/PAA0203/xing244/AF_ClaSeq/results_NC_revision/ABL1/m_fold_random/01_m_fold_sampling/round_1/01_sampling/sampling_2/group_3_unrelaxed_rank_001_alphafold2_ptm_model_1_seed_042.pdb,84.66794964028777,68.8256,17.14234,7.279293,10.238207054138183,11,1
/fs/ess/PAA0203/xing244/AF_ClaSeq/results_NC_revision/ABL1/m_fold_random/01_m_fold_sampling/round_1/01_sampling/sampling_2/group_34_unrelaxed_rank_001_alphafold2_ptm_model_1_seed_042.pdb,83.20007194244604,63.643600000000006,17.428993,6.4947653,9.775033664703368,11,1
/fs/ess/PAA0203/xing244/AF_ClaSeq/results_NC_revision/ABL1/m_fold_random/01_m_fold_sampling/round_1/01_sampling/sampling_2/group_9_unrelaxed_rank_001_alphafold2_ptm_model_1_seed_042.pdb,87.74176258992806,80.1136,17.396372,6.411243,9.70678162574768,11,1
/fs/ess/PAA0203/xing244/AF_ClaSeq/results_NC_revision/ABL1/m_fold_random/01_m_fold_sampling/round_1/01_sampling/sampling_2/group_47_unrelaxed_rank_001_alphafold2_ptm_model_1_seed_042.pdb,83.31539568345323,56.3784,16.984922,7.5573735,10.385638189315795,11,1
/fs/ess/PAA0203/xing244/AF_ClaSeq/results_NC_revision/ABL1/m_fold_random/01_m_fold_sampling/round_1/01_sampling/sampling_2/group_35_unrelaxed_rank_001_alphafold2_ptm_model_1_seed_042.pdb,89.32122302158272,87.838,17.177406,6.2479796,9.526807641983032,11,1
/fs/ess/PAA0203/xing244/AF_ClaSeq/results_NC_revision/ABL1/m_fold_random/01_m_fold_sampling/round_1/01_sampling/sampling_2/group_24_unrelaxed_rank_001_alphafold2_ptm_model_1_seed_042.pdb,84.93971223021582,66.8564,16.534441,3.8558218,7.659407591819763,11,1
/fs/ess/PAA0203/xing244/AF_ClaSeq/results_NC_revision/ABL1/m_fold_random/01_m_fold_sampling/round_1/01_sampling/sampling_2/group_40_unrelaxed_rank_001_alphafold2_ptm_model_1_seed_042.pdb,80.1581654676259,45.0096,13.382106,6.96893,8.892882585525513,11,1
/fs/ess/PAA0203/xing244/AF_ClaSeq/results_NC_revision/ABL1/m_fold_random/01_m_fold_sampling/round_1/01_sampling/sampling_2/group_1_unrelaxed_rank_001_alphafold2_ptm_model_1_seed_042.pdb,82.72280575539568,54.9032,17.225733,6.1249933,9.455215167999267,11,1
/fs/ess/PAA0203/xing244/AF_ClaSeq/results_NC_revision/ABL1/m_fold_random/01_m_fold_sampling/round_1/01_sampling/sampling_2/group_30_unrelaxed_rank_001_alphafold2_ptm_model_1_seed_042.pdb,84.95420863309353,66.62799999999999,17.237759,6.289831,9.574209403991699,11,1
/fs/ess/PAA0203/xing244/AF_ClaSeq/results_NC_revision/ABL1/m_fold_random/01_m_fold_sampling/round_1/01_sampling/sampling_2/group_26_unrelaxed_rank_001_alphafold2_ptm_model_1_seed_042.pdb,85.52687050359711,77.4304,17.385693,6.2998805,9.625624132156371,11,1
/fs/ess/PAA0203/xing244/AF_ClaSeq/results_NC_revision/ABL1/m_fold_random/01_m_fold_sampling/round_1/01_sampling/sampling_2/group_39_unrelaxed_rank_001_alphafold2_ptm_model_1_seed_042.pdb,86.39625899280576,77.9692,17.169525,6.2445226,9.522023344039916,11,1
/fs/ess/PAA0203/xing244/AF_ClaSeq/results_NC_revision/ABL1/m_fold_random/01_m_fold_sampling/round_1/01_sampling/sampling_2/group_11_unrelaxed_rank_001_alphafold2_ptm_model_1_seed_042.pdb,81.22521582733813,50.84400000000001,17.422592,6.3675404,9.68405590057373,11,1
/fs/ess/PAA0203/xing244/AF_ClaSeq/results_NC_revision/ABL1/m_fold_random/01_m_fold_sampling/round_1/01_sampling/sampling_2/group_49_unrelaxed_rank_001_alphafold2_ptm_model_1_seed_042.pdb,84.9520143884892,65.1592,17.08234,7.285942,10.224861526489256,12,1
/fs/ess/PAA0203/xing244/AF_ClaSeq/results_NC_revision/ABL1/m_fold_random/01_m_fold_sampling/round_1/01_sampling/sampling_2/group_45_unrelaxed_rank_001_alphafold2_ptm_model_1_seed_042.pdb,85.96669064748201,71.3712,17.511026,6.4262767,9.751701593399048,11,1
/fs/ess/PAA0203/xing244/AF_ClaSeq/results_NC_revision/ABL1/m_fold_random/01_m_fold_sampling/round_1/01_sampling/sampling_2/group_2_unrelaxed_rank_001_alphafold2_ptm_model_1_seed_042.pdb,84.31258992805756,61.2308,17.498384,6.341335,9.688449716567993,11,1
/fs/ess/PAA0203/xing244/AF_ClaSeq/results_NC_revision/ABL1/m_fold_random/01_m_fold_sampling/round_1/01_sampling/sampling_2/group_36_unrelaxed_rank_001_alphafold2_ptm_model_1_seed_042.pdb,85.68456834532374,67.5732,17.439907,6.361587,9.685083055496214,11,1
/fs/ess/PAA0203/xing244/AF_ClaSeq/results_NC_revision/ABL1/m_fold_random/01_m_fold_sampling/round_1/01_sampling/sampling_37/group_20_unrelaxed_rank_001_alphafold2_ptm_model_1_seed_042.pdb,85.7418345323741,62.674400000000006,17.378742,7.8028765,10.675636196136473,11,1
/fs/ess/PAA0203/xing244/AF_ClaSeq/results_NC_revision/ABL1/m_fold_random/01_m_fold_sampling/round_1/01_sampling/sampling_37/group_44_unrelaxed_rank_001_alphafold2_ptm_model_1_seed_042.pdb,82.48079136690647,51.5672,17.06255,6.1023703,9.390424060821534,11,1
/fs/ess/PAA0203/xing244/AF_ClaSeq/results_NC_revision/ABL1/m_fold_random/01_m_fold_sampling/round_1/01_sampling/sampling_37/group_16_unrelaxed_rank_001_alphafold2_ptm_model_1_seed_042.pdb,81.03877697841726,46.257999999999996,15.851169,7.2824717,9.853080749511719,11,1
/fs/ess/PAA0203/xing244/AF_ClaSeq/results_NC_revision/ABL1/m_fold_random/01_m_fold_sampling/round_1/01_sampling/sampling_37/group_8_unrelaxed_rank_001_alphafold2_ptm_model_1_seed_042.pdb,85.05075539568345,63.1824,17.14339,7.2887597,10.24514899253845,11,1
/fs/ess/PAA0203/xing244/AF_ClaSeq/results_NC_revision/ABL1/m_fold_random/01_m_fold_sampling/round_1/01_sampling/sampling_37/group_48_unrelaxed_rank_001_alphafold2_ptm_model_1_seed_042.pdb,81.89248201438849,50.04560000000001,16.342909,6.8010364,9.663598108291625,11,1
/fs/ess/PAA0203/xing244/AF_ClaSeq/results_NC_revision/ABL1/m_fold_random/01_m_fold_sampling/round_1/01_sampling/sampling_37/group_6_unrelaxed_rank_001_alphafold2_ptm_model_1_seed_042.pdb,84.29449640287771,57.80479999999999,16.962208,6.3123474,9.507305526733397,11,1
/fs/ess/PAA0203/xing244/AF_ClaSeq/results_NC_revision/ABL1/m_fold_random/01_m_fold_sampling/round_1/01_sampling/sampling_37/group_19_unrelaxed_rank_001_alphafold2_ptm_model_1_seed_042.pdb,86.0286690647482,66.17399999999999,17.043825,6.1973486,9.451291561126709,11,1
/fs/ess/PAA0203/xing244/AF_ClaSeq/results_NC_revision/ABL1/m_fold_random/01_m_fold_sampling/round_1/01_sampling/sampling_37/group_13_unrelaxed_rank_001_alphafold2_ptm_model_1_seed_042.pdb,86.98496402877699,70.71480000000001,17.315065,7.35739,10.34469256401062,11,1
/fs/ess/PAA0203/xing244/AF_ClaSeq/results_NC_revision/ABL1/m_fold_random/01_m_fold_sampling/round_1/01_sampling/sampling_37/group_28_unrelaxed_rank_001_alphafold2_ptm_model_1_seed_042.pdb,85.18877697841728,65.87,17.06775,6.280831,9.516906881332396,11,1
/fs/ess/PAA0203/xing244/AF_ClaSeq/results_NC_revision/ABL1/m_fold_random/01_m_fold_sampling/round_1/01_sampling/sampling_37/group_32_unrelaxed_rank_001_alphafold2_ptm_model_1_seed_042.pdb,84.1474820143885,65.05,17.141048,6.1972466,9.480387115478514,11,1
/fs/ess/PAA0203/xing244/AF_ClaSeq/results_NC_revision/ABL1/m_fold_random/01_m_fold_sampling/round_1/01_sampling/sampling_37/group_22_unrelaxed_rank_001_alphafold2_ptm_model_1_seed_042.pdb,84.35294964028776,60.812,17.248753,6.320956,9.599295139312744,11,1
/fs/ess/PAA0203/xing244/AF_ClaSeq/results_NC_revision/ABL1/m_fold_random/01_m_fold_sampling/round_1/01_sampling/sampling_37/group_7_unrelaxed_rank_001_alphafold2_ptm_model_1_seed_042.pdb,83.87356115107914,61.8812,17.119692,6.4008884,9.61652946472168,11,1
/fs/ess/PAA0203/xing244/AF_ClaSeq/results_NC_revision/ABL1/m_fold_random/01_m_fold_sampling/round_1/01_sampling/sampling_37/group_21_unrelaxed_rank_001_alphafold2_ptm_model_1_seed_042.pdb,83.27294964028778,63.82200000000001,17.239187,6.60731,9.79687304496765,11,1
/fs/ess/PAA0203/xing244/AF_ClaSeq/results_NC_revision/ABL1/m_fold_random/01_m_fold_sampling/round_1/01_sampling/sampling_37/group_41_unrelaxed_rank_001_alphafold2_ptm_model_1_seed_042.pdb,85.97823741007193,78.42479999999999,17.335035,6.2444615,9.571633672714233,11,1
/fs/ess/PAA0203/xing244/AF_ClaSeq/results_NC_revision/ABL1/m_fold_random/01_m_fold_sampling/round_1/01_sampling/sampling_37/group_31_unrelaxed_rank_001_alphafold2_ptm_model_1_seed_042.pdb,85.57510791366907,72.8876,17.349707,6.346903,9.64774398803711,11,1
/fs/ess/PAA0203/xing244/AF_ClaSeq/results_NC_revision/ABL1/m_fold_random/01_m_fold_sampling/round_1/01_sampling/sampling_37/group_46_unrelaxed_rank_001_alphafold2_ptm_model_1_seed_042.pdb,83.67528776978418,72.1772,17.36561,6.4368067,9.715447711944579,11,1
/fs/ess/PAA0203/xing244/AF_ClaSeq/results_NC_revision/ABL1/m_fold_random/01_m_fold_sampling/round_1/01_sampling/sampling_37/group_17_unrelaxed_rank_001_alphafold2_ptm_model_1_seed_042.pdb,87.2708273381295,84.87200000000001,17.31707,6.3882523,9.666897583007813,11,1
/fs/ess/PAA0203/xing244/AF_ClaSeq/results_NC_revision/ABL1/m_fold_random/01_m_fold_sampling/round_1/01_sampling/sampling_37/group_14_unrelaxed_rank_001_alphafold2_ptm_model_1_seed_042.pdb,87.39672661870505,82.74040000000001,17.401724,6.23183,9.58279824256897,11,1
/fs/ess/PAA0203/xing244/AF_ClaSeq/results_NC_revision/ABL1/m_fold_random/01_m_fold_sampling/round_1/01_sampling/sampling_37/group_4_unrelaxed_rank_001_alphafold2_ptm_model_1_seed_042.pdb,82.3851798561151,59.1276,16.76486,6.4833374,9.567794227600096,11,1
/fs/ess/PAA0203/xing244/AF_ClaSeq/results_NC_revision/ABL1/m_fold_random/01_m_fold_sampling/round_1/01_sampling/sampling_37/group_12_unrelaxed_rank_001_alphafold2_ptm_model_1_seed_042.pdb,79.30464028776979,43.394800000000004,15.5417185,6.7496943,9.38730158805847,11,1
/fs/ess/PAA0203/xing244/AF_ClaSeq/results_NC_revision/ABL1/m_fold_random/01_m_fold_sampling/round_1/01_sampling/sampling_37/group_38_unrelaxed_rank_001_alphafold2_ptm_model_1_seed_042.pdb,81.84100719424461,55.904,17.131222,6.3895698,9.612065362930297,11,1
/fs/ess/PAA0203/xing244/AF_ClaSeq/results_NC_revision/ABL1/m_fold_random/01_m_fold_sampling/round_1/01_sampling/sampling_37/group_15_unrelaxed_rank_001_alphafold2_ptm_model_1_seed_042.pdb,86.98834532374102,75.43480000000001,17.049965,6.2997355,9.52480435371399,11,1
/fs/ess/PAA0203/xing244/AF_ClaSeq/results_NC_revision/ABL1/m_fold_random/01_m_fold_sampling/round_1/01_sampling/sampling_37/group_23_unrelaxed_rank_001_alphafold2_ptm_model_1_seed_042.pdb,84.38557553956834,64.1504,17.256746,6.4752235,9.709680366516114,11,1
/fs/ess/PAA0203/xing244/AF_ClaSeq/results_NC_revision/ABL1/m_fold_random/01_m_fold_sampling/round_1/01_sampling/sampling_37/group_5_unrelaxed_rank_001_alphafold2_ptm_model_1_seed_042.pdb,84.63226618705035,66.9504,17.1027,6.317108,9.552785491943359,11,1
/fs/ess/PAA0203/xing244/AF_ClaSeq/results_NC_revision/ABL1/m_fold_random/01_m_fold_sampling/round_1/01_sampling/sampling_37/group_33_unrelaxed_rank_001_alphafold2_ptm_model_1_seed_042.pdb,87.6894964028777,80.07440000000001,17.402914,6.4635944,9.745390319824217,11,1
/fs/ess/PAA0203/xing244/AF_ClaSeq/results_NC_revision/ABL1/m_fold_random/01_m_fold_sampling/round_1/01_sampling/sampling_37/group_27_unrelaxed_rank_001_alphafold2_ptm_model_1_seed_042.pdb,85.64726618705036,68.33359999999999,17.124617,6.385615,9.607315397262573,11,1
/fs/ess/PAA0203/xing244/AF_ClaSeq/results_NC_revision/ABL1/m_fold_random/01_m_fold_sampling/round_1/01_sampling/sampling_37/group_42_unrelaxed_rank_001_alphafold2_ptm_model_1_seed_042.pdb,84.74428057553958,70.9764,15.536215,5.9240365,8.807690000534057,11,1
/fs/ess/PAA0203/xing244/AF_ClaSeq/results_NC_revision/ABL1/m_fold_random/01_m_fold_sampling/round_1/01_sampling/sampling_37/group_10_unrelaxed_rank_001_alphafold2_ptm_model_1_seed_042.pdb,82.80122302158274,61.3036,17.16788,6.8201756,9.924486684799195,11,1
/fs/ess/PAA0203/xing244/AF_ClaSeq/results_NC_revision/ABL1/m_fold_random/01_m_fold_sampling/round_1/01_sampling/sampling_37/group_37_unrelaxed_rank_001_alphafold2_ptm_model_1_seed_042.pdb,83.23456834532374,64.9628,17.236092,5.9571223,9.34081311225891,11,1
/fs/ess/PAA0203/xing244/AF_ClaSeq/results_NC_revision/ABL1/m_fold_random/01_m_fold_sampling/round_1/01_sampling/sampling_37/group_29_unrelaxed_rank_001_alphafold2_ptm_model_1_seed_042.pdb,87.0938129496403,76.1452,17.654543,4.4019217,8.377708101272583,11,1
/fs/ess/PAA0203/xing244/AF_ClaSeq/results_NC_revision/ABL1/m_fold_random/01_m_fold_sampling/round_1/01_sampling/sampling_37/group_18_unrelaxed_rank_001_alphafold2_ptm_model_1_seed_042.pdb,86.37395683453236,66.5324,17.313347,6.464245,9.718975448608397,11,1
/fs/ess/PAA0203/xing244/AF_ClaSeq/results_NC_revision/ABL1/m_fold_random/01_m_fold_sampling/round_1/01_sampling/sampling_37/group_43_unrelaxed_rank_001_alphafold2_ptm_model_1_seed_042.pdb,88.63294964028776,85.8752,17.307098,6.2629247,9.576176786422728,11,1
/fs/ess/PAA0203/xing244/AF_ClaSeq/results_NC_revision/ABL1/m_fold_random/01_m_fold_sampling/round_1/01_sampling/sampling_37/group_25_unrelaxed_rank_001_alphafold2_ptm_model_1_seed_042.pdb,81.77406474820145,68.2192,17.084917,5.1831875,8.753706359863282,11,1
/fs/ess/PAA0203/xing244/AF_ClaSeq/results_NC_revision/ABL1/m_fold_random/01_m_fold_sampling/round_1/01_sampling/sampling_37/group_3_unrelaxed_rank_001_alphafold2_ptm_model_1_seed_042.pdb,85.63179856115107,64.27,17.609787,6.2995896,9.69264883995056,11,1
/fs/ess/PAA0203/xing244/AF_ClaSeq/results_NC_revision/ABL1/m_fold_random/01_m_fold_sampling/round_1/01_sampling/sampling_37/group_34_unrelaxed_rank_001_alphafold2_ptm_model_1_seed_042.pdb,84.90625899280575,68.27960000000002,17.295769,6.3836923,9.65731520652771,11,1
/fs/ess/PAA0203/xing244/AF_ClaSeq/results_NC_revision/ABL1/m_fold_random/01_m_fold_sampling/round_1/01_sampling/sampling_37/group_9_unrelaxed_rank_001_alphafold2_ptm_model_1_seed_042.pdb,88.13341726618707,83.41,17.433516,6.359707,9.681849479675293,11,1
/fs/ess/PAA0203/xing244/AF_ClaSeq/results_NC_revision/ABL1/m_fold_random/01_m_fold_sampling/round_1/01_sampling/sampling_37/group_47_unrelaxed_rank_001_alphafold2_ptm_model_1_seed_042.pdb,82.11665467625899,48.6488,16.879154,3.458662,7.484809684753418,11,1
/fs/ess/PAA0203/xing244/AF_ClaSeq/results_NC_revision/ABL1/m_fold_random/01_m_fold_sampling/round_1/01_sampling/sampling_37/group_35_unrelaxed_rank_001_alphafold2_ptm_model_1_seed_042.pdb,86.52535971223021,73.4048,17.231377,6.361839,9.62270016670227,11,1
/fs/ess/PAA0203/xing244/AF_ClaSeq/results_NC_revision/ABL1/m_fold_random/01_m_fold_sampling/round_1/01_sampling/sampling_37/group_24_unrelaxed_rank_001_alphafold2_ptm_model_1_seed_042.pdb,83.96863309352517,60.8256,17.251575,6.2858276,9.575551986694336,11,1
/fs/ess/PAA0203/xing244/AF_ClaSeq/results_NC_revision/ABL1/m_fold_random/01_m_fold_sampling/round_1/01_sampling/sampling_37/group_40_unrelaxed_rank_001_alphafold2_ptm_model_1_seed_042.pdb,81.65061151079136,55.81960000000001,17.120897,6.5475583,9.71956000328064,11,1
/fs/ess/PAA0203/xing244/AF_ClaSeq/results_NC_revision/ABL1/m_fold_random/01_m_fold_sampling/round_1/01_sampling/sampling_37/group_1_unrelaxed_rank_001_alphafold2_ptm_model_1_seed_042.pdb,86.74794964028777,80.2476,17.37495,6.3164845,9.634024238586425,11,1
/fs/ess/PAA0203/xing244/AF_ClaSeq/results_NC_revision/ABL1/m_fold_random/01_m_fold_sampling/round_1/01_sampling/sampling_37/group_30_unrelaxed_rank_001_alphafold2_ptm_model_1_seed_042.pdb,88.6344964028777,84.0732,17.299559,6.3702617,9.649050760269164,11,1
/fs/ess/PAA0203/xing244/AF_ClaSeq/results_NC_revision/ABL1/m_fold_random/01_m_fold_sampling/round_1/01_sampling/sampling_37/group_26_unrelaxed_rank_001_alphafold2_ptm_model_1_seed_042.pdb,87.37906474820143,79.72200000000001,17.16201,6.1251574,9.436213207244872,11,1
/fs/ess/PAA0203/xing244/AF_ClaSeq/results_NC_revision/ABL1/m_fold_random/01_m_fold_sampling/round_1/01_sampling/sampling_37/group_39_unrelaxed_rank_001_alphafold2_ptm_model_1_seed_042.pdb,81.77007194244604,55.2164,17.007473,6.433221,9.605496501922605,11,1
/fs/ess/PAA0203/xing244/AF_ClaSeq/results_NC_revision/ABL1/m_fold_random/01_m_fold_sampling/round_1/01_sampling/sampling_37/group_11_unrelaxed_rank_001_alphafold2_ptm_model_1_seed_042.pdb,86.12154676258993,67.3128,17.377928,6.606293,9.837783575057983,11,1
/fs/ess/PAA0203/xing244/AF_ClaSeq/results_NC_revision/ABL1/m_fold_random/01_m_fold_sampling/round_1/01_sampling/sampling_37/group_49_unrelaxed_rank_001_alphafold2_ptm_model_1_seed_042.pdb,83.3803597122302,57.646800000000006,17.152006,7.027773,10.065042877197264,12,1
/fs/ess/PAA0203/xing244/AF_ClaSeq/results_NC_revision/ABL1/m_fold_random/01_m_fold_sampling/round_1/01_sampling/sampling_37/group_45_unrelaxed_rank_001_alphafold2_ptm_model_1_seed_042.pdb,82.89107913669065,59.565999999999995,16.946497,6.510604,9.641371822357177,11,1
/fs/ess/PAA0203/xing244/AF_ClaSeq/results_NC_revision/ABL1/m_fold_random/01_m_fold_sampling/round_1/01_sampling/sampling_37/group_2_unrelaxed_rank_001_alphafold2_ptm_model_1_seed_042.pdb,84.68093525179857,58.48,15.828033,6.596879,9.366225337982177,11,1
/fs/ess/PAA0203/xing244/AF_ClaSeq/results_NC_revision/ABL1/m_fold_random/01_m_fold_sampling/round_1/01_sampling/sampling_37/group_36_unrelaxed_rank_001_alphafold2_ptm_model_1_seed_042.pdb,81.0951438848921,51.326800000000006,16.848309,3.48419,7.493425559997558,11,1
/fs/ess/PAA0203/xing244/AF_ClaSeq/results_NC_revision/ABL1/m_fold_random/01_m_fold_sampling/round_1/01_sampling/sampling_49/group_20_unrelaxed_rank_001_alphafold2_ptm_model_1_seed_042.pdb,84.4661510791367,64.5192,17.020699,6.2430606,9.476351976394653,11,1
/fs/ess/PAA0203/xing244/AF_ClaSeq/results_NC_revision/ABL1/m_fold_random/01_m_fold_sampling/round_1/01_sampling/sampling_49/group_44_unrelaxed_rank_001_alphafold2_ptm_model_1_seed_042.pdb,82.09895683453239,49.636,17.04136,6.3779836,9.576996755599975,11,1
/fs/ess/PAA0203/xing244/AF_ClaSeq/results_NC_revision/ABL1/m_fold_random/01_m_fold_sampling/round_1/01_sampling/sampling_49/group_16_unrelaxed_rank_001_alphafold2_ptm_model_1_seed_042.pdb,83.1611510791367,65.9164,17.13357,6.556011,9.729278755187988,11,1
/fs/ess/PAA0203/xing244/AF_ClaSeq/results_NC_revision/ABL1/m_fold_random/01_m_fold_sampling/round_1/01_sampling/sampling_49/group_8_unrelaxed_rank_001_alphafold2_ptm_model_1_seed_042.pdb,80.2051798561151,51.4036,17.622412,6.742713,10.006622600555419,11,1
/fs/ess/PAA0203/xing244/AF_ClaSeq/results_NC_revision/ABL1/m_fold_random/01_m_fold_sampling/round_1/01_sampling/sampling_49/group_48_unrelaxed_rank_001_alphafold2_ptm_model_1_seed_042.pdb,81.9226618705036,62.1984,16.871143,4.3119235,8.079689455032348,11,1
/fs/ess/PAA0203/xing244/AF_ClaSeq/results_NC_revision/ABL1/m_fold_random/01_m_fold_sampling/round_1/01_sampling/sampling_49/group_6_unrelaxed_rank_001_alphafold2_ptm_model_1_seed_042.pdb,86.30043165467625,67.17399999999999,17.305834,6.5245686,9.758948135375975,11,1
/fs/ess/PAA0203/xing244/AF_ClaSeq/results_NC_revision/ABL1/m_fold_random/01_m_fold_sampling/round_1/01_sampling/sampling_49/group_19_unrelaxed_rank_001_alphafold2_ptm_model_1_seed_042.pdb,84.54690647482013,66.194,16.880325,6.382452,9.531814002990721,11,1
/fs/ess/PAA0203/xing244/AF_ClaSeq/results_NC_revision/ABL1/m_fold_random/01_m_fold_sampling/round_1/01_sampling/sampling_49/group_13_unrelaxed_rank_001_alphafold2_ptm_model_1_seed_042.pdb,86.76838129496403,71.9092,17.318436,6.619076,9.828883743286132,11,1
/fs/ess/PAA0203/xing244/AF_ClaSeq/results_NC_revision/ABL1/m_fold_random/01_m_fold_sampling/round_1/01_sampling/sampling_49/group_28_unrelaxed_rank_001_alphafold2_ptm_model_1_seed_042.pdb,86.59701438848921,79.62440000000001,17.611256,6.4143677,9.77343406677246,11,1
/fs/ess/PAA0203/xing244/AF_ClaSeq/results_NC_revision/ABL1/m_fold_random/01_m_fold_sampling/round_1/01_sampling/sampling_49/group_32_unrelaxed_rank_001_alphafold2_ptm_model_1_seed_042.pdb,80.85273381294964,57.406000000000006,16.928633,3.684327,7.657618641853332,11,1
/fs/ess/PAA0203/xing244/AF_ClaSeq/results_NC_revision/ABL1/m_fold_random/01_m_fold_sampling/round_1/01_sampling/sampling_49/group_22_unrelaxed_rank_001_alphafold2_ptm_model_1_seed_042.pdb,84.81906474820144,59.27879999999999,17.607943,6.5091114,9.838760757446288,11,1
/fs/ess/PAA0203/xing244/AF_ClaSeq/results_NC_revision/ABL1/m_fold_random/01_m_fold_sampling/round_1/01_sampling/sampling_49/group_7_unrelaxed_rank_001_alphafold2_ptm_model_1_seed_042.pdb,86.08838129496402,75.0564,17.765335,4.9455643,8.791495513916015,11,1
/fs/ess/PAA0203/xing244/AF_ClaSeq/results_NC_revision/ABL1/m_fold_random/01_m_fold_sampling/round_1/01_sampling/sampling_49/group_21_unrelaxed_rank_001_alphafold2_ptm_model_1_seed_042.pdb,85.14723021582734,74.3968,17.361818,6.2307725,9.570086240768433,11,1
/fs/ess/PAA0203/xing244/AF_ClaSeq/results_NC_revision/ABL1/m_fold_random/01_m_fold_sampling/round_1/01_sampling/sampling_49/group_41_unrelaxed_rank_001_alphafold2_ptm_model_1_seed_042.pdb,80.81,41.464,5.481374,6.9021235,6.475898551940917,11,1
/fs/ess/PAA0203/xing244/AF_ClaSeq/results_NC_revision/ABL1/m_fold_random/01_m_fold_sampling/round_1/01_sampling/sampling_49/group_31_unrelaxed_rank_001_alphafold2_ptm_model_1_seed_042.pdb,88.25730215827338,83.65559999999999,17.391518,6.2414007,9.586435794830322,11,1
/fs/ess/PAA0203/xing244/AF_ClaSeq/results_NC_revision/ABL1/m_fold_random/01_m_fold_sampling/round_1/01_sampling/sampling_49/group_46_unrelaxed_rank_001_alphafold2_ptm_model_1_seed_042.pdb,86.86985611510791,77.47040000000001,17.286648,6.370253,9.645171499252319,11,1
/fs/ess/PAA0203/xing244/AF_ClaSeq/results_NC_revision/ABL1/m_fold_random/01_m_fold_sampling/round_1/01_sampling/sampling_49/group_17_unrelaxed_rank_001_alphafold2_ptm_model_1_seed_042.pdb,84.69546762589928,60.5816,17.270796,6.4115815,9.669345808029174,11,1
/fs/ess/PAA0203/xing244/AF_ClaSeq/results_NC_revision/ABL1/m_fold_random/01_m_fold_sampling/round_1/01_sampling/sampling_49/group_14_unrelaxed_rank_001_alphafold2_ptm_model_1_seed_042.pdb,84.90424460431653,66.31960000000001,17.348465,6.680958,9.88120994567871,11,1
/fs/ess/PAA0203/xing244/AF_ClaSeq/results_NC_revision/ABL1/m_fold_random/01_m_fold_sampling/round_1/01_sampling/sampling_49/group_4_unrelaxed_rank_001_alphafold2_ptm_model_1_seed_042.pdb,79.83345323741005,47.5316,16.140846,2.210091,6.389317655563355,11,1
/fs/ess/PAA0203/xing244/AF_ClaSeq/results_NC_revision/ABL1/m_fold_random/01_m_fold_sampling/round_1/01_sampling/sampling_49/group_12_unrelaxed_rank_001_alphafold2_ptm_model_1_seed_042.pdb,82.6626978417266,56.93,17.138094,6.390746,9.614950466156007,11,1
/fs/ess/PAA0203/xing244/AF_ClaSeq/results_NC_revision/ABL1/m_fold_random/01_m_fold_sampling/round_1/01_sampling/sampling_49/group_38_unrelaxed_rank_001_alphafold2_ptm_model_1_seed_042.pdb,83.27615107913668,57.61,17.431133,6.532407,9.80202474594116,11,1
/fs/ess/PAA0203/xing244/AF_ClaSeq/results_NC_revision/ABL1/m_fold_random/01_m_fold_sampling/round_1/01_sampling/sampling_49/group_15_unrelaxed_rank_001_alphafold2_ptm_model_1_seed_042.pdb,80.13312949640287,49.5308,16.94721,6.597512,9.702421331405638,11,1
/fs/ess/PAA0203/xing244/AF_ClaSeq/results_NC_revision/ABL1/m_fold_random/01_m_fold_sampling/round_1/01_sampling/sampling_49/group_23_unrelaxed_rank_001_alphafold2_ptm_model_1_seed_042.pdb,82.5869784172662,60.190799999999996,16.709679,6.7334776,9.726337909698486,11,1
/fs/ess/PAA0203/xing244/AF_ClaSeq/results_NC_revision/ABL1/m_fold_random/01_m_fold_sampling/round_1/01_sampling/sampling_49/group_5_unrelaxed_rank_001_alphafold2_ptm_model_1_seed_042.pdb,85.01417266187052,67.89399999999999,17.133432,6.3420196,9.579443407058715,11,1
/fs/ess/PAA0203/xing244/AF_ClaSeq/results_NC_revision/ABL1/m_fold_random/01_m_fold_sampling/round_1/01_sampling/sampling_49/group_33_unrelaxed_rank_001_alphafold2_ptm_model_1_seed_042.pdb,82.60589928057554,52.732,14.691085,7.9141717,9.947245645523072,11,1
/fs/ess/PAA0203/xing244/AF_ClaSeq/results_NC_revision/ABL1/m_fold_random/01_m_fold_sampling/round_1/01_sampling/sampling_49/group_27_unrelaxed_rank_001_alphafold2_ptm_model_1_seed_042.pdb,85.92553956834531,71.2212,17.064627,6.535677,9.694361877441406,11,1
/fs/ess/PAA0203/xing244/AF_ClaSeq/results_NC_revision/ABL1/m_fold_random/01_m_fold_sampling/round_1/01_sampling/sampling_49/group_42_unrelaxed_rank_001_alphafold2_ptm_model_1_seed_042.pdb,82.83129496402877,56.2672,13.962501,8.236048,9.95398359298706,11,1
/fs/ess/PAA0203/xing244/AF_ClaSeq/results_NC_revision/ABL1/m_fold_random/01_m_fold_sampling/round_1/01_sampling/sampling_49/group_10_unrelaxed_rank_001_alphafold2_ptm_model_1_seed_042.pdb,83.51989208633093,56.632,14.401653,4.550604,7.50591869354248,11,1
/fs/ess/PAA0203/xing244/AF_ClaSeq/results_NC_revision/ABL1/m_fold_random/01_m_fold_sampling/round_1/01_sampling/sampling_49/group_37_unrelaxed_rank_001_alphafold2_ptm_model_1_seed_042.pdb,86.26636690647483,72.36359999999999,17.402065,6.2452917,9.592323780059814,11,1
/fs/ess/PAA0203/xing244/AF_ClaSeq/results_NC_revision/ABL1/m_fold_random/01_m_fold_sampling/round_1/01_sampling/sampling_49/group_29_unrelaxed_rank_001_alphafold2_ptm_model_1_seed_042.pdb,83.66446043165467,59.1324,17.486717,6.5195084,9.809671020507812,11,1
/fs/ess/PAA0203/xing244/AF_ClaSeq/results_NC_revision/ABL1/m_fold_random/01_m_fold_sampling/round_1/01_sampling/sampling_49/group_18_unrelaxed_rank_001_alphafold2_ptm_model_1_seed_042.pdb,83.43363309352517,58.934000000000005,17.049828,6.017023,9.326864433288574,11,1
/fs/ess/PAA0203/xing244/AF_ClaSeq/results_NC_revision/ABL1/m_fold_random/01_m_fold_sampling/round_1/01_sampling/sampling_49/group_43_unrelaxed_rank_001_alphafold2_ptm_model_1_seed_042.pdb,86.39856115107915,74.22200000000001,17.172483,6.2212586,9.506626081466674,11,1
/fs/ess/PAA0203/xing244/AF_ClaSeq/results_NC_revision/ABL1/m_fold_random/01_m_fold_sampling/round_1/01_sampling/sampling_49/group_25_unrelaxed_rank_001_alphafold2_ptm_model_1_seed_042.pdb,83.0396762589928,55.737199999999994,15.752228,6.110356,9.002917432785033,11,1
/fs/ess/PAA0203/xing244/AF_ClaSeq/results_NC_revision/ABL1/m_fold_random/01_m_fold_sampling/round_1/01_sampling/sampling_49/group_3_unrelaxed_rank_001_alphafold2_ptm_model_1_seed_042.pdb,85.33906474820144,63.582800000000006,16.79634,3.815441,7.7097109079360955,11,1
/fs/ess/PAA0203/xing244/AF_ClaSeq/results_NC_revision/ABL1/m_fold_random/01_m_fold_sampling/round_1/01_sampling/sampling_49/group_34_unrelaxed_rank_001_alphafold2_ptm_model_1_seed_042.pdb,82.22694244604317,60.8672,17.299818,6.5030155,9.742056274414061,11,1
/fs/ess/PAA0203/xing244/AF_ClaSeq/results_NC_revision/ABL1/m_fold_random/01_m_fold_sampling/round_1/01_sampling/sampling_49/group_9_unrelaxed_rank_001_alphafold2_ptm_model_1_seed_042.pdb,86.23420863309353,73.6948,17.48504,6.43084,9.747100210189819,11,1
/fs/ess/PAA0203/xing244/AF_ClaSeq/results_NC_revision/ABL1/m_fold_random/01_m_fold_sampling/round_1/01_sampling/sampling_49/group_47_unrelaxed_rank_001_alphafold2_ptm_model_1_seed_042.pdb,87.15107913669065,76.79360000000001,17.485989,6.226759,9.604527854919432,11,1
/fs/ess/PAA0203/xing244/AF_ClaSeq/results_NC_revision/ABL1/m_fold_random/01_m_fold_sampling/round_1/01_sampling/sampling_49/group_35_unrelaxed_rank_001_alphafold2_ptm_model_1_seed_042.pdb,86.92640287769784,84.1196,17.395918,6.4567823,9.738523006439209,11,1
/fs/ess/PAA0203/xing244/AF_ClaSeq/results_NC_revision/ABL1/m_fold_random/01_m_fold_sampling/round_1/01_sampling/sampling_49/group_24_unrelaxed_rank_001_alphafold2_ptm_model_1_seed_042.pdb,85.87068345323739,70.9588,17.425081,6.584294,9.836530065536499,11,1
/fs/ess/PAA0203/xing244/AF_ClaSeq/results_NC_revision/ABL1/m_fold_random/01_m_fold_sampling/round_1/01_sampling/sampling_49/group_40_unrelaxed_rank_001_alphafold2_ptm_model_1_seed_042.pdb,82.72931654676259,55.1452,17.37749,6.4332657,9.716532707214355,11,1
/fs/ess/PAA0203/xing244/AF_ClaSeq/results_NC_revision/ABL1/m_fold_random/01_m_fold_sampling/round_1/01_sampling/sampling_49/group_1_unrelaxed_rank_001_alphafold2_ptm_model_1_seed_042.pdb,83.18827338129496,54.965599999999995,17.188574,6.4727416,9.687491273880005,11,1
/fs/ess/PAA0203/xing244/AF_ClaSeq/results_NC_revision/ABL1/m_fold_random/01_m_fold_sampling/round_1/01_sampling/sampling_49/group_30_unrelaxed_rank_001_alphafold2_ptm_model_1_seed_042.pdb,83.91978417266186,61.9468,17.206095,6.320371,9.586088228225707,11,1
/fs/ess/PAA0203/xing244/AF_ClaSeq/results_NC_revision/ABL1/m_fold_random/01_m_fold_sampling/round_1/01_sampling/sampling_49/group_26_unrelaxed_rank_001_alphafold2_ptm_model_1_seed_042.pdb,87.60910071942446,82.3548,17.631725,6.399931,9.769469261169434,11,1
/fs/ess/PAA0203/xing244/AF_ClaSeq/results_NC_revision/ABL1/m_fold_random/01_m_fold_sampling/round_1/01_sampling/sampling_49/group_39_unrelaxed_rank_001_alphafold2_ptm_model_1_seed_042.pdb,86.92737410071943,79.6452,17.52018,6.3296194,9.686787509918211,11,1
/fs/ess/PAA0203/xing244/AF_ClaSeq/results_NC_revision/ABL1/m_fold_random/01_m_fold_sampling/round_1/01_sampling/sampling_49/group_11_unrelaxed_rank_001_alphafold2_ptm_model_1_seed_042.pdb,87.03924460431655,76.5916,17.118774,6.283636,9.534177589416505,11,1
/fs/ess/PAA0203/xing244/AF_ClaSeq/results_NC_revision/ABL1/m_fold_random/01_m_fold_sampling/round_1/01_sampling/sampling_49/group_49_unrelaxed_rank_001_alphafold2_ptm_model_1_seed_042.pdb,85.12010791366906,63.50200000000001,17.315552,6.5031185,9.746848487854002,12,1
/fs/ess/PAA0203/xing244/AF_ClaSeq/results_NC_revision/ABL1/m_fold_random/01_m_fold_sampling/round_1/01_sampling/sampling_49/group_45_unrelaxed_rank_001_alphafold2_ptm_model_1_seed_042.pdb,86.40593525179855,73.92599999999999,17.039524,6.2161207,9.46314172744751,11,1
/fs/ess/PAA0203/xing244/AF_ClaSeq/results_NC_revision/ABL1/m_fold_random/01_m_fold_sampling/round_1/01_sampling/sampling_49/group_2_unrelaxed_rank_001_alphafold2_ptm_model_1_seed_042.pdb,90.09946043165468,86.4636,17.466806,6.332701,9.67293276786804,11,1
/fs/ess/PAA0203/xing244/AF_ClaSeq/results_NC_revision/ABL1/m_fold_random/01_m_fold_sampling/round_1/01_sampling/sampling_49/group_36_unrelaxed_rank_001_alphafold2_ptm_model_1_seed_042.pdb,79.28492805755397,71.51360000000001,18.827177,7.060245,10.590324640274048,11,1
/fs/ess/PAA0203/xing244/AF_ClaSeq/results_NC_revision/ABL1/m_fold_random/01_m_fold_sampling/round_1/01_sampling/sampling_24/group_20_unrelaxed_rank_001_alphafold2_ptm_model_1_seed_042.pdb,84.46715827338129,61.326800000000006,17.39008,6.400488,9.697365379333496,11,1
/fs/ess/PAA0203/xing244/AF_ClaSeq/results_NC_revision/ABL1/m_fold_random/01_m_fold_sampling/round_1/01_sampling/sampling_24/group_44_unrelaxed_rank_001_alphafold2_ptm_model_1_seed_042.pdb,82.05618705035971,58.1268,17.441002,6.2877135,9.633700037002562,11,1
/fs/ess/PAA0203/xing244/AF_ClaSeq/results_NC_revision/ABL1/m_fold_random/01_m_fold_sampling/round_1/01_sampling/sampling_24/group_16_unrelaxed_rank_001_alphafold2_ptm_model_1_seed_042.pdb,86.16161870503598,76.0528,17.273722,6.220549,9.536500883102416,11,1
/fs/ess/PAA0203/xing244/AF_ClaSeq/results_NC_revision/ABL1/m_fold_random/01_m_fold_sampling/round_1/01_sampling/sampling_24/group_8_unrelaxed_rank_001_alphafold2_ptm_model_1_seed_042.pdb,85.94564748201438,78.5992,17.09783,6.2866893,9.530031442642212,11,1
/fs/ess/PAA0203/xing244/AF_ClaSeq/results_NC_revision/ABL1/m_fold_random/01_m_fold_sampling/round_1/01_sampling/sampling_24/group_48_unrelaxed_rank_001_alphafold2_ptm_model_1_seed_042.pdb,85.66823741007195,77.104,17.358747,6.3065543,9.622212266921997,11,1
/fs/ess/PAA0203/xing244/AF_ClaSeq/results_NC_revision/ABL1/m_fold_random/01_m_fold_sampling/round_1/01_sampling/sampling_24/group_6_unrelaxed_rank_001_alphafold2_ptm_model_1_seed_042.pdb,84.84356115107914,64.0372,17.017756,6.810849,9.872921085357666,11,1
/fs/ess/PAA0203/xing244/AF_ClaSeq/results_NC_revision/ABL1/m_fold_random/01_m_fold_sampling/round_1/01_sampling/sampling_24/group_19_unrelaxed_rank_001_alphafold2_ptm_model_1_seed_042.pdb,83.14812949640287,60.944,16.943518,6.378621,9.548090076446533,11,1
/fs/ess/PAA0203/xing244/AF_ClaSeq/results_NC_revision/ABL1/m_fold_random/01_m_fold_sampling/round_1/01_sampling/sampling_24/group_13_unrelaxed_rank_001_alphafold2_ptm_model_1_seed_042.pdb,85.37611510791366,74.256,17.450508,6.403498,9.71760115623474,11,1
/fs/ess/PAA0203/xing244/AF_ClaSeq/results_NC_revision/ABL1/m_fold_random/01_m_fold_sampling/round_1/01_sampling/sampling_24/group_28_unrelaxed_rank_001_alphafold2_ptm_model_1_seed_042.pdb,81.16143884892087,53.2408,16.931559,6.3703036,9.538680124282838,11,1
/fs/ess/PAA0203/xing244/AF_ClaSeq/results_NC_revision/ABL1/m_fold_random/01_m_fold_sampling/round_1/01_sampling/sampling_24/group_32_unrelaxed_rank_001_alphafold2_ptm_model_1_seed_042.pdb,80.87402877697842,53.37440000000001,16.02619,6.3515663,9.253953361511229,11,1
/fs/ess/PAA0203/xing244/AF_ClaSeq/results_NC_revision/ABL1/m_fold_random/01_m_fold_sampling/round_1/01_sampling/sampling_24/group_22_unrelaxed_rank_001_alphafold2_ptm_model_1_seed_042.pdb,86.44654676258993,80.384,17.368351,6.349758,9.655335998535156,11,1
/fs/ess/PAA0203/xing244/AF_ClaSeq/results_NC_revision/ABL1/m_fold_random/01_m_fold_sampling/round_1/01_sampling/sampling_24/group_7_unrelaxed_rank_001_alphafold2_ptm_model_1_seed_042.pdb,87.4821942446043,73.2796,17.5069,6.3829947,9.720166492462159,11,1
/fs/ess/PAA0203/xing244/AF_ClaSeq/results_NC_revision/ABL1/m_fold_random/01_m_fold_sampling/round_1/01_sampling/sampling_24/group_21_unrelaxed_rank_001_alphafold2_ptm_model_1_seed_042.pdb,82.88262589928058,61.16759999999999,17.26612,6.402409,9.661522626876831,11,1
/fs/ess/PAA0203/xing244/AF_ClaSeq/results_NC_revision/ABL1/m_fold_random/01_m_fold_sampling/round_1/01_sampling/sampling_24/group_41_unrelaxed_rank_001_alphafold2_ptm_model_1_seed_042.pdb,83.4878417266187,54.482800000000005,17.2768,6.4330025,9.686141777038573,11,1
/fs/ess/PAA0203/xing244/AF_ClaSeq/results_NC_revision/ABL1/m_fold_random/01_m_fold_sampling/round_1/01_sampling/sampling_24/group_31_unrelaxed_rank_001_alphafold2_ptm_model_1_seed_042.pdb,89.203345323741,87.132,17.410479,6.447801,9.736604356765746,11,1
/fs/ess/PAA0203/xing244/AF_ClaSeq/results_NC_revision/ABL1/m_fold_random/01_m_fold_sampling/round_1/01_sampling/sampling_24/group_46_unrelaxed_rank_001_alphafold2_ptm_model_1_seed_042.pdb,82.35158273381295,56.0264,17.02923,6.4366584,9.614429903030395,11,1
/fs/ess/PAA0203/xing244/AF_ClaSeq/results_NC_revision/ABL1/m_fold_random/01_m_fold_sampling/round_1/01_sampling/sampling_24/group_17_unrelaxed_rank_001_alphafold2_ptm_model_1_seed_042.pdb,83.53550359712231,59.080799999999996,16.536398,3.3118052,7.279183053970337,11,1
/fs/ess/PAA0203/xing244/AF_ClaSeq/results_NC_revision/ABL1/m_fold_random/01_m_fold_sampling/round_1/01_sampling/sampling_24/group_14_unrelaxed_rank_001_alphafold2_ptm_model_1_seed_042.pdb,84.70812949640288,66.1476,17.160334,6.475407,9.680885076522827,11,1
/fs/ess/PAA0203/xing244/AF_ClaSeq/results_NC_revision/ABL1/m_fold_random/01_m_fold_sampling/round_1/01_sampling/sampling_24/group_4_unrelaxed_rank_001_alphafold2_ptm_model_1_seed_042.pdb,82.95643884892087,57.03799999999999,16.68275,6.3391857,9.442255210876464,11,1
/fs/ess/PAA0203/xing244/AF_ClaSeq/results_NC_revision/ABL1/m_fold_random/01_m_fold_sampling/round_1/01_sampling/sampling_24/group_12_unrelaxed_rank_001_alphafold2_ptm_model_1_seed_042.pdb,86.98489208633093,84.1144,17.296925,6.2709465,9.57873992919922,11,1
/fs/ess/PAA0203/xing244/AF_ClaSeq/results_NC_revision/ABL1/m_fold_random/01_m_fold_sampling/round_1/01_sampling/sampling_24/group_38_unrelaxed_rank_001_alphafold2_ptm_model_1_seed_042.pdb,85.4644964028777,72.536,17.093266,6.6031704,9.7501989364624,11,1
/fs/ess/PAA0203/xing244/AF_ClaSeq/results_NC_revision/ABL1/m_fold_random/01_m_fold_sampling/round_1/01_sampling/sampling_24/group_15_unrelaxed_rank_001_alphafold2_ptm_model_1_seed_042.pdb,84.30787769784173,70.94239999999999,16.82203,6.347933,9.49016170501709,11,1
/fs/ess/PAA0203/xing244/AF_ClaSeq/results_NC_revision/ABL1/m_fold_random/01_m_fold_sampling/round_1/01_sampling/sampling_24/group_23_unrelaxed_rank_001_alphafold2_ptm_model_1_seed_042.pdb,82.39352517985613,54.1092,16.597357,6.5510435,9.564937496185301,11,1
/fs/ess/PAA0203/xing244/AF_ClaSeq/results_NC_revision/ABL1/m_fold_random/01_m_fold_sampling/round_1/01_sampling/sampling_24/group_5_unrelaxed_rank_001_alphafold2_ptm_model_1_seed_042.pdb,86.34125899280575,77.84559999999999,16.92012,4.5893135,8.288555526733397,11,1
/fs/ess/PAA0203/xing244/AF_ClaSeq/results_NC_revision/ABL1/m_fold_random/01_m_fold_sampling/round_1/01_sampling/sampling_24/group_33_unrelaxed_rank_001_alphafold2_ptm_model_1_seed_042.pdb,88.22701438848921,81.57879999999999,17.700132,6.389666,9.782805967330933,11,1
/fs/ess/PAA0203/xing244/AF_ClaSeq/results_NC_revision/ABL1/m_fold_random/01_m_fold_sampling/round_1/01_sampling/sampling_24/group_27_unrelaxed_rank_001_alphafold2_ptm_model_1_seed_042.pdb,83.05510791366906,61.845600000000005,17.124832,6.6928716,9.822459745407103,11,1
/fs/ess/PAA0203/xing244/AF_ClaSeq/results_NC_revision/ABL1/m_fold_random/01_m_fold_sampling/round_1/01_sampling/sampling_24/group_42_unrelaxed_rank_001_alphafold2_ptm_model_1_seed_042.pdb,84.68208633093525,78.7744,17.375706,6.298607,9.621736526489258,11,1
/fs/ess/PAA0203/xing244/AF_ClaSeq/results_NC_revision/ABL1/m_fold_random/01_m_fold_sampling/round_1/01_sampling/sampling_24/group_10_unrelaxed_rank_001_alphafold2_ptm_model_1_seed_042.pdb,85.74241007194244,70.664,17.349483,6.404962,9.688318490982056,11,1
/fs/ess/PAA0203/xing244/AF_ClaSeq/results_NC_revision/ABL1/m_fold_random/01_m_fold_sampling/round_1/01_sampling/sampling_24/group_37_unrelaxed_rank_001_alphafold2_ptm_model_1_seed_042.pdb,81.01841726618706,49.7924,16.78459,6.213042,9.384506177902221,11,1
/fs/ess/PAA0203/xing244/AF_ClaSeq/results_NC_revision/ABL1/m_fold_random/01_m_fold_sampling/round_1/01_sampling/sampling_24/group_29_unrelaxed_rank_001_alphafold2_ptm_model_1_seed_042.pdb,85.85374100719424,75.918,17.069466,6.456839,9.640627050399779,11,1
/fs/ess/PAA0203/xing244/AF_ClaSeq/results_NC_revision/ABL1/m_fold_random/01_m_fold_sampling/round_1/01_sampling/sampling_24/group_18_unrelaxed_rank_001_alphafold2_ptm_model_1_seed_042.pdb,87.02053956834533,79.10959999999999,17.23917,6.3872137,9.642800617218018,11,1
/fs/ess/PAA0203/xing244/AF_ClaSeq/results_NC_revision/ABL1/m_fold_random/01_m_fold_sampling/round_1/01_sampling/sampling_24/group_43_unrelaxed_rank_001_alphafold2_ptm_model_1_seed_042.pdb,83.08863309352517,57.11639999999999,17.082668,6.6200314,9.758822441101074,11,1
/fs/ess/PAA0203/xing244/AF_ClaSeq/results_NC_revision/ABL1/m_fold_random/01_m_fold_sampling/round_1/01_sampling/sampling_24/group_25_unrelaxed_rank_001_alphafold2_ptm_model_1_seed_042.pdb,81.04913669064749,48.8552,16.989962,6.4941916,9.642922639846802,11,1
/fs/ess/PAA0203/xing244/AF_ClaSeq/results_NC_revision/ABL1/m_fold_random/01_m_fold_sampling/round_1/01_sampling/sampling_24/group_3_unrelaxed_rank_001_alphafold2_ptm_model_1_seed_042.pdb,82.66104316546762,55.908800000000014,17.510641,6.5295877,9.82390375137329,11,1
/fs/ess/PAA0203/xing244/AF_ClaSeq/results_NC_revision/ABL1/m_fold_random/01_m_fold_sampling/round_1/01_sampling/sampling_24/group_34_unrelaxed_rank_001_alphafold2_ptm_model_1_seed_042.pdb,84.58176258992805,70.68480000000001,15.77111,6.2152505,9.082008218765258,11,1
/fs/ess/PAA0203/xing244/AF_ClaSeq/results_NC_revision/ABL1/m_fold_random/01_m_fold_sampling/round_1/01_sampling/sampling_24/group_9_unrelaxed_rank_001_alphafold2_ptm_model_1_seed_042.pdb,86.21694244604316,76.79519999999998,17.525145,6.3689303,9.715794610977174,11,1
/fs/ess/PAA0203/xing244/AF_ClaSeq/results_NC_revision/ABL1/m_fold_random/01_m_fold_sampling/round_1/01_sampling/sampling_24/group_47_unrelaxed_rank_001_alphafold2_ptm_model_1_seed_042.pdb,86.1620143884892,65.2,17.376894,6.453371,9.730427932739257,11,1
/fs/ess/PAA0203/xing244/AF_ClaSeq/results_NC_revision/ABL1/m_fold_random/01_m_fold_sampling/round_1/01_sampling/sampling_24/group_35_unrelaxed_rank_001_alphafold2_ptm_model_1_seed_042.pdb,82.98629496402879,52.156000000000006,16.967846,6.5486026,9.674375581741334,11,1
/fs/ess/PAA0203/xing244/AF_ClaSeq/results_NC_revision/ABL1/m_fold_random/01_m_fold_sampling/round_1/01_sampling/sampling_24/group_24_unrelaxed_rank_001_alphafold2_ptm_model_1_seed_042.pdb,84.19107913669066,68.4452,16.987404,6.5462465,9.678593730926513,11,1
/fs/ess/PAA0203/xing244/AF_ClaSeq/results_NC_revision/ABL1/m_fold_random/01_m_fold_sampling/round_1/01_sampling/sampling_24/group_40_unrelaxed_rank_001_alphafold2_ptm_model_1_seed_042.pdb,86.7178417266187,74.51800000000001,17.21475,6.1885242,9.496392059326173,11,1
/fs/ess/PAA0203/xing244/AF_ClaSeq/results_NC_revision/ABL1/m_fold_random/01_m_fold_sampling/round_1/01_sampling/sampling_24/group_1_unrelaxed_rank_001_alphafold2_ptm_model_1_seed_042.pdb,86.90848920863309,78.20559999999999,17.292559,6.2884927,9.589712476730346,11,1
/fs/ess/PAA0203/xing244/AF_ClaSeq/results_NC_revision/ABL1/m_fold_random/01_m_fold_sampling/round_1/01_sampling/sampling_24/group_30_unrelaxed_rank_001_alphafold2_ptm_model_1_seed_042.pdb,84.90773381294964,62.48440000000001,17.554869,6.4261136,9.764740133285521,11,1
/fs/ess/PAA0203/xing244/AF_ClaSeq/results_NC_revision/ABL1/m_fold_random/01_m_fold_sampling/round_1/01_sampling/sampling_24/group_26_unrelaxed_rank_001_alphafold2_ptm_model_1_seed_042.pdb,81.36787769784173,52.135200000000005,16.303265,6.2832136,9.289228916168213,11,1
/fs/ess/PAA0203/xing244/AF_ClaSeq/results_NC_revision/ABL1/m_fold_random/01_m_fold_sampling/round_1/01_sampling/sampling_24/group_39_unrelaxed_rank_001_alphafold2_ptm_model_1_seed_042.pdb,84.69194244604317,69.798,17.646765,4.9749427,8.776489305496217,11,1
/fs/ess/PAA0203/xing244/AF_ClaSeq/results_NC_revision/ABL1/m_fold_random/01_m_fold_sampling/round_1/01_sampling/sampling_24/group_11_unrelaxed_rank_001_alphafold2_ptm_model_1_seed_042.pdb,87.20586330935251,78.6148,17.339993,6.2587886,9.583149766921997,11,1
/fs/ess/PAA0203/xing244/AF_ClaSeq/results_NC_revision/ABL1/m_fold_random/01_m_fold_sampling/round_1/01_sampling/sampling_24/group_49_unrelaxed_rank_001_alphafold2_ptm_model_1_seed_042.pdb,84.32874100719424,54.4504,14.980942,8.124885,10.181701755523681,12,1
/fs/ess/PAA0203/xing244/AF_ClaSeq/results_NC_revision/ABL1/m_fold_random/01_m_fold_sampling/round_1/01_sampling/sampling_24/group_45_unrelaxed_rank_001_alphafold2_ptm_model_1_seed_042.pdb,84.00212230215828,51.31399999999999,14.62609,7.1286507,9.377882480621338,11,1
/fs/ess/PAA0203/xing244/AF_ClaSeq/results_NC_revision/ABL1/m_fold_random/01_m_fold_sampling/round_1/01_sampling/sampling_24/group_2_unrelaxed_rank_001_alphafold2_ptm_model_1_seed_042.pdb,85.28107913669065,64.7584,17.04299,6.3781247,9.577584218978881,11,1
/fs/ess/PAA0203/xing244/AF_ClaSeq/results_NC_revision/ABL1/m_fold_random/01_m_fold_sampling/round_1/01_sampling/sampling_24/group_36_unrelaxed_rank_001_alphafold2_ptm_model_1_seed_042.pdb,86.32924460431654,73.774,16.8287,6.202574,9.390411376953125,11,1
/fs/ess/PAA0203/xing244/AF_ClaSeq/results_NC_revision/ABL1/m_fold_random/01_m_fold_sampling/round_1/01_sampling/sampling_11/group_20_unrelaxed_rank_001_alphafold2_ptm_model_1_seed_042.pdb,80.45230215827337,55.7444,16.984436,6.2521424,9.471830511093138,11,1
/fs/ess/PAA0203/xing244/AF_ClaSeq/results_NC_revision/ABL1/m_fold_random/01_m_fold_sampling/round_1/01_sampling/sampling_11/group_44_unrelaxed_rank_001_alphafold2_ptm_model_1_seed_042.pdb,82.54258992805755,61.0576,17.172922,6.4213376,9.646812963485718,11,1
/fs/ess/PAA0203/xing244/AF_ClaSeq/results_NC_revision/ABL1/m_fold_random/01_m_fold_sampling/round_1/01_sampling/sampling_11/group_16_unrelaxed_rank_001_alphafold2_ptm_model_1_seed_042.pdb,88.00661870503599,81.1268,17.419846,6.3699746,9.684935903549194,11,1
/fs/ess/PAA0203/xing244/AF_ClaSeq/results_NC_revision/ABL1/m_fold_random/01_m_fold_sampling/round_1/01_sampling/sampling_11/group_8_unrelaxed_rank_001_alphafold2_ptm_model_1_seed_042.pdb,84.3730215827338,73.67479999999999,17.227316,6.611329,9.796125125885009,11,1
/fs/ess/PAA0203/xing244/AF_ClaSeq/results_NC_revision/ABL1/m_fold_random/01_m_fold_sampling/round_1/01_sampling/sampling_11/group_48_unrelaxed_rank_001_alphafold2_ptm_model_1_seed_042.pdb,82.68025179856116,63.752399999999994,17.077953,6.452948,9.640449666976927,11,1
/fs/ess/PAA0203/xing244/AF_ClaSeq/results_NC_revision/ABL1/m_fold_random/01_m_fold_sampling/round_1/01_sampling/sampling_11/group_6_unrelaxed_rank_001_alphafold2_ptm_model_1_seed_042.pdb,84.79787769784171,68.3192,16.901566,3.9818132,7.857738900184631,11,1
/fs/ess/PAA0203/xing244/AF_ClaSeq/results_NC_revision/ABL1/m_fold_random/01_m_fold_sampling/round_1/01_sampling/sampling_11/group_19_unrelaxed_rank_001_alphafold2_ptm_model_1_seed_042.pdb,80.92823741007193,48.5384,15.251544,7.4967604,9.823195457458496,11,1
/fs/ess/PAA0203/xing244/AF_ClaSeq/results_NC_revision/ABL1/m_fold_random/01_m_fold_sampling/round_1/01_sampling/sampling_11/group_13_unrelaxed_rank_001_alphafold2_ptm_model_1_seed_042.pdb,84.84464028776978,64.1328,17.337946,6.3925405,9.676162099838256,11,1
/fs/ess/PAA0203/xing244/AF_ClaSeq/results_NC_revision/ABL1/m_fold_random/01_m_fold_sampling/round_1/01_sampling/sampling_11/group_28_unrelaxed_rank_001_alphafold2_ptm_model_1_seed_042.pdb,88.14895683453237,75.0736,17.605114,6.3190403,9.70486240386963,11,1
/fs/ess/PAA0203/xing244/AF_ClaSeq/results_NC_revision/ABL1/m_fold_random/01_m_fold_sampling/round_1/01_sampling/sampling_11/group_32_unrelaxed_rank_001_alphafold2_ptm_model_1_seed_042.pdb,84.33723021582733,69.3648,17.236938,6.2945724,9.577282190322876,11,1
/fs/ess/PAA0203/xing244/AF_ClaSeq/results_NC_revision/ABL1/m_fold_random/01_m_fold_sampling/round_1/01_sampling/sampling_11/group_22_unrelaxed_rank_001_alphafold2_ptm_model_1_seed_042.pdb,84.42176258992805,69.8476,17.357374,6.42772,9.70661630630493,11,1
/fs/ess/PAA0203/xing244/AF_ClaSeq/results_NC_revision/ABL1/m_fold_random/01_m_fold_sampling/round_1/01_sampling/sampling_11/group_7_unrelaxed_rank_001_alphafold2_ptm_model_1_seed_042.pdb,81.21205035971222,51.63,16.993565,6.6325793,9.740874910354613,11,1
/fs/ess/PAA0203/xing244/AF_ClaSeq/results_NC_revision/ABL1/m_fold_random/01_m_fold_sampling/round_1/01_sampling/sampling_11/group_21_unrelaxed_rank_001_alphafold2_ptm_model_1_seed_042.pdb,84.7105035971223,69.57960000000001,17.370491,6.3597198,9.662951135635375,11,1
/fs/ess/PAA0203/xing244/AF_ClaSeq/results_NC_revision/ABL1/m_fold_random/01_m_fold_sampling/round_1/01_sampling/sampling_11/group_41_unrelaxed_rank_001_alphafold2_ptm_model_1_seed_042.pdb,79.66935251798562,46.8012,16.790588,7.411787,10.225427436828612,11,1
/fs/ess/PAA0203/xing244/AF_ClaSeq/results_NC_revision/ABL1/m_fold_random/01_m_fold_sampling/round_1/01_sampling/sampling_11/group_31_unrelaxed_rank_001_alphafold2_ptm_model_1_seed_042.pdb,81.74161870503596,57.788399999999996,17.113668,6.2945313,9.54027247428894,11,1
/fs/ess/PAA0203/xing244/AF_ClaSeq/results_NC_revision/ABL1/m_fold_random/01_m_fold_sampling/round_1/01_sampling/sampling_11/group_46_unrelaxed_rank_001_alphafold2_ptm_model_1_seed_042.pdb,83.04467625899281,64.6452,16.791182,5.810119,9.104437875747681,11,1
/fs/ess/PAA0203/xing244/AF_ClaSeq/results_NC_revision/ABL1/m_fold_random/01_m_fold_sampling/round_1/01_sampling/sampling_11/group_17_unrelaxed_rank_001_alphafold2_ptm_model_1_seed_042.pdb,84.92823741007194,76.4216,17.326206,6.3640594,9.652703475952148,11,1
/fs/ess/PAA0203/xing244/AF_ClaSeq/results_NC_revision/ABL1/m_fold_random/01_m_fold_sampling/round_1/01_sampling/sampling_11/group_14_unrelaxed_rank_001_alphafold2_ptm_model_1_seed_042.pdb,86.79773381294964,72.9528,17.449682,6.3560853,9.68416438102722,11,1
/fs/ess/PAA0203/xing244/AF_ClaSeq/results_NC_revision/ABL1/m_fold_random/01_m_fold_sampling/round_1/01_sampling/sampling_11/group_4_unrelaxed_rank_001_alphafold2_ptm_model_1_seed_042.pdb,80.66942446043164,56.155199999999994,16.886086,6.421733,9.56103868484497,11,1
/fs/ess/PAA0203/xing244/AF_ClaSeq/results_NC_revision/ABL1/m_fold_random/01_m_fold_sampling/round_1/01_sampling/sampling_11/group_12_unrelaxed_rank_001_alphafold2_ptm_model_1_seed_042.pdb,80.96607913669065,50.16879999999999,16.347204,7.3968296,10.081941986083983,11,1
/fs/ess/PAA0203/xing244/AF_ClaSeq/results_NC_revision/ABL1/m_fold_random/01_m_fold_sampling/round_1/01_sampling/sampling_11/group_38_unrelaxed_rank_001_alphafold2_ptm_model_1_seed_042.pdb,83.50640287769784,59.076,16.539457,6.0936394,9.227384757995605,11,1
/fs/ess/PAA0203/xing244/AF_ClaSeq/results_NC_revision/ABL1/m_fold_random/01_m_fold_sampling/round_1/01_sampling/sampling_11/group_15_unrelaxed_rank_001_alphafold2_ptm_model_1_seed_042.pdb,83.08571942446044,67.0544,17.126236,6.2772083,9.531916618347168,11,1
/fs/ess/PAA0203/xing244/AF_ClaSeq/results_NC_revision/ABL1/m_fold_random/01_m_fold_sampling/round_1/01_sampling/sampling_11/group_23_unrelaxed_rank_001_alphafold2_ptm_model_1_seed_042.pdb,85.5581654676259,60.6576,17.489573,6.55042,9.83216562271118,11,1
/fs/ess/PAA0203/xing244/AF_ClaSeq/results_NC_revision/ABL1/m_fold_random/01_m_fold_sampling/round_1/01_sampling/sampling_11/group_5_unrelaxed_rank_001_alphafold2_ptm_model_1_seed_042.pdb,84.18464028776978,58.898799999999994,17.195194,6.5199776,9.722542572021483,11,1
/fs/ess/PAA0203/xing244/AF_ClaSeq/results_NC_revision/ABL1/m_fold_random/01_m_fold_sampling/round_1/01_sampling/sampling_11/group_33_unrelaxed_rank_001_alphafold2_ptm_model_1_seed_042.pdb,84.77136690647482,65.53040000000001,10.899292,7.5475636,8.553082084655761,11,1
/fs/ess/PAA0203/xing244/AF_ClaSeq/results_NC_revision/ABL1/m_fold_random/01_m_fold_sampling/round_1/01_sampling/sampling_11/group_27_unrelaxed_rank_001_alphafold2_ptm_model_1_seed_042.pdb,83.01043165467627,61.4908,17.208904,6.2456756,9.534644174575806,11,1
/fs/ess/PAA0203/xing244/AF_ClaSeq/results_NC_revision/ABL1/m_fold_random/01_m_fold_sampling/round_1/01_sampling/sampling_11/group_42_unrelaxed_rank_001_alphafold2_ptm_model_1_seed_042.pdb,80.65964028776978,50.5736,16.850916,6.296901,9.463105630874633,11,1
/fs/ess/PAA0203/xing244/AF_ClaSeq/results_NC_revision/ABL1/m_fold_random/01_m_fold_sampling/round_1/01_sampling/sampling_11/group_10_unrelaxed_rank_001_alphafold2_ptm_model_1_seed_042.pdb,85.30730215827339,64.4532,16.779768,5.8881884,9.155662250518798,11,1
/fs/ess/PAA0203/xing244/AF_ClaSeq/results_NC_revision/ABL1/m_fold_random/01_m_fold_sampling/round_1/01_sampling/sampling_11/group_37_unrelaxed_rank_001_alphafold2_ptm_model_1_seed_042.pdb,86.39989208633094,80.58760000000001,17.274223,6.3374834,9.61850538253784,11,1
/fs/ess/PAA0203/xing244/AF_ClaSeq/results_NC_revision/ABL1/m_fold_random/01_m_fold_sampling/round_1/01_sampling/sampling_11/group_29_unrelaxed_rank_001_alphafold2_ptm_model_1_seed_042.pdb,84.89154676258993,73.0792,16.982714,3.2800884,7.390876007080077,11,1
/fs/ess/PAA0203/xing244/AF_ClaSeq/results_NC_revision/ABL1/m_fold_random/01_m_fold_sampling/round_1/01_sampling/sampling_11/group_18_unrelaxed_rank_001_alphafold2_ptm_model_1_seed_042.pdb,87.7208273381295,79.7784,17.156807,6.163592,9.461556386947631,11,1
/fs/ess/PAA0203/xing244/AF_ClaSeq/results_NC_revision/ABL1/m_fold_random/01_m_fold_sampling/round_1/01_sampling/sampling_11/group_43_unrelaxed_rank_001_alphafold2_ptm_model_1_seed_042.pdb,82.67125899280576,59.836800000000004,16.663013,4.816687,8.370585012435914,11,1
/fs/ess/PAA0203/xing244/AF_ClaSeq/results_NC_revision/ABL1/m_fold_random/01_m_fold_sampling/round_1/01_sampling/sampling_11/group_25_unrelaxed_rank_001_alphafold2_ptm_model_1_seed_042.pdb,86.00071942446043,72.6968,17.293467,6.4518304,9.704321241378784,11,1
/fs/ess/PAA0203/xing244/AF_ClaSeq/results_NC_revision/ABL1/m_fold_random/01_m_fold_sampling/round_1/01_sampling/sampling_11/group_3_unrelaxed_rank_001_alphafold2_ptm_model_1_seed_042.pdb,86.396690647482,76.7356,17.435343,6.3703284,9.689832735061644,11,1
/fs/ess/PAA0203/xing244/AF_ClaSeq/results_NC_revision/ABL1/m_fold_random/01_m_fold_sampling/round_1/01_sampling/sampling_11/group_34_unrelaxed_rank_001_alphafold2_ptm_model_1_seed_042.pdb,83.46845323741007,59.28639999999999,17.723907,6.684998,9.996670866012572,11,1
/fs/ess/PAA0203/xing244/AF_ClaSeq/results_NC_revision/ABL1/m_fold_random/01_m_fold_sampling/round_1/01_sampling/sampling_11/group_9_unrelaxed_rank_001_alphafold2_ptm_model_1_seed_042.pdb,88.27140287769785,72.53,17.26804,6.4371,9.686381864547728,11,1
/fs/ess/PAA0203/xing244/AF_ClaSeq/results_NC_revision/ABL1/m_fold_random/01_m_fold_sampling/round_1/01_sampling/sampling_11/group_47_unrelaxed_rank_001_alphafold2_ptm_model_1_seed_042.pdb,85.0473381294964,67.6768,17.422176,6.837217,10.012704706192016,11,1
/fs/ess/PAA0203/xing244/AF_ClaSeq/results_NC_revision/ABL1/m_fold_random/01_m_fold_sampling/round_1/01_sampling/sampling_11/group_35_unrelaxed_rank_001_alphafold2_ptm_model_1_seed_042.pdb,85.05352517985612,70.11120000000001,17.2427,6.3497267,9.61761884689331,11,1
/fs/ess/PAA0203/xing244/AF_ClaSeq/results_NC_revision/ABL1/m_fold_random/01_m_fold_sampling/round_1/01_sampling/sampling_11/group_24_unrelaxed_rank_001_alphafold2_ptm_model_1_seed_042.pdb,83.73780575539568,57.5224,17.229729,6.4589996,9.690218353271483,11,1
/fs/ess/PAA0203/xing244/AF_ClaSeq/results_NC_revision/ABL1/m_fold_random/01_m_fold_sampling/round_1/01_sampling/sampling_11/group_40_unrelaxed_rank_001_alphafold2_ptm_model_1_seed_042.pdb,87.04507194244604,83.5252,17.603685,6.28587,9.681214666366577,11,1
/fs/ess/PAA0203/xing244/AF_ClaSeq/results_NC_revision/ABL1/m_fold_random/01_m_fold_sampling/round_1/01_sampling/sampling_11/group_1_unrelaxed_rank_001_alphafold2_ptm_model_1_seed_042.pdb,83.81438848920864,73.5184,17.525969,5.9560914,9.427054548263548,11,1
/fs/ess/PAA0203/xing244/AF_ClaSeq/results_NC_revision/ABL1/m_fold_random/01_m_fold_sampling/round_1/01_sampling/sampling_11/group_30_unrelaxed_rank_001_alphafold2_ptm_model_1_seed_042.pdb,82.79895683453238,56.1792,16.847178,6.2216153,9.409283971786499,11,1
/fs/ess/PAA0203/xing244/AF_ClaSeq/results_NC_revision/ABL1/m_fold_random/01_m_fold_sampling/round_1/01_sampling/sampling_11/group_26_unrelaxed_rank_001_alphafold2_ptm_model_1_seed_042.pdb,85.68237410071943,73.2908,17.312696,6.3598547,9.645707225799558,11,1
/fs/ess/PAA0203/xing244/AF_ClaSeq/results_NC_revision/ABL1/m_fold_random/01_m_fold_sampling/round_1/01_sampling/sampling_11/group_39_unrelaxed_rank_001_alphafold2_ptm_model_1_seed_042.pdb,83.73338129496403,65.03479999999999,17.307262,6.2843633,9.591233015060425,11,1
/fs/ess/PAA0203/xing244/AF_ClaSeq/results_NC_revision/ABL1/m_fold_random/01_m_fold_sampling/round_1/01_sampling/sampling_11/group_11_unrelaxed_rank_001_alphafold2_ptm_model_1_seed_042.pdb,84.8828057553957,62.4736,17.314175,6.5039825,9.7470401763916,11,1
/fs/ess/PAA0203/xing244/AF_ClaSeq/results_NC_revision/ABL1/m_fold_random/01_m_fold_sampling/round_1/01_sampling/sampling_11/group_49_unrelaxed_rank_001_alphafold2_ptm_model_1_seed_042.pdb,88.4679856115108,83.3532,17.421999,6.405902,9.710731029510498,12,1
/fs/ess/PAA0203/xing244/AF_ClaSeq/results_NC_revision/ABL1/m_fold_random/01_m_fold_sampling/round_1/01_sampling/sampling_11/group_45_unrelaxed_rank_001_alphafold2_ptm_model_1_seed_042.pdb,83.54989208633094,57.253600000000006,16.938599,7.18844,10.113487482070923,11,1
/fs/ess/PAA0203/xing244/AF_ClaSeq/results_NC_revision/ABL1/m_fold_random/01_m_fold_sampling/round_1/01_sampling/sampling_11/group_2_unrelaxed_rank_001_alphafold2_ptm_model_1_seed_042.pdb,82.64543165467626,62.92959999999999,17.325705,6.4617887,9.720963430404662,11,1
/fs/ess/PAA0203/xing244/AF_ClaSeq/results_NC_revision/ABL1/m_fold_random/01_m_fold_sampling/round_1/01_sampling/sampling_11/group_36_unrelaxed_rank_001_alphafold2_ptm_model_1_seed_042.pdb,83.24338129496402,62.141999999999996,16.95896,6.3011975,9.498526144027709,11,1
/fs/ess/PAA0203/xing244/AF_ClaSeq/results_NC_revision/ABL1/m_fold_random/01_m_fold_sampling/round_1/01_sampling/sampling_45/group_20_unrelaxed_rank_001_alphafold2_ptm_model_1_seed_042.pdb,84.2405035971223,56.5248,17.150465,6.8953886,9.971911525726318,11,1
/fs/ess/PAA0203/xing244/AF_ClaSeq/results_NC_revision/ABL1/m_fold_random/01_m_fold_sampling/round_1/01_sampling/sampling_45/group_44_unrelaxed_rank_001_alphafold2_ptm_model_1_seed_042.pdb,84.40676258992806,64.376,17.70935,6.4102015,9.79994626045227,11,1
/fs/ess/PAA0203/xing244/AF_ClaSeq/results_NC_revision/ABL1/m_fold_random/01_m_fold_sampling/round_1/01_sampling/sampling_45/group_16_unrelaxed_rank_001_alphafold2_ptm_model_1_seed_042.pdb,84.47489208633093,65.01719999999999,17.262363,6.3599224,9.630654716491698,11,1
/fs/ess/PAA0203/xing244/AF_ClaSeq/results_NC_revision/ABL1/m_fold_random/01_m_fold_sampling/round_1/01_sampling/sampling_45/group_8_unrelaxed_rank_001_alphafold2_ptm_model_1_seed_042.pdb,85.14827338129496,65.0072,16.240278,6.151787,9.17833423614502,11,1
/fs/ess/PAA0203/xing244/AF_ClaSeq/results_NC_revision/ABL1/m_fold_random/01_m_fold_sampling/round_1/01_sampling/sampling_45/group_48_unrelaxed_rank_001_alphafold2_ptm_model_1_seed_042.pdb,86.23406474820143,74.62799999999999,17.187155,6.3082986,9.571955442428589,11,1
/fs/ess/PAA0203/xing244/AF_ClaSeq/results_NC_revision/ABL1/m_fold_random/01_m_fold_sampling/round_1/01_sampling/sampling_45/group_6_unrelaxed_rank_001_alphafold2_ptm_model_1_seed_042.pdb,84.72420863309353,67.70519999999999,17.333635,6.3899193,9.673034095764159,11,1
/fs/ess/PAA0203/xing244/AF_ClaSeq/results_NC_revision/ABL1/m_fold_random/01_m_fold_sampling/round_1/01_sampling/sampling_45/group_19_unrelaxed_rank_001_alphafold2_ptm_model_1_seed_042.pdb,86.41057553956834,75.8392,17.342829,6.4208174,9.697420787811279,11,1
/fs/ess/PAA0203/xing244/AF_ClaSeq/results_NC_revision/ABL1/m_fold_random/01_m_fold_sampling/round_1/01_sampling/sampling_45/group_13_unrelaxed_rank_001_alphafold2_ptm_model_1_seed_042.pdb,88.95971223021583,86.5676,17.446089,6.5140367,9.793652296066284,11,1
/fs/ess/PAA0203/xing244/AF_ClaSeq/results_NC_revision/ABL1/m_fold_random/01_m_fold_sampling/round_1/01_sampling/sampling_45/group_28_unrelaxed_rank_001_alphafold2_ptm_model_1_seed_042.pdb,82.8358273381295,57.15919999999999,17.281633,6.4318333,9.686773300170898,11,1
/fs/ess/PAA0203/xing244/AF_ClaSeq/results_NC_revision/ABL1/m_fold_random/01_m_fold_sampling/round_1/01_sampling/sampling_45/group_32_unrelaxed_rank_001_alphafold2_ptm_model_1_seed_042.pdb,84.21651079136691,61.98880000000001,16.895037,6.4540544,9.586349058151246,11,1
/fs/ess/PAA0203/xing244/AF_ClaSeq/results_NC_revision/ABL1/m_fold_random/01_m_fold_sampling/round_1/01_sampling/sampling_45/group_22_unrelaxed_rank_001_alphafold2_ptm_model_1_seed_042.pdb,86.80010791366907,80.09440000000001,17.341879,6.3230667,9.628710365295408,11,1
/fs/ess/PAA0203/xing244/AF_ClaSeq/results_NC_revision/ABL1/m_fold_random/01_m_fold_sampling/round_1/01_sampling/sampling_45/group_7_unrelaxed_rank_001_alphafold2_ptm_model_1_seed_042.pdb,84.56676258992805,63.8256,17.172586,6.2739854,9.543565702438354,11,1
/fs/ess/PAA0203/xing244/AF_ClaSeq/results_NC_revision/ABL1/m_fold_random/01_m_fold_sampling/round_1/01_sampling/sampling_45/group_21_unrelaxed_rank_001_alphafold2_ptm_model_1_seed_042.pdb,83.7271582733813,62.31879999999999,17.009079,5.969303,9.281235885620116,11,1
/fs/ess/PAA0203/xing244/AF_ClaSeq/results_NC_revision/ABL1/m_fold_random/01_m_fold_sampling/round_1/01_sampling/sampling_45/group_41_unrelaxed_rank_001_alphafold2_ptm_model_1_seed_042.pdb,82.92863309352516,66.3452,16.987791,6.644951,9.747802925109863,11,1
/fs/ess/PAA0203/xing244/AF_ClaSeq/results_NC_revision/ABL1/m_fold_random/01_m_fold_sampling/round_1/01_sampling/sampling_45/group_31_unrelaxed_rank_001_alphafold2_ptm_model_1_seed_042.pdb,81.78953237410072,65.6012,16.654768,5.9790816,9.181787538528443,11,1
/fs/ess/PAA0203/xing244/AF_ClaSeq/results_NC_revision/ABL1/m_fold_random/01_m_fold_sampling/round_1/01_sampling/sampling_45/group_46_unrelaxed_rank_001_alphafold2_ptm_model_1_seed_042.pdb,86.63942446043166,71.57600000000001,17.263523,6.286037,9.579282808303834,11,1
/fs/ess/PAA0203/xing244/AF_ClaSeq/results_NC_revision/ABL1/m_fold_random/01_m_fold_sampling/round_1/01_sampling/sampling_45/group_17_unrelaxed_rank_001_alphafold2_ptm_model_1_seed_042.pdb,87.95726618705035,81.5844,17.272022,6.318496,9.604554033279417,11,1
/fs/ess/PAA0203/xing244/AF_ClaSeq/results_NC_revision/ABL1/m_fold_random/01_m_fold_sampling/round_1/01_sampling/sampling_45/group_14_unrelaxed_rank_001_alphafold2_ptm_model_1_seed_042.pdb,81.65935251798562,60.6784,17.32713,6.566076,9.794391870498657,11,1
/fs/ess/PAA0203/xing244/AF_ClaSeq/results_NC_revision/ABL1/m_fold_random/01_m_fold_sampling/round_1/01_sampling/sampling_45/group_4_unrelaxed_rank_001_alphafold2_ptm_model_1_seed_042.pdb,82.21956834532375,51.34799999999999,5.8676043,7.151236,6.766146516799926,11,1
/fs/ess/PAA0203/xing244/AF_ClaSeq/results_NC_revision/ABL1/m_fold_random/01_m_fold_sampling/round_1/01_sampling/sampling_45/group_12_unrelaxed_rank_001_alphafold2_ptm_model_1_seed_042.pdb,81.81269784172662,51.136,15.034848,6.6020927,9.131919384002686,11,1
/fs/ess/PAA0203/xing244/AF_ClaSeq/results_NC_revision/ABL1/m_fold_random/01_m_fold_sampling/round_1/01_sampling/sampling_45/group_38_unrelaxed_rank_001_alphafold2_ptm_model_1_seed_042.pdb,85.48424460431654,69.8232,17.348335,6.4420414,9.713929557800292,11,1
/fs/ess/PAA0203/xing244/AF_ClaSeq/results_NC_revision/ABL1/m_fold_random/01_m_fold_sampling/round_1/01_sampling/sampling_45/group_15_unrelaxed_rank_001_alphafold2_ptm_model_1_seed_042.pdb,85.52748201438848,74.4,17.515245,6.751938,9.980930137634278,11,1
/fs/ess/PAA0203/xing244/AF_ClaSeq/results_NC_revision/ABL1/m_fold_random/01_m_fold_sampling/round_1/01_sampling/sampling_45/group_23_unrelaxed_rank_001_alphafold2_ptm_model_1_seed_042.pdb,84.90053956834532,67.0236,16.901867,6.1906366,9.4040057182312,11,1
/fs/ess/PAA0203/xing244/AF_ClaSeq/results_NC_revision/ABL1/m_fold_random/01_m_fold_sampling/round_1/01_sampling/sampling_45/group_5_unrelaxed_rank_001_alphafold2_ptm_model_1_seed_042.pdb,84.24755395683454,68.4072,17.446138,6.3206944,9.658327627182006,11,1
/fs/ess/PAA0203/xing244/AF_ClaSeq/results_NC_revision/ABL1/m_fold_random/01_m_fold_sampling/round_1/01_sampling/sampling_45/group_33_unrelaxed_rank_001_alphafold2_ptm_model_1_seed_042.pdb,84.44787769784173,59.4072,17.42139,6.344648,9.667670679092407,11,1
/fs/ess/PAA0203/xing244/AF_ClaSeq/results_NC_revision/ABL1/m_fold_random/01_m_fold_sampling/round_1/01_sampling/sampling_45/group_27_unrelaxed_rank_001_alphafold2_ptm_model_1_seed_042.pdb,85.48413669064747,71.04639999999999,17.019499,6.2287683,9.465987491607665,11,1
/fs/ess/PAA0203/xing244/AF_ClaSeq/results_NC_revision/ABL1/m_fold_random/01_m_fold_sampling/round_1/01_sampling/sampling_45/group_42_unrelaxed_rank_001_alphafold2_ptm_model_1_seed_042.pdb,83.96575539568346,65.03479999999999,15.906987,7.744585,10.193305683135986,11,1
/fs/ess/PAA0203/xing244/AF_ClaSeq/results_NC_revision/ABL1/m_fold_random/01_m_fold_sampling/round_1/01_sampling/sampling_45/group_10_unrelaxed_rank_001_alphafold2_ptm_model_1_seed_042.pdb,89.18007194244605,84.2752,17.40992,6.3459606,9.66514835357666,11,1
/fs/ess/PAA0203/xing244/AF_ClaSeq/results_NC_revision/ABL1/m_fold_random/01_m_fold_sampling/round_1/01_sampling/sampling_45/group_37_unrelaxed_rank_001_alphafold2_ptm_model_1_seed_042.pdb,82.39219424460431,52.568400000000004,13.914046,7.9953237,9.770940446853636,11,1
/fs/ess/PAA0203/xing244/AF_ClaSeq/results_NC_revision/ABL1/m_fold_random/01_m_fold_sampling/round_1/01_sampling/sampling_45/group_29_unrelaxed_rank_001_alphafold2_ptm_model_1_seed_042.pdb,83.74841726618705,57.395599999999995,17.058746,5.02472,8.634928035736083,11,1
/fs/ess/PAA0203/xing244/AF_ClaSeq/results_NC_revision/ABL1/m_fold_random/01_m_fold_sampling/round_1/01_sampling/sampling_45/group_18_unrelaxed_rank_001_alphafold2_ptm_model_1_seed_042.pdb,82.2048201438849,47.10719999999999,4.3795996,8.194772,7.050220108032226,11,1
/fs/ess/PAA0203/xing244/AF_ClaSeq/results_NC_revision/ABL1/m_fold_random/01_m_fold_sampling/round_1/01_sampling/sampling_45/group_43_unrelaxed_rank_001_alphafold2_ptm_model_1_seed_042.pdb,86.6315107913669,81.8524,17.238132,6.3724318,9.632141971588133,11,1
/fs/ess/PAA0203/xing244/AF_ClaSeq/results_NC_revision/ABL1/m_fold_random/01_m_fold_sampling/round_1/01_sampling/sampling_45/group_25_unrelaxed_rank_001_alphafold2_ptm_model_1_seed_042.pdb,84.34776978417267,66.2992,17.019903,6.2810755,9.502723789215088,11,1
/fs/ess/PAA0203/xing244/AF_ClaSeq/results_NC_revision/ABL1/m_fold_random/01_m_fold_sampling/round_1/01_sampling/sampling_45/group_3_unrelaxed_rank_001_alphafold2_ptm_model_1_seed_042.pdb,85.30251798561152,72.4948,17.342266,6.276225,9.5960373878479,11,1
/fs/ess/PAA0203/xing244/AF_ClaSeq/results_NC_revision/ABL1/m_fold_random/01_m_fold_sampling/round_1/01_sampling/sampling_45/group_34_unrelaxed_rank_001_alphafold2_ptm_model_1_seed_042.pdb,83.54535971223022,61.5984,17.114235,6.743968,9.855048084259032,11,1
/fs/ess/PAA0203/xing244/AF_ClaSeq/results_NC_revision/ABL1/m_fold_random/01_m_fold_sampling/round_1/01_sampling/sampling_45/group_9_unrelaxed_rank_001_alphafold2_ptm_model_1_seed_042.pdb,79.7941726618705,47.4004,17.40397,6.8872247,10.042248487472534,11,1
/fs/ess/PAA0203/xing244/AF_ClaSeq/results_NC_revision/ABL1/m_fold_random/01_m_fold_sampling/round_1/01_sampling/sampling_45/group_47_unrelaxed_rank_001_alphafold2_ptm_model_1_seed_042.pdb,85.56744604316546,76.5124,17.414963,6.307414,9.63967866897583,11,1
/fs/ess/PAA0203/xing244/AF_ClaSeq/results_NC_revision/ABL1/m_fold_random/01_m_fold_sampling/round_1/01_sampling/sampling_45/group_35_unrelaxed_rank_001_alphafold2_ptm_model_1_seed_042.pdb,85.64244604316546,72.84280000000001,17.549816,6.570635,9.864389228820801,11,1
/fs/ess/PAA0203/xing244/AF_ClaSeq/results_NC_revision/ABL1/m_fold_random/01_m_fold_sampling/round_1/01_sampling/sampling_45/group_24_unrelaxed_rank_001_alphafold2_ptm_model_1_seed_042.pdb,86.88845323741006,80.6892,17.256538,6.3225555,9.602750396728515,11,1
/fs/ess/PAA0203/xing244/AF_ClaSeq/results_NC_revision/ABL1/m_fold_random/01_m_fold_sampling/round_1/01_sampling/sampling_45/group_40_unrelaxed_rank_001_alphafold2_ptm_model_1_seed_042.pdb,83.7321582733813,70.3232,17.098906,6.177515,9.453932189941405,11,1
/fs/ess/PAA0203/xing244/AF_ClaSeq/results_NC_revision/ABL1/m_fold_random/01_m_fold_sampling/round_1/01_sampling/sampling_45/group_1_unrelaxed_rank_001_alphafold2_ptm_model_1_seed_042.pdb,79.22097122302158,46.9728,17.136513,6.3620157,9.594364833831786,11,1
/fs/ess/PAA0203/xing244/AF_ClaSeq/results_NC_revision/ABL1/m_fold_random/01_m_fold_sampling/round_1/01_sampling/sampling_45/group_30_unrelaxed_rank_001_alphafold2_ptm_model_1_seed_042.pdb,87.21647482014389,80.0624,17.321548,6.3343673,9.630521631240844,11,1
/fs/ess/PAA0203/xing244/AF_ClaSeq/results_NC_revision/ABL1/m_fold_random/01_m_fold_sampling/round_1/01_sampling/sampling_45/group_26_unrelaxed_rank_001_alphafold2_ptm_model_1_seed_042.pdb,81.3518345323741,52.756,16.809034,6.8418107,9.831977796554565,11,1
/fs/ess/PAA0203/xing244/AF_ClaSeq/results_NC_revision/ABL1/m_fold_random/01_m_fold_sampling/round_1/01_sampling/sampling_45/group_39_unrelaxed_rank_001_alphafold2_ptm_model_1_seed_042.pdb,86.63607913669064,75.21799999999999,17.472855,6.4624324,9.76555905342102,11,1
/fs/ess/PAA0203/xing244/AF_ClaSeq/results_NC_revision/ABL1/m_fold_random/01_m_fold_sampling/round_1/01_sampling/sampling_45/group_11_unrelaxed_rank_001_alphafold2_ptm_model_1_seed_042.pdb,86.2860071942446,73.31479999999999,17.20229,6.430356,9.661936092376708,11,1
/fs/ess/PAA0203/xing244/AF_ClaSeq/results_NC_revision/ABL1/m_fold_random/01_m_fold_sampling/round_1/01_sampling/sampling_45/group_49_unrelaxed_rank_001_alphafold2_ptm_model_1_seed_042.pdb,85.45841726618706,69.4348,15.938333,6.353694,9.229085540771482,12,1
/fs/ess/PAA0203/xing244/AF_ClaSeq/results_NC_revision/ABL1/m_fold_random/01_m_fold_sampling/round_1/01_sampling/sampling_45/group_45_unrelaxed_rank_001_alphafold2_ptm_model_1_seed_042.pdb,83.53712230215827,53.081199999999995,17.723322,6.5883803,9.928862810134888,11,1
/fs/ess/PAA0203/xing244/AF_ClaSeq/results_NC_revision/ABL1/m_fold_random/01_m_fold_sampling/round_1/01_sampling/sampling_45/group_2_unrelaxed_rank_001_alphafold2_ptm_model_1_seed_042.pdb,86.52057553956836,76.07,17.447365,6.3134084,9.653595304489134,11,1
/fs/ess/PAA0203/xing244/AF_ClaSeq/results_NC_revision/ABL1/m_fold_random/01_m_fold_sampling/round_1/01_sampling/sampling_45/group_36_unrelaxed_rank_001_alphafold2_ptm_model_1_seed_042.pdb,84.03424460431656,68.7996,16.864523,6.431925,9.56170425415039,11,1
/fs/ess/PAA0203/xing244/AF_ClaSeq/results_NC_revision/ABL1/m_fold_random/01_m_fold_sampling/round_1/01_sampling/sampling_39/group_20_unrelaxed_rank_001_alphafold2_ptm_model_1_seed_042.pdb,87.29093525179856,79.2444,17.653809,6.3575,9.74639263153076,11,1
/fs/ess/PAA0203/xing244/AF_ClaSeq/results_NC_revision/ABL1/m_fold_random/01_m_fold_sampling/round_1/01_sampling/sampling_39/group_44_unrelaxed_rank_001_alphafold2_ptm_model_1_seed_042.pdb,84.31284172661871,66.66879999999999,15.897063,6.1161757,9.050441932678222,11,1
/fs/ess/PAA0203/xing244/AF_ClaSeq/results_NC_revision/ABL1/m_fold_random/01_m_fold_sampling/round_1/01_sampling/sampling_39/group_16_unrelaxed_rank_001_alphafold2_ptm_model_1_seed_042.pdb,84.78687050359713,60.3036,17.331575,6.373538,9.660949230194092,11,1
/fs/ess/PAA0203/xing244/AF_ClaSeq/results_NC_revision/ABL1/m_fold_random/01_m_fold_sampling/round_1/01_sampling/sampling_39/group_8_unrelaxed_rank_001_alphafold2_ptm_model_1_seed_042.pdb,88.28712230215827,79.882,17.159754,6.2798996,9.54385585784912,11,1
/fs/ess/PAA0203/xing244/AF_ClaSeq/results_NC_revision/ABL1/m_fold_random/01_m_fold_sampling/round_1/01_sampling/sampling_39/group_48_unrelaxed_rank_001_alphafold2_ptm_model_1_seed_042.pdb,84.12258992805756,59.0276,17.058891,6.4424415,9.627376413345337,11,1
/fs/ess/PAA0203/xing244/AF_ClaSeq/results_NC_revision/ABL1/m_fold_random/01_m_fold_sampling/round_1/01_sampling/sampling_39/group_6_unrelaxed_rank_001_alphafold2_ptm_model_1_seed_042.pdb,84.60931654676259,63.3212,14.919665,6.6892414,9.158368587493896,11,1
/fs/ess/PAA0203/xing244/AF_ClaSeq/results_NC_revision/ABL1/m_fold_random/01_m_fold_sampling/round_1/01_sampling/sampling_39/group_19_unrelaxed_rank_001_alphafold2_ptm_model_1_seed_042.pdb,83.19838129496404,61.41040000000001,17.165194,3.7299936,7.760553574562072,11,1
/fs/ess/PAA0203/xing244/AF_ClaSeq/results_NC_revision/ABL1/m_fold_random/01_m_fold_sampling/round_1/01_sampling/sampling_39/group_13_unrelaxed_rank_001_alphafold2_ptm_model_1_seed_042.pdb,88.93406474820144,86.92039999999999,17.21679,6.2593856,9.546606683731078,11,1
/fs/ess/PAA0203/xing244/AF_ClaSeq/results_NC_revision/ABL1/m_fold_random/01_m_fold_sampling/round_1/01_sampling/sampling_39/group_28_unrelaxed_rank_001_alphafold2_ptm_model_1_seed_042.pdb,84.0655035971223,66.34559999999999,17.507902,6.443302,9.762682151794433,11,1
/fs/ess/PAA0203/xing244/AF_ClaSeq/results_NC_revision/ABL1/m_fold_random/01_m_fold_sampling/round_1/01_sampling/sampling_39/group_32_unrelaxed_rank_001_alphafold2_ptm_model_1_seed_042.pdb,82.38550359712231,53.523599999999995,17.074135,6.3558292,9.571320915222167,11,1
/fs/ess/PAA0203/xing244/AF_ClaSeq/results_NC_revision/ABL1/m_fold_random/01_m_fold_sampling/round_1/01_sampling/sampling_39/group_22_unrelaxed_rank_001_alphafold2_ptm_model_1_seed_042.pdb,85.53482014388489,69.3412,15.753433,4.715622,8.02696533203125,11,1
/fs/ess/PAA0203/xing244/AF_ClaSeq/results_NC_revision/ABL1/m_fold_random/01_m_fold_sampling/round_1/01_sampling/sampling_39/group_7_unrelaxed_rank_001_alphafold2_ptm_model_1_seed_042.pdb,85.29410071942445,60.517999999999994,17.80207,6.4725337,9.871394777297972,11,1
/fs/ess/PAA0203/xing244/AF_ClaSeq/results_NC_revision/ABL1/m_fold_random/01_m_fold_sampling/round_1/01_sampling/sampling_39/group_21_unrelaxed_rank_001_alphafold2_ptm_model_1_seed_042.pdb,86.46611510791368,68.0644,17.308754,6.441834,9.701909971237182,11,1
/fs/ess/PAA0203/xing244/AF_ClaSeq/results_NC_revision/ABL1/m_fold_random/01_m_fold_sampling/round_1/01_sampling/sampling_39/group_41_unrelaxed_rank_001_alphafold2_ptm_model_1_seed_042.pdb,85.91924460431656,57.3892,17.255568,6.3505774,9.622074413299561,11,1
/fs/ess/PAA0203/xing244/AF_ClaSeq/results_NC_revision/ABL1/m_fold_random/01_m_fold_sampling/round_1/01_sampling/sampling_39/group_31_unrelaxed_rank_001_alphafold2_ptm_model_1_seed_042.pdb,82.52823741007194,61.7096,16.857077,6.7377577,9.773553371429443,11,1
/fs/ess/PAA0203/xing244/AF_ClaSeq/results_NC_revision/ABL1/m_fold_random/01_m_fold_sampling/round_1/01_sampling/sampling_39/group_46_unrelaxed_rank_001_alphafold2_ptm_model_1_seed_042.pdb,84.02960431654677,60.482400000000005,17.114504,6.4591856,9.655781078338622,11,1
/fs/ess/PAA0203/xing244/AF_ClaSeq/results_NC_revision/ABL1/m_fold_random/01_m_fold_sampling/round_1/01_sampling/sampling_39/group_17_unrelaxed_rank_001_alphafold2_ptm_model_1_seed_042.pdb,82.35906474820143,47.4696,17.551226,7.1484275,10.269266939163208,11,1
/fs/ess/PAA0203/xing244/AF_ClaSeq/results_NC_revision/ABL1/m_fold_random/01_m_fold_sampling/round_1/01_sampling/sampling_39/group_14_unrelaxed_rank_001_alphafold2_ptm_model_1_seed_042.pdb,86.96061151079137,76.3512,17.367653,6.478286,9.745095920562743,11,1
/fs/ess/PAA0203/xing244/AF_ClaSeq/results_NC_revision/ABL1/m_fold_random/01_m_fold_sampling/round_1/01_sampling/sampling_39/group_4_unrelaxed_rank_001_alphafold2_ptm_model_1_seed_042.pdb,80.91604316546763,57.641999999999996,15.945419,7.516191,10.044959497451782,11,1
/fs/ess/PAA0203/xing244/AF_ClaSeq/results_NC_revision/ABL1/m_fold_random/01_m_fold_sampling/round_1/01_sampling/sampling_39/group_12_unrelaxed_rank_001_alphafold2_ptm_model_1_seed_042.pdb,85.18812949640288,68.648,15.635789,5.7463317,8.713168859481812,11,1
/fs/ess/PAA0203/xing244/AF_ClaSeq/results_NC_revision/ABL1/m_fold_random/01_m_fold_sampling/round_1/01_sampling/sampling_39/group_38_unrelaxed_rank_001_alphafold2_ptm_model_1_seed_042.pdb,82.75438848920864,56.9612,17.226133,6.562339,9.761477184295654,11,1
/fs/ess/PAA0203/xing244/AF_ClaSeq/results_NC_revision/ABL1/m_fold_random/01_m_fold_sampling/round_1/01_sampling/sampling_39/group_15_unrelaxed_rank_001_alphafold2_ptm_model_1_seed_042.pdb,88.23140287769785,87.37,17.382149,6.4757767,9.747688293457031,11,1
/fs/ess/PAA0203/xing244/AF_ClaSeq/results_NC_revision/ABL1/m_fold_random/01_m_fold_sampling/round_1/01_sampling/sampling_39/group_23_unrelaxed_rank_001_alphafold2_ptm_model_1_seed_042.pdb,83.27877697841727,64.4092,17.78902,4.9182043,8.77944917678833,11,1
/fs/ess/PAA0203/xing244/AF_ClaSeq/results_NC_revision/ABL1/m_fold_random/01_m_fold_sampling/round_1/01_sampling/sampling_39/group_5_unrelaxed_rank_001_alphafold2_ptm_model_1_seed_042.pdb,82.9930215827338,60.675200000000004,18.564867,5.080494,9.125805854797363,11,1
/fs/ess/PAA0203/xing244/AF_ClaSeq/results_NC_revision/ABL1/m_fold_random/01_m_fold_sampling/round_1/01_sampling/sampling_39/group_33_unrelaxed_rank_001_alphafold2_ptm_model_1_seed_042.pdb,85.54097122302159,72.6708,17.013414,6.3184767,9.526957988739014,11,1
/fs/ess/PAA0203/xing244/AF_ClaSeq/results_NC_revision/ABL1/m_fold_random/01_m_fold_sampling/round_1/01_sampling/sampling_39/group_27_unrelaxed_rank_001_alphafold2_ptm_model_1_seed_042.pdb,89.19510791366906,85.1076,17.458889,6.516783,9.7994149684906,11,1
/fs/ess/PAA0203/xing244/AF_ClaSeq/results_NC_revision/ABL1/m_fold_random/01_m_fold_sampling/round_1/01_sampling/sampling_39/group_42_unrelaxed_rank_001_alphafold2_ptm_model_1_seed_042.pdb,86.21989208633094,84.9752,17.466028,6.4816217,9.776943683624268,11,1
/fs/ess/PAA0203/xing244/AF_ClaSeq/results_NC_revision/ABL1/m_fold_random/01_m_fold_sampling/round_1/01_sampling/sampling_39/group_10_unrelaxed_rank_001_alphafold2_ptm_model_1_seed_042.pdb,80.50248201438849,56.22639999999999,16.935442,6.139402,9.378213930130004,11,1
/fs/ess/PAA0203/xing244/AF_ClaSeq/results_NC_revision/ABL1/m_fold_random/01_m_fold_sampling/round_1/01_sampling/sampling_39/group_37_unrelaxed_rank_001_alphafold2_ptm_model_1_seed_042.pdb,84.31115107913669,64.3876,17.716291,6.371255,9.77476587295532,11,1
/fs/ess/PAA0203/xing244/AF_ClaSeq/results_NC_revision/ABL1/m_fold_random/01_m_fold_sampling/round_1/01_sampling/sampling_39/group_29_unrelaxed_rank_001_alphafold2_ptm_model_1_seed_042.pdb,86.50151079136691,69.7564,17.278404,6.1968822,9.521338844299315,11,1
/fs/ess/PAA0203/xing244/AF_ClaSeq/results_NC_revision/ABL1/m_fold_random/01_m_fold_sampling/round_1/01_sampling/sampling_39/group_18_unrelaxed_rank_001_alphafold2_ptm_model_1_seed_042.pdb,85.96190647482015,66.76559999999999,17.296518,6.3393536,9.626502990722656,11,1
/fs/ess/PAA0203/xing244/AF_ClaSeq/results_NC_revision/ABL1/m_fold_random/01_m_fold_sampling/round_1/01_sampling/sampling_39/group_43_unrelaxed_rank_001_alphafold2_ptm_model_1_seed_042.pdb,82.16568345323742,57.78679999999999,17.109026,6.474446,9.664819860458373,11,1
/fs/ess/PAA0203/xing244/AF_ClaSeq/results_NC_revision/ABL1/m_fold_random/01_m_fold_sampling/round_1/01_sampling/sampling_39/group_25_unrelaxed_rank_001_alphafold2_ptm_model_1_seed_042.pdb,80.01906474820144,42.818400000000004,18.583109,7.2894416,10.6775417804718,11,1
/fs/ess/PAA0203/xing244/AF_ClaSeq/results_NC_revision/ABL1/m_fold_random/01_m_fold_sampling/round_1/01_sampling/sampling_39/group_3_unrelaxed_rank_001_alphafold2_ptm_model_1_seed_042.pdb,81.67791366906475,47.7936,17.012688,6.505824,9.657883167266846,11,1
/fs/ess/PAA0203/xing244/AF_ClaSeq/results_NC_revision/ABL1/m_fold_random/01_m_fold_sampling/round_1/01_sampling/sampling_39/group_34_unrelaxed_rank_001_alphafold2_ptm_model_1_seed_042.pdb,83.16388489208633,59.15080000000001,17.44645,6.247678,9.607309246063231,11,1
/fs/ess/PAA0203/xing244/AF_ClaSeq/results_NC_revision/ABL1/m_fold_random/01_m_fold_sampling/round_1/01_sampling/sampling_39/group_9_unrelaxed_rank_001_alphafold2_ptm_model_1_seed_042.pdb,84.41633093525179,57.743199999999995,17.01089,6.347658,9.54662742614746,11,1
/fs/ess/PAA0203/xing244/AF_ClaSeq/results_NC_revision/ABL1/m_fold_random/01_m_fold_sampling/round_1/01_sampling/sampling_39/group_47_unrelaxed_rank_001_alphafold2_ptm_model_1_seed_042.pdb,83.54226618705036,63.30999999999999,17.554132,6.468891,9.794463539123534,11,1
/fs/ess/PAA0203/xing244/AF_ClaSeq/results_NC_revision/ABL1/m_fold_random/01_m_fold_sampling/round_1/01_sampling/sampling_39/group_35_unrelaxed_rank_001_alphafold2_ptm_model_1_seed_042.pdb,82.6746762589928,55.81079999999999,17.118498,6.464675,9.660821819305419,11,1
/fs/ess/PAA0203/xing244/AF_ClaSeq/results_NC_revision/ABL1/m_fold_random/01_m_fold_sampling/round_1/01_sampling/sampling_39/group_24_unrelaxed_rank_001_alphafold2_ptm_model_1_seed_042.pdb,82.18812949640288,54.305200000000006,17.147928,7.168759,10.162509679794312,11,1
/fs/ess/PAA0203/xing244/AF_ClaSeq/results_NC_revision/ABL1/m_fold_random/01_m_fold_sampling/round_1/01_sampling/sampling_39/group_40_unrelaxed_rank_001_alphafold2_ptm_model_1_seed_042.pdb,84.66723021582735,73.946,17.274418,6.361298,9.635234022140502,11,1
/fs/ess/PAA0203/xing244/AF_ClaSeq/results_NC_revision/ABL1/m_fold_random/01_m_fold_sampling/round_1/01_sampling/sampling_39/group_1_unrelaxed_rank_001_alphafold2_ptm_model_1_seed_042.pdb,85.61568345323741,72.196,16.9879,6.3194194,9.519963502883911,11,1
/fs/ess/PAA0203/xing244/AF_ClaSeq/results_NC_revision/ABL1/m_fold_random/01_m_fold_sampling/round_1/01_sampling/sampling_39/group_30_unrelaxed_rank_001_alphafold2_ptm_model_1_seed_042.pdb,85.0171582733813,78.82520000000001,17.248257,6.2383723,9.541337633132933,11,1
/fs/ess/PAA0203/xing244/AF_ClaSeq/results_NC_revision/ABL1/m_fold_random/01_m_fold_sampling/round_1/01_sampling/sampling_39/group_26_unrelaxed_rank_001_alphafold2_ptm_model_1_seed_042.pdb,82.91996402877697,65.14959999999999,17.001387,6.7691817,9.838843202590942,11,1
/fs/ess/PAA0203/xing244/AF_ClaSeq/results_NC_revision/ABL1/m_fold_random/01_m_fold_sampling/round_1/01_sampling/sampling_39/group_39_unrelaxed_rank_001_alphafold2_ptm_model_1_seed_042.pdb,80.33143884892087,44.9092,15.795659,6.636593,9.384312725067138,11,1
/fs/ess/PAA0203/xing244/AF_ClaSeq/results_NC_revision/ABL1/m_fold_random/01_m_fold_sampling/round_1/01_sampling/sampling_39/group_11_unrelaxed_rank_001_alphafold2_ptm_model_1_seed_042.pdb,84.69086330935251,72.2872,17.35449,6.3963423,9.683786678314208,11,1
/fs/ess/PAA0203/xing244/AF_ClaSeq/results_NC_revision/ABL1/m_fold_random/01_m_fold_sampling/round_1/01_sampling/sampling_39/group_49_unrelaxed_rank_001_alphafold2_ptm_model_1_seed_042.pdb,83.65906474820144,60.1052,16.33446,6.3998036,9.380200338363647,12,1
/fs/ess/PAA0203/xing244/AF_ClaSeq/results_NC_revision/ABL1/m_fold_random/01_m_fold_sampling/round_1/01_sampling/sampling_39/group_45_unrelaxed_rank_001_alphafold2_ptm_model_1_seed_042.pdb,84.87244604316547,58.262800000000006,16.852812,6.9456167,9.9177752494812,11,1
/fs/ess/PAA0203/xing244/AF_ClaSeq/results_NC_revision/ABL1/m_fold_random/01_m_fold_sampling/round_1/01_sampling/sampling_39/group_2_unrelaxed_rank_001_alphafold2_ptm_model_1_seed_042.pdb,82.9836690647482,52.7616,13.765353,7.2956285,9.236545944213866,11,1
/fs/ess/PAA0203/xing244/AF_ClaSeq/results_NC_revision/ABL1/m_fold_random/01_m_fold_sampling/round_1/01_sampling/sampling_39/group_36_unrelaxed_rank_001_alphafold2_ptm_model_1_seed_042.pdb,87.49287769784173,83.89280000000001,17.535748,6.305754,9.674752187728881,11,1
/fs/ess/PAA0203/xing244/AF_ClaSeq/results_NC_revision/ABL1/m_fold_random/01_m_fold_sampling/round_1/01_sampling/sampling_43/group_20_unrelaxed_rank_001_alphafold2_ptm_model_1_seed_042.pdb,87.0256834532374,79.89519999999999,17.676546,6.3777504,9.767389106750487,11,1
/fs/ess/PAA0203/xing244/AF_ClaSeq/results_NC_revision/ABL1/m_fold_random/01_m_fold_sampling/round_1/01_sampling/sampling_43/group_44_unrelaxed_rank_001_alphafold2_ptm_model_1_seed_042.pdb,86.71798561151078,80.3624,17.440672,6.4100184,9.719214487075806,11,1
/fs/ess/PAA0203/xing244/AF_ClaSeq/results_NC_revision/ABL1/m_fold_random/01_m_fold_sampling/round_1/01_sampling/sampling_43/group_16_unrelaxed_rank_001_alphafold2_ptm_model_1_seed_042.pdb,81.52136690647482,50.95399999999999,16.771881,4.9685264,8.509532785415649,11,1
/fs/ess/PAA0203/xing244/AF_ClaSeq/results_NC_revision/ABL1/m_fold_random/01_m_fold_sampling/round_1/01_sampling/sampling_43/group_8_unrelaxed_rank_001_alphafold2_ptm_model_1_seed_042.pdb,86.9108273381295,74.36,17.40213,6.3978286,9.699119043350219,11,1
/fs/ess/PAA0203/xing244/AF_ClaSeq/results_NC_revision/ABL1/m_fold_random/01_m_fold_sampling/round_1/01_sampling/sampling_43/group_48_unrelaxed_rank_001_alphafold2_ptm_model_1_seed_042.pdb,86.71374100719424,75.13719999999999,17.3465,6.44069,9.71243314743042,11,1
/fs/ess/PAA0203/xing244/AF_ClaSeq/results_NC_revision/ABL1/m_fold_random/01_m_fold_sampling/round_1/01_sampling/sampling_43/group_6_unrelaxed_rank_001_alphafold2_ptm_model_1_seed_042.pdb,88.04510791366907,75.1776,17.474253,6.5239224,9.809021520614623,11,1
/fs/ess/PAA0203/xing244/AF_ClaSeq/results_NC_revision/ABL1/m_fold_random/01_m_fold_sampling/round_1/01_sampling/sampling_43/group_19_unrelaxed_rank_001_alphafold2_ptm_model_1_seed_042.pdb,89.19575539568345,86.7176,17.392605,6.490135,9.760876083374022,11,1
/fs/ess/PAA0203/xing244/AF_ClaSeq/results_NC_revision/ABL1/m_fold_random/01_m_fold_sampling/round_1/01_sampling/sampling_43/group_13_unrelaxed_rank_001_alphafold2_ptm_model_1_seed_042.pdb,88.42327338129498,85.5096,17.237524,6.335293,9.605962181091307,11,1
/fs/ess/PAA0203/xing244/AF_ClaSeq/results_NC_revision/ABL1/m_fold_random/01_m_fold_sampling/round_1/01_sampling/sampling_43/group_28_unrelaxed_rank_001_alphafold2_ptm_model_1_seed_042.pdb,87.47298561151078,79.56039999999999,17.321695,6.3975215,9.674773645401,11,1
/fs/ess/PAA0203/xing244/AF_ClaSeq/results_NC_revision/ABL1/m_fold_random/01_m_fold_sampling/round_1/01_sampling/sampling_43/group_32_unrelaxed_rank_001_alphafold2_ptm_model_1_seed_042.pdb,85.25510791366906,66.23280000000001,17.044527,6.37686,9.577160215377807,11,1
/fs/ess/PAA0203/xing244/AF_ClaSeq/results_NC_revision/ABL1/m_fold_random/01_m_fold_sampling/round_1/01_sampling/sampling_43/group_22_unrelaxed_rank_001_alphafold2_ptm_model_1_seed_042.pdb,84.55435251798562,66.148,17.150381,6.4379005,9.651644706726074,11,1
/fs/ess/PAA0203/xing244/AF_ClaSeq/results_NC_revision/ABL1/m_fold_random/01_m_fold_sampling/round_1/01_sampling/sampling_43/group_7_unrelaxed_rank_001_alphafold2_ptm_model_1_seed_042.pdb,81.96406474820145,53.14,16.696732,6.796002,9.766220808029175,11,1
/fs/ess/PAA0203/xing244/AF_ClaSeq/results_NC_revision/ABL1/m_fold_random/01_m_fold_sampling/round_1/01_sampling/sampling_43/group_21_unrelaxed_rank_001_alphafold2_ptm_model_1_seed_042.pdb,86.96924460431654,71.38199999999999,17.288168,6.32311,9.612627458572387,11,1
/fs/ess/PAA0203/xing244/AF_ClaSeq/results_NC_revision/ABL1/m_fold_random/01_m_fold_sampling/round_1/01_sampling/sampling_43/group_41_unrelaxed_rank_001_alphafold2_ptm_model_1_seed_042.pdb,82.18676258992805,43.493199999999995,14.941994,7.0454082,9.414383888244629,11,1
/fs/ess/PAA0203/xing244/AF_ClaSeq/results_NC_revision/ABL1/m_fold_random/01_m_fold_sampling/round_1/01_sampling/sampling_43/group_31_unrelaxed_rank_001_alphafold2_ptm_model_1_seed_042.pdb,84.15356115107913,63.5248,16.310091,6.357123,9.343013334274293,11,1
/fs/ess/PAA0203/xing244/AF_ClaSeq/results_NC_revision/ABL1/m_fold_random/01_m_fold_sampling/round_1/01_sampling/sampling_43/group_46_unrelaxed_rank_001_alphafold2_ptm_model_1_seed_042.pdb,82.72870503597123,58.1984,17.529753,6.3280315,9.688547897338866,11,1
/fs/ess/PAA0203/xing244/AF_ClaSeq/results_NC_revision/ABL1/m_fold_random/01_m_fold_sampling/round_1/01_sampling/sampling_43/group_17_unrelaxed_rank_001_alphafold2_ptm_model_1_seed_042.pdb,86.47050359712232,80.4752,17.338707,6.270039,9.590639448165893,11,1
/fs/ess/PAA0203/xing244/AF_ClaSeq/results_NC_revision/ABL1/m_fold_random/01_m_fold_sampling/round_1/01_sampling/sampling_43/group_14_unrelaxed_rank_001_alphafold2_ptm_model_1_seed_042.pdb,86.55428057553956,73.6076,17.231348,6.370007,9.628409337997436,11,1
/fs/ess/PAA0203/xing244/AF_ClaSeq/results_NC_revision/ABL1/m_fold_random/01_m_fold_sampling/round_1/01_sampling/sampling_43/group_4_unrelaxed_rank_001_alphafold2_ptm_model_1_seed_042.pdb,85.93935251798561,80.00319999999999,17.536558,6.4763703,9.794426679611206,11,1
/fs/ess/PAA0203/xing244/AF_ClaSeq/results_NC_revision/ABL1/m_fold_random/01_m_fold_sampling/round_1/01_sampling/sampling_43/group_12_unrelaxed_rank_001_alphafold2_ptm_model_1_seed_042.pdb,85.10097122302159,73.72200000000001,17.283909,6.4619513,9.70853853225708,11,1
/fs/ess/PAA0203/xing244/AF_ClaSeq/results_NC_revision/ABL1/m_fold_random/01_m_fold_sampling/round_1/01_sampling/sampling_43/group_38_unrelaxed_rank_001_alphafold2_ptm_model_1_seed_042.pdb,83.81834532374101,62.138000000000005,17.871943,5.28146,9.058604621887207,11,1
/fs/ess/PAA0203/xing244/AF_ClaSeq/results_NC_revision/ABL1/m_fold_random/01_m_fold_sampling/round_1/01_sampling/sampling_43/group_15_unrelaxed_rank_001_alphafold2_ptm_model_1_seed_042.pdb,87.27237410071943,71.72120000000001,16.054773,7.2170362,9.868357372283935,11,1
/fs/ess/PAA0203/xing244/AF_ClaSeq/results_NC_revision/ABL1/m_fold_random/01_m_fold_sampling/round_1/01_sampling/sampling_43/group_23_unrelaxed_rank_001_alphafold2_ptm_model_1_seed_042.pdb,85.5541726618705,76.65520000000001,17.236746,6.3522143,9.61757378578186,11,1
/fs/ess/PAA0203/xing244/AF_ClaSeq/results_NC_revision/ABL1/m_fold_random/01_m_fold_sampling/round_1/01_sampling/sampling_43/group_5_unrelaxed_rank_001_alphafold2_ptm_model_1_seed_042.pdb,83.70697841726619,70.1152,17.303537,6.30591,9.605198287963866,11,1
/fs/ess/PAA0203/xing244/AF_ClaSeq/results_NC_revision/ABL1/m_fold_random/01_m_fold_sampling/round_1/01_sampling/sampling_43/group_33_unrelaxed_rank_001_alphafold2_ptm_model_1_seed_042.pdb,81.2771942446043,55.831199999999995,17.44125,6.3740387,9.694202041625976,11,1
/fs/ess/PAA0203/xing244/AF_ClaSeq/results_NC_revision/ABL1/m_fold_random/01_m_fold_sampling/round_1/01_sampling/sampling_43/group_27_unrelaxed_rank_001_alphafold2_ptm_model_1_seed_042.pdb,86.971690647482,83.2476,17.322374,6.455919,9.71585545539856,11,1
/fs/ess/PAA0203/xing244/AF_ClaSeq/results_NC_revision/ABL1/m_fold_random/01_m_fold_sampling/round_1/01_sampling/sampling_43/group_42_unrelaxed_rank_001_alphafold2_ptm_model_1_seed_042.pdb,82.99971223021582,62.36879999999999,16.83712,6.1831794,9.379361581802367,11,1
/fs/ess/PAA0203/xing244/AF_ClaSeq/results_NC_revision/ABL1/m_fold_random/01_m_fold_sampling/round_1/01_sampling/sampling_43/group_10_unrelaxed_rank_001_alphafold2_ptm_model_1_seed_042.pdb,84.90838129496403,64.88600000000001,17.329214,7.4972625,10.446847963333129,11,1
/fs/ess/PAA0203/xing244/AF_ClaSeq/results_NC_revision/ABL1/m_fold_random/01_m_fold_sampling/round_1/01_sampling/sampling_43/group_37_unrelaxed_rank_001_alphafold2_ptm_model_1_seed_042.pdb,87.691690647482,82.76719999999999,17.42408,6.350047,9.67225694656372,11,1
/fs/ess/PAA0203/xing244/AF_ClaSeq/results_NC_revision/ABL1/m_fold_random/01_m_fold_sampling/round_1/01_sampling/sampling_43/group_29_unrelaxed_rank_001_alphafold2_ptm_model_1_seed_042.pdb,85.21510791366906,69.47200000000001,17.633036,4.8728933,8.700936031341552,11,1
/fs/ess/PAA0203/xing244/AF_ClaSeq/results_NC_revision/ABL1/m_fold_random/01_m_fold_sampling/round_1/01_sampling/sampling_43/group_18_unrelaxed_rank_001_alphafold2_ptm_model_1_seed_042.pdb,78.57924460431656,48.7048,17.251759,4.348444,8.219438362121583,11,1
/fs/ess/PAA0203/xing244/AF_ClaSeq/results_NC_revision/ABL1/m_fold_random/01_m_fold_sampling/round_1/01_sampling/sampling_43/group_43_unrelaxed_rank_001_alphafold2_ptm_model_1_seed_042.pdb,82.3329856115108,53.023999999999994,15.653207,7.419209,9.889408349990845,11,1
/fs/ess/PAA0203/xing244/AF_ClaSeq/results_NC_revision/ABL1/m_fold_random/01_m_fold_sampling/round_1/01_sampling/sampling_43/group_25_unrelaxed_rank_001_alphafold2_ptm_model_1_seed_042.pdb,83.36737410071942,57.40639999999999,17.48236,6.4299884,9.745700120925903,11,1
/fs/ess/PAA0203/xing244/AF_ClaSeq/results_NC_revision/ABL1/m_fold_random/01_m_fold_sampling/round_1/01_sampling/sampling_43/group_3_unrelaxed_rank_001_alphafold2_ptm_model_1_seed_042.pdb,86.26942446043165,68.7276,16.900871,3.8840046,7.789064598083495,11,1
/fs/ess/PAA0203/xing244/AF_ClaSeq/results_NC_revision/ABL1/m_fold_random/01_m_fold_sampling/round_1/01_sampling/sampling_43/group_34_unrelaxed_rank_001_alphafold2_ptm_model_1_seed_042.pdb,87.01971223021583,80.7676,17.342274,6.315481,9.623518943786621,11,1
/fs/ess/PAA0203/xing244/AF_ClaSeq/results_NC_revision/ABL1/m_fold_random/01_m_fold_sampling/round_1/01_sampling/sampling_43/group_9_unrelaxed_rank_001_alphafold2_ptm_model_1_seed_042.pdb,86.16636690647482,69.08,17.726303,6.5018024,9.869152641296386,11,1
/fs/ess/PAA0203/xing244/AF_ClaSeq/results_NC_revision/ABL1/m_fold_random/01_m_fold_sampling/round_1/01_sampling/sampling_43/group_47_unrelaxed_rank_001_alphafold2_ptm_model_1_seed_042.pdb,80.83571942446044,55.16000000000001,16.735882,5.0480695,8.554413175582885,11,1
/fs/ess/PAA0203/xing244/AF_ClaSeq/results_NC_revision/ABL1/m_fold_random/01_m_fold_sampling/round_1/01_sampling/sampling_43/group_35_unrelaxed_rank_001_alphafold2_ptm_model_1_seed_042.pdb,80.48345323741007,45.1352,13.593182,6.9296618,8.928717708587646,11,1
/fs/ess/PAA0203/xing244/AF_ClaSeq/results_NC_revision/ABL1/m_fold_random/01_m_fold_sampling/round_1/01_sampling/sampling_43/group_24_unrelaxed_rank_001_alphafold2_ptm_model_1_seed_042.pdb,83.35964028776979,59.6796,17.029484,6.368703,9.566937160491943,11,1
/fs/ess/PAA0203/xing244/AF_ClaSeq/results_NC_revision/ABL1/m_fold_random/01_m_fold_sampling/round_1/01_sampling/sampling_43/group_40_unrelaxed_rank_001_alphafold2_ptm_model_1_seed_042.pdb,82.40402877697842,59.3912,17.015675,6.5507164,9.690203857421874,11,1
/fs/ess/PAA0203/xing244/AF_ClaSeq/results_NC_revision/ABL1/m_fold_random/01_m_fold_sampling/round_1/01_sampling/sampling_43/group_1_unrelaxed_rank_001_alphafold2_ptm_model_1_seed_042.pdb,81.48007194244606,56.2292,16.97265,3.2873304,7.392926430702209,11,1
/fs/ess/PAA0203/xing244/AF_ClaSeq/results_NC_revision/ABL1/m_fold_random/01_m_fold_sampling/round_1/01_sampling/sampling_43/group_30_unrelaxed_rank_001_alphafold2_ptm_model_1_seed_042.pdb,86.70917266187051,65.5412,17.551468,6.471369,9.795398521423339,11,1
/fs/ess/PAA0203/xing244/AF_ClaSeq/results_NC_revision/ABL1/m_fold_random/01_m_fold_sampling/round_1/01_sampling/sampling_43/group_26_unrelaxed_rank_001_alphafold2_ptm_model_1_seed_042.pdb,83.90057553956835,64.7956,17.520458,6.402391,9.737811136245726,11,1
/fs/ess/PAA0203/xing244/AF_ClaSeq/results_NC_revision/ABL1/m_fold_random/01_m_fold_sampling/round_1/01_sampling/sampling_43/group_39_unrelaxed_rank_001_alphafold2_ptm_model_1_seed_042.pdb,81.20129496402878,46.278800000000004,4.3990703,7.986137,6.9100169181823725,11,1
/fs/ess/PAA0203/xing244/AF_ClaSeq/results_NC_revision/ABL1/m_fold_random/01_m_fold_sampling/round_1/01_sampling/sampling_43/group_11_unrelaxed_rank_001_alphafold2_ptm_model_1_seed_042.pdb,89.42874100719425,86.5196,17.43145,6.332212,9.661983346939087,11,1
/fs/ess/PAA0203/xing244/AF_ClaSeq/results_NC_revision/ABL1/m_fold_random/01_m_fold_sampling/round_1/01_sampling/sampling_43/group_49_unrelaxed_rank_001_alphafold2_ptm_model_1_seed_042.pdb,90.38147482014388,86.9428,17.673471,6.320361,9.726294231414794,12,1
/fs/ess/PAA0203/xing244/AF_ClaSeq/results_NC_revision/ABL1/m_fold_random/01_m_fold_sampling/round_1/01_sampling/sampling_43/group_45_unrelaxed_rank_001_alphafold2_ptm_model_1_seed_042.pdb,83.40543165467625,61.37120000000001,15.956749,6.061665,9.030190229415894,11,1
/fs/ess/PAA0203/xing244/AF_ClaSeq/results_NC_revision/ABL1/m_fold_random/01_m_fold_sampling/round_1/01_sampling/sampling_43/group_2_unrelaxed_rank_001_alphafold2_ptm_model_1_seed_042.pdb,86.56503597122303,74.3544,17.243498,6.2534003,9.550429582595825,11,1
/fs/ess/PAA0203/xing244/AF_ClaSeq/results_NC_revision/ABL1/m_fold_random/01_m_fold_sampling/round_1/01_sampling/sampling_43/group_36_unrelaxed_rank_001_alphafold2_ptm_model_1_seed_042.pdb,81.2731654676259,55.4644,15.805773,6.9774675,9.625959110260009,11,1
/fs/ess/PAA0203/xing244/AF_ClaSeq/results_NC_revision/ABL1/m_fold_random/01_m_fold_sampling/round_1/01_sampling/sampling_27/group_20_unrelaxed_rank_001_alphafold2_ptm_model_1_seed_042.pdb,83.91589928057554,65.73280000000001,17.185394,6.5916023,9.769739913940429,11,1
/fs/ess/PAA0203/xing244/AF_ClaSeq/results_NC_revision/ABL1/m_fold_random/01_m_fold_sampling/round_1/01_sampling/sampling_27/group_44_unrelaxed_rank_001_alphafold2_ptm_model_1_seed_042.pdb,80.16960431654675,53.2408,16.555115,3.3408313,7.3051163196563715,11,1
/fs/ess/PAA0203/xing244/AF_ClaSeq/results_NC_revision/ABL1/m_fold_random/01_m_fold_sampling/round_1/01_sampling/sampling_27/group_16_unrelaxed_rank_001_alphafold2_ptm_model_1_seed_042.pdb,83.80348920863311,56.3412,16.577555,6.3809643,9.43994140625,11,1
/fs/ess/PAA0203/xing244/AF_ClaSeq/results_NC_revision/ABL1/m_fold_random/01_m_fold_sampling/round_1/01_sampling/sampling_27/group_8_unrelaxed_rank_001_alphafold2_ptm_model_1_seed_042.pdb,84.45165467625898,59.7304,17.786848,6.442553,9.845841550827025,11,1
/fs/ess/PAA0203/xing244/AF_ClaSeq/results_NC_revision/ABL1/m_fold_random/01_m_fold_sampling/round_1/01_sampling/sampling_27/group_48_unrelaxed_rank_001_alphafold2_ptm_model_1_seed_042.pdb,85.76949640287769,73.9484,17.258394,6.237549,9.543802452087402,11,1
/fs/ess/PAA0203/xing244/AF_ClaSeq/results_NC_revision/ABL1/m_fold_random/01_m_fold_sampling/round_1/01_sampling/sampling_27/group_6_unrelaxed_rank_001_alphafold2_ptm_model_1_seed_042.pdb,82.70852517985612,59.2552,16.751656,3.1399808,7.223483228683472,11,1
/fs/ess/PAA0203/xing244/AF_ClaSeq/results_NC_revision/ABL1/m_fold_random/01_m_fold_sampling/round_1/01_sampling/sampling_27/group_19_unrelaxed_rank_001_alphafold2_ptm_model_1_seed_042.pdb,82.22352517985611,58.4912,17.090458,6.554412,9.71522569656372,11,1
/fs/ess/PAA0203/xing244/AF_ClaSeq/results_NC_revision/ABL1/m_fold_random/01_m_fold_sampling/round_1/01_sampling/sampling_27/group_13_unrelaxed_rank_001_alphafold2_ptm_model_1_seed_042.pdb,85.44687050359713,67.9412,16.912016,6.255431,9.45240659713745,11,1
/fs/ess/PAA0203/xing244/AF_ClaSeq/results_NC_revision/ABL1/m_fold_random/01_m_fold_sampling/round_1/01_sampling/sampling_27/group_28_unrelaxed_rank_001_alphafold2_ptm_model_1_seed_042.pdb,81.87053956834532,62.2504,16.638483,4.5419827,8.17093276977539,11,1
/fs/ess/PAA0203/xing244/AF_ClaSeq/results_NC_revision/ABL1/m_fold_random/01_m_fold_sampling/round_1/01_sampling/sampling_27/group_32_unrelaxed_rank_001_alphafold2_ptm_model_1_seed_042.pdb,82.50758992805756,56.455999999999996,16.898895,6.2412324,9.438531255722046,11,1
/fs/ess/PAA0203/xing244/AF_ClaSeq/results_NC_revision/ABL1/m_fold_random/01_m_fold_sampling/round_1/01_sampling/sampling_27/group_22_unrelaxed_rank_001_alphafold2_ptm_model_1_seed_042.pdb,85.04363309352517,66.6648,17.534584,6.3269157,9.689216232299804,11,1
/fs/ess/PAA0203/xing244/AF_ClaSeq/results_NC_revision/ABL1/m_fold_random/01_m_fold_sampling/round_1/01_sampling/sampling_27/group_7_unrelaxed_rank_001_alphafold2_ptm_model_1_seed_042.pdb,85.58258992805754,69.61200000000001,17.239916,6.3698797,9.630890560150146,11,1
/fs/ess/PAA0203/xing244/AF_ClaSeq/results_NC_revision/ABL1/m_fold_random/01_m_fold_sampling/round_1/01_sampling/sampling_27/group_21_unrelaxed_rank_001_alphafold2_ptm_model_1_seed_042.pdb,83.4275179856115,64.28,17.07278,6.2968206,9.529608631134032,11,1
/fs/ess/PAA0203/xing244/AF_ClaSeq/results_NC_revision/ABL1/m_fold_random/01_m_fold_sampling/round_1/01_sampling/sampling_27/group_41_unrelaxed_rank_001_alphafold2_ptm_model_1_seed_042.pdb,80.64035971223024,53.0916,15.557653,7.610338,9.994532775878906,11,1
/fs/ess/PAA0203/xing244/AF_ClaSeq/results_NC_revision/ABL1/m_fold_random/01_m_fold_sampling/round_1/01_sampling/sampling_27/group_31_unrelaxed_rank_001_alphafold2_ptm_model_1_seed_042.pdb,87.13964028776978,81.134,17.49995,6.4419546,9.759353351593017,11,1
/fs/ess/PAA0203/xing244/AF_ClaSeq/results_NC_revision/ABL1/m_fold_random/01_m_fold_sampling/round_1/01_sampling/sampling_27/group_46_unrelaxed_rank_001_alphafold2_ptm_model_1_seed_042.pdb,84.24291366906476,61.34440000000001,17.358402,6.3202653,9.631706380844115,11,1
/fs/ess/PAA0203/xing244/AF_ClaSeq/results_NC_revision/ABL1/m_fold_random/01_m_fold_sampling/round_1/01_sampling/sampling_27/group_17_unrelaxed_rank_001_alphafold2_ptm_model_1_seed_042.pdb,85.67741007194246,68.9016,17.009418,6.316018,9.524038219451903,11,1
/fs/ess/PAA0203/xing244/AF_ClaSeq/results_NC_revision/ABL1/m_fold_random/01_m_fold_sampling/round_1/01_sampling/sampling_27/group_14_unrelaxed_rank_001_alphafold2_ptm_model_1_seed_042.pdb,85.86,69.3724,17.435215,6.3173323,9.652697086334229,11,1
/fs/ess/PAA0203/xing244/AF_ClaSeq/results_NC_revision/ABL1/m_fold_random/01_m_fold_sampling/round_1/01_sampling/sampling_27/group_4_unrelaxed_rank_001_alphafold2_ptm_model_1_seed_042.pdb,80.97298561151078,54.02959999999999,17.050833,6.773388,9.856621360778808,11,1
/fs/ess/PAA0203/xing244/AF_ClaSeq/results_NC_revision/ABL1/m_fold_random/01_m_fold_sampling/round_1/01_sampling/sampling_27/group_12_unrelaxed_rank_001_alphafold2_ptm_model_1_seed_042.pdb,87.87622302158273,77.98440000000001,17.52789,6.412043,9.746796941757202,11,1
/fs/ess/PAA0203/xing244/AF_ClaSeq/results_NC_revision/ABL1/m_fold_random/01_m_fold_sampling/round_1/01_sampling/sampling_27/group_38_unrelaxed_rank_001_alphafold2_ptm_model_1_seed_042.pdb,85.08510791366906,67.64479999999999,17.00686,6.342806,9.542022323608398,11,1
/fs/ess/PAA0203/xing244/AF_ClaSeq/results_NC_revision/ABL1/m_fold_random/01_m_fold_sampling/round_1/01_sampling/sampling_27/group_15_unrelaxed_rank_001_alphafold2_ptm_model_1_seed_042.pdb,87.52935251798561,81.78,17.781103,6.610362,9.961584377288817,11,1
/fs/ess/PAA0203/xing244/AF_ClaSeq/results_NC_revision/ABL1/m_fold_random/01_m_fold_sampling/round_1/01_sampling/sampling_27/group_23_unrelaxed_rank_001_alphafold2_ptm_model_1_seed_042.pdb,89.46748201438848,84.2912,17.167908,6.193577,9.485876083374023,11,1
/fs/ess/PAA0203/xing244/AF_ClaSeq/results_NC_revision/ABL1/m_fold_random/01_m_fold_sampling/round_1/01_sampling/sampling_27/group_5_unrelaxed_rank_001_alphafold2_ptm_model_1_seed_042.pdb,82.8873381294964,56.644,17.615028,6.3934345,9.75991268157959,11,1
/fs/ess/PAA0203/xing244/AF_ClaSeq/results_NC_revision/ABL1/m_fold_random/01_m_fold_sampling/round_1/01_sampling/sampling_27/group_33_unrelaxed_rank_001_alphafold2_ptm_model_1_seed_042.pdb,85.92025179856115,76.2092,17.408026,6.325868,9.6505154132843,11,1
/fs/ess/PAA0203/xing244/AF_ClaSeq/results_NC_revision/ABL1/m_fold_random/01_m_fold_sampling/round_1/01_sampling/sampling_27/group_27_unrelaxed_rank_001_alphafold2_ptm_model_1_seed_042.pdb,79.6634892086331,45.62520000000001,15.05213,7.110492,9.492983484268187,11,1
/fs/ess/PAA0203/xing244/AF_ClaSeq/results_NC_revision/ABL1/m_fold_random/01_m_fold_sampling/round_1/01_sampling/sampling_27/group_42_unrelaxed_rank_001_alphafold2_ptm_model_1_seed_042.pdb,82.47553956834531,55.3552,17.302862,6.2631483,9.575062465667724,11,1
/fs/ess/PAA0203/xing244/AF_ClaSeq/results_NC_revision/ABL1/m_fold_random/01_m_fold_sampling/round_1/01_sampling/sampling_27/group_10_unrelaxed_rank_001_alphafold2_ptm_model_1_seed_042.pdb,83.2831654676259,65.1952,17.494886,6.7065463,9.943048334121702,11,1
/fs/ess/PAA0203/xing244/AF_ClaSeq/results_NC_revision/ABL1/m_fold_random/01_m_fold_sampling/round_1/01_sampling/sampling_27/group_37_unrelaxed_rank_001_alphafold2_ptm_model_1_seed_042.pdb,82.69694244604317,56.392799999999994,17.22877,6.3587723,9.61977138519287,11,1
/fs/ess/PAA0203/xing244/AF_ClaSeq/results_NC_revision/ABL1/m_fold_random/01_m_fold_sampling/round_1/01_sampling/sampling_27/group_29_unrelaxed_rank_001_alphafold2_ptm_model_1_seed_042.pdb,83.1706474820144,61.4564,17.244675,6.5905576,9.786792707443237,11,1
/fs/ess/PAA0203/xing244/AF_ClaSeq/results_NC_revision/ABL1/m_fold_random/01_m_fold_sampling/round_1/01_sampling/sampling_27/group_18_unrelaxed_rank_001_alphafold2_ptm_model_1_seed_042.pdb,87.5748201438849,83.45120000000001,17.305235,6.155485,9.500410079956055,11,1
/fs/ess/PAA0203/xing244/AF_ClaSeq/results_NC_revision/ABL1/m_fold_random/01_m_fold_sampling/round_1/01_sampling/sampling_27/group_43_unrelaxed_rank_001_alphafold2_ptm_model_1_seed_042.pdb,86.55097122302158,77.52,17.352865,6.2763095,9.599276208877562,11,1
/fs/ess/PAA0203/xing244/AF_ClaSeq/results_NC_revision/ABL1/m_fold_random/01_m_fold_sampling/round_1/01_sampling/sampling_27/group_25_unrelaxed_rank_001_alphafold2_ptm_model_1_seed_042.pdb,85.99967625899279,65.9784,17.49825,6.4288,9.749634790420533,11,1
/fs/ess/PAA0203/xing244/AF_ClaSeq/results_NC_revision/ABL1/m_fold_random/01_m_fold_sampling/round_1/01_sampling/sampling_27/group_3_unrelaxed_rank_001_alphafold2_ptm_model_1_seed_042.pdb,86.36758992805754,72.12559999999999,17.41741,6.4395185,9.732885885238646,11,1
/fs/ess/PAA0203/xing244/AF_ClaSeq/results_NC_revision/ABL1/m_fold_random/01_m_fold_sampling/round_1/01_sampling/sampling_27/group_34_unrelaxed_rank_001_alphafold2_ptm_model_1_seed_042.pdb,87.21618705035971,75.2276,17.21315,6.359877,9.61585898399353,11,1
/fs/ess/PAA0203/xing244/AF_ClaSeq/results_NC_revision/ABL1/m_fold_random/01_m_fold_sampling/round_1/01_sampling/sampling_27/group_9_unrelaxed_rank_001_alphafold2_ptm_model_1_seed_042.pdb,86.68571942446042,70.9444,16.79143,6.547186,9.620458984374999,11,1
/fs/ess/PAA0203/xing244/AF_ClaSeq/results_NC_revision/ABL1/m_fold_random/01_m_fold_sampling/round_1/01_sampling/sampling_27/group_47_unrelaxed_rank_001_alphafold2_ptm_model_1_seed_042.pdb,85.35010791366908,68.288,16.575249,6.80899,9.73886761665344,11,1
/fs/ess/PAA0203/xing244/AF_ClaSeq/results_NC_revision/ABL1/m_fold_random/01_m_fold_sampling/round_1/01_sampling/sampling_27/group_35_unrelaxed_rank_001_alphafold2_ptm_model_1_seed_042.pdb,86.49910071942446,72.6276,17.417439,6.4441223,9.73611717224121,11,1
/fs/ess/PAA0203/xing244/AF_ClaSeq/results_NC_revision/ABL1/m_fold_random/01_m_fold_sampling/round_1/01_sampling/sampling_27/group_24_unrelaxed_rank_001_alphafold2_ptm_model_1_seed_042.pdb,86.87820143884892,73.4532,17.472206,6.468321,9.769486427307129,11,1
/fs/ess/PAA0203/xing244/AF_ClaSeq/results_NC_revision/ABL1/m_fold_random/01_m_fold_sampling/round_1/01_sampling/sampling_27/group_40_unrelaxed_rank_001_alphafold2_ptm_model_1_seed_042.pdb,84.79841726618704,65.92559999999999,16.351711,6.8574758,9.705746412277222,11,1
/fs/ess/PAA0203/xing244/AF_ClaSeq/results_NC_revision/ABL1/m_fold_random/01_m_fold_sampling/round_1/01_sampling/sampling_27/group_1_unrelaxed_rank_001_alphafold2_ptm_model_1_seed_042.pdb,84.85877697841727,69.13719999999999,17.26834,6.2719617,9.5708749294281,11,1
/fs/ess/PAA0203/xing244/AF_ClaSeq/results_NC_revision/ABL1/m_fold_random/01_m_fold_sampling/round_1/01_sampling/sampling_27/group_30_unrelaxed_rank_001_alphafold2_ptm_model_1_seed_042.pdb,85.0981654676259,59.224399999999996,17.27145,6.5921755,9.795957851409911,11,1
/fs/ess/PAA0203/xing244/AF_ClaSeq/results_NC_revision/ABL1/m_fold_random/01_m_fold_sampling/round_1/01_sampling/sampling_27/group_26_unrelaxed_rank_001_alphafold2_ptm_model_1_seed_042.pdb,82.17453237410072,54.494,17.08045,3.6753716,7.696895170211792,11,1
/fs/ess/PAA0203/xing244/AF_ClaSeq/results_NC_revision/ABL1/m_fold_random/01_m_fold_sampling/round_1/01_sampling/sampling_27/group_39_unrelaxed_rank_001_alphafold2_ptm_model_1_seed_042.pdb,81.91161870503598,51.4908,16.333061,7.716136,10.301213550567628,11,1
/fs/ess/PAA0203/xing244/AF_ClaSeq/results_NC_revision/ABL1/m_fold_random/01_m_fold_sampling/round_1/01_sampling/sampling_27/group_11_unrelaxed_rank_001_alphafold2_ptm_model_1_seed_042.pdb,82.99517985611512,64.3168,18.706642,5.179268,9.237480163574219,11,1
/fs/ess/PAA0203/xing244/AF_ClaSeq/results_NC_revision/ABL1/m_fold_random/01_m_fold_sampling/round_1/01_sampling/sampling_27/group_49_unrelaxed_rank_001_alphafold2_ptm_model_1_seed_042.pdb,83.12482014388488,63.4436,17.074389,3.5416188,7.601449728012085,12,1
/fs/ess/PAA0203/xing244/AF_ClaSeq/results_NC_revision/ABL1/m_fold_random/01_m_fold_sampling/round_1/01_sampling/sampling_27/group_45_unrelaxed_rank_001_alphafold2_ptm_model_1_seed_042.pdb,84.52679856115108,62.476800000000004,17.456964,6.5230637,9.803233909606934,11,1
/fs/ess/PAA0203/xing244/AF_ClaSeq/results_NC_revision/ABL1/m_fold_random/01_m_fold_sampling/round_1/01_sampling/sampling_27/group_2_unrelaxed_rank_001_alphafold2_ptm_model_1_seed_042.pdb,85.25356115107914,67.16120000000001,17.16006,6.373009,9.609124708175658,11,1
/fs/ess/PAA0203/xing244/AF_ClaSeq/results_NC_revision/ABL1/m_fold_random/01_m_fold_sampling/round_1/01_sampling/sampling_27/group_36_unrelaxed_rank_001_alphafold2_ptm_model_1_seed_042.pdb,85.44309352517986,62.23400000000001,17.272947,6.5227723,9.747824811935423,11,1
/fs/ess/PAA0203/xing244/AF_ClaSeq/results_NC_revision/ABL1/m_fold_random/01_m_fold_sampling/round_1/01_sampling/sampling_16/group_20_unrelaxed_rank_001_alphafold2_ptm_model_1_seed_042.pdb,87.4368705035971,79.5076,17.20901,6.354123,9.610588932037352,11,1
/fs/ess/PAA0203/xing244/AF_ClaSeq/results_NC_revision/ABL1/m_fold_random/01_m_fold_sampling/round_1/01_sampling/sampling_16/group_44_unrelaxed_rank_001_alphafold2_ptm_model_1_seed_042.pdb,85.3491726618705,61.604,17.378977,6.387794,9.685148859024046,11,1
/fs/ess/PAA0203/xing244/AF_ClaSeq/results_NC_revision/ABL1/m_fold_random/01_m_fold_sampling/round_1/01_sampling/sampling_16/group_16_unrelaxed_rank_001_alphafold2_ptm_model_1_seed_042.pdb,85.05920863309352,65.2448,17.305765,6.5651884,9.787361431121827,11,1
/fs/ess/PAA0203/xing244/AF_ClaSeq/results_NC_revision/ABL1/m_fold_random/01_m_fold_sampling/round_1/01_sampling/sampling_16/group_8_unrelaxed_rank_001_alphafold2_ptm_model_1_seed_042.pdb,80.99931654676259,54.696400000000004,17.163559,7.044956,10.080537033081054,11,1
/fs/ess/PAA0203/xing244/AF_ClaSeq/results_NC_revision/ABL1/m_fold_random/01_m_fold_sampling/round_1/01_sampling/sampling_16/group_48_unrelaxed_rank_001_alphafold2_ptm_model_1_seed_042.pdb,84.41327338129496,66.54119999999999,16.48773,4.236297,7.911726999282836,11,1
/fs/ess/PAA0203/xing244/AF_ClaSeq/results_NC_revision/ABL1/m_fold_random/01_m_fold_sampling/round_1/01_sampling/sampling_16/group_6_unrelaxed_rank_001_alphafold2_ptm_model_1_seed_042.pdb,87.90363309352517,83.302,17.574324,6.431505,9.77435073852539,11,1
/fs/ess/PAA0203/xing244/AF_ClaSeq/results_NC_revision/ABL1/m_fold_random/01_m_fold_sampling/round_1/01_sampling/sampling_16/group_19_unrelaxed_rank_001_alphafold2_ptm_model_1_seed_042.pdb,87.13061151079135,86.5392,17.2598,6.2882614,9.57972297668457,11,1
/fs/ess/PAA0203/xing244/AF_ClaSeq/results_NC_revision/ABL1/m_fold_random/01_m_fold_sampling/round_1/01_sampling/sampling_16/group_13_unrelaxed_rank_001_alphafold2_ptm_model_1_seed_042.pdb,81.71474820143887,58.4388,17.149523,6.759908,9.876792573928832,11,1
/fs/ess/PAA0203/xing244/AF_ClaSeq/results_NC_revision/ABL1/m_fold_random/01_m_fold_sampling/round_1/01_sampling/sampling_16/group_28_unrelaxed_rank_001_alphafold2_ptm_model_1_seed_042.pdb,87.72597122302159,80.336,17.399288,6.257747,9.600209474563599,11,1
/fs/ess/PAA0203/xing244/AF_ClaSeq/results_NC_revision/ABL1/m_fold_random/01_m_fold_sampling/round_1/01_sampling/sampling_16/group_32_unrelaxed_rank_001_alphafold2_ptm_model_1_seed_042.pdb,85.64931654676258,74.91799999999999,17.248556,6.424673,9.671837997436523,11,1
/fs/ess/PAA0203/xing244/AF_ClaSeq/results_NC_revision/ABL1/m_fold_random/01_m_fold_sampling/round_1/01_sampling/sampling_16/group_22_unrelaxed_rank_001_alphafold2_ptm_model_1_seed_042.pdb,86.58413669064747,74.644,17.427923,6.4596615,9.750139999389647,11,1
/fs/ess/PAA0203/xing244/AF_ClaSeq/results_NC_revision/ABL1/m_fold_random/01_m_fold_sampling/round_1/01_sampling/sampling_16/group_7_unrelaxed_rank_001_alphafold2_ptm_model_1_seed_042.pdb,80.7108273381295,47.4732,15.760046,7.219251,9.781489610671997,11,1
/fs/ess/PAA0203/xing244/AF_ClaSeq/results_NC_revision/ABL1/m_fold_random/01_m_fold_sampling/round_1/01_sampling/sampling_16/group_21_unrelaxed_rank_001_alphafold2_ptm_model_1_seed_042.pdb,84.7431654676259,64.2432,17.408678,6.3563967,9.672081089019775,11,1
/fs/ess/PAA0203/xing244/AF_ClaSeq/results_NC_revision/ABL1/m_fold_random/01_m_fold_sampling/round_1/01_sampling/sampling_16/group_41_unrelaxed_rank_001_alphafold2_ptm_model_1_seed_042.pdb,86.18474820143885,64.6444,17.18269,6.2419686,9.524184942245483,11,1
/fs/ess/PAA0203/xing244/AF_ClaSeq/results_NC_revision/ABL1/m_fold_random/01_m_fold_sampling/round_1/01_sampling/sampling_16/group_31_unrelaxed_rank_001_alphafold2_ptm_model_1_seed_042.pdb,81.98172661870503,59.39320000000001,17.004728,6.257278,9.481513071060181,11,1
/fs/ess/PAA0203/xing244/AF_ClaSeq/results_NC_revision/ABL1/m_fold_random/01_m_fold_sampling/round_1/01_sampling/sampling_16/group_46_unrelaxed_rank_001_alphafold2_ptm_model_1_seed_042.pdb,83.01525179856114,63.4348,17.182392,6.39988,9.634633588790894,11,1
/fs/ess/PAA0203/xing244/AF_ClaSeq/results_NC_revision/ABL1/m_fold_random/01_m_fold_sampling/round_1/01_sampling/sampling_16/group_17_unrelaxed_rank_001_alphafold2_ptm_model_1_seed_042.pdb,84.46428057553956,58.9784,17.281199,7.0063744,10.088821601867675,11,1
/fs/ess/PAA0203/xing244/AF_ClaSeq/results_NC_revision/ABL1/m_fold_random/01_m_fold_sampling/round_1/01_sampling/sampling_16/group_14_unrelaxed_rank_001_alphafold2_ptm_model_1_seed_042.pdb,86.20183453237411,67.0124,17.052984,6.6123385,9.74453225135803,11,1
/fs/ess/PAA0203/xing244/AF_ClaSeq/results_NC_revision/ABL1/m_fold_random/01_m_fold_sampling/round_1/01_sampling/sampling_16/group_4_unrelaxed_rank_001_alphafold2_ptm_model_1_seed_042.pdb,86.90190647482014,73.1036,17.5434,6.413487,9.752460813522337,11,1
/fs/ess/PAA0203/xing244/AF_ClaSeq/results_NC_revision/ABL1/m_fold_random/01_m_fold_sampling/round_1/01_sampling/sampling_16/group_12_unrelaxed_rank_001_alphafold2_ptm_model_1_seed_042.pdb,72.2628417266187,49.4808,25.041553,7.638837,12.859651851654052,11,1
/fs/ess/PAA0203/xing244/AF_ClaSeq/results_NC_revision/ABL1/m_fold_random/01_m_fold_sampling/round_1/01_sampling/sampling_16/group_38_unrelaxed_rank_001_alphafold2_ptm_model_1_seed_042.pdb,84.81528776978418,66.50200000000001,17.380157,6.3826528,9.681904172897339,11,1
/fs/ess/PAA0203/xing244/AF_ClaSeq/results_NC_revision/ABL1/m_fold_random/01_m_fold_sampling/round_1/01_sampling/sampling_16/group_15_unrelaxed_rank_001_alphafold2_ptm_model_1_seed_042.pdb,87.14305755395684,76.2704,17.532497,6.2235293,9.616219758987427,11,1
/fs/ess/PAA0203/xing244/AF_ClaSeq/results_NC_revision/ABL1/m_fold_random/01_m_fold_sampling/round_1/01_sampling/sampling_16/group_23_unrelaxed_rank_001_alphafold2_ptm_model_1_seed_042.pdb,83.19215827338131,66.0716,16.759417,6.30882,9.44399881362915,11,1
/fs/ess/PAA0203/xing244/AF_ClaSeq/results_NC_revision/ABL1/m_fold_random/01_m_fold_sampling/round_1/01_sampling/sampling_16/group_5_unrelaxed_rank_001_alphafold2_ptm_model_1_seed_042.pdb,83.34758992805756,64.5316,17.035295,6.8484354,9.904493427276611,11,1
/fs/ess/PAA0203/xing244/AF_ClaSeq/results_NC_revision/ABL1/m_fold_random/01_m_fold_sampling/round_1/01_sampling/sampling_16/group_33_unrelaxed_rank_001_alphafold2_ptm_model_1_seed_042.pdb,77.4469784172662,60.3172,17.286331,4.813035,8.555023860931396,11,1
/fs/ess/PAA0203/xing244/AF_ClaSeq/results_NC_revision/ABL1/m_fold_random/01_m_fold_sampling/round_1/01_sampling/sampling_16/group_27_unrelaxed_rank_001_alphafold2_ptm_model_1_seed_042.pdb,83.05291366906475,58.5404,16.34437,6.2959003,9.310441207885741,11,1
/fs/ess/PAA0203/xing244/AF_ClaSeq/results_NC_revision/ABL1/m_fold_random/01_m_fold_sampling/round_1/01_sampling/sampling_16/group_42_unrelaxed_rank_001_alphafold2_ptm_model_1_seed_042.pdb,82.05143884892087,47.2204,16.693378,4.2168055,7.959777355194092,11,1
/fs/ess/PAA0203/xing244/AF_ClaSeq/results_NC_revision/ABL1/m_fold_random/01_m_fold_sampling/round_1/01_sampling/sampling_16/group_10_unrelaxed_rank_001_alphafold2_ptm_model_1_seed_042.pdb,85.12647482014387,72.304,17.423609,6.355822,9.676158094406127,11,1
/fs/ess/PAA0203/xing244/AF_ClaSeq/results_NC_revision/ABL1/m_fold_random/01_m_fold_sampling/round_1/01_sampling/sampling_16/group_37_unrelaxed_rank_001_alphafold2_ptm_model_1_seed_042.pdb,84.65147482014389,55.38879999999999,17.295404,6.6557813,9.847668218612672,11,1
/fs/ess/PAA0203/xing244/AF_ClaSeq/results_NC_revision/ABL1/m_fold_random/01_m_fold_sampling/round_1/01_sampling/sampling_16/group_29_unrelaxed_rank_001_alphafold2_ptm_model_1_seed_042.pdb,82.23794964028778,57.5928,17.159386,6.643745,9.79843716621399,11,1
/fs/ess/PAA0203/xing244/AF_ClaSeq/results_NC_revision/ABL1/m_fold_random/01_m_fold_sampling/round_1/01_sampling/sampling_16/group_18_unrelaxed_rank_001_alphafold2_ptm_model_1_seed_042.pdb,80.68715827338129,40.7384,11.2448,7.949062,8.937783193588256,11,1
/fs/ess/PAA0203/xing244/AF_ClaSeq/results_NC_revision/ABL1/m_fold_random/01_m_fold_sampling/round_1/01_sampling/sampling_16/group_43_unrelaxed_rank_001_alphafold2_ptm_model_1_seed_042.pdb,84.4101438848921,60.717600000000004,17.144829,6.357788,9.593900299072265,11,1
/fs/ess/PAA0203/xing244/AF_ClaSeq/results_NC_revision/ABL1/m_fold_random/01_m_fold_sampling/round_1/01_sampling/sampling_16/group_25_unrelaxed_rank_001_alphafold2_ptm_model_1_seed_042.pdb,87.86625899280574,81.4976,17.331614,6.372506,9.660238361358642,11,1
/fs/ess/PAA0203/xing244/AF_ClaSeq/results_NC_revision/ABL1/m_fold_random/01_m_fold_sampling/round_1/01_sampling/sampling_16/group_3_unrelaxed_rank_001_alphafold2_ptm_model_1_seed_042.pdb,87.91345323741008,83.706,17.365166,6.3576274,9.659888887405394,11,1
/fs/ess/PAA0203/xing244/AF_ClaSeq/results_NC_revision/ABL1/m_fold_random/01_m_fold_sampling/round_1/01_sampling/sampling_16/group_34_unrelaxed_rank_001_alphafold2_ptm_model_1_seed_042.pdb,80.3645323741007,53.6376,16.0598,6.158176,9.128662919998169,11,1
/fs/ess/PAA0203/xing244/AF_ClaSeq/results_NC_revision/ABL1/m_fold_random/01_m_fold_sampling/round_1/01_sampling/sampling_16/group_9_unrelaxed_rank_001_alphafold2_ptm_model_1_seed_042.pdb,81.1865107913669,63.9708,16.500034,6.8704796,9.759346008300781,11,1
/fs/ess/PAA0203/xing244/AF_ClaSeq/results_NC_revision/ABL1/m_fold_random/01_m_fold_sampling/round_1/01_sampling/sampling_16/group_47_unrelaxed_rank_001_alphafold2_ptm_model_1_seed_042.pdb,85.79007194244605,72.1128,17.192978,6.438374,9.664755201339721,11,1
/fs/ess/PAA0203/xing244/AF_ClaSeq/results_NC_revision/ABL1/m_fold_random/01_m_fold_sampling/round_1/01_sampling/sampling_16/group_35_unrelaxed_rank_001_alphafold2_ptm_model_1_seed_042.pdb,85.12913669064747,64.0376,17.478859,6.450291,9.75886149406433,11,1
/fs/ess/PAA0203/xing244/AF_ClaSeq/results_NC_revision/ABL1/m_fold_random/01_m_fold_sampling/round_1/01_sampling/sampling_16/group_24_unrelaxed_rank_001_alphafold2_ptm_model_1_seed_042.pdb,86.61748201438847,83.60959999999999,17.298826,6.3556466,9.638600492477416,11,1
/fs/ess/PAA0203/xing244/AF_ClaSeq/results_NC_revision/ABL1/m_fold_random/01_m_fold_sampling/round_1/01_sampling/sampling_16/group_40_unrelaxed_rank_001_alphafold2_ptm_model_1_seed_042.pdb,87.50766187050358,79.4288,17.433956,6.3950024,9.706688499450681,11,1
/fs/ess/PAA0203/xing244/AF_ClaSeq/results_NC_revision/ABL1/m_fold_random/01_m_fold_sampling/round_1/01_sampling/sampling_16/group_1_unrelaxed_rank_001_alphafold2_ptm_model_1_seed_042.pdb,84.26402877697842,61.88440000000001,17.114315,6.7922306,9.888855934143066,11,1
/fs/ess/PAA0203/xing244/AF_ClaSeq/results_NC_revision/ABL1/m_fold_random/01_m_fold_sampling/round_1/01_sampling/sampling_16/group_30_unrelaxed_rank_001_alphafold2_ptm_model_1_seed_042.pdb,85.12089928057554,66.3972,16.192764,6.6778955,9.532356166839598,11,1
/fs/ess/PAA0203/xing244/AF_ClaSeq/results_NC_revision/ABL1/m_fold_random/01_m_fold_sampling/round_1/01_sampling/sampling_16/group_26_unrelaxed_rank_001_alphafold2_ptm_model_1_seed_042.pdb,84.9418345323741,69.4048,17.250664,6.4379525,9.68176589012146,11,1
/fs/ess/PAA0203/xing244/AF_ClaSeq/results_NC_revision/ABL1/m_fold_random/01_m_fold_sampling/round_1/01_sampling/sampling_16/group_39_unrelaxed_rank_001_alphafold2_ptm_model_1_seed_042.pdb,80.94129496402878,47.586800000000004,16.455952,6.8197136,9.710585021972655,11,1
/fs/ess/PAA0203/xing244/AF_ClaSeq/results_NC_revision/ABL1/m_fold_random/01_m_fold_sampling/round_1/01_sampling/sampling_16/group_11_unrelaxed_rank_001_alphafold2_ptm_model_1_seed_042.pdb,87.45143884892086,76.6912,17.24877,6.4284525,9.674547672271729,11,1
/fs/ess/PAA0203/xing244/AF_ClaSeq/results_NC_revision/ABL1/m_fold_random/01_m_fold_sampling/round_1/01_sampling/sampling_16/group_49_unrelaxed_rank_001_alphafold2_ptm_model_1_seed_042.pdb,82.06212230215827,48.0876,6.127782,7.069576,6.78703761100769,12,1
/fs/ess/PAA0203/xing244/AF_ClaSeq/results_NC_revision/ABL1/m_fold_random/01_m_fold_sampling/round_1/01_sampling/sampling_16/group_45_unrelaxed_rank_001_alphafold2_ptm_model_1_seed_042.pdb,87.38751798561151,77.8964,17.483782,6.265331,9.630866098403931,11,1
/fs/ess/PAA0203/xing244/AF_ClaSeq/results_NC_revision/ABL1/m_fold_random/01_m_fold_sampling/round_1/01_sampling/sampling_16/group_2_unrelaxed_rank_001_alphafold2_ptm_model_1_seed_042.pdb,80.98449640287771,48.162000000000006,18.224129,6.773955,10.209007024765015,11,1
/fs/ess/PAA0203/xing244/AF_ClaSeq/results_NC_revision/ABL1/m_fold_random/01_m_fold_sampling/round_1/01_sampling/sampling_16/group_36_unrelaxed_rank_001_alphafold2_ptm_model_1_seed_042.pdb,84.08449640287769,58.84,17.347319,6.368927,9.662444496154784,11,1
/fs/ess/PAA0203/xing244/AF_ClaSeq/results_NC_revision/ABL1/m_fold_random/01_m_fold_sampling/round_1/01_sampling/sampling_33/group_20_unrelaxed_rank_001_alphafold2_ptm_model_1_seed_042.pdb,87.61640287769784,86.9452,17.442308,6.3436847,9.673271799087523,11,1
/fs/ess/PAA0203/xing244/AF_ClaSeq/results_NC_revision/ABL1/m_fold_random/01_m_fold_sampling/round_1/01_sampling/sampling_33/group_44_unrelaxed_rank_001_alphafold2_ptm_model_1_seed_042.pdb,87.58568345323741,83.06039999999999,17.630077,6.516451,9.85053882598877,11,1
/fs/ess/PAA0203/xing244/AF_ClaSeq/results_NC_revision/ABL1/m_fold_random/01_m_fold_sampling/round_1/01_sampling/sampling_33/group_16_unrelaxed_rank_001_alphafold2_ptm_model_1_seed_042.pdb,84.17305755395684,69.8924,16.946766,6.8203287,9.858259868621825,11,1
/fs/ess/PAA0203/xing244/AF_ClaSeq/results_NC_revision/ABL1/m_fold_random/01_m_fold_sampling/round_1/01_sampling/sampling_33/group_8_unrelaxed_rank_001_alphafold2_ptm_model_1_seed_042.pdb,86.51122302158274,75.1432,17.443794,6.494633,9.779381513595581,11,1
/fs/ess/PAA0203/xing244/AF_ClaSeq/results_NC_revision/ABL1/m_fold_random/01_m_fold_sampling/round_1/01_sampling/sampling_33/group_48_unrelaxed_rank_001_alphafold2_ptm_model_1_seed_042.pdb,84.90669064748202,71.654,17.086983,6.570122,9.725180053710936,11,1
/fs/ess/PAA0203/xing244/AF_ClaSeq/results_NC_revision/ABL1/m_fold_random/01_m_fold_sampling/round_1/01_sampling/sampling_33/group_6_unrelaxed_rank_001_alphafold2_ptm_model_1_seed_042.pdb,80.69593525179856,53.806,16.928455,4.1817274,8.005745792388915,11,1
/fs/ess/PAA0203/xing244/AF_ClaSeq/results_NC_revision/ABL1/m_fold_random/01_m_fold_sampling/round_1/01_sampling/sampling_33/group_19_unrelaxed_rank_001_alphafold2_ptm_model_1_seed_042.pdb,82.54489208633095,60.9208,16.093353,6.5300198,9.399019813537597,11,1
/fs/ess/PAA0203/xing244/AF_ClaSeq/results_NC_revision/ABL1/m_fold_random/01_m_fold_sampling/round_1/01_sampling/sampling_33/group_13_unrelaxed_rank_001_alphafold2_ptm_model_1_seed_042.pdb,80.79237410071941,48.955200000000005,17.445229,6.421087,9.728329324722289,11,1
/fs/ess/PAA0203/xing244/AF_ClaSeq/results_NC_revision/ABL1/m_fold_random/01_m_fold_sampling/round_1/01_sampling/sampling_33/group_28_unrelaxed_rank_001_alphafold2_ptm_model_1_seed_042.pdb,85.05780575539568,67.32960000000001,17.30286,6.159631,9.50259962081909,11,1
/fs/ess/PAA0203/xing244/AF_ClaSeq/results_NC_revision/ABL1/m_fold_random/01_m_fold_sampling/round_1/01_sampling/sampling_33/group_32_unrelaxed_rank_001_alphafold2_ptm_model_1_seed_042.pdb,84.27956834532374,63.497600000000006,17.024965,6.360921,9.560134220123292,11,1
/fs/ess/PAA0203/xing244/AF_ClaSeq/results_NC_revision/ABL1/m_fold_random/01_m_fold_sampling/round_1/01_sampling/sampling_33/group_22_unrelaxed_rank_001_alphafold2_ptm_model_1_seed_042.pdb,82.38176258992806,56.1708,16.871101,6.257035,9.441254758834837,11,1
/fs/ess/PAA0203/xing244/AF_ClaSeq/results_NC_revision/ABL1/m_fold_random/01_m_fold_sampling/round_1/01_sampling/sampling_33/group_7_unrelaxed_rank_001_alphafold2_ptm_model_1_seed_042.pdb,84.53384892086329,65.5396,17.223871,6.339021,9.6044762134552,11,1
/fs/ess/PAA0203/xing244/AF_ClaSeq/results_NC_revision/ABL1/m_fold_random/01_m_fold_sampling/round_1/01_sampling/sampling_33/group_21_unrelaxed_rank_001_alphafold2_ptm_model_1_seed_042.pdb,82.89539568345323,54.37440000000001,13.461138,7.4079566,9.223910951614378,11,1
/fs/ess/PAA0203/xing244/AF_ClaSeq/results_NC_revision/ABL1/m_fold_random/01_m_fold_sampling/round_1/01_sampling/sampling_33/group_41_unrelaxed_rank_001_alphafold2_ptm_model_1_seed_042.pdb,84.64312949640288,58.8848,16.960909,3.5878067,7.599737358093261,11,1
/fs/ess/PAA0203/xing244/AF_ClaSeq/results_NC_revision/ABL1/m_fold_random/01_m_fold_sampling/round_1/01_sampling/sampling_33/group_31_unrelaxed_rank_001_alphafold2_ptm_model_1_seed_042.pdb,84.87176258992805,69.52680000000001,17.228746,6.8294816,9.949261045455932,11,1
/fs/ess/PAA0203/xing244/AF_ClaSeq/results_NC_revision/ABL1/m_fold_random/01_m_fold_sampling/round_1/01_sampling/sampling_33/group_46_unrelaxed_rank_001_alphafold2_ptm_model_1_seed_042.pdb,86.41571942446043,81.3224,17.396423,6.3621006,9.672397422790526,11,1
/fs/ess/PAA0203/xing244/AF_ClaSeq/results_NC_revision/ABL1/m_fold_random/01_m_fold_sampling/round_1/01_sampling/sampling_33/group_17_unrelaxed_rank_001_alphafold2_ptm_model_1_seed_042.pdb,86.15241007194244,74.3424,17.321241,6.316528,9.617941904067992,11,1
/fs/ess/PAA0203/xing244/AF_ClaSeq/results_NC_revision/ABL1/m_fold_random/01_m_fold_sampling/round_1/01_sampling/sampling_33/group_14_unrelaxed_rank_001_alphafold2_ptm_model_1_seed_042.pdb,84.58989208633093,64.7256,17.068363,6.639554,9.768196773529052,11,1
/fs/ess/PAA0203/xing244/AF_ClaSeq/results_NC_revision/ABL1/m_fold_random/01_m_fold_sampling/round_1/01_sampling/sampling_33/group_4_unrelaxed_rank_001_alphafold2_ptm_model_1_seed_042.pdb,83.05075539568345,61.9092,17.149132,6.346342,9.587178993225097,11,1
/fs/ess/PAA0203/xing244/AF_ClaSeq/results_NC_revision/ABL1/m_fold_random/01_m_fold_sampling/round_1/01_sampling/sampling_33/group_12_unrelaxed_rank_001_alphafold2_ptm_model_1_seed_042.pdb,86.59848920863308,75.00040000000001,17.265081,6.340742,9.618043899536133,11,1
/fs/ess/PAA0203/xing244/AF_ClaSeq/results_NC_revision/ABL1/m_fold_random/01_m_fold_sampling/round_1/01_sampling/sampling_33/group_38_unrelaxed_rank_001_alphafold2_ptm_model_1_seed_042.pdb,84.77050359712231,51.4008,6.680638,7.7173667,7.4063480377197255,11,1
/fs/ess/PAA0203/xing244/AF_ClaSeq/results_NC_revision/ABL1/m_fold_random/01_m_fold_sampling/round_1/01_sampling/sampling_33/group_15_unrelaxed_rank_001_alphafold2_ptm_model_1_seed_042.pdb,83.73928057553957,64.86200000000001,17.498608,6.1801124,9.575660943984985,11,1
/fs/ess/PAA0203/xing244/AF_ClaSeq/results_NC_revision/ABL1/m_fold_random/01_m_fold_sampling/round_1/01_sampling/sampling_33/group_23_unrelaxed_rank_001_alphafold2_ptm_model_1_seed_042.pdb,82.91287769784172,58.20360000000001,17.586905,6.4282036,9.775813865661622,11,1
/fs/ess/PAA0203/xing244/AF_ClaSeq/results_NC_revision/ABL1/m_fold_random/01_m_fold_sampling/round_1/01_sampling/sampling_33/group_5_unrelaxed_rank_001_alphafold2_ptm_model_1_seed_042.pdb,81.12043165467627,47.0968,17.282904,6.2859197,9.585014867782592,11,1
/fs/ess/PAA0203/xing244/AF_ClaSeq/results_NC_revision/ABL1/m_fold_random/01_m_fold_sampling/round_1/01_sampling/sampling_33/group_33_unrelaxed_rank_001_alphafold2_ptm_model_1_seed_042.pdb,86.17010791366907,66.0984,16.95962,6.365415,9.54367642402649,11,1
/fs/ess/PAA0203/xing244/AF_ClaSeq/results_NC_revision/ABL1/m_fold_random/01_m_fold_sampling/round_1/01_sampling/sampling_33/group_27_unrelaxed_rank_001_alphafold2_ptm_model_1_seed_042.pdb,79.31888489208633,44.1376,17.342085,7.1909204,10.23626971244812,11,1
/fs/ess/PAA0203/xing244/AF_ClaSeq/results_NC_revision/ABL1/m_fold_random/01_m_fold_sampling/round_1/01_sampling/sampling_33/group_42_unrelaxed_rank_001_alphafold2_ptm_model_1_seed_042.pdb,81.71312949640287,49.236799999999995,16.76526,3.925025,7.777095699310303,11,1
/fs/ess/PAA0203/xing244/AF_ClaSeq/results_NC_revision/ABL1/m_fold_random/01_m_fold_sampling/round_1/01_sampling/sampling_33/group_10_unrelaxed_rank_001_alphafold2_ptm_model_1_seed_042.pdb,79.73794964028777,53.172000000000004,15.217452,8.119467,10.248862361907959,11,1
/fs/ess/PAA0203/xing244/AF_ClaSeq/results_NC_revision/ABL1/m_fold_random/01_m_fold_sampling/round_1/01_sampling/sampling_33/group_37_unrelaxed_rank_001_alphafold2_ptm_model_1_seed_042.pdb,85.84946043165468,73.2888,17.724298,5.3459105,9.059426927566529,11,1
/fs/ess/PAA0203/xing244/AF_ClaSeq/results_NC_revision/ABL1/m_fold_random/01_m_fold_sampling/round_1/01_sampling/sampling_33/group_29_unrelaxed_rank_001_alphafold2_ptm_model_1_seed_042.pdb,86.06125899280575,70.5888,17.310896,6.268405,9.581152248382569,11,1
/fs/ess/PAA0203/xing244/AF_ClaSeq/results_NC_revision/ABL1/m_fold_random/01_m_fold_sampling/round_1/01_sampling/sampling_33/group_18_unrelaxed_rank_001_alphafold2_ptm_model_1_seed_042.pdb,86.09147482014389,69.91760000000001,16.993055,6.442969,9.607994794845581,11,1
/fs/ess/PAA0203/xing244/AF_ClaSeq/results_NC_revision/ABL1/m_fold_random/01_m_fold_sampling/round_1/01_sampling/sampling_33/group_43_unrelaxed_rank_001_alphafold2_ptm_model_1_seed_042.pdb,86.81151079136691,72.3236,17.28083,6.3832498,9.652523946762084,11,1
/fs/ess/PAA0203/xing244/AF_ClaSeq/results_NC_revision/ABL1/m_fold_random/01_m_fold_sampling/round_1/01_sampling/sampling_33/group_25_unrelaxed_rank_001_alphafold2_ptm_model_1_seed_042.pdb,83.20651079136691,50.663199999999996,16.233671,6.7054825,9.563939094543457,11,1
/fs/ess/PAA0203/xing244/AF_ClaSeq/results_NC_revision/ABL1/m_fold_random/01_m_fold_sampling/round_1/01_sampling/sampling_33/group_3_unrelaxed_rank_001_alphafold2_ptm_model_1_seed_042.pdb,84.00830935251798,66.0536,17.135218,6.4412794,9.649460887908933,11,1
/fs/ess/PAA0203/xing244/AF_ClaSeq/results_NC_revision/ABL1/m_fold_random/01_m_fold_sampling/round_1/01_sampling/sampling_33/group_34_unrelaxed_rank_001_alphafold2_ptm_model_1_seed_042.pdb,82.93690647482015,54.82,17.486141,6.469478,9.774477052688598,11,1
/fs/ess/PAA0203/xing244/AF_ClaSeq/results_NC_revision/ABL1/m_fold_random/01_m_fold_sampling/round_1/01_sampling/sampling_33/group_9_unrelaxed_rank_001_alphafold2_ptm_model_1_seed_042.pdb,85.29690647482015,67.2324,17.520681,6.496456,9.803723716735838,11,1
/fs/ess/PAA0203/xing244/AF_ClaSeq/results_NC_revision/ABL1/m_fold_random/01_m_fold_sampling/round_1/01_sampling/sampling_33/group_47_unrelaxed_rank_001_alphafold2_ptm_model_1_seed_042.pdb,83.1685251798561,61.1204,13.650365,8.1181555,9.777818298339843,11,1
/fs/ess/PAA0203/xing244/AF_ClaSeq/results_NC_revision/ABL1/m_fold_random/01_m_fold_sampling/round_1/01_sampling/sampling_33/group_35_unrelaxed_rank_001_alphafold2_ptm_model_1_seed_042.pdb,82.87870503597122,54.504,17.201717,7.0342264,10.084473705291746,11,1
/fs/ess/PAA0203/xing244/AF_ClaSeq/results_NC_revision/ABL1/m_fold_random/01_m_fold_sampling/round_1/01_sampling/sampling_33/group_24_unrelaxed_rank_001_alphafold2_ptm_model_1_seed_042.pdb,83.94413669064748,49.747600000000006,17.124825,6.458151,9.658152961730956,11,1
/fs/ess/PAA0203/xing244/AF_ClaSeq/results_NC_revision/ABL1/m_fold_random/01_m_fold_sampling/round_1/01_sampling/sampling_33/group_40_unrelaxed_rank_001_alphafold2_ptm_model_1_seed_042.pdb,87.49960431654677,81.07359999999998,17.5025,6.384825,9.720127820968628,11,1
/fs/ess/PAA0203/xing244/AF_ClaSeq/results_NC_revision/ABL1/m_fold_random/01_m_fold_sampling/round_1/01_sampling/sampling_33/group_1_unrelaxed_rank_001_alphafold2_ptm_model_1_seed_042.pdb,82.59827338129496,59.227999999999994,16.278967,5.6054173,8.807482147216797,11,1
/fs/ess/PAA0203/xing244/AF_ClaSeq/results_NC_revision/ABL1/m_fold_random/01_m_fold_sampling/round_1/01_sampling/sampling_33/group_30_unrelaxed_rank_001_alphafold2_ptm_model_1_seed_042.pdb,82.12050359712231,69.1908,17.236616,6.542686,9.750865030288695,11,1
/fs/ess/PAA0203/xing244/AF_ClaSeq/results_NC_revision/ABL1/m_fold_random/01_m_fold_sampling/round_1/01_sampling/sampling_33/group_26_unrelaxed_rank_001_alphafold2_ptm_model_1_seed_042.pdb,84.13442446043166,69.5924,17.02666,6.522179,9.673523664474487,11,1
/fs/ess/PAA0203/xing244/AF_ClaSeq/results_NC_revision/ABL1/m_fold_random/01_m_fold_sampling/round_1/01_sampling/sampling_33/group_39_unrelaxed_rank_001_alphafold2_ptm_model_1_seed_042.pdb,72.62766187050359,44.0224,18.446812,9.072418,11.884736251831054,11,1
/fs/ess/PAA0203/xing244/AF_ClaSeq/results_NC_revision/ABL1/m_fold_random/01_m_fold_sampling/round_1/01_sampling/sampling_33/group_11_unrelaxed_rank_001_alphafold2_ptm_model_1_seed_042.pdb,83.94111510791366,69.6644,17.291204,6.475837,9.720447397232055,11,1
/fs/ess/PAA0203/xing244/AF_ClaSeq/results_NC_revision/ABL1/m_fold_random/01_m_fold_sampling/round_1/01_sampling/sampling_33/group_49_unrelaxed_rank_001_alphafold2_ptm_model_1_seed_042.pdb,85.38269784172661,74.7924,17.094837,6.2117453,9.476672840118407,12,1
/fs/ess/PAA0203/xing244/AF_ClaSeq/results_NC_revision/ABL1/m_fold_random/01_m_fold_sampling/round_1/01_sampling/sampling_33/group_45_unrelaxed_rank_001_alphafold2_ptm_model_1_seed_042.pdb,86.36341726618704,74.3396,17.11509,6.31154,9.552604913711548,11,1
/fs/ess/PAA0203/xing244/AF_ClaSeq/results_NC_revision/ABL1/m_fold_random/01_m_fold_sampling/round_1/01_sampling/sampling_33/group_2_unrelaxed_rank_001_alphafold2_ptm_model_1_seed_042.pdb,83.00086330935252,64.3,17.319614,6.2958345,9.602968502044677,11,1
/fs/ess/PAA0203/xing244/AF_ClaSeq/results_NC_revision/ABL1/m_fold_random/01_m_fold_sampling/round_1/01_sampling/sampling_33/group_36_unrelaxed_rank_001_alphafold2_ptm_model_1_seed_042.pdb,84.62140287769785,61.9292,17.31596,6.3845243,9.663955020904542,11,1
/fs/ess/PAA0203/xing244/AF_ClaSeq/results_NC_revision/ABL1/m_fold_random/01_m_fold_sampling/round_1/01_sampling/sampling_18/group_20_unrelaxed_rank_001_alphafold2_ptm_model_1_seed_042.pdb,82.65669064748202,61.8212,17.642176,6.2052402,9.636320877075194,11,1
/fs/ess/PAA0203/xing244/AF_ClaSeq/results_NC_revision/ABL1/m_fold_random/01_m_fold_sampling/round_1/01_sampling/sampling_18/group_44_unrelaxed_rank_001_alphafold2_ptm_model_1_seed_042.pdb,88.84489208633094,82.71719999999999,17.22656,6.3356433,9.60291848182678,11,1
/fs/ess/PAA0203/xing244/AF_ClaSeq/results_NC_revision/ABL1/m_fold_random/01_m_fold_sampling/round_1/01_sampling/sampling_18/group_16_unrelaxed_rank_001_alphafold2_ptm_model_1_seed_042.pdb,83.331654676259,64.13879999999999,17.023481,6.483284,9.645343208312987,11,1
/fs/ess/PAA0203/xing244/AF_ClaSeq/results_NC_revision/ABL1/m_fold_random/01_m_fold_sampling/round_1/01_sampling/sampling_18/group_8_unrelaxed_rank_001_alphafold2_ptm_model_1_seed_042.pdb,82.41640287769783,59.086000000000006,17.110626,6.323516,9.559648990631104,11,1
/fs/ess/PAA0203/xing244/AF_ClaSeq/results_NC_revision/ABL1/m_fold_random/01_m_fold_sampling/round_1/01_sampling/sampling_18/group_48_unrelaxed_rank_001_alphafold2_ptm_model_1_seed_042.pdb,85.32294964028776,64.6152,17.292305,6.410658,9.675152015686034,11,1
/fs/ess/PAA0203/xing244/AF_ClaSeq/results_NC_revision/ABL1/m_fold_random/01_m_fold_sampling/round_1/01_sampling/sampling_18/group_6_unrelaxed_rank_001_alphafold2_ptm_model_1_seed_042.pdb,84.63079136690648,66.726,17.257248,6.392047,9.651607227325439,11,1
/fs/ess/PAA0203/xing244/AF_ClaSeq/results_NC_revision/ABL1/m_fold_random/01_m_fold_sampling/round_1/01_sampling/sampling_18/group_19_unrelaxed_rank_001_alphafold2_ptm_model_1_seed_042.pdb,88.72053956834532,81.9108,17.47337,6.440345,9.75025224685669,11,1
/fs/ess/PAA0203/xing244/AF_ClaSeq/results_NC_revision/ABL1/m_fold_random/01_m_fold_sampling/round_1/01_sampling/sampling_18/group_13_unrelaxed_rank_001_alphafold2_ptm_model_1_seed_042.pdb,85.10075539568346,69.97879999999999,17.209658,6.5834246,9.771294498443602,11,1
/fs/ess/PAA0203/xing244/AF_ClaSeq/results_NC_revision/ABL1/m_fold_random/01_m_fold_sampling/round_1/01_sampling/sampling_18/group_28_unrelaxed_rank_001_alphafold2_ptm_model_1_seed_042.pdb,86.35097122302159,79.8048,17.245514,6.312634,9.592497968673705,11,1
/fs/ess/PAA0203/xing244/AF_ClaSeq/results_NC_revision/ABL1/m_fold_random/01_m_fold_sampling/round_1/01_sampling/sampling_18/group_32_unrelaxed_rank_001_alphafold2_ptm_model_1_seed_042.pdb,85.42291366906474,60.4168,17.171806,6.1813293,9.47847237586975,11,1
/fs/ess/PAA0203/xing244/AF_ClaSeq/results_NC_revision/ABL1/m_fold_random/01_m_fold_sampling/round_1/01_sampling/sampling_18/group_22_unrelaxed_rank_001_alphafold2_ptm_model_1_seed_042.pdb,81.2321582733813,51.059200000000004,17.984251,6.3014665,9.806301832199097,11,1
/fs/ess/PAA0203/xing244/AF_ClaSeq/results_NC_revision/ABL1/m_fold_random/01_m_fold_sampling/round_1/01_sampling/sampling_18/group_7_unrelaxed_rank_001_alphafold2_ptm_model_1_seed_042.pdb,84.49884892086331,65.7296,17.149187,7.5084033,10.400638437271118,11,1
/fs/ess/PAA0203/xing244/AF_ClaSeq/results_NC_revision/ABL1/m_fold_random/01_m_fold_sampling/round_1/01_sampling/sampling_18/group_21_unrelaxed_rank_001_alphafold2_ptm_model_1_seed_042.pdb,86.40604316546764,63.9516,17.43144,6.3710113,9.689139986038207,11,1
/fs/ess/PAA0203/xing244/AF_ClaSeq/results_NC_revision/ABL1/m_fold_random/01_m_fold_sampling/round_1/01_sampling/sampling_18/group_41_unrelaxed_rank_001_alphafold2_ptm_model_1_seed_042.pdb,80.2053237410072,44.6084,18.683048,6.4870005,10.14581480026245,11,1
/fs/ess/PAA0203/xing244/AF_ClaSeq/results_NC_revision/ABL1/m_fold_random/01_m_fold_sampling/round_1/01_sampling/sampling_18/group_31_unrelaxed_rank_001_alphafold2_ptm_model_1_seed_042.pdb,86.85402877697841,73.0384,17.277372,6.3708353,9.642796421051024,11,1
/fs/ess/PAA0203/xing244/AF_ClaSeq/results_NC_revision/ABL1/m_fold_random/01_m_fold_sampling/round_1/01_sampling/sampling_18/group_46_unrelaxed_rank_001_alphafold2_ptm_model_1_seed_042.pdb,82.39071942446044,47.26599999999999,16.936003,6.5742545,9.682778978347777,11,1
/fs/ess/PAA0203/xing244/AF_ClaSeq/results_NC_revision/ABL1/m_fold_random/01_m_fold_sampling/round_1/01_sampling/sampling_18/group_17_unrelaxed_rank_001_alphafold2_ptm_model_1_seed_042.pdb,84.38273381294965,57.41400000000001,17.34614,6.443455,9.714260625839234,11,1
/fs/ess/PAA0203/xing244/AF_ClaSeq/results_NC_revision/ABL1/m_fold_random/01_m_fold_sampling/round_1/01_sampling/sampling_18/group_14_unrelaxed_rank_001_alphafold2_ptm_model_1_seed_042.pdb,85.15924460431654,67.616,17.533878,6.500423,9.810459566116332,11,1
/fs/ess/PAA0203/xing244/AF_ClaSeq/results_NC_revision/ABL1/m_fold_random/01_m_fold_sampling/round_1/01_sampling/sampling_18/group_4_unrelaxed_rank_001_alphafold2_ptm_model_1_seed_042.pdb,81.10161870503597,51.4904,17.146505,6.359018,9.595264101028441,11,1
/fs/ess/PAA0203/xing244/AF_ClaSeq/results_NC_revision/ABL1/m_fold_random/01_m_fold_sampling/round_1/01_sampling/sampling_18/group_12_unrelaxed_rank_001_alphafold2_ptm_model_1_seed_042.pdb,80.65575539568346,46.106399999999994,15.741822,6.9835305,9.61101803779602,11,1
/fs/ess/PAA0203/xing244/AF_ClaSeq/results_NC_revision/ABL1/m_fold_random/01_m_fold_sampling/round_1/01_sampling/sampling_18/group_38_unrelaxed_rank_001_alphafold2_ptm_model_1_seed_042.pdb,80.76870503597121,42.4776,13.775336,7.0499196,9.067544603347777,11,1
/fs/ess/PAA0203/xing244/AF_ClaSeq/results_NC_revision/ABL1/m_fold_random/01_m_fold_sampling/round_1/01_sampling/sampling_18/group_15_unrelaxed_rank_001_alphafold2_ptm_model_1_seed_042.pdb,77.13359712230216,42.665200000000006,5.485988,5.4541755,5.463719272613525,11,1
/fs/ess/PAA0203/xing244/AF_ClaSeq/results_NC_revision/ABL1/m_fold_random/01_m_fold_sampling/round_1/01_sampling/sampling_18/group_23_unrelaxed_rank_001_alphafold2_ptm_model_1_seed_042.pdb,82.97920863309353,55.985200000000006,17.006744,6.6141195,9.731906986236572,11,1
/fs/ess/PAA0203/xing244/AF_ClaSeq/results_NC_revision/ABL1/m_fold_random/01_m_fold_sampling/round_1/01_sampling/sampling_18/group_5_unrelaxed_rank_001_alphafold2_ptm_model_1_seed_042.pdb,82.00176258992805,61.316,17.039248,3.7252886,7.719476294517516,11,1
/fs/ess/PAA0203/xing244/AF_ClaSeq/results_NC_revision/ABL1/m_fold_random/01_m_fold_sampling/round_1/01_sampling/sampling_18/group_33_unrelaxed_rank_001_alphafold2_ptm_model_1_seed_042.pdb,84.49805755395684,64.682,15.809838,2.8312397,6.724819278717041,11,1
/fs/ess/PAA0203/xing244/AF_ClaSeq/results_NC_revision/ABL1/m_fold_random/01_m_fold_sampling/round_1/01_sampling/sampling_18/group_27_unrelaxed_rank_001_alphafold2_ptm_model_1_seed_042.pdb,85.31643884892087,65.72720000000001,17.270063,6.6504908,9.836362552642822,11,1
/fs/ess/PAA0203/xing244/AF_ClaSeq/results_NC_revision/ABL1/m_fold_random/01_m_fold_sampling/round_1/01_sampling/sampling_18/group_42_unrelaxed_rank_001_alphafold2_ptm_model_1_seed_042.pdb,81.28773381294964,56.3996,16.151508,6.8244305,9.622553825378418,11,1
/fs/ess/PAA0203/xing244/AF_ClaSeq/results_NC_revision/ABL1/m_fold_random/01_m_fold_sampling/round_1/01_sampling/sampling_18/group_10_unrelaxed_rank_001_alphafold2_ptm_model_1_seed_042.pdb,84.52449640287769,69.7032,17.29867,6.4419885,9.698992872238158,11,1
/fs/ess/PAA0203/xing244/AF_ClaSeq/results_NC_revision/ABL1/m_fold_random/01_m_fold_sampling/round_1/01_sampling/sampling_18/group_37_unrelaxed_rank_001_alphafold2_ptm_model_1_seed_042.pdb,86.23255395683454,78.97,17.387583,6.4145274,9.706444025039673,11,1
/fs/ess/PAA0203/xing244/AF_ClaSeq/results_NC_revision/ABL1/m_fold_random/01_m_fold_sampling/round_1/01_sampling/sampling_18/group_29_unrelaxed_rank_001_alphafold2_ptm_model_1_seed_042.pdb,85.61514388489209,65.72040000000001,17.211111,6.441932,9.672685861587524,11,1
/fs/ess/PAA0203/xing244/AF_ClaSeq/results_NC_revision/ABL1/m_fold_random/01_m_fold_sampling/round_1/01_sampling/sampling_18/group_18_unrelaxed_rank_001_alphafold2_ptm_model_1_seed_042.pdb,84.33460431654676,67.8476,17.576296,6.491077,9.816642618179321,11,1
/fs/ess/PAA0203/xing244/AF_ClaSeq/results_NC_revision/ABL1/m_fold_random/01_m_fold_sampling/round_1/01_sampling/sampling_18/group_43_unrelaxed_rank_001_alphafold2_ptm_model_1_seed_042.pdb,86.11334532374102,75.6892,17.163414,6.3120313,9.567446088790893,11,1
/fs/ess/PAA0203/xing244/AF_ClaSeq/results_NC_revision/ABL1/m_fold_random/01_m_fold_sampling/round_1/01_sampling/sampling_18/group_25_unrelaxed_rank_001_alphafold2_ptm_model_1_seed_042.pdb,84.26748201438849,60.0716,16.976345,3.0346723,7.217174100875853,11,1
/fs/ess/PAA0203/xing244/AF_ClaSeq/results_NC_revision/ABL1/m_fold_random/01_m_fold_sampling/round_1/01_sampling/sampling_18/group_3_unrelaxed_rank_001_alphafold2_ptm_model_1_seed_042.pdb,82.98043165467625,62.5476,17.167948,6.3573537,9.600531911849973,11,1
/fs/ess/PAA0203/xing244/AF_ClaSeq/results_NC_revision/ABL1/m_fold_random/01_m_fold_sampling/round_1/01_sampling/sampling_18/group_34_unrelaxed_rank_001_alphafold2_ptm_model_1_seed_042.pdb,83.41705035971223,56.85719999999999,17.286528,4.844099,8.57682762145996,11,1
/fs/ess/PAA0203/xing244/AF_ClaSeq/results_NC_revision/ABL1/m_fold_random/01_m_fold_sampling/round_1/01_sampling/sampling_18/group_9_unrelaxed_rank_001_alphafold2_ptm_model_1_seed_042.pdb,87.0624820143885,79.72399999999999,17.425465,6.506992,9.7825336933136,11,1
/fs/ess/PAA0203/xing244/AF_ClaSeq/results_NC_revision/ABL1/m_fold_random/01_m_fold_sampling/round_1/01_sampling/sampling_18/group_47_unrelaxed_rank_001_alphafold2_ptm_model_1_seed_042.pdb,86.63327338129496,78.3864,17.53942,6.364263,9.716809892654418,11,1
/fs/ess/PAA0203/xing244/AF_ClaSeq/results_NC_revision/ABL1/m_fold_random/01_m_fold_sampling/round_1/01_sampling/sampling_18/group_35_unrelaxed_rank_001_alphafold2_ptm_model_1_seed_042.pdb,84.22061151079137,72.39920000000001,15.672847,6.1718736,9.022165536880493,11,1
/fs/ess/PAA0203/xing244/AF_ClaSeq/results_NC_revision/ABL1/m_fold_random/01_m_fold_sampling/round_1/01_sampling/sampling_18/group_24_unrelaxed_rank_001_alphafold2_ptm_model_1_seed_042.pdb,83.16492805755395,54.4632,17.006407,6.37699,9.565814924240112,11,1
/fs/ess/PAA0203/xing244/AF_ClaSeq/results_NC_revision/ABL1/m_fold_random/01_m_fold_sampling/round_1/01_sampling/sampling_18/group_40_unrelaxed_rank_001_alphafold2_ptm_model_1_seed_042.pdb,87.61589928057553,82.5768,17.387966,6.3910565,9.690129423141478,11,1
/fs/ess/PAA0203/xing244/AF_ClaSeq/results_NC_revision/ABL1/m_fold_random/01_m_fold_sampling/round_1/01_sampling/sampling_18/group_1_unrelaxed_rank_001_alphafold2_ptm_model_1_seed_042.pdb,85.79874100719425,73.79,17.076082,6.2672086,9.50987067222595,11,1
/fs/ess/PAA0203/xing244/AF_ClaSeq/results_NC_revision/ABL1/m_fold_random/01_m_fold_sampling/round_1/01_sampling/sampling_18/group_30_unrelaxed_rank_001_alphafold2_ptm_model_1_seed_042.pdb,87.79377697841726,80.132,17.472965,6.389056,9.714228916168212,11,1
/fs/ess/PAA0203/xing244/AF_ClaSeq/results_NC_revision/ABL1/m_fold_random/01_m_fold_sampling/round_1/01_sampling/sampling_18/group_26_unrelaxed_rank_001_alphafold2_ptm_model_1_seed_042.pdb,86.09794964028778,76.3408,17.375572,6.473674,9.744243335723876,11,1
/fs/ess/PAA0203/xing244/AF_ClaSeq/results_NC_revision/ABL1/m_fold_random/01_m_fold_sampling/round_1/01_sampling/sampling_18/group_39_unrelaxed_rank_001_alphafold2_ptm_model_1_seed_042.pdb,81.34870503597122,46.5092,14.44259,7.5826225,9.640612697601316,11,1
/fs/ess/PAA0203/xing244/AF_ClaSeq/results_NC_revision/ABL1/m_fold_random/01_m_fold_sampling/round_1/01_sampling/sampling_18/group_11_unrelaxed_rank_001_alphafold2_ptm_model_1_seed_042.pdb,86.63672661870503,72.3808,17.277193,6.2533593,9.560509443283081,11,1
/fs/ess/PAA0203/xing244/AF_ClaSeq/results_NC_revision/ABL1/m_fold_random/01_m_fold_sampling/round_1/01_sampling/sampling_18/group_49_unrelaxed_rank_001_alphafold2_ptm_model_1_seed_042.pdb,83.56820143884892,60.1448,17.137253,6.4954424,9.687985515594482,12,1
/fs/ess/PAA0203/xing244/AF_ClaSeq/results_NC_revision/ABL1/m_fold_random/01_m_fold_sampling/round_1/01_sampling/sampling_18/group_45_unrelaxed_rank_001_alphafold2_ptm_model_1_seed_042.pdb,82.0439928057554,50.77719999999999,15.57265,7.6985574,10.060785150527954,11,1
/fs/ess/PAA0203/xing244/AF_ClaSeq/results_NC_revision/ABL1/m_fold_random/01_m_fold_sampling/round_1/01_sampling/sampling_18/group_2_unrelaxed_rank_001_alphafold2_ptm_model_1_seed_042.pdb,84.47280575539567,68.712,17.2471,6.221676,9.529303359985352,11,1
/fs/ess/PAA0203/xing244/AF_ClaSeq/results_NC_revision/ABL1/m_fold_random/01_m_fold_sampling/round_1/01_sampling/sampling_18/group_36_unrelaxed_rank_001_alphafold2_ptm_model_1_seed_042.pdb,85.79312949640287,67.26440000000001,17.368849,6.361206,9.663498878479004,11,1
/fs/ess/PAA0203/xing244/AF_ClaSeq/results_NC_revision/ABL1/m_fold_random/01_m_fold_sampling/round_1/01_sampling/sampling_23/group_20_unrelaxed_rank_001_alphafold2_ptm_model_1_seed_042.pdb,83.06597122302158,63.3724,16.824873,6.306,9.46166205406189,11,1
/fs/ess/PAA0203/xing244/AF_ClaSeq/results_NC_revision/ABL1/m_fold_random/01_m_fold_sampling/round_1/01_sampling/sampling_23/group_44_unrelaxed_rank_001_alphafold2_ptm_model_1_seed_042.pdb,84.48100719424461,63.126799999999996,17.205315,6.3673763,9.618757820129394,11,1
/fs/ess/PAA0203/xing244/AF_ClaSeq/results_NC_revision/ABL1/m_fold_random/01_m_fold_sampling/round_1/01_sampling/sampling_23/group_16_unrelaxed_rank_001_alphafold2_ptm_model_1_seed_042.pdb,83.06233812949641,59.510799999999996,17.268284,6.378295,9.64529161453247,11,1
/fs/ess/PAA0203/xing244/AF_ClaSeq/results_NC_revision/ABL1/m_fold_random/01_m_fold_sampling/round_1/01_sampling/sampling_23/group_8_unrelaxed_rank_001_alphafold2_ptm_model_1_seed_042.pdb,81.04136690647482,47.9888,18.36308,6.457418,10.029116296768187,11,1
/fs/ess/PAA0203/xing244/AF_ClaSeq/results_NC_revision/ABL1/m_fold_random/01_m_fold_sampling/round_1/01_sampling/sampling_23/group_48_unrelaxed_rank_001_alphafold2_ptm_model_1_seed_042.pdb,81.51338129496403,48.648,16.493723,2.8313437,6.9300574302673335,11,1
/fs/ess/PAA0203/xing244/AF_ClaSeq/results_NC_revision/ABL1/m_fold_random/01_m_fold_sampling/round_1/01_sampling/sampling_23/group_6_unrelaxed_rank_001_alphafold2_ptm_model_1_seed_042.pdb,87.0744964028777,80.4856,17.252258,6.3715367,9.635753202438355,11,1
/fs/ess/PAA0203/xing244/AF_ClaSeq/results_NC_revision/ABL1/m_fold_random/01_m_fold_sampling/round_1/01_sampling/sampling_23/group_19_unrelaxed_rank_001_alphafold2_ptm_model_1_seed_042.pdb,85.20852517985612,71.9704,17.139566,6.3161654,9.56318573951721,11,1
/fs/ess/PAA0203/xing244/AF_ClaSeq/results_NC_revision/ABL1/m_fold_random/01_m_fold_sampling/round_1/01_sampling/sampling_23/group_13_unrelaxed_rank_001_alphafold2_ptm_model_1_seed_042.pdb,85.09179856115108,65.9628,16.852688,6.593399,9.6711856842041,11,1
/fs/ess/PAA0203/xing244/AF_ClaSeq/results_NC_revision/ABL1/m_fold_random/01_m_fold_sampling/round_1/01_sampling/sampling_23/group_28_unrelaxed_rank_001_alphafold2_ptm_model_1_seed_042.pdb,80.89244604316548,44.874399999999994,16.391846,6.7842493,9.666528224945068,11,1
/fs/ess/PAA0203/xing244/AF_ClaSeq/results_NC_revision/ABL1/m_fold_random/01_m_fold_sampling/round_1/01_sampling/sampling_23/group_32_unrelaxed_rank_001_alphafold2_ptm_model_1_seed_042.pdb,81.6396762589928,62.294,15.584612,2.4721107,6.40586109161377,11,1
/fs/ess/PAA0203/xing244/AF_ClaSeq/results_NC_revision/ABL1/m_fold_random/01_m_fold_sampling/round_1/01_sampling/sampling_23/group_22_unrelaxed_rank_001_alphafold2_ptm_model_1_seed_042.pdb,87.1484892086331,79.2916,17.427835,6.4140224,9.71816635131836,11,1
/fs/ess/PAA0203/xing244/AF_ClaSeq/results_NC_revision/ABL1/m_fold_random/01_m_fold_sampling/round_1/01_sampling/sampling_23/group_7_unrelaxed_rank_001_alphafold2_ptm_model_1_seed_042.pdb,83.32474820143885,60.172,17.330418,6.475594,9.732041120529175,11,1
/fs/ess/PAA0203/xing244/AF_ClaSeq/results_NC_revision/ABL1/m_fold_random/01_m_fold_sampling/round_1/01_sampling/sampling_23/group_21_unrelaxed_rank_001_alphafold2_ptm_model_1_seed_042.pdb,84.44640287769784,68.06439999999999,17.25022,6.3248153,9.60243649482727,11,1
/fs/ess/PAA0203/xing244/AF_ClaSeq/results_NC_revision/ABL1/m_fold_random/01_m_fold_sampling/round_1/01_sampling/sampling_23/group_41_unrelaxed_rank_001_alphafold2_ptm_model_1_seed_042.pdb,84.98129496402876,66.37719999999999,17.086031,6.3929367,9.60086498260498,11,1
/fs/ess/PAA0203/xing244/AF_ClaSeq/results_NC_revision/ABL1/m_fold_random/01_m_fold_sampling/round_1/01_sampling/sampling_23/group_31_unrelaxed_rank_001_alphafold2_ptm_model_1_seed_042.pdb,87.1670143884892,79.57480000000001,17.530024,6.434291,9.763010692596435,11,1
/fs/ess/PAA0203/xing244/AF_ClaSeq/results_NC_revision/ABL1/m_fold_random/01_m_fold_sampling/round_1/01_sampling/sampling_23/group_46_unrelaxed_rank_001_alphafold2_ptm_model_1_seed_042.pdb,83.61341726618704,59.7192,17.119835,3.4447267,7.547259163856506,11,1
/fs/ess/PAA0203/xing244/AF_ClaSeq/results_NC_revision/ABL1/m_fold_random/01_m_fold_sampling/round_1/01_sampling/sampling_23/group_17_unrelaxed_rank_001_alphafold2_ptm_model_1_seed_042.pdb,86.16046762589929,79.13159999999999,17.402214,6.2368793,9.586479759216308,11,1
/fs/ess/PAA0203/xing244/AF_ClaSeq/results_NC_revision/ABL1/m_fold_random/01_m_fold_sampling/round_1/01_sampling/sampling_23/group_14_unrelaxed_rank_001_alphafold2_ptm_model_1_seed_042.pdb,85.36478417266187,67.9324,16.6697,6.4452615,9.512593221664428,11,1
/fs/ess/PAA0203/xing244/AF_ClaSeq/results_NC_revision/ABL1/m_fold_random/01_m_fold_sampling/round_1/01_sampling/sampling_23/group_4_unrelaxed_rank_001_alphafold2_ptm_model_1_seed_042.pdb,86.04809352517987,74.41239999999999,17.300003,6.579427,9.79559965133667,11,1
/fs/ess/PAA0203/xing244/AF_ClaSeq/results_NC_revision/ABL1/m_fold_random/01_m_fold_sampling/round_1/01_sampling/sampling_23/group_12_unrelaxed_rank_001_alphafold2_ptm_model_1_seed_042.pdb,81.8018345323741,53.484399999999994,16.368086,3.069064,7.058770489692687,11,1
/fs/ess/PAA0203/xing244/AF_ClaSeq/results_NC_revision/ABL1/m_fold_random/01_m_fold_sampling/round_1/01_sampling/sampling_23/group_38_unrelaxed_rank_001_alphafold2_ptm_model_1_seed_042.pdb,87.36107913669065,75.9764,17.401384,6.501981,9.77180185317993,11,1
/fs/ess/PAA0203/xing244/AF_ClaSeq/results_NC_revision/ABL1/m_fold_random/01_m_fold_sampling/round_1/01_sampling/sampling_23/group_15_unrelaxed_rank_001_alphafold2_ptm_model_1_seed_042.pdb,86.32805755395684,79.47800000000001,16.867785,3.9810061,7.847039651870728,11,1
/fs/ess/PAA0203/xing244/AF_ClaSeq/results_NC_revision/ABL1/m_fold_random/01_m_fold_sampling/round_1/01_sampling/sampling_23/group_23_unrelaxed_rank_001_alphafold2_ptm_model_1_seed_042.pdb,85.0179856115108,69.8836,17.275824,6.4962816,9.730144214630126,11,1
/fs/ess/PAA0203/xing244/AF_ClaSeq/results_NC_revision/ABL1/m_fold_random/01_m_fold_sampling/round_1/01_sampling/sampling_23/group_5_unrelaxed_rank_001_alphafold2_ptm_model_1_seed_042.pdb,88.1484892086331,88.7748,17.224682,6.250838,9.542991018295286,11,1
/fs/ess/PAA0203/xing244/AF_ClaSeq/results_NC_revision/ABL1/m_fold_random/01_m_fold_sampling/round_1/01_sampling/sampling_23/group_33_unrelaxed_rank_001_alphafold2_ptm_model_1_seed_042.pdb,84.6113309352518,69.618,16.983204,6.3624315,9.548663234710693,11,1
/fs/ess/PAA0203/xing244/AF_ClaSeq/results_NC_revision/ABL1/m_fold_random/01_m_fold_sampling/round_1/01_sampling/sampling_23/group_27_unrelaxed_rank_001_alphafold2_ptm_model_1_seed_042.pdb,82.11956834532373,52.2544,16.968063,6.548374,9.67428092956543,11,1
/fs/ess/PAA0203/xing244/AF_ClaSeq/results_NC_revision/ABL1/m_fold_random/01_m_fold_sampling/round_1/01_sampling/sampling_23/group_42_unrelaxed_rank_001_alphafold2_ptm_model_1_seed_042.pdb,85.31503597122301,69.84719999999999,17.385181,6.1123323,9.494187068939208,11,1
/fs/ess/PAA0203/xing244/AF_ClaSeq/results_NC_revision/ABL1/m_fold_random/01_m_fold_sampling/round_1/01_sampling/sampling_23/group_10_unrelaxed_rank_001_alphafold2_ptm_model_1_seed_042.pdb,79.30492805755397,43.2492,6.310571,7.3838916,7.06189546585083,11,1
/fs/ess/PAA0203/xing244/AF_ClaSeq/results_NC_revision/ABL1/m_fold_random/01_m_fold_sampling/round_1/01_sampling/sampling_23/group_37_unrelaxed_rank_001_alphafold2_ptm_model_1_seed_042.pdb,83.72705035971224,58.602,18.146093,6.379958,9.909798717498777,11,1
/fs/ess/PAA0203/xing244/AF_ClaSeq/results_NC_revision/ABL1/m_fold_random/01_m_fold_sampling/round_1/01_sampling/sampling_23/group_29_unrelaxed_rank_001_alphafold2_ptm_model_1_seed_042.pdb,85.20122302158275,65.7132,17.839548,6.3927636,9.826798963546752,11,1
/fs/ess/PAA0203/xing244/AF_ClaSeq/results_NC_revision/ABL1/m_fold_random/01_m_fold_sampling/round_1/01_sampling/sampling_23/group_18_unrelaxed_rank_001_alphafold2_ptm_model_1_seed_042.pdb,82.94794964028776,55.0604,16.51921,6.4219303,9.451114463806151,11,1
/fs/ess/PAA0203/xing244/AF_ClaSeq/results_NC_revision/ABL1/m_fold_random/01_m_fold_sampling/round_1/01_sampling/sampling_23/group_43_unrelaxed_rank_001_alphafold2_ptm_model_1_seed_042.pdb,85.10129496402878,62.0908,16.691153,6.1022487,9.278919839859007,11,1
/fs/ess/PAA0203/xing244/AF_ClaSeq/results_NC_revision/ABL1/m_fold_random/01_m_fold_sampling/round_1/01_sampling/sampling_23/group_25_unrelaxed_rank_001_alphafold2_ptm_model_1_seed_042.pdb,81.14143884892086,56.193999999999996,17.08059,3.7764251,7.767674374580383,11,1
/fs/ess/PAA0203/xing244/AF_ClaSeq/results_NC_revision/ABL1/m_fold_random/01_m_fold_sampling/round_1/01_sampling/sampling_23/group_3_unrelaxed_rank_001_alphafold2_ptm_model_1_seed_042.pdb,81.98798561151078,67.91640000000001,16.774477,6.405287,9.516043853759765,11,1
/fs/ess/PAA0203/xing244/AF_ClaSeq/results_NC_revision/ABL1/m_fold_random/01_m_fold_sampling/round_1/01_sampling/sampling_23/group_34_unrelaxed_rank_001_alphafold2_ptm_model_1_seed_042.pdb,81.97136690647483,58.2508,17.095211,7.4394064,10.336147785186768,11,1
/fs/ess/PAA0203/xing244/AF_ClaSeq/results_NC_revision/ABL1/m_fold_random/01_m_fold_sampling/round_1/01_sampling/sampling_23/group_9_unrelaxed_rank_001_alphafold2_ptm_model_1_seed_042.pdb,87.24625899280575,75.9576,17.160856,6.4536004,9.665777158737182,11,1
/fs/ess/PAA0203/xing244/AF_ClaSeq/results_NC_revision/ABL1/m_fold_random/01_m_fold_sampling/round_1/01_sampling/sampling_23/group_47_unrelaxed_rank_001_alphafold2_ptm_model_1_seed_042.pdb,82.48571942446043,62.9608,17.449131,6.5409265,9.813387823104858,11,1
/fs/ess/PAA0203/xing244/AF_ClaSeq/results_NC_revision/ABL1/m_fold_random/01_m_fold_sampling/round_1/01_sampling/sampling_23/group_35_unrelaxed_rank_001_alphafold2_ptm_model_1_seed_042.pdb,82.19712230215828,52.03799999999999,13.78999,7.1135855,9.116506958007811,11,1
/fs/ess/PAA0203/xing244/AF_ClaSeq/results_NC_revision/ABL1/m_fold_random/01_m_fold_sampling/round_1/01_sampling/sampling_23/group_24_unrelaxed_rank_001_alphafold2_ptm_model_1_seed_042.pdb,82.62762589928057,69.53399999999999,16.855078,2.8178377,7.02900972366333,11,1
/fs/ess/PAA0203/xing244/AF_ClaSeq/results_NC_revision/ABL1/m_fold_random/01_m_fold_sampling/round_1/01_sampling/sampling_23/group_40_unrelaxed_rank_001_alphafold2_ptm_model_1_seed_042.pdb,83.24014388489209,61.5204,17.815708,6.470337,9.873948287963866,11,1
/fs/ess/PAA0203/xing244/AF_ClaSeq/results_NC_revision/ABL1/m_fold_random/01_m_fold_sampling/round_1/01_sampling/sampling_23/group_1_unrelaxed_rank_001_alphafold2_ptm_model_1_seed_042.pdb,86.834964028777,76.592,17.749603,6.251085,9.70064034461975,11,1
/fs/ess/PAA0203/xing244/AF_ClaSeq/results_NC_revision/ABL1/m_fold_random/01_m_fold_sampling/round_1/01_sampling/sampling_23/group_30_unrelaxed_rank_001_alphafold2_ptm_model_1_seed_042.pdb,86.97212230215827,82.4552,17.394318,6.391006,9.691999483108521,11,1
/fs/ess/PAA0203/xing244/AF_ClaSeq/results_NC_revision/ABL1/m_fold_random/01_m_fold_sampling/round_1/01_sampling/sampling_23/group_26_unrelaxed_rank_001_alphafold2_ptm_model_1_seed_042.pdb,83.3326618705036,62.582800000000006,17.18338,6.548482,9.738951396942138,11,1
/fs/ess/PAA0203/xing244/AF_ClaSeq/results_NC_revision/ABL1/m_fold_random/01_m_fold_sampling/round_1/01_sampling/sampling_23/group_39_unrelaxed_rank_001_alphafold2_ptm_model_1_seed_042.pdb,84.55010791366908,57.2464,17.594122,6.494561,9.824429416656493,11,1
/fs/ess/PAA0203/xing244/AF_ClaSeq/results_NC_revision/ABL1/m_fold_random/01_m_fold_sampling/round_1/01_sampling/sampling_23/group_11_unrelaxed_rank_001_alphafold2_ptm_model_1_seed_042.pdb,77.4860071942446,58.11600000000001,16.32284,5.62234,8.832490062713623,11,1
/fs/ess/PAA0203/xing244/AF_ClaSeq/results_NC_revision/ABL1/m_fold_random/01_m_fold_sampling/round_1/01_sampling/sampling_23/group_49_unrelaxed_rank_001_alphafold2_ptm_model_1_seed_042.pdb,85.80384892086332,68.2328,16.193022,7.3990073,10.037211656570435,12,1
/fs/ess/PAA0203/xing244/AF_ClaSeq/results_NC_revision/ABL1/m_fold_random/01_m_fold_sampling/round_1/01_sampling/sampling_23/group_45_unrelaxed_rank_001_alphafold2_ptm_model_1_seed_042.pdb,85.28492805755396,66.9076,17.63812,6.1352544,9.586114263534546,11,1
/fs/ess/PAA0203/xing244/AF_ClaSeq/results_NC_revision/ABL1/m_fold_random/01_m_fold_sampling/round_1/01_sampling/sampling_23/group_2_unrelaxed_rank_001_alphafold2_ptm_model_1_seed_042.pdb,82.03730215827338,47.0612,6.7331734,7.9083443,7.555792999267577,11,1
/fs/ess/PAA0203/xing244/AF_ClaSeq/results_NC_revision/ABL1/m_fold_random/01_m_fold_sampling/round_1/01_sampling/sampling_23/group_36_unrelaxed_rank_001_alphafold2_ptm_model_1_seed_042.pdb,88.28953237410072,81.9676,17.808762,6.563423,9.937024688720703,11,1
/fs/ess/PAA0203/xing244/AF_ClaSeq/results_NC_revision/ABL1/m_fold_random/01_m_fold_sampling/round_1/01_sampling/sampling_13/group_20_unrelaxed_rank_001_alphafold2_ptm_model_1_seed_042.pdb,84.59223021582734,59.44520000000001,17.014755,6.5880866,9.716087198257446,11,1
/fs/ess/PAA0203/xing244/AF_ClaSeq/results_NC_revision/ABL1/m_fold_random/01_m_fold_sampling/round_1/01_sampling/sampling_13/group_44_unrelaxed_rank_001_alphafold2_ptm_model_1_seed_042.pdb,82.71823741007194,61.830799999999996,16.495426,3.9839423,7.737387442588806,11,1
/fs/ess/PAA0203/xing244/AF_ClaSeq/results_NC_revision/ABL1/m_fold_random/01_m_fold_sampling/round_1/01_sampling/sampling_13/group_16_unrelaxed_rank_001_alphafold2_ptm_model_1_seed_042.pdb,89.09841726618706,85.76800000000001,17.38116,6.5165577,9.775938606262205,11,1
/fs/ess/PAA0203/xing244/AF_ClaSeq/results_NC_revision/ABL1/m_fold_random/01_m_fold_sampling/round_1/01_sampling/sampling_13/group_8_unrelaxed_rank_001_alphafold2_ptm_model_1_seed_042.pdb,84.58338129496403,58.38120000000001,17.803764,6.4146924,9.831413984298706,11,1
/fs/ess/PAA0203/xing244/AF_ClaSeq/results_NC_revision/ABL1/m_fold_random/01_m_fold_sampling/round_1/01_sampling/sampling_13/group_48_unrelaxed_rank_001_alphafold2_ptm_model_1_seed_042.pdb,85.5853237410072,64.16680000000001,16.94794,7.0865746,10.044984436035156,11,1
/fs/ess/PAA0203/xing244/AF_ClaSeq/results_NC_revision/ABL1/m_fold_random/01_m_fold_sampling/round_1/01_sampling/sampling_13/group_6_unrelaxed_rank_001_alphafold2_ptm_model_1_seed_042.pdb,86.14046762589928,72.57520000000001,17.454802,6.345653,9.678397607803344,11,1
/fs/ess/PAA0203/xing244/AF_ClaSeq/results_NC_revision/ABL1/m_fold_random/01_m_fold_sampling/round_1/01_sampling/sampling_13/group_19_unrelaxed_rank_001_alphafold2_ptm_model_1_seed_042.pdb,84.65154676258993,66.15639999999999,15.708764,5.852415,8.809319782257079,11,1
/fs/ess/PAA0203/xing244/AF_ClaSeq/results_NC_revision/ABL1/m_fold_random/01_m_fold_sampling/round_1/01_sampling/sampling_13/group_13_unrelaxed_rank_001_alphafold2_ptm_model_1_seed_042.pdb,84.53794964028776,66.24799999999999,17.212358,6.3509183,9.60935034751892,11,1
/fs/ess/PAA0203/xing244/AF_ClaSeq/results_NC_revision/ABL1/m_fold_random/01_m_fold_sampling/round_1/01_sampling/sampling_13/group_28_unrelaxed_rank_001_alphafold2_ptm_model_1_seed_042.pdb,82.30888489208634,60.82720000000001,16.727613,6.3593454,9.469825839996338,11,1
/fs/ess/PAA0203/xing244/AF_ClaSeq/results_NC_revision/ABL1/m_fold_random/01_m_fold_sampling/round_1/01_sampling/sampling_13/group_32_unrelaxed_rank_001_alphafold2_ptm_model_1_seed_042.pdb,85.37359712230216,64.8564,17.14866,6.4266653,9.643263912200927,11,1
/fs/ess/PAA0203/xing244/AF_ClaSeq/results_NC_revision/ABL1/m_fold_random/01_m_fold_sampling/round_1/01_sampling/sampling_13/group_22_unrelaxed_rank_001_alphafold2_ptm_model_1_seed_042.pdb,82.66755395683452,60.837999999999994,17.184292,6.4932775,9.70058183670044,11,1
/fs/ess/PAA0203/xing244/AF_ClaSeq/results_NC_revision/ABL1/m_fold_random/01_m_fold_sampling/round_1/01_sampling/sampling_13/group_7_unrelaxed_rank_001_alphafold2_ptm_model_1_seed_042.pdb,82.94794964028776,59.0052,17.462034,6.505721,9.792615032196045,11,1
/fs/ess/PAA0203/xing244/AF_ClaSeq/results_NC_revision/ABL1/m_fold_random/01_m_fold_sampling/round_1/01_sampling/sampling_13/group_21_unrelaxed_rank_001_alphafold2_ptm_model_1_seed_042.pdb,84.50665467625899,67.5544,17.288473,6.3801384,9.652638816833495,11,1
/fs/ess/PAA0203/xing244/AF_ClaSeq/results_NC_revision/ABL1/m_fold_random/01_m_fold_sampling/round_1/01_sampling/sampling_13/group_41_unrelaxed_rank_001_alphafold2_ptm_model_1_seed_042.pdb,88.43071942446042,85.91959999999999,17.388887,6.3498077,9.66153163909912,11,1
/fs/ess/PAA0203/xing244/AF_ClaSeq/results_NC_revision/ABL1/m_fold_random/01_m_fold_sampling/round_1/01_sampling/sampling_13/group_31_unrelaxed_rank_001_alphafold2_ptm_model_1_seed_042.pdb,82.68812949640287,53.805600000000005,7.7170224,7.442788,7.52505841255188,11,1
/fs/ess/PAA0203/xing244/AF_ClaSeq/results_NC_revision/ABL1/m_fold_random/01_m_fold_sampling/round_1/01_sampling/sampling_13/group_46_unrelaxed_rank_001_alphafold2_ptm_model_1_seed_042.pdb,81.55672661870503,48.877199999999995,17.58929,6.8133154,10.046107959747314,11,1
/fs/ess/PAA0203/xing244/AF_ClaSeq/results_NC_revision/ABL1/m_fold_random/01_m_fold_sampling/round_1/01_sampling/sampling_13/group_17_unrelaxed_rank_001_alphafold2_ptm_model_1_seed_042.pdb,82.26165467625898,48.30200000000001,18.22568,6.6557426,10.126723670959471,11,1
/fs/ess/PAA0203/xing244/AF_ClaSeq/results_NC_revision/ABL1/m_fold_random/01_m_fold_sampling/round_1/01_sampling/sampling_13/group_14_unrelaxed_rank_001_alphafold2_ptm_model_1_seed_042.pdb,84.86305755395684,65.2636,17.231813,6.2689066,9.557778644561768,11,1
/fs/ess/PAA0203/xing244/AF_ClaSeq/results_NC_revision/ABL1/m_fold_random/01_m_fold_sampling/round_1/01_sampling/sampling_13/group_4_unrelaxed_rank_001_alphafold2_ptm_model_1_seed_042.pdb,84.50924460431655,66.36439999999999,17.075558,6.2937636,9.528301858901976,11,1
/fs/ess/PAA0203/xing244/AF_ClaSeq/results_NC_revision/ABL1/m_fold_random/01_m_fold_sampling/round_1/01_sampling/sampling_13/group_12_unrelaxed_rank_001_alphafold2_ptm_model_1_seed_042.pdb,85.97978417266188,68.356,16.941696,4.1247616,7.969841957092285,11,1
/fs/ess/PAA0203/xing244/AF_ClaSeq/results_NC_revision/ABL1/m_fold_random/01_m_fold_sampling/round_1/01_sampling/sampling_13/group_38_unrelaxed_rank_001_alphafold2_ptm_model_1_seed_042.pdb,84.59478417266186,66.5552,17.243418,6.376412,9.636513662338256,11,1
/fs/ess/PAA0203/xing244/AF_ClaSeq/results_NC_revision/ABL1/m_fold_random/01_m_fold_sampling/round_1/01_sampling/sampling_13/group_15_unrelaxed_rank_001_alphafold2_ptm_model_1_seed_042.pdb,84.25669064748202,55.474799999999995,17.22219,3.5853322,7.67638976573944,11,1
/fs/ess/PAA0203/xing244/AF_ClaSeq/results_NC_revision/ABL1/m_fold_random/01_m_fold_sampling/round_1/01_sampling/sampling_13/group_23_unrelaxed_rank_001_alphafold2_ptm_model_1_seed_042.pdb,86.62255395683454,76.07879999999999,17.095633,6.2097163,9.475491189956664,11,1
/fs/ess/PAA0203/xing244/AF_ClaSeq/results_NC_revision/ABL1/m_fold_random/01_m_fold_sampling/round_1/01_sampling/sampling_13/group_5_unrelaxed_rank_001_alphafold2_ptm_model_1_seed_042.pdb,81.3094964028777,52.794000000000004,16.999378,6.3710127,9.559522342681884,11,1
/fs/ess/PAA0203/xing244/AF_ClaSeq/results_NC_revision/ABL1/m_fold_random/01_m_fold_sampling/round_1/01_sampling/sampling_13/group_33_unrelaxed_rank_001_alphafold2_ptm_model_1_seed_042.pdb,86.19021582733812,68.3732,17.343296,6.410406,9.690273094177247,11,1
/fs/ess/PAA0203/xing244/AF_ClaSeq/results_NC_revision/ABL1/m_fold_random/01_m_fold_sampling/round_1/01_sampling/sampling_13/group_27_unrelaxed_rank_001_alphafold2_ptm_model_1_seed_042.pdb,84.5610071942446,63.273599999999995,16.934828,6.162874,9.394460296630859,11,1
/fs/ess/PAA0203/xing244/AF_ClaSeq/results_NC_revision/ABL1/m_fold_random/01_m_fold_sampling/round_1/01_sampling/sampling_13/group_42_unrelaxed_rank_001_alphafold2_ptm_model_1_seed_042.pdb,82.26147482014389,54.676400000000015,17.125494,4.6294203,8.378242397308348,11,1
/fs/ess/PAA0203/xing244/AF_ClaSeq/results_NC_revision/ABL1/m_fold_random/01_m_fold_sampling/round_1/01_sampling/sampling_13/group_10_unrelaxed_rank_001_alphafold2_ptm_model_1_seed_042.pdb,86.66039568345323,79.916,17.379774,6.2791476,9.609335565567015,11,1
/fs/ess/PAA0203/xing244/AF_ClaSeq/results_NC_revision/ABL1/m_fold_random/01_m_fold_sampling/round_1/01_sampling/sampling_13/group_37_unrelaxed_rank_001_alphafold2_ptm_model_1_seed_042.pdb,80.87597122302157,44.442800000000005,15.98836,7.1039777,9.769292497634886,11,1
/fs/ess/PAA0203/xing244/AF_ClaSeq/results_NC_revision/ABL1/m_fold_random/01_m_fold_sampling/round_1/01_sampling/sampling_13/group_29_unrelaxed_rank_001_alphafold2_ptm_model_1_seed_042.pdb,87.08187050359712,76.88600000000001,17.497967,6.484189,9.788322353363036,11,1
/fs/ess/PAA0203/xing244/AF_ClaSeq/results_NC_revision/ABL1/m_fold_random/01_m_fold_sampling/round_1/01_sampling/sampling_13/group_18_unrelaxed_rank_001_alphafold2_ptm_model_1_seed_042.pdb,85.22859712230216,66.1388,17.235842,6.406453,9.655269718170166,11,1
/fs/ess/PAA0203/xing244/AF_ClaSeq/results_NC_revision/ABL1/m_fold_random/01_m_fold_sampling/round_1/01_sampling/sampling_13/group_43_unrelaxed_rank_001_alphafold2_ptm_model_1_seed_042.pdb,88.75741007194243,87.15,17.627748,6.4014626,9.769348335266113,11,1
/fs/ess/PAA0203/xing244/AF_ClaSeq/results_NC_revision/ABL1/m_fold_random/01_m_fold_sampling/round_1/01_sampling/sampling_13/group_25_unrelaxed_rank_001_alphafold2_ptm_model_1_seed_042.pdb,84.9960071942446,70.172,17.18558,6.4182925,9.648478555679322,11,1
/fs/ess/PAA0203/xing244/AF_ClaSeq/results_NC_revision/ABL1/m_fold_random/01_m_fold_sampling/round_1/01_sampling/sampling_13/group_3_unrelaxed_rank_001_alphafold2_ptm_model_1_seed_042.pdb,80.85435251798562,48.4732,16.622698,7.2309914,10.04850330352783,11,1
/fs/ess/PAA0203/xing244/AF_ClaSeq/results_NC_revision/ABL1/m_fold_random/01_m_fold_sampling/round_1/01_sampling/sampling_13/group_34_unrelaxed_rank_001_alphafold2_ptm_model_1_seed_042.pdb,81.91690647482015,48.6484,14.60818,7.776965,9.826329612731932,11,1
/fs/ess/PAA0203/xing244/AF_ClaSeq/results_NC_revision/ABL1/m_fold_random/01_m_fold_sampling/round_1/01_sampling/sampling_13/group_9_unrelaxed_rank_001_alphafold2_ptm_model_1_seed_042.pdb,82.0698201438849,50.16440000000001,4.215634,7.7098207,6.661564683914184,11,1
/fs/ess/PAA0203/xing244/AF_ClaSeq/results_NC_revision/ABL1/m_fold_random/01_m_fold_sampling/round_1/01_sampling/sampling_13/group_47_unrelaxed_rank_001_alphafold2_ptm_model_1_seed_042.pdb,86.55345323741007,77.03399999999999,17.305159,6.4559693,9.710726118087768,11,1
/fs/ess/PAA0203/xing244/AF_ClaSeq/results_NC_revision/ABL1/m_fold_random/01_m_fold_sampling/round_1/01_sampling/sampling_13/group_35_unrelaxed_rank_001_alphafold2_ptm_model_1_seed_042.pdb,81.31089928057554,45.74320000000001,5.173073,7.433481,6.755358695983887,11,1
/fs/ess/PAA0203/xing244/AF_ClaSeq/results_NC_revision/ABL1/m_fold_random/01_m_fold_sampling/round_1/01_sampling/sampling_13/group_24_unrelaxed_rank_001_alphafold2_ptm_model_1_seed_042.pdb,86.06971223021581,75.176,17.154652,6.4255395,9.644273138046264,11,1
/fs/ess/PAA0203/xing244/AF_ClaSeq/results_NC_revision/ABL1/m_fold_random/01_m_fold_sampling/round_1/01_sampling/sampling_13/group_40_unrelaxed_rank_001_alphafold2_ptm_model_1_seed_042.pdb,86.62334532374099,76.9092,17.527765,6.380009,9.724336004257202,11,1
/fs/ess/PAA0203/xing244/AF_ClaSeq/results_NC_revision/ABL1/m_fold_random/01_m_fold_sampling/round_1/01_sampling/sampling_13/group_1_unrelaxed_rank_001_alphafold2_ptm_model_1_seed_042.pdb,86.85938848920863,75.38159999999999,17.333113,6.3990965,9.679301357269287,11,1
/fs/ess/PAA0203/xing244/AF_ClaSeq/results_NC_revision/ABL1/m_fold_random/01_m_fold_sampling/round_1/01_sampling/sampling_13/group_30_unrelaxed_rank_001_alphafold2_ptm_model_1_seed_042.pdb,83.96654676258993,64.68119999999999,16.428608,7.052172,9.865102910995482,11,1
/fs/ess/PAA0203/xing244/AF_ClaSeq/results_NC_revision/ABL1/m_fold_random/01_m_fold_sampling/round_1/01_sampling/sampling_13/group_26_unrelaxed_rank_001_alphafold2_ptm_model_1_seed_042.pdb,85.49931654676259,75.54639999999999,17.54184,6.296332,9.669984197616577,11,1
/fs/ess/PAA0203/xing244/AF_ClaSeq/results_NC_revision/ABL1/m_fold_random/01_m_fold_sampling/round_1/01_sampling/sampling_13/group_39_unrelaxed_rank_001_alphafold2_ptm_model_1_seed_042.pdb,86.97679856115107,78.7532,17.03768,6.307428,9.526503419876098,11,1
/fs/ess/PAA0203/xing244/AF_ClaSeq/results_NC_revision/ABL1/m_fold_random/01_m_fold_sampling/round_1/01_sampling/sampling_13/group_11_unrelaxed_rank_001_alphafold2_ptm_model_1_seed_042.pdb,84.28899280575538,65.9892,17.26353,6.5407166,9.757560873031615,11,1
/fs/ess/PAA0203/xing244/AF_ClaSeq/results_NC_revision/ABL1/m_fold_random/01_m_fold_sampling/round_1/01_sampling/sampling_13/group_49_unrelaxed_rank_001_alphafold2_ptm_model_1_seed_042.pdb,83.65309352517986,58.28799999999999,17.136826,6.9186993,9.984137153625488,12,1
/fs/ess/PAA0203/xing244/AF_ClaSeq/results_NC_revision/ABL1/m_fold_random/01_m_fold_sampling/round_1/01_sampling/sampling_13/group_45_unrelaxed_rank_001_alphafold2_ptm_model_1_seed_042.pdb,84.88453237410073,67.6288,17.214607,6.3061185,9.578665113449096,11,1
/fs/ess/PAA0203/xing244/AF_ClaSeq/results_NC_revision/ABL1/m_fold_random/01_m_fold_sampling/round_1/01_sampling/sampling_13/group_2_unrelaxed_rank_001_alphafold2_ptm_model_1_seed_042.pdb,83.43305755395683,66.0744,17.351803,6.4320707,9.707990360260009,11,1
/fs/ess/PAA0203/xing244/AF_ClaSeq/results_NC_revision/ABL1/m_fold_random/01_m_fold_sampling/round_1/01_sampling/sampling_13/group_36_unrelaxed_rank_001_alphafold2_ptm_model_1_seed_042.pdb,83.74643884892087,63.18599999999999,17.573496,6.375555,9.734937286376953,11,1
/fs/ess/PAA0203/xing244/AF_ClaSeq/results_NC_revision/ABL1/m_fold_random/01_m_fold_sampling/round_1/01_sampling/sampling_44/group_20_unrelaxed_rank_001_alphafold2_ptm_model_1_seed_042.pdb,84.28104316546762,61.2588,16.999548,6.4140797,9.589720153808592,11,1
/fs/ess/PAA0203/xing244/AF_ClaSeq/results_NC_revision/ABL1/m_fold_random/01_m_fold_sampling/round_1/01_sampling/sampling_44/group_44_unrelaxed_rank_001_alphafold2_ptm_model_1_seed_042.pdb,84.35028776978419,64.93719999999999,17.209148,6.590388,9.776015996932983,11,1
/fs/ess/PAA0203/xing244/AF_ClaSeq/results_NC_revision/ABL1/m_fold_random/01_m_fold_sampling/round_1/01_sampling/sampling_44/group_16_unrelaxed_rank_001_alphafold2_ptm_model_1_seed_042.pdb,86.44154676258992,79.9824,17.416197,6.300244,9.635029745101928,11,1
/fs/ess/PAA0203/xing244/AF_ClaSeq/results_NC_revision/ABL1/m_fold_random/01_m_fold_sampling/round_1/01_sampling/sampling_44/group_8_unrelaxed_rank_001_alphafold2_ptm_model_1_seed_042.pdb,84.57464028776978,65.9324,17.409466,6.4047484,9.70616364479065,11,1
/fs/ess/PAA0203/xing244/AF_ClaSeq/results_NC_revision/ABL1/m_fold_random/01_m_fold_sampling/round_1/01_sampling/sampling_44/group_48_unrelaxed_rank_001_alphafold2_ptm_model_1_seed_042.pdb,83.06190647482013,63.101200000000006,17.086063,6.669657,9.794579076766968,11,1
/fs/ess/PAA0203/xing244/AF_ClaSeq/results_NC_revision/ABL1/m_fold_random/01_m_fold_sampling/round_1/01_sampling/sampling_44/group_6_unrelaxed_rank_001_alphafold2_ptm_model_1_seed_042.pdb,83.20525179856114,55.483999999999995,17.888952,6.263184,9.750914525985717,11,1
/fs/ess/PAA0203/xing244/AF_ClaSeq/results_NC_revision/ABL1/m_fold_random/01_m_fold_sampling/round_1/01_sampling/sampling_44/group_19_unrelaxed_rank_001_alphafold2_ptm_model_1_seed_042.pdb,84.17884892086332,57.39200000000001,15.900227,5.7952666,8.82675461769104,11,1
/fs/ess/PAA0203/xing244/AF_ClaSeq/results_NC_revision/ABL1/m_fold_random/01_m_fold_sampling/round_1/01_sampling/sampling_44/group_13_unrelaxed_rank_001_alphafold2_ptm_model_1_seed_042.pdb,84.66719424460432,73.23280000000001,17.155989,6.1451426,9.448396396636962,11,1
/fs/ess/PAA0203/xing244/AF_ClaSeq/results_NC_revision/ABL1/m_fold_random/01_m_fold_sampling/round_1/01_sampling/sampling_44/group_28_unrelaxed_rank_001_alphafold2_ptm_model_1_seed_042.pdb,82.9608273381295,56.1696,17.180504,6.3107114,9.57164912223816,11,1
/fs/ess/PAA0203/xing244/AF_ClaSeq/results_NC_revision/ABL1/m_fold_random/01_m_fold_sampling/round_1/01_sampling/sampling_44/group_32_unrelaxed_rank_001_alphafold2_ptm_model_1_seed_042.pdb,86.28575539568347,72.32800000000002,17.463518,6.582306,9.846669578552245,11,1
/fs/ess/PAA0203/xing244/AF_ClaSeq/results_NC_revision/ABL1/m_fold_random/01_m_fold_sampling/round_1/01_sampling/sampling_44/group_22_unrelaxed_rank_001_alphafold2_ptm_model_1_seed_042.pdb,82.83500000000001,62.0432,15.637611,5.772698,8.732171964645385,11,1
/fs/ess/PAA0203/xing244/AF_ClaSeq/results_NC_revision/ABL1/m_fold_random/01_m_fold_sampling/round_1/01_sampling/sampling_44/group_7_unrelaxed_rank_001_alphafold2_ptm_model_1_seed_042.pdb,84.02046762589929,68.90639999999999,15.889068,6.2535596,9.144212007522583,11,1
/fs/ess/PAA0203/xing244/AF_ClaSeq/results_NC_revision/ABL1/m_fold_random/01_m_fold_sampling/round_1/01_sampling/sampling_44/group_21_unrelaxed_rank_001_alphafold2_ptm_model_1_seed_042.pdb,78.78535971223022,52.556000000000004,16.14221,2.7818222,6.78993854522705,11,1
/fs/ess/PAA0203/xing244/AF_ClaSeq/results_NC_revision/ABL1/m_fold_random/01_m_fold_sampling/round_1/01_sampling/sampling_44/group_41_unrelaxed_rank_001_alphafold2_ptm_model_1_seed_042.pdb,86.74413669064748,79.9516,17.298162,6.412855,9.678447341918943,11,1
/fs/ess/PAA0203/xing244/AF_ClaSeq/results_NC_revision/ABL1/m_fold_random/01_m_fold_sampling/round_1/01_sampling/sampling_44/group_31_unrelaxed_rank_001_alphafold2_ptm_model_1_seed_042.pdb,81.20629496402877,46.066,18.120182,6.6573415,10.096193647384641,11,1
/fs/ess/PAA0203/xing244/AF_ClaSeq/results_NC_revision/ABL1/m_fold_random/01_m_fold_sampling/round_1/01_sampling/sampling_44/group_46_unrelaxed_rank_001_alphafold2_ptm_model_1_seed_042.pdb,84.68841726618705,60.05440000000001,17.1621,6.4108624,9.63623366355896,11,1
/fs/ess/PAA0203/xing244/AF_ClaSeq/results_NC_revision/ABL1/m_fold_random/01_m_fold_sampling/round_1/01_sampling/sampling_44/group_17_unrelaxed_rank_001_alphafold2_ptm_model_1_seed_042.pdb,87.52694244604317,83.08239999999999,17.448814,6.486241,9.775012922286987,11,1
/fs/ess/PAA0203/xing244/AF_ClaSeq/results_NC_revision/ABL1/m_fold_random/01_m_fold_sampling/round_1/01_sampling/sampling_44/group_14_unrelaxed_rank_001_alphafold2_ptm_model_1_seed_042.pdb,82.39967625899281,53.15080000000001,16.467611,6.6219807,9.575669860839843,11,1
/fs/ess/PAA0203/xing244/AF_ClaSeq/results_NC_revision/ABL1/m_fold_random/01_m_fold_sampling/round_1/01_sampling/sampling_44/group_4_unrelaxed_rank_001_alphafold2_ptm_model_1_seed_042.pdb,83.04014388489207,62.1276,17.296516,6.530977,9.760638666152953,11,1
/fs/ess/PAA0203/xing244/AF_ClaSeq/results_NC_revision/ABL1/m_fold_random/01_m_fold_sampling/round_1/01_sampling/sampling_44/group_12_unrelaxed_rank_001_alphafold2_ptm_model_1_seed_042.pdb,81.28697841726618,43.6544,18.681765,3.8385653,8.29152512550354,11,1
/fs/ess/PAA0203/xing244/AF_ClaSeq/results_NC_revision/ABL1/m_fold_random/01_m_fold_sampling/round_1/01_sampling/sampling_44/group_38_unrelaxed_rank_001_alphafold2_ptm_model_1_seed_042.pdb,85.08402877697841,68.60520000000001,17.612562,6.3005524,9.694155311584472,11,1
/fs/ess/PAA0203/xing244/AF_ClaSeq/results_NC_revision/ABL1/m_fold_random/01_m_fold_sampling/round_1/01_sampling/sampling_44/group_15_unrelaxed_rank_001_alphafold2_ptm_model_1_seed_042.pdb,84.32561151079136,60.3732,17.042198,6.707913,9.808198499679566,11,1
/fs/ess/PAA0203/xing244/AF_ClaSeq/results_NC_revision/ABL1/m_fold_random/01_m_fold_sampling/round_1/01_sampling/sampling_44/group_23_unrelaxed_rank_001_alphafold2_ptm_model_1_seed_042.pdb,83.25755395683453,60.49320000000001,16.791533,6.9592414,9.908928728103636,11,1
/fs/ess/PAA0203/xing244/AF_ClaSeq/results_NC_revision/ABL1/m_fold_random/01_m_fold_sampling/round_1/01_sampling/sampling_44/group_5_unrelaxed_rank_001_alphafold2_ptm_model_1_seed_042.pdb,83.48593525179857,67.47040000000001,17.402193,6.2288885,9.580879878997802,11,1
/fs/ess/PAA0203/xing244/AF_ClaSeq/results_NC_revision/ABL1/m_fold_random/01_m_fold_sampling/round_1/01_sampling/sampling_44/group_33_unrelaxed_rank_001_alphafold2_ptm_model_1_seed_042.pdb,81.98118705035971,49.65520000000001,16.037632,6.42375,9.307914543151856,11,1
/fs/ess/PAA0203/xing244/AF_ClaSeq/results_NC_revision/ABL1/m_fold_random/01_m_fold_sampling/round_1/01_sampling/sampling_44/group_27_unrelaxed_rank_001_alphafold2_ptm_model_1_seed_042.pdb,86.96456834532374,76.6072,17.44966,6.4288497,9.73509259223938,11,1
/fs/ess/PAA0203/xing244/AF_ClaSeq/results_NC_revision/ABL1/m_fold_random/01_m_fold_sampling/round_1/01_sampling/sampling_44/group_42_unrelaxed_rank_001_alphafold2_ptm_model_1_seed_042.pdb,87.93859712230216,87.84479999999999,17.429813,6.3262444,9.657315063476563,11,1
/fs/ess/PAA0203/xing244/AF_ClaSeq/results_NC_revision/ABL1/m_fold_random/01_m_fold_sampling/round_1/01_sampling/sampling_44/group_10_unrelaxed_rank_001_alphafold2_ptm_model_1_seed_042.pdb,81.5421582733813,53.15960000000001,17.45518,6.7395854,9.954263544082641,11,1
/fs/ess/PAA0203/xing244/AF_ClaSeq/results_NC_revision/ABL1/m_fold_random/01_m_fold_sampling/round_1/01_sampling/sampling_44/group_37_unrelaxed_rank_001_alphafold2_ptm_model_1_seed_042.pdb,89.25874100719425,89.29719999999999,17.356426,6.389917,9.679869699478148,11,1
/fs/ess/PAA0203/xing244/AF_ClaSeq/results_NC_revision/ABL1/m_fold_random/01_m_fold_sampling/round_1/01_sampling/sampling_44/group_29_unrelaxed_rank_001_alphafold2_ptm_model_1_seed_042.pdb,82.89920863309354,56.44200000000001,16.694918,3.7909355,7.6621301651000975,11,1
/fs/ess/PAA0203/xing244/AF_ClaSeq/results_NC_revision/ABL1/m_fold_random/01_m_fold_sampling/round_1/01_sampling/sampling_44/group_18_unrelaxed_rank_001_alphafold2_ptm_model_1_seed_042.pdb,84.82431654676257,64.3316,17.075733,6.4860005,9.662920331954956,11,1
/fs/ess/PAA0203/xing244/AF_ClaSeq/results_NC_revision/ABL1/m_fold_random/01_m_fold_sampling/round_1/01_sampling/sampling_44/group_43_unrelaxed_rank_001_alphafold2_ptm_model_1_seed_042.pdb,79.42683453237412,43.6456,16.794973,6.4626737,9.562363576889037,11,1
/fs/ess/PAA0203/xing244/AF_ClaSeq/results_NC_revision/ABL1/m_fold_random/01_m_fold_sampling/round_1/01_sampling/sampling_44/group_25_unrelaxed_rank_001_alphafold2_ptm_model_1_seed_042.pdb,85.65964028776979,70.32719999999999,17.211452,7.492805,10.408399248123168,11,1
/fs/ess/PAA0203/xing244/AF_ClaSeq/results_NC_revision/ABL1/m_fold_random/01_m_fold_sampling/round_1/01_sampling/sampling_44/group_3_unrelaxed_rank_001_alphafold2_ptm_model_1_seed_042.pdb,82.92241007194245,60.053999999999995,17.017344,3.2385616,7.372196197509765,11,1
/fs/ess/PAA0203/xing244/AF_ClaSeq/results_NC_revision/ABL1/m_fold_random/01_m_fold_sampling/round_1/01_sampling/sampling_44/group_34_unrelaxed_rank_001_alphafold2_ptm_model_1_seed_042.pdb,84.71244604316546,71.0064,16.678429,6.4722824,9.534126281738281,11,1
/fs/ess/PAA0203/xing244/AF_ClaSeq/results_NC_revision/ABL1/m_fold_random/01_m_fold_sampling/round_1/01_sampling/sampling_44/group_9_unrelaxed_rank_001_alphafold2_ptm_model_1_seed_042.pdb,86.06834532374101,71.6068,17.351196,6.4597697,9.727197694778441,11,1
/fs/ess/PAA0203/xing244/AF_ClaSeq/results_NC_revision/ABL1/m_fold_random/01_m_fold_sampling/round_1/01_sampling/sampling_44/group_47_unrelaxed_rank_001_alphafold2_ptm_model_1_seed_042.pdb,83.21748201438848,57.5404,16.921232,6.45161,9.592496728897093,11,1
/fs/ess/PAA0203/xing244/AF_ClaSeq/results_NC_revision/ABL1/m_fold_random/01_m_fold_sampling/round_1/01_sampling/sampling_44/group_35_unrelaxed_rank_001_alphafold2_ptm_model_1_seed_042.pdb,79.67169064748201,52.542,17.404907,4.4654837,8.347310733795165,11,1
/fs/ess/PAA0203/xing244/AF_ClaSeq/results_NC_revision/ABL1/m_fold_random/01_m_fold_sampling/round_1/01_sampling/sampling_44/group_24_unrelaxed_rank_001_alphafold2_ptm_model_1_seed_042.pdb,84.98251798561151,71.4592,17.47541,6.374701,9.704913854598999,11,1
/fs/ess/PAA0203/xing244/AF_ClaSeq/results_NC_revision/ABL1/m_fold_random/01_m_fold_sampling/round_1/01_sampling/sampling_44/group_40_unrelaxed_rank_001_alphafold2_ptm_model_1_seed_042.pdb,84.98784172661871,67.656,17.423227,4.8471375,8.61996440887451,11,1
/fs/ess/PAA0203/xing244/AF_ClaSeq/results_NC_revision/ABL1/m_fold_random/01_m_fold_sampling/round_1/01_sampling/sampling_44/group_1_unrelaxed_rank_001_alphafold2_ptm_model_1_seed_042.pdb,88.57064748201438,82.1696,17.367182,6.306461,9.62467713356018,11,1
/fs/ess/PAA0203/xing244/AF_ClaSeq/results_NC_revision/ABL1/m_fold_random/01_m_fold_sampling/round_1/01_sampling/sampling_44/group_30_unrelaxed_rank_001_alphafold2_ptm_model_1_seed_042.pdb,86.83507194244605,75.2592,17.35443,6.43006,9.707370710372924,11,1
/fs/ess/PAA0203/xing244/AF_ClaSeq/results_NC_revision/ABL1/m_fold_random/01_m_fold_sampling/round_1/01_sampling/sampling_44/group_26_unrelaxed_rank_001_alphafold2_ptm_model_1_seed_042.pdb,76.2831654676259,58.913199999999996,17.292301,4.7871637,8.538704967498779,11,1
/fs/ess/PAA0203/xing244/AF_ClaSeq/results_NC_revision/ABL1/m_fold_random/01_m_fold_sampling/round_1/01_sampling/sampling_44/group_39_unrelaxed_rank_001_alphafold2_ptm_model_1_seed_042.pdb,84.48546762589928,67.7784,17.281338,6.4202433,9.678571605682372,11,1
/fs/ess/PAA0203/xing244/AF_ClaSeq/results_NC_revision/ABL1/m_fold_random/01_m_fold_sampling/round_1/01_sampling/sampling_44/group_11_unrelaxed_rank_001_alphafold2_ptm_model_1_seed_042.pdb,85.3314748201439,75.2212,17.47864,6.524853,9.810989141464233,11,1
/fs/ess/PAA0203/xing244/AF_ClaSeq/results_NC_revision/ABL1/m_fold_random/01_m_fold_sampling/round_1/01_sampling/sampling_44/group_49_unrelaxed_rank_001_alphafold2_ptm_model_1_seed_042.pdb,82.26820143884892,57.7492,17.25568,6.4825354,9.71447877883911,12,1
/fs/ess/PAA0203/xing244/AF_ClaSeq/results_NC_revision/ABL1/m_fold_random/01_m_fold_sampling/round_1/01_sampling/sampling_44/group_45_unrelaxed_rank_001_alphafold2_ptm_model_1_seed_042.pdb,83.23794964028778,53.3208,17.10946,6.4503946,9.648114490509034,11,1
/fs/ess/PAA0203/xing244/AF_ClaSeq/results_NC_revision/ABL1/m_fold_random/01_m_fold_sampling/round_1/01_sampling/sampling_44/group_2_unrelaxed_rank_001_alphafold2_ptm_model_1_seed_042.pdb,88.2165107913669,85.32520000000001,17.115303,6.201461,9.475613498687743,11,1
/fs/ess/PAA0203/xing244/AF_ClaSeq/results_NC_revision/ABL1/m_fold_random/01_m_fold_sampling/round_1/01_sampling/sampling_44/group_36_unrelaxed_rank_001_alphafold2_ptm_model_1_seed_042.pdb,83.95338129496402,64.6208,16.905169,7.0995336,10.041224050521851,11,1
/fs/ess/PAA0203/xing244/AF_ClaSeq/results_NC_revision/ABL1/m_fold_random/01_m_fold_sampling/round_1/01_sampling/sampling_48/group_20_unrelaxed_rank_001_alphafold2_ptm_model_1_seed_042.pdb,82.30715827338129,61.51439999999999,17.263659,6.4489856,9.693387460708617,11,1
/fs/ess/PAA0203/xing244/AF_ClaSeq/results_NC_revision/ABL1/m_fold_random/01_m_fold_sampling/round_1/01_sampling/sampling_48/group_44_unrelaxed_rank_001_alphafold2_ptm_model_1_seed_042.pdb,81.17464028776978,55.6912,17.851276,6.740687,10.073863744735718,11,1
/fs/ess/PAA0203/xing244/AF_ClaSeq/results_NC_revision/ABL1/m_fold_random/01_m_fold_sampling/round_1/01_sampling/sampling_48/group_16_unrelaxed_rank_001_alphafold2_ptm_model_1_seed_042.pdb,83.49435251798562,59.58559999999999,17.29941,6.509979,9.746808099746705,11,1
/fs/ess/PAA0203/xing244/AF_ClaSeq/results_NC_revision/ABL1/m_fold_random/01_m_fold_sampling/round_1/01_sampling/sampling_48/group_8_unrelaxed_rank_001_alphafold2_ptm_model_1_seed_042.pdb,83.74561151079136,60.25199999999999,17.23127,6.3127375,9.588297176361085,11,1
/fs/ess/PAA0203/xing244/AF_ClaSeq/results_NC_revision/ABL1/m_fold_random/01_m_fold_sampling/round_1/01_sampling/sampling_48/group_48_unrelaxed_rank_001_alphafold2_ptm_model_1_seed_042.pdb,82.49989208633095,66.20679999999999,17.482,6.2434855,9.615039920806884,11,1
/fs/ess/PAA0203/xing244/AF_ClaSeq/results_NC_revision/ABL1/m_fold_random/01_m_fold_sampling/round_1/01_sampling/sampling_48/group_6_unrelaxed_rank_001_alphafold2_ptm_model_1_seed_042.pdb,83.82687050359714,59.315200000000004,16.882591,6.604403,9.687859487533569,11,1
/fs/ess/PAA0203/xing244/AF_ClaSeq/results_NC_revision/ABL1/m_fold_random/01_m_fold_sampling/round_1/01_sampling/sampling_48/group_19_unrelaxed_rank_001_alphafold2_ptm_model_1_seed_042.pdb,86.38845323741008,74.21799999999999,17.155243,6.592846,9.761565017700196,11,1
/fs/ess/PAA0203/xing244/AF_ClaSeq/results_NC_revision/ABL1/m_fold_random/01_m_fold_sampling/round_1/01_sampling/sampling_48/group_13_unrelaxed_rank_001_alphafold2_ptm_model_1_seed_042.pdb,84.22294964028778,60.337199999999996,17.332907,6.5645256,9.795039939880372,11,1
/fs/ess/PAA0203/xing244/AF_ClaSeq/results_NC_revision/ABL1/m_fold_random/01_m_fold_sampling/round_1/01_sampling/sampling_48/group_28_unrelaxed_rank_001_alphafold2_ptm_model_1_seed_042.pdb,84.438345323741,72.1168,17.191788,6.306063,9.57178053855896,11,1
/fs/ess/PAA0203/xing244/AF_ClaSeq/results_NC_revision/ABL1/m_fold_random/01_m_fold_sampling/round_1/01_sampling/sampling_48/group_32_unrelaxed_rank_001_alphafold2_ptm_model_1_seed_042.pdb,86.3056474820144,71.222,17.321672,6.353277,9.643795776367188,11,1
/fs/ess/PAA0203/xing244/AF_ClaSeq/results_NC_revision/ABL1/m_fold_random/01_m_fold_sampling/round_1/01_sampling/sampling_48/group_22_unrelaxed_rank_001_alphafold2_ptm_model_1_seed_042.pdb,88.90122302158274,85.28039999999999,17.44915,6.3766904,9.698428297042845,11,1
/fs/ess/PAA0203/xing244/AF_ClaSeq/results_NC_revision/ABL1/m_fold_random/01_m_fold_sampling/round_1/01_sampling/sampling_48/group_7_unrelaxed_rank_001_alphafold2_ptm_model_1_seed_042.pdb,85.80935251798562,73.304,17.447233,6.2869754,9.635052728652955,11,1
/fs/ess/PAA0203/xing244/AF_ClaSeq/results_NC_revision/ABL1/m_fold_random/01_m_fold_sampling/round_1/01_sampling/sampling_48/group_21_unrelaxed_rank_001_alphafold2_ptm_model_1_seed_042.pdb,85.98125899280576,69.9752,17.361012,6.5327573,9.781233549118042,11,1
/fs/ess/PAA0203/xing244/AF_ClaSeq/results_NC_revision/ABL1/m_fold_random/01_m_fold_sampling/round_1/01_sampling/sampling_48/group_41_unrelaxed_rank_001_alphafold2_ptm_model_1_seed_042.pdb,86.20712230215828,67.9592,17.32681,6.1792674,9.523530435562133,11,1
/fs/ess/PAA0203/xing244/AF_ClaSeq/results_NC_revision/ABL1/m_fold_random/01_m_fold_sampling/round_1/01_sampling/sampling_48/group_31_unrelaxed_rank_001_alphafold2_ptm_model_1_seed_042.pdb,86.94708633093525,76.4868,17.261847,6.4320197,9.680967760086059,11,1
/fs/ess/PAA0203/xing244/AF_ClaSeq/results_NC_revision/ABL1/m_fold_random/01_m_fold_sampling/round_1/01_sampling/sampling_48/group_46_unrelaxed_rank_001_alphafold2_ptm_model_1_seed_042.pdb,85.25784172661871,67.8944,16.800306,3.0717175,7.19029414653778,11,1
/fs/ess/PAA0203/xing244/AF_ClaSeq/results_NC_revision/ABL1/m_fold_random/01_m_fold_sampling/round_1/01_sampling/sampling_48/group_17_unrelaxed_rank_001_alphafold2_ptm_model_1_seed_042.pdb,88.51708633093526,87.582,17.524843,6.4668503,9.784248161315919,11,1
/fs/ess/PAA0203/xing244/AF_ClaSeq/results_NC_revision/ABL1/m_fold_random/01_m_fold_sampling/round_1/01_sampling/sampling_48/group_14_unrelaxed_rank_001_alphafold2_ptm_model_1_seed_042.pdb,82.99517985611512,55.583999999999996,16.431292,6.317379,9.351552772521972,11,1
/fs/ess/PAA0203/xing244/AF_ClaSeq/results_NC_revision/ABL1/m_fold_random/01_m_fold_sampling/round_1/01_sampling/sampling_48/group_4_unrelaxed_rank_001_alphafold2_ptm_model_1_seed_042.pdb,84.49618705035972,60.483999999999995,17.26929,6.372542,9.641566610336303,11,1
/fs/ess/PAA0203/xing244/AF_ClaSeq/results_NC_revision/ABL1/m_fold_random/01_m_fold_sampling/round_1/01_sampling/sampling_48/group_12_unrelaxed_rank_001_alphafold2_ptm_model_1_seed_042.pdb,82.30496402877698,68.9008,17.661102,6.9467,10.161020755767822,11,1
/fs/ess/PAA0203/xing244/AF_ClaSeq/results_NC_revision/ABL1/m_fold_random/01_m_fold_sampling/round_1/01_sampling/sampling_48/group_38_unrelaxed_rank_001_alphafold2_ptm_model_1_seed_042.pdb,82.673345323741,49.796800000000005,18.811626,6.661412,10.306476163864136,11,1
/fs/ess/PAA0203/xing244/AF_ClaSeq/results_NC_revision/ABL1/m_fold_random/01_m_fold_sampling/round_1/01_sampling/sampling_48/group_15_unrelaxed_rank_001_alphafold2_ptm_model_1_seed_042.pdb,85.73219424460432,67.0668,17.004452,6.2221193,9.4568190574646,11,1
/fs/ess/PAA0203/xing244/AF_ClaSeq/results_NC_revision/ABL1/m_fold_random/01_m_fold_sampling/round_1/01_sampling/sampling_48/group_23_unrelaxed_rank_001_alphafold2_ptm_model_1_seed_042.pdb,83.52097122302159,60.87000000000001,16.95645,6.54508,9.668490982055664,11,1
/fs/ess/PAA0203/xing244/AF_ClaSeq/results_NC_revision/ABL1/m_fold_random/01_m_fold_sampling/round_1/01_sampling/sampling_48/group_5_unrelaxed_rank_001_alphafold2_ptm_model_1_seed_042.pdb,78.15546762589929,49.8992,17.410826,6.792806,9.97821202278137,11,1
/fs/ess/PAA0203/xing244/AF_ClaSeq/results_NC_revision/ABL1/m_fold_random/01_m_fold_sampling/round_1/01_sampling/sampling_48/group_33_unrelaxed_rank_001_alphafold2_ptm_model_1_seed_042.pdb,86.89010791366907,80.5092,17.392979,6.431655,9.72005205154419,11,1
/fs/ess/PAA0203/xing244/AF_ClaSeq/results_NC_revision/ABL1/m_fold_random/01_m_fold_sampling/round_1/01_sampling/sampling_48/group_27_unrelaxed_rank_001_alphafold2_ptm_model_1_seed_042.pdb,83.39697841726618,56.75959999999999,16.989609,6.4686594,9.62494421005249,11,1
/fs/ess/PAA0203/xing244/AF_ClaSeq/results_NC_revision/ABL1/m_fold_random/01_m_fold_sampling/round_1/01_sampling/sampling_48/group_42_unrelaxed_rank_001_alphafold2_ptm_model_1_seed_042.pdb,84.62859712230215,61.1284,17.089632,6.4064155,9.611380434036253,11,1
/fs/ess/PAA0203/xing244/AF_ClaSeq/results_NC_revision/ABL1/m_fold_random/01_m_fold_sampling/round_1/01_sampling/sampling_48/group_10_unrelaxed_rank_001_alphafold2_ptm_model_1_seed_042.pdb,86.05107913669063,74.818,17.5229,6.5104957,9.81421685218811,11,1
/fs/ess/PAA0203/xing244/AF_ClaSeq/results_NC_revision/ABL1/m_fold_random/01_m_fold_sampling/round_1/01_sampling/sampling_48/group_37_unrelaxed_rank_001_alphafold2_ptm_model_1_seed_042.pdb,86.68187050359711,72.28,15.561654,2.7111201,6.566280317306518,11,1
/fs/ess/PAA0203/xing244/AF_ClaSeq/results_NC_revision/ABL1/m_fold_random/01_m_fold_sampling/round_1/01_sampling/sampling_48/group_29_unrelaxed_rank_001_alphafold2_ptm_model_1_seed_042.pdb,84.8481654676259,73.0912,17.250673,6.341518,9.61426453590393,11,1
/fs/ess/PAA0203/xing244/AF_ClaSeq/results_NC_revision/ABL1/m_fold_random/01_m_fold_sampling/round_1/01_sampling/sampling_48/group_18_unrelaxed_rank_001_alphafold2_ptm_model_1_seed_042.pdb,80.77697841726619,46.83039999999999,17.68666,6.5192122,9.869446802139281,11,1
/fs/ess/PAA0203/xing244/AF_ClaSeq/results_NC_revision/ABL1/m_fold_random/01_m_fold_sampling/round_1/01_sampling/sampling_48/group_43_unrelaxed_rank_001_alphafold2_ptm_model_1_seed_042.pdb,83.7206474820144,58.3952,17.01238,6.9191074,9.947089385986327,11,1
/fs/ess/PAA0203/xing244/AF_ClaSeq/results_NC_revision/ABL1/m_fold_random/01_m_fold_sampling/round_1/01_sampling/sampling_48/group_25_unrelaxed_rank_001_alphafold2_ptm_model_1_seed_042.pdb,84.23575539568346,60.9272,17.070498,6.3767786,9.584894275665283,11,1
/fs/ess/PAA0203/xing244/AF_ClaSeq/results_NC_revision/ABL1/m_fold_random/01_m_fold_sampling/round_1/01_sampling/sampling_48/group_3_unrelaxed_rank_001_alphafold2_ptm_model_1_seed_042.pdb,87.20949640287769,83.7852,17.48473,6.2636666,9.629985570907593,11,1
/fs/ess/PAA0203/xing244/AF_ClaSeq/results_NC_revision/ABL1/m_fold_random/01_m_fold_sampling/round_1/01_sampling/sampling_48/group_34_unrelaxed_rank_001_alphafold2_ptm_model_1_seed_042.pdb,83.12949640287769,65.096,17.167374,6.4350333,9.654735422134399,11,1
/fs/ess/PAA0203/xing244/AF_ClaSeq/results_NC_revision/ABL1/m_fold_random/01_m_fold_sampling/round_1/01_sampling/sampling_48/group_9_unrelaxed_rank_001_alphafold2_ptm_model_1_seed_042.pdb,81.7024820143885,53.3672,16.472324,6.660278,9.603891801834106,11,1
/fs/ess/PAA0203/xing244/AF_ClaSeq/results_NC_revision/ABL1/m_fold_random/01_m_fold_sampling/round_1/01_sampling/sampling_48/group_47_unrelaxed_rank_001_alphafold2_ptm_model_1_seed_042.pdb,83.62262589928058,60.88,17.116623,6.5101137,9.692066478729249,11,1
/fs/ess/PAA0203/xing244/AF_ClaSeq/results_NC_revision/ABL1/m_fold_random/01_m_fold_sampling/round_1/01_sampling/sampling_48/group_35_unrelaxed_rank_001_alphafold2_ptm_model_1_seed_042.pdb,85.57194244604317,69.8168,17.07718,6.4463177,9.63557662963867,11,1
/fs/ess/PAA0203/xing244/AF_ClaSeq/results_NC_revision/ABL1/m_fold_random/01_m_fold_sampling/round_1/01_sampling/sampling_48/group_24_unrelaxed_rank_001_alphafold2_ptm_model_1_seed_042.pdb,81.97748201438849,49.04599999999999,14.944437,7.7824764,9.93106460571289,11,1
/fs/ess/PAA0203/xing244/AF_ClaSeq/results_NC_revision/ABL1/m_fold_random/01_m_fold_sampling/round_1/01_sampling/sampling_48/group_40_unrelaxed_rank_001_alphafold2_ptm_model_1_seed_042.pdb,85.1781654676259,72.0276,17.291262,6.3914337,9.661382102966307,11,1
/fs/ess/PAA0203/xing244/AF_ClaSeq/results_NC_revision/ABL1/m_fold_random/01_m_fold_sampling/round_1/01_sampling/sampling_48/group_1_unrelaxed_rank_001_alphafold2_ptm_model_1_seed_042.pdb,88.69823741007194,87.54879999999999,17.4905,6.5102735,9.804341268539428,11,1
/fs/ess/PAA0203/xing244/AF_ClaSeq/results_NC_revision/ABL1/m_fold_random/01_m_fold_sampling/round_1/01_sampling/sampling_48/group_30_unrelaxed_rank_001_alphafold2_ptm_model_1_seed_042.pdb,84.02528776978419,65.39,17.166096,6.3041763,9.562752151489256,11,1
/fs/ess/PAA0203/xing244/AF_ClaSeq/results_NC_revision/ABL1/m_fold_random/01_m_fold_sampling/round_1/01_sampling/sampling_48/group_26_unrelaxed_rank_001_alphafold2_ptm_model_1_seed_042.pdb,84.838309352518,74.0408,17.194357,6.3112683,9.57619490623474,11,1
/fs/ess/PAA0203/xing244/AF_ClaSeq/results_NC_revision/ABL1/m_fold_random/01_m_fold_sampling/round_1/01_sampling/sampling_48/group_39_unrelaxed_rank_001_alphafold2_ptm_model_1_seed_042.pdb,83.41280575539568,61.95360000000001,17.503742,6.279927,9.647071409225465,11,1
/fs/ess/PAA0203/xing244/AF_ClaSeq/results_NC_revision/ABL1/m_fold_random/01_m_fold_sampling/round_1/01_sampling/sampling_48/group_11_unrelaxed_rank_001_alphafold2_ptm_model_1_seed_042.pdb,81.22363309352518,61.69,16.329868,6.251513,9.275019598007201,11,1
/fs/ess/PAA0203/xing244/AF_ClaSeq/results_NC_revision/ABL1/m_fold_random/01_m_fold_sampling/round_1/01_sampling/sampling_48/group_49_unrelaxed_rank_001_alphafold2_ptm_model_1_seed_042.pdb,83.68478417266185,59.57639999999999,17.047829,6.3518763,9.56066198348999,12,1
/fs/ess/PAA0203/xing244/AF_ClaSeq/results_NC_revision/ABL1/m_fold_random/01_m_fold_sampling/round_1/01_sampling/sampling_48/group_45_unrelaxed_rank_001_alphafold2_ptm_model_1_seed_042.pdb,82.19388489208632,48.68639999999999,17.337086,6.7412634,9.920010089874268,11,1
/fs/ess/PAA0203/xing244/AF_ClaSeq/results_NC_revision/ABL1/m_fold_random/01_m_fold_sampling/round_1/01_sampling/sampling_48/group_2_unrelaxed_rank_001_alphafold2_ptm_model_1_seed_042.pdb,84.7593165467626,72.694,16.917664,3.2115684,7.323396921157837,11,1
/fs/ess/PAA0203/xing244/AF_ClaSeq/results_NC_revision/ABL1/m_fold_random/01_m_fold_sampling/round_1/01_sampling/sampling_48/group_36_unrelaxed_rank_001_alphafold2_ptm_model_1_seed_042.pdb,85.92075539568346,63.254400000000004,17.037262,6.421501,9.606229400634765,11,1
/fs/ess/PAA0203/xing244/AF_ClaSeq/results_NC_revision/ABL1/m_fold_random/01_m_fold_sampling/round_1/01_sampling/sampling_35/group_20_unrelaxed_rank_001_alphafold2_ptm_model_1_seed_042.pdb,89.15791366906475,85.4676,17.290781,6.3015833,9.598342609405517,11,1
/fs/ess/PAA0203/xing244/AF_ClaSeq/results_NC_revision/ABL1/m_fold_random/01_m_fold_sampling/round_1/01_sampling/sampling_35/group_44_unrelaxed_rank_001_alphafold2_ptm_model_1_seed_042.pdb,86.45043165467627,79.0652,17.517868,6.3125105,9.674117755889892,11,1
/fs/ess/PAA0203/xing244/AF_ClaSeq/results_NC_revision/ABL1/m_fold_random/01_m_fold_sampling/round_1/01_sampling/sampling_35/group_16_unrelaxed_rank_001_alphafold2_ptm_model_1_seed_042.pdb,86.0439928057554,73.6092,17.230482,6.276504,9.562697458267213,11,1
/fs/ess/PAA0203/xing244/AF_ClaSeq/results_NC_revision/ABL1/m_fold_random/01_m_fold_sampling/round_1/01_sampling/sampling_35/group_8_unrelaxed_rank_001_alphafold2_ptm_model_1_seed_042.pdb,87.94525179856115,83.0056,17.293598,6.25942,9.56967339515686,11,1
/fs/ess/PAA0203/xing244/AF_ClaSeq/results_NC_revision/ABL1/m_fold_random/01_m_fold_sampling/round_1/01_sampling/sampling_35/group_48_unrelaxed_rank_001_alphafold2_ptm_model_1_seed_042.pdb,82.0981654676259,57.72040000000001,17.261377,6.495789,9.725465536117554,11,1
/fs/ess/PAA0203/xing244/AF_ClaSeq/results_NC_revision/ABL1/m_fold_random/01_m_fold_sampling/round_1/01_sampling/sampling_35/group_6_unrelaxed_rank_001_alphafold2_ptm_model_1_seed_042.pdb,87.90679856115109,82.552,17.169044,6.265485,9.536552715301513,11,1
/fs/ess/PAA0203/xing244/AF_ClaSeq/results_NC_revision/ABL1/m_fold_random/01_m_fold_sampling/round_1/01_sampling/sampling_35/group_19_unrelaxed_rank_001_alphafold2_ptm_model_1_seed_042.pdb,86.71561151079136,69.0672,17.117292,6.2711997,9.525027513504028,11,1
/fs/ess/PAA0203/xing244/AF_ClaSeq/results_NC_revision/ABL1/m_fold_random/01_m_fold_sampling/round_1/01_sampling/sampling_35/group_13_unrelaxed_rank_001_alphafold2_ptm_model_1_seed_042.pdb,82.56877697841728,58.4104,17.724428,6.9017334,10.148541831970213,11,1
/fs/ess/PAA0203/xing244/AF_ClaSeq/results_NC_revision/ABL1/m_fold_random/01_m_fold_sampling/round_1/01_sampling/sampling_35/group_28_unrelaxed_rank_001_alphafold2_ptm_model_1_seed_042.pdb,80.83456834532373,46.07280000000001,6.9261804,7.897949,7.606418561935424,11,1
/fs/ess/PAA0203/xing244/AF_ClaSeq/results_NC_revision/ABL1/m_fold_random/01_m_fold_sampling/round_1/01_sampling/sampling_35/group_32_unrelaxed_rank_001_alphafold2_ptm_model_1_seed_042.pdb,87.89028776978417,79.80279999999999,17.388586,6.2846346,9.615820026397705,11,1
/fs/ess/PAA0203/xing244/AF_ClaSeq/results_NC_revision/ABL1/m_fold_random/01_m_fold_sampling/round_1/01_sampling/sampling_35/group_22_unrelaxed_rank_001_alphafold2_ptm_model_1_seed_042.pdb,86.02269784172661,77.2168,17.267803,6.357511,9.630598688125609,11,1
/fs/ess/PAA0203/xing244/AF_ClaSeq/results_NC_revision/ABL1/m_fold_random/01_m_fold_sampling/round_1/01_sampling/sampling_35/group_7_unrelaxed_rank_001_alphafold2_ptm_model_1_seed_042.pdb,85.29884892086332,69.4388,16.922535,7.111079,10.054515933990478,11,1
/fs/ess/PAA0203/xing244/AF_ClaSeq/results_NC_revision/ABL1/m_fold_random/01_m_fold_sampling/round_1/01_sampling/sampling_35/group_21_unrelaxed_rank_001_alphafold2_ptm_model_1_seed_042.pdb,83.97075539568347,63.097199999999994,16.921719,7.1230683,10.062663412094114,11,1
/fs/ess/PAA0203/xing244/AF_ClaSeq/results_NC_revision/ABL1/m_fold_random/01_m_fold_sampling/round_1/01_sampling/sampling_35/group_41_unrelaxed_rank_001_alphafold2_ptm_model_1_seed_042.pdb,84.89744604316549,68.9788,17.231216,6.416283,9.660763120651245,11,1
/fs/ess/PAA0203/xing244/AF_ClaSeq/results_NC_revision/ABL1/m_fold_random/01_m_fold_sampling/round_1/01_sampling/sampling_35/group_31_unrelaxed_rank_001_alphafold2_ptm_model_1_seed_042.pdb,83.63615107913668,56.54119999999999,15.15213,6.695146,9.232241296768187,11,1
/fs/ess/PAA0203/xing244/AF_ClaSeq/results_NC_revision/ABL1/m_fold_random/01_m_fold_sampling/round_1/01_sampling/sampling_35/group_46_unrelaxed_rank_001_alphafold2_ptm_model_1_seed_042.pdb,87.83535971223021,80.3316,17.373583,6.4529576,9.729145193099974,11,1
/fs/ess/PAA0203/xing244/AF_ClaSeq/results_NC_revision/ABL1/m_fold_random/01_m_fold_sampling/round_1/01_sampling/sampling_35/group_17_unrelaxed_rank_001_alphafold2_ptm_model_1_seed_042.pdb,83.0818345323741,62.34360000000001,17.22889,6.7152634,9.869351196289063,11,1
/fs/ess/PAA0203/xing244/AF_ClaSeq/results_NC_revision/ABL1/m_fold_random/01_m_fold_sampling/round_1/01_sampling/sampling_35/group_14_unrelaxed_rank_001_alphafold2_ptm_model_1_seed_042.pdb,85.62215827338129,68.4076,17.194338,6.27326,9.549583435058594,11,1
/fs/ess/PAA0203/xing244/AF_ClaSeq/results_NC_revision/ABL1/m_fold_random/01_m_fold_sampling/round_1/01_sampling/sampling_35/group_4_unrelaxed_rank_001_alphafold2_ptm_model_1_seed_042.pdb,83.92690647482013,68.2168,17.51294,6.475241,9.786550664901732,11,1
/fs/ess/PAA0203/xing244/AF_ClaSeq/results_NC_revision/ABL1/m_fold_random/01_m_fold_sampling/round_1/01_sampling/sampling_35/group_12_unrelaxed_rank_001_alphafold2_ptm_model_1_seed_042.pdb,86.05982014388488,80.60600000000001,17.11402,6.2761693,9.527524328231811,11,1
/fs/ess/PAA0203/xing244/AF_ClaSeq/results_NC_revision/ABL1/m_fold_random/01_m_fold_sampling/round_1/01_sampling/sampling_35/group_38_unrelaxed_rank_001_alphafold2_ptm_model_1_seed_042.pdb,83.92136690647482,65.6168,17.42457,6.531318,9.799293756484985,11,1
/fs/ess/PAA0203/xing244/AF_ClaSeq/results_NC_revision/ABL1/m_fold_random/01_m_fold_sampling/round_1/01_sampling/sampling_35/group_15_unrelaxed_rank_001_alphafold2_ptm_model_1_seed_042.pdb,86.95464028776978,81.50439999999999,17.137487,6.401954,9.62261414527893,11,1
/fs/ess/PAA0203/xing244/AF_ClaSeq/results_NC_revision/ABL1/m_fold_random/01_m_fold_sampling/round_1/01_sampling/sampling_35/group_23_unrelaxed_rank_001_alphafold2_ptm_model_1_seed_042.pdb,81.65938848920864,46.496399999999994,14.531096,7.7093015,9.75583996772766,11,1
/fs/ess/PAA0203/xing244/AF_ClaSeq/results_NC_revision/ABL1/m_fold_random/01_m_fold_sampling/round_1/01_sampling/sampling_35/group_5_unrelaxed_rank_001_alphafold2_ptm_model_1_seed_042.pdb,86.01805755395682,74.3692,17.261414,6.246125,9.550711727142334,11,1
/fs/ess/PAA0203/xing244/AF_ClaSeq/results_NC_revision/ABL1/m_fold_random/01_m_fold_sampling/round_1/01_sampling/sampling_35/group_33_unrelaxed_rank_001_alphafold2_ptm_model_1_seed_042.pdb,81.68741007194244,53.727999999999994,11.925543,8.579982,9.5836501121521,11,1
/fs/ess/PAA0203/xing244/AF_ClaSeq/results_NC_revision/ABL1/m_fold_random/01_m_fold_sampling/round_1/01_sampling/sampling_35/group_27_unrelaxed_rank_001_alphafold2_ptm_model_1_seed_042.pdb,83.25881294964029,61.532799999999995,16.784733,6.292049,9.439854097366332,11,1
/fs/ess/PAA0203/xing244/AF_ClaSeq/results_NC_revision/ABL1/m_fold_random/01_m_fold_sampling/round_1/01_sampling/sampling_35/group_42_unrelaxed_rank_001_alphafold2_ptm_model_1_seed_042.pdb,84.31758992805756,69.3724,17.437967,6.4499974,9.746388387680053,11,1
/fs/ess/PAA0203/xing244/AF_ClaSeq/results_NC_revision/ABL1/m_fold_random/01_m_fold_sampling/round_1/01_sampling/sampling_35/group_10_unrelaxed_rank_001_alphafold2_ptm_model_1_seed_042.pdb,85.00453237410073,66.9216,17.162638,6.6585217,9.809756469726562,11,1
/fs/ess/PAA0203/xing244/AF_ClaSeq/results_NC_revision/ABL1/m_fold_random/01_m_fold_sampling/round_1/01_sampling/sampling_35/group_37_unrelaxed_rank_001_alphafold2_ptm_model_1_seed_042.pdb,85.16079136690647,64.7416,17.350397,6.5948887,9.821541213989256,11,1
/fs/ess/PAA0203/xing244/AF_ClaSeq/results_NC_revision/ABL1/m_fold_random/01_m_fold_sampling/round_1/01_sampling/sampling_35/group_29_unrelaxed_rank_001_alphafold2_ptm_model_1_seed_042.pdb,83.01776978417266,57.604,18.10019,6.6908946,10.113682985305786,11,1
/fs/ess/PAA0203/xing244/AF_ClaSeq/results_NC_revision/ABL1/m_fold_random/01_m_fold_sampling/round_1/01_sampling/sampling_35/group_18_unrelaxed_rank_001_alphafold2_ptm_model_1_seed_042.pdb,82.62007194244605,55.0676,16.790054,6.678627,9.712055206298828,11,1
/fs/ess/PAA0203/xing244/AF_ClaSeq/results_NC_revision/ABL1/m_fold_random/01_m_fold_sampling/round_1/01_sampling/sampling_35/group_43_unrelaxed_rank_001_alphafold2_ptm_model_1_seed_042.pdb,80.79571942446043,48.33519999999999,16.871946,6.3251653,9.489199590682983,11,1
/fs/ess/PAA0203/xing244/AF_ClaSeq/results_NC_revision/ABL1/m_fold_random/01_m_fold_sampling/round_1/01_sampling/sampling_35/group_25_unrelaxed_rank_001_alphafold2_ptm_model_1_seed_042.pdb,80.88708633093525,55.8584,17.087633,6.487335,9.667424583435057,11,1
/fs/ess/PAA0203/xing244/AF_ClaSeq/results_NC_revision/ABL1/m_fold_random/01_m_fold_sampling/round_1/01_sampling/sampling_35/group_3_unrelaxed_rank_001_alphafold2_ptm_model_1_seed_042.pdb,87.60848920863307,81.4676,17.349703,6.3437138,9.645510482788085,11,1
/fs/ess/PAA0203/xing244/AF_ClaSeq/results_NC_revision/ABL1/m_fold_random/01_m_fold_sampling/round_1/01_sampling/sampling_35/group_34_unrelaxed_rank_001_alphafold2_ptm_model_1_seed_042.pdb,84.35071942446044,59.996,17.142298,6.372864,9.603693962097168,11,1
/fs/ess/PAA0203/xing244/AF_ClaSeq/results_NC_revision/ABL1/m_fold_random/01_m_fold_sampling/round_1/01_sampling/sampling_35/group_9_unrelaxed_rank_001_alphafold2_ptm_model_1_seed_042.pdb,84.16996402877697,59.4084,18.952915,6.376033,10.149097537994384,11,1
/fs/ess/PAA0203/xing244/AF_ClaSeq/results_NC_revision/ABL1/m_fold_random/01_m_fold_sampling/round_1/01_sampling/sampling_35/group_47_unrelaxed_rank_001_alphafold2_ptm_model_1_seed_042.pdb,84.35924460431654,59.5356,17.119991,6.324592,9.56321187019348,11,1
/fs/ess/PAA0203/xing244/AF_ClaSeq/results_NC_revision/ABL1/m_fold_random/01_m_fold_sampling/round_1/01_sampling/sampling_35/group_35_unrelaxed_rank_001_alphafold2_ptm_model_1_seed_042.pdb,84.47625899280575,57.2604,17.636387,6.571556,9.891005325317382,11,1
/fs/ess/PAA0203/xing244/AF_ClaSeq/results_NC_revision/ABL1/m_fold_random/01_m_fold_sampling/round_1/01_sampling/sampling_35/group_24_unrelaxed_rank_001_alphafold2_ptm_model_1_seed_042.pdb,84.05118705035973,68.9172,17.329227,6.4185257,9.691736221313477,11,1
/fs/ess/PAA0203/xing244/AF_ClaSeq/results_NC_revision/ABL1/m_fold_random/01_m_fold_sampling/round_1/01_sampling/sampling_35/group_40_unrelaxed_rank_001_alphafold2_ptm_model_1_seed_042.pdb,83.9756474820144,58.6408,17.22655,6.7148557,9.86836371421814,11,1
/fs/ess/PAA0203/xing244/AF_ClaSeq/results_NC_revision/ABL1/m_fold_random/01_m_fold_sampling/round_1/01_sampling/sampling_35/group_1_unrelaxed_rank_001_alphafold2_ptm_model_1_seed_042.pdb,81.66503597122302,49.517199999999995,15.945887,7.233848,9.847459650039672,11,1
/fs/ess/PAA0203/xing244/AF_ClaSeq/results_NC_revision/ABL1/m_fold_random/01_m_fold_sampling/round_1/01_sampling/sampling_35/group_30_unrelaxed_rank_001_alphafold2_ptm_model_1_seed_042.pdb,86.61794964028778,74.5176,17.250679,6.3655605,9.631096076965331,11,1
/fs/ess/PAA0203/xing244/AF_ClaSeq/results_NC_revision/ABL1/m_fold_random/01_m_fold_sampling/round_1/01_sampling/sampling_35/group_26_unrelaxed_rank_001_alphafold2_ptm_model_1_seed_042.pdb,85.68460431654677,68.1824,17.012358,6.342801,9.543668079376221,11,1
/fs/ess/PAA0203/xing244/AF_ClaSeq/results_NC_revision/ABL1/m_fold_random/01_m_fold_sampling/round_1/01_sampling/sampling_35/group_39_unrelaxed_rank_001_alphafold2_ptm_model_1_seed_042.pdb,84.86615107913669,62.216,17.403625,6.311763,9.639321613311768,11,1
/fs/ess/PAA0203/xing244/AF_ClaSeq/results_NC_revision/ABL1/m_fold_random/01_m_fold_sampling/round_1/01_sampling/sampling_35/group_11_unrelaxed_rank_001_alphafold2_ptm_model_1_seed_042.pdb,87.0823381294964,75.4876,17.50572,6.412231,9.74027771949768,11,1
/fs/ess/PAA0203/xing244/AF_ClaSeq/results_NC_revision/ABL1/m_fold_random/01_m_fold_sampling/round_1/01_sampling/sampling_35/group_49_unrelaxed_rank_001_alphafold2_ptm_model_1_seed_042.pdb,87.20035971223021,77.9248,17.387894,6.353487,9.663809013366699,12,1
/fs/ess/PAA0203/xing244/AF_ClaSeq/results_NC_revision/ABL1/m_fold_random/01_m_fold_sampling/round_1/01_sampling/sampling_35/group_45_unrelaxed_rank_001_alphafold2_ptm_model_1_seed_042.pdb,84.8758273381295,68.8256,16.739367,6.4348764,9.526223468780517,11,1
/fs/ess/PAA0203/xing244/AF_ClaSeq/results_NC_revision/ABL1/m_fold_random/01_m_fold_sampling/round_1/01_sampling/sampling_35/group_2_unrelaxed_rank_001_alphafold2_ptm_model_1_seed_042.pdb,83.04395683453238,59.82639999999999,17.189888,6.6483035,9.810778856277466,11,1
/fs/ess/PAA0203/xing244/AF_ClaSeq/results_NC_revision/ABL1/m_fold_random/01_m_fold_sampling/round_1/01_sampling/sampling_35/group_36_unrelaxed_rank_001_alphafold2_ptm_model_1_seed_042.pdb,84.96942446043165,70.2732,17.301716,6.30906,9.60685682296753,11,1
/fs/ess/PAA0203/xing244/AF_ClaSeq/results_NC_revision/ABL1/m_fold_random/01_m_fold_sampling/round_1/01_sampling/sampling_40/group_20_unrelaxed_rank_001_alphafold2_ptm_model_1_seed_042.pdb,85.29902877697843,66.594,17.426931,6.4904094,9.771365976333618,11,1
/fs/ess/PAA0203/xing244/AF_ClaSeq/results_NC_revision/ABL1/m_fold_random/01_m_fold_sampling/round_1/01_sampling/sampling_40/group_44_unrelaxed_rank_001_alphafold2_ptm_model_1_seed_042.pdb,82.01359712230216,51.245200000000004,16.792673,3.1495605,7.242494249343872,11,1
/fs/ess/PAA0203/xing244/AF_ClaSeq/results_NC_revision/ABL1/m_fold_random/01_m_fold_sampling/round_1/01_sampling/sampling_40/group_16_unrelaxed_rank_001_alphafold2_ptm_model_1_seed_042.pdb,84.08294964028778,63.6964,17.053514,3.8571317,7.816046547889709,11,1
/fs/ess/PAA0203/xing244/AF_ClaSeq/results_NC_revision/ABL1/m_fold_random/01_m_fold_sampling/round_1/01_sampling/sampling_40/group_8_unrelaxed_rank_001_alphafold2_ptm_model_1_seed_042.pdb,83.9071582733813,64.5952,17.469019,6.5460644,9.822950744628905,11,1
/fs/ess/PAA0203/xing244/AF_ClaSeq/results_NC_revision/ABL1/m_fold_random/01_m_fold_sampling/round_1/01_sampling/sampling_40/group_48_unrelaxed_rank_001_alphafold2_ptm_model_1_seed_042.pdb,86.86755395683453,72.03359999999999,17.160831,6.4218707,9.643558931350707,11,1
/fs/ess/PAA0203/xing244/AF_ClaSeq/results_NC_revision/ABL1/m_fold_random/01_m_fold_sampling/round_1/01_sampling/sampling_40/group_6_unrelaxed_rank_001_alphafold2_ptm_model_1_seed_042.pdb,87.92179856115109,82.744,17.28657,6.230686,9.547451210021972,11,1
/fs/ess/PAA0203/xing244/AF_ClaSeq/results_NC_revision/ABL1/m_fold_random/01_m_fold_sampling/round_1/01_sampling/sampling_40/group_19_unrelaxed_rank_001_alphafold2_ptm_model_1_seed_042.pdb,82.06460431654676,49.42280000000001,14.445571,7.552456,9.62039041519165,11,1
/fs/ess/PAA0203/xing244/AF_ClaSeq/results_NC_revision/ABL1/m_fold_random/01_m_fold_sampling/round_1/01_sampling/sampling_40/group_13_unrelaxed_rank_001_alphafold2_ptm_model_1_seed_042.pdb,86.89625899280576,73.902,17.392225,6.5510273,9.803386688232422,11,1
/fs/ess/PAA0203/xing244/AF_ClaSeq/results_NC_revision/ABL1/m_fold_random/01_m_fold_sampling/round_1/01_sampling/sampling_40/group_28_unrelaxed_rank_001_alphafold2_ptm_model_1_seed_042.pdb,86.15758992805756,66.0368,15.892626,6.232623,9.130623912811279,11,1
/fs/ess/PAA0203/xing244/AF_ClaSeq/results_NC_revision/ABL1/m_fold_random/01_m_fold_sampling/round_1/01_sampling/sampling_40/group_32_unrelaxed_rank_001_alphafold2_ptm_model_1_seed_042.pdb,82.40079136690647,52.0104,17.047398,6.392645,9.58907070159912,11,1
/fs/ess/PAA0203/xing244/AF_ClaSeq/results_NC_revision/ABL1/m_fold_random/01_m_fold_sampling/round_1/01_sampling/sampling_40/group_22_unrelaxed_rank_001_alphafold2_ptm_model_1_seed_042.pdb,82.12345323741008,52.9092,17.53121,6.244742,9.630682325363159,11,1
/fs/ess/PAA0203/xing244/AF_ClaSeq/results_NC_revision/ABL1/m_fold_random/01_m_fold_sampling/round_1/01_sampling/sampling_40/group_7_unrelaxed_rank_001_alphafold2_ptm_model_1_seed_042.pdb,82.89456834532373,69.55680000000001,17.467525,6.5574493,9.830472183227538,11,1
/fs/ess/PAA0203/xing244/AF_ClaSeq/results_NC_revision/ABL1/m_fold_random/01_m_fold_sampling/round_1/01_sampling/sampling_40/group_21_unrelaxed_rank_001_alphafold2_ptm_model_1_seed_042.pdb,82.35046762589928,56.026399999999995,17.059244,6.42493,9.615224313735961,11,1
/fs/ess/PAA0203/xing244/AF_ClaSeq/results_NC_revision/ABL1/m_fold_random/01_m_fold_sampling/round_1/01_sampling/sampling_40/group_41_unrelaxed_rank_001_alphafold2_ptm_model_1_seed_042.pdb,83.05705035971224,58.20439999999999,17.748934,6.415703,9.81567211151123,11,1
/fs/ess/PAA0203/xing244/AF_ClaSeq/results_NC_revision/ABL1/m_fold_random/01_m_fold_sampling/round_1/01_sampling/sampling_40/group_31_unrelaxed_rank_001_alphafold2_ptm_model_1_seed_042.pdb,84.88787769784172,63.76559999999999,17.022938,6.408646,9.59293360710144,11,1
/fs/ess/PAA0203/xing244/AF_ClaSeq/results_NC_revision/ABL1/m_fold_random/01_m_fold_sampling/round_1/01_sampling/sampling_40/group_46_unrelaxed_rank_001_alphafold2_ptm_model_1_seed_042.pdb,82.00924460431655,51.1884,6.5412855,7.1075025,6.937637376785278,11,1
/fs/ess/PAA0203/xing244/AF_ClaSeq/results_NC_revision/ABL1/m_fold_random/01_m_fold_sampling/round_1/01_sampling/sampling_40/group_17_unrelaxed_rank_001_alphafold2_ptm_model_1_seed_042.pdb,81.72446043165468,56.2952,17.678347,6.3096027,9.72022590637207,11,1
/fs/ess/PAA0203/xing244/AF_ClaSeq/results_NC_revision/ABL1/m_fold_random/01_m_fold_sampling/round_1/01_sampling/sampling_40/group_14_unrelaxed_rank_001_alphafold2_ptm_model_1_seed_042.pdb,84.93377697841727,70.5776,16.979286,6.2833004,9.492096138000488,11,1
/fs/ess/PAA0203/xing244/AF_ClaSeq/results_NC_revision/ABL1/m_fold_random/01_m_fold_sampling/round_1/01_sampling/sampling_40/group_4_unrelaxed_rank_001_alphafold2_ptm_model_1_seed_042.pdb,84.58359712230217,72.2572,17.363165,6.376354,9.672397422790526,11,1
/fs/ess/PAA0203/xing244/AF_ClaSeq/results_NC_revision/ABL1/m_fold_random/01_m_fold_sampling/round_1/01_sampling/sampling_40/group_12_unrelaxed_rank_001_alphafold2_ptm_model_1_seed_042.pdb,86.64953237410072,80.2436,17.458471,6.312297,9.656149196624757,11,1
/fs/ess/PAA0203/xing244/AF_ClaSeq/results_NC_revision/ABL1/m_fold_random/01_m_fold_sampling/round_1/01_sampling/sampling_40/group_38_unrelaxed_rank_001_alphafold2_ptm_model_1_seed_042.pdb,83.83712230215828,51.3916,15.645825,6.5490913,9.278111553192138,11,1
/fs/ess/PAA0203/xing244/AF_ClaSeq/results_NC_revision/ABL1/m_fold_random/01_m_fold_sampling/round_1/01_sampling/sampling_40/group_15_unrelaxed_rank_001_alphafold2_ptm_model_1_seed_042.pdb,85.77784172661872,72.1352,17.14143,6.42907,9.642777967453002,11,1
/fs/ess/PAA0203/xing244/AF_ClaSeq/results_NC_revision/ABL1/m_fold_random/01_m_fold_sampling/round_1/01_sampling/sampling_40/group_23_unrelaxed_rank_001_alphafold2_ptm_model_1_seed_042.pdb,85.70291366906474,75.42559999999999,17.34468,7.466913,10.430243492126465,11,1
/fs/ess/PAA0203/xing244/AF_ClaSeq/results_NC_revision/ABL1/m_fold_random/01_m_fold_sampling/round_1/01_sampling/sampling_40/group_5_unrelaxed_rank_001_alphafold2_ptm_model_1_seed_042.pdb,80.97428057553957,50.054399999999994,17.295776,6.315113,9.609312057495117,11,1
/fs/ess/PAA0203/xing244/AF_ClaSeq/results_NC_revision/ABL1/m_fold_random/01_m_fold_sampling/round_1/01_sampling/sampling_40/group_33_unrelaxed_rank_001_alphafold2_ptm_model_1_seed_042.pdb,83.70701438848921,60.607200000000006,17.337149,6.3697314,9.659956598281859,11,1
/fs/ess/PAA0203/xing244/AF_ClaSeq/results_NC_revision/ABL1/m_fold_random/01_m_fold_sampling/round_1/01_sampling/sampling_40/group_27_unrelaxed_rank_001_alphafold2_ptm_model_1_seed_042.pdb,84.83910071942447,66.48200000000001,17.04087,6.353954,9.560028886795042,11,1
/fs/ess/PAA0203/xing244/AF_ClaSeq/results_NC_revision/ABL1/m_fold_random/01_m_fold_sampling/round_1/01_sampling/sampling_40/group_42_unrelaxed_rank_001_alphafold2_ptm_model_1_seed_042.pdb,88.02798561151079,81.286,17.45159,6.4569993,9.755376386642455,11,1
/fs/ess/PAA0203/xing244/AF_ClaSeq/results_NC_revision/ABL1/m_fold_random/01_m_fold_sampling/round_1/01_sampling/sampling_40/group_10_unrelaxed_rank_001_alphafold2_ptm_model_1_seed_042.pdb,87.4165107913669,76.7612,17.247522,6.408686,9.660337018966674,11,1
/fs/ess/PAA0203/xing244/AF_ClaSeq/results_NC_revision/ABL1/m_fold_random/01_m_fold_sampling/round_1/01_sampling/sampling_40/group_37_unrelaxed_rank_001_alphafold2_ptm_model_1_seed_042.pdb,87.16464028776979,77.3672,17.298931,6.315848,9.610772848129272,11,1
/fs/ess/PAA0203/xing244/AF_ClaSeq/results_NC_revision/ABL1/m_fold_random/01_m_fold_sampling/round_1/01_sampling/sampling_40/group_29_unrelaxed_rank_001_alphafold2_ptm_model_1_seed_042.pdb,88.2773381294964,83.366,17.199123,6.2580175,9.540349292755126,11,1
/fs/ess/PAA0203/xing244/AF_ClaSeq/results_NC_revision/ABL1/m_fold_random/01_m_fold_sampling/round_1/01_sampling/sampling_40/group_18_unrelaxed_rank_001_alphafold2_ptm_model_1_seed_042.pdb,88.31194244604316,75.3044,17.520433,6.3126135,9.674959468841553,11,1
/fs/ess/PAA0203/xing244/AF_ClaSeq/results_NC_revision/ABL1/m_fold_random/01_m_fold_sampling/round_1/01_sampling/sampling_40/group_43_unrelaxed_rank_001_alphafold2_ptm_model_1_seed_042.pdb,84.37881294964028,60.5728,17.254902,6.3262463,9.604842948913575,11,1
/fs/ess/PAA0203/xing244/AF_ClaSeq/results_NC_revision/ABL1/m_fold_random/01_m_fold_sampling/round_1/01_sampling/sampling_40/group_25_unrelaxed_rank_001_alphafold2_ptm_model_1_seed_042.pdb,83.07312949640288,62.4016,16.938356,6.143328,9.381836652755737,11,1
/fs/ess/PAA0203/xing244/AF_ClaSeq/results_NC_revision/ABL1/m_fold_random/01_m_fold_sampling/round_1/01_sampling/sampling_40/group_3_unrelaxed_rank_001_alphafold2_ptm_model_1_seed_042.pdb,80.97625899280575,46.898,16.944698,6.024616,9.300640535354614,11,1
/fs/ess/PAA0203/xing244/AF_ClaSeq/results_NC_revision/ABL1/m_fold_random/01_m_fold_sampling/round_1/01_sampling/sampling_40/group_34_unrelaxed_rank_001_alphafold2_ptm_model_1_seed_042.pdb,83.1706834532374,57.48,18.251486,7.525054,10.742983531951904,11,1
/fs/ess/PAA0203/xing244/AF_ClaSeq/results_NC_revision/ABL1/m_fold_random/01_m_fold_sampling/round_1/01_sampling/sampling_40/group_9_unrelaxed_rank_001_alphafold2_ptm_model_1_seed_042.pdb,83.85053956834531,66.7852,16.793064,6.3888984,9.510148096084595,11,1
/fs/ess/PAA0203/xing244/AF_ClaSeq/results_NC_revision/ABL1/m_fold_random/01_m_fold_sampling/round_1/01_sampling/sampling_40/group_47_unrelaxed_rank_001_alphafold2_ptm_model_1_seed_042.pdb,80.34870503597124,54.1308,17.043072,6.4608893,9.635544061660767,11,1
/fs/ess/PAA0203/xing244/AF_ClaSeq/results_NC_revision/ABL1/m_fold_random/01_m_fold_sampling/round_1/01_sampling/sampling_40/group_35_unrelaxed_rank_001_alphafold2_ptm_model_1_seed_042.pdb,85.03539568345323,55.61119999999999,16.68654,6.568655,9.604020690917968,11,1
/fs/ess/PAA0203/xing244/AF_ClaSeq/results_NC_revision/ABL1/m_fold_random/01_m_fold_sampling/round_1/01_sampling/sampling_40/group_24_unrelaxed_rank_001_alphafold2_ptm_model_1_seed_042.pdb,83.41485611510792,60.763200000000005,17.40965,6.3188615,9.646098279953002,11,1
/fs/ess/PAA0203/xing244/AF_ClaSeq/results_NC_revision/ABL1/m_fold_random/01_m_fold_sampling/round_1/01_sampling/sampling_40/group_40_unrelaxed_rank_001_alphafold2_ptm_model_1_seed_042.pdb,86.16053956834531,75.9184,17.420666,6.3128,9.645159673690795,11,1
/fs/ess/PAA0203/xing244/AF_ClaSeq/results_NC_revision/ABL1/m_fold_random/01_m_fold_sampling/round_1/01_sampling/sampling_40/group_1_unrelaxed_rank_001_alphafold2_ptm_model_1_seed_042.pdb,85.50179856115108,63.5116,16.72255,6.452519,9.533528089523315,11,1
/fs/ess/PAA0203/xing244/AF_ClaSeq/results_NC_revision/ABL1/m_fold_random/01_m_fold_sampling/round_1/01_sampling/sampling_40/group_30_unrelaxed_rank_001_alphafold2_ptm_model_1_seed_042.pdb,86.63165467625899,68.2508,17.245531,6.356952,9.623525857925415,11,1
/fs/ess/PAA0203/xing244/AF_ClaSeq/results_NC_revision/ABL1/m_fold_random/01_m_fold_sampling/round_1/01_sampling/sampling_40/group_26_unrelaxed_rank_001_alphafold2_ptm_model_1_seed_042.pdb,83.46115107913668,63.0676,16.70585,6.3783674,9.476612377166749,11,1
/fs/ess/PAA0203/xing244/AF_ClaSeq/results_NC_revision/ABL1/m_fold_random/01_m_fold_sampling/round_1/01_sampling/sampling_40/group_39_unrelaxed_rank_001_alphafold2_ptm_model_1_seed_042.pdb,82.45636690647483,65.92119999999998,17.173666,6.031903,9.374431753158568,11,1
/fs/ess/PAA0203/xing244/AF_ClaSeq/results_NC_revision/ABL1/m_fold_random/01_m_fold_sampling/round_1/01_sampling/sampling_40/group_11_unrelaxed_rank_001_alphafold2_ptm_model_1_seed_042.pdb,84.46438848920863,73.7124,17.37639,6.5018544,9.764215230941772,11,1
/fs/ess/PAA0203/xing244/AF_ClaSeq/results_NC_revision/ABL1/m_fold_random/01_m_fold_sampling/round_1/01_sampling/sampling_40/group_49_unrelaxed_rank_001_alphafold2_ptm_model_1_seed_042.pdb,87.6481654676259,78.1096,17.579786,6.463225,9.798193311691284,12,1
/fs/ess/PAA0203/xing244/AF_ClaSeq/results_NC_revision/ABL1/m_fold_random/01_m_fold_sampling/round_1/01_sampling/sampling_40/group_45_unrelaxed_rank_001_alphafold2_ptm_model_1_seed_042.pdb,82.16032374100719,51.133199999999995,14.736342,6.9155993,9.261822271347047,11,1
/fs/ess/PAA0203/xing244/AF_ClaSeq/results_NC_revision/ABL1/m_fold_random/01_m_fold_sampling/round_1/01_sampling/sampling_40/group_2_unrelaxed_rank_001_alphafold2_ptm_model_1_seed_042.pdb,88.82377697841727,87.04039999999999,17.4099,6.3271766,9.651993799209595,11,1
/fs/ess/PAA0203/xing244/AF_ClaSeq/results_NC_revision/ABL1/m_fold_random/01_m_fold_sampling/round_1/01_sampling/sampling_40/group_36_unrelaxed_rank_001_alphafold2_ptm_model_1_seed_042.pdb,88.09712230215825,85.41120000000001,17.344221,6.4006085,9.6836923122406,11,1
/fs/ess/PAA0203/xing244/AF_ClaSeq/results_NC_revision/ABL1/m_fold_random/01_m_fold_sampling/round_1/01_sampling/sampling_4/group_20_unrelaxed_rank_001_alphafold2_ptm_model_1_seed_042.pdb,85.06974820143884,68.43279999999999,17.173916,6.4760675,9.685422039031982,11,1
/fs/ess/PAA0203/xing244/AF_ClaSeq/results_NC_revision/ABL1/m_fold_random/01_m_fold_sampling/round_1/01_sampling/sampling_4/group_44_unrelaxed_rank_001_alphafold2_ptm_model_1_seed_042.pdb,83.36737410071942,64.1932,16.787884,6.32533,9.464095973968504,11,1
/fs/ess/PAA0203/xing244/AF_ClaSeq/results_NC_revision/ABL1/m_fold_random/01_m_fold_sampling/round_1/01_sampling/sampling_4/group_16_unrelaxed_rank_001_alphafold2_ptm_model_1_seed_042.pdb,84.16068345323741,57.7368,16.918615,6.4767675,9.609321880340577,11,1
/fs/ess/PAA0203/xing244/AF_ClaSeq/results_NC_revision/ABL1/m_fold_random/01_m_fold_sampling/round_1/01_sampling/sampling_4/group_8_unrelaxed_rank_001_alphafold2_ptm_model_1_seed_042.pdb,84.61845323741008,66.0684,17.330011,6.582285,9.806602859497069,11,1
/fs/ess/PAA0203/xing244/AF_ClaSeq/results_NC_revision/ABL1/m_fold_random/01_m_fold_sampling/round_1/01_sampling/sampling_4/group_48_unrelaxed_rank_001_alphafold2_ptm_model_1_seed_042.pdb,82.54208633093525,56.4724,17.204428,6.5723476,9.76197166442871,11,1
/fs/ess/PAA0203/xing244/AF_ClaSeq/results_NC_revision/ABL1/m_fold_random/01_m_fold_sampling/round_1/01_sampling/sampling_4/group_6_unrelaxed_rank_001_alphafold2_ptm_model_1_seed_042.pdb,85.2465107913669,66.1452,17.21866,6.411941,9.653956842422485,11,1
/fs/ess/PAA0203/xing244/AF_ClaSeq/results_NC_revision/ABL1/m_fold_random/01_m_fold_sampling/round_1/01_sampling/sampling_4/group_19_unrelaxed_rank_001_alphafold2_ptm_model_1_seed_042.pdb,86.5478417266187,76.7392,17.211058,6.338237,9.600083065032958,11,1
/fs/ess/PAA0203/xing244/AF_ClaSeq/results_NC_revision/ABL1/m_fold_random/01_m_fold_sampling/round_1/01_sampling/sampling_4/group_13_unrelaxed_rank_001_alphafold2_ptm_model_1_seed_042.pdb,83.09863309352518,59.812,17.341646,6.3197865,9.626344442367554,11,1
/fs/ess/PAA0203/xing244/AF_ClaSeq/results_NC_revision/ABL1/m_fold_random/01_m_fold_sampling/round_1/01_sampling/sampling_4/group_28_unrelaxed_rank_001_alphafold2_ptm_model_1_seed_042.pdb,81.82489208633093,50.7972,16.725151,7.1525674,10.024342489242553,11,1
/fs/ess/PAA0203/xing244/AF_ClaSeq/results_NC_revision/ABL1/m_fold_random/01_m_fold_sampling/round_1/01_sampling/sampling_4/group_32_unrelaxed_rank_001_alphafold2_ptm_model_1_seed_042.pdb,85.00241007194244,68.81360000000001,17.141092,6.406153,9.626634931564329,11,1
/fs/ess/PAA0203/xing244/AF_ClaSeq/results_NC_revision/ABL1/m_fold_random/01_m_fold_sampling/round_1/01_sampling/sampling_4/group_22_unrelaxed_rank_001_alphafold2_ptm_model_1_seed_042.pdb,85.31370503597122,71.1196,17.41024,6.4157367,9.714087724685669,11,1
/fs/ess/PAA0203/xing244/AF_ClaSeq/results_NC_revision/ABL1/m_fold_random/01_m_fold_sampling/round_1/01_sampling/sampling_4/group_7_unrelaxed_rank_001_alphafold2_ptm_model_1_seed_042.pdb,82.43715827338129,51.5144,17.17627,7.6846294,10.532121467590333,11,1
/fs/ess/PAA0203/xing244/AF_ClaSeq/results_NC_revision/ABL1/m_fold_random/01_m_fold_sampling/round_1/01_sampling/sampling_4/group_21_unrelaxed_rank_001_alphafold2_ptm_model_1_seed_042.pdb,85.51071942446043,74.1656,17.11506,6.4428844,9.644537353515624,11,1
/fs/ess/PAA0203/xing244/AF_ClaSeq/results_NC_revision/ABL1/m_fold_random/01_m_fold_sampling/round_1/01_sampling/sampling_4/group_41_unrelaxed_rank_001_alphafold2_ptm_model_1_seed_042.pdb,87.48043165467625,78.6292,17.178219,6.3145022,9.573617219924927,11,1
/fs/ess/PAA0203/xing244/AF_ClaSeq/results_NC_revision/ABL1/m_fold_random/01_m_fold_sampling/round_1/01_sampling/sampling_4/group_31_unrelaxed_rank_001_alphafold2_ptm_model_1_seed_042.pdb,84.9155035971223,66.2176,17.446718,6.888362,10.055868816375732,11,1
/fs/ess/PAA0203/xing244/AF_ClaSeq/results_NC_revision/ABL1/m_fold_random/01_m_fold_sampling/round_1/01_sampling/sampling_4/group_46_unrelaxed_rank_001_alphafold2_ptm_model_1_seed_042.pdb,80.94420863309352,47.09360000000001,16.903399,6.8739686,9.882797574996946,11,1
/fs/ess/PAA0203/xing244/AF_ClaSeq/results_NC_revision/ABL1/m_fold_random/01_m_fold_sampling/round_1/01_sampling/sampling_4/group_17_unrelaxed_rank_001_alphafold2_ptm_model_1_seed_042.pdb,81.958345323741,54.2412,18.64488,6.278573,9.988465213775633,11,1
/fs/ess/PAA0203/xing244/AF_ClaSeq/results_NC_revision/ABL1/m_fold_random/01_m_fold_sampling/round_1/01_sampling/sampling_4/group_14_unrelaxed_rank_001_alphafold2_ptm_model_1_seed_042.pdb,86.45323741007195,74.1048,17.112612,6.251382,9.509750843048096,11,1
/fs/ess/PAA0203/xing244/AF_ClaSeq/results_NC_revision/ABL1/m_fold_random/01_m_fold_sampling/round_1/01_sampling/sampling_4/group_4_unrelaxed_rank_001_alphafold2_ptm_model_1_seed_042.pdb,86.08035971223022,69.7828,17.461834,6.470075,9.767602777481079,11,1
/fs/ess/PAA0203/xing244/AF_ClaSeq/results_NC_revision/ABL1/m_fold_random/01_m_fold_sampling/round_1/01_sampling/sampling_4/group_12_unrelaxed_rank_001_alphafold2_ptm_model_1_seed_042.pdb,86.41597122302159,71.8292,17.08571,6.2026057,9.46753716468811,11,1
/fs/ess/PAA0203/xing244/AF_ClaSeq/results_NC_revision/ABL1/m_fold_random/01_m_fold_sampling/round_1/01_sampling/sampling_4/group_38_unrelaxed_rank_001_alphafold2_ptm_model_1_seed_042.pdb,85.30715827338129,75.35,17.55541,6.468542,9.794602584838866,11,1
/fs/ess/PAA0203/xing244/AF_ClaSeq/results_NC_revision/ABL1/m_fold_random/01_m_fold_sampling/round_1/01_sampling/sampling_4/group_15_unrelaxed_rank_001_alphafold2_ptm_model_1_seed_042.pdb,86.28784172661871,77.56200000000001,16.983635,6.380859,9.56169171333313,11,1
/fs/ess/PAA0203/xing244/AF_ClaSeq/results_NC_revision/ABL1/m_fold_random/01_m_fold_sampling/round_1/01_sampling/sampling_4/group_23_unrelaxed_rank_001_alphafold2_ptm_model_1_seed_042.pdb,85.41143884892085,68.8392,16.580095,3.5692027,7.472470450401306,11,1
/fs/ess/PAA0203/xing244/AF_ClaSeq/results_NC_revision/ABL1/m_fold_random/01_m_fold_sampling/round_1/01_sampling/sampling_4/group_5_unrelaxed_rank_001_alphafold2_ptm_model_1_seed_042.pdb,80.99136690647482,53.46360000000001,17.211931,6.2935214,9.569044351577759,11,1
/fs/ess/PAA0203/xing244/AF_ClaSeq/results_NC_revision/ABL1/m_fold_random/01_m_fold_sampling/round_1/01_sampling/sampling_4/group_33_unrelaxed_rank_001_alphafold2_ptm_model_1_seed_042.pdb,83.32478417266188,58.487199999999994,16.810537,6.247095,9.416127777099609,11,1
/fs/ess/PAA0203/xing244/AF_ClaSeq/results_NC_revision/ABL1/m_fold_random/01_m_fold_sampling/round_1/01_sampling/sampling_4/group_27_unrelaxed_rank_001_alphafold2_ptm_model_1_seed_042.pdb,81.98125899280576,50.4124,16.277737,6.8194065,9.656905555725096,11,1
/fs/ess/PAA0203/xing244/AF_ClaSeq/results_NC_revision/ABL1/m_fold_random/01_m_fold_sampling/round_1/01_sampling/sampling_4/group_42_unrelaxed_rank_001_alphafold2_ptm_model_1_seed_042.pdb,87.80827338129495,84.7096,17.412186,6.268605,9.611679363250733,11,1
/fs/ess/PAA0203/xing244/AF_ClaSeq/results_NC_revision/ABL1/m_fold_random/01_m_fold_sampling/round_1/01_sampling/sampling_4/group_10_unrelaxed_rank_001_alphafold2_ptm_model_1_seed_042.pdb,82.06320143884892,62.4084,17.331047,5.039648,8.727067756652833,11,1
/fs/ess/PAA0203/xing244/AF_ClaSeq/results_NC_revision/ABL1/m_fold_random/01_m_fold_sampling/round_1/01_sampling/sampling_4/group_37_unrelaxed_rank_001_alphafold2_ptm_model_1_seed_042.pdb,81.68640287769784,53.136,17.079512,7.0929937,10.088949108123778,11,1
/fs/ess/PAA0203/xing244/AF_ClaSeq/results_NC_revision/ABL1/m_fold_random/01_m_fold_sampling/round_1/01_sampling/sampling_4/group_29_unrelaxed_rank_001_alphafold2_ptm_model_1_seed_042.pdb,84.38302158273382,64.978,17.144447,3.3293765,7.473897719383239,11,1
/fs/ess/PAA0203/xing244/AF_ClaSeq/results_NC_revision/ABL1/m_fold_random/01_m_fold_sampling/round_1/01_sampling/sampling_4/group_18_unrelaxed_rank_001_alphafold2_ptm_model_1_seed_042.pdb,84.31345323741007,65.48599999999999,16.38174,3.1211321,7.099314665794372,11,1
/fs/ess/PAA0203/xing244/AF_ClaSeq/results_NC_revision/ABL1/m_fold_random/01_m_fold_sampling/round_1/01_sampling/sampling_4/group_43_unrelaxed_rank_001_alphafold2_ptm_model_1_seed_042.pdb,82.70920863309354,48.152800000000006,16.567415,7.2996583,10.07998538017273,11,1
/fs/ess/PAA0203/xing244/AF_ClaSeq/results_NC_revision/ABL1/m_fold_random/01_m_fold_sampling/round_1/01_sampling/sampling_4/group_25_unrelaxed_rank_001_alphafold2_ptm_model_1_seed_042.pdb,85.23151079136692,66.93440000000001,17.431417,6.370827,9.689004278182983,11,1
/fs/ess/PAA0203/xing244/AF_ClaSeq/results_NC_revision/ABL1/m_fold_random/01_m_fold_sampling/round_1/01_sampling/sampling_4/group_3_unrelaxed_rank_001_alphafold2_ptm_model_1_seed_042.pdb,87.48438848920864,82.4552,17.123787,6.2287087,9.49723219871521,11,1
/fs/ess/PAA0203/xing244/AF_ClaSeq/results_NC_revision/ABL1/m_fold_random/01_m_fold_sampling/round_1/01_sampling/sampling_4/group_34_unrelaxed_rank_001_alphafold2_ptm_model_1_seed_042.pdb,85.75780575539568,62.912,17.34929,6.467876,9.732300424575804,11,1
/fs/ess/PAA0203/xing244/AF_ClaSeq/results_NC_revision/ABL1/m_fold_random/01_m_fold_sampling/round_1/01_sampling/sampling_4/group_9_unrelaxed_rank_001_alphafold2_ptm_model_1_seed_042.pdb,84.82953237410072,71.48039999999999,17.6959,6.4672613,9.835852909088135,11,1
/fs/ess/PAA0203/xing244/AF_ClaSeq/results_NC_revision/ABL1/m_fold_random/01_m_fold_sampling/round_1/01_sampling/sampling_4/group_47_unrelaxed_rank_001_alphafold2_ptm_model_1_seed_042.pdb,81.83179856115107,50.744400000000006,17.019493,3.9516757,7.872020888328551,11,1
/fs/ess/PAA0203/xing244/AF_ClaSeq/results_NC_revision/ABL1/m_fold_random/01_m_fold_sampling/round_1/01_sampling/sampling_4/group_35_unrelaxed_rank_001_alphafold2_ptm_model_1_seed_042.pdb,84.68046762589928,66.3372,17.476757,6.275748,9.636050558090208,11,1
/fs/ess/PAA0203/xing244/AF_ClaSeq/results_NC_revision/ABL1/m_fold_random/01_m_fold_sampling/round_1/01_sampling/sampling_4/group_24_unrelaxed_rank_001_alphafold2_ptm_model_1_seed_042.pdb,85.51687050359712,66.61880000000001,16.48072,4.2768154,7.937986946105957,11,1
/fs/ess/PAA0203/xing244/AF_ClaSeq/results_NC_revision/ABL1/m_fold_random/01_m_fold_sampling/round_1/01_sampling/sampling_4/group_40_unrelaxed_rank_001_alphafold2_ptm_model_1_seed_042.pdb,81.1589928057554,56.7992,16.610779,3.1190326,7.166556477546692,11,1
/fs/ess/PAA0203/xing244/AF_ClaSeq/results_NC_revision/ABL1/m_fold_random/01_m_fold_sampling/round_1/01_sampling/sampling_4/group_1_unrelaxed_rank_001_alphafold2_ptm_model_1_seed_042.pdb,82.80363309352516,62.237199999999994,17.518656,6.4976115,9.803924798965454,11,1
/fs/ess/PAA0203/xing244/AF_ClaSeq/results_NC_revision/ABL1/m_fold_random/01_m_fold_sampling/round_1/01_sampling/sampling_4/group_30_unrelaxed_rank_001_alphafold2_ptm_model_1_seed_042.pdb,86.43989208633094,76.5916,17.4178,6.3375382,9.661617040634155,11,1
/fs/ess/PAA0203/xing244/AF_ClaSeq/results_NC_revision/ABL1/m_fold_random/01_m_fold_sampling/round_1/01_sampling/sampling_4/group_26_unrelaxed_rank_001_alphafold2_ptm_model_1_seed_042.pdb,81.21651079136691,56.0104,16.238245,7.19849,9.910416603088379,11,1
/fs/ess/PAA0203/xing244/AF_ClaSeq/results_NC_revision/ABL1/m_fold_random/01_m_fold_sampling/round_1/01_sampling/sampling_4/group_39_unrelaxed_rank_001_alphafold2_ptm_model_1_seed_042.pdb,82.70223021582734,66.3284,17.022995,6.4431357,9.617093515396117,11,1
/fs/ess/PAA0203/xing244/AF_ClaSeq/results_NC_revision/ABL1/m_fold_random/01_m_fold_sampling/round_1/01_sampling/sampling_4/group_11_unrelaxed_rank_001_alphafold2_ptm_model_1_seed_042.pdb,87.47708633093524,83.4716,17.462484,6.3998203,9.718619537353515,11,1
/fs/ess/PAA0203/xing244/AF_ClaSeq/results_NC_revision/ABL1/m_fold_random/01_m_fold_sampling/round_1/01_sampling/sampling_4/group_49_unrelaxed_rank_001_alphafold2_ptm_model_1_seed_042.pdb,84.88769784172663,77.5316,16.97734,3.8354697,7.778031015396118,12,1
/fs/ess/PAA0203/xing244/AF_ClaSeq/results_NC_revision/ABL1/m_fold_random/01_m_fold_sampling/round_1/01_sampling/sampling_4/group_45_unrelaxed_rank_001_alphafold2_ptm_model_1_seed_042.pdb,87.435,70.90719999999999,17.201666,6.366671,9.617169523239134,11,1
/fs/ess/PAA0203/xing244/AF_ClaSeq/results_NC_revision/ABL1/m_fold_random/01_m_fold_sampling/round_1/01_sampling/sampling_4/group_2_unrelaxed_rank_001_alphafold2_ptm_model_1_seed_042.pdb,85.39607913669063,70.73479999999999,17.141817,6.4260864,9.640805625915526,11,1
/fs/ess/PAA0203/xing244/AF_ClaSeq/results_NC_revision/ABL1/m_fold_random/01_m_fold_sampling/round_1/01_sampling/sampling_4/group_36_unrelaxed_rank_001_alphafold2_ptm_model_1_seed_042.pdb,83.08971223021584,57.8568,13.854891,8.266179,9.942792606353759,11,1
/fs/ess/PAA0203/xing244/AF_ClaSeq/results_NC_revision/ABL1/m_fold_random/01_m_fold_sampling/round_1/01_sampling/sampling_29/group_20_unrelaxed_rank_001_alphafold2_ptm_model_1_seed_042.pdb,74.89064748201439,55.802,18.158974,7.582693,10.755577278137206,11,1
/fs/ess/PAA0203/xing244/AF_ClaSeq/results_NC_revision/ABL1/m_fold_random/01_m_fold_sampling/round_1/01_sampling/sampling_29/group_44_unrelaxed_rank_001_alphafold2_ptm_model_1_seed_042.pdb,84.57453237410073,69.5188,17.574972,4.6246734,8.50976300239563,11,1
/fs/ess/PAA0203/xing244/AF_ClaSeq/results_NC_revision/ABL1/m_fold_random/01_m_fold_sampling/round_1/01_sampling/sampling_29/group_16_unrelaxed_rank_001_alphafold2_ptm_model_1_seed_042.pdb,82.69097122302156,53.063599999999994,17.260515,6.5346584,9.752415466308593,11,1
/fs/ess/PAA0203/xing244/AF_ClaSeq/results_NC_revision/ABL1/m_fold_random/01_m_fold_sampling/round_1/01_sampling/sampling_29/group_8_unrelaxed_rank_001_alphafold2_ptm_model_1_seed_042.pdb,81.26946043165468,45.27440000000001,15.929684,3.6556597,7.337866878509521,11,1
/fs/ess/PAA0203/xing244/AF_ClaSeq/results_NC_revision/ABL1/m_fold_random/01_m_fold_sampling/round_1/01_sampling/sampling_29/group_48_unrelaxed_rank_001_alphafold2_ptm_model_1_seed_042.pdb,82.55320143884893,54.1668,17.097525,6.3950644,9.60580244064331,11,1
/fs/ess/PAA0203/xing244/AF_ClaSeq/results_NC_revision/ABL1/m_fold_random/01_m_fold_sampling/round_1/01_sampling/sampling_29/group_6_unrelaxed_rank_001_alphafold2_ptm_model_1_seed_042.pdb,85.77676258992805,75.78439999999999,17.338272,6.4143443,9.691522645950318,11,1
/fs/ess/PAA0203/xing244/AF_ClaSeq/results_NC_revision/ABL1/m_fold_random/01_m_fold_sampling/round_1/01_sampling/sampling_29/group_19_unrelaxed_rank_001_alphafold2_ptm_model_1_seed_042.pdb,84.13823741007194,59.0112,17.120937,6.4897556,9.679110145568847,11,1
/fs/ess/PAA0203/xing244/AF_ClaSeq/results_NC_revision/ABL1/m_fold_random/01_m_fold_sampling/round_1/01_sampling/sampling_29/group_13_unrelaxed_rank_001_alphafold2_ptm_model_1_seed_042.pdb,86.81305755395682,75.9624,17.27854,6.418554,9.676549577713011,11,1
/fs/ess/PAA0203/xing244/AF_ClaSeq/results_NC_revision/ABL1/m_fold_random/01_m_fold_sampling/round_1/01_sampling/sampling_29/group_28_unrelaxed_rank_001_alphafold2_ptm_model_1_seed_042.pdb,81.5068345323741,55.2548,17.288355,7.209936,10.233461761474608,11,1
/fs/ess/PAA0203/xing244/AF_ClaSeq/results_NC_revision/ABL1/m_fold_random/01_m_fold_sampling/round_1/01_sampling/sampling_29/group_32_unrelaxed_rank_001_alphafold2_ptm_model_1_seed_042.pdb,82.62830935251799,53.364000000000004,18.113682,6.242544,9.803885459899902,11,1
/fs/ess/PAA0203/xing244/AF_ClaSeq/results_NC_revision/ABL1/m_fold_random/01_m_fold_sampling/round_1/01_sampling/sampling_29/group_22_unrelaxed_rank_001_alphafold2_ptm_model_1_seed_042.pdb,83.32902877697842,59.1392,17.79739,4.658875,8.600429487228393,11,1
/fs/ess/PAA0203/xing244/AF_ClaSeq/results_NC_revision/ABL1/m_fold_random/01_m_fold_sampling/round_1/01_sampling/sampling_29/group_7_unrelaxed_rank_001_alphafold2_ptm_model_1_seed_042.pdb,84.96982014388489,67.78479999999999,16.840847,6.349123,9.4966402053833,11,1
/fs/ess/PAA0203/xing244/AF_ClaSeq/results_NC_revision/ABL1/m_fold_random/01_m_fold_sampling/round_1/01_sampling/sampling_29/group_21_unrelaxed_rank_001_alphafold2_ptm_model_1_seed_042.pdb,80.66938848920861,47.078,17.403223,6.340779,9.659512090682982,11,1
/fs/ess/PAA0203/xing244/AF_ClaSeq/results_NC_revision/ABL1/m_fold_random/01_m_fold_sampling/round_1/01_sampling/sampling_29/group_41_unrelaxed_rank_001_alphafold2_ptm_model_1_seed_042.pdb,80.17071942446043,59.5884,17.378107,6.202836,9.555417346954346,11,1
/fs/ess/PAA0203/xing244/AF_ClaSeq/results_NC_revision/ABL1/m_fold_random/01_m_fold_sampling/round_1/01_sampling/sampling_29/group_31_unrelaxed_rank_001_alphafold2_ptm_model_1_seed_042.pdb,85.87694244604317,76.4216,17.25733,6.4139023,9.666930580139159,11,1
/fs/ess/PAA0203/xing244/AF_ClaSeq/results_NC_revision/ABL1/m_fold_random/01_m_fold_sampling/round_1/01_sampling/sampling_29/group_46_unrelaxed_rank_001_alphafold2_ptm_model_1_seed_042.pdb,82.33816546762591,51.8172,17.131695,6.699671,9.829277992248535,11,1
/fs/ess/PAA0203/xing244/AF_ClaSeq/results_NC_revision/ABL1/m_fold_random/01_m_fold_sampling/round_1/01_sampling/sampling_29/group_17_unrelaxed_rank_001_alphafold2_ptm_model_1_seed_042.pdb,84.40500000000002,67.5736,17.172209,6.4967384,9.699379539489746,11,1
/fs/ess/PAA0203/xing244/AF_ClaSeq/results_NC_revision/ABL1/m_fold_random/01_m_fold_sampling/round_1/01_sampling/sampling_29/group_14_unrelaxed_rank_001_alphafold2_ptm_model_1_seed_042.pdb,85.32413669064748,75.334,17.394932,6.281976,9.615862894058226,11,1
/fs/ess/PAA0203/xing244/AF_ClaSeq/results_NC_revision/ABL1/m_fold_random/01_m_fold_sampling/round_1/01_sampling/sampling_29/group_4_unrelaxed_rank_001_alphafold2_ptm_model_1_seed_042.pdb,82.21241007194244,58.436800000000005,16.785078,5.5729756,8.93660635948181,11,1
/fs/ess/PAA0203/xing244/AF_ClaSeq/results_NC_revision/ABL1/m_fold_random/01_m_fold_sampling/round_1/01_sampling/sampling_29/group_12_unrelaxed_rank_001_alphafold2_ptm_model_1_seed_042.pdb,82.01866906474821,59.924800000000005,17.02632,5.9415865,9.267006397247314,11,1
/fs/ess/PAA0203/xing244/AF_ClaSeq/results_NC_revision/ABL1/m_fold_random/01_m_fold_sampling/round_1/01_sampling/sampling_29/group_38_unrelaxed_rank_001_alphafold2_ptm_model_1_seed_042.pdb,87.08758992805757,76.0856,17.649092,6.4158134,9.785796928405762,11,1
/fs/ess/PAA0203/xing244/AF_ClaSeq/results_NC_revision/ABL1/m_fold_random/01_m_fold_sampling/round_1/01_sampling/sampling_29/group_15_unrelaxed_rank_001_alphafold2_ptm_model_1_seed_042.pdb,83.38845323741008,59.602399999999996,16.64835,6.4364376,9.500011253356934,11,1
/fs/ess/PAA0203/xing244/AF_ClaSeq/results_NC_revision/ABL1/m_fold_random/01_m_fold_sampling/round_1/01_sampling/sampling_29/group_23_unrelaxed_rank_001_alphafold2_ptm_model_1_seed_042.pdb,80.96107913669064,50.2904,17.770601,3.7109463,7.9288428068161005,11,1
/fs/ess/PAA0203/xing244/AF_ClaSeq/results_NC_revision/ABL1/m_fold_random/01_m_fold_sampling/round_1/01_sampling/sampling_29/group_5_unrelaxed_rank_001_alphafold2_ptm_model_1_seed_042.pdb,86.26953237410072,76.61120000000001,17.226814,6.4476943,9.681430292129516,11,1
/fs/ess/PAA0203/xing244/AF_ClaSeq/results_NC_revision/ABL1/m_fold_random/01_m_fold_sampling/round_1/01_sampling/sampling_29/group_33_unrelaxed_rank_001_alphafold2_ptm_model_1_seed_042.pdb,85.91028776978416,70.9748,17.092463,6.4106827,9.615216636657713,11,1
/fs/ess/PAA0203/xing244/AF_ClaSeq/results_NC_revision/ABL1/m_fold_random/01_m_fold_sampling/round_1/01_sampling/sampling_29/group_27_unrelaxed_rank_001_alphafold2_ptm_model_1_seed_042.pdb,84.94312949640289,57.556000000000004,17.254381,6.4260273,9.674533462524414,11,1
/fs/ess/PAA0203/xing244/AF_ClaSeq/results_NC_revision/ABL1/m_fold_random/01_m_fold_sampling/round_1/01_sampling/sampling_29/group_42_unrelaxed_rank_001_alphafold2_ptm_model_1_seed_042.pdb,87.06928057553958,74.7,17.500433,6.4842577,9.789110279083252,11,1
/fs/ess/PAA0203/xing244/AF_ClaSeq/results_NC_revision/ABL1/m_fold_random/01_m_fold_sampling/round_1/01_sampling/sampling_29/group_10_unrelaxed_rank_001_alphafold2_ptm_model_1_seed_042.pdb,84.67327338129498,61.59880000000001,17.241972,6.854324,9.970618295669555,11,1
/fs/ess/PAA0203/xing244/AF_ClaSeq/results_NC_revision/ABL1/m_fold_random/01_m_fold_sampling/round_1/01_sampling/sampling_29/group_37_unrelaxed_rank_001_alphafold2_ptm_model_1_seed_042.pdb,87.66442446043165,87.6584,17.267672,6.4057236,9.664307975769042,11,1
/fs/ess/PAA0203/xing244/AF_ClaSeq/results_NC_revision/ABL1/m_fold_random/01_m_fold_sampling/round_1/01_sampling/sampling_29/group_29_unrelaxed_rank_001_alphafold2_ptm_model_1_seed_042.pdb,85.6168345323741,68.5844,17.718132,6.539898,9.89336814880371,11,1
/fs/ess/PAA0203/xing244/AF_ClaSeq/results_NC_revision/ABL1/m_fold_random/01_m_fold_sampling/round_1/01_sampling/sampling_29/group_18_unrelaxed_rank_001_alphafold2_ptm_model_1_seed_042.pdb,83.15503597122303,49.736000000000004,17.01772,7.081999,10.062714958190917,11,1
/fs/ess/PAA0203/xing244/AF_ClaSeq/results_NC_revision/ABL1/m_fold_random/01_m_fold_sampling/round_1/01_sampling/sampling_29/group_43_unrelaxed_rank_001_alphafold2_ptm_model_1_seed_042.pdb,87.48845323741007,84.096,17.278667,6.3852673,9.653287315368651,11,1
/fs/ess/PAA0203/xing244/AF_ClaSeq/results_NC_revision/ABL1/m_fold_random/01_m_fold_sampling/round_1/01_sampling/sampling_29/group_25_unrelaxed_rank_001_alphafold2_ptm_model_1_seed_042.pdb,83.71751798561151,57.39720000000001,17.121096,6.569733,9.735141897201537,11,1
/fs/ess/PAA0203/xing244/AF_ClaSeq/results_NC_revision/ABL1/m_fold_random/01_m_fold_sampling/round_1/01_sampling/sampling_29/group_3_unrelaxed_rank_001_alphafold2_ptm_model_1_seed_042.pdb,88.59046762589928,82.068,17.40842,6.395025,9.69904351234436,11,1
/fs/ess/PAA0203/xing244/AF_ClaSeq/results_NC_revision/ABL1/m_fold_random/01_m_fold_sampling/round_1/01_sampling/sampling_29/group_34_unrelaxed_rank_001_alphafold2_ptm_model_1_seed_042.pdb,84.26640287769783,62.396,17.390724,6.429154,9.717624998092651,11,1
/fs/ess/PAA0203/xing244/AF_ClaSeq/results_NC_revision/ABL1/m_fold_random/01_m_fold_sampling/round_1/01_sampling/sampling_29/group_9_unrelaxed_rank_001_alphafold2_ptm_model_1_seed_042.pdb,84.68974820143885,67.88600000000001,16.828932,7.0857973,10.008737659454345,11,1
/fs/ess/PAA0203/xing244/AF_ClaSeq/results_NC_revision/ABL1/m_fold_random/01_m_fold_sampling/round_1/01_sampling/sampling_29/group_47_unrelaxed_rank_001_alphafold2_ptm_model_1_seed_042.pdb,85.16359712230216,67.5456,17.000893,6.323087,9.526428842544554,11,1
/fs/ess/PAA0203/xing244/AF_ClaSeq/results_NC_revision/ABL1/m_fold_random/01_m_fold_sampling/round_1/01_sampling/sampling_29/group_35_unrelaxed_rank_001_alphafold2_ptm_model_1_seed_042.pdb,85.59532374100719,69.4284,17.359686,6.470083,9.73696403503418,11,1
/fs/ess/PAA0203/xing244/AF_ClaSeq/results_NC_revision/ABL1/m_fold_random/01_m_fold_sampling/round_1/01_sampling/sampling_29/group_24_unrelaxed_rank_001_alphafold2_ptm_model_1_seed_042.pdb,87.54654676258993,77.9228,17.25002,6.439298,9.682514429092407,11,1
/fs/ess/PAA0203/xing244/AF_ClaSeq/results_NC_revision/ABL1/m_fold_random/01_m_fold_sampling/round_1/01_sampling/sampling_29/group_40_unrelaxed_rank_001_alphafold2_ptm_model_1_seed_042.pdb,85.50489208633094,65.2612,17.155003,6.3524137,9.593190336227416,11,1
/fs/ess/PAA0203/xing244/AF_ClaSeq/results_NC_revision/ABL1/m_fold_random/01_m_fold_sampling/round_1/01_sampling/sampling_29/group_1_unrelaxed_rank_001_alphafold2_ptm_model_1_seed_042.pdb,87.49525179856116,85.2708,17.377815,6.51271,9.772241640090943,11,1
/fs/ess/PAA0203/xing244/AF_ClaSeq/results_NC_revision/ABL1/m_fold_random/01_m_fold_sampling/round_1/01_sampling/sampling_29/group_30_unrelaxed_rank_001_alphafold2_ptm_model_1_seed_042.pdb,83.56169064748202,58.239200000000004,17.234869,6.4254727,9.66829161643982,11,1
/fs/ess/PAA0203/xing244/AF_ClaSeq/results_NC_revision/ABL1/m_fold_random/01_m_fold_sampling/round_1/01_sampling/sampling_29/group_26_unrelaxed_rank_001_alphafold2_ptm_model_1_seed_042.pdb,83.46255395683454,60.668,16.615454,7.0594687,9.926264238357543,11,1
/fs/ess/PAA0203/xing244/AF_ClaSeq/results_NC_revision/ABL1/m_fold_random/01_m_fold_sampling/round_1/01_sampling/sampling_29/group_39_unrelaxed_rank_001_alphafold2_ptm_model_1_seed_042.pdb,84.60446043165467,73.86880000000001,17.256544,6.14567,9.478932189941405,11,1
/fs/ess/PAA0203/xing244/AF_ClaSeq/results_NC_revision/ABL1/m_fold_random/01_m_fold_sampling/round_1/01_sampling/sampling_29/group_11_unrelaxed_rank_001_alphafold2_ptm_model_1_seed_042.pdb,88.5544964028777,86.7344,17.08671,6.1542735,9.434004449844359,11,1
/fs/ess/PAA0203/xing244/AF_ClaSeq/results_NC_revision/ABL1/m_fold_random/01_m_fold_sampling/round_1/01_sampling/sampling_29/group_49_unrelaxed_rank_001_alphafold2_ptm_model_1_seed_042.pdb,81.79697841726619,61.5924,17.482439,6.2809477,9.641395092010498,12,1
/fs/ess/PAA0203/xing244/AF_ClaSeq/results_NC_revision/ABL1/m_fold_random/01_m_fold_sampling/round_1/01_sampling/sampling_29/group_45_unrelaxed_rank_001_alphafold2_ptm_model_1_seed_042.pdb,82.49827338129495,59.1572,17.24728,6.3115206,9.592248439788818,11,1
/fs/ess/PAA0203/xing244/AF_ClaSeq/results_NC_revision/ABL1/m_fold_random/01_m_fold_sampling/round_1/01_sampling/sampling_29/group_2_unrelaxed_rank_001_alphafold2_ptm_model_1_seed_042.pdb,81.0446762589928,50.3996,18.18983,6.9518323,10.323231840133666,11,1
/fs/ess/PAA0203/xing244/AF_ClaSeq/results_NC_revision/ABL1/m_fold_random/01_m_fold_sampling/round_1/01_sampling/sampling_29/group_36_unrelaxed_rank_001_alphafold2_ptm_model_1_seed_042.pdb,89.0610071942446,81.63680000000001,17.557564,6.3412766,9.706162786483764,11,1
/fs/ess/PAA0203/xing244/AF_ClaSeq/results_NC_revision/ABL1/m_fold_random/01_m_fold_sampling/round_1/01_sampling/sampling_12/group_20_unrelaxed_rank_001_alphafold2_ptm_model_1_seed_042.pdb,84.36086330935251,63.5408,17.374126,6.485956,9.752407264709472,11,1
/fs/ess/PAA0203/xing244/AF_ClaSeq/results_NC_revision/ABL1/m_fold_random/01_m_fold_sampling/round_1/01_sampling/sampling_12/group_44_unrelaxed_rank_001_alphafold2_ptm_model_1_seed_042.pdb,85.16888489208634,64.978,17.361412,6.5520926,9.794888401031493,11,1
/fs/ess/PAA0203/xing244/AF_ClaSeq/results_NC_revision/ABL1/m_fold_random/01_m_fold_sampling/round_1/01_sampling/sampling_12/group_16_unrelaxed_rank_001_alphafold2_ptm_model_1_seed_042.pdb,87.12097122302158,74.066,17.45626,6.2894945,9.639524364471434,11,1
/fs/ess/PAA0203/xing244/AF_ClaSeq/results_NC_revision/ABL1/m_fold_random/01_m_fold_sampling/round_1/01_sampling/sampling_12/group_8_unrelaxed_rank_001_alphafold2_ptm_model_1_seed_042.pdb,85.53593525179855,77.524,17.304373,6.2915516,9.59539794921875,11,1
/fs/ess/PAA0203/xing244/AF_ClaSeq/results_NC_revision/ABL1/m_fold_random/01_m_fold_sampling/round_1/01_sampling/sampling_12/group_48_unrelaxed_rank_001_alphafold2_ptm_model_1_seed_042.pdb,78.07237410071941,60.2276,17.304756,6.4103208,9.67865138053894,11,1
/fs/ess/PAA0203/xing244/AF_ClaSeq/results_NC_revision/ABL1/m_fold_random/01_m_fold_sampling/round_1/01_sampling/sampling_12/group_6_unrelaxed_rank_001_alphafold2_ptm_model_1_seed_042.pdb,84.05755395683454,67.1576,17.092701,6.408208,9.613555812835692,11,1
/fs/ess/PAA0203/xing244/AF_ClaSeq/results_NC_revision/ABL1/m_fold_random/01_m_fold_sampling/round_1/01_sampling/sampling_12/group_19_unrelaxed_rank_001_alphafold2_ptm_model_1_seed_042.pdb,86.38622302158274,73.9616,17.446299,6.5268373,9.802675724029541,11,1
/fs/ess/PAA0203/xing244/AF_ClaSeq/results_NC_revision/ABL1/m_fold_random/01_m_fold_sampling/round_1/01_sampling/sampling_12/group_13_unrelaxed_rank_001_alphafold2_ptm_model_1_seed_042.pdb,86.24057553956834,68.8968,17.14454,6.522231,9.70892400741577,11,1
/fs/ess/PAA0203/xing244/AF_ClaSeq/results_NC_revision/ABL1/m_fold_random/01_m_fold_sampling/round_1/01_sampling/sampling_12/group_28_unrelaxed_rank_001_alphafold2_ptm_model_1_seed_042.pdb,89.82384892086331,83.53519999999999,17.459208,6.41815,9.730467224121092,11,1
/fs/ess/PAA0203/xing244/AF_ClaSeq/results_NC_revision/ABL1/m_fold_random/01_m_fold_sampling/round_1/01_sampling/sampling_12/group_32_unrelaxed_rank_001_alphafold2_ptm_model_1_seed_042.pdb,85.3989928057554,71.26,17.228855,6.2843313,9.567688465118408,11,1
/fs/ess/PAA0203/xing244/AF_ClaSeq/results_NC_revision/ABL1/m_fold_random/01_m_fold_sampling/round_1/01_sampling/sampling_12/group_22_unrelaxed_rank_001_alphafold2_ptm_model_1_seed_042.pdb,82.64244604316546,57.0584,17.649559,4.4923053,8.439481401443482,11,1
/fs/ess/PAA0203/xing244/AF_ClaSeq/results_NC_revision/ABL1/m_fold_random/01_m_fold_sampling/round_1/01_sampling/sampling_12/group_7_unrelaxed_rank_001_alphafold2_ptm_model_1_seed_042.pdb,89.33928057553956,86.8884,17.35128,6.399245,9.684855413436889,11,1
/fs/ess/PAA0203/xing244/AF_ClaSeq/results_NC_revision/ABL1/m_fold_random/01_m_fold_sampling/round_1/01_sampling/sampling_12/group_21_unrelaxed_rank_001_alphafold2_ptm_model_1_seed_042.pdb,82.61258992805756,59.472,17.18064,6.3346615,9.588454818725586,11,1
/fs/ess/PAA0203/xing244/AF_ClaSeq/results_NC_revision/ABL1/m_fold_random/01_m_fold_sampling/round_1/01_sampling/sampling_12/group_41_unrelaxed_rank_001_alphafold2_ptm_model_1_seed_042.pdb,81.3040287769784,64.434,17.030155,3.301185,7.419875979423523,11,1
/fs/ess/PAA0203/xing244/AF_ClaSeq/results_NC_revision/ABL1/m_fold_random/01_m_fold_sampling/round_1/01_sampling/sampling_12/group_31_unrelaxed_rank_001_alphafold2_ptm_model_1_seed_042.pdb,82.23830935251799,49.9752,15.027366,7.1272216,9.49726481437683,11,1
/fs/ess/PAA0203/xing244/AF_ClaSeq/results_NC_revision/ABL1/m_fold_random/01_m_fold_sampling/round_1/01_sampling/sampling_12/group_46_unrelaxed_rank_001_alphafold2_ptm_model_1_seed_042.pdb,84.53356115107914,57.006400000000006,18.129173,6.530765,10.010287523269653,11,1
/fs/ess/PAA0203/xing244/AF_ClaSeq/results_NC_revision/ABL1/m_fold_random/01_m_fold_sampling/round_1/01_sampling/sampling_12/group_17_unrelaxed_rank_001_alphafold2_ptm_model_1_seed_042.pdb,83.8223381294964,63.702,17.350983,6.453737,9.722910547256468,11,1
/fs/ess/PAA0203/xing244/AF_ClaSeq/results_NC_revision/ABL1/m_fold_random/01_m_fold_sampling/round_1/01_sampling/sampling_12/group_14_unrelaxed_rank_001_alphafold2_ptm_model_1_seed_042.pdb,84.23330935251799,65.17360000000001,17.190859,6.812726,9.926165866851806,11,1
/fs/ess/PAA0203/xing244/AF_ClaSeq/results_NC_revision/ABL1/m_fold_random/01_m_fold_sampling/round_1/01_sampling/sampling_12/group_4_unrelaxed_rank_001_alphafold2_ptm_model_1_seed_042.pdb,82.1451798561151,51.692,14.6813135,7.6805744,9.78079614639282,11,1
/fs/ess/PAA0203/xing244/AF_ClaSeq/results_NC_revision/ABL1/m_fold_random/01_m_fold_sampling/round_1/01_sampling/sampling_12/group_12_unrelaxed_rank_001_alphafold2_ptm_model_1_seed_042.pdb,82.06190647482015,52.857200000000006,17.111027,6.8565865,9.932918548583984,11,1
/fs/ess/PAA0203/xing244/AF_ClaSeq/results_NC_revision/ABL1/m_fold_random/01_m_fold_sampling/round_1/01_sampling/sampling_12/group_38_unrelaxed_rank_001_alphafold2_ptm_model_1_seed_042.pdb,83.86856115107913,59.1484,16.983353,6.5951643,9.711620807647705,11,1
/fs/ess/PAA0203/xing244/AF_ClaSeq/results_NC_revision/ABL1/m_fold_random/01_m_fold_sampling/round_1/01_sampling/sampling_12/group_15_unrelaxed_rank_001_alphafold2_ptm_model_1_seed_042.pdb,84.14165467625898,59.9184,17.23407,6.549126,9.754609251022337,11,1
/fs/ess/PAA0203/xing244/AF_ClaSeq/results_NC_revision/ABL1/m_fold_random/01_m_fold_sampling/round_1/01_sampling/sampling_12/group_23_unrelaxed_rank_001_alphafold2_ptm_model_1_seed_042.pdb,83.5525179856115,52.78360000000001,17.343676,6.652302,9.85971393585205,11,1
/fs/ess/PAA0203/xing244/AF_ClaSeq/results_NC_revision/ABL1/m_fold_random/01_m_fold_sampling/round_1/01_sampling/sampling_12/group_5_unrelaxed_rank_001_alphafold2_ptm_model_1_seed_042.pdb,81.79413669064748,56.04160000000001,16.80196,6.267884,9.428106641769409,11,1
/fs/ess/PAA0203/xing244/AF_ClaSeq/results_NC_revision/ABL1/m_fold_random/01_m_fold_sampling/round_1/01_sampling/sampling_12/group_33_unrelaxed_rank_001_alphafold2_ptm_model_1_seed_042.pdb,86.83172661870503,85.39240000000001,17.410507,6.396505,9.700705575942994,11,1
/fs/ess/PAA0203/xing244/AF_ClaSeq/results_NC_revision/ABL1/m_fold_random/01_m_fold_sampling/round_1/01_sampling/sampling_12/group_27_unrelaxed_rank_001_alphafold2_ptm_model_1_seed_042.pdb,82.9769784172662,59.38919999999999,17.29385,6.458307,9.708969736099242,11,1
/fs/ess/PAA0203/xing244/AF_ClaSeq/results_NC_revision/ABL1/m_fold_random/01_m_fold_sampling/round_1/01_sampling/sampling_12/group_42_unrelaxed_rank_001_alphafold2_ptm_model_1_seed_042.pdb,84.3931654676259,66.876,17.031631,6.3672276,9.56654872894287,11,1
/fs/ess/PAA0203/xing244/AF_ClaSeq/results_NC_revision/ABL1/m_fold_random/01_m_fold_sampling/round_1/01_sampling/sampling_12/group_10_unrelaxed_rank_001_alphafold2_ptm_model_1_seed_042.pdb,82.9510071942446,58.977199999999996,17.55861,6.5343256,9.841611194610595,11,1
/fs/ess/PAA0203/xing244/AF_ClaSeq/results_NC_revision/ABL1/m_fold_random/01_m_fold_sampling/round_1/01_sampling/sampling_12/group_37_unrelaxed_rank_001_alphafold2_ptm_model_1_seed_042.pdb,84.91237410071942,61.2492,17.12888,6.500079,9.688719272613525,11,1
/fs/ess/PAA0203/xing244/AF_ClaSeq/results_NC_revision/ABL1/m_fold_random/01_m_fold_sampling/round_1/01_sampling/sampling_12/group_29_unrelaxed_rank_001_alphafold2_ptm_model_1_seed_042.pdb,83.79661870503597,59.6884,17.243587,6.649296,9.827583312988281,11,1
/fs/ess/PAA0203/xing244/AF_ClaSeq/results_NC_revision/ABL1/m_fold_random/01_m_fold_sampling/round_1/01_sampling/sampling_12/group_18_unrelaxed_rank_001_alphafold2_ptm_model_1_seed_042.pdb,83.36500000000001,56.39639999999999,17.24276,6.4820275,9.710247182846068,11,1
/fs/ess/PAA0203/xing244/AF_ClaSeq/results_NC_revision/ABL1/m_fold_random/01_m_fold_sampling/round_1/01_sampling/sampling_12/group_43_unrelaxed_rank_001_alphafold2_ptm_model_1_seed_042.pdb,83.64618705035971,62.84479999999999,16.852493,7.001831,9.957029724121092,11,1
/fs/ess/PAA0203/xing244/AF_ClaSeq/results_NC_revision/ABL1/m_fold_random/01_m_fold_sampling/round_1/01_sampling/sampling_12/group_25_unrelaxed_rank_001_alphafold2_ptm_model_1_seed_042.pdb,86.84579136690647,84.2948,17.212074,6.2602067,9.545766973495482,11,1
/fs/ess/PAA0203/xing244/AF_ClaSeq/results_NC_revision/ABL1/m_fold_random/01_m_fold_sampling/round_1/01_sampling/sampling_12/group_3_unrelaxed_rank_001_alphafold2_ptm_model_1_seed_042.pdb,82.01992805755395,51.01520000000001,14.356343,8.190226,10.040060901641844,11,1
/fs/ess/PAA0203/xing244/AF_ClaSeq/results_NC_revision/ABL1/m_fold_random/01_m_fold_sampling/round_1/01_sampling/sampling_12/group_34_unrelaxed_rank_001_alphafold2_ptm_model_1_seed_042.pdb,85.59129496402878,76.97240000000001,17.206036,6.2446265,9.533049249649046,11,1
/fs/ess/PAA0203/xing244/AF_ClaSeq/results_NC_revision/ABL1/m_fold_random/01_m_fold_sampling/round_1/01_sampling/sampling_12/group_9_unrelaxed_rank_001_alphafold2_ptm_model_1_seed_042.pdb,81.34694244604316,56.86039999999999,16.698805,6.6146817,9.639918661117553,11,1
/fs/ess/PAA0203/xing244/AF_ClaSeq/results_NC_revision/ABL1/m_fold_random/01_m_fold_sampling/round_1/01_sampling/sampling_12/group_47_unrelaxed_rank_001_alphafold2_ptm_model_1_seed_042.pdb,83.88744604316547,59.415200000000006,16.22977,6.429075,9.369283533096311,11,1
/fs/ess/PAA0203/xing244/AF_ClaSeq/results_NC_revision/ABL1/m_fold_random/01_m_fold_sampling/round_1/01_sampling/sampling_12/group_35_unrelaxed_rank_001_alphafold2_ptm_model_1_seed_042.pdb,84.97640287769784,65.8952,17.382536,6.466403,9.7412428855896,11,1
/fs/ess/PAA0203/xing244/AF_ClaSeq/results_NC_revision/ABL1/m_fold_random/01_m_fold_sampling/round_1/01_sampling/sampling_12/group_24_unrelaxed_rank_001_alphafold2_ptm_model_1_seed_042.pdb,88.02370503597122,85.37800000000001,17.296497,6.2789593,9.584220695495604,11,1
/fs/ess/PAA0203/xing244/AF_ClaSeq/results_NC_revision/ABL1/m_fold_random/01_m_fold_sampling/round_1/01_sampling/sampling_12/group_40_unrelaxed_rank_001_alphafold2_ptm_model_1_seed_042.pdb,83.44575539568345,58.40040000000001,16.18652,6.508078,9.411610555648803,11,1
/fs/ess/PAA0203/xing244/AF_ClaSeq/results_NC_revision/ABL1/m_fold_random/01_m_fold_sampling/round_1/01_sampling/sampling_12/group_1_unrelaxed_rank_001_alphafold2_ptm_model_1_seed_042.pdb,81.84946043165468,57.5524,16.972092,3.5757315,7.594639563560485,11,1
/fs/ess/PAA0203/xing244/AF_ClaSeq/results_NC_revision/ABL1/m_fold_random/01_m_fold_sampling/round_1/01_sampling/sampling_12/group_30_unrelaxed_rank_001_alphafold2_ptm_model_1_seed_042.pdb,86.40672661870504,69.5448,17.132591,6.222994,9.495873069763183,11,1
/fs/ess/PAA0203/xing244/AF_ClaSeq/results_NC_revision/ABL1/m_fold_random/01_m_fold_sampling/round_1/01_sampling/sampling_12/group_26_unrelaxed_rank_001_alphafold2_ptm_model_1_seed_042.pdb,84.82928057553957,56.792,17.07804,6.1046557,9.396670770645141,11,1
/fs/ess/PAA0203/xing244/AF_ClaSeq/results_NC_revision/ABL1/m_fold_random/01_m_fold_sampling/round_1/01_sampling/sampling_12/group_39_unrelaxed_rank_001_alphafold2_ptm_model_1_seed_042.pdb,83.98611510791365,71.74,17.446415,6.390793,9.707479476928711,11,1
/fs/ess/PAA0203/xing244/AF_ClaSeq/results_NC_revision/ABL1/m_fold_random/01_m_fold_sampling/round_1/01_sampling/sampling_12/group_11_unrelaxed_rank_001_alphafold2_ptm_model_1_seed_042.pdb,81.55089928057555,46.3796,17.383188,4.844919,8.60639991760254,11,1
/fs/ess/PAA0203/xing244/AF_ClaSeq/results_NC_revision/ABL1/m_fold_random/01_m_fold_sampling/round_1/01_sampling/sampling_12/group_49_unrelaxed_rank_001_alphafold2_ptm_model_1_seed_042.pdb,85.95510791366907,62.093199999999996,17.526747,6.4740105,9.789831352233886,12,1
/fs/ess/PAA0203/xing244/AF_ClaSeq/results_NC_revision/ABL1/m_fold_random/01_m_fold_sampling/round_1/01_sampling/sampling_12/group_45_unrelaxed_rank_001_alphafold2_ptm_model_1_seed_042.pdb,80.21010791366906,51.9436,17.534302,3.8185449,7.933271932601928,11,1
/fs/ess/PAA0203/xing244/AF_ClaSeq/results_NC_revision/ABL1/m_fold_random/01_m_fold_sampling/round_1/01_sampling/sampling_12/group_2_unrelaxed_rank_001_alphafold2_ptm_model_1_seed_042.pdb,82.24676258992805,49.0092,17.278162,6.4489207,9.697693109512329,11,1
/fs/ess/PAA0203/xing244/AF_ClaSeq/results_NC_revision/ABL1/m_fold_random/01_m_fold_sampling/round_1/01_sampling/sampling_12/group_36_unrelaxed_rank_001_alphafold2_ptm_model_1_seed_042.pdb,85.32769784172662,79.09400000000001,16.568045,6.7822037,9.717955970764159,11,1
/fs/ess/PAA0203/xing244/AF_ClaSeq/results_NC_revision/ABL1/m_fold_random/01_m_fold_sampling/round_1/01_sampling/sampling_3/group_20_unrelaxed_rank_001_alphafold2_ptm_model_1_seed_042.pdb,86.24154676258993,80.0696,17.208958,6.3120527,9.581124210357665,11,1
/fs/ess/PAA0203/xing244/AF_ClaSeq/results_NC_revision/ABL1/m_fold_random/01_m_fold_sampling/round_1/01_sampling/sampling_3/group_44_unrelaxed_rank_001_alphafold2_ptm_model_1_seed_042.pdb,83.29172661870503,56.7336,16.890997,6.4166584,9.5589599609375,11,1
/fs/ess/PAA0203/xing244/AF_ClaSeq/results_NC_revision/ABL1/m_fold_random/01_m_fold_sampling/round_1/01_sampling/sampling_3/group_16_unrelaxed_rank_001_alphafold2_ptm_model_1_seed_042.pdb,79.1721582733813,66.2932,17.226137,3.1462193,7.370194625854492,11,1
/fs/ess/PAA0203/xing244/AF_ClaSeq/results_NC_revision/ABL1/m_fold_random/01_m_fold_sampling/round_1/01_sampling/sampling_3/group_8_unrelaxed_rank_001_alphafold2_ptm_model_1_seed_042.pdb,81.67025179856114,48.41759999999999,6.934225,7.639329,7.427797794342041,11,1
/fs/ess/PAA0203/xing244/AF_ClaSeq/results_NC_revision/ABL1/m_fold_random/01_m_fold_sampling/round_1/01_sampling/sampling_3/group_48_unrelaxed_rank_001_alphafold2_ptm_model_1_seed_042.pdb,85.33079136690647,66.42559999999999,16.897211,6.4033613,9.551516246795654,11,1
/fs/ess/PAA0203/xing244/AF_ClaSeq/results_NC_revision/ABL1/m_fold_random/01_m_fold_sampling/round_1/01_sampling/sampling_3/group_6_unrelaxed_rank_001_alphafold2_ptm_model_1_seed_042.pdb,85.08014388489208,72.2872,17.394623,6.4806166,9.754818439483643,11,1
/fs/ess/PAA0203/xing244/AF_ClaSeq/results_NC_revision/ABL1/m_fold_random/01_m_fold_sampling/round_1/01_sampling/sampling_3/group_19_unrelaxed_rank_001_alphafold2_ptm_model_1_seed_042.pdb,82.87179856115108,57.594399999999986,17.124691,6.728603,9.847429323196412,11,1
/fs/ess/PAA0203/xing244/AF_ClaSeq/results_NC_revision/ABL1/m_fold_random/01_m_fold_sampling/round_1/01_sampling/sampling_3/group_13_unrelaxed_rank_001_alphafold2_ptm_model_1_seed_042.pdb,88.09719424460432,80.218,17.311604,6.4164476,9.684994411468505,11,1
/fs/ess/PAA0203/xing244/AF_ClaSeq/results_NC_revision/ABL1/m_fold_random/01_m_fold_sampling/round_1/01_sampling/sampling_3/group_28_unrelaxed_rank_001_alphafold2_ptm_model_1_seed_042.pdb,80.15280575539569,50.2704,16.164642,2.7708166,6.7889642953872675,11,1
/fs/ess/PAA0203/xing244/AF_ClaSeq/results_NC_revision/ABL1/m_fold_random/01_m_fold_sampling/round_1/01_sampling/sampling_3/group_32_unrelaxed_rank_001_alphafold2_ptm_model_1_seed_042.pdb,85.5701798561151,58.787200000000006,17.700314,6.398288,9.788895511627196,11,1
/fs/ess/PAA0203/xing244/AF_ClaSeq/results_NC_revision/ABL1/m_fold_random/01_m_fold_sampling/round_1/01_sampling/sampling_3/group_22_unrelaxed_rank_001_alphafold2_ptm_model_1_seed_042.pdb,86.38456834532376,71.4464,17.495558,6.389313,9.721186590194701,11,1
/fs/ess/PAA0203/xing244/AF_ClaSeq/results_NC_revision/ABL1/m_fold_random/01_m_fold_sampling/round_1/01_sampling/sampling_3/group_7_unrelaxed_rank_001_alphafold2_ptm_model_1_seed_042.pdb,85.10589928057554,61.96439999999998,16.968948,6.32649,9.519227457046508,11,1
/fs/ess/PAA0203/xing244/AF_ClaSeq/results_NC_revision/ABL1/m_fold_random/01_m_fold_sampling/round_1/01_sampling/sampling_3/group_21_unrelaxed_rank_001_alphafold2_ptm_model_1_seed_042.pdb,82.82881294964028,64.1716,16.339046,6.5309467,9.473376655578612,11,1
/fs/ess/PAA0203/xing244/AF_ClaSeq/results_NC_revision/ABL1/m_fold_random/01_m_fold_sampling/round_1/01_sampling/sampling_3/group_41_unrelaxed_rank_001_alphafold2_ptm_model_1_seed_042.pdb,83.50737410071943,63.903999999999996,17.252028,7.4044147,10.358698511123656,11,1
/fs/ess/PAA0203/xing244/AF_ClaSeq/results_NC_revision/ABL1/m_fold_random/01_m_fold_sampling/round_1/01_sampling/sampling_3/group_31_unrelaxed_rank_001_alphafold2_ptm_model_1_seed_042.pdb,85.59205035971223,69.6776,17.344158,6.33305,9.636382293701171,11,1
/fs/ess/PAA0203/xing244/AF_ClaSeq/results_NC_revision/ABL1/m_fold_random/01_m_fold_sampling/round_1/01_sampling/sampling_3/group_46_unrelaxed_rank_001_alphafold2_ptm_model_1_seed_042.pdb,89.16784172661869,85.3028,17.447237,6.4873166,9.77529273033142,11,1
/fs/ess/PAA0203/xing244/AF_ClaSeq/results_NC_revision/ABL1/m_fold_random/01_m_fold_sampling/round_1/01_sampling/sampling_3/group_17_unrelaxed_rank_001_alphafold2_ptm_model_1_seed_042.pdb,83.79003597122302,64.7736,17.11782,6.4831653,9.673561906814575,11,1
/fs/ess/PAA0203/xing244/AF_ClaSeq/results_NC_revision/ABL1/m_fold_random/01_m_fold_sampling/round_1/01_sampling/sampling_3/group_14_unrelaxed_rank_001_alphafold2_ptm_model_1_seed_042.pdb,82.49906474820143,57.6328,15.763792,6.9191656,9.572553539276122,11,1
/fs/ess/PAA0203/xing244/AF_ClaSeq/results_NC_revision/ABL1/m_fold_random/01_m_fold_sampling/round_1/01_sampling/sampling_3/group_4_unrelaxed_rank_001_alphafold2_ptm_model_1_seed_042.pdb,86.27622302158272,80.75040000000001,17.43977,6.3688326,9.690113735198974,11,1
/fs/ess/PAA0203/xing244/AF_ClaSeq/results_NC_revision/ABL1/m_fold_random/01_m_fold_sampling/round_1/01_sampling/sampling_3/group_12_unrelaxed_rank_001_alphafold2_ptm_model_1_seed_042.pdb,82.26751798561152,54.744400000000006,17.218868,6.5792203,9.771114683151245,11,1
/fs/ess/PAA0203/xing244/AF_ClaSeq/results_NC_revision/ABL1/m_fold_random/01_m_fold_sampling/round_1/01_sampling/sampling_3/group_38_unrelaxed_rank_001_alphafold2_ptm_model_1_seed_042.pdb,85.24294964028778,69.0536,17.208998,6.380311,9.628917026519774,11,1
/fs/ess/PAA0203/xing244/AF_ClaSeq/results_NC_revision/ABL1/m_fold_random/01_m_fold_sampling/round_1/01_sampling/sampling_3/group_15_unrelaxed_rank_001_alphafold2_ptm_model_1_seed_042.pdb,73.13115107913669,71.0324,18.817108,9.452043,12.261562252044676,11,1
/fs/ess/PAA0203/xing244/AF_ClaSeq/results_NC_revision/ABL1/m_fold_random/01_m_fold_sampling/round_1/01_sampling/sampling_3/group_23_unrelaxed_rank_001_alphafold2_ptm_model_1_seed_042.pdb,83.48474820143886,67.38719999999999,17.185751,6.3898153,9.628596019744872,11,1
/fs/ess/PAA0203/xing244/AF_ClaSeq/results_NC_revision/ABL1/m_fold_random/01_m_fold_sampling/round_1/01_sampling/sampling_3/group_5_unrelaxed_rank_001_alphafold2_ptm_model_1_seed_042.pdb,85.68183453237411,67.7992,17.45311,6.5077515,9.791358947753906,11,1
/fs/ess/PAA0203/xing244/AF_ClaSeq/results_NC_revision/ABL1/m_fold_random/01_m_fold_sampling/round_1/01_sampling/sampling_3/group_33_unrelaxed_rank_001_alphafold2_ptm_model_1_seed_042.pdb,86.87672661870504,71.1692,17.385983,6.389249,9.688268947601319,11,1
/fs/ess/PAA0203/xing244/AF_ClaSeq/results_NC_revision/ABL1/m_fold_random/01_m_fold_sampling/round_1/01_sampling/sampling_3/group_27_unrelaxed_rank_001_alphafold2_ptm_model_1_seed_042.pdb,89.19474820143884,88.33800000000001,17.297472,6.274793,9.58159680366516,11,1
/fs/ess/PAA0203/xing244/AF_ClaSeq/results_NC_revision/ABL1/m_fold_random/01_m_fold_sampling/round_1/01_sampling/sampling_3/group_42_unrelaxed_rank_001_alphafold2_ptm_model_1_seed_042.pdb,84.94636690647482,64.2996,17.119724,5.9909735,9.329598712921143,11,1
/fs/ess/PAA0203/xing244/AF_ClaSeq/results_NC_revision/ABL1/m_fold_random/01_m_fold_sampling/round_1/01_sampling/sampling_3/group_10_unrelaxed_rank_001_alphafold2_ptm_model_1_seed_042.pdb,83.56341726618706,64.02799999999999,17.538723,6.8243933,10.038692188262939,11,1
/fs/ess/PAA0203/xing244/AF_ClaSeq/results_NC_revision/ABL1/m_fold_random/01_m_fold_sampling/round_1/01_sampling/sampling_3/group_37_unrelaxed_rank_001_alphafold2_ptm_model_1_seed_042.pdb,80.52625899280575,48.51599999999999,17.313877,6.448789,9.708315515518187,11,1
/fs/ess/PAA0203/xing244/AF_ClaSeq/results_NC_revision/ABL1/m_fold_random/01_m_fold_sampling/round_1/01_sampling/sampling_3/group_29_unrelaxed_rank_001_alphafold2_ptm_model_1_seed_042.pdb,78.82025179856115,67.5456,18.116346,5.803075,9.49705629348755,11,1
/fs/ess/PAA0203/xing244/AF_ClaSeq/results_NC_revision/ABL1/m_fold_random/01_m_fold_sampling/round_1/01_sampling/sampling_3/group_18_unrelaxed_rank_001_alphafold2_ptm_model_1_seed_042.pdb,79.74521582733813,49.18639999999999,17.697311,6.6141696,9.939112138748168,11,1
/fs/ess/PAA0203/xing244/AF_ClaSeq/results_NC_revision/ABL1/m_fold_random/01_m_fold_sampling/round_1/01_sampling/sampling_3/group_43_unrelaxed_rank_001_alphafold2_ptm_model_1_seed_042.pdb,86.14485611510791,72.6964,17.522387,6.646657,9.909375858306884,11,1
/fs/ess/PAA0203/xing244/AF_ClaSeq/results_NC_revision/ABL1/m_fold_random/01_m_fold_sampling/round_1/01_sampling/sampling_3/group_25_unrelaxed_rank_001_alphafold2_ptm_model_1_seed_042.pdb,84.53341726618706,68.6856,17.059406,6.433503,9.621274089813232,11,1
/fs/ess/PAA0203/xing244/AF_ClaSeq/results_NC_revision/ABL1/m_fold_random/01_m_fold_sampling/round_1/01_sampling/sampling_3/group_3_unrelaxed_rank_001_alphafold2_ptm_model_1_seed_042.pdb,88.27525179856116,85.0892,17.463861,6.305893,9.653283500671385,11,1
/fs/ess/PAA0203/xing244/AF_ClaSeq/results_NC_revision/ABL1/m_fold_random/01_m_fold_sampling/round_1/01_sampling/sampling_3/group_34_unrelaxed_rank_001_alphafold2_ptm_model_1_seed_042.pdb,84.99179856115109,70.1692,17.239424,6.4784884,9.706769037246705,11,1
/fs/ess/PAA0203/xing244/AF_ClaSeq/results_NC_revision/ABL1/m_fold_random/01_m_fold_sampling/round_1/01_sampling/sampling_3/group_9_unrelaxed_rank_001_alphafold2_ptm_model_1_seed_042.pdb,84.39172661870504,58.75,17.115997,6.458663,9.655863285064697,11,1
/fs/ess/PAA0203/xing244/AF_ClaSeq/results_NC_revision/ABL1/m_fold_random/01_m_fold_sampling/round_1/01_sampling/sampling_3/group_47_unrelaxed_rank_001_alphafold2_ptm_model_1_seed_042.pdb,82.69089928057554,57.553999999999995,16.686398,7.003852,9.908615589141846,11,1
/fs/ess/PAA0203/xing244/AF_ClaSeq/results_NC_revision/ABL1/m_fold_random/01_m_fold_sampling/round_1/01_sampling/sampling_3/group_35_unrelaxed_rank_001_alphafold2_ptm_model_1_seed_042.pdb,78.86992805755398,51.501599999999996,19.990023,9.087393,12.358181762695311,11,1
/fs/ess/PAA0203/xing244/AF_ClaSeq/results_NC_revision/ABL1/m_fold_random/01_m_fold_sampling/round_1/01_sampling/sampling_3/group_24_unrelaxed_rank_001_alphafold2_ptm_model_1_seed_042.pdb,83.9434892086331,58.48080000000001,18.241785,6.2996416,9.88228464126587,11,1
/fs/ess/PAA0203/xing244/AF_ClaSeq/results_NC_revision/ABL1/m_fold_random/01_m_fold_sampling/round_1/01_sampling/sampling_3/group_40_unrelaxed_rank_001_alphafold2_ptm_model_1_seed_042.pdb,85.27787769784173,72.4768,17.486883,6.419116,9.73944616317749,11,1
/fs/ess/PAA0203/xing244/AF_ClaSeq/results_NC_revision/ABL1/m_fold_random/01_m_fold_sampling/round_1/01_sampling/sampling_3/group_1_unrelaxed_rank_001_alphafold2_ptm_model_1_seed_042.pdb,84.53863309352518,61.2976,17.125198,6.314373,9.557620620727539,11,1
/fs/ess/PAA0203/xing244/AF_ClaSeq/results_NC_revision/ABL1/m_fold_random/01_m_fold_sampling/round_1/01_sampling/sampling_3/group_30_unrelaxed_rank_001_alphafold2_ptm_model_1_seed_042.pdb,86.00701438848921,65.6796,16.909365,6.3663564,9.52925887107849,11,1
/fs/ess/PAA0203/xing244/AF_ClaSeq/results_NC_revision/ABL1/m_fold_random/01_m_fold_sampling/round_1/01_sampling/sampling_3/group_26_unrelaxed_rank_001_alphafold2_ptm_model_1_seed_042.pdb,86.17039568345324,68.90360000000001,17.02301,3.603433,7.629306101799012,11,1
/fs/ess/PAA0203/xing244/AF_ClaSeq/results_NC_revision/ABL1/m_fold_random/01_m_fold_sampling/round_1/01_sampling/sampling_3/group_39_unrelaxed_rank_001_alphafold2_ptm_model_1_seed_042.pdb,83.5036690647482,59.209599999999995,16.958744,3.4336603,7.491185402870178,11,1
/fs/ess/PAA0203/xing244/AF_ClaSeq/results_NC_revision/ABL1/m_fold_random/01_m_fold_sampling/round_1/01_sampling/sampling_3/group_11_unrelaxed_rank_001_alphafold2_ptm_model_1_seed_042.pdb,85.88737410071943,73.6268,17.292273,6.2586675,9.568748998641967,11,1
/fs/ess/PAA0203/xing244/AF_ClaSeq/results_NC_revision/ABL1/m_fold_random/01_m_fold_sampling/round_1/01_sampling/sampling_3/group_49_unrelaxed_rank_001_alphafold2_ptm_model_1_seed_042.pdb,86.37215827338129,72.152,17.35522,6.391203,9.680408287048339,12,1
/fs/ess/PAA0203/xing244/AF_ClaSeq/results_NC_revision/ABL1/m_fold_random/01_m_fold_sampling/round_1/01_sampling/sampling_3/group_45_unrelaxed_rank_001_alphafold2_ptm_model_1_seed_042.pdb,84.32611510791367,63.887200000000014,17.1207,6.458212,9.65695858001709,11,1
/fs/ess/PAA0203/xing244/AF_ClaSeq/results_NC_revision/ABL1/m_fold_random/01_m_fold_sampling/round_1/01_sampling/sampling_3/group_2_unrelaxed_rank_001_alphafold2_ptm_model_1_seed_042.pdb,86.79021582733813,76.2352,17.41391,6.471781,9.75441951751709,11,1
/fs/ess/PAA0203/xing244/AF_ClaSeq/results_NC_revision/ABL1/m_fold_random/01_m_fold_sampling/round_1/01_sampling/sampling_3/group_36_unrelaxed_rank_001_alphafold2_ptm_model_1_seed_042.pdb,84.54758992805756,57.604399999999984,17.179321,6.3594933,9.605441665649414,11,1
/fs/ess/PAA0203/xing244/AF_ClaSeq/results_NC_revision/ABL1/m_fold_random/01_m_fold_sampling/round_1/01_sampling/sampling_41/group_20_unrelaxed_rank_001_alphafold2_ptm_model_1_seed_042.pdb,85.31471223021582,71.18520000000001,17.238573,6.2476654,9.544937705993652,11,1
/fs/ess/PAA0203/xing244/AF_ClaSeq/results_NC_revision/ABL1/m_fold_random/01_m_fold_sampling/round_1/01_sampling/sampling_41/group_44_unrelaxed_rank_001_alphafold2_ptm_model_1_seed_042.pdb,82.90525179856117,61.196799999999996,16.65305,6.040451,9.224230575561522,11,1
/fs/ess/PAA0203/xing244/AF_ClaSeq/results_NC_revision/ABL1/m_fold_random/01_m_fold_sampling/round_1/01_sampling/sampling_41/group_16_unrelaxed_rank_001_alphafold2_ptm_model_1_seed_042.pdb,83.82643884892086,58.7188,17.400444,6.35301,9.667240333557128,11,1
/fs/ess/PAA0203/xing244/AF_ClaSeq/results_NC_revision/ABL1/m_fold_random/01_m_fold_sampling/round_1/01_sampling/sampling_41/group_8_unrelaxed_rank_001_alphafold2_ptm_model_1_seed_042.pdb,87.06687050359713,78.8636,17.413357,6.429797,9.724865055084226,11,1
/fs/ess/PAA0203/xing244/AF_ClaSeq/results_NC_revision/ABL1/m_fold_random/01_m_fold_sampling/round_1/01_sampling/sampling_41/group_48_unrelaxed_rank_001_alphafold2_ptm_model_1_seed_042.pdb,86.84913669064747,81.87200000000001,17.493767,6.4501066,9.763204669952392,11,1
/fs/ess/PAA0203/xing244/AF_ClaSeq/results_NC_revision/ABL1/m_fold_random/01_m_fold_sampling/round_1/01_sampling/sampling_41/group_6_unrelaxed_rank_001_alphafold2_ptm_model_1_seed_042.pdb,83.29798561151078,66.31039999999999,17.299706,6.3524194,9.636605215072631,11,1
/fs/ess/PAA0203/xing244/AF_ClaSeq/results_NC_revision/ABL1/m_fold_random/01_m_fold_sampling/round_1/01_sampling/sampling_41/group_19_unrelaxed_rank_001_alphafold2_ptm_model_1_seed_042.pdb,86.39399280575539,74.9836,17.378258,6.287307,9.6145920753479,11,1
/fs/ess/PAA0203/xing244/AF_ClaSeq/results_NC_revision/ABL1/m_fold_random/01_m_fold_sampling/round_1/01_sampling/sampling_41/group_13_unrelaxed_rank_001_alphafold2_ptm_model_1_seed_042.pdb,87.30467625899283,76.10799999999999,17.20986,6.3746247,9.625195264816284,11,1
/fs/ess/PAA0203/xing244/AF_ClaSeq/results_NC_revision/ABL1/m_fold_random/01_m_fold_sampling/round_1/01_sampling/sampling_41/group_28_unrelaxed_rank_001_alphafold2_ptm_model_1_seed_042.pdb,87.52755395683454,79.0208,17.284897,6.418198,9.678207731246946,11,1
/fs/ess/PAA0203/xing244/AF_ClaSeq/results_NC_revision/ABL1/m_fold_random/01_m_fold_sampling/round_1/01_sampling/sampling_41/group_32_unrelaxed_rank_001_alphafold2_ptm_model_1_seed_042.pdb,85.84658273381295,71.1752,17.164774,6.590676,9.762905263900755,11,1
/fs/ess/PAA0203/xing244/AF_ClaSeq/results_NC_revision/ABL1/m_fold_random/01_m_fold_sampling/round_1/01_sampling/sampling_41/group_22_unrelaxed_rank_001_alphafold2_ptm_model_1_seed_042.pdb,83.3498201438849,64.42360000000001,17.169075,6.4240093,9.64752902984619,11,1
/fs/ess/PAA0203/xing244/AF_ClaSeq/results_NC_revision/ABL1/m_fold_random/01_m_fold_sampling/round_1/01_sampling/sampling_41/group_7_unrelaxed_rank_001_alphafold2_ptm_model_1_seed_042.pdb,89.23050359712231,84.43279999999999,17.32007,6.3500934,9.641086435317993,11,1
/fs/ess/PAA0203/xing244/AF_ClaSeq/results_NC_revision/ABL1/m_fold_random/01_m_fold_sampling/round_1/01_sampling/sampling_41/group_21_unrelaxed_rank_001_alphafold2_ptm_model_1_seed_042.pdb,86.42758992805756,81.13119999999999,17.46485,6.186308,9.569870376586913,11,1
/fs/ess/PAA0203/xing244/AF_ClaSeq/results_NC_revision/ABL1/m_fold_random/01_m_fold_sampling/round_1/01_sampling/sampling_41/group_41_unrelaxed_rank_001_alphafold2_ptm_model_1_seed_042.pdb,82.67629496402878,60.9128,17.146461,6.380014,9.609948205947875,11,1
/fs/ess/PAA0203/xing244/AF_ClaSeq/results_NC_revision/ABL1/m_fold_random/01_m_fold_sampling/round_1/01_sampling/sampling_41/group_31_unrelaxed_rank_001_alphafold2_ptm_model_1_seed_042.pdb,82.55733812949642,51.58240000000001,17.238564,6.608265,9.79735450744629,11,1
/fs/ess/PAA0203/xing244/AF_ClaSeq/results_NC_revision/ABL1/m_fold_random/01_m_fold_sampling/round_1/01_sampling/sampling_41/group_46_unrelaxed_rank_001_alphafold2_ptm_model_1_seed_042.pdb,87.67143884892086,72.5464,17.390821,6.3202214,9.6414014339447,11,1
/fs/ess/PAA0203/xing244/AF_ClaSeq/results_NC_revision/ABL1/m_fold_random/01_m_fold_sampling/round_1/01_sampling/sampling_41/group_17_unrelaxed_rank_001_alphafold2_ptm_model_1_seed_042.pdb,87.48320143884891,70.53,16.120642,3.4267535,7.23491997718811,11,1
/fs/ess/PAA0203/xing244/AF_ClaSeq/results_NC_revision/ABL1/m_fold_random/01_m_fold_sampling/round_1/01_sampling/sampling_41/group_14_unrelaxed_rank_001_alphafold2_ptm_model_1_seed_042.pdb,80.65539568345322,53.491200000000006,17.392046,4.279462,8.21323709487915,11,1
/fs/ess/PAA0203/xing244/AF_ClaSeq/results_NC_revision/ABL1/m_fold_random/01_m_fold_sampling/round_1/01_sampling/sampling_41/group_4_unrelaxed_rank_001_alphafold2_ptm_model_1_seed_042.pdb,85.83769784172662,72.1528,17.035074,6.5052156,9.664173221588134,11,1
/fs/ess/PAA0203/xing244/AF_ClaSeq/results_NC_revision/ABL1/m_fold_random/01_m_fold_sampling/round_1/01_sampling/sampling_41/group_12_unrelaxed_rank_001_alphafold2_ptm_model_1_seed_042.pdb,84.24766187050359,69.52680000000001,17.214195,6.3742466,9.62623119354248,11,1
/fs/ess/PAA0203/xing244/AF_ClaSeq/results_NC_revision/ABL1/m_fold_random/01_m_fold_sampling/round_1/01_sampling/sampling_41/group_38_unrelaxed_rank_001_alphafold2_ptm_model_1_seed_042.pdb,84.54273381294963,73.04960000000001,16.97581,6.5329504,9.665808010101319,11,1
/fs/ess/PAA0203/xing244/AF_ClaSeq/results_NC_revision/ABL1/m_fold_random/01_m_fold_sampling/round_1/01_sampling/sampling_41/group_15_unrelaxed_rank_001_alphafold2_ptm_model_1_seed_042.pdb,82.64399280575539,63.686400000000006,16.99561,4.7870865,8.449643325805663,11,1
/fs/ess/PAA0203/xing244/AF_ClaSeq/results_NC_revision/ABL1/m_fold_random/01_m_fold_sampling/round_1/01_sampling/sampling_41/group_23_unrelaxed_rank_001_alphafold2_ptm_model_1_seed_042.pdb,83.95604316546762,61.6976,17.343115,5.9293175,9.353456687927245,11,1
/fs/ess/PAA0203/xing244/AF_ClaSeq/results_NC_revision/ABL1/m_fold_random/01_m_fold_sampling/round_1/01_sampling/sampling_41/group_5_unrelaxed_rank_001_alphafold2_ptm_model_1_seed_042.pdb,87.07341726618705,72.79480000000001,17.63145,6.4471593,9.802446699142456,11,1
/fs/ess/PAA0203/xing244/AF_ClaSeq/results_NC_revision/ABL1/m_fold_random/01_m_fold_sampling/round_1/01_sampling/sampling_41/group_33_unrelaxed_rank_001_alphafold2_ptm_model_1_seed_042.pdb,80.1405035971223,47.9888,16.872274,3.6091838,7.588110971450805,11,1
/fs/ess/PAA0203/xing244/AF_ClaSeq/results_NC_revision/ABL1/m_fold_random/01_m_fold_sampling/round_1/01_sampling/sampling_41/group_27_unrelaxed_rank_001_alphafold2_ptm_model_1_seed_042.pdb,88.44910071942445,83.2992,17.33282,6.385033,9.669369459152222,11,1
/fs/ess/PAA0203/xing244/AF_ClaSeq/results_NC_revision/ABL1/m_fold_random/01_m_fold_sampling/round_1/01_sampling/sampling_41/group_42_unrelaxed_rank_001_alphafold2_ptm_model_1_seed_042.pdb,85.4694964028777,71.236,17.188112,6.3790092,9.621740150451659,11,1
/fs/ess/PAA0203/xing244/AF_ClaSeq/results_NC_revision/ABL1/m_fold_random/01_m_fold_sampling/round_1/01_sampling/sampling_41/group_10_unrelaxed_rank_001_alphafold2_ptm_model_1_seed_042.pdb,81.69906474820144,46.08,18.442825,6.255979,9.91203293800354,11,1
/fs/ess/PAA0203/xing244/AF_ClaSeq/results_NC_revision/ABL1/m_fold_random/01_m_fold_sampling/round_1/01_sampling/sampling_41/group_37_unrelaxed_rank_001_alphafold2_ptm_model_1_seed_042.pdb,74.76035971223021,45.81399999999999,17.13598,5.190086,8.773854303359984,11,1
/fs/ess/PAA0203/xing244/AF_ClaSeq/results_NC_revision/ABL1/m_fold_random/01_m_fold_sampling/round_1/01_sampling/sampling_41/group_29_unrelaxed_rank_001_alphafold2_ptm_model_1_seed_042.pdb,88.19964028776978,81.8424,17.338915,6.442102,9.711145830154418,11,1
/fs/ess/PAA0203/xing244/AF_ClaSeq/results_NC_revision/ABL1/m_fold_random/01_m_fold_sampling/round_1/01_sampling/sampling_41/group_18_unrelaxed_rank_001_alphafold2_ptm_model_1_seed_042.pdb,88.47025179856115,85.9768,17.359377,6.303584,9.620321941375732,11,1
/fs/ess/PAA0203/xing244/AF_ClaSeq/results_NC_revision/ABL1/m_fold_random/01_m_fold_sampling/round_1/01_sampling/sampling_41/group_43_unrelaxed_rank_001_alphafold2_ptm_model_1_seed_042.pdb,84.15230215827339,63.1092,16.101011,6.220025,9.18432092666626,11,1
/fs/ess/PAA0203/xing244/AF_ClaSeq/results_NC_revision/ABL1/m_fold_random/01_m_fold_sampling/round_1/01_sampling/sampling_41/group_25_unrelaxed_rank_001_alphafold2_ptm_model_1_seed_042.pdb,81.76794964028777,57.483999999999995,15.58226,6.738228,9.391437530517578,11,1
/fs/ess/PAA0203/xing244/AF_ClaSeq/results_NC_revision/ABL1/m_fold_random/01_m_fold_sampling/round_1/01_sampling/sampling_41/group_3_unrelaxed_rank_001_alphafold2_ptm_model_1_seed_042.pdb,85.19082733812951,67.596,16.93408,6.2733145,9.471544170379637,11,1
/fs/ess/PAA0203/xing244/AF_ClaSeq/results_NC_revision/ABL1/m_fold_random/01_m_fold_sampling/round_1/01_sampling/sampling_41/group_34_unrelaxed_rank_001_alphafold2_ptm_model_1_seed_042.pdb,86.9726618705036,80.986,17.426453,6.267374,9.615097618103027,11,1
/fs/ess/PAA0203/xing244/AF_ClaSeq/results_NC_revision/ABL1/m_fold_random/01_m_fold_sampling/round_1/01_sampling/sampling_41/group_9_unrelaxed_rank_001_alphafold2_ptm_model_1_seed_042.pdb,80.4531654676259,41.87,17.32696,6.2374797,9.564323663711548,11,1
/fs/ess/PAA0203/xing244/AF_ClaSeq/results_NC_revision/ABL1/m_fold_random/01_m_fold_sampling/round_1/01_sampling/sampling_41/group_47_unrelaxed_rank_001_alphafold2_ptm_model_1_seed_042.pdb,87.91021582733813,81.57719999999999,17.391415,6.504781,9.770770931243895,11,1
/fs/ess/PAA0203/xing244/AF_ClaSeq/results_NC_revision/ABL1/m_fold_random/01_m_fold_sampling/round_1/01_sampling/sampling_41/group_35_unrelaxed_rank_001_alphafold2_ptm_model_1_seed_042.pdb,86.345,69.15799999999999,16.87589,6.5004873,9.613108348846435,11,1
/fs/ess/PAA0203/xing244/AF_ClaSeq/results_NC_revision/ABL1/m_fold_random/01_m_fold_sampling/round_1/01_sampling/sampling_41/group_24_unrelaxed_rank_001_alphafold2_ptm_model_1_seed_042.pdb,79.26629496402877,43.6772,15.288232,7.81319,10.055702543258665,11,1
/fs/ess/PAA0203/xing244/AF_ClaSeq/results_NC_revision/ABL1/m_fold_random/01_m_fold_sampling/round_1/01_sampling/sampling_41/group_40_unrelaxed_rank_001_alphafold2_ptm_model_1_seed_042.pdb,87.14039568345324,80.57,17.32089,6.2888727,9.598478031158447,11,1
/fs/ess/PAA0203/xing244/AF_ClaSeq/results_NC_revision/ABL1/m_fold_random/01_m_fold_sampling/round_1/01_sampling/sampling_41/group_1_unrelaxed_rank_001_alphafold2_ptm_model_1_seed_042.pdb,82.13133093525181,56.278800000000004,17.371058,6.5380135,9.78792667388916,11,1
/fs/ess/PAA0203/xing244/AF_ClaSeq/results_NC_revision/ABL1/m_fold_random/01_m_fold_sampling/round_1/01_sampling/sampling_41/group_30_unrelaxed_rank_001_alphafold2_ptm_model_1_seed_042.pdb,85.13665467625898,85.39040000000001,17.308966,5.141451,8.791705322265624,11,1
/fs/ess/PAA0203/xing244/AF_ClaSeq/results_NC_revision/ABL1/m_fold_random/01_m_fold_sampling/round_1/01_sampling/sampling_41/group_26_unrelaxed_rank_001_alphafold2_ptm_model_1_seed_042.pdb,81.11079136690645,50.558,17.150318,3.2111437,7.392896056175232,11,1
/fs/ess/PAA0203/xing244/AF_ClaSeq/results_NC_revision/ABL1/m_fold_random/01_m_fold_sampling/round_1/01_sampling/sampling_41/group_39_unrelaxed_rank_001_alphafold2_ptm_model_1_seed_042.pdb,87.24366906474819,83.3476,17.501894,6.4929476,9.795631504058838,11,1
/fs/ess/PAA0203/xing244/AF_ClaSeq/results_NC_revision/ABL1/m_fold_random/01_m_fold_sampling/round_1/01_sampling/sampling_41/group_11_unrelaxed_rank_001_alphafold2_ptm_model_1_seed_042.pdb,85.76485611510793,72.5344,16.963617,7.3928957,10.264112186431884,11,1
/fs/ess/PAA0203/xing244/AF_ClaSeq/results_NC_revision/ABL1/m_fold_random/01_m_fold_sampling/round_1/01_sampling/sampling_41/group_49_unrelaxed_rank_001_alphafold2_ptm_model_1_seed_042.pdb,87.01859712230215,79.0984,17.502298,6.3620205,9.704103851318358,12,1
/fs/ess/PAA0203/xing244/AF_ClaSeq/results_NC_revision/ABL1/m_fold_random/01_m_fold_sampling/round_1/01_sampling/sampling_41/group_45_unrelaxed_rank_001_alphafold2_ptm_model_1_seed_042.pdb,82.71226618705036,53.32200000000001,17.480104,6.462661,9.76789388656616,11,1
/fs/ess/PAA0203/xing244/AF_ClaSeq/results_NC_revision/ABL1/m_fold_random/01_m_fold_sampling/round_1/01_sampling/sampling_41/group_2_unrelaxed_rank_001_alphafold2_ptm_model_1_seed_042.pdb,83.1988489208633,61.1696,17.424025,6.5357323,9.80221996307373,11,1
/fs/ess/PAA0203/xing244/AF_ClaSeq/results_NC_revision/ABL1/m_fold_random/01_m_fold_sampling/round_1/01_sampling/sampling_41/group_36_unrelaxed_rank_001_alphafold2_ptm_model_1_seed_042.pdb,81.68129496402878,58.65559999999999,16.321922,6.8707333,9.706089973449707,11,1
/fs/ess/PAA0203/xing244/AF_ClaSeq/results_NC_revision/ABL1/m_fold_random/01_m_fold_sampling/round_1/01_sampling/sampling_14/group_20_unrelaxed_rank_001_alphafold2_ptm_model_1_seed_042.pdb,85.58687050359713,68.762,17.534798,6.460937,9.783095216751097,11,1
/fs/ess/PAA0203/xing244/AF_ClaSeq/results_NC_revision/ABL1/m_fold_random/01_m_fold_sampling/round_1/01_sampling/sampling_14/group_44_unrelaxed_rank_001_alphafold2_ptm_model_1_seed_042.pdb,86.78226618705037,72.8388,17.13964,6.474348,9.673935890197754,11,1
/fs/ess/PAA0203/xing244/AF_ClaSeq/results_NC_revision/ABL1/m_fold_random/01_m_fold_sampling/round_1/01_sampling/sampling_14/group_16_unrelaxed_rank_001_alphafold2_ptm_model_1_seed_042.pdb,82.74233812949642,60.02960000000001,17.13419,6.445264,9.651941585540772,11,1
/fs/ess/PAA0203/xing244/AF_ClaSeq/results_NC_revision/ABL1/m_fold_random/01_m_fold_sampling/round_1/01_sampling/sampling_14/group_8_unrelaxed_rank_001_alphafold2_ptm_model_1_seed_042.pdb,83.9011510791367,67.1084,16.646181,6.272105,9.3843279838562,11,1
/fs/ess/PAA0203/xing244/AF_ClaSeq/results_NC_revision/ABL1/m_fold_random/01_m_fold_sampling/round_1/01_sampling/sampling_14/group_48_unrelaxed_rank_001_alphafold2_ptm_model_1_seed_042.pdb,86.61244604316546,72.8796,17.454319,6.426165,9.73461127281189,11,1
/fs/ess/PAA0203/xing244/AF_ClaSeq/results_NC_revision/ABL1/m_fold_random/01_m_fold_sampling/round_1/01_sampling/sampling_14/group_6_unrelaxed_rank_001_alphafold2_ptm_model_1_seed_042.pdb,84.68539568345324,67.87559999999999,17.052303,6.2892213,9.518145895004272,11,1
/fs/ess/PAA0203/xing244/AF_ClaSeq/results_NC_revision/ABL1/m_fold_random/01_m_fold_sampling/round_1/01_sampling/sampling_14/group_19_unrelaxed_rank_001_alphafold2_ptm_model_1_seed_042.pdb,85.62658273381294,73.742,17.230547,6.3376813,9.605540990829468,11,1
/fs/ess/PAA0203/xing244/AF_ClaSeq/results_NC_revision/ABL1/m_fold_random/01_m_fold_sampling/round_1/01_sampling/sampling_14/group_13_unrelaxed_rank_001_alphafold2_ptm_model_1_seed_042.pdb,86.5018705035971,70.70960000000001,17.420708,6.3997188,9.70601544380188,11,1
/fs/ess/PAA0203/xing244/AF_ClaSeq/results_NC_revision/ABL1/m_fold_random/01_m_fold_sampling/round_1/01_sampling/sampling_14/group_28_unrelaxed_rank_001_alphafold2_ptm_model_1_seed_042.pdb,82.40435251798561,45.1404,15.393918,6.434705,9.122468757629393,11,1
/fs/ess/PAA0203/xing244/AF_ClaSeq/results_NC_revision/ABL1/m_fold_random/01_m_fold_sampling/round_1/01_sampling/sampling_14/group_32_unrelaxed_rank_001_alphafold2_ptm_model_1_seed_042.pdb,85.40464028776978,69.69279999999999,18.182047,6.3799806,9.920600461959838,11,1
/fs/ess/PAA0203/xing244/AF_ClaSeq/results_NC_revision/ABL1/m_fold_random/01_m_fold_sampling/round_1/01_sampling/sampling_14/group_22_unrelaxed_rank_001_alphafold2_ptm_model_1_seed_042.pdb,86.96629496402879,71.34559999999999,17.286299,6.3804216,9.652184772491454,11,1
/fs/ess/PAA0203/xing244/AF_ClaSeq/results_NC_revision/ABL1/m_fold_random/01_m_fold_sampling/round_1/01_sampling/sampling_14/group_7_unrelaxed_rank_001_alphafold2_ptm_model_1_seed_042.pdb,83.08805755395684,69.5504,17.570734,6.0982537,9.539997816085815,11,1
/fs/ess/PAA0203/xing244/AF_ClaSeq/results_NC_revision/ABL1/m_fold_random/01_m_fold_sampling/round_1/01_sampling/sampling_14/group_21_unrelaxed_rank_001_alphafold2_ptm_model_1_seed_042.pdb,86.75064748201439,79.7792,17.553476,6.431913,9.768381929397583,11,1
/fs/ess/PAA0203/xing244/AF_ClaSeq/results_NC_revision/ABL1/m_fold_random/01_m_fold_sampling/round_1/01_sampling/sampling_14/group_41_unrelaxed_rank_001_alphafold2_ptm_model_1_seed_042.pdb,77.59017985611511,51.668800000000005,16.755808,8.006815,10.6315128326416,11,1
/fs/ess/PAA0203/xing244/AF_ClaSeq/results_NC_revision/ABL1/m_fold_random/01_m_fold_sampling/round_1/01_sampling/sampling_14/group_31_unrelaxed_rank_001_alphafold2_ptm_model_1_seed_042.pdb,83.08104316546762,64.87440000000001,16.824415,2.9460227,7.109540486335754,11,1
/fs/ess/PAA0203/xing244/AF_ClaSeq/results_NC_revision/ABL1/m_fold_random/01_m_fold_sampling/round_1/01_sampling/sampling_14/group_46_unrelaxed_rank_001_alphafold2_ptm_model_1_seed_042.pdb,82.80485611510791,62.940799999999996,17.294205,6.3892097,9.660708236694335,11,1
/fs/ess/PAA0203/xing244/AF_ClaSeq/results_NC_revision/ABL1/m_fold_random/01_m_fold_sampling/round_1/01_sampling/sampling_14/group_17_unrelaxed_rank_001_alphafold2_ptm_model_1_seed_042.pdb,87.68125899280575,83.9852,17.320728,6.283363,9.594572496414184,11,1
/fs/ess/PAA0203/xing244/AF_ClaSeq/results_NC_revision/ABL1/m_fold_random/01_m_fold_sampling/round_1/01_sampling/sampling_14/group_14_unrelaxed_rank_001_alphafold2_ptm_model_1_seed_042.pdb,86.7289928057554,76.5788,16.996689,6.3233557,9.525355625152589,11,1
/fs/ess/PAA0203/xing244/AF_ClaSeq/results_NC_revision/ABL1/m_fold_random/01_m_fold_sampling/round_1/01_sampling/sampling_14/group_4_unrelaxed_rank_001_alphafold2_ptm_model_1_seed_042.pdb,81.53733812949639,47.082800000000006,17.333395,6.2309856,9.561708450317383,11,1
/fs/ess/PAA0203/xing244/AF_ClaSeq/results_NC_revision/ABL1/m_fold_random/01_m_fold_sampling/round_1/01_sampling/sampling_14/group_12_unrelaxed_rank_001_alphafold2_ptm_model_1_seed_042.pdb,84.62435251798561,56.81360000000001,17.2769,6.437126,9.689058113098143,11,1
/fs/ess/PAA0203/xing244/AF_ClaSeq/results_NC_revision/ABL1/m_fold_random/01_m_fold_sampling/round_1/01_sampling/sampling_14/group_38_unrelaxed_rank_001_alphafold2_ptm_model_1_seed_042.pdb,85.02593525179857,84.5428,17.398722,6.4926195,9.764450168609619,11,1
/fs/ess/PAA0203/xing244/AF_ClaSeq/results_NC_revision/ABL1/m_fold_random/01_m_fold_sampling/round_1/01_sampling/sampling_14/group_15_unrelaxed_rank_001_alphafold2_ptm_model_1_seed_042.pdb,82.34946043165468,56.4736,17.076027,6.3899536,9.595775604248047,11,1
/fs/ess/PAA0203/xing244/AF_ClaSeq/results_NC_revision/ABL1/m_fold_random/01_m_fold_sampling/round_1/01_sampling/sampling_14/group_23_unrelaxed_rank_001_alphafold2_ptm_model_1_seed_042.pdb,86.63115107913669,74.7368,17.045155,6.235896,9.478673648834228,11,1
/fs/ess/PAA0203/xing244/AF_ClaSeq/results_NC_revision/ABL1/m_fold_random/01_m_fold_sampling/round_1/01_sampling/sampling_14/group_5_unrelaxed_rank_001_alphafold2_ptm_model_1_seed_042.pdb,90.33589928057553,86.1928,17.458141,6.3978953,9.715969133377074,11,1
/fs/ess/PAA0203/xing244/AF_ClaSeq/results_NC_revision/ABL1/m_fold_random/01_m_fold_sampling/round_1/01_sampling/sampling_14/group_33_unrelaxed_rank_001_alphafold2_ptm_model_1_seed_042.pdb,85.585,75.49879999999999,17.525238,6.4319835,9.759959840774535,11,1
/fs/ess/PAA0203/xing244/AF_ClaSeq/results_NC_revision/ABL1/m_fold_random/01_m_fold_sampling/round_1/01_sampling/sampling_14/group_27_unrelaxed_rank_001_alphafold2_ptm_model_1_seed_042.pdb,84.78111510791366,61.7592,17.225708,6.378674,9.632784223556518,11,1
/fs/ess/PAA0203/xing244/AF_ClaSeq/results_NC_revision/ABL1/m_fold_random/01_m_fold_sampling/round_1/01_sampling/sampling_14/group_42_unrelaxed_rank_001_alphafold2_ptm_model_1_seed_042.pdb,84.90870503597122,68.16,16.92726,6.2961755,9.485500669479368,11,1
/fs/ess/PAA0203/xing244/AF_ClaSeq/results_NC_revision/ABL1/m_fold_random/01_m_fold_sampling/round_1/01_sampling/sampling_14/group_10_unrelaxed_rank_001_alphafold2_ptm_model_1_seed_042.pdb,82.12233812949641,59.4552,16.242708,7.5588617,10.164015674591063,11,1
/fs/ess/PAA0203/xing244/AF_ClaSeq/results_NC_revision/ABL1/m_fold_random/01_m_fold_sampling/round_1/01_sampling/sampling_14/group_37_unrelaxed_rank_001_alphafold2_ptm_model_1_seed_042.pdb,82.84888489208632,52.372,16.10521,6.9056735,9.665534257888794,11,1
/fs/ess/PAA0203/xing244/AF_ClaSeq/results_NC_revision/ABL1/m_fold_random/01_m_fold_sampling/round_1/01_sampling/sampling_14/group_29_unrelaxed_rank_001_alphafold2_ptm_model_1_seed_042.pdb,85.601690647482,75.2392,17.309288,6.6015186,9.813849449157715,11,1
/fs/ess/PAA0203/xing244/AF_ClaSeq/results_NC_revision/ABL1/m_fold_random/01_m_fold_sampling/round_1/01_sampling/sampling_14/group_18_unrelaxed_rank_001_alphafold2_ptm_model_1_seed_042.pdb,82.18640287769784,47.51040000000001,14.89089,7.740625,9.885704469680785,11,1
/fs/ess/PAA0203/xing244/AF_ClaSeq/results_NC_revision/ABL1/m_fold_random/01_m_fold_sampling/round_1/01_sampling/sampling_14/group_43_unrelaxed_rank_001_alphafold2_ptm_model_1_seed_042.pdb,82.19395683453237,57.59,16.91508,6.380661,9.540986442565917,11,1
/fs/ess/PAA0203/xing244/AF_ClaSeq/results_NC_revision/ABL1/m_fold_random/01_m_fold_sampling/round_1/01_sampling/sampling_14/group_25_unrelaxed_rank_001_alphafold2_ptm_model_1_seed_042.pdb,85.1458273381295,64.3188,17.125868,6.4538527,9.65545721054077,11,1
/fs/ess/PAA0203/xing244/AF_ClaSeq/results_NC_revision/ABL1/m_fold_random/01_m_fold_sampling/round_1/01_sampling/sampling_14/group_3_unrelaxed_rank_001_alphafold2_ptm_model_1_seed_042.pdb,87.49676258992807,80.4592,17.428295,6.3800015,9.694489622116087,11,1
/fs/ess/PAA0203/xing244/AF_ClaSeq/results_NC_revision/ABL1/m_fold_random/01_m_fold_sampling/round_1/01_sampling/sampling_14/group_34_unrelaxed_rank_001_alphafold2_ptm_model_1_seed_042.pdb,83.41521582733813,54.2308,17.453325,6.577652,9.840353965759277,11,1
/fs/ess/PAA0203/xing244/AF_ClaSeq/results_NC_revision/ABL1/m_fold_random/01_m_fold_sampling/round_1/01_sampling/sampling_14/group_9_unrelaxed_rank_001_alphafold2_ptm_model_1_seed_042.pdb,85.89546762589929,73.48639999999999,17.026583,3.4819968,7.545372557640075,11,1
/fs/ess/PAA0203/xing244/AF_ClaSeq/results_NC_revision/ABL1/m_fold_random/01_m_fold_sampling/round_1/01_sampling/sampling_14/group_47_unrelaxed_rank_001_alphafold2_ptm_model_1_seed_042.pdb,84.1924820143885,53.2228,17.142473,6.338905,9.579975366592407,11,1
/fs/ess/PAA0203/xing244/AF_ClaSeq/results_NC_revision/ABL1/m_fold_random/01_m_fold_sampling/round_1/01_sampling/sampling_14/group_35_unrelaxed_rank_001_alphafold2_ptm_model_1_seed_042.pdb,85.43654676258993,68.4588,17.46234,6.3340554,9.672540616989135,11,1
/fs/ess/PAA0203/xing244/AF_ClaSeq/results_NC_revision/ABL1/m_fold_random/01_m_fold_sampling/round_1/01_sampling/sampling_14/group_24_unrelaxed_rank_001_alphafold2_ptm_model_1_seed_042.pdb,83.5641726618705,66.5392,18.36119,6.2346263,9.872595643997192,11,1
/fs/ess/PAA0203/xing244/AF_ClaSeq/results_NC_revision/ABL1/m_fold_random/01_m_fold_sampling/round_1/01_sampling/sampling_14/group_40_unrelaxed_rank_001_alphafold2_ptm_model_1_seed_042.pdb,83.05208633093524,56.103199999999994,14.485993,6.7087994,9.041957569122314,11,1
/fs/ess/PAA0203/xing244/AF_ClaSeq/results_NC_revision/ABL1/m_fold_random/01_m_fold_sampling/round_1/01_sampling/sampling_14/group_1_unrelaxed_rank_001_alphafold2_ptm_model_1_seed_042.pdb,87.28525179856116,71.8188,17.252293,6.39007,9.648736763000489,11,1
/fs/ess/PAA0203/xing244/AF_ClaSeq/results_NC_revision/ABL1/m_fold_random/01_m_fold_sampling/round_1/01_sampling/sampling_14/group_30_unrelaxed_rank_001_alphafold2_ptm_model_1_seed_042.pdb,85.06712230215828,83.848,17.262892,6.307182,9.593894815444946,11,1
/fs/ess/PAA0203/xing244/AF_ClaSeq/results_NC_revision/ABL1/m_fold_random/01_m_fold_sampling/round_1/01_sampling/sampling_14/group_26_unrelaxed_rank_001_alphafold2_ptm_model_1_seed_042.pdb,82.21118705035971,55.6292,15.271285,3.6579514,7.141951465606689,11,1
/fs/ess/PAA0203/xing244/AF_ClaSeq/results_NC_revision/ABL1/m_fold_random/01_m_fold_sampling/round_1/01_sampling/sampling_14/group_39_unrelaxed_rank_001_alphafold2_ptm_model_1_seed_042.pdb,85.78039568345322,74.56280000000001,17.431168,6.4951406,9.775948667526244,11,1
/fs/ess/PAA0203/xing244/AF_ClaSeq/results_NC_revision/ABL1/m_fold_random/01_m_fold_sampling/round_1/01_sampling/sampling_14/group_11_unrelaxed_rank_001_alphafold2_ptm_model_1_seed_042.pdb,81.36140287769784,49.24,16.169224,6.7909036,9.604399633407592,11,1
/fs/ess/PAA0203/xing244/AF_ClaSeq/results_NC_revision/ABL1/m_fold_random/01_m_fold_sampling/round_1/01_sampling/sampling_14/group_49_unrelaxed_rank_001_alphafold2_ptm_model_1_seed_042.pdb,87.89881294964029,74.05799999999999,17.571697,6.4616895,9.794691801071167,12,1
/fs/ess/PAA0203/xing244/AF_ClaSeq/results_NC_revision/ABL1/m_fold_random/01_m_fold_sampling/round_1/01_sampling/sampling_14/group_45_unrelaxed_rank_001_alphafold2_ptm_model_1_seed_042.pdb,82.3235251798561,53.18039999999999,16.81196,3.5941136,7.559467577934265,11,1
/fs/ess/PAA0203/xing244/AF_ClaSeq/results_NC_revision/ABL1/m_fold_random/01_m_fold_sampling/round_1/01_sampling/sampling_14/group_2_unrelaxed_rank_001_alphafold2_ptm_model_1_seed_042.pdb,83.11507194244604,61.9616,17.367033,6.4821086,9.747585916519164,11,1
/fs/ess/PAA0203/xing244/AF_ClaSeq/results_NC_revision/ABL1/m_fold_random/01_m_fold_sampling/round_1/01_sampling/sampling_14/group_36_unrelaxed_rank_001_alphafold2_ptm_model_1_seed_042.pdb,85.70359712230216,66.8296,16.996067,6.2099137,9.445759725570678,11,1
/fs/ess/PAA0203/xing244/AF_ClaSeq/results_NC_revision/ABL1/m_fold_random/01_m_fold_sampling/round_1/01_sampling/sampling_50/group_20_unrelaxed_rank_001_alphafold2_ptm_model_1_seed_042.pdb,84.78176258992806,68.0712,17.307753,6.2091866,9.538756370544434,11,1
/fs/ess/PAA0203/xing244/AF_ClaSeq/results_NC_revision/ABL1/m_fold_random/01_m_fold_sampling/round_1/01_sampling/sampling_50/group_44_unrelaxed_rank_001_alphafold2_ptm_model_1_seed_042.pdb,84.15474820143884,74.4384,16.954128,3.6743023,7.65825011730194,11,1
/fs/ess/PAA0203/xing244/AF_ClaSeq/results_NC_revision/ABL1/m_fold_random/01_m_fold_sampling/round_1/01_sampling/sampling_50/group_16_unrelaxed_rank_001_alphafold2_ptm_model_1_seed_042.pdb,86.83910071942448,74.0284,17.1498,6.3078523,9.560436391830443,11,1
/fs/ess/PAA0203/xing244/AF_ClaSeq/results_NC_revision/ABL1/m_fold_random/01_m_fold_sampling/round_1/01_sampling/sampling_50/group_8_unrelaxed_rank_001_alphafold2_ptm_model_1_seed_042.pdb,85.23280575539569,64.4504,17.442982,6.8304753,10.014227247238159,11,1
/fs/ess/PAA0203/xing244/AF_ClaSeq/results_NC_revision/ABL1/m_fold_random/01_m_fold_sampling/round_1/01_sampling/sampling_50/group_48_unrelaxed_rank_001_alphafold2_ptm_model_1_seed_042.pdb,85.81410071942446,67.70360000000001,17.238934,6.4148016,9.662041187286377,11,1
/fs/ess/PAA0203/xing244/AF_ClaSeq/results_NC_revision/ABL1/m_fold_random/01_m_fold_sampling/round_1/01_sampling/sampling_50/group_6_unrelaxed_rank_001_alphafold2_ptm_model_1_seed_042.pdb,85.95618705035972,68.458,16.982288,3.3982365,7.473452067375183,11,1
/fs/ess/PAA0203/xing244/AF_ClaSeq/results_NC_revision/ABL1/m_fold_random/01_m_fold_sampling/round_1/01_sampling/sampling_50/group_19_unrelaxed_rank_001_alphafold2_ptm_model_1_seed_042.pdb,83.34553956834533,58.4796,16.99759,6.466502,9.625828266143799,11,1
/fs/ess/PAA0203/xing244/AF_ClaSeq/results_NC_revision/ABL1/m_fold_random/01_m_fold_sampling/round_1/01_sampling/sampling_50/group_13_unrelaxed_rank_001_alphafold2_ptm_model_1_seed_042.pdb,89.74334532374101,88.3768,17.28987,6.303444,9.599371528625488,11,1
/fs/ess/PAA0203/xing244/AF_ClaSeq/results_NC_revision/ABL1/m_fold_random/01_m_fold_sampling/round_1/01_sampling/sampling_50/group_28_unrelaxed_rank_001_alphafold2_ptm_model_1_seed_042.pdb,84.22161870503598,64.0664,15.451487,2.100747,6.105968952178954,11,1
/fs/ess/PAA0203/xing244/AF_ClaSeq/results_NC_revision/ABL1/m_fold_random/01_m_fold_sampling/round_1/01_sampling/sampling_50/group_32_unrelaxed_rank_001_alphafold2_ptm_model_1_seed_042.pdb,84.67838129496404,66.1964,15.654948,6.7840996,9.445354175567626,11,1
/fs/ess/PAA0203/xing244/AF_ClaSeq/results_NC_revision/ABL1/m_fold_random/01_m_fold_sampling/round_1/01_sampling/sampling_50/group_22_unrelaxed_rank_001_alphafold2_ptm_model_1_seed_042.pdb,84.34744604316546,61.53040000000001,17.128315,6.6245694,9.775693082809447,11,1
/fs/ess/PAA0203/xing244/AF_ClaSeq/results_NC_revision/ABL1/m_fold_random/01_m_fold_sampling/round_1/01_sampling/sampling_50/group_7_unrelaxed_rank_001_alphafold2_ptm_model_1_seed_042.pdb,84.47557553956834,73.8984,17.505213,6.599234,9.871027708053589,11,1
/fs/ess/PAA0203/xing244/AF_ClaSeq/results_NC_revision/ABL1/m_fold_random/01_m_fold_sampling/round_1/01_sampling/sampling_50/group_21_unrelaxed_rank_001_alphafold2_ptm_model_1_seed_042.pdb,83.13129496402878,61.3704,17.310764,6.3368464,9.629021739959716,11,1
/fs/ess/PAA0203/xing244/AF_ClaSeq/results_NC_revision/ABL1/m_fold_random/01_m_fold_sampling/round_1/01_sampling/sampling_50/group_41_unrelaxed_rank_001_alphafold2_ptm_model_1_seed_042.pdb,87.41845323741008,78.2496,17.427385,6.5993996,9.847795295715331,11,1
/fs/ess/PAA0203/xing244/AF_ClaSeq/results_NC_revision/ABL1/m_fold_random/01_m_fold_sampling/round_1/01_sampling/sampling_50/group_31_unrelaxed_rank_001_alphafold2_ptm_model_1_seed_042.pdb,82.55424460431655,55.27799999999999,16.73246,7.248909,10.093974304199218,11,1
/fs/ess/PAA0203/xing244/AF_ClaSeq/results_NC_revision/ABL1/m_fold_random/01_m_fold_sampling/round_1/01_sampling/sampling_50/group_46_unrelaxed_rank_001_alphafold2_ptm_model_1_seed_042.pdb,82.1425179856115,59.0084,16.899128,6.5057197,9.623742151260377,11,1
/fs/ess/PAA0203/xing244/AF_ClaSeq/results_NC_revision/ABL1/m_fold_random/01_m_fold_sampling/round_1/01_sampling/sampling_50/group_17_unrelaxed_rank_001_alphafold2_ptm_model_1_seed_042.pdb,85.16848920863309,74.27199999999999,17.388926,6.3853736,9.686439180374144,11,1
/fs/ess/PAA0203/xing244/AF_ClaSeq/results_NC_revision/ABL1/m_fold_random/01_m_fold_sampling/round_1/01_sampling/sampling_50/group_14_unrelaxed_rank_001_alphafold2_ptm_model_1_seed_042.pdb,83.34543165467626,70.23360000000001,17.100126,6.271731,9.5202495098114,11,1
/fs/ess/PAA0203/xing244/AF_ClaSeq/results_NC_revision/ABL1/m_fold_random/01_m_fold_sampling/round_1/01_sampling/sampling_50/group_4_unrelaxed_rank_001_alphafold2_ptm_model_1_seed_042.pdb,82.64942446043166,68.6516,16.911106,6.0636683,9.31789960861206,11,1
/fs/ess/PAA0203/xing244/AF_ClaSeq/results_NC_revision/ABL1/m_fold_random/01_m_fold_sampling/round_1/01_sampling/sampling_50/group_12_unrelaxed_rank_001_alphafold2_ptm_model_1_seed_042.pdb,85.04442446043166,60.82200000000001,17.100996,6.347176,9.573322057723999,11,1
/fs/ess/PAA0203/xing244/AF_ClaSeq/results_NC_revision/ABL1/m_fold_random/01_m_fold_sampling/round_1/01_sampling/sampling_50/group_38_unrelaxed_rank_001_alphafold2_ptm_model_1_seed_042.pdb,86.11874100719425,74.90079999999999,17.724434,6.4130783,9.806484985351563,11,1
/fs/ess/PAA0203/xing244/AF_ClaSeq/results_NC_revision/ABL1/m_fold_random/01_m_fold_sampling/round_1/01_sampling/sampling_50/group_15_unrelaxed_rank_001_alphafold2_ptm_model_1_seed_042.pdb,83.90561151079136,64.288,17.211798,6.2738905,9.555262660980222,11,1
/fs/ess/PAA0203/xing244/AF_ClaSeq/results_NC_revision/ABL1/m_fold_random/01_m_fold_sampling/round_1/01_sampling/sampling_50/group_23_unrelaxed_rank_001_alphafold2_ptm_model_1_seed_042.pdb,85.95251798561151,79.814,17.25586,6.419583,9.670465803146362,11,1
/fs/ess/PAA0203/xing244/AF_ClaSeq/results_NC_revision/ABL1/m_fold_random/01_m_fold_sampling/round_1/01_sampling/sampling_50/group_5_unrelaxed_rank_001_alphafold2_ptm_model_1_seed_042.pdb,84.71694244604316,59.535599999999995,17.401142,6.4118943,9.708668661117553,11,1
/fs/ess/PAA0203/xing244/AF_ClaSeq/results_NC_revision/ABL1/m_fold_random/01_m_fold_sampling/round_1/01_sampling/sampling_50/group_33_unrelaxed_rank_001_alphafold2_ptm_model_1_seed_042.pdb,87.59809352517986,81.2816,17.207695,6.356999,9.612207746505737,11,1
/fs/ess/PAA0203/xing244/AF_ClaSeq/results_NC_revision/ABL1/m_fold_random/01_m_fold_sampling/round_1/01_sampling/sampling_50/group_27_unrelaxed_rank_001_alphafold2_ptm_model_1_seed_042.pdb,87.18913669064749,83.7832,17.368177,6.3403807,9.648719692230223,11,1
/fs/ess/PAA0203/xing244/AF_ClaSeq/results_NC_revision/ABL1/m_fold_random/01_m_fold_sampling/round_1/01_sampling/sampling_50/group_42_unrelaxed_rank_001_alphafold2_ptm_model_1_seed_042.pdb,84.36370503597122,60.3112,16.4386,6.840353,9.719827270507812,11,1
/fs/ess/PAA0203/xing244/AF_ClaSeq/results_NC_revision/ABL1/m_fold_random/01_m_fold_sampling/round_1/01_sampling/sampling_50/group_10_unrelaxed_rank_001_alphafold2_ptm_model_1_seed_042.pdb,88.2776618705036,86.0168,17.451023,6.3848696,9.704715633392333,11,1
/fs/ess/PAA0203/xing244/AF_ClaSeq/results_NC_revision/ABL1/m_fold_random/01_m_fold_sampling/round_1/01_sampling/sampling_50/group_37_unrelaxed_rank_001_alphafold2_ptm_model_1_seed_042.pdb,80.81179856115108,42.6296,16.371693,6.793527,9.66697678565979,11,1
/fs/ess/PAA0203/xing244/AF_ClaSeq/results_NC_revision/ABL1/m_fold_random/01_m_fold_sampling/round_1/01_sampling/sampling_50/group_29_unrelaxed_rank_001_alphafold2_ptm_model_1_seed_042.pdb,83.56035971223022,67.9584,17.452974,6.3555727,9.684793186187743,11,1
/fs/ess/PAA0203/xing244/AF_ClaSeq/results_NC_revision/ABL1/m_fold_random/01_m_fold_sampling/round_1/01_sampling/sampling_50/group_18_unrelaxed_rank_001_alphafold2_ptm_model_1_seed_042.pdb,85.93093525179856,73.3164,15.591253,5.952559,8.844167280197144,11,1
/fs/ess/PAA0203/xing244/AF_ClaSeq/results_NC_revision/ABL1/m_fold_random/01_m_fold_sampling/round_1/01_sampling/sampling_50/group_43_unrelaxed_rank_001_alphafold2_ptm_model_1_seed_042.pdb,84.34784172661871,69.38879999999999,17.049131,6.2051373,9.458335494995117,11,1
/fs/ess/PAA0203/xing244/AF_ClaSeq/results_NC_revision/ABL1/m_fold_random/01_m_fold_sampling/round_1/01_sampling/sampling_50/group_25_unrelaxed_rank_001_alphafold2_ptm_model_1_seed_042.pdb,87.61111510791366,82.7608,17.47834,6.34969,9.688285017013548,11,1
/fs/ess/PAA0203/xing244/AF_ClaSeq/results_NC_revision/ABL1/m_fold_random/01_m_fold_sampling/round_1/01_sampling/sampling_50/group_3_unrelaxed_rank_001_alphafold2_ptm_model_1_seed_042.pdb,82.8239928057554,61.0364,17.094625,6.422204,9.62393045425415,11,1
/fs/ess/PAA0203/xing244/AF_ClaSeq/results_NC_revision/ABL1/m_fold_random/01_m_fold_sampling/round_1/01_sampling/sampling_50/group_34_unrelaxed_rank_001_alphafold2_ptm_model_1_seed_042.pdb,82.88381294964027,57.324000000000005,17.89703,6.3631063,9.823283338546752,11,1
/fs/ess/PAA0203/xing244/AF_ClaSeq/results_NC_revision/ABL1/m_fold_random/01_m_fold_sampling/round_1/01_sampling/sampling_50/group_9_unrelaxed_rank_001_alphafold2_ptm_model_1_seed_042.pdb,81.21827338129496,57.37200000000001,16.607447,7.3006244,10.092671060562132,11,1
/fs/ess/PAA0203/xing244/AF_ClaSeq/results_NC_revision/ABL1/m_fold_random/01_m_fold_sampling/round_1/01_sampling/sampling_50/group_47_unrelaxed_rank_001_alphafold2_ptm_model_1_seed_042.pdb,81.0843165467626,44.50680000000001,16.460022,6.2298884,9.298928499221802,11,1
/fs/ess/PAA0203/xing244/AF_ClaSeq/results_NC_revision/ABL1/m_fold_random/01_m_fold_sampling/round_1/01_sampling/sampling_50/group_35_unrelaxed_rank_001_alphafold2_ptm_model_1_seed_042.pdb,86.28895683453239,73.736,17.42653,6.2804894,9.624301862716674,11,1
/fs/ess/PAA0203/xing244/AF_ClaSeq/results_NC_revision/ABL1/m_fold_random/01_m_fold_sampling/round_1/01_sampling/sampling_50/group_24_unrelaxed_rank_001_alphafold2_ptm_model_1_seed_042.pdb,85.64053956834532,67.5284,17.040295,6.249071,9.486438179016112,11,1
/fs/ess/PAA0203/xing244/AF_ClaSeq/results_NC_revision/ABL1/m_fold_random/01_m_fold_sampling/round_1/01_sampling/sampling_50/group_40_unrelaxed_rank_001_alphafold2_ptm_model_1_seed_042.pdb,84.38607913669064,63.06080000000001,17.045527,6.2559056,9.492791891098022,11,1
/fs/ess/PAA0203/xing244/AF_ClaSeq/results_NC_revision/ABL1/m_fold_random/01_m_fold_sampling/round_1/01_sampling/sampling_50/group_1_unrelaxed_rank_001_alphafold2_ptm_model_1_seed_042.pdb,78.17021582733813,48.39759999999999,17.099241,4.7411213,8.448557281494141,11,1
/fs/ess/PAA0203/xing244/AF_ClaSeq/results_NC_revision/ABL1/m_fold_random/01_m_fold_sampling/round_1/01_sampling/sampling_50/group_30_unrelaxed_rank_001_alphafold2_ptm_model_1_seed_042.pdb,85.32794964028777,65.5788,16.698479,6.469222,9.537999057769774,11,1
/fs/ess/PAA0203/xing244/AF_ClaSeq/results_NC_revision/ABL1/m_fold_random/01_m_fold_sampling/round_1/01_sampling/sampling_50/group_26_unrelaxed_rank_001_alphafold2_ptm_model_1_seed_042.pdb,83.42312949640286,60.193599999999996,17.207867,6.923011,10.008467578887938,11,1
/fs/ess/PAA0203/xing244/AF_ClaSeq/results_NC_revision/ABL1/m_fold_random/01_m_fold_sampling/round_1/01_sampling/sampling_50/group_39_unrelaxed_rank_001_alphafold2_ptm_model_1_seed_042.pdb,84.31971223021581,58.2244,17.25431,6.511134,9.734087085723877,11,1
/fs/ess/PAA0203/xing244/AF_ClaSeq/results_NC_revision/ABL1/m_fold_random/01_m_fold_sampling/round_1/01_sampling/sampling_50/group_11_unrelaxed_rank_001_alphafold2_ptm_model_1_seed_042.pdb,83.03478417266187,54.062400000000004,16.488604,6.392257,9.421161127090453,11,1
/fs/ess/PAA0203/xing244/AF_ClaSeq/results_NC_revision/ABL1/m_fold_random/01_m_fold_sampling/round_1/01_sampling/sampling_50/group_49_unrelaxed_rank_001_alphafold2_ptm_model_1_seed_042.pdb,83.81064748201439,48.19200000000001,17.24987,6.7761908,9.918294620513915,12,1
/fs/ess/PAA0203/xing244/AF_ClaSeq/results_NC_revision/ABL1/m_fold_random/01_m_fold_sampling/round_1/01_sampling/sampling_50/group_45_unrelaxed_rank_001_alphafold2_ptm_model_1_seed_042.pdb,87.7971582733813,83.8,17.12127,6.23896,9.50365262031555,11,1
/fs/ess/PAA0203/xing244/AF_ClaSeq/results_NC_revision/ABL1/m_fold_random/01_m_fold_sampling/round_1/01_sampling/sampling_50/group_2_unrelaxed_rank_001_alphafold2_ptm_model_1_seed_042.pdb,86.51856115107914,74.1308,17.44243,6.341005,9.671432542800904,11,1
/fs/ess/PAA0203/xing244/AF_ClaSeq/results_NC_revision/ABL1/m_fold_random/01_m_fold_sampling/round_1/01_sampling/sampling_50/group_36_unrelaxed_rank_001_alphafold2_ptm_model_1_seed_042.pdb,82.41446043165467,49.266000000000005,13.689314,7.532683,9.37967219352722,11,1
/fs/ess/PAA0203/xing244/AF_ClaSeq/results_NC_revision/ABL1/m_fold_random/01_m_fold_sampling/round_1/01_sampling/sampling_34/group_20_unrelaxed_rank_001_alphafold2_ptm_model_1_seed_042.pdb,83.97640287769784,60.38440000000001,16.88224,3.620733,7.59918520450592,11,1
/fs/ess/PAA0203/xing244/AF_ClaSeq/results_NC_revision/ABL1/m_fold_random/01_m_fold_sampling/round_1/01_sampling/sampling_34/group_44_unrelaxed_rank_001_alphafold2_ptm_model_1_seed_042.pdb,85.23194244604316,63.363600000000005,16.499409,6.718554,9.652810430526733,11,1
/fs/ess/PAA0203/xing244/AF_ClaSeq/results_NC_revision/ABL1/m_fold_random/01_m_fold_sampling/round_1/01_sampling/sampling_34/group_16_unrelaxed_rank_001_alphafold2_ptm_model_1_seed_042.pdb,85.67665467625899,70.4444,17.545664,6.509103,9.820071125030516,11,1
/fs/ess/PAA0203/xing244/AF_ClaSeq/results_NC_revision/ABL1/m_fold_random/01_m_fold_sampling/round_1/01_sampling/sampling_34/group_8_unrelaxed_rank_001_alphafold2_ptm_model_1_seed_042.pdb,83.13996402877699,55.330799999999996,17.211706,7.1345677,10.157709264755248,11,1
/fs/ess/PAA0203/xing244/AF_ClaSeq/results_NC_revision/ABL1/m_fold_random/01_m_fold_sampling/round_1/01_sampling/sampling_34/group_48_unrelaxed_rank_001_alphafold2_ptm_model_1_seed_042.pdb,86.98431654676259,73.168,17.344017,6.4242315,9.700167179107666,11,1
/fs/ess/PAA0203/xing244/AF_ClaSeq/results_NC_revision/ABL1/m_fold_random/01_m_fold_sampling/round_1/01_sampling/sampling_34/group_6_unrelaxed_rank_001_alphafold2_ptm_model_1_seed_042.pdb,85.0471582733813,65.14479999999999,17.311523,6.4113655,9.681412887573241,11,1
/fs/ess/PAA0203/xing244/AF_ClaSeq/results_NC_revision/ABL1/m_fold_random/01_m_fold_sampling/round_1/01_sampling/sampling_34/group_19_unrelaxed_rank_001_alphafold2_ptm_model_1_seed_042.pdb,82.86374100719425,60.1396,16.474058,4.6495824,8.196925115585326,11,1
/fs/ess/PAA0203/xing244/AF_ClaSeq/results_NC_revision/ABL1/m_fold_random/01_m_fold_sampling/round_1/01_sampling/sampling_34/group_13_unrelaxed_rank_001_alphafold2_ptm_model_1_seed_042.pdb,81.10751798561151,56.5892,17.325607,6.419561,9.691374826431275,11,1
/fs/ess/PAA0203/xing244/AF_ClaSeq/results_NC_revision/ABL1/m_fold_random/01_m_fold_sampling/round_1/01_sampling/sampling_34/group_28_unrelaxed_rank_001_alphafold2_ptm_model_1_seed_042.pdb,86.53151079136691,73.5292,17.34981,6.378604,9.669965648651122,11,1
/fs/ess/PAA0203/xing244/AF_ClaSeq/results_NC_revision/ABL1/m_fold_random/01_m_fold_sampling/round_1/01_sampling/sampling_34/group_32_unrelaxed_rank_001_alphafold2_ptm_model_1_seed_042.pdb,86.90302158273381,72.764,17.267563,6.2891636,9.582683372497558,11,1
/fs/ess/PAA0203/xing244/AF_ClaSeq/results_NC_revision/ABL1/m_fold_random/01_m_fold_sampling/round_1/01_sampling/sampling_34/group_22_unrelaxed_rank_001_alphafold2_ptm_model_1_seed_042.pdb,85.19420863309352,66.55,18.013504,6.4473524,9.917197895050048,11,1
/fs/ess/PAA0203/xing244/AF_ClaSeq/results_NC_revision/ABL1/m_fold_random/01_m_fold_sampling/round_1/01_sampling/sampling_34/group_7_unrelaxed_rank_001_alphafold2_ptm_model_1_seed_042.pdb,83.98489208633093,63.674,16.78423,6.5373287,9.611398887634277,11,1
/fs/ess/PAA0203/xing244/AF_ClaSeq/results_NC_revision/ABL1/m_fold_random/01_m_fold_sampling/round_1/01_sampling/sampling_34/group_21_unrelaxed_rank_001_alphafold2_ptm_model_1_seed_042.pdb,85.24773381294965,74.2444,17.362139,6.4623914,9.732315587997435,11,1
/fs/ess/PAA0203/xing244/AF_ClaSeq/results_NC_revision/ABL1/m_fold_random/01_m_fold_sampling/round_1/01_sampling/sampling_34/group_41_unrelaxed_rank_001_alphafold2_ptm_model_1_seed_042.pdb,74.07053956834532,49.8124,18.073893,7.10965,10.398922872543334,11,1
/fs/ess/PAA0203/xing244/AF_ClaSeq/results_NC_revision/ABL1/m_fold_random/01_m_fold_sampling/round_1/01_sampling/sampling_34/group_31_unrelaxed_rank_001_alphafold2_ptm_model_1_seed_042.pdb,81.6018345323741,53.8984,17.034693,6.216821,9.462182664871214,11,1
/fs/ess/PAA0203/xing244/AF_ClaSeq/results_NC_revision/ABL1/m_fold_random/01_m_fold_sampling/round_1/01_sampling/sampling_34/group_46_unrelaxed_rank_001_alphafold2_ptm_model_1_seed_042.pdb,83.6468345323741,58.174400000000006,17.202753,6.385539,9.630703258514405,11,1
/fs/ess/PAA0203/xing244/AF_ClaSeq/results_NC_revision/ABL1/m_fold_random/01_m_fold_sampling/round_1/01_sampling/sampling_34/group_17_unrelaxed_rank_001_alphafold2_ptm_model_1_seed_042.pdb,81.45039568345324,52.508,17.554508,6.4294863,9.766992855072022,11,1
/fs/ess/PAA0203/xing244/AF_ClaSeq/results_NC_revision/ABL1/m_fold_random/01_m_fold_sampling/round_1/01_sampling/sampling_34/group_14_unrelaxed_rank_001_alphafold2_ptm_model_1_seed_042.pdb,84.51676258992806,74.5252,17.30182,6.6094127,9.817135095596313,11,1
/fs/ess/PAA0203/xing244/AF_ClaSeq/results_NC_revision/ABL1/m_fold_random/01_m_fold_sampling/round_1/01_sampling/sampling_34/group_4_unrelaxed_rank_001_alphafold2_ptm_model_1_seed_042.pdb,84.20100719424461,57.510799999999996,17.519106,6.226665,9.614397287368774,11,1
/fs/ess/PAA0203/xing244/AF_ClaSeq/results_NC_revision/ABL1/m_fold_random/01_m_fold_sampling/round_1/01_sampling/sampling_34/group_12_unrelaxed_rank_001_alphafold2_ptm_model_1_seed_042.pdb,87.75622302158273,76.95479999999999,17.194382,6.34048,9.596650409698487,11,1
/fs/ess/PAA0203/xing244/AF_ClaSeq/results_NC_revision/ABL1/m_fold_random/01_m_fold_sampling/round_1/01_sampling/sampling_34/group_38_unrelaxed_rank_001_alphafold2_ptm_model_1_seed_042.pdb,85.36442446043165,75.1792,17.1595,6.178584,9.472858905792236,11,1
/fs/ess/PAA0203/xing244/AF_ClaSeq/results_NC_revision/ABL1/m_fold_random/01_m_fold_sampling/round_1/01_sampling/sampling_34/group_15_unrelaxed_rank_001_alphafold2_ptm_model_1_seed_042.pdb,82.04629496402879,60.7684,17.095844,6.6841598,9.8076651096344,11,1
/fs/ess/PAA0203/xing244/AF_ClaSeq/results_NC_revision/ABL1/m_fold_random/01_m_fold_sampling/round_1/01_sampling/sampling_34/group_23_unrelaxed_rank_001_alphafold2_ptm_model_1_seed_042.pdb,81.83341726618704,51.183600000000006,18.232115,7.3285537,10.599622011184692,11,1
/fs/ess/PAA0203/xing244/AF_ClaSeq/results_NC_revision/ABL1/m_fold_random/01_m_fold_sampling/round_1/01_sampling/sampling_34/group_5_unrelaxed_rank_001_alphafold2_ptm_model_1_seed_042.pdb,79.99082733812949,45.758399999999995,15.712803,6.778437,9.458746862411498,11,1
/fs/ess/PAA0203/xing244/AF_ClaSeq/results_NC_revision/ABL1/m_fold_random/01_m_fold_sampling/round_1/01_sampling/sampling_34/group_33_unrelaxed_rank_001_alphafold2_ptm_model_1_seed_042.pdb,88.70446043165468,85.7968,17.492342,6.3833146,9.716022825241089,11,1
/fs/ess/PAA0203/xing244/AF_ClaSeq/results_NC_revision/ABL1/m_fold_random/01_m_fold_sampling/round_1/01_sampling/sampling_34/group_27_unrelaxed_rank_001_alphafold2_ptm_model_1_seed_042.pdb,88.90197841726619,87.03399999999999,17.4191,6.400976,9.706413269042969,11,1
/fs/ess/PAA0203/xing244/AF_ClaSeq/results_NC_revision/ABL1/m_fold_random/01_m_fold_sampling/round_1/01_sampling/sampling_34/group_42_unrelaxed_rank_001_alphafold2_ptm_model_1_seed_042.pdb,85.34028776978417,67.286,17.219769,6.4222326,9.661493396759033,11,1
/fs/ess/PAA0203/xing244/AF_ClaSeq/results_NC_revision/ABL1/m_fold_random/01_m_fold_sampling/round_1/01_sampling/sampling_34/group_10_unrelaxed_rank_001_alphafold2_ptm_model_1_seed_042.pdb,86.73579136690648,70.9112,17.294865,6.3287477,9.618582820892334,11,1
/fs/ess/PAA0203/xing244/AF_ClaSeq/results_NC_revision/ABL1/m_fold_random/01_m_fold_sampling/round_1/01_sampling/sampling_34/group_37_unrelaxed_rank_001_alphafold2_ptm_model_1_seed_042.pdb,87.45758992805754,84.5756,17.250908,6.3358526,9.610369205474854,11,1
/fs/ess/PAA0203/xing244/AF_ClaSeq/results_NC_revision/ABL1/m_fold_random/01_m_fold_sampling/round_1/01_sampling/sampling_34/group_29_unrelaxed_rank_001_alphafold2_ptm_model_1_seed_042.pdb,85.73687050359713,70.3888,17.315619,6.3876877,9.666066932678222,11,1
/fs/ess/PAA0203/xing244/AF_ClaSeq/results_NC_revision/ABL1/m_fold_random/01_m_fold_sampling/round_1/01_sampling/sampling_34/group_18_unrelaxed_rank_001_alphafold2_ptm_model_1_seed_042.pdb,85.36640287769784,69.7512,17.579735,4.996219,8.771273851394653,11,1
/fs/ess/PAA0203/xing244/AF_ClaSeq/results_NC_revision/ABL1/m_fold_random/01_m_fold_sampling/round_1/01_sampling/sampling_34/group_43_unrelaxed_rank_001_alphafold2_ptm_model_1_seed_042.pdb,85.3273381294964,75.35,17.352669,6.46593,9.731951618194579,11,1
/fs/ess/PAA0203/xing244/AF_ClaSeq/results_NC_revision/ABL1/m_fold_random/01_m_fold_sampling/round_1/01_sampling/sampling_34/group_25_unrelaxed_rank_001_alphafold2_ptm_model_1_seed_042.pdb,83.8253237410072,70.0324,17.127241,7.5415397,10.417250108718871,11,1
/fs/ess/PAA0203/xing244/AF_ClaSeq/results_NC_revision/ABL1/m_fold_random/01_m_fold_sampling/round_1/01_sampling/sampling_34/group_3_unrelaxed_rank_001_alphafold2_ptm_model_1_seed_042.pdb,87.34330935251798,80.5232,17.471148,6.4311438,9.743144893646239,11,1
/fs/ess/PAA0203/xing244/AF_ClaSeq/results_NC_revision/ABL1/m_fold_random/01_m_fold_sampling/round_1/01_sampling/sampling_34/group_34_unrelaxed_rank_001_alphafold2_ptm_model_1_seed_042.pdb,84.61082733812948,62.67400000000001,17.24226,6.428218,9.672430515289307,11,1
/fs/ess/PAA0203/xing244/AF_ClaSeq/results_NC_revision/ABL1/m_fold_random/01_m_fold_sampling/round_1/01_sampling/sampling_34/group_9_unrelaxed_rank_001_alphafold2_ptm_model_1_seed_042.pdb,86.04946043165468,73.2912,17.056328,6.2436495,9.487452983856201,11,1
/fs/ess/PAA0203/xing244/AF_ClaSeq/results_NC_revision/ABL1/m_fold_random/01_m_fold_sampling/round_1/01_sampling/sampling_34/group_47_unrelaxed_rank_001_alphafold2_ptm_model_1_seed_042.pdb,85.91392086330936,70.12200000000001,17.125648,7.271884,10.22801332473755,11,1
/fs/ess/PAA0203/xing244/AF_ClaSeq/results_NC_revision/ABL1/m_fold_random/01_m_fold_sampling/round_1/01_sampling/sampling_34/group_35_unrelaxed_rank_001_alphafold2_ptm_model_1_seed_042.pdb,84.5271942446043,66.50359999999999,17.230171,6.3961043,9.646324396133423,11,1
/fs/ess/PAA0203/xing244/AF_ClaSeq/results_NC_revision/ABL1/m_fold_random/01_m_fold_sampling/round_1/01_sampling/sampling_34/group_24_unrelaxed_rank_001_alphafold2_ptm_model_1_seed_042.pdb,86.47568345323741,69.234,17.308441,6.4355993,9.697451877593995,11,1
/fs/ess/PAA0203/xing244/AF_ClaSeq/results_NC_revision/ABL1/m_fold_random/01_m_fold_sampling/round_1/01_sampling/sampling_34/group_40_unrelaxed_rank_001_alphafold2_ptm_model_1_seed_042.pdb,81.95881294964029,56.326800000000006,17.071339,6.546817,9.704173374176026,11,1
/fs/ess/PAA0203/xing244/AF_ClaSeq/results_NC_revision/ABL1/m_fold_random/01_m_fold_sampling/round_1/01_sampling/sampling_34/group_1_unrelaxed_rank_001_alphafold2_ptm_model_1_seed_042.pdb,82.48737410071942,62.47800000000001,17.113684,6.696389,9.821577548980713,11,1
/fs/ess/PAA0203/xing244/AF_ClaSeq/results_NC_revision/ABL1/m_fold_random/01_m_fold_sampling/round_1/01_sampling/sampling_34/group_30_unrelaxed_rank_001_alphafold2_ptm_model_1_seed_042.pdb,87.47604316546763,79.3248,17.265047,6.3406324,9.617956829071044,11,1
/fs/ess/PAA0203/xing244/AF_ClaSeq/results_NC_revision/ABL1/m_fold_random/01_m_fold_sampling/round_1/01_sampling/sampling_34/group_26_unrelaxed_rank_001_alphafold2_ptm_model_1_seed_042.pdb,88.3136690647482,83.41040000000001,17.467436,6.374964,9.702705717086792,11,1
/fs/ess/PAA0203/xing244/AF_ClaSeq/results_NC_revision/ABL1/m_fold_random/01_m_fold_sampling/round_1/01_sampling/sampling_34/group_39_unrelaxed_rank_001_alphafold2_ptm_model_1_seed_042.pdb,88.12446043165467,87.7192,17.427982,6.3550434,9.676925086975096,11,1
/fs/ess/PAA0203/xing244/AF_ClaSeq/results_NC_revision/ABL1/m_fold_random/01_m_fold_sampling/round_1/01_sampling/sampling_34/group_11_unrelaxed_rank_001_alphafold2_ptm_model_1_seed_042.pdb,82.5484892086331,66.648,16.9702,6.0976295,9.35940055847168,11,1
/fs/ess/PAA0203/xing244/AF_ClaSeq/results_NC_revision/ABL1/m_fold_random/01_m_fold_sampling/round_1/01_sampling/sampling_34/group_49_unrelaxed_rank_001_alphafold2_ptm_model_1_seed_042.pdb,86.57978417266187,65.51719999999999,17.255878,6.2246675,9.534030818939208,12,1
/fs/ess/PAA0203/xing244/AF_ClaSeq/results_NC_revision/ABL1/m_fold_random/01_m_fold_sampling/round_1/01_sampling/sampling_34/group_45_unrelaxed_rank_001_alphafold2_ptm_model_1_seed_042.pdb,63.66183453237411,36.61000000000001,10.10235,7.1843333,8.059738397598267,11,1
/fs/ess/PAA0203/xing244/AF_ClaSeq/results_NC_revision/ABL1/m_fold_random/01_m_fold_sampling/round_1/01_sampling/sampling_34/group_2_unrelaxed_rank_001_alphafold2_ptm_model_1_seed_042.pdb,85.34517985611511,68.3836,16.936834,6.3114634,9.49907464981079,11,1
/fs/ess/PAA0203/xing244/AF_ClaSeq/results_NC_revision/ABL1/m_fold_random/01_m_fold_sampling/round_1/01_sampling/sampling_34/group_36_unrelaxed_rank_001_alphafold2_ptm_model_1_seed_042.pdb,83.84359712230217,60.505599999999994,17.009304,6.5394535,9.680408668518066,11,1
