PDB,plddt,local_plddt,seq_count,bound_rmsd,apo_rmsd
/fs/ess/PAA0203/xing244/AF_ClaSeq/results_updated/T1214/run2/divide_and_conquer/clades/clade_001/shuffle_01/group_003_unrelaxed_rank_001_alphafold2_ptm_model_1_seed_000.pdb,56.214785819793214,60.867948717948714,13,3.1756935,3.788325
/fs/ess/PAA0203/xing244/AF_ClaSeq/results_updated/T1214/run2/divide_and_conquer/clades/clade_001/shuffle_01/group_002_unrelaxed_rank_001_alphafold2_ptm_model_1_seed_000.pdb,57.29810930576071,63.98179487179488,13,2.8622077,4.155367
/fs/ess/PAA0203/xing244/AF_ClaSeq/results_updated/T1214/run2/divide_and_conquer/clades/clade_001/shuffle_01/group_006_unrelaxed_rank_001_alphafold2_ptm_model_1_seed_000.pdb,53.83444608567208,60.5776923076923,13,3.5288978,5.2820687
/fs/ess/PAA0203/xing244/AF_ClaSeq/results_updated/T1214/run2/divide_and_conquer/clades/clade_001/shuffle_01/group_005_unrelaxed_rank_001_alphafold2_ptm_model_1_seed_000.pdb,55.33385524372231,60.68051282051283,13,3.200507,4.2631207
/fs/ess/PAA0203/xing244/AF_ClaSeq/results_updated/T1214/run2/divide_and_conquer/clades/clade_001/shuffle_01/group_008_unrelaxed_rank_001_alphafold2_ptm_model_1_seed_000.pdb,64.95262924667651,66.89948717948718,17,2.9707742,4.3212504
/fs/ess/PAA0203/xing244/AF_ClaSeq/results_updated/T1214/run2/divide_and_conquer/clades/clade_001/shuffle_01/group_007_unrelaxed_rank_001_alphafold2_ptm_model_1_seed_000.pdb,69.12333825701624,70.24820512820514,13,3.6461596,3.5364904
/fs/ess/PAA0203/xing244/AF_ClaSeq/results_updated/T1214/run2/divide_and_conquer/clades/clade_001/shuffle_01/group_001_unrelaxed_rank_001_alphafold2_ptm_model_1_seed_000.pdb,57.976041358936484,63.667948717948725,13,3.0319996,4.329204
/fs/ess/PAA0203/xing244/AF_ClaSeq/results_updated/T1214/run2/divide_and_conquer/clades/clade_001/shuffle_01/group_004_unrelaxed_rank_001_alphafold2_ptm_model_1_seed_000.pdb,58.72307237813883,64.42230769230768,13,3.5013168,3.6139386
/fs/ess/PAA0203/xing244/AF_ClaSeq/results_updated/T1214/run2/divide_and_conquer/clades/clade_001/shuffle_02/group_003_unrelaxed_rank_001_alphafold2_ptm_model_1_seed_000.pdb,51.96289512555391,36.888461538461534,13,29.877487,31.237331
/fs/ess/PAA0203/xing244/AF_ClaSeq/results_updated/T1214/run2/divide_and_conquer/clades/clade_001/shuffle_02/group_002_unrelaxed_rank_001_alphafold2_ptm_model_1_seed_000.pdb,57.621861152141804,64.8725641025641,13,2.6598294,4.4868665
/fs/ess/PAA0203/xing244/AF_ClaSeq/results_updated/T1214/run2/divide_and_conquer/clades/clade_001/shuffle_02/group_006_unrelaxed_rank_001_alphafold2_ptm_model_1_seed_000.pdb,50.83224519940916,58.485384615384625,13,5.9232693,3.203866
/fs/ess/PAA0203/xing244/AF_ClaSeq/results_updated/T1214/run2/divide_and_conquer/clades/clade_001/shuffle_02/group_005_unrelaxed_rank_001_alphafold2_ptm_model_1_seed_000.pdb,52.10756277695717,60.93435897435898,13,3.7501588,3.472128
/fs/ess/PAA0203/xing244/AF_ClaSeq/results_updated/T1214/run2/divide_and_conquer/clades/clade_001/shuffle_02/group_008_unrelaxed_rank_001_alphafold2_ptm_model_1_seed_000.pdb,57.89262924667651,38.122307692307686,17,24.020731,25.194132
/fs/ess/PAA0203/xing244/AF_ClaSeq/results_updated/T1214/run2/divide_and_conquer/clades/clade_001/shuffle_02/group_007_unrelaxed_rank_001_alphafold2_ptm_model_1_seed_000.pdb,52.986957163958635,59.982820512820524,13,3.5301044,3.802805
/fs/ess/PAA0203/xing244/AF_ClaSeq/results_updated/T1214/run2/divide_and_conquer/clades/clade_001/shuffle_02/group_001_unrelaxed_rank_001_alphafold2_ptm_model_1_seed_000.pdb,57.79976366322009,62.4725641025641,13,4.1244206,3.6119158
/fs/ess/PAA0203/xing244/AF_ClaSeq/results_updated/T1214/run2/divide_and_conquer/clades/clade_001/shuffle_02/group_004_unrelaxed_rank_001_alphafold2_ptm_model_1_seed_000.pdb,53.0333234859675,61.050512820512814,13,2.9012103,4.795462
/fs/ess/PAA0203/xing244/AF_ClaSeq/results_updated/T1214/run2/divide_and_conquer/clades/clade_001/shuffle_03/group_003_unrelaxed_rank_001_alphafold2_ptm_model_1_seed_000.pdb,61.61112259970457,66.57256410256412,13,2.6444411,4.255846
/fs/ess/PAA0203/xing244/AF_ClaSeq/results_updated/T1214/run2/divide_and_conquer/clades/clade_001/shuffle_03/group_002_unrelaxed_rank_001_alphafold2_ptm_model_1_seed_000.pdb,54.12373707533236,61.84538461538461,13,2.4330466,4.544184
/fs/ess/PAA0203/xing244/AF_ClaSeq/results_updated/T1214/run2/divide_and_conquer/clades/clade_001/shuffle_03/group_006_unrelaxed_rank_001_alphafold2_ptm_model_1_seed_000.pdb,52.05592319054653,60.88,13,3.3211172,4.0200496
/fs/ess/PAA0203/xing244/AF_ClaSeq/results_updated/T1214/run2/divide_and_conquer/clades/clade_001/shuffle_03/group_005_unrelaxed_rank_001_alphafold2_ptm_model_1_seed_000.pdb,53.04078286558346,59.65974358974358,13,4.1944857,2.9606798
/fs/ess/PAA0203/xing244/AF_ClaSeq/results_updated/T1214/run2/divide_and_conquer/clades/clade_001/shuffle_03/group_008_unrelaxed_rank_001_alphafold2_ptm_model_1_seed_000.pdb,68.11714918759232,66.16076923076925,17,3.38792,3.5007842
/fs/ess/PAA0203/xing244/AF_ClaSeq/results_updated/T1214/run2/divide_and_conquer/clades/clade_001/shuffle_03/group_007_unrelaxed_rank_001_alphafold2_ptm_model_1_seed_000.pdb,52.72255539143279,60.647948717948715,13,4.4230447,2.808155
/fs/ess/PAA0203/xing244/AF_ClaSeq/results_updated/T1214/run2/divide_and_conquer/clades/clade_001/shuffle_03/group_001_unrelaxed_rank_001_alphafold2_ptm_model_1_seed_000.pdb,58.45955686853766,64.56076923076922,13,2.4272058,4.5900555
/fs/ess/PAA0203/xing244/AF_ClaSeq/results_updated/T1214/run2/divide_and_conquer/clades/clade_001/shuffle_03/group_004_unrelaxed_rank_001_alphafold2_ptm_model_1_seed_000.pdb,51.1398670605613,34.387692307692305,13,28.979782,30.251968
/fs/ess/PAA0203/xing244/AF_ClaSeq/results_updated/T1214/run2/divide_and_conquer/clades/clade_001/shuffle_04/group_003_unrelaxed_rank_001_alphafold2_ptm_model_1_seed_000.pdb,53.98088626292466,63.044615384615376,13,4.667921,2.7391045
/fs/ess/PAA0203/xing244/AF_ClaSeq/results_updated/T1214/run2/divide_and_conquer/clades/clade_001/shuffle_04/group_002_unrelaxed_rank_001_alphafold2_ptm_model_1_seed_000.pdb,63.10635155096012,67.26512820512819,13,1.4878618,5.884732
/fs/ess/PAA0203/xing244/AF_ClaSeq/results_updated/T1214/run2/divide_and_conquer/clades/clade_001/shuffle_04/group_006_unrelaxed_rank_001_alphafold2_ptm_model_1_seed_000.pdb,55.14135893648449,60.68025641025641,13,3.1267774,4.081623
/fs/ess/PAA0203/xing244/AF_ClaSeq/results_updated/T1214/run2/divide_and_conquer/clades/clade_001/shuffle_04/group_005_unrelaxed_rank_001_alphafold2_ptm_model_1_seed_000.pdb,56.20757754800591,60.02282051282052,13,3.3826942,3.7448933
/fs/ess/PAA0203/xing244/AF_ClaSeq/results_updated/T1214/run2/divide_and_conquer/clades/clade_001/shuffle_04/group_008_unrelaxed_rank_001_alphafold2_ptm_model_1_seed_000.pdb,53.387119645494835,62.34358974358973,17,3.706074,3.470471
/fs/ess/PAA0203/xing244/AF_ClaSeq/results_updated/T1214/run2/divide_and_conquer/clades/clade_001/shuffle_04/group_007_unrelaxed_rank_001_alphafold2_ptm_model_1_seed_000.pdb,69.19553914327918,68.08871794871796,13,2.9595509,4.2265115
/fs/ess/PAA0203/xing244/AF_ClaSeq/results_updated/T1214/run2/divide_and_conquer/clades/clade_001/shuffle_04/group_001_unrelaxed_rank_001_alphafold2_ptm_model_1_seed_000.pdb,52.941624815361884,36.83846153846154,13,28.905823,30.39705
/fs/ess/PAA0203/xing244/AF_ClaSeq/results_updated/T1214/run2/divide_and_conquer/clades/clade_001/shuffle_04/group_004_unrelaxed_rank_001_alphafold2_ptm_model_1_seed_000.pdb,51.852067946824235,57.62538461538461,13,3.929142,3.6042495
/fs/ess/PAA0203/xing244/AF_ClaSeq/results_updated/T1214/run2/divide_and_conquer/clades/clade_001/shuffle_05/group_003_unrelaxed_rank_001_alphafold2_ptm_model_1_seed_000.pdb,54.658951255539144,59.957692307692305,13,3.555586,3.7367795
/fs/ess/PAA0203/xing244/AF_ClaSeq/results_updated/T1214/run2/divide_and_conquer/clades/clade_001/shuffle_05/group_002_unrelaxed_rank_001_alphafold2_ptm_model_1_seed_000.pdb,55.837223042836044,62.326410256410256,13,4.3900642,2.7329564
/fs/ess/PAA0203/xing244/AF_ClaSeq/results_updated/T1214/run2/divide_and_conquer/clades/clade_001/shuffle_05/group_006_unrelaxed_rank_001_alphafold2_ptm_model_1_seed_000.pdb,61.22719350073855,65.6453846153846,13,3.4295964,3.8746367
/fs/ess/PAA0203/xing244/AF_ClaSeq/results_updated/T1214/run2/divide_and_conquer/clades/clade_001/shuffle_05/group_005_unrelaxed_rank_001_alphafold2_ptm_model_1_seed_000.pdb,55.96654357459381,62.586153846153834,13,3.4389918,3.6256964
/fs/ess/PAA0203/xing244/AF_ClaSeq/results_updated/T1214/run2/divide_and_conquer/clades/clade_001/shuffle_05/group_008_unrelaxed_rank_001_alphafold2_ptm_model_1_seed_000.pdb,69.92630723781389,71.41871794871794,17,2.3608038,5.025079
/fs/ess/PAA0203/xing244/AF_ClaSeq/results_updated/T1214/run2/divide_and_conquer/clades/clade_001/shuffle_05/group_007_unrelaxed_rank_001_alphafold2_ptm_model_1_seed_000.pdb,56.82128508124076,57.004102564102574,13,3.4111753,4.313066
/fs/ess/PAA0203/xing244/AF_ClaSeq/results_updated/T1214/run2/divide_and_conquer/clades/clade_001/shuffle_05/group_001_unrelaxed_rank_001_alphafold2_ptm_model_1_seed_000.pdb,57.67075332348597,64.19461538461539,13,3.1401746,4.3386126
/fs/ess/PAA0203/xing244/AF_ClaSeq/results_updated/T1214/run2/divide_and_conquer/clades/clade_001/shuffle_05/group_004_unrelaxed_rank_001_alphafold2_ptm_model_1_seed_000.pdb,56.13240768094535,58.90358974358975,13,4.182078,3.3587964
/fs/ess/PAA0203/xing244/AF_ClaSeq/results_updated/T1214/run2/divide_and_conquer/clades/clade_001/shuffle_06/group_003_unrelaxed_rank_001_alphafold2_ptm_model_1_seed_000.pdb,55.77189069423928,63.70307692307693,13,2.3112671,5.2913117
/fs/ess/PAA0203/xing244/AF_ClaSeq/results_updated/T1214/run2/divide_and_conquer/clades/clade_001/shuffle_06/group_002_unrelaxed_rank_001_alphafold2_ptm_model_1_seed_000.pdb,50.53166912850813,62.374102564102564,13,4.9208093,2.848797
/fs/ess/PAA0203/xing244/AF_ClaSeq/results_updated/T1214/run2/divide_and_conquer/clades/clade_001/shuffle_06/group_006_unrelaxed_rank_001_alphafold2_ptm_model_1_seed_000.pdb,55.8862481536189,62.922307692307676,13,3.588936,3.81433
/fs/ess/PAA0203/xing244/AF_ClaSeq/results_updated/T1214/run2/divide_and_conquer/clades/clade_001/shuffle_06/group_005_unrelaxed_rank_001_alphafold2_ptm_model_1_seed_000.pdb,53.17683899556869,61.23717948717949,13,3.824506,3.7939975
/fs/ess/PAA0203/xing244/AF_ClaSeq/results_updated/T1214/run2/divide_and_conquer/clades/clade_001/shuffle_06/group_008_unrelaxed_rank_001_alphafold2_ptm_model_1_seed_000.pdb,57.95940915805023,65.73564102564104,17,4.418496,2.598514
/fs/ess/PAA0203/xing244/AF_ClaSeq/results_updated/T1214/run2/divide_and_conquer/clades/clade_001/shuffle_06/group_007_unrelaxed_rank_001_alphafold2_ptm_model_1_seed_000.pdb,56.672156573116695,59.92692307692308,13,4.4961004,4.544776
/fs/ess/PAA0203/xing244/AF_ClaSeq/results_updated/T1214/run2/divide_and_conquer/clades/clade_001/shuffle_06/group_001_unrelaxed_rank_001_alphafold2_ptm_model_1_seed_000.pdb,65.6073707533235,66.37538461538463,13,3.8374093,3.1234136
/fs/ess/PAA0203/xing244/AF_ClaSeq/results_updated/T1214/run2/divide_and_conquer/clades/clade_001/shuffle_06/group_004_unrelaxed_rank_001_alphafold2_ptm_model_1_seed_000.pdb,56.716735598227466,59.953333333333326,13,4.1219788,2.850195
/fs/ess/PAA0203/xing244/AF_ClaSeq/results_updated/T1214/run2/divide_and_conquer/clades/clade_001/shuffle_07/group_003_unrelaxed_rank_001_alphafold2_ptm_model_1_seed_000.pdb,57.12063515509601,64.4246153846154,13,2.8493934,4.4427047
/fs/ess/PAA0203/xing244/AF_ClaSeq/results_updated/T1214/run2/divide_and_conquer/clades/clade_001/shuffle_07/group_002_unrelaxed_rank_001_alphafold2_ptm_model_1_seed_000.pdb,57.383013293943876,63.512564102564106,13,2.8557723,4.6788583
/fs/ess/PAA0203/xing244/AF_ClaSeq/results_updated/T1214/run2/divide_and_conquer/clades/clade_001/shuffle_07/group_006_unrelaxed_rank_001_alphafold2_ptm_model_1_seed_000.pdb,55.9492023633678,60.0874358974359,13,3.8361173,3.5620527
/fs/ess/PAA0203/xing244/AF_ClaSeq/results_updated/T1214/run2/divide_and_conquer/clades/clade_001/shuffle_07/group_005_unrelaxed_rank_001_alphafold2_ptm_model_1_seed_000.pdb,56.063618906942395,61.92923076923078,13,3.6635382,3.8988032
/fs/ess/PAA0203/xing244/AF_ClaSeq/results_updated/T1214/run2/divide_and_conquer/clades/clade_001/shuffle_07/group_008_unrelaxed_rank_001_alphafold2_ptm_model_1_seed_000.pdb,63.342895125553916,66.37051282051283,17,4.1768417,2.9694662
/fs/ess/PAA0203/xing244/AF_ClaSeq/results_updated/T1214/run2/divide_and_conquer/clades/clade_001/shuffle_07/group_007_unrelaxed_rank_001_alphafold2_ptm_model_1_seed_000.pdb,54.72064992614475,60.81948717948718,13,3.5645552,3.4220998
/fs/ess/PAA0203/xing244/AF_ClaSeq/results_updated/T1214/run2/divide_and_conquer/clades/clade_001/shuffle_07/group_001_unrelaxed_rank_001_alphafold2_ptm_model_1_seed_000.pdb,58.81438700147711,66.10358974358975,13,3.663874,3.8070219
/fs/ess/PAA0203/xing244/AF_ClaSeq/results_updated/T1214/run2/divide_and_conquer/clades/clade_001/shuffle_07/group_004_unrelaxed_rank_001_alphafold2_ptm_model_1_seed_000.pdb,63.29096011816839,65.61000000000003,13,2.805566,4.3311534
/fs/ess/PAA0203/xing244/AF_ClaSeq/results_updated/T1214/run2/divide_and_conquer/clades/clade_001/shuffle_08/group_003_unrelaxed_rank_001_alphafold2_ptm_model_1_seed_000.pdb,52.45127031019203,37.861538461538466,13,3.3243222,4.0610795
/fs/ess/PAA0203/xing244/AF_ClaSeq/results_updated/T1214/run2/divide_and_conquer/clades/clade_001/shuffle_08/group_002_unrelaxed_rank_001_alphafold2_ptm_model_1_seed_000.pdb,53.477311669128504,61.823846153846155,13,4.071804,3.0794861
/fs/ess/PAA0203/xing244/AF_ClaSeq/results_updated/T1214/run2/divide_and_conquer/clades/clade_001/shuffle_08/group_006_unrelaxed_rank_001_alphafold2_ptm_model_1_seed_000.pdb,69.36868537666174,70.14589743589745,13,2.7336824,4.4922614
/fs/ess/PAA0203/xing244/AF_ClaSeq/results_updated/T1214/run2/divide_and_conquer/clades/clade_001/shuffle_08/group_005_unrelaxed_rank_001_alphafold2_ptm_model_1_seed_000.pdb,56.13536189069424,61.060769230769225,13,2.331708,4.723615
/fs/ess/PAA0203/xing244/AF_ClaSeq/results_updated/T1214/run2/divide_and_conquer/clades/clade_001/shuffle_08/group_008_unrelaxed_rank_001_alphafold2_ptm_model_1_seed_000.pdb,52.74604135893649,60.942564102564106,17,4.7870913,2.4510312
/fs/ess/PAA0203/xing244/AF_ClaSeq/results_updated/T1214/run2/divide_and_conquer/clades/clade_001/shuffle_08/group_007_unrelaxed_rank_001_alphafold2_ptm_model_1_seed_000.pdb,49.53728212703103,61.11564102564103,13,3.5090852,4.2212415
/fs/ess/PAA0203/xing244/AF_ClaSeq/results_updated/T1214/run2/divide_and_conquer/clades/clade_001/shuffle_08/group_001_unrelaxed_rank_001_alphafold2_ptm_model_1_seed_000.pdb,58.46494830132939,64.62410256410257,13,3.0872512,3.9643571
/fs/ess/PAA0203/xing244/AF_ClaSeq/results_updated/T1214/run2/divide_and_conquer/clades/clade_001/shuffle_08/group_004_unrelaxed_rank_001_alphafold2_ptm_model_1_seed_000.pdb,53.31152141802067,59.325128205128216,13,4.717266,4.024785
/fs/ess/PAA0203/xing244/AF_ClaSeq/results_updated/T1214/run2/divide_and_conquer/clades/clade_001/shuffle_09/group_003_unrelaxed_rank_001_alphafold2_ptm_model_1_seed_000.pdb,59.997060561299854,67.00999999999999,13,5.4056144,2.4166431
/fs/ess/PAA0203/xing244/AF_ClaSeq/results_updated/T1214/run2/divide_and_conquer/clades/clade_001/shuffle_09/group_002_unrelaxed_rank_001_alphafold2_ptm_model_1_seed_000.pdb,51.866986706056124,58.897948717948715,13,4.8957615,3.159806
/fs/ess/PAA0203/xing244/AF_ClaSeq/results_updated/T1214/run2/divide_and_conquer/clades/clade_001/shuffle_09/group_006_unrelaxed_rank_001_alphafold2_ptm_model_1_seed_000.pdb,59.955864106351555,63.592564102564104,13,2.9475555,4.178571
/fs/ess/PAA0203/xing244/AF_ClaSeq/results_updated/T1214/run2/divide_and_conquer/clades/clade_001/shuffle_09/group_005_unrelaxed_rank_001_alphafold2_ptm_model_1_seed_000.pdb,58.53119645494831,62.63923076923078,13,3.6875443,3.8902776
/fs/ess/PAA0203/xing244/AF_ClaSeq/results_updated/T1214/run2/divide_and_conquer/clades/clade_001/shuffle_09/group_008_unrelaxed_rank_001_alphafold2_ptm_model_1_seed_000.pdb,52.275361890694235,61.707179487179495,17,5.606219,1.8707083
/fs/ess/PAA0203/xing244/AF_ClaSeq/results_updated/T1214/run2/divide_and_conquer/clades/clade_001/shuffle_09/group_007_unrelaxed_rank_001_alphafold2_ptm_model_1_seed_000.pdb,58.19283604135894,65.3779487179487,13,3.1865647,4.100341
/fs/ess/PAA0203/xing244/AF_ClaSeq/results_updated/T1214/run2/divide_and_conquer/clades/clade_001/shuffle_09/group_001_unrelaxed_rank_001_alphafold2_ptm_model_1_seed_000.pdb,47.20856720827179,30.241794871794873,13,25.664177,27.52327
/fs/ess/PAA0203/xing244/AF_ClaSeq/results_updated/T1214/run2/divide_and_conquer/clades/clade_001/shuffle_09/group_004_unrelaxed_rank_001_alphafold2_ptm_model_1_seed_000.pdb,67.93562776957164,66.9605128205128,13,2.196134,4.7714043
/fs/ess/PAA0203/xing244/AF_ClaSeq/results_updated/T1214/run2/divide_and_conquer/clades/clade_001/shuffle_10/group_003_unrelaxed_rank_001_alphafold2_ptm_model_1_seed_000.pdb,55.37824224519941,59.60923076923078,13,4.786262,2.840934
/fs/ess/PAA0203/xing244/AF_ClaSeq/results_updated/T1214/run2/divide_and_conquer/clades/clade_001/shuffle_10/group_002_unrelaxed_rank_001_alphafold2_ptm_model_1_seed_000.pdb,62.9661447562777,62.68282051282051,13,2.9700022,4.1128836
/fs/ess/PAA0203/xing244/AF_ClaSeq/results_updated/T1214/run2/divide_and_conquer/clades/clade_001/shuffle_10/group_006_unrelaxed_rank_001_alphafold2_ptm_model_1_seed_000.pdb,54.60698670605614,58.13025641025641,13,4.529092,5.012173
/fs/ess/PAA0203/xing244/AF_ClaSeq/results_updated/T1214/run2/divide_and_conquer/clades/clade_001/shuffle_10/group_005_unrelaxed_rank_001_alphafold2_ptm_model_1_seed_000.pdb,53.69149187592319,61.49538461538461,13,4.229537,3.292886
/fs/ess/PAA0203/xing244/AF_ClaSeq/results_updated/T1214/run2/divide_and_conquer/clades/clade_001/shuffle_10/group_008_unrelaxed_rank_001_alphafold2_ptm_model_1_seed_000.pdb,67.39261447562777,68.30102564102565,17,3.426391,3.62171
/fs/ess/PAA0203/xing244/AF_ClaSeq/results_updated/T1214/run2/divide_and_conquer/clades/clade_001/shuffle_10/group_007_unrelaxed_rank_001_alphafold2_ptm_model_1_seed_000.pdb,46.818522895125554,42.26615384615385,13,5.2678647,6.6079154
/fs/ess/PAA0203/xing244/AF_ClaSeq/results_updated/T1214/run2/divide_and_conquer/clades/clade_001/shuffle_10/group_001_unrelaxed_rank_001_alphafold2_ptm_model_1_seed_000.pdb,62.91131462333826,63.81307692307693,13,4.0139017,3.3547704
/fs/ess/PAA0203/xing244/AF_ClaSeq/results_updated/T1214/run2/divide_and_conquer/clades/clade_001/shuffle_10/group_004_unrelaxed_rank_001_alphafold2_ptm_model_1_seed_000.pdb,64.76022156573116,64.75461538461538,13,4.1069407,2.701085
/fs/ess/PAA0203/xing244/AF_ClaSeq/results_updated/T1214/run2/divide_and_conquer/clades/clade_002/shuffle_01/group_003_unrelaxed_rank_001_alphafold2_ptm_model_1_seed_000.pdb,57.52586410635154,64.38615384615386,13,5.858732,2.3548908
/fs/ess/PAA0203/xing244/AF_ClaSeq/results_updated/T1214/run2/divide_and_conquer/clades/clade_002/shuffle_01/group_002_unrelaxed_rank_001_alphafold2_ptm_model_1_seed_000.pdb,62.389202363367794,64.83435897435898,13,5.307478,2.717147
/fs/ess/PAA0203/xing244/AF_ClaSeq/results_updated/T1214/run2/divide_and_conquer/clades/clade_002/shuffle_01/group_006_unrelaxed_rank_001_alphafold2_ptm_model_1_seed_000.pdb,61.74992614475627,61.89128205128205,13,6.1218123,5.112474
/fs/ess/PAA0203/xing244/AF_ClaSeq/results_updated/T1214/run2/divide_and_conquer/clades/clade_002/shuffle_01/group_005_unrelaxed_rank_001_alphafold2_ptm_model_1_seed_000.pdb,60.00713441654358,62.933846153846154,13,5.1991205,2.683085
/fs/ess/PAA0203/xing244/AF_ClaSeq/results_updated/T1214/run2/divide_and_conquer/clades/clade_002/shuffle_01/group_008_unrelaxed_rank_001_alphafold2_ptm_model_1_seed_000.pdb,64.52413589364845,63.49615384615387,17,4.848418,3.2619865
/fs/ess/PAA0203/xing244/AF_ClaSeq/results_updated/T1214/run2/divide_and_conquer/clades/clade_002/shuffle_01/group_007_unrelaxed_rank_001_alphafold2_ptm_model_1_seed_000.pdb,55.25177252584933,60.797948717948714,13,8.475569,4.0794454
/fs/ess/PAA0203/xing244/AF_ClaSeq/results_updated/T1214/run2/divide_and_conquer/clades/clade_002/shuffle_01/group_001_unrelaxed_rank_001_alphafold2_ptm_model_1_seed_000.pdb,65.33655834564254,64.36179487179486,13,3.8996193,4.1329584
/fs/ess/PAA0203/xing244/AF_ClaSeq/results_updated/T1214/run2/divide_and_conquer/clades/clade_002/shuffle_01/group_004_unrelaxed_rank_001_alphafold2_ptm_model_1_seed_000.pdb,58.53258493353028,43.84179487179487,13,9.494003,8.586037
/fs/ess/PAA0203/xing244/AF_ClaSeq/results_updated/T1214/run2/divide_and_conquer/clades/clade_002/shuffle_02/group_003_unrelaxed_rank_001_alphafold2_ptm_model_1_seed_000.pdb,54.85602658788774,40.99358974358974,13,5.9085765,6.622794
/fs/ess/PAA0203/xing244/AF_ClaSeq/results_updated/T1214/run2/divide_and_conquer/clades/clade_002/shuffle_02/group_002_unrelaxed_rank_001_alphafold2_ptm_model_1_seed_000.pdb,57.72087149187592,49.73717948717949,13,6.73321,4.8158484
/fs/ess/PAA0203/xing244/AF_ClaSeq/results_updated/T1214/run2/divide_and_conquer/clades/clade_002/shuffle_02/group_006_unrelaxed_rank_001_alphafold2_ptm_model_1_seed_000.pdb,59.649113737075325,64.82384615384616,13,6.050201,2.2777877
/fs/ess/PAA0203/xing244/AF_ClaSeq/results_updated/T1214/run2/divide_and_conquer/clades/clade_002/shuffle_02/group_005_unrelaxed_rank_001_alphafold2_ptm_model_1_seed_000.pdb,64.27141802067946,62.934358974358986,13,6.0685115,2.7591903
/fs/ess/PAA0203/xing244/AF_ClaSeq/results_updated/T1214/run2/divide_and_conquer/clades/clade_002/shuffle_02/group_008_unrelaxed_rank_001_alphafold2_ptm_model_1_seed_000.pdb,65.7569128508124,66.62666666666665,17,6.004505,2.377582
/fs/ess/PAA0203/xing244/AF_ClaSeq/results_updated/T1214/run2/divide_and_conquer/clades/clade_002/shuffle_02/group_007_unrelaxed_rank_001_alphafold2_ptm_model_1_seed_000.pdb,63.864091580502226,67.25897435897436,13,5.0801806,3.0163326
/fs/ess/PAA0203/xing244/AF_ClaSeq/results_updated/T1214/run2/divide_and_conquer/clades/clade_002/shuffle_02/group_001_unrelaxed_rank_001_alphafold2_ptm_model_1_seed_000.pdb,65.38330871491875,67.52179487179488,13,5.0269165,3.1538432
/fs/ess/PAA0203/xing244/AF_ClaSeq/results_updated/T1214/run2/divide_and_conquer/clades/clade_002/shuffle_02/group_004_unrelaxed_rank_001_alphafold2_ptm_model_1_seed_000.pdb,56.779586410635154,59.64333333333334,13,4.489059,3.5736535
/fs/ess/PAA0203/xing244/AF_ClaSeq/results_updated/T1214/run2/divide_and_conquer/clades/clade_002/shuffle_03/group_003_unrelaxed_rank_001_alphafold2_ptm_model_1_seed_000.pdb,68.12115214180207,64.97051282051282,13,5.0184345,2.883482
/fs/ess/PAA0203/xing244/AF_ClaSeq/results_updated/T1214/run2/divide_and_conquer/clades/clade_002/shuffle_03/group_002_unrelaxed_rank_001_alphafold2_ptm_model_1_seed_000.pdb,64.19775480059084,63.01,13,5.8293133,2.5041769
/fs/ess/PAA0203/xing244/AF_ClaSeq/results_updated/T1214/run2/divide_and_conquer/clades/clade_002/shuffle_03/group_006_unrelaxed_rank_001_alphafold2_ptm_model_1_seed_000.pdb,58.745701624815354,60.13435897435898,13,6.4880176,4.978014
/fs/ess/PAA0203/xing244/AF_ClaSeq/results_updated/T1214/run2/divide_and_conquer/clades/clade_002/shuffle_03/group_005_unrelaxed_rank_001_alphafold2_ptm_model_1_seed_000.pdb,55.0207976366322,57.08307692307693,13,5.2949257,4.826581
/fs/ess/PAA0203/xing244/AF_ClaSeq/results_updated/T1214/run2/divide_and_conquer/clades/clade_002/shuffle_03/group_008_unrelaxed_rank_001_alphafold2_ptm_model_1_seed_000.pdb,69.70819793205317,69.02564102564102,17,5.0121937,3.297387
/fs/ess/PAA0203/xing244/AF_ClaSeq/results_updated/T1214/run2/divide_and_conquer/clades/clade_002/shuffle_03/group_007_unrelaxed_rank_001_alphafold2_ptm_model_1_seed_000.pdb,64.20493353028066,51.59179487179487,13,7.417504,6.8557053
/fs/ess/PAA0203/xing244/AF_ClaSeq/results_updated/T1214/run2/divide_and_conquer/clades/clade_002/shuffle_03/group_001_unrelaxed_rank_001_alphafold2_ptm_model_1_seed_000.pdb,63.35420974889217,66.77794871794872,13,5.8352757,2.5973854
/fs/ess/PAA0203/xing244/AF_ClaSeq/results_updated/T1214/run2/divide_and_conquer/clades/clade_002/shuffle_03/group_004_unrelaxed_rank_001_alphafold2_ptm_model_1_seed_000.pdb,60.73276218611522,58.16102564102563,13,6.895084,4.115033
/fs/ess/PAA0203/xing244/AF_ClaSeq/results_updated/T1214/run2/divide_and_conquer/clades/clade_002/shuffle_04/group_003_unrelaxed_rank_001_alphafold2_ptm_model_1_seed_000.pdb,59.409010339734124,62.08923076923077,13,5.900621,2.628228
/fs/ess/PAA0203/xing244/AF_ClaSeq/results_updated/T1214/run2/divide_and_conquer/clades/clade_002/shuffle_04/group_002_unrelaxed_rank_001_alphafold2_ptm_model_1_seed_000.pdb,61.143412112259966,53.3174358974359,13,5.8980575,2.8937075
/fs/ess/PAA0203/xing244/AF_ClaSeq/results_updated/T1214/run2/divide_and_conquer/clades/clade_002/shuffle_04/group_006_unrelaxed_rank_001_alphafold2_ptm_model_1_seed_000.pdb,56.46211225997045,58.47794871794871,13,7.1356387,4.661694
/fs/ess/PAA0203/xing244/AF_ClaSeq/results_updated/T1214/run2/divide_and_conquer/clades/clade_002/shuffle_04/group_005_unrelaxed_rank_001_alphafold2_ptm_model_1_seed_000.pdb,66.02756277695717,69.01333333333334,13,5.4645157,2.9059727
/fs/ess/PAA0203/xing244/AF_ClaSeq/results_updated/T1214/run2/divide_and_conquer/clades/clade_002/shuffle_04/group_008_unrelaxed_rank_001_alphafold2_ptm_model_1_seed_000.pdb,70.97478581979321,70.97615384615385,17,6.287766,2.6472182
/fs/ess/PAA0203/xing244/AF_ClaSeq/results_updated/T1214/run2/divide_and_conquer/clades/clade_002/shuffle_04/group_007_unrelaxed_rank_001_alphafold2_ptm_model_1_seed_000.pdb,64.07360413589365,64.69051282051282,13,6.6043425,2.4017255
/fs/ess/PAA0203/xing244/AF_ClaSeq/results_updated/T1214/run2/divide_and_conquer/clades/clade_002/shuffle_04/group_001_unrelaxed_rank_001_alphafold2_ptm_model_1_seed_000.pdb,60.49070901033972,60.76435897435897,13,6.547046,5.0305734
/fs/ess/PAA0203/xing244/AF_ClaSeq/results_updated/T1214/run2/divide_and_conquer/clades/clade_002/shuffle_04/group_004_unrelaxed_rank_001_alphafold2_ptm_model_1_seed_000.pdb,62.880251107828656,67.09769230769231,13,3.9864936,4.319524
/fs/ess/PAA0203/xing244/AF_ClaSeq/results_updated/T1214/run2/divide_and_conquer/clades/clade_002/shuffle_05/group_003_unrelaxed_rank_001_alphafold2_ptm_model_1_seed_000.pdb,62.73488921713442,62.78410256410256,13,4.7889876,3.4758072
/fs/ess/PAA0203/xing244/AF_ClaSeq/results_updated/T1214/run2/divide_and_conquer/clades/clade_002/shuffle_05/group_002_unrelaxed_rank_001_alphafold2_ptm_model_1_seed_000.pdb,61.66692762186114,60.83974358974359,13,6.982942,4.374861
/fs/ess/PAA0203/xing244/AF_ClaSeq/results_updated/T1214/run2/divide_and_conquer/clades/clade_002/shuffle_05/group_006_unrelaxed_rank_001_alphafold2_ptm_model_1_seed_000.pdb,58.687725258493344,63.650512820512816,13,4.7450914,2.8275707
/fs/ess/PAA0203/xing244/AF_ClaSeq/results_updated/T1214/run2/divide_and_conquer/clades/clade_002/shuffle_05/group_005_unrelaxed_rank_001_alphafold2_ptm_model_1_seed_000.pdb,58.655568685376664,61.328461538461546,13,5.0076976,3.444444
/fs/ess/PAA0203/xing244/AF_ClaSeq/results_updated/T1214/run2/divide_and_conquer/clades/clade_002/shuffle_05/group_008_unrelaxed_rank_001_alphafold2_ptm_model_1_seed_000.pdb,75.79379615952732,72.83512820512821,17,4.989011,3.1612763
/fs/ess/PAA0203/xing244/AF_ClaSeq/results_updated/T1214/run2/divide_and_conquer/clades/clade_002/shuffle_05/group_007_unrelaxed_rank_001_alphafold2_ptm_model_1_seed_000.pdb,68.8552141802068,52.438717948717944,13,6.9441733,5.150827
/fs/ess/PAA0203/xing244/AF_ClaSeq/results_updated/T1214/run2/divide_and_conquer/clades/clade_002/shuffle_05/group_001_unrelaxed_rank_001_alphafold2_ptm_model_1_seed_000.pdb,58.86200886262925,54.698461538461544,13,6.390418,2.935919
/fs/ess/PAA0203/xing244/AF_ClaSeq/results_updated/T1214/run2/divide_and_conquer/clades/clade_002/shuffle_05/group_004_unrelaxed_rank_001_alphafold2_ptm_model_1_seed_000.pdb,66.17583456425406,67.24589743589743,13,5.235292,3.3169446
/fs/ess/PAA0203/xing244/AF_ClaSeq/results_updated/T1214/run2/divide_and_conquer/clades/clade_002/shuffle_06/group_003_unrelaxed_rank_001_alphafold2_ptm_model_1_seed_000.pdb,63.976794682422444,62.1297435897436,13,7.0651064,4.3318324
/fs/ess/PAA0203/xing244/AF_ClaSeq/results_updated/T1214/run2/divide_and_conquer/clades/clade_002/shuffle_06/group_002_unrelaxed_rank_001_alphafold2_ptm_model_1_seed_000.pdb,68.47890694239291,65.08076923076922,13,5.317168,2.7817044
/fs/ess/PAA0203/xing244/AF_ClaSeq/results_updated/T1214/run2/divide_and_conquer/clades/clade_002/shuffle_06/group_006_unrelaxed_rank_001_alphafold2_ptm_model_1_seed_000.pdb,63.03376661742984,67.70897435897434,13,4.4760118,3.7441845
/fs/ess/PAA0203/xing244/AF_ClaSeq/results_updated/T1214/run2/divide_and_conquer/clades/clade_002/shuffle_06/group_005_unrelaxed_rank_001_alphafold2_ptm_model_1_seed_000.pdb,62.431580502215645,57.69692307692307,13,7.720124,4.52173
/fs/ess/PAA0203/xing244/AF_ClaSeq/results_updated/T1214/run2/divide_and_conquer/clades/clade_002/shuffle_06/group_008_unrelaxed_rank_001_alphafold2_ptm_model_1_seed_000.pdb,61.90103397341211,50.95512820512821,17,6.3427706,4.8567233
/fs/ess/PAA0203/xing244/AF_ClaSeq/results_updated/T1214/run2/divide_and_conquer/clades/clade_002/shuffle_06/group_007_unrelaxed_rank_001_alphafold2_ptm_model_1_seed_000.pdb,57.80456425406204,46.23358974358975,13,8.584565,6.1645527
/fs/ess/PAA0203/xing244/AF_ClaSeq/results_updated/T1214/run2/divide_and_conquer/clades/clade_002/shuffle_06/group_001_unrelaxed_rank_001_alphafold2_ptm_model_1_seed_000.pdb,56.60456425406204,60.063589743589745,13,5.106791,2.9277697
/fs/ess/PAA0203/xing244/AF_ClaSeq/results_updated/T1214/run2/divide_and_conquer/clades/clade_002/shuffle_06/group_004_unrelaxed_rank_001_alphafold2_ptm_model_1_seed_000.pdb,56.54280649926144,60.632051282051286,13,6.321062,5.3032494
/fs/ess/PAA0203/xing244/AF_ClaSeq/results_updated/T1214/run2/divide_and_conquer/clades/clade_002/shuffle_07/group_003_unrelaxed_rank_001_alphafold2_ptm_model_1_seed_000.pdb,68.66162481536189,55.17205128205129,13,7.7288685,4.2711916
/fs/ess/PAA0203/xing244/AF_ClaSeq/results_updated/T1214/run2/divide_and_conquer/clades/clade_002/shuffle_07/group_002_unrelaxed_rank_001_alphafold2_ptm_model_1_seed_000.pdb,56.00357459379616,47.33256410256409,13,6.757932,3.7278879
/fs/ess/PAA0203/xing244/AF_ClaSeq/results_updated/T1214/run2/divide_and_conquer/clades/clade_002/shuffle_07/group_006_unrelaxed_rank_001_alphafold2_ptm_model_1_seed_000.pdb,58.12163958641063,62.920769230769224,13,5.7856736,2.7143102
/fs/ess/PAA0203/xing244/AF_ClaSeq/results_updated/T1214/run2/divide_and_conquer/clades/clade_002/shuffle_07/group_005_unrelaxed_rank_001_alphafold2_ptm_model_1_seed_000.pdb,63.02453471196455,65.34923076923076,13,6.3401217,1.999346
/fs/ess/PAA0203/xing244/AF_ClaSeq/results_updated/T1214/run2/divide_and_conquer/clades/clade_002/shuffle_07/group_008_unrelaxed_rank_001_alphafold2_ptm_model_1_seed_000.pdb,67.02778434268832,68.02102564102563,17,4.0504117,4.230033
/fs/ess/PAA0203/xing244/AF_ClaSeq/results_updated/T1214/run2/divide_and_conquer/clades/clade_002/shuffle_07/group_007_unrelaxed_rank_001_alphafold2_ptm_model_1_seed_000.pdb,56.04670605612998,64.91974358974359,13,5.0336266,3.2113419
/fs/ess/PAA0203/xing244/AF_ClaSeq/results_updated/T1214/run2/divide_and_conquer/clades/clade_002/shuffle_07/group_001_unrelaxed_rank_001_alphafold2_ptm_model_1_seed_000.pdb,59.6122895125554,46.92410256410256,13,9.455799,7.0505753
/fs/ess/PAA0203/xing244/AF_ClaSeq/results_updated/T1214/run2/divide_and_conquer/clades/clade_002/shuffle_07/group_004_unrelaxed_rank_001_alphafold2_ptm_model_1_seed_000.pdb,59.34036927621861,59.862307692307695,13,3.5000718,4.754721
/fs/ess/PAA0203/xing244/AF_ClaSeq/results_updated/T1214/run2/divide_and_conquer/clades/clade_002/shuffle_08/group_003_unrelaxed_rank_001_alphafold2_ptm_model_1_seed_000.pdb,70.80537666174298,68.26692307692308,13,3.6794617,4.036826
/fs/ess/PAA0203/xing244/AF_ClaSeq/results_updated/T1214/run2/divide_and_conquer/clades/clade_002/shuffle_08/group_002_unrelaxed_rank_001_alphafold2_ptm_model_1_seed_000.pdb,54.23367799113737,62.75871794871795,13,6.285235,2.4121041
/fs/ess/PAA0203/xing244/AF_ClaSeq/results_updated/T1214/run2/divide_and_conquer/clades/clade_002/shuffle_08/group_006_unrelaxed_rank_001_alphafold2_ptm_model_1_seed_000.pdb,66.84615952732645,66.90974358974358,13,5.811632,2.7503614
/fs/ess/PAA0203/xing244/AF_ClaSeq/results_updated/T1214/run2/divide_and_conquer/clades/clade_002/shuffle_08/group_005_unrelaxed_rank_001_alphafold2_ptm_model_1_seed_000.pdb,60.70855243722305,65.0320512820513,13,4.567815,3.5800784
/fs/ess/PAA0203/xing244/AF_ClaSeq/results_updated/T1214/run2/divide_and_conquer/clades/clade_002/shuffle_08/group_008_unrelaxed_rank_001_alphafold2_ptm_model_1_seed_000.pdb,67.4053471196455,69.94641025641025,17,5.2516484,2.8678725
/fs/ess/PAA0203/xing244/AF_ClaSeq/results_updated/T1214/run2/divide_and_conquer/clades/clade_002/shuffle_08/group_007_unrelaxed_rank_001_alphafold2_ptm_model_1_seed_000.pdb,56.20522895125554,59.44641025641025,13,4.594176,3.3974984
/fs/ess/PAA0203/xing244/AF_ClaSeq/results_updated/T1214/run2/divide_and_conquer/clades/clade_002/shuffle_08/group_001_unrelaxed_rank_001_alphafold2_ptm_model_1_seed_000.pdb,62.792319054652886,59.56307692307691,13,7.0911775,4.81128
/fs/ess/PAA0203/xing244/AF_ClaSeq/results_updated/T1214/run2/divide_and_conquer/clades/clade_002/shuffle_08/group_004_unrelaxed_rank_001_alphafold2_ptm_model_1_seed_000.pdb,58.05205317577548,58.940512820512815,13,3.2184086,5.0132527
/fs/ess/PAA0203/xing244/AF_ClaSeq/results_updated/T1214/run2/divide_and_conquer/clades/clade_002/shuffle_09/group_003_unrelaxed_rank_001_alphafold2_ptm_model_1_seed_000.pdb,43.63584933530281,42.96743589743589,13,10.865179,8.820913
/fs/ess/PAA0203/xing244/AF_ClaSeq/results_updated/T1214/run2/divide_and_conquer/clades/clade_002/shuffle_09/group_002_unrelaxed_rank_001_alphafold2_ptm_model_1_seed_000.pdb,64.47682422451994,70.19538461538463,13,6.0807443,2.4374294
/fs/ess/PAA0203/xing244/AF_ClaSeq/results_updated/T1214/run2/divide_and_conquer/clades/clade_002/shuffle_09/group_006_unrelaxed_rank_001_alphafold2_ptm_model_1_seed_000.pdb,66.36057607090103,61.21102564102564,13,5.213664,5.222035
/fs/ess/PAA0203/xing244/AF_ClaSeq/results_updated/T1214/run2/divide_and_conquer/clades/clade_002/shuffle_09/group_005_unrelaxed_rank_001_alphafold2_ptm_model_1_seed_000.pdb,45.28700147710487,33.77717948717949,13,23.026247,25.06663
/fs/ess/PAA0203/xing244/AF_ClaSeq/results_updated/T1214/run2/divide_and_conquer/clades/clade_002/shuffle_09/group_008_unrelaxed_rank_001_alphafold2_ptm_model_1_seed_000.pdb,69.8761447562777,67.16282051282052,17,5.4925666,2.5755053
/fs/ess/PAA0203/xing244/AF_ClaSeq/results_updated/T1214/run2/divide_and_conquer/clades/clade_002/shuffle_09/group_007_unrelaxed_rank_001_alphafold2_ptm_model_1_seed_000.pdb,74.28688330871492,58.2602564102564,13,5.2939014,3.9826448
/fs/ess/PAA0203/xing244/AF_ClaSeq/results_updated/T1214/run2/divide_and_conquer/clades/clade_002/shuffle_09/group_001_unrelaxed_rank_001_alphafold2_ptm_model_1_seed_000.pdb,56.246469719350074,47.27846153846153,13,6.6311307,5.19057
/fs/ess/PAA0203/xing244/AF_ClaSeq/results_updated/T1214/run2/divide_and_conquer/clades/clade_002/shuffle_09/group_004_unrelaxed_rank_001_alphafold2_ptm_model_1_seed_000.pdb,62.27370753323486,63.14153846153845,13,5.77178,2.3466065
/fs/ess/PAA0203/xing244/AF_ClaSeq/results_updated/T1214/run2/divide_and_conquer/clades/clade_002/shuffle_10/group_003_unrelaxed_rank_001_alphafold2_ptm_model_1_seed_000.pdb,61.631491875923196,63.52615384615386,13,5.8496895,5.9327755
/fs/ess/PAA0203/xing244/AF_ClaSeq/results_updated/T1214/run2/divide_and_conquer/clades/clade_002/shuffle_10/group_002_unrelaxed_rank_001_alphafold2_ptm_model_1_seed_000.pdb,61.495819793205314,62.98205128205129,13,6.060298,2.3223855
/fs/ess/PAA0203/xing244/AF_ClaSeq/results_updated/T1214/run2/divide_and_conquer/clades/clade_002/shuffle_10/group_006_unrelaxed_rank_001_alphafold2_ptm_model_1_seed_000.pdb,66.20830132939439,66.13974358974359,13,5.661627,2.7040784
/fs/ess/PAA0203/xing244/AF_ClaSeq/results_updated/T1214/run2/divide_and_conquer/clades/clade_002/shuffle_10/group_005_unrelaxed_rank_001_alphafold2_ptm_model_1_seed_000.pdb,56.33831610044313,63.04512820512821,13,5.662791,2.5613294
/fs/ess/PAA0203/xing244/AF_ClaSeq/results_updated/T1214/run2/divide_and_conquer/clades/clade_002/shuffle_10/group_008_unrelaxed_rank_001_alphafold2_ptm_model_1_seed_000.pdb,63.10200886262924,53.89076923076924,17,5.532219,3.8425205
/fs/ess/PAA0203/xing244/AF_ClaSeq/results_updated/T1214/run2/divide_and_conquer/clades/clade_002/shuffle_10/group_007_unrelaxed_rank_001_alphafold2_ptm_model_1_seed_000.pdb,64.00363367799115,62.86615384615384,13,6.4035234,4.484316
/fs/ess/PAA0203/xing244/AF_ClaSeq/results_updated/T1214/run2/divide_and_conquer/clades/clade_002/shuffle_10/group_001_unrelaxed_rank_001_alphafold2_ptm_model_1_seed_000.pdb,55.05663220088627,42.33641025641027,13,10.635032,7.603756
/fs/ess/PAA0203/xing244/AF_ClaSeq/results_updated/T1214/run2/divide_and_conquer/clades/clade_002/shuffle_10/group_004_unrelaxed_rank_001_alphafold2_ptm_model_1_seed_000.pdb,65.76870014771048,64.97871794871794,13,4.817953,3.3747954
/fs/ess/PAA0203/xing244/AF_ClaSeq/results_updated/T1214/run2/divide_and_conquer/clades/clade_003/shuffle_01/group_003_unrelaxed_rank_001_alphafold2_ptm_model_1_seed_000.pdb,52.31072378138848,40.41307692307693,13,5.906659,4.2148347
/fs/ess/PAA0203/xing244/AF_ClaSeq/results_updated/T1214/run2/divide_and_conquer/clades/clade_003/shuffle_01/group_002_unrelaxed_rank_001_alphafold2_ptm_model_1_seed_000.pdb,55.004387001477106,54.762051282051274,13,2.8881657,5.2186666
/fs/ess/PAA0203/xing244/AF_ClaSeq/results_updated/T1214/run2/divide_and_conquer/clades/clade_003/shuffle_01/group_006_unrelaxed_rank_001_alphafold2_ptm_model_1_seed_000.pdb,51.67531757754801,41.71,13,3.7211556,4.8844385
/fs/ess/PAA0203/xing244/AF_ClaSeq/results_updated/T1214/run2/divide_and_conquer/clades/clade_003/shuffle_01/group_005_unrelaxed_rank_001_alphafold2_ptm_model_1_seed_000.pdb,64.16757754800591,55.65794871794871,13,2.824619,5.4023805
/fs/ess/PAA0203/xing244/AF_ClaSeq/results_updated/T1214/run2/divide_and_conquer/clades/clade_003/shuffle_01/group_008_unrelaxed_rank_001_alphafold2_ptm_model_1_seed_000.pdb,68.88731166912851,61.637435897435914,15,4.2461386,4.3231153
/fs/ess/PAA0203/xing244/AF_ClaSeq/results_updated/T1214/run2/divide_and_conquer/clades/clade_003/shuffle_01/group_007_unrelaxed_rank_001_alphafold2_ptm_model_1_seed_000.pdb,64.67440177252585,65.0851282051282,13,1.3435256,6.1421666
/fs/ess/PAA0203/xing244/AF_ClaSeq/results_updated/T1214/run2/divide_and_conquer/clades/clade_003/shuffle_01/group_001_unrelaxed_rank_001_alphafold2_ptm_model_1_seed_000.pdb,56.50366322008862,36.01102564102564,13,6.056901,7.2280746
/fs/ess/PAA0203/xing244/AF_ClaSeq/results_updated/T1214/run2/divide_and_conquer/clades/clade_003/shuffle_01/group_004_unrelaxed_rank_001_alphafold2_ptm_model_1_seed_000.pdb,59.1627917282127,62.08794871794871,13,1.5767823,5.5108714
/fs/ess/PAA0203/xing244/AF_ClaSeq/results_updated/T1214/run2/divide_and_conquer/clades/clade_003/shuffle_02/group_003_unrelaxed_rank_001_alphafold2_ptm_model_1_seed_000.pdb,62.59,64.50692307692307,13,2.6669147,4.6292224
/fs/ess/PAA0203/xing244/AF_ClaSeq/results_updated/T1214/run2/divide_and_conquer/clades/clade_003/shuffle_02/group_002_unrelaxed_rank_001_alphafold2_ptm_model_1_seed_000.pdb,54.89706056129986,60.075384615384614,13,1.8081785,5.4392786
/fs/ess/PAA0203/xing244/AF_ClaSeq/results_updated/T1214/run2/divide_and_conquer/clades/clade_003/shuffle_02/group_006_unrelaxed_rank_001_alphafold2_ptm_model_1_seed_000.pdb,67.89750369276219,65.31871794871795,13,2.7713635,4.47508
/fs/ess/PAA0203/xing244/AF_ClaSeq/results_updated/T1214/run2/divide_and_conquer/clades/clade_003/shuffle_02/group_005_unrelaxed_rank_001_alphafold2_ptm_model_1_seed_000.pdb,69.53790251107829,66.75538461538461,13,3.3947139,4.8730135
/fs/ess/PAA0203/xing244/AF_ClaSeq/results_updated/T1214/run2/divide_and_conquer/clades/clade_003/shuffle_02/group_008_unrelaxed_rank_001_alphafold2_ptm_model_1_seed_000.pdb,66.22536189069423,65.2828205128205,15,3.633908,5.3915877
/fs/ess/PAA0203/xing244/AF_ClaSeq/results_updated/T1214/run2/divide_and_conquer/clades/clade_003/shuffle_02/group_007_unrelaxed_rank_001_alphafold2_ptm_model_1_seed_000.pdb,58.827415066469726,51.22051282051282,13,5.107002,5.0021677
/fs/ess/PAA0203/xing244/AF_ClaSeq/results_updated/T1214/run2/divide_and_conquer/clades/clade_003/shuffle_02/group_001_unrelaxed_rank_001_alphafold2_ptm_model_1_seed_000.pdb,68.04075332348597,63.66692307692307,13,2.0577064,5.067726
/fs/ess/PAA0203/xing244/AF_ClaSeq/results_updated/T1214/run2/divide_and_conquer/clades/clade_003/shuffle_02/group_004_unrelaxed_rank_001_alphafold2_ptm_model_1_seed_000.pdb,62.20516986706056,66.26615384615386,13,1.9022259,5.997807
/fs/ess/PAA0203/xing244/AF_ClaSeq/results_updated/T1214/run2/divide_and_conquer/clades/clade_003/shuffle_03/group_003_unrelaxed_rank_001_alphafold2_ptm_model_1_seed_000.pdb,58.442776957163964,57.786153846153866,13,2.634252,5.2489166
/fs/ess/PAA0203/xing244/AF_ClaSeq/results_updated/T1214/run2/divide_and_conquer/clades/clade_003/shuffle_03/group_002_unrelaxed_rank_001_alphafold2_ptm_model_1_seed_000.pdb,61.70122599704578,63.116410256410255,13,3.747935,4.7359924
/fs/ess/PAA0203/xing244/AF_ClaSeq/results_updated/T1214/run2/divide_and_conquer/clades/clade_003/shuffle_03/group_006_unrelaxed_rank_001_alphafold2_ptm_model_1_seed_000.pdb,66.67110782865583,64.58692307692307,13,2.3176336,5.4784923
/fs/ess/PAA0203/xing244/AF_ClaSeq/results_updated/T1214/run2/divide_and_conquer/clades/clade_003/shuffle_03/group_005_unrelaxed_rank_001_alphafold2_ptm_model_1_seed_000.pdb,59.788670605612985,59.043333333333344,13,3.0262065,5.5017
/fs/ess/PAA0203/xing244/AF_ClaSeq/results_updated/T1214/run2/divide_and_conquer/clades/clade_003/shuffle_03/group_008_unrelaxed_rank_001_alphafold2_ptm_model_1_seed_000.pdb,69.80192023633677,69.02205128205128,15,2.6655874,4.797868
/fs/ess/PAA0203/xing244/AF_ClaSeq/results_updated/T1214/run2/divide_and_conquer/clades/clade_003/shuffle_03/group_007_unrelaxed_rank_001_alphafold2_ptm_model_1_seed_000.pdb,68.79152141802068,61.292820512820505,13,3.6805277,4.7173805
/fs/ess/PAA0203/xing244/AF_ClaSeq/results_updated/T1214/run2/divide_and_conquer/clades/clade_003/shuffle_03/group_001_unrelaxed_rank_001_alphafold2_ptm_model_1_seed_000.pdb,54.265952732644024,45.47333333333334,13,5.9327617,6.00177
/fs/ess/PAA0203/xing244/AF_ClaSeq/results_updated/T1214/run2/divide_and_conquer/clades/clade_003/shuffle_03/group_004_unrelaxed_rank_001_alphafold2_ptm_model_1_seed_000.pdb,62.57456425406205,59.61435897435898,13,2.998487,4.3143864
/fs/ess/PAA0203/xing244/AF_ClaSeq/results_updated/T1214/run2/divide_and_conquer/clades/clade_003/shuffle_04/group_003_unrelaxed_rank_001_alphafold2_ptm_model_1_seed_000.pdb,68.74432791728213,65.52897435897437,13,1.4599155,5.9970737
/fs/ess/PAA0203/xing244/AF_ClaSeq/results_updated/T1214/run2/divide_and_conquer/clades/clade_003/shuffle_04/group_002_unrelaxed_rank_001_alphafold2_ptm_model_1_seed_000.pdb,60.83373707533235,63.05615384615385,13,3.322001,5.988157
/fs/ess/PAA0203/xing244/AF_ClaSeq/results_updated/T1214/run2/divide_and_conquer/clades/clade_003/shuffle_04/group_006_unrelaxed_rank_001_alphafold2_ptm_model_1_seed_000.pdb,73.70082717872968,68.78948717948717,13,1.7419332,6.1025276
/fs/ess/PAA0203/xing244/AF_ClaSeq/results_updated/T1214/run2/divide_and_conquer/clades/clade_003/shuffle_04/group_005_unrelaxed_rank_001_alphafold2_ptm_model_1_seed_000.pdb,63.039675036927626,65.96820512820513,13,2.6395657,4.90551
/fs/ess/PAA0203/xing244/AF_ClaSeq/results_updated/T1214/run2/divide_and_conquer/clades/clade_003/shuffle_04/group_008_unrelaxed_rank_001_alphafold2_ptm_model_1_seed_000.pdb,69.60573116691285,67.4625641025641,15,2.060123,5.582584
/fs/ess/PAA0203/xing244/AF_ClaSeq/results_updated/T1214/run2/divide_and_conquer/clades/clade_003/shuffle_04/group_007_unrelaxed_rank_001_alphafold2_ptm_model_1_seed_000.pdb,66.85295420974889,60.18589743589744,13,4.900756,6.910471
/fs/ess/PAA0203/xing244/AF_ClaSeq/results_updated/T1214/run2/divide_and_conquer/clades/clade_003/shuffle_04/group_001_unrelaxed_rank_001_alphafold2_ptm_model_1_seed_000.pdb,70.16617429837518,68.18846153846155,13,2.019934,5.5682645
/fs/ess/PAA0203/xing244/AF_ClaSeq/results_updated/T1214/run2/divide_and_conquer/clades/clade_003/shuffle_04/group_004_unrelaxed_rank_001_alphafold2_ptm_model_1_seed_000.pdb,67.40852289512556,56.96076923076924,13,3.5459032,4.689135
/fs/ess/PAA0203/xing244/AF_ClaSeq/results_updated/T1214/run2/divide_and_conquer/clades/clade_003/shuffle_05/group_003_unrelaxed_rank_001_alphafold2_ptm_model_1_seed_000.pdb,71.87293943870014,57.005384615384614,13,3.0978785,5.7798686
/fs/ess/PAA0203/xing244/AF_ClaSeq/results_updated/T1214/run2/divide_and_conquer/clades/clade_003/shuffle_05/group_002_unrelaxed_rank_001_alphafold2_ptm_model_1_seed_000.pdb,65.94685376661744,59.414615384615374,13,1.8935628,5.582407
/fs/ess/PAA0203/xing244/AF_ClaSeq/results_updated/T1214/run2/divide_and_conquer/clades/clade_003/shuffle_05/group_006_unrelaxed_rank_001_alphafold2_ptm_model_1_seed_000.pdb,65.63503692762185,67.66589743589745,13,1.8161187,6.912295
/fs/ess/PAA0203/xing244/AF_ClaSeq/results_updated/T1214/run2/divide_and_conquer/clades/clade_003/shuffle_05/group_005_unrelaxed_rank_001_alphafold2_ptm_model_1_seed_000.pdb,64.435317577548,57.430512820512845,13,4.299982,3.872289
/fs/ess/PAA0203/xing244/AF_ClaSeq/results_updated/T1214/run2/divide_and_conquer/clades/clade_003/shuffle_05/group_008_unrelaxed_rank_001_alphafold2_ptm_model_1_seed_000.pdb,59.94778434268833,59.07076923076924,15,1.3004837,6.7346234
/fs/ess/PAA0203/xing244/AF_ClaSeq/results_updated/T1214/run2/divide_and_conquer/clades/clade_003/shuffle_05/group_007_unrelaxed_rank_001_alphafold2_ptm_model_1_seed_000.pdb,57.99379615952733,59.434358974358986,13,1.7870847,5.8622794
/fs/ess/PAA0203/xing244/AF_ClaSeq/results_updated/T1214/run2/divide_and_conquer/clades/clade_003/shuffle_05/group_001_unrelaxed_rank_001_alphafold2_ptm_model_1_seed_000.pdb,60.888670605612994,62.42025641025642,13,4.338453,2.6669803
/fs/ess/PAA0203/xing244/AF_ClaSeq/results_updated/T1214/run2/divide_and_conquer/clades/clade_003/shuffle_05/group_004_unrelaxed_rank_001_alphafold2_ptm_model_1_seed_000.pdb,72.6833234859675,65.46743589743589,13,3.8599422,5.506979
/fs/ess/PAA0203/xing244/AF_ClaSeq/results_updated/T1214/run2/divide_and_conquer/clades/clade_003/shuffle_06/group_003_unrelaxed_rank_001_alphafold2_ptm_model_1_seed_000.pdb,56.39586410635155,53.37282051282051,13,3.0041273,5.82688
/fs/ess/PAA0203/xing244/AF_ClaSeq/results_updated/T1214/run2/divide_and_conquer/clades/clade_003/shuffle_06/group_002_unrelaxed_rank_001_alphafold2_ptm_model_1_seed_000.pdb,71.4865140324963,68.03435897435898,13,1.5596768,6.1033254
/fs/ess/PAA0203/xing244/AF_ClaSeq/results_updated/T1214/run2/divide_and_conquer/clades/clade_003/shuffle_06/group_006_unrelaxed_rank_001_alphafold2_ptm_model_1_seed_000.pdb,53.324327917282126,35.73282051282052,13,6.674603,5.269064
/fs/ess/PAA0203/xing244/AF_ClaSeq/results_updated/T1214/run2/divide_and_conquer/clades/clade_003/shuffle_06/group_005_unrelaxed_rank_001_alphafold2_ptm_model_1_seed_000.pdb,64.7314623338257,64.62102564102564,13,1.8976568,5.7432723
/fs/ess/PAA0203/xing244/AF_ClaSeq/results_updated/T1214/run2/divide_and_conquer/clades/clade_003/shuffle_06/group_008_unrelaxed_rank_001_alphafold2_ptm_model_1_seed_000.pdb,65.65153618906942,64.98641025641027,15,2.5041826,4.863457
/fs/ess/PAA0203/xing244/AF_ClaSeq/results_updated/T1214/run2/divide_and_conquer/clades/clade_003/shuffle_06/group_007_unrelaxed_rank_001_alphafold2_ptm_model_1_seed_000.pdb,61.41519940915804,53.69461538461539,13,5.6400394,6.0054507
/fs/ess/PAA0203/xing244/AF_ClaSeq/results_updated/T1214/run2/divide_and_conquer/clades/clade_003/shuffle_06/group_001_unrelaxed_rank_001_alphafold2_ptm_model_1_seed_000.pdb,61.100856720827174,64.86435897435898,13,2.1263728,5.422596
/fs/ess/PAA0203/xing244/AF_ClaSeq/results_updated/T1214/run2/divide_and_conquer/clades/clade_003/shuffle_06/group_004_unrelaxed_rank_001_alphafold2_ptm_model_1_seed_000.pdb,59.156809453471205,59.56384615384616,13,3.0182028,4.4609375
/fs/ess/PAA0203/xing244/AF_ClaSeq/results_updated/T1214/run2/divide_and_conquer/clades/clade_003/shuffle_07/group_003_unrelaxed_rank_001_alphafold2_ptm_model_1_seed_000.pdb,57.45463810930576,55.06153846153846,13,4.382561,4.9579644
/fs/ess/PAA0203/xing244/AF_ClaSeq/results_updated/T1214/run2/divide_and_conquer/clades/clade_003/shuffle_07/group_002_unrelaxed_rank_001_alphafold2_ptm_model_1_seed_000.pdb,66.77531757754801,67.29179487179486,13,1.983619,5.634687
/fs/ess/PAA0203/xing244/AF_ClaSeq/results_updated/T1214/run2/divide_and_conquer/clades/clade_003/shuffle_07/group_006_unrelaxed_rank_001_alphafold2_ptm_model_1_seed_000.pdb,65.26657311669129,60.96025641025642,13,2.4736345,4.6377482
/fs/ess/PAA0203/xing244/AF_ClaSeq/results_updated/T1214/run2/divide_and_conquer/clades/clade_003/shuffle_07/group_005_unrelaxed_rank_001_alphafold2_ptm_model_1_seed_000.pdb,63.3022599704579,55.961794871794865,13,5.1273904,3.0985808
/fs/ess/PAA0203/xing244/AF_ClaSeq/results_updated/T1214/run2/divide_and_conquer/clades/clade_003/shuffle_07/group_008_unrelaxed_rank_001_alphafold2_ptm_model_1_seed_000.pdb,77.07085672082718,70.81102564102564,15,2.5329428,5.039636
/fs/ess/PAA0203/xing244/AF_ClaSeq/results_updated/T1214/run2/divide_and_conquer/clades/clade_003/shuffle_07/group_007_unrelaxed_rank_001_alphafold2_ptm_model_1_seed_000.pdb,73.86791728212704,64.98717948717949,13,2.8734174,4.6074324
/fs/ess/PAA0203/xing244/AF_ClaSeq/results_updated/T1214/run2/divide_and_conquer/clades/clade_003/shuffle_07/group_001_unrelaxed_rank_001_alphafold2_ptm_model_1_seed_000.pdb,57.79355982274741,60.690769230769234,13,4.4410934,4.6948442
/fs/ess/PAA0203/xing244/AF_ClaSeq/results_updated/T1214/run2/divide_and_conquer/clades/clade_003/shuffle_07/group_004_unrelaxed_rank_001_alphafold2_ptm_model_1_seed_000.pdb,64.37610044313146,64.34128205128205,13,1.9417151,5.11928
/fs/ess/PAA0203/xing244/AF_ClaSeq/results_updated/T1214/run2/divide_and_conquer/clades/clade_003/shuffle_08/group_003_unrelaxed_rank_001_alphafold2_ptm_model_1_seed_000.pdb,66.04769571639585,62.30948717948717,13,3.3957882,4.2257724
/fs/ess/PAA0203/xing244/AF_ClaSeq/results_updated/T1214/run2/divide_and_conquer/clades/clade_003/shuffle_08/group_002_unrelaxed_rank_001_alphafold2_ptm_model_1_seed_000.pdb,68.56825701624815,66.30384615384615,13,2.6065025,4.1993976
/fs/ess/PAA0203/xing244/AF_ClaSeq/results_updated/T1214/run2/divide_and_conquer/clades/clade_003/shuffle_08/group_006_unrelaxed_rank_001_alphafold2_ptm_model_1_seed_000.pdb,59.996587887740034,41.623846153846145,13,3.3549504,5.9986005
/fs/ess/PAA0203/xing244/AF_ClaSeq/results_updated/T1214/run2/divide_and_conquer/clades/clade_003/shuffle_08/group_005_unrelaxed_rank_001_alphafold2_ptm_model_1_seed_000.pdb,57.781639586410634,60.18102564102564,13,3.802128,4.73393
/fs/ess/PAA0203/xing244/AF_ClaSeq/results_updated/T1214/run2/divide_and_conquer/clades/clade_003/shuffle_08/group_008_unrelaxed_rank_001_alphafold2_ptm_model_1_seed_000.pdb,73.62951255539143,75.37615384615385,15,1.6353512,6.52458
/fs/ess/PAA0203/xing244/AF_ClaSeq/results_updated/T1214/run2/divide_and_conquer/clades/clade_003/shuffle_08/group_007_unrelaxed_rank_001_alphafold2_ptm_model_1_seed_000.pdb,66.74741506646971,66.90051282051282,13,1.8042914,5.6985106
/fs/ess/PAA0203/xing244/AF_ClaSeq/results_updated/T1214/run2/divide_and_conquer/clades/clade_003/shuffle_08/group_001_unrelaxed_rank_001_alphafold2_ptm_model_1_seed_000.pdb,59.937740029542105,44.85974358974359,13,5.4740634,7.4125886
/fs/ess/PAA0203/xing244/AF_ClaSeq/results_updated/T1214/run2/divide_and_conquer/clades/clade_003/shuffle_08/group_004_unrelaxed_rank_001_alphafold2_ptm_model_1_seed_000.pdb,64.2341211225997,66.12923076923077,13,3.7345827,5.2231817
/fs/ess/PAA0203/xing244/AF_ClaSeq/results_updated/T1214/run2/divide_and_conquer/clades/clade_003/shuffle_09/group_003_unrelaxed_rank_001_alphafold2_ptm_model_1_seed_000.pdb,56.632836041358935,57.599487179487184,13,2.9874256,4.8435354
/fs/ess/PAA0203/xing244/AF_ClaSeq/results_updated/T1214/run2/divide_and_conquer/clades/clade_003/shuffle_09/group_002_unrelaxed_rank_001_alphafold2_ptm_model_1_seed_000.pdb,69.32930576070902,69.51153846153848,13,1.6985965,6.452404
/fs/ess/PAA0203/xing244/AF_ClaSeq/results_updated/T1214/run2/divide_and_conquer/clades/clade_003/shuffle_09/group_006_unrelaxed_rank_001_alphafold2_ptm_model_1_seed_000.pdb,57.91162481536189,52.65153846153846,13,4.667323,5.8651505
/fs/ess/PAA0203/xing244/AF_ClaSeq/results_updated/T1214/run2/divide_and_conquer/clades/clade_003/shuffle_09/group_005_unrelaxed_rank_001_alphafold2_ptm_model_1_seed_000.pdb,69.40788774002954,68.05692307692307,13,2.1720119,4.902614
/fs/ess/PAA0203/xing244/AF_ClaSeq/results_updated/T1214/run2/divide_and_conquer/clades/clade_003/shuffle_09/group_008_unrelaxed_rank_001_alphafold2_ptm_model_1_seed_000.pdb,67.17391432791729,63.82461538461539,15,3.67005,4.9161468
/fs/ess/PAA0203/xing244/AF_ClaSeq/results_updated/T1214/run2/divide_and_conquer/clades/clade_003/shuffle_09/group_007_unrelaxed_rank_001_alphafold2_ptm_model_1_seed_000.pdb,55.92304283604135,47.487435897435894,13,3.4200623,6.470488
/fs/ess/PAA0203/xing244/AF_ClaSeq/results_updated/T1214/run2/divide_and_conquer/clades/clade_003/shuffle_09/group_001_unrelaxed_rank_001_alphafold2_ptm_model_1_seed_000.pdb,69.77472673559821,69.65538461538462,13,1.6697551,5.7111855
/fs/ess/PAA0203/xing244/AF_ClaSeq/results_updated/T1214/run2/divide_and_conquer/clades/clade_003/shuffle_09/group_004_unrelaxed_rank_001_alphafold2_ptm_model_1_seed_000.pdb,66.93138847858198,62.58205128205129,13,3.7892408,4.9960775
/fs/ess/PAA0203/xing244/AF_ClaSeq/results_updated/T1214/run2/divide_and_conquer/clades/clade_003/shuffle_10/group_003_unrelaxed_rank_001_alphafold2_ptm_model_1_seed_000.pdb,58.979881831610044,58.894358974358965,13,2.3141036,4.9170938
/fs/ess/PAA0203/xing244/AF_ClaSeq/results_updated/T1214/run2/divide_and_conquer/clades/clade_003/shuffle_10/group_002_unrelaxed_rank_001_alphafold2_ptm_model_1_seed_000.pdb,56.85174298375184,59.75410256410256,13,1.6188679,5.8416615
/fs/ess/PAA0203/xing244/AF_ClaSeq/results_updated/T1214/run2/divide_and_conquer/clades/clade_003/shuffle_10/group_006_unrelaxed_rank_001_alphafold2_ptm_model_1_seed_000.pdb,63.998966026587894,40.99384615384615,13,8.575638,7.8085747
/fs/ess/PAA0203/xing244/AF_ClaSeq/results_updated/T1214/run2/divide_and_conquer/clades/clade_003/shuffle_10/group_005_unrelaxed_rank_001_alphafold2_ptm_model_1_seed_000.pdb,65.60478581979321,66.61,13,1.8937227,5.9934177
/fs/ess/PAA0203/xing244/AF_ClaSeq/results_updated/T1214/run2/divide_and_conquer/clades/clade_003/shuffle_10/group_008_unrelaxed_rank_001_alphafold2_ptm_model_1_seed_000.pdb,57.80697193500738,34.33384615384615,15,5.687365,4.236182
/fs/ess/PAA0203/xing244/AF_ClaSeq/results_updated/T1214/run2/divide_and_conquer/clades/clade_003/shuffle_10/group_007_unrelaxed_rank_001_alphafold2_ptm_model_1_seed_000.pdb,61.964475627769566,61.25769230769231,13,2.8324652,5.600236
/fs/ess/PAA0203/xing244/AF_ClaSeq/results_updated/T1214/run2/divide_and_conquer/clades/clade_003/shuffle_10/group_001_unrelaxed_rank_001_alphafold2_ptm_model_1_seed_000.pdb,55.344224519940916,60.58205128205129,13,2.9936793,4.472377
/fs/ess/PAA0203/xing244/AF_ClaSeq/results_updated/T1214/run2/divide_and_conquer/clades/clade_003/shuffle_10/group_004_unrelaxed_rank_001_alphafold2_ptm_model_1_seed_000.pdb,65.96420974889217,64.67923076923077,13,1.4470282,6.4334803
/fs/ess/PAA0203/xing244/AF_ClaSeq/results_updated/T1214/run2/divide_and_conquer/clades/clade_004/shuffle_01/group_003_unrelaxed_rank_001_alphafold2_ptm_model_1_seed_000.pdb,72.14180206794683,69.28461538461539,13,3.132492,4.1343975
/fs/ess/PAA0203/xing244/AF_ClaSeq/results_updated/T1214/run2/divide_and_conquer/clades/clade_004/shuffle_01/group_002_unrelaxed_rank_001_alphafold2_ptm_model_1_seed_000.pdb,77.99023633677992,69.38307692307691,13,3.243685,3.7907228
/fs/ess/PAA0203/xing244/AF_ClaSeq/results_updated/T1214/run2/divide_and_conquer/clades/clade_004/shuffle_01/group_006_unrelaxed_rank_001_alphafold2_ptm_model_1_seed_000.pdb,76.52454948301329,74.45538461538462,13,2.4207873,4.5708303
/fs/ess/PAA0203/xing244/AF_ClaSeq/results_updated/T1214/run2/divide_and_conquer/clades/clade_004/shuffle_01/group_005_unrelaxed_rank_001_alphafold2_ptm_model_1_seed_000.pdb,72.31952732644018,65.75897435897436,13,2.9507008,4.191326
/fs/ess/PAA0203/xing244/AF_ClaSeq/results_updated/T1214/run2/divide_and_conquer/clades/clade_004/shuffle_01/group_008_unrelaxed_rank_001_alphafold2_ptm_model_1_seed_000.pdb,77.16821270310193,67.11692307692309,14,3.8674526,4.10256
/fs/ess/PAA0203/xing244/AF_ClaSeq/results_updated/T1214/run2/divide_and_conquer/clades/clade_004/shuffle_01/group_007_unrelaxed_rank_001_alphafold2_ptm_model_1_seed_000.pdb,76.29748892171344,68.17,13,1.8857476,6.8649077
/fs/ess/PAA0203/xing244/AF_ClaSeq/results_updated/T1214/run2/divide_and_conquer/clades/clade_004/shuffle_01/group_001_unrelaxed_rank_001_alphafold2_ptm_model_1_seed_000.pdb,59.895125553914326,55.21717948717948,13,4.086605,4.492859
/fs/ess/PAA0203/xing244/AF_ClaSeq/results_updated/T1214/run2/divide_and_conquer/clades/clade_004/shuffle_01/group_004_unrelaxed_rank_001_alphafold2_ptm_model_1_seed_000.pdb,75.87620384047268,70.45333333333333,13,2.849844,4.014553
/fs/ess/PAA0203/xing244/AF_ClaSeq/results_updated/T1214/run2/divide_and_conquer/clades/clade_004/shuffle_02/group_003_unrelaxed_rank_001_alphafold2_ptm_model_1_seed_000.pdb,72.24462333825701,65.56564102564104,13,1.3867508,5.4938087
/fs/ess/PAA0203/xing244/AF_ClaSeq/results_updated/T1214/run2/divide_and_conquer/clades/clade_004/shuffle_02/group_002_unrelaxed_rank_001_alphafold2_ptm_model_1_seed_000.pdb,76.54683899556868,69.86692307692307,13,2.2920346,4.8928614
/fs/ess/PAA0203/xing244/AF_ClaSeq/results_updated/T1214/run2/divide_and_conquer/clades/clade_004/shuffle_02/group_006_unrelaxed_rank_001_alphafold2_ptm_model_1_seed_000.pdb,75.71223042836041,67.06846153846153,13,3.3479462,5.4071803
/fs/ess/PAA0203/xing244/AF_ClaSeq/results_updated/T1214/run2/divide_and_conquer/clades/clade_004/shuffle_02/group_005_unrelaxed_rank_001_alphafold2_ptm_model_1_seed_000.pdb,60.71952732644017,62.23538461538461,13,3.1341345,3.8952436
/fs/ess/PAA0203/xing244/AF_ClaSeq/results_updated/T1214/run2/divide_and_conquer/clades/clade_004/shuffle_02/group_008_unrelaxed_rank_001_alphafold2_ptm_model_1_seed_000.pdb,73.61661742983752,68.1925641025641,14,2.2853265,5.159943
/fs/ess/PAA0203/xing244/AF_ClaSeq/results_updated/T1214/run2/divide_and_conquer/clades/clade_004/shuffle_02/group_007_unrelaxed_rank_001_alphafold2_ptm_model_1_seed_000.pdb,72.02453471196455,69.54358974358973,13,2.819556,4.1107855
/fs/ess/PAA0203/xing244/AF_ClaSeq/results_updated/T1214/run2/divide_and_conquer/clades/clade_004/shuffle_02/group_001_unrelaxed_rank_001_alphafold2_ptm_model_1_seed_000.pdb,75.57872968980799,64.67999999999999,13,3.3742795,4.9751925
/fs/ess/PAA0203/xing244/AF_ClaSeq/results_updated/T1214/run2/divide_and_conquer/clades/clade_004/shuffle_02/group_004_unrelaxed_rank_001_alphafold2_ptm_model_1_seed_000.pdb,73.19369276218612,68.23923076923076,13,3.7683418,4.329527
/fs/ess/PAA0203/xing244/AF_ClaSeq/results_updated/T1214/run2/divide_and_conquer/clades/clade_004/shuffle_03/group_003_unrelaxed_rank_001_alphafold2_ptm_model_1_seed_000.pdb,76.80418020679468,74.77333333333334,13,3.3969386,3.5802789
/fs/ess/PAA0203/xing244/AF_ClaSeq/results_updated/T1214/run2/divide_and_conquer/clades/clade_004/shuffle_03/group_002_unrelaxed_rank_001_alphafold2_ptm_model_1_seed_000.pdb,77.32618906942393,69.7151282051282,13,2.8273432,5.925706
/fs/ess/PAA0203/xing244/AF_ClaSeq/results_updated/T1214/run2/divide_and_conquer/clades/clade_004/shuffle_03/group_006_unrelaxed_rank_001_alphafold2_ptm_model_1_seed_000.pdb,67.94602658788774,60.01333333333334,13,2.8363807,5.8498497
/fs/ess/PAA0203/xing244/AF_ClaSeq/results_updated/T1214/run2/divide_and_conquer/clades/clade_004/shuffle_03/group_005_unrelaxed_rank_001_alphafold2_ptm_model_1_seed_000.pdb,76.80341211225996,70.33615384615386,13,1.8104289,5.550504
/fs/ess/PAA0203/xing244/AF_ClaSeq/results_updated/T1214/run2/divide_and_conquer/clades/clade_004/shuffle_03/group_008_unrelaxed_rank_001_alphafold2_ptm_model_1_seed_000.pdb,75.0214327917282,68.04384615384616,14,3.3903208,3.6715298
/fs/ess/PAA0203/xing244/AF_ClaSeq/results_updated/T1214/run2/divide_and_conquer/clades/clade_004/shuffle_03/group_007_unrelaxed_rank_001_alphafold2_ptm_model_1_seed_000.pdb,75.47980797636633,67.15333333333334,13,3.580358,4.753885
/fs/ess/PAA0203/xing244/AF_ClaSeq/results_updated/T1214/run2/divide_and_conquer/clades/clade_004/shuffle_03/group_001_unrelaxed_rank_001_alphafold2_ptm_model_1_seed_000.pdb,73.33766617429838,69.31256410256411,13,2.6520572,4.2628546
/fs/ess/PAA0203/xing244/AF_ClaSeq/results_updated/T1214/run2/divide_and_conquer/clades/clade_004/shuffle_03/group_004_unrelaxed_rank_001_alphafold2_ptm_model_1_seed_000.pdb,65.7518906942393,62.81923076923078,13,3.9038825,6.168658
/fs/ess/PAA0203/xing244/AF_ClaSeq/results_updated/T1214/run2/divide_and_conquer/clades/clade_004/shuffle_04/group_003_unrelaxed_rank_001_alphafold2_ptm_model_1_seed_000.pdb,72.57961595273265,65.66512820512821,13,3.0350783,4.2046165
/fs/ess/PAA0203/xing244/AF_ClaSeq/results_updated/T1214/run2/divide_and_conquer/clades/clade_004/shuffle_04/group_002_unrelaxed_rank_001_alphafold2_ptm_model_1_seed_000.pdb,78.27558345642542,74.35871794871794,13,2.9366395,3.8916187
/fs/ess/PAA0203/xing244/AF_ClaSeq/results_updated/T1214/run2/divide_and_conquer/clades/clade_004/shuffle_04/group_006_unrelaxed_rank_001_alphafold2_ptm_model_1_seed_000.pdb,71.7317577548006,64.64256410256411,13,2.9433813,4.6430583
/fs/ess/PAA0203/xing244/AF_ClaSeq/results_updated/T1214/run2/divide_and_conquer/clades/clade_004/shuffle_04/group_005_unrelaxed_rank_001_alphafold2_ptm_model_1_seed_000.pdb,71.55802067946824,66.23179487179488,13,3.121547,3.8981137
/fs/ess/PAA0203/xing244/AF_ClaSeq/results_updated/T1214/run2/divide_and_conquer/clades/clade_004/shuffle_04/group_008_unrelaxed_rank_001_alphafold2_ptm_model_1_seed_000.pdb,73.42633677991138,65.58820512820513,14,3.8465872,5.16591
/fs/ess/PAA0203/xing244/AF_ClaSeq/results_updated/T1214/run2/divide_and_conquer/clades/clade_004/shuffle_04/group_007_unrelaxed_rank_001_alphafold2_ptm_model_1_seed_000.pdb,66.67332348596752,59.392307692307696,13,2.9477708,4.381822
/fs/ess/PAA0203/xing244/AF_ClaSeq/results_updated/T1214/run2/divide_and_conquer/clades/clade_004/shuffle_04/group_001_unrelaxed_rank_001_alphafold2_ptm_model_1_seed_000.pdb,77.04122599704579,71.58615384615385,13,2.5132344,4.42074
/fs/ess/PAA0203/xing244/AF_ClaSeq/results_updated/T1214/run2/divide_and_conquer/clades/clade_004/shuffle_04/group_004_unrelaxed_rank_001_alphafold2_ptm_model_1_seed_000.pdb,71.05648449039883,67.9071794871795,13,3.3214371,3.593359
/fs/ess/PAA0203/xing244/AF_ClaSeq/results_updated/T1214/run2/divide_and_conquer/clades/clade_004/shuffle_05/group_003_unrelaxed_rank_001_alphafold2_ptm_model_1_seed_000.pdb,68.81363367799113,63.53948717948718,13,3.1728413,5.0277467
/fs/ess/PAA0203/xing244/AF_ClaSeq/results_updated/T1214/run2/divide_and_conquer/clades/clade_004/shuffle_05/group_002_unrelaxed_rank_001_alphafold2_ptm_model_1_seed_000.pdb,52.82589364844904,57.76153846153847,13,3.7701464,4.421172
/fs/ess/PAA0203/xing244/AF_ClaSeq/results_updated/T1214/run2/divide_and_conquer/clades/clade_004/shuffle_05/group_006_unrelaxed_rank_001_alphafold2_ptm_model_1_seed_000.pdb,72.76623338257016,68.01128205128205,13,2.497758,4.659997
/fs/ess/PAA0203/xing244/AF_ClaSeq/results_updated/T1214/run2/divide_and_conquer/clades/clade_004/shuffle_05/group_005_unrelaxed_rank_001_alphafold2_ptm_model_1_seed_000.pdb,75.18112259970457,71.68846153846155,13,2.0217376,4.9631686
/fs/ess/PAA0203/xing244/AF_ClaSeq/results_updated/T1214/run2/divide_and_conquer/clades/clade_004/shuffle_05/group_008_unrelaxed_rank_001_alphafold2_ptm_model_1_seed_000.pdb,75.83604135893648,72.14897435897436,14,3.0707686,3.9815035
/fs/ess/PAA0203/xing244/AF_ClaSeq/results_updated/T1214/run2/divide_and_conquer/clades/clade_004/shuffle_05/group_007_unrelaxed_rank_001_alphafold2_ptm_model_1_seed_000.pdb,75.56952732644018,69.05282051282052,13,1.4719943,5.9037466
/fs/ess/PAA0203/xing244/AF_ClaSeq/results_updated/T1214/run2/divide_and_conquer/clades/clade_004/shuffle_05/group_001_unrelaxed_rank_001_alphafold2_ptm_model_1_seed_000.pdb,70.59661742983751,66.76256410256411,13,2.6969216,4.3120995
/fs/ess/PAA0203/xing244/AF_ClaSeq/results_updated/T1214/run2/divide_and_conquer/clades/clade_004/shuffle_05/group_004_unrelaxed_rank_001_alphafold2_ptm_model_1_seed_000.pdb,73.39497784342689,65.09282051282051,13,2.7667792,4.1679797
/fs/ess/PAA0203/xing244/AF_ClaSeq/results_updated/T1214/run2/divide_and_conquer/clades/clade_004/shuffle_06/group_003_unrelaxed_rank_001_alphafold2_ptm_model_1_seed_000.pdb,74.54075332348596,68.50666666666667,13,2.528911,4.687819
/fs/ess/PAA0203/xing244/AF_ClaSeq/results_updated/T1214/run2/divide_and_conquer/clades/clade_004/shuffle_06/group_002_unrelaxed_rank_001_alphafold2_ptm_model_1_seed_000.pdb,74.83267355982275,69.37538461538462,13,2.7429712,4.4212255
/fs/ess/PAA0203/xing244/AF_ClaSeq/results_updated/T1214/run2/divide_and_conquer/clades/clade_004/shuffle_06/group_006_unrelaxed_rank_001_alphafold2_ptm_model_1_seed_000.pdb,74.41623338257017,69.23948717948718,13,3.135304,4.2861166
/fs/ess/PAA0203/xing244/AF_ClaSeq/results_updated/T1214/run2/divide_and_conquer/clades/clade_004/shuffle_06/group_005_unrelaxed_rank_001_alphafold2_ptm_model_1_seed_000.pdb,77.99871491875923,65.12307692307692,13,4.0027895,4.475147
/fs/ess/PAA0203/xing244/AF_ClaSeq/results_updated/T1214/run2/divide_and_conquer/clades/clade_004/shuffle_06/group_008_unrelaxed_rank_001_alphafold2_ptm_model_1_seed_000.pdb,74.58527326440178,68.21128205128204,14,2.6034129,4.514656
/fs/ess/PAA0203/xing244/AF_ClaSeq/results_updated/T1214/run2/divide_and_conquer/clades/clade_004/shuffle_06/group_007_unrelaxed_rank_001_alphafold2_ptm_model_1_seed_000.pdb,71.86431314623339,69.4502564102564,13,2.8252497,4.3125834
/fs/ess/PAA0203/xing244/AF_ClaSeq/results_updated/T1214/run2/divide_and_conquer/clades/clade_004/shuffle_06/group_001_unrelaxed_rank_001_alphafold2_ptm_model_1_seed_000.pdb,69.44618906942392,66.82000000000001,13,2.7127876,4.178636
/fs/ess/PAA0203/xing244/AF_ClaSeq/results_updated/T1214/run2/divide_and_conquer/clades/clade_004/shuffle_06/group_004_unrelaxed_rank_001_alphafold2_ptm_model_1_seed_000.pdb,73.59589364844904,68.22564102564102,13,3.472176,4.4101806
/fs/ess/PAA0203/xing244/AF_ClaSeq/results_updated/T1214/run2/divide_and_conquer/clades/clade_004/shuffle_07/group_003_unrelaxed_rank_001_alphafold2_ptm_model_1_seed_000.pdb,76.07175775480059,69.3876923076923,13,2.3638859,4.5535955
/fs/ess/PAA0203/xing244/AF_ClaSeq/results_updated/T1214/run2/divide_and_conquer/clades/clade_004/shuffle_07/group_002_unrelaxed_rank_001_alphafold2_ptm_model_1_seed_000.pdb,75.5603988183161,69.82307692307693,13,1.4364762,5.867248
/fs/ess/PAA0203/xing244/AF_ClaSeq/results_updated/T1214/run2/divide_and_conquer/clades/clade_004/shuffle_07/group_006_unrelaxed_rank_001_alphafold2_ptm_model_1_seed_000.pdb,70.27127031019202,66.41717948717948,13,3.331564,3.781189
/fs/ess/PAA0203/xing244/AF_ClaSeq/results_updated/T1214/run2/divide_and_conquer/clades/clade_004/shuffle_07/group_005_unrelaxed_rank_001_alphafold2_ptm_model_1_seed_000.pdb,79.30042836041359,70.11589743589744,13,3.8485405,4.0951715
/fs/ess/PAA0203/xing244/AF_ClaSeq/results_updated/T1214/run2/divide_and_conquer/clades/clade_004/shuffle_07/group_008_unrelaxed_rank_001_alphafold2_ptm_model_1_seed_000.pdb,75.79392909896603,69.26205128205129,14,3.4767115,5.2276835
/fs/ess/PAA0203/xing244/AF_ClaSeq/results_updated/T1214/run2/divide_and_conquer/clades/clade_004/shuffle_07/group_007_unrelaxed_rank_001_alphafold2_ptm_model_1_seed_000.pdb,77.90921713441655,69.68538461538462,13,3.8765156,4.4310055
/fs/ess/PAA0203/xing244/AF_ClaSeq/results_updated/T1214/run2/divide_and_conquer/clades/clade_004/shuffle_07/group_001_unrelaxed_rank_001_alphafold2_ptm_model_1_seed_000.pdb,73.29751846381093,65.22538461538461,13,1.8996297,5.734663
/fs/ess/PAA0203/xing244/AF_ClaSeq/results_updated/T1214/run2/divide_and_conquer/clades/clade_004/shuffle_07/group_004_unrelaxed_rank_001_alphafold2_ptm_model_1_seed_000.pdb,68.12737075332348,58.80051282051283,13,6.337578,2.9484477
/fs/ess/PAA0203/xing244/AF_ClaSeq/results_updated/T1214/run2/divide_and_conquer/clades/clade_004/shuffle_08/group_003_unrelaxed_rank_001_alphafold2_ptm_model_1_seed_000.pdb,75.64652880354505,73.07076923076923,13,2.8335357,4.100371
/fs/ess/PAA0203/xing244/AF_ClaSeq/results_updated/T1214/run2/divide_and_conquer/clades/clade_004/shuffle_08/group_002_unrelaxed_rank_001_alphafold2_ptm_model_1_seed_000.pdb,73.61060561299853,69.84743589743587,13,1.7415209,5.325073
/fs/ess/PAA0203/xing244/AF_ClaSeq/results_updated/T1214/run2/divide_and_conquer/clades/clade_004/shuffle_08/group_006_unrelaxed_rank_001_alphafold2_ptm_model_1_seed_000.pdb,73.60641063515509,69.49615384615385,13,2.979479,4.1646986
/fs/ess/PAA0203/xing244/AF_ClaSeq/results_updated/T1214/run2/divide_and_conquer/clades/clade_004/shuffle_08/group_005_unrelaxed_rank_001_alphafold2_ptm_model_1_seed_000.pdb,74.90576070901034,64.47153846153846,13,2.6792798,5.475916
/fs/ess/PAA0203/xing244/AF_ClaSeq/results_updated/T1214/run2/divide_and_conquer/clades/clade_004/shuffle_08/group_008_unrelaxed_rank_001_alphafold2_ptm_model_1_seed_000.pdb,76.27112259970458,70.09435897435898,14,2.5577064,4.495357
/fs/ess/PAA0203/xing244/AF_ClaSeq/results_updated/T1214/run2/divide_and_conquer/clades/clade_004/shuffle_08/group_007_unrelaxed_rank_001_alphafold2_ptm_model_1_seed_000.pdb,71.90927621861152,64.17923076923077,13,2.4114099,4.8148727
/fs/ess/PAA0203/xing244/AF_ClaSeq/results_updated/T1214/run2/divide_and_conquer/clades/clade_004/shuffle_08/group_001_unrelaxed_rank_001_alphafold2_ptm_model_1_seed_000.pdb,72.67612998522895,66.80564102564102,13,1.3063357,6.524897
/fs/ess/PAA0203/xing244/AF_ClaSeq/results_updated/T1214/run2/divide_and_conquer/clades/clade_004/shuffle_08/group_004_unrelaxed_rank_001_alphafold2_ptm_model_1_seed_000.pdb,73.1196011816839,66.79692307692308,13,2.6943514,4.449609
/fs/ess/PAA0203/xing244/AF_ClaSeq/results_updated/T1214/run2/divide_and_conquer/clades/clade_004/shuffle_09/group_003_unrelaxed_rank_001_alphafold2_ptm_model_1_seed_000.pdb,75.96703101920237,69.41871794871794,13,2.166192,4.905056
/fs/ess/PAA0203/xing244/AF_ClaSeq/results_updated/T1214/run2/divide_and_conquer/clades/clade_004/shuffle_09/group_002_unrelaxed_rank_001_alphafold2_ptm_model_1_seed_000.pdb,74.9033234859675,67.77333333333334,13,2.474564,5.007148
/fs/ess/PAA0203/xing244/AF_ClaSeq/results_updated/T1214/run2/divide_and_conquer/clades/clade_004/shuffle_09/group_006_unrelaxed_rank_001_alphafold2_ptm_model_1_seed_000.pdb,74.55807976366322,67.7328205128205,13,3.5369647,3.5408866
/fs/ess/PAA0203/xing244/AF_ClaSeq/results_updated/T1214/run2/divide_and_conquer/clades/clade_004/shuffle_09/group_005_unrelaxed_rank_001_alphafold2_ptm_model_1_seed_000.pdb,75.62178729689808,72.0302564102564,13,2.691438,4.1833205
/fs/ess/PAA0203/xing244/AF_ClaSeq/results_updated/T1214/run2/divide_and_conquer/clades/clade_004/shuffle_09/group_008_unrelaxed_rank_001_alphafold2_ptm_model_1_seed_000.pdb,66.68528803545053,63.4676923076923,14,3.7052486,4.8216205
/fs/ess/PAA0203/xing244/AF_ClaSeq/results_updated/T1214/run2/divide_and_conquer/clades/clade_004/shuffle_09/group_007_unrelaxed_rank_001_alphafold2_ptm_model_1_seed_000.pdb,76.14474150664698,66.98358974358975,13,3.2971075,4.637257
/fs/ess/PAA0203/xing244/AF_ClaSeq/results_updated/T1214/run2/divide_and_conquer/clades/clade_004/shuffle_09/group_001_unrelaxed_rank_001_alphafold2_ptm_model_1_seed_000.pdb,74.29271787296898,68.18769230769232,13,3.2723901,3.916835
/fs/ess/PAA0203/xing244/AF_ClaSeq/results_updated/T1214/run2/divide_and_conquer/clades/clade_004/shuffle_09/group_004_unrelaxed_rank_001_alphafold2_ptm_model_1_seed_000.pdb,75.18497784342689,67.68102564102564,13,1.3628483,6.982534
/fs/ess/PAA0203/xing244/AF_ClaSeq/results_updated/T1214/run2/divide_and_conquer/clades/clade_004/shuffle_10/group_003_unrelaxed_rank_001_alphafold2_ptm_model_1_seed_000.pdb,75.41756277695717,66.36794871794872,13,3.6597826,4.967756
/fs/ess/PAA0203/xing244/AF_ClaSeq/results_updated/T1214/run2/divide_and_conquer/clades/clade_004/shuffle_10/group_002_unrelaxed_rank_001_alphafold2_ptm_model_1_seed_000.pdb,80.42872968980798,73.86487179487179,13,2.6541388,4.5618305
/fs/ess/PAA0203/xing244/AF_ClaSeq/results_updated/T1214/run2/divide_and_conquer/clades/clade_004/shuffle_10/group_006_unrelaxed_rank_001_alphafold2_ptm_model_1_seed_000.pdb,75.08373707533235,70.40692307692308,13,2.998906,4.3035846
/fs/ess/PAA0203/xing244/AF_ClaSeq/results_updated/T1214/run2/divide_and_conquer/clades/clade_004/shuffle_10/group_005_unrelaxed_rank_001_alphafold2_ptm_model_1_seed_000.pdb,75.39243722304283,70.19820512820513,13,3.0501676,4.105062
/fs/ess/PAA0203/xing244/AF_ClaSeq/results_updated/T1214/run2/divide_and_conquer/clades/clade_004/shuffle_10/group_008_unrelaxed_rank_001_alphafold2_ptm_model_1_seed_000.pdb,67.37626292466764,61.81948717948719,14,1.4989606,6.116284
/fs/ess/PAA0203/xing244/AF_ClaSeq/results_updated/T1214/run2/divide_and_conquer/clades/clade_004/shuffle_10/group_007_unrelaxed_rank_001_alphafold2_ptm_model_1_seed_000.pdb,76.91327917282128,69.95256410256411,13,3.591463,4.608732
/fs/ess/PAA0203/xing244/AF_ClaSeq/results_updated/T1214/run2/divide_and_conquer/clades/clade_004/shuffle_10/group_001_unrelaxed_rank_001_alphafold2_ptm_model_1_seed_000.pdb,68.38233382570164,67.78512820512822,13,1.7454679,5.890125
/fs/ess/PAA0203/xing244/AF_ClaSeq/results_updated/T1214/run2/divide_and_conquer/clades/clade_004/shuffle_10/group_004_unrelaxed_rank_001_alphafold2_ptm_model_1_seed_000.pdb,74.09289512555392,67.14051282051281,13,2.5762475,4.503738
/fs/ess/PAA0203/xing244/AF_ClaSeq/results_updated/T1214/run2/divide_and_conquer/clades/clade_005/shuffle_01/group_003_unrelaxed_rank_001_alphafold2_ptm_model_1_seed_000.pdb,69.18277695716397,72.46846153846154,13,3.5139923,4.262426
/fs/ess/PAA0203/xing244/AF_ClaSeq/results_updated/T1214/run2/divide_and_conquer/clades/clade_005/shuffle_01/group_002_unrelaxed_rank_001_alphafold2_ptm_model_1_seed_000.pdb,60.21131462333826,64.2574358974359,13,3.9451382,3.365978
/fs/ess/PAA0203/xing244/AF_ClaSeq/results_updated/T1214/run2/divide_and_conquer/clades/clade_005/shuffle_01/group_006_unrelaxed_rank_001_alphafold2_ptm_model_1_seed_000.pdb,55.62243722304284,43.20051282051282,13,5.2808695,5.4404116
/fs/ess/PAA0203/xing244/AF_ClaSeq/results_updated/T1214/run2/divide_and_conquer/clades/clade_005/shuffle_01/group_005_unrelaxed_rank_001_alphafold2_ptm_model_1_seed_000.pdb,59.30809453471197,66.06435897435895,13,2.942975,4.2057023
/fs/ess/PAA0203/xing244/AF_ClaSeq/results_updated/T1214/run2/divide_and_conquer/clades/clade_005/shuffle_01/group_008_unrelaxed_rank_001_alphafold2_ptm_model_1_seed_000.pdb,57.762053175775485,62.6425641025641,13,3.77696,3.5386958
/fs/ess/PAA0203/xing244/AF_ClaSeq/results_updated/T1214/run2/divide_and_conquer/clades/clade_005/shuffle_01/group_007_unrelaxed_rank_001_alphafold2_ptm_model_1_seed_000.pdb,62.720649926144766,69.46846153846154,13,4.290246,2.7787437
/fs/ess/PAA0203/xing244/AF_ClaSeq/results_updated/T1214/run2/divide_and_conquer/clades/clade_005/shuffle_01/group_001_unrelaxed_rank_001_alphafold2_ptm_model_1_seed_000.pdb,60.396174298375186,63.93410256410256,13,3.633074,3.385952
/fs/ess/PAA0203/xing244/AF_ClaSeq/results_updated/T1214/run2/divide_and_conquer/clades/clade_005/shuffle_01/group_004_unrelaxed_rank_001_alphafold2_ptm_model_1_seed_000.pdb,64.66184638109306,70.23948717948718,13,4.292784,2.6086242
/fs/ess/PAA0203/xing244/AF_ClaSeq/results_updated/T1214/run2/divide_and_conquer/clades/clade_005/shuffle_02/group_003_unrelaxed_rank_001_alphafold2_ptm_model_1_seed_000.pdb,59.23660265878876,65.42025641025641,13,2.889509,4.6852007
/fs/ess/PAA0203/xing244/AF_ClaSeq/results_updated/T1214/run2/divide_and_conquer/clades/clade_005/shuffle_02/group_002_unrelaxed_rank_001_alphafold2_ptm_model_1_seed_000.pdb,64.28994091580503,67.2171794871795,13,3.7147675,3.1995363
/fs/ess/PAA0203/xing244/AF_ClaSeq/results_updated/T1214/run2/divide_and_conquer/clades/clade_005/shuffle_02/group_006_unrelaxed_rank_001_alphafold2_ptm_model_1_seed_000.pdb,64.58277695716396,67.6848717948718,13,3.7918458,3.3545616
/fs/ess/PAA0203/xing244/AF_ClaSeq/results_updated/T1214/run2/divide_and_conquer/clades/clade_005/shuffle_02/group_005_unrelaxed_rank_001_alphafold2_ptm_model_1_seed_000.pdb,57.044726735598225,65.65179487179486,13,5.483759,3.0579493
/fs/ess/PAA0203/xing244/AF_ClaSeq/results_updated/T1214/run2/divide_and_conquer/clades/clade_005/shuffle_02/group_008_unrelaxed_rank_001_alphafold2_ptm_model_1_seed_000.pdb,60.423884785819794,70.5023076923077,13,4.7848754,3.4644597
/fs/ess/PAA0203/xing244/AF_ClaSeq/results_updated/T1214/run2/divide_and_conquer/clades/clade_005/shuffle_02/group_007_unrelaxed_rank_001_alphafold2_ptm_model_1_seed_000.pdb,58.71930576070901,64.15846153846154,13,4.013214,3.0708628
/fs/ess/PAA0203/xing244/AF_ClaSeq/results_updated/T1214/run2/divide_and_conquer/clades/clade_005/shuffle_02/group_001_unrelaxed_rank_001_alphafold2_ptm_model_1_seed_000.pdb,57.66940915805022,56.929999999999986,13,2.3475976,4.9440184
/fs/ess/PAA0203/xing244/AF_ClaSeq/results_updated/T1214/run2/divide_and_conquer/clades/clade_005/shuffle_02/group_004_unrelaxed_rank_001_alphafold2_ptm_model_1_seed_000.pdb,63.68169867060561,69.35871794871795,13,4.75639,2.3067815
/fs/ess/PAA0203/xing244/AF_ClaSeq/results_updated/T1214/run2/divide_and_conquer/clades/clade_005/shuffle_03/group_003_unrelaxed_rank_001_alphafold2_ptm_model_1_seed_000.pdb,65.38161004431315,69.32435897435896,13,3.7520225,3.146466
/fs/ess/PAA0203/xing244/AF_ClaSeq/results_updated/T1214/run2/divide_and_conquer/clades/clade_005/shuffle_03/group_002_unrelaxed_rank_001_alphafold2_ptm_model_1_seed_000.pdb,57.89262924667651,57.851282051282055,13,3.8999534,3.6602142
/fs/ess/PAA0203/xing244/AF_ClaSeq/results_updated/T1214/run2/divide_and_conquer/clades/clade_005/shuffle_03/group_006_unrelaxed_rank_001_alphafold2_ptm_model_1_seed_000.pdb,60.11205317577548,68.15410256410256,13,4.298252,3.3340652
/fs/ess/PAA0203/xing244/AF_ClaSeq/results_updated/T1214/run2/divide_and_conquer/clades/clade_005/shuffle_03/group_005_unrelaxed_rank_001_alphafold2_ptm_model_1_seed_000.pdb,59.267488921713436,60.48846153846154,13,5.308876,3.995299
/fs/ess/PAA0203/xing244/AF_ClaSeq/results_updated/T1214/run2/divide_and_conquer/clades/clade_005/shuffle_03/group_008_unrelaxed_rank_001_alphafold2_ptm_model_1_seed_000.pdb,62.446957163958636,67.57897435897436,13,4.4731307,2.8316617
/fs/ess/PAA0203/xing244/AF_ClaSeq/results_updated/T1214/run2/divide_and_conquer/clades/clade_005/shuffle_03/group_007_unrelaxed_rank_001_alphafold2_ptm_model_1_seed_000.pdb,58.65940915805022,62.26102564102564,13,6.0810847,1.9564197
/fs/ess/PAA0203/xing244/AF_ClaSeq/results_updated/T1214/run2/divide_and_conquer/clades/clade_005/shuffle_03/group_001_unrelaxed_rank_001_alphafold2_ptm_model_1_seed_000.pdb,58.68522895125553,65.1671794871795,13,3.9531293,3.3197732
/fs/ess/PAA0203/xing244/AF_ClaSeq/results_updated/T1214/run2/divide_and_conquer/clades/clade_005/shuffle_03/group_004_unrelaxed_rank_001_alphafold2_ptm_model_1_seed_000.pdb,56.9982717872969,64.40128205128205,13,5.53364,3.3868468
/fs/ess/PAA0203/xing244/AF_ClaSeq/results_updated/T1214/run2/divide_and_conquer/clades/clade_005/shuffle_04/group_003_unrelaxed_rank_001_alphafold2_ptm_model_1_seed_000.pdb,64.58329394387002,66.39794871794872,13,4.850288,4.5438757
/fs/ess/PAA0203/xing244/AF_ClaSeq/results_updated/T1214/run2/divide_and_conquer/clades/clade_005/shuffle_04/group_002_unrelaxed_rank_001_alphafold2_ptm_model_1_seed_000.pdb,58.43420974889218,65.10358974358974,13,5.0900836,2.6638737
/fs/ess/PAA0203/xing244/AF_ClaSeq/results_updated/T1214/run2/divide_and_conquer/clades/clade_005/shuffle_04/group_006_unrelaxed_rank_001_alphafold2_ptm_model_1_seed_000.pdb,60.24075332348596,66.46948717948719,13,4.4213037,2.5138543
/fs/ess/PAA0203/xing244/AF_ClaSeq/results_updated/T1214/run2/divide_and_conquer/clades/clade_005/shuffle_04/group_005_unrelaxed_rank_001_alphafold2_ptm_model_1_seed_000.pdb,61.21895125553914,56.59846153846153,13,6.331143,5.9627357
/fs/ess/PAA0203/xing244/AF_ClaSeq/results_updated/T1214/run2/divide_and_conquer/clades/clade_005/shuffle_04/group_008_unrelaxed_rank_001_alphafold2_ptm_model_1_seed_000.pdb,62.14673559822747,66.38358974358974,13,4.2573953,4.0003796
/fs/ess/PAA0203/xing244/AF_ClaSeq/results_updated/T1214/run2/divide_and_conquer/clades/clade_005/shuffle_04/group_007_unrelaxed_rank_001_alphafold2_ptm_model_1_seed_000.pdb,58.84075332348597,63.71076923076922,13,5.2684,2.6250129
/fs/ess/PAA0203/xing244/AF_ClaSeq/results_updated/T1214/run2/divide_and_conquer/clades/clade_005/shuffle_04/group_001_unrelaxed_rank_001_alphafold2_ptm_model_1_seed_000.pdb,70.01005908419498,70.07230769230769,13,3.2514348,3.72213
/fs/ess/PAA0203/xing244/AF_ClaSeq/results_updated/T1214/run2/divide_and_conquer/clades/clade_005/shuffle_04/group_004_unrelaxed_rank_001_alphafold2_ptm_model_1_seed_000.pdb,63.213500738552426,68.3702564102564,13,3.5979185,3.2734313
/fs/ess/PAA0203/xing244/AF_ClaSeq/results_updated/T1214/run2/divide_and_conquer/clades/clade_005/shuffle_05/group_003_unrelaxed_rank_001_alphafold2_ptm_model_1_seed_000.pdb,62.042259970457906,66.23358974358975,13,5.5499215,2.9848115
/fs/ess/PAA0203/xing244/AF_ClaSeq/results_updated/T1214/run2/divide_and_conquer/clades/clade_005/shuffle_05/group_002_unrelaxed_rank_001_alphafold2_ptm_model_1_seed_000.pdb,68.39506646971935,70.70256410256411,13,3.3432343,3.6023705
/fs/ess/PAA0203/xing244/AF_ClaSeq/results_updated/T1214/run2/divide_and_conquer/clades/clade_005/shuffle_05/group_006_unrelaxed_rank_001_alphafold2_ptm_model_1_seed_000.pdb,63.09819793205318,66.95769230769231,13,3.3292327,3.723422
/fs/ess/PAA0203/xing244/AF_ClaSeq/results_updated/T1214/run2/divide_and_conquer/clades/clade_005/shuffle_05/group_005_unrelaxed_rank_001_alphafold2_ptm_model_1_seed_000.pdb,60.233515509601176,64.89307692307693,13,3.5208533,3.5525126
/fs/ess/PAA0203/xing244/AF_ClaSeq/results_updated/T1214/run2/divide_and_conquer/clades/clade_005/shuffle_05/group_008_unrelaxed_rank_001_alphafold2_ptm_model_1_seed_000.pdb,57.89271787296899,47.88897435897436,13,3.2137747,6.51643
/fs/ess/PAA0203/xing244/AF_ClaSeq/results_updated/T1214/run2/divide_and_conquer/clades/clade_005/shuffle_05/group_007_unrelaxed_rank_001_alphafold2_ptm_model_1_seed_000.pdb,62.8221565731167,67.15717948717949,13,4.3731184,2.811344
/fs/ess/PAA0203/xing244/AF_ClaSeq/results_updated/T1214/run2/divide_and_conquer/clades/clade_005/shuffle_05/group_001_unrelaxed_rank_001_alphafold2_ptm_model_1_seed_000.pdb,61.04341211225997,67.33282051282052,13,3.4098468,3.724432
/fs/ess/PAA0203/xing244/AF_ClaSeq/results_updated/T1214/run2/divide_and_conquer/clades/clade_005/shuffle_05/group_004_unrelaxed_rank_001_alphafold2_ptm_model_1_seed_000.pdb,56.397946824224526,67.0653846153846,13,4.079337,3.0828626
/fs/ess/PAA0203/xing244/AF_ClaSeq/results_updated/T1214/run2/divide_and_conquer/clades/clade_005/shuffle_06/group_003_unrelaxed_rank_001_alphafold2_ptm_model_1_seed_000.pdb,57.70543574593796,63.628974358974354,13,3.1224487,4.527537
/fs/ess/PAA0203/xing244/AF_ClaSeq/results_updated/T1214/run2/divide_and_conquer/clades/clade_005/shuffle_06/group_002_unrelaxed_rank_001_alphafold2_ptm_model_1_seed_000.pdb,56.180561299852286,59.3525641025641,13,4.004467,3.1984916
/fs/ess/PAA0203/xing244/AF_ClaSeq/results_updated/T1214/run2/divide_and_conquer/clades/clade_005/shuffle_06/group_006_unrelaxed_rank_001_alphafold2_ptm_model_1_seed_000.pdb,63.20324963072377,67.47769230769232,13,3.6528795,3.275728
/fs/ess/PAA0203/xing244/AF_ClaSeq/results_updated/T1214/run2/divide_and_conquer/clades/clade_005/shuffle_06/group_005_unrelaxed_rank_001_alphafold2_ptm_model_1_seed_000.pdb,59.46790251107829,65.06974358974358,13,4.2231903,3.054165
/fs/ess/PAA0203/xing244/AF_ClaSeq/results_updated/T1214/run2/divide_and_conquer/clades/clade_005/shuffle_06/group_008_unrelaxed_rank_001_alphafold2_ptm_model_1_seed_000.pdb,67.82955686853767,71.05615384615383,13,3.460735,3.4858682
/fs/ess/PAA0203/xing244/AF_ClaSeq/results_updated/T1214/run2/divide_and_conquer/clades/clade_005/shuffle_06/group_007_unrelaxed_rank_001_alphafold2_ptm_model_1_seed_000.pdb,59.91937961595273,65.12333333333332,13,3.5871053,3.2285113
/fs/ess/PAA0203/xing244/AF_ClaSeq/results_updated/T1214/run2/divide_and_conquer/clades/clade_005/shuffle_06/group_001_unrelaxed_rank_001_alphafold2_ptm_model_1_seed_000.pdb,61.6868094534712,66.14128205128206,13,5.1807065,3.4806223
/fs/ess/PAA0203/xing244/AF_ClaSeq/results_updated/T1214/run2/divide_and_conquer/clades/clade_005/shuffle_06/group_004_unrelaxed_rank_001_alphafold2_ptm_model_1_seed_000.pdb,68.70333825701626,72.27282051282052,13,3.0824425,4.0939927
/fs/ess/PAA0203/xing244/AF_ClaSeq/results_updated/T1214/run2/divide_and_conquer/clades/clade_005/shuffle_07/group_003_unrelaxed_rank_001_alphafold2_ptm_model_1_seed_000.pdb,59.27101920236336,63.354358974358966,13,4.8035817,4.255568
/fs/ess/PAA0203/xing244/AF_ClaSeq/results_updated/T1214/run2/divide_and_conquer/clades/clade_005/shuffle_07/group_002_unrelaxed_rank_001_alphafold2_ptm_model_1_seed_000.pdb,64.98618906942392,67.54589743589743,13,3.469152,3.5310733
/fs/ess/PAA0203/xing244/AF_ClaSeq/results_updated/T1214/run2/divide_and_conquer/clades/clade_005/shuffle_07/group_006_unrelaxed_rank_001_alphafold2_ptm_model_1_seed_000.pdb,61.073072378138846,67.19051282051282,13,3.628844,3.2400825
/fs/ess/PAA0203/xing244/AF_ClaSeq/results_updated/T1214/run2/divide_and_conquer/clades/clade_005/shuffle_07/group_005_unrelaxed_rank_001_alphafold2_ptm_model_1_seed_000.pdb,58.65245199409159,61.83128205128205,13,3.861426,3.3868682
/fs/ess/PAA0203/xing244/AF_ClaSeq/results_updated/T1214/run2/divide_and_conquer/clades/clade_005/shuffle_07/group_008_unrelaxed_rank_001_alphafold2_ptm_model_1_seed_000.pdb,64.67223042836042,68.41230769230769,13,3.5330381,3.7610488
/fs/ess/PAA0203/xing244/AF_ClaSeq/results_updated/T1214/run2/divide_and_conquer/clades/clade_005/shuffle_07/group_007_unrelaxed_rank_001_alphafold2_ptm_model_1_seed_000.pdb,60.432658788774006,61.953076923076914,13,3.8339562,4.139183
/fs/ess/PAA0203/xing244/AF_ClaSeq/results_updated/T1214/run2/divide_and_conquer/clades/clade_005/shuffle_07/group_001_unrelaxed_rank_001_alphafold2_ptm_model_1_seed_000.pdb,63.03680945347121,67.16179487179488,13,4.129594,3.075161
/fs/ess/PAA0203/xing244/AF_ClaSeq/results_updated/T1214/run2/divide_and_conquer/clades/clade_005/shuffle_07/group_004_unrelaxed_rank_001_alphafold2_ptm_model_1_seed_000.pdb,57.41124076809454,64.33666666666667,13,5.648422,4.7600636
/fs/ess/PAA0203/xing244/AF_ClaSeq/results_updated/T1214/run2/divide_and_conquer/clades/clade_005/shuffle_08/group_003_unrelaxed_rank_001_alphafold2_ptm_model_1_seed_000.pdb,66.3958493353028,66.67051282051283,13,3.702515,3.5551748
/fs/ess/PAA0203/xing244/AF_ClaSeq/results_updated/T1214/run2/divide_and_conquer/clades/clade_005/shuffle_08/group_002_unrelaxed_rank_001_alphafold2_ptm_model_1_seed_000.pdb,58.16915805022156,57.961282051282055,13,3.8329902,6.575484
/fs/ess/PAA0203/xing244/AF_ClaSeq/results_updated/T1214/run2/divide_and_conquer/clades/clade_005/shuffle_08/group_006_unrelaxed_rank_001_alphafold2_ptm_model_1_seed_000.pdb,67.02296898079764,69.14538461538461,13,3.0716991,3.8616152
/fs/ess/PAA0203/xing244/AF_ClaSeq/results_updated/T1214/run2/divide_and_conquer/clades/clade_005/shuffle_08/group_005_unrelaxed_rank_001_alphafold2_ptm_model_1_seed_000.pdb,65.16865583456426,66.64307692307692,13,3.1870499,3.778403
/fs/ess/PAA0203/xing244/AF_ClaSeq/results_updated/T1214/run2/divide_and_conquer/clades/clade_005/shuffle_08/group_008_unrelaxed_rank_001_alphafold2_ptm_model_1_seed_000.pdb,57.9328212703102,65.7197435897436,13,3.9454558,3.1959894
/fs/ess/PAA0203/xing244/AF_ClaSeq/results_updated/T1214/run2/divide_and_conquer/clades/clade_005/shuffle_08/group_007_unrelaxed_rank_001_alphafold2_ptm_model_1_seed_000.pdb,60.87355982274741,63.05461538461539,13,4.691016,2.7369165
/fs/ess/PAA0203/xing244/AF_ClaSeq/results_updated/T1214/run2/divide_and_conquer/clades/clade_005/shuffle_08/group_001_unrelaxed_rank_001_alphafold2_ptm_model_1_seed_000.pdb,64.27926144756277,68.4679487179487,13,3.0989342,3.884691
/fs/ess/PAA0203/xing244/AF_ClaSeq/results_updated/T1214/run2/divide_and_conquer/clades/clade_005/shuffle_08/group_004_unrelaxed_rank_001_alphafold2_ptm_model_1_seed_000.pdb,59.19868537666174,66.57153846153847,13,4.7948885,2.796298
/fs/ess/PAA0203/xing244/AF_ClaSeq/results_updated/T1214/run2/divide_and_conquer/clades/clade_005/shuffle_09/group_003_unrelaxed_rank_001_alphafold2_ptm_model_1_seed_000.pdb,58.49995568685377,66.54794871794871,13,3.5755572,3.874572
/fs/ess/PAA0203/xing244/AF_ClaSeq/results_updated/T1214/run2/divide_and_conquer/clades/clade_005/shuffle_09/group_002_unrelaxed_rank_001_alphafold2_ptm_model_1_seed_000.pdb,59.0942540620384,68.89666666666668,13,4.5802574,2.868034
/fs/ess/PAA0203/xing244/AF_ClaSeq/results_updated/T1214/run2/divide_and_conquer/clades/clade_005/shuffle_09/group_006_unrelaxed_rank_001_alphafold2_ptm_model_1_seed_000.pdb,60.71259970457903,65.99435897435897,13,3.005298,3.964648
/fs/ess/PAA0203/xing244/AF_ClaSeq/results_updated/T1214/run2/divide_and_conquer/clades/clade_005/shuffle_09/group_005_unrelaxed_rank_001_alphafold2_ptm_model_1_seed_000.pdb,58.16063515509601,51.77,13,4.1269383,4.9994707
/fs/ess/PAA0203/xing244/AF_ClaSeq/results_updated/T1214/run2/divide_and_conquer/clades/clade_005/shuffle_09/group_008_unrelaxed_rank_001_alphafold2_ptm_model_1_seed_000.pdb,63.94231905465288,72.21384615384615,13,3.7252564,3.2896495
/fs/ess/PAA0203/xing244/AF_ClaSeq/results_updated/T1214/run2/divide_and_conquer/clades/clade_005/shuffle_09/group_007_unrelaxed_rank_001_alphafold2_ptm_model_1_seed_000.pdb,66.03672082717873,61.17692307692309,13,3.8405473,3.594834
/fs/ess/PAA0203/xing244/AF_ClaSeq/results_updated/T1214/run2/divide_and_conquer/clades/clade_005/shuffle_09/group_001_unrelaxed_rank_001_alphafold2_ptm_model_1_seed_000.pdb,62.3976070901034,60.36666666666666,13,1.6041762,5.9218516
/fs/ess/PAA0203/xing244/AF_ClaSeq/results_updated/T1214/run2/divide_and_conquer/clades/clade_005/shuffle_09/group_004_unrelaxed_rank_001_alphafold2_ptm_model_1_seed_000.pdb,65.2854209748892,67.39102564102564,13,4.6048684,2.729221
/fs/ess/PAA0203/xing244/AF_ClaSeq/results_updated/T1214/run2/divide_and_conquer/clades/clade_005/shuffle_10/group_003_unrelaxed_rank_001_alphafold2_ptm_model_1_seed_000.pdb,60.77456425406204,66.40794871794873,13,4.6657357,2.8330476
/fs/ess/PAA0203/xing244/AF_ClaSeq/results_updated/T1214/run2/divide_and_conquer/clades/clade_005/shuffle_10/group_002_unrelaxed_rank_001_alphafold2_ptm_model_1_seed_000.pdb,62.99330871491876,66.76948717948717,13,4.5841584,2.8582726
/fs/ess/PAA0203/xing244/AF_ClaSeq/results_updated/T1214/run2/divide_and_conquer/clades/clade_005/shuffle_10/group_006_unrelaxed_rank_001_alphafold2_ptm_model_1_seed_000.pdb,63.66261447562776,69.60948717948718,13,4.34787,3.0987537
/fs/ess/PAA0203/xing244/AF_ClaSeq/results_updated/T1214/run2/divide_and_conquer/clades/clade_005/shuffle_10/group_005_unrelaxed_rank_001_alphafold2_ptm_model_1_seed_000.pdb,57.204017725258495,56.80871794871795,13,3.8582506,5.3446937
/fs/ess/PAA0203/xing244/AF_ClaSeq/results_updated/T1214/run2/divide_and_conquer/clades/clade_005/shuffle_10/group_008_unrelaxed_rank_001_alphafold2_ptm_model_1_seed_000.pdb,63.09249630723781,69.98102564102564,13,4.8209734,2.3845046
/fs/ess/PAA0203/xing244/AF_ClaSeq/results_updated/T1214/run2/divide_and_conquer/clades/clade_005/shuffle_10/group_007_unrelaxed_rank_001_alphafold2_ptm_model_1_seed_000.pdb,61.67019202363368,62.72923076923078,13,4.520288,2.6705287
/fs/ess/PAA0203/xing244/AF_ClaSeq/results_updated/T1214/run2/divide_and_conquer/clades/clade_005/shuffle_10/group_001_unrelaxed_rank_001_alphafold2_ptm_model_1_seed_000.pdb,61.69608567208272,68.57461538461538,13,6.469397,6.1860476
/fs/ess/PAA0203/xing244/AF_ClaSeq/results_updated/T1214/run2/divide_and_conquer/clades/clade_005/shuffle_10/group_004_unrelaxed_rank_001_alphafold2_ptm_model_1_seed_000.pdb,60.287710487444606,66.05923076923077,13,3.9623454,3.0832644
/fs/ess/PAA0203/xing244/AF_ClaSeq/results_updated/T1214/run2/divide_and_conquer/clades/clade_006/shuffle_01/group_003_unrelaxed_rank_001_alphafold2_ptm_model_1_seed_000.pdb,57.97633677991138,52.40205128205128,13,6.3255653,6.826366
/fs/ess/PAA0203/xing244/AF_ClaSeq/results_updated/T1214/run2/divide_and_conquer/clades/clade_006/shuffle_01/group_002_unrelaxed_rank_001_alphafold2_ptm_model_1_seed_000.pdb,58.65859675036927,59.76589743589744,13,4.1001024,4.2554846
/fs/ess/PAA0203/xing244/AF_ClaSeq/results_updated/T1214/run2/divide_and_conquer/clades/clade_006/shuffle_01/group_006_unrelaxed_rank_001_alphafold2_ptm_model_1_seed_000.pdb,56.104593796159534,49.17051282051282,13,5.7282267,5.3369637
/fs/ess/PAA0203/xing244/AF_ClaSeq/results_updated/T1214/run2/divide_and_conquer/clades/clade_006/shuffle_01/group_005_unrelaxed_rank_001_alphafold2_ptm_model_1_seed_000.pdb,58.87363367799113,57.785384615384615,13,3.682346,4.3609667
/fs/ess/PAA0203/xing244/AF_ClaSeq/results_updated/T1214/run2/divide_and_conquer/clades/clade_006/shuffle_01/group_007_unrelaxed_rank_001_alphafold2_ptm_model_1_seed_000.pdb,75.89234859675037,67.48410256410256,24,5.2745256,2.9139495
/fs/ess/PAA0203/xing244/AF_ClaSeq/results_updated/T1214/run2/divide_and_conquer/clades/clade_006/shuffle_01/group_001_unrelaxed_rank_001_alphafold2_ptm_model_1_seed_000.pdb,38.442865583456424,30.48358974358974,13,14.335047,10.990482
/fs/ess/PAA0203/xing244/AF_ClaSeq/results_updated/T1214/run2/divide_and_conquer/clades/clade_006/shuffle_01/group_004_unrelaxed_rank_001_alphafold2_ptm_model_1_seed_000.pdb,54.166986706056136,58.71923076923076,13,5.832252,5.697604
/fs/ess/PAA0203/xing244/AF_ClaSeq/results_updated/T1214/run2/divide_and_conquer/clades/clade_006/shuffle_02/group_003_unrelaxed_rank_001_alphafold2_ptm_model_1_seed_000.pdb,56.47162481536189,63.80333333333334,13,4.7884903,4.9324665
/fs/ess/PAA0203/xing244/AF_ClaSeq/results_updated/T1214/run2/divide_and_conquer/clades/clade_006/shuffle_02/group_002_unrelaxed_rank_001_alphafold2_ptm_model_1_seed_000.pdb,55.07168389955687,56.18666666666666,13,4.318323,4.139095
/fs/ess/PAA0203/xing244/AF_ClaSeq/results_updated/T1214/run2/divide_and_conquer/clades/clade_006/shuffle_02/group_006_unrelaxed_rank_001_alphafold2_ptm_model_1_seed_000.pdb,59.01014771048744,61.17948717948718,13,4.2995667,6.1816454
/fs/ess/PAA0203/xing244/AF_ClaSeq/results_updated/T1214/run2/divide_and_conquer/clades/clade_006/shuffle_02/group_005_unrelaxed_rank_001_alphafold2_ptm_model_1_seed_000.pdb,62.24861152141803,65.84256410256411,13,4.0386744,5.8706264
/fs/ess/PAA0203/xing244/AF_ClaSeq/results_updated/T1214/run2/divide_and_conquer/clades/clade_006/shuffle_02/group_007_unrelaxed_rank_001_alphafold2_ptm_model_1_seed_000.pdb,64.14995568685376,62.35282051282051,24,3.8565633,6.2342415
/fs/ess/PAA0203/xing244/AF_ClaSeq/results_updated/T1214/run2/divide_and_conquer/clades/clade_006/shuffle_02/group_001_unrelaxed_rank_001_alphafold2_ptm_model_1_seed_000.pdb,57.64311669128508,61.63538461538461,13,3.1943345,5.031201
/fs/ess/PAA0203/xing244/AF_ClaSeq/results_updated/T1214/run2/divide_and_conquer/clades/clade_006/shuffle_02/group_004_unrelaxed_rank_001_alphafold2_ptm_model_1_seed_000.pdb,44.71326440177253,51.847948717948725,13,6.5580926,10.018967
/fs/ess/PAA0203/xing244/AF_ClaSeq/results_updated/T1214/run2/divide_and_conquer/clades/clade_006/shuffle_03/group_003_unrelaxed_rank_001_alphafold2_ptm_model_1_seed_000.pdb,53.221373707533225,55.46358974358975,13,4.2791576,4.0495086
/fs/ess/PAA0203/xing244/AF_ClaSeq/results_updated/T1214/run2/divide_and_conquer/clades/clade_006/shuffle_03/group_002_unrelaxed_rank_001_alphafold2_ptm_model_1_seed_000.pdb,51.53565731166913,52.74974358974358,13,4.5223446,4.3599143
/fs/ess/PAA0203/xing244/AF_ClaSeq/results_updated/T1214/run2/divide_and_conquer/clades/clade_006/shuffle_03/group_006_unrelaxed_rank_001_alphafold2_ptm_model_1_seed_000.pdb,57.22036927621861,61.24461538461539,13,4.2755585,3.7836118
/fs/ess/PAA0203/xing244/AF_ClaSeq/results_updated/T1214/run2/divide_and_conquer/clades/clade_006/shuffle_03/group_005_unrelaxed_rank_001_alphafold2_ptm_model_1_seed_000.pdb,60.02672082717872,59.83923076923077,13,3.8365195,4.1607556
/fs/ess/PAA0203/xing244/AF_ClaSeq/results_updated/T1214/run2/divide_and_conquer/clades/clade_006/shuffle_03/group_007_unrelaxed_rank_001_alphafold2_ptm_model_1_seed_000.pdb,64.74285081240768,56.87025641025641,24,2.9164906,5.187886
/fs/ess/PAA0203/xing244/AF_ClaSeq/results_updated/T1214/run2/divide_and_conquer/clades/clade_006/shuffle_03/group_001_unrelaxed_rank_001_alphafold2_ptm_model_1_seed_000.pdb,50.573943870014766,51.112051282051276,13,5.2721624,6.6631727
/fs/ess/PAA0203/xing244/AF_ClaSeq/results_updated/T1214/run2/divide_and_conquer/clades/clade_006/shuffle_03/group_004_unrelaxed_rank_001_alphafold2_ptm_model_1_seed_000.pdb,56.37420974889216,50.27282051282052,13,9.089166,6.1263194
/fs/ess/PAA0203/xing244/AF_ClaSeq/results_updated/T1214/run2/divide_and_conquer/clades/clade_006/shuffle_04/group_003_unrelaxed_rank_001_alphafold2_ptm_model_1_seed_000.pdb,62.72620384047267,62.833076923076916,13,3.7091522,4.3590474
/fs/ess/PAA0203/xing244/AF_ClaSeq/results_updated/T1214/run2/divide_and_conquer/clades/clade_006/shuffle_04/group_002_unrelaxed_rank_001_alphafold2_ptm_model_1_seed_000.pdb,57.12200886262926,59.48820512820513,13,3.3117704,4.9284053
/fs/ess/PAA0203/xing244/AF_ClaSeq/results_updated/T1214/run2/divide_and_conquer/clades/clade_006/shuffle_04/group_006_unrelaxed_rank_001_alphafold2_ptm_model_1_seed_000.pdb,50.209911373707534,57.10871794871795,13,3.2185106,5.810568
/fs/ess/PAA0203/xing244/AF_ClaSeq/results_updated/T1214/run2/divide_and_conquer/clades/clade_006/shuffle_04/group_005_unrelaxed_rank_001_alphafold2_ptm_model_1_seed_000.pdb,59.15528803545051,58.970769230769235,13,3.353712,4.904591
/fs/ess/PAA0203/xing244/AF_ClaSeq/results_updated/T1214/run2/divide_and_conquer/clades/clade_006/shuffle_04/group_007_unrelaxed_rank_001_alphafold2_ptm_model_1_seed_000.pdb,66.61797636632201,65.29769230769232,24,5.701361,2.4322035
/fs/ess/PAA0203/xing244/AF_ClaSeq/results_updated/T1214/run2/divide_and_conquer/clades/clade_006/shuffle_04/group_001_unrelaxed_rank_001_alphafold2_ptm_model_1_seed_000.pdb,61.762156573116684,59.069230769230764,13,3.7216015,3.97834
/fs/ess/PAA0203/xing244/AF_ClaSeq/results_updated/T1214/run2/divide_and_conquer/clades/clade_006/shuffle_04/group_004_unrelaxed_rank_001_alphafold2_ptm_model_1_seed_000.pdb,59.13259970457903,59.58128205128207,13,3.9001744,4.3697786
/fs/ess/PAA0203/xing244/AF_ClaSeq/results_updated/T1214/run2/divide_and_conquer/clades/clade_006/shuffle_05/group_003_unrelaxed_rank_001_alphafold2_ptm_model_1_seed_000.pdb,60.187695716395865,53.59897435897436,13,6.2662907,6.1289606
/fs/ess/PAA0203/xing244/AF_ClaSeq/results_updated/T1214/run2/divide_and_conquer/clades/clade_006/shuffle_05/group_002_unrelaxed_rank_001_alphafold2_ptm_model_1_seed_000.pdb,63.52493353028065,61.85384615384615,13,3.6442304,4.7060146
/fs/ess/PAA0203/xing244/AF_ClaSeq/results_updated/T1214/run2/divide_and_conquer/clades/clade_006/shuffle_05/group_006_unrelaxed_rank_001_alphafold2_ptm_model_1_seed_000.pdb,51.714534711964546,48.267435897435895,13,5.943443,7.597806
/fs/ess/PAA0203/xing244/AF_ClaSeq/results_updated/T1214/run2/divide_and_conquer/clades/clade_006/shuffle_05/group_005_unrelaxed_rank_001_alphafold2_ptm_model_1_seed_000.pdb,59.32366322008862,62.435897435897445,13,5.0327673,4.3053465
/fs/ess/PAA0203/xing244/AF_ClaSeq/results_updated/T1214/run2/divide_and_conquer/clades/clade_006/shuffle_05/group_007_unrelaxed_rank_001_alphafold2_ptm_model_1_seed_000.pdb,56.33728212703102,59.3574358974359,24,3.9459276,4.2810783
/fs/ess/PAA0203/xing244/AF_ClaSeq/results_updated/T1214/run2/divide_and_conquer/clades/clade_006/shuffle_05/group_001_unrelaxed_rank_001_alphafold2_ptm_model_1_seed_000.pdb,58.55915805022157,60.20461538461539,13,3.4493582,4.756794
/fs/ess/PAA0203/xing244/AF_ClaSeq/results_updated/T1214/run2/divide_and_conquer/clades/clade_006/shuffle_05/group_004_unrelaxed_rank_001_alphafold2_ptm_model_1_seed_000.pdb,62.263308714918765,64.9297435897436,13,4.646984,3.1564996
/fs/ess/PAA0203/xing244/AF_ClaSeq/results_updated/T1214/run2/divide_and_conquer/clades/clade_006/shuffle_06/group_003_unrelaxed_rank_001_alphafold2_ptm_model_1_seed_000.pdb,56.80595273264402,59.803333333333335,13,4.349562,4.6555
/fs/ess/PAA0203/xing244/AF_ClaSeq/results_updated/T1214/run2/divide_and_conquer/clades/clade_006/shuffle_06/group_002_unrelaxed_rank_001_alphafold2_ptm_model_1_seed_000.pdb,62.97134416543575,65.62564102564102,13,4.948104,2.3681746
/fs/ess/PAA0203/xing244/AF_ClaSeq/results_updated/T1214/run2/divide_and_conquer/clades/clade_006/shuffle_06/group_006_unrelaxed_rank_001_alphafold2_ptm_model_1_seed_000.pdb,62.78623338257016,64.72461538461538,13,4.336473,3.8815708
/fs/ess/PAA0203/xing244/AF_ClaSeq/results_updated/T1214/run2/divide_and_conquer/clades/clade_006/shuffle_06/group_005_unrelaxed_rank_001_alphafold2_ptm_model_1_seed_000.pdb,58.08016248153619,60.2602564102564,13,4.1771655,5.4830155
/fs/ess/PAA0203/xing244/AF_ClaSeq/results_updated/T1214/run2/divide_and_conquer/clades/clade_006/shuffle_06/group_007_unrelaxed_rank_001_alphafold2_ptm_model_1_seed_000.pdb,59.02974889217134,58.80384615384615,24,4.558562,3.1211526
/fs/ess/PAA0203/xing244/AF_ClaSeq/results_updated/T1214/run2/divide_and_conquer/clades/clade_006/shuffle_06/group_001_unrelaxed_rank_001_alphafold2_ptm_model_1_seed_000.pdb,59.59434268833086,63.15641025641024,13,3.6394966,4.580404
/fs/ess/PAA0203/xing244/AF_ClaSeq/results_updated/T1214/run2/divide_and_conquer/clades/clade_006/shuffle_06/group_004_unrelaxed_rank_001_alphafold2_ptm_model_1_seed_000.pdb,54.25576070901034,58.470256410256425,13,4.1007853,3.6862445
/fs/ess/PAA0203/xing244/AF_ClaSeq/results_updated/T1214/run2/divide_and_conquer/clades/clade_006/shuffle_07/group_003_unrelaxed_rank_001_alphafold2_ptm_model_1_seed_000.pdb,53.38929098966026,57.73384615384615,13,3.1895697,5.791139
/fs/ess/PAA0203/xing244/AF_ClaSeq/results_updated/T1214/run2/divide_and_conquer/clades/clade_006/shuffle_07/group_002_unrelaxed_rank_001_alphafold2_ptm_model_1_seed_000.pdb,54.099852289512555,55.345128205128205,13,3.9175181,5.255677
/fs/ess/PAA0203/xing244/AF_ClaSeq/results_updated/T1214/run2/divide_and_conquer/clades/clade_006/shuffle_07/group_006_unrelaxed_rank_001_alphafold2_ptm_model_1_seed_000.pdb,59.20392909896602,59.25974358974359,13,5.2603173,5.491425
/fs/ess/PAA0203/xing244/AF_ClaSeq/results_updated/T1214/run2/divide_and_conquer/clades/clade_006/shuffle_07/group_005_unrelaxed_rank_001_alphafold2_ptm_model_1_seed_000.pdb,59.952348596750376,51.04564102564102,13,5.9928446,6.9333315
/fs/ess/PAA0203/xing244/AF_ClaSeq/results_updated/T1214/run2/divide_and_conquer/clades/clade_006/shuffle_07/group_007_unrelaxed_rank_001_alphafold2_ptm_model_1_seed_000.pdb,63.41639586410636,60.18974358974358,24,4.956016,5.325859
/fs/ess/PAA0203/xing244/AF_ClaSeq/results_updated/T1214/run2/divide_and_conquer/clades/clade_006/shuffle_07/group_001_unrelaxed_rank_001_alphafold2_ptm_model_1_seed_000.pdb,63.06267355982275,63.38948717948717,13,4.341569,3.5907965
/fs/ess/PAA0203/xing244/AF_ClaSeq/results_updated/T1214/run2/divide_and_conquer/clades/clade_006/shuffle_07/group_004_unrelaxed_rank_001_alphafold2_ptm_model_1_seed_000.pdb,56.628788774002956,58.46589743589744,13,4.6134167,8.018132
/fs/ess/PAA0203/xing244/AF_ClaSeq/results_updated/T1214/run2/divide_and_conquer/clades/clade_006/shuffle_08/group_003_unrelaxed_rank_001_alphafold2_ptm_model_1_seed_000.pdb,56.90155096011818,57.31410256410256,13,3.5984092,4.996084
/fs/ess/PAA0203/xing244/AF_ClaSeq/results_updated/T1214/run2/divide_and_conquer/clades/clade_006/shuffle_08/group_002_unrelaxed_rank_001_alphafold2_ptm_model_1_seed_000.pdb,43.9749483013294,36.98153846153846,13,14.96423,14.070441
/fs/ess/PAA0203/xing244/AF_ClaSeq/results_updated/T1214/run2/divide_and_conquer/clades/clade_006/shuffle_08/group_006_unrelaxed_rank_001_alphafold2_ptm_model_1_seed_000.pdb,68.60357459379615,65.3774358974359,13,3.7912993,5.472097
/fs/ess/PAA0203/xing244/AF_ClaSeq/results_updated/T1214/run2/divide_and_conquer/clades/clade_006/shuffle_08/group_005_unrelaxed_rank_001_alphafold2_ptm_model_1_seed_000.pdb,55.727754800590844,56.74512820512819,13,3.4751198,5.3460646
/fs/ess/PAA0203/xing244/AF_ClaSeq/results_updated/T1214/run2/divide_and_conquer/clades/clade_006/shuffle_08/group_007_unrelaxed_rank_001_alphafold2_ptm_model_1_seed_000.pdb,61.1834564254062,62.236666666666665,24,4.8670316,3.406643
/fs/ess/PAA0203/xing244/AF_ClaSeq/results_updated/T1214/run2/divide_and_conquer/clades/clade_006/shuffle_08/group_001_unrelaxed_rank_001_alphafold2_ptm_model_1_seed_000.pdb,55.61264401772525,59.99820512820512,13,3.4781735,4.6054873
/fs/ess/PAA0203/xing244/AF_ClaSeq/results_updated/T1214/run2/divide_and_conquer/clades/clade_006/shuffle_08/group_004_unrelaxed_rank_001_alphafold2_ptm_model_1_seed_000.pdb,58.31347119645495,61.41974358974359,13,4.001949,4.1035967
/fs/ess/PAA0203/xing244/AF_ClaSeq/results_updated/T1214/run2/divide_and_conquer/clades/clade_006/shuffle_09/group_003_unrelaxed_rank_001_alphafold2_ptm_model_1_seed_000.pdb,54.98742983751846,54.59692307692309,13,5.5627475,6.0166254
/fs/ess/PAA0203/xing244/AF_ClaSeq/results_updated/T1214/run2/divide_and_conquer/clades/clade_006/shuffle_09/group_002_unrelaxed_rank_001_alphafold2_ptm_model_1_seed_000.pdb,50.4792023633678,39.09897435897436,13,9.026512,5.7829256
/fs/ess/PAA0203/xing244/AF_ClaSeq/results_updated/T1214/run2/divide_and_conquer/clades/clade_006/shuffle_09/group_006_unrelaxed_rank_001_alphafold2_ptm_model_1_seed_000.pdb,53.98426883308715,50.61000000000001,13,7.6541996,7.8101354
/fs/ess/PAA0203/xing244/AF_ClaSeq/results_updated/T1214/run2/divide_and_conquer/clades/clade_006/shuffle_09/group_005_unrelaxed_rank_001_alphafold2_ptm_model_1_seed_000.pdb,55.85017725258494,60.065128205128204,13,3.6170478,4.696915
/fs/ess/PAA0203/xing244/AF_ClaSeq/results_updated/T1214/run2/divide_and_conquer/clades/clade_006/shuffle_09/group_007_unrelaxed_rank_001_alphafold2_ptm_model_1_seed_000.pdb,68.3710635155096,66.07641025641026,24,4.361704,5.573027
/fs/ess/PAA0203/xing244/AF_ClaSeq/results_updated/T1214/run2/divide_and_conquer/clades/clade_006/shuffle_09/group_001_unrelaxed_rank_001_alphafold2_ptm_model_1_seed_000.pdb,59.711639586410634,54.6325641025641,13,7.2016153,6.122007
/fs/ess/PAA0203/xing244/AF_ClaSeq/results_updated/T1214/run2/divide_and_conquer/clades/clade_006/shuffle_09/group_004_unrelaxed_rank_001_alphafold2_ptm_model_1_seed_000.pdb,61.676646971935,63.040769230769214,13,4.985681,3.567009
/fs/ess/PAA0203/xing244/AF_ClaSeq/results_updated/T1214/run2/divide_and_conquer/clades/clade_006/shuffle_10/group_003_unrelaxed_rank_001_alphafold2_ptm_model_1_seed_000.pdb,59.981669128508116,61.74923076923076,13,3.815631,4.5298624
/fs/ess/PAA0203/xing244/AF_ClaSeq/results_updated/T1214/run2/divide_and_conquer/clades/clade_006/shuffle_10/group_002_unrelaxed_rank_001_alphafold2_ptm_model_1_seed_000.pdb,59.88324963072378,62.970512820512816,13,4.78213,5.1369543
/fs/ess/PAA0203/xing244/AF_ClaSeq/results_updated/T1214/run2/divide_and_conquer/clades/clade_006/shuffle_10/group_006_unrelaxed_rank_001_alphafold2_ptm_model_1_seed_000.pdb,58.80350073855244,62.546410256410255,13,4.687295,6.515024
/fs/ess/PAA0203/xing244/AF_ClaSeq/results_updated/T1214/run2/divide_and_conquer/clades/clade_006/shuffle_10/group_005_unrelaxed_rank_001_alphafold2_ptm_model_1_seed_000.pdb,50.09453471196455,49.124102564102564,13,4.152676,4.5167785
/fs/ess/PAA0203/xing244/AF_ClaSeq/results_updated/T1214/run2/divide_and_conquer/clades/clade_006/shuffle_10/group_007_unrelaxed_rank_001_alphafold2_ptm_model_1_seed_000.pdb,58.736100443131456,59.31846153846154,24,5.4299617,4.916193
/fs/ess/PAA0203/xing244/AF_ClaSeq/results_updated/T1214/run2/divide_and_conquer/clades/clade_006/shuffle_10/group_001_unrelaxed_rank_001_alphafold2_ptm_model_1_seed_000.pdb,57.46537666174298,61.2074358974359,13,3.3764222,5.5326557
/fs/ess/PAA0203/xing244/AF_ClaSeq/results_updated/T1214/run2/divide_and_conquer/clades/clade_006/shuffle_10/group_004_unrelaxed_rank_001_alphafold2_ptm_model_1_seed_000.pdb,57.971550960118165,47.88487179487179,13,8.331777,5.6757574
/fs/ess/PAA0203/xing244/AF_ClaSeq/results_updated/T1214/run2/divide_and_conquer/clades/clade_007/shuffle_01/group_003_unrelaxed_rank_001_alphafold2_ptm_model_1_seed_000.pdb,66.45047267355983,67.7276923076923,13,6.6321626,1.9594582
/fs/ess/PAA0203/xing244/AF_ClaSeq/results_updated/T1214/run2/divide_and_conquer/clades/clade_007/shuffle_01/group_002_unrelaxed_rank_001_alphafold2_ptm_model_1_seed_000.pdb,72.17180206794681,67.56564102564103,13,3.3288033,4.3658204
/fs/ess/PAA0203/xing244/AF_ClaSeq/results_updated/T1214/run2/divide_and_conquer/clades/clade_007/shuffle_01/group_006_unrelaxed_rank_001_alphafold2_ptm_model_1_seed_000.pdb,62.94926144756277,53.794871794871796,13,6.816505,6.0607862
/fs/ess/PAA0203/xing244/AF_ClaSeq/results_updated/T1214/run2/divide_and_conquer/clades/clade_007/shuffle_01/group_005_unrelaxed_rank_001_alphafold2_ptm_model_1_seed_000.pdb,58.855199409158054,61.95743589743589,13,4.845524,3.1954503
/fs/ess/PAA0203/xing244/AF_ClaSeq/results_updated/T1214/run2/divide_and_conquer/clades/clade_007/shuffle_01/group_007_unrelaxed_rank_001_alphafold2_ptm_model_1_seed_000.pdb,82.20344165435746,73.58923076923075,22,3.8434067,4.0024805
/fs/ess/PAA0203/xing244/AF_ClaSeq/results_updated/T1214/run2/divide_and_conquer/clades/clade_007/shuffle_01/group_001_unrelaxed_rank_001_alphafold2_ptm_model_1_seed_000.pdb,77.89480059084195,70.07256410256412,13,3.6885588,4.534012
/fs/ess/PAA0203/xing244/AF_ClaSeq/results_updated/T1214/run2/divide_and_conquer/clades/clade_007/shuffle_01/group_004_unrelaxed_rank_001_alphafold2_ptm_model_1_seed_000.pdb,73.13423929098965,71.7648717948718,13,3.643095,4.70326
/fs/ess/PAA0203/xing244/AF_ClaSeq/results_updated/T1214/run2/divide_and_conquer/clades/clade_007/shuffle_02/group_003_unrelaxed_rank_001_alphafold2_ptm_model_1_seed_000.pdb,68.71890694239292,66.52461538461537,13,3.4280007,4.9080696
/fs/ess/PAA0203/xing244/AF_ClaSeq/results_updated/T1214/run2/divide_and_conquer/clades/clade_007/shuffle_02/group_002_unrelaxed_rank_001_alphafold2_ptm_model_1_seed_000.pdb,64.89660265878878,64.03589743589744,13,3.1456058,5.3196883
/fs/ess/PAA0203/xing244/AF_ClaSeq/results_updated/T1214/run2/divide_and_conquer/clades/clade_007/shuffle_02/group_006_unrelaxed_rank_001_alphafold2_ptm_model_1_seed_000.pdb,67.88729689807975,67.27076923076922,13,4.9506736,3.1091466
/fs/ess/PAA0203/xing244/AF_ClaSeq/results_updated/T1214/run2/divide_and_conquer/clades/clade_007/shuffle_02/group_005_unrelaxed_rank_001_alphafold2_ptm_model_1_seed_000.pdb,72.15720827178731,70.98743589743589,13,3.2537863,5.213102
/fs/ess/PAA0203/xing244/AF_ClaSeq/results_updated/T1214/run2/divide_and_conquer/clades/clade_007/shuffle_02/group_007_unrelaxed_rank_001_alphafold2_ptm_model_1_seed_000.pdb,70.97731166912851,67.60897435897435,22,3.2026064,5.2336006
/fs/ess/PAA0203/xing244/AF_ClaSeq/results_updated/T1214/run2/divide_and_conquer/clades/clade_007/shuffle_02/group_001_unrelaxed_rank_001_alphafold2_ptm_model_1_seed_000.pdb,70.51932053175776,69.52025641025642,13,5.286859,2.417995
/fs/ess/PAA0203/xing244/AF_ClaSeq/results_updated/T1214/run2/divide_and_conquer/clades/clade_007/shuffle_02/group_004_unrelaxed_rank_001_alphafold2_ptm_model_1_seed_000.pdb,62.567651403249634,64.52051282051282,13,5.6756473,4.160784
/fs/ess/PAA0203/xing244/AF_ClaSeq/results_updated/T1214/run2/divide_and_conquer/clades/clade_007/shuffle_03/group_003_unrelaxed_rank_001_alphafold2_ptm_model_1_seed_000.pdb,63.19459379615952,63.067435897435885,13,3.2086627,5.057606
/fs/ess/PAA0203/xing244/AF_ClaSeq/results_updated/T1214/run2/divide_and_conquer/clades/clade_007/shuffle_03/group_002_unrelaxed_rank_001_alphafold2_ptm_model_1_seed_000.pdb,65.71254062038405,66.79512820512821,13,3.5242965,4.8054366
/fs/ess/PAA0203/xing244/AF_ClaSeq/results_updated/T1214/run2/divide_and_conquer/clades/clade_007/shuffle_03/group_006_unrelaxed_rank_001_alphafold2_ptm_model_1_seed_000.pdb,67.36954209748892,66.78205128205127,13,3.028284,4.8950963
/fs/ess/PAA0203/xing244/AF_ClaSeq/results_updated/T1214/run2/divide_and_conquer/clades/clade_007/shuffle_03/group_005_unrelaxed_rank_001_alphafold2_ptm_model_1_seed_000.pdb,69.65503692762186,66.26487179487181,13,3.369075,5.5789943
/fs/ess/PAA0203/xing244/AF_ClaSeq/results_updated/T1214/run2/divide_and_conquer/clades/clade_007/shuffle_03/group_007_unrelaxed_rank_001_alphafold2_ptm_model_1_seed_000.pdb,74.00502215657312,65.9448717948718,22,3.761566,4.1918926
/fs/ess/PAA0203/xing244/AF_ClaSeq/results_updated/T1214/run2/divide_and_conquer/clades/clade_007/shuffle_03/group_001_unrelaxed_rank_001_alphafold2_ptm_model_1_seed_000.pdb,77.33053175775481,72.53717948717949,13,3.8488917,3.940472
/fs/ess/PAA0203/xing244/AF_ClaSeq/results_updated/T1214/run2/divide_and_conquer/clades/clade_007/shuffle_03/group_004_unrelaxed_rank_001_alphafold2_ptm_model_1_seed_000.pdb,74.46692762186116,73.20128205128204,13,3.9934578,4.473645
/fs/ess/PAA0203/xing244/AF_ClaSeq/results_updated/T1214/run2/divide_and_conquer/clades/clade_007/shuffle_04/group_003_unrelaxed_rank_001_alphafold2_ptm_model_1_seed_000.pdb,68.4550812407681,65.66461538461539,13,3.0823762,5.1380515
/fs/ess/PAA0203/xing244/AF_ClaSeq/results_updated/T1214/run2/divide_and_conquer/clades/clade_007/shuffle_04/group_002_unrelaxed_rank_001_alphafold2_ptm_model_1_seed_000.pdb,72.68923190546529,66.57307692307693,13,3.369882,4.826916
/fs/ess/PAA0203/xing244/AF_ClaSeq/results_updated/T1214/run2/divide_and_conquer/clades/clade_007/shuffle_04/group_006_unrelaxed_rank_001_alphafold2_ptm_model_1_seed_000.pdb,62.17579025110782,64.78435897435898,13,4.905942,3.4653826
/fs/ess/PAA0203/xing244/AF_ClaSeq/results_updated/T1214/run2/divide_and_conquer/clades/clade_007/shuffle_04/group_005_unrelaxed_rank_001_alphafold2_ptm_model_1_seed_000.pdb,68.85048744460856,65.76358974358975,13,6.2085295,2.0290601
/fs/ess/PAA0203/xing244/AF_ClaSeq/results_updated/T1214/run2/divide_and_conquer/clades/clade_007/shuffle_04/group_007_unrelaxed_rank_001_alphafold2_ptm_model_1_seed_000.pdb,77.26028064992614,69.37,22,5.2865252,3.7435787
/fs/ess/PAA0203/xing244/AF_ClaSeq/results_updated/T1214/run2/divide_and_conquer/clades/clade_007/shuffle_04/group_001_unrelaxed_rank_001_alphafold2_ptm_model_1_seed_000.pdb,56.381506646971935,63.19230769230769,13,5.2486424,3.5721474
/fs/ess/PAA0203/xing244/AF_ClaSeq/results_updated/T1214/run2/divide_and_conquer/clades/clade_007/shuffle_04/group_004_unrelaxed_rank_001_alphafold2_ptm_model_1_seed_000.pdb,77.81564254062039,71.47692307692307,13,4.0541205,4.9926524
/fs/ess/PAA0203/xing244/AF_ClaSeq/results_updated/T1214/run2/divide_and_conquer/clades/clade_007/shuffle_05/group_003_unrelaxed_rank_001_alphafold2_ptm_model_1_seed_000.pdb,72.3157459379616,64.72282051282052,13,3.7068565,5.0473156
/fs/ess/PAA0203/xing244/AF_ClaSeq/results_updated/T1214/run2/divide_and_conquer/clades/clade_007/shuffle_05/group_002_unrelaxed_rank_001_alphafold2_ptm_model_1_seed_000.pdb,71.84153618906943,67.88333333333331,13,3.1780763,5.17076
/fs/ess/PAA0203/xing244/AF_ClaSeq/results_updated/T1214/run2/divide_and_conquer/clades/clade_007/shuffle_05/group_006_unrelaxed_rank_001_alphafold2_ptm_model_1_seed_000.pdb,68.65675036927621,70.5348717948718,13,3.2464495,5.2008896
/fs/ess/PAA0203/xing244/AF_ClaSeq/results_updated/T1214/run2/divide_and_conquer/clades/clade_007/shuffle_05/group_005_unrelaxed_rank_001_alphafold2_ptm_model_1_seed_000.pdb,77.70908419497785,70.2723076923077,13,3.7552524,4.08191
/fs/ess/PAA0203/xing244/AF_ClaSeq/results_updated/T1214/run2/divide_and_conquer/clades/clade_007/shuffle_05/group_007_unrelaxed_rank_001_alphafold2_ptm_model_1_seed_000.pdb,75.94778434268834,71.91051282051282,22,4.1823096,3.8747427
/fs/ess/PAA0203/xing244/AF_ClaSeq/results_updated/T1214/run2/divide_and_conquer/clades/clade_007/shuffle_05/group_001_unrelaxed_rank_001_alphafold2_ptm_model_1_seed_000.pdb,71.6612998522895,68.49692307692307,13,3.8568335,4.4083633
/fs/ess/PAA0203/xing244/AF_ClaSeq/results_updated/T1214/run2/divide_and_conquer/clades/clade_007/shuffle_05/group_004_unrelaxed_rank_001_alphafold2_ptm_model_1_seed_000.pdb,69.37162481536188,69.41846153846153,13,3.7017624,4.086768
/fs/ess/PAA0203/xing244/AF_ClaSeq/results_updated/T1214/run2/divide_and_conquer/clades/clade_007/shuffle_06/group_003_unrelaxed_rank_001_alphafold2_ptm_model_1_seed_000.pdb,64.63565731166914,63.61538461538461,13,3.2726157,5.2210712
/fs/ess/PAA0203/xing244/AF_ClaSeq/results_updated/T1214/run2/divide_and_conquer/clades/clade_007/shuffle_06/group_002_unrelaxed_rank_001_alphafold2_ptm_model_1_seed_000.pdb,71.69073855243722,67.96769230769232,13,4.3734565,4.2086096
/fs/ess/PAA0203/xing244/AF_ClaSeq/results_updated/T1214/run2/divide_and_conquer/clades/clade_007/shuffle_06/group_006_unrelaxed_rank_001_alphafold2_ptm_model_1_seed_000.pdb,65.18737075332349,64.37641025641027,13,6.453925,2.9500103
/fs/ess/PAA0203/xing244/AF_ClaSeq/results_updated/T1214/run2/divide_and_conquer/clades/clade_007/shuffle_06/group_005_unrelaxed_rank_001_alphafold2_ptm_model_1_seed_000.pdb,70.82459379615953,66.46179487179487,13,3.6157148,4.7530284
/fs/ess/PAA0203/xing244/AF_ClaSeq/results_updated/T1214/run2/divide_and_conquer/clades/clade_007/shuffle_06/group_007_unrelaxed_rank_001_alphafold2_ptm_model_1_seed_000.pdb,79.94163958641063,71.1494871794872,22,3.6724298,4.5789804
/fs/ess/PAA0203/xing244/AF_ClaSeq/results_updated/T1214/run2/divide_and_conquer/clades/clade_007/shuffle_06/group_001_unrelaxed_rank_001_alphafold2_ptm_model_1_seed_000.pdb,71.63276218611522,70.74641025641024,13,4.4436455,3.5126061
/fs/ess/PAA0203/xing244/AF_ClaSeq/results_updated/T1214/run2/divide_and_conquer/clades/clade_007/shuffle_06/group_004_unrelaxed_rank_001_alphafold2_ptm_model_1_seed_000.pdb,71.49912850812409,67.38512820512821,13,3.9696362,4.1013236
/fs/ess/PAA0203/xing244/AF_ClaSeq/results_updated/T1214/run2/divide_and_conquer/clades/clade_007/shuffle_07/group_003_unrelaxed_rank_001_alphafold2_ptm_model_1_seed_000.pdb,76.33731166912851,68.78948717948718,13,3.3549862,4.2733293
/fs/ess/PAA0203/xing244/AF_ClaSeq/results_updated/T1214/run2/divide_and_conquer/clades/clade_007/shuffle_07/group_002_unrelaxed_rank_001_alphafold2_ptm_model_1_seed_000.pdb,68.17865583456425,70.20923076923077,13,4.9889483,3.1359951
/fs/ess/PAA0203/xing244/AF_ClaSeq/results_updated/T1214/run2/divide_and_conquer/clades/clade_007/shuffle_07/group_006_unrelaxed_rank_001_alphafold2_ptm_model_1_seed_000.pdb,68.53744460856721,67.19538461538461,13,3.5061445,5.5646105
/fs/ess/PAA0203/xing244/AF_ClaSeq/results_updated/T1214/run2/divide_and_conquer/clades/clade_007/shuffle_07/group_005_unrelaxed_rank_001_alphafold2_ptm_model_1_seed_000.pdb,73.59344165435745,65.65051282051282,13,3.5857725,4.8255587
/fs/ess/PAA0203/xing244/AF_ClaSeq/results_updated/T1214/run2/divide_and_conquer/clades/clade_007/shuffle_07/group_007_unrelaxed_rank_001_alphafold2_ptm_model_1_seed_000.pdb,73.68923190546529,69.81410256410257,22,3.657933,4.4962897
/fs/ess/PAA0203/xing244/AF_ClaSeq/results_updated/T1214/run2/divide_and_conquer/clades/clade_007/shuffle_07/group_001_unrelaxed_rank_001_alphafold2_ptm_model_1_seed_000.pdb,76.66400295420975,70.81205128205129,13,3.7278636,4.211499
/fs/ess/PAA0203/xing244/AF_ClaSeq/results_updated/T1214/run2/divide_and_conquer/clades/clade_007/shuffle_07/group_004_unrelaxed_rank_001_alphafold2_ptm_model_1_seed_000.pdb,78.35635155096011,71.15820512820513,13,4.416513,3.288474
/fs/ess/PAA0203/xing244/AF_ClaSeq/results_updated/T1214/run2/divide_and_conquer/clades/clade_007/shuffle_08/group_003_unrelaxed_rank_001_alphafold2_ptm_model_1_seed_000.pdb,66.1247858197932,66.72307692307693,13,3.2655811,4.7868547
/fs/ess/PAA0203/xing244/AF_ClaSeq/results_updated/T1214/run2/divide_and_conquer/clades/clade_007/shuffle_08/group_002_unrelaxed_rank_001_alphafold2_ptm_model_1_seed_000.pdb,68.95920236336781,63.927179487179494,13,3.22503,5.377911
/fs/ess/PAA0203/xing244/AF_ClaSeq/results_updated/T1214/run2/divide_and_conquer/clades/clade_007/shuffle_08/group_006_unrelaxed_rank_001_alphafold2_ptm_model_1_seed_000.pdb,65.80567208271788,67.80692307692308,13,4.0867224,3.8729548
/fs/ess/PAA0203/xing244/AF_ClaSeq/results_updated/T1214/run2/divide_and_conquer/clades/clade_007/shuffle_08/group_005_unrelaxed_rank_001_alphafold2_ptm_model_1_seed_000.pdb,69.05636632200886,66.93384615384616,13,3.601705,4.4314733
/fs/ess/PAA0203/xing244/AF_ClaSeq/results_updated/T1214/run2/divide_and_conquer/clades/clade_007/shuffle_08/group_007_unrelaxed_rank_001_alphafold2_ptm_model_1_seed_000.pdb,74.77016248153618,67.83999999999999,22,3.7364612,4.2319627
/fs/ess/PAA0203/xing244/AF_ClaSeq/results_updated/T1214/run2/divide_and_conquer/clades/clade_007/shuffle_08/group_001_unrelaxed_rank_001_alphafold2_ptm_model_1_seed_000.pdb,71.3177400295421,66.3274358974359,13,3.8720717,4.542436
/fs/ess/PAA0203/xing244/AF_ClaSeq/results_updated/T1214/run2/divide_and_conquer/clades/clade_007/shuffle_08/group_004_unrelaxed_rank_001_alphafold2_ptm_model_1_seed_000.pdb,72.36434268833088,70.78410256410257,13,3.658626,4.4070215
/fs/ess/PAA0203/xing244/AF_ClaSeq/results_updated/T1214/run2/divide_and_conquer/clades/clade_007/shuffle_09/group_003_unrelaxed_rank_001_alphafold2_ptm_model_1_seed_000.pdb,73.60952732644017,68.07794871794873,13,4.1058965,4.080498
/fs/ess/PAA0203/xing244/AF_ClaSeq/results_updated/T1214/run2/divide_and_conquer/clades/clade_007/shuffle_09/group_002_unrelaxed_rank_001_alphafold2_ptm_model_1_seed_000.pdb,66.30937961595272,65.34128205128205,13,3.3124893,4.938575
/fs/ess/PAA0203/xing244/AF_ClaSeq/results_updated/T1214/run2/divide_and_conquer/clades/clade_007/shuffle_09/group_006_unrelaxed_rank_001_alphafold2_ptm_model_1_seed_000.pdb,71.18856720827178,63.59333333333334,13,3.9570506,4.0723042
/fs/ess/PAA0203/xing244/AF_ClaSeq/results_updated/T1214/run2/divide_and_conquer/clades/clade_007/shuffle_09/group_005_unrelaxed_rank_001_alphafold2_ptm_model_1_seed_000.pdb,61.21293943870014,65.44205128205128,13,4.727428,3.0689664
/fs/ess/PAA0203/xing244/AF_ClaSeq/results_updated/T1214/run2/divide_and_conquer/clades/clade_007/shuffle_09/group_007_unrelaxed_rank_001_alphafold2_ptm_model_1_seed_000.pdb,82.02075332348596,72.04410256410256,22,3.3394442,4.8202744
/fs/ess/PAA0203/xing244/AF_ClaSeq/results_updated/T1214/run2/divide_and_conquer/clades/clade_007/shuffle_09/group_001_unrelaxed_rank_001_alphafold2_ptm_model_1_seed_000.pdb,61.115051698670605,63.5274358974359,13,3.9974468,4.0751367
/fs/ess/PAA0203/xing244/AF_ClaSeq/results_updated/T1214/run2/divide_and_conquer/clades/clade_007/shuffle_09/group_004_unrelaxed_rank_001_alphafold2_ptm_model_1_seed_000.pdb,70.9977400295421,64.22897435897436,13,3.5361073,4.539993
/fs/ess/PAA0203/xing244/AF_ClaSeq/results_updated/T1214/run2/divide_and_conquer/clades/clade_007/shuffle_10/group_003_unrelaxed_rank_001_alphafold2_ptm_model_1_seed_000.pdb,66.38719350073856,66.64435897435897,13,3.1812122,4.9945064
/fs/ess/PAA0203/xing244/AF_ClaSeq/results_updated/T1214/run2/divide_and_conquer/clades/clade_007/shuffle_10/group_002_unrelaxed_rank_001_alphafold2_ptm_model_1_seed_000.pdb,68.37846381093058,67.37923076923077,13,3.7800078,4.5029426
/fs/ess/PAA0203/xing244/AF_ClaSeq/results_updated/T1214/run2/divide_and_conquer/clades/clade_007/shuffle_10/group_006_unrelaxed_rank_001_alphafold2_ptm_model_1_seed_000.pdb,73.9240177252585,72.77102564102564,13,3.3842013,5.13265
/fs/ess/PAA0203/xing244/AF_ClaSeq/results_updated/T1214/run2/divide_and_conquer/clades/clade_007/shuffle_10/group_005_unrelaxed_rank_001_alphafold2_ptm_model_1_seed_000.pdb,64.99119645494831,65.45153846153845,13,3.3387668,4.470555
/fs/ess/PAA0203/xing244/AF_ClaSeq/results_updated/T1214/run2/divide_and_conquer/clades/clade_007/shuffle_10/group_007_unrelaxed_rank_001_alphafold2_ptm_model_1_seed_000.pdb,82.57921713441655,72.57974358974359,22,4.568175,3.3669982
/fs/ess/PAA0203/xing244/AF_ClaSeq/results_updated/T1214/run2/divide_and_conquer/clades/clade_007/shuffle_10/group_001_unrelaxed_rank_001_alphafold2_ptm_model_1_seed_000.pdb,66.47775480059083,63.78974358974358,13,6.0983133,1.1563165
/fs/ess/PAA0203/xing244/AF_ClaSeq/results_updated/T1214/run2/divide_and_conquer/clades/clade_007/shuffle_10/group_004_unrelaxed_rank_001_alphafold2_ptm_model_1_seed_000.pdb,74.05834564254062,69.69538461538461,13,4.76278,3.5637555
/fs/ess/PAA0203/xing244/AF_ClaSeq/results_updated/T1214/run2/divide_and_conquer/clades/clade_008/shuffle_01/group_003_unrelaxed_rank_001_alphafold2_ptm_model_1_seed_000.pdb,54.12370753323486,61.11102564102565,13,4.445163,2.513927
/fs/ess/PAA0203/xing244/AF_ClaSeq/results_updated/T1214/run2/divide_and_conquer/clades/clade_008/shuffle_01/group_002_unrelaxed_rank_001_alphafold2_ptm_model_1_seed_000.pdb,55.77868537666174,59.88307692307693,13,4.2567043,4.263502
/fs/ess/PAA0203/xing244/AF_ClaSeq/results_updated/T1214/run2/divide_and_conquer/clades/clade_008/shuffle_01/group_006_unrelaxed_rank_001_alphafold2_ptm_model_1_seed_000.pdb,50.030295420974895,57.987948717948726,13,8.636849,6.7288165
/fs/ess/PAA0203/xing244/AF_ClaSeq/results_updated/T1214/run2/divide_and_conquer/clades/clade_008/shuffle_01/group_005_unrelaxed_rank_001_alphafold2_ptm_model_1_seed_000.pdb,64.48265878877399,64.01025641025642,13,3.7785208,3.407387
/fs/ess/PAA0203/xing244/AF_ClaSeq/results_updated/T1214/run2/divide_and_conquer/clades/clade_008/shuffle_01/group_007_unrelaxed_rank_001_alphafold2_ptm_model_1_seed_000.pdb,70.968035450517,69.57153846153845,20,3.2490008,3.776466
/fs/ess/PAA0203/xing244/AF_ClaSeq/results_updated/T1214/run2/divide_and_conquer/clades/clade_008/shuffle_01/group_001_unrelaxed_rank_001_alphafold2_ptm_model_1_seed_000.pdb,59.52069423929098,66.14589743589744,13,4.2840557,3.0579586
/fs/ess/PAA0203/xing244/AF_ClaSeq/results_updated/T1214/run2/divide_and_conquer/clades/clade_008/shuffle_01/group_004_unrelaxed_rank_001_alphafold2_ptm_model_1_seed_000.pdb,56.57044313146234,42.98384615384615,13,6.6238413,6.437933
/fs/ess/PAA0203/xing244/AF_ClaSeq/results_updated/T1214/run2/divide_and_conquer/clades/clade_008/shuffle_02/group_003_unrelaxed_rank_001_alphafold2_ptm_model_1_seed_000.pdb,60.00087149187592,59.59,13,3.7690988,3.3537323
/fs/ess/PAA0203/xing244/AF_ClaSeq/results_updated/T1214/run2/divide_and_conquer/clades/clade_008/shuffle_02/group_002_unrelaxed_rank_001_alphafold2_ptm_model_1_seed_000.pdb,57.28550960118169,59.22717948717949,13,4.1238084,4.119108
/fs/ess/PAA0203/xing244/AF_ClaSeq/results_updated/T1214/run2/divide_and_conquer/clades/clade_008/shuffle_02/group_006_unrelaxed_rank_001_alphafold2_ptm_model_1_seed_000.pdb,58.49639586410635,61.13282051282051,13,3.0227334,4.1094956
/fs/ess/PAA0203/xing244/AF_ClaSeq/results_updated/T1214/run2/divide_and_conquer/clades/clade_008/shuffle_02/group_005_unrelaxed_rank_001_alphafold2_ptm_model_1_seed_000.pdb,58.213988183161,60.44410256410257,13,2.3582404,5.1382604
/fs/ess/PAA0203/xing244/AF_ClaSeq/results_updated/T1214/run2/divide_and_conquer/clades/clade_008/shuffle_02/group_007_unrelaxed_rank_001_alphafold2_ptm_model_1_seed_000.pdb,63.61500738552437,65.18538461538462,20,4.1033983,2.8389373
/fs/ess/PAA0203/xing244/AF_ClaSeq/results_updated/T1214/run2/divide_and_conquer/clades/clade_008/shuffle_02/group_001_unrelaxed_rank_001_alphafold2_ptm_model_1_seed_000.pdb,55.784992614475634,60.9374358974359,13,3.9468699,4.0943885
/fs/ess/PAA0203/xing244/AF_ClaSeq/results_updated/T1214/run2/divide_and_conquer/clades/clade_008/shuffle_02/group_004_unrelaxed_rank_001_alphafold2_ptm_model_1_seed_000.pdb,56.9701329394387,58.956153846153846,13,3.9700634,4.1013417
/fs/ess/PAA0203/xing244/AF_ClaSeq/results_updated/T1214/run2/divide_and_conquer/clades/clade_008/shuffle_03/group_003_unrelaxed_rank_001_alphafold2_ptm_model_1_seed_000.pdb,55.315494830132934,54.85358974358973,13,5.431661,5.164207
/fs/ess/PAA0203/xing244/AF_ClaSeq/results_updated/T1214/run2/divide_and_conquer/clades/clade_008/shuffle_03/group_002_unrelaxed_rank_001_alphafold2_ptm_model_1_seed_000.pdb,56.098478581979315,60.29153846153847,13,2.493816,4.996868
/fs/ess/PAA0203/xing244/AF_ClaSeq/results_updated/T1214/run2/divide_and_conquer/clades/clade_008/shuffle_03/group_006_unrelaxed_rank_001_alphafold2_ptm_model_1_seed_000.pdb,62.00107828655834,67.74025641025642,13,4.5375643,2.4976537
/fs/ess/PAA0203/xing244/AF_ClaSeq/results_updated/T1214/run2/divide_and_conquer/clades/clade_008/shuffle_03/group_005_unrelaxed_rank_001_alphafold2_ptm_model_1_seed_000.pdb,57.40872968980798,59.184102564102574,13,4.9827957,2.248695
/fs/ess/PAA0203/xing244/AF_ClaSeq/results_updated/T1214/run2/divide_and_conquer/clades/clade_008/shuffle_03/group_007_unrelaxed_rank_001_alphafold2_ptm_model_1_seed_000.pdb,69.14555391432792,67.3497435897436,20,2.6630514,4.4620843
/fs/ess/PAA0203/xing244/AF_ClaSeq/results_updated/T1214/run2/divide_and_conquer/clades/clade_008/shuffle_03/group_001_unrelaxed_rank_001_alphafold2_ptm_model_1_seed_000.pdb,68.16264401772526,63.508461538461525,13,3.040575,3.9319592
/fs/ess/PAA0203/xing244/AF_ClaSeq/results_updated/T1214/run2/divide_and_conquer/clades/clade_008/shuffle_03/group_004_unrelaxed_rank_001_alphafold2_ptm_model_1_seed_000.pdb,54.96088626292466,58.29307692307693,13,3.3508925,3.8184464
/fs/ess/PAA0203/xing244/AF_ClaSeq/results_updated/T1214/run2/divide_and_conquer/clades/clade_008/shuffle_04/group_003_unrelaxed_rank_001_alphafold2_ptm_model_1_seed_000.pdb,59.00487444608568,62.142051282051284,13,4.0796256,3.0938942
/fs/ess/PAA0203/xing244/AF_ClaSeq/results_updated/T1214/run2/divide_and_conquer/clades/clade_008/shuffle_04/group_002_unrelaxed_rank_001_alphafold2_ptm_model_1_seed_000.pdb,52.87539143279173,56.62179487179486,13,7.1444697,6.2000155
/fs/ess/PAA0203/xing244/AF_ClaSeq/results_updated/T1214/run2/divide_and_conquer/clades/clade_008/shuffle_04/group_006_unrelaxed_rank_001_alphafold2_ptm_model_1_seed_000.pdb,55.629128508124076,59.5376923076923,13,3.0955513,4.332153
/fs/ess/PAA0203/xing244/AF_ClaSeq/results_updated/T1214/run2/divide_and_conquer/clades/clade_008/shuffle_04/group_005_unrelaxed_rank_001_alphafold2_ptm_model_1_seed_000.pdb,59.765775480059084,59.57076923076922,13,3.1629095,4.251747
/fs/ess/PAA0203/xing244/AF_ClaSeq/results_updated/T1214/run2/divide_and_conquer/clades/clade_008/shuffle_04/group_007_unrelaxed_rank_001_alphafold2_ptm_model_1_seed_000.pdb,70.49274741506646,66.16564102564101,20,3.213369,3.6649685
/fs/ess/PAA0203/xing244/AF_ClaSeq/results_updated/T1214/run2/divide_and_conquer/clades/clade_008/shuffle_04/group_001_unrelaxed_rank_001_alphafold2_ptm_model_1_seed_000.pdb,59.56431314623338,62.892051282051284,13,3.9099286,3.806084
/fs/ess/PAA0203/xing244/AF_ClaSeq/results_updated/T1214/run2/divide_and_conquer/clades/clade_008/shuffle_04/group_004_unrelaxed_rank_001_alphafold2_ptm_model_1_seed_000.pdb,59.32980797636632,61.71051282051282,13,4.323098,2.798534
/fs/ess/PAA0203/xing244/AF_ClaSeq/results_updated/T1214/run2/divide_and_conquer/clades/clade_008/shuffle_05/group_003_unrelaxed_rank_001_alphafold2_ptm_model_1_seed_000.pdb,58.38239290989661,60.61307692307692,13,5.3416524,5.0839157
/fs/ess/PAA0203/xing244/AF_ClaSeq/results_updated/T1214/run2/divide_and_conquer/clades/clade_008/shuffle_05/group_002_unrelaxed_rank_001_alphafold2_ptm_model_1_seed_000.pdb,58.6692023633678,63.16589743589743,13,4.77104,4.277667
/fs/ess/PAA0203/xing244/AF_ClaSeq/results_updated/T1214/run2/divide_and_conquer/clades/clade_008/shuffle_05/group_006_unrelaxed_rank_001_alphafold2_ptm_model_1_seed_000.pdb,49.0557459379616,38.216666666666654,13,6.3928056,7.4179807
/fs/ess/PAA0203/xing244/AF_ClaSeq/results_updated/T1214/run2/divide_and_conquer/clades/clade_008/shuffle_05/group_005_unrelaxed_rank_001_alphafold2_ptm_model_1_seed_000.pdb,63.874756277695724,59.07820512820512,13,2.7871995,6.241379
/fs/ess/PAA0203/xing244/AF_ClaSeq/results_updated/T1214/run2/divide_and_conquer/clades/clade_008/shuffle_05/group_007_unrelaxed_rank_001_alphafold2_ptm_model_1_seed_000.pdb,71.72178729689809,68.76692307692308,20,3.9839249,3.1428413
/fs/ess/PAA0203/xing244/AF_ClaSeq/results_updated/T1214/run2/divide_and_conquer/clades/clade_008/shuffle_05/group_001_unrelaxed_rank_001_alphafold2_ptm_model_1_seed_000.pdb,55.546691285081245,62.93974358974359,13,3.4947555,3.4238925
/fs/ess/PAA0203/xing244/AF_ClaSeq/results_updated/T1214/run2/divide_and_conquer/clades/clade_008/shuffle_05/group_004_unrelaxed_rank_001_alphafold2_ptm_model_1_seed_000.pdb,63.69197932053176,62.28871794871795,13,3.6410348,4.127532
/fs/ess/PAA0203/xing244/AF_ClaSeq/results_updated/T1214/run2/divide_and_conquer/clades/clade_008/shuffle_06/group_003_unrelaxed_rank_001_alphafold2_ptm_model_1_seed_000.pdb,59.4474741506647,61.35153846153845,13,5.3304243,1.8885187
/fs/ess/PAA0203/xing244/AF_ClaSeq/results_updated/T1214/run2/divide_and_conquer/clades/clade_008/shuffle_06/group_002_unrelaxed_rank_001_alphafold2_ptm_model_1_seed_000.pdb,56.92645494830133,61.79410256410256,13,3.5193489,3.8837204
/fs/ess/PAA0203/xing244/AF_ClaSeq/results_updated/T1214/run2/divide_and_conquer/clades/clade_008/shuffle_06/group_006_unrelaxed_rank_001_alphafold2_ptm_model_1_seed_000.pdb,55.633663220088636,59.796923076923086,13,3.8143377,3.8852463
/fs/ess/PAA0203/xing244/AF_ClaSeq/results_updated/T1214/run2/divide_and_conquer/clades/clade_008/shuffle_06/group_005_unrelaxed_rank_001_alphafold2_ptm_model_1_seed_000.pdb,57.79844903988184,58.23538461538461,13,4.047907,6.179884
/fs/ess/PAA0203/xing244/AF_ClaSeq/results_updated/T1214/run2/divide_and_conquer/clades/clade_008/shuffle_06/group_007_unrelaxed_rank_001_alphafold2_ptm_model_1_seed_000.pdb,76.96540620384047,71.83897435897435,20,3.242122,3.5589519
/fs/ess/PAA0203/xing244/AF_ClaSeq/results_updated/T1214/run2/divide_and_conquer/clades/clade_008/shuffle_06/group_001_unrelaxed_rank_001_alphafold2_ptm_model_1_seed_000.pdb,51.77288035450517,46.07205128205128,13,4.621049,4.031917
/fs/ess/PAA0203/xing244/AF_ClaSeq/results_updated/T1214/run2/divide_and_conquer/clades/clade_008/shuffle_06/group_004_unrelaxed_rank_001_alphafold2_ptm_model_1_seed_000.pdb,49.83921713441654,60.81538461538462,13,3.7270539,3.8153694
/fs/ess/PAA0203/xing244/AF_ClaSeq/results_updated/T1214/run2/divide_and_conquer/clades/clade_008/shuffle_07/group_003_unrelaxed_rank_001_alphafold2_ptm_model_1_seed_000.pdb,56.38131462333825,47.553846153846145,13,5.4822197,4.031068
/fs/ess/PAA0203/xing244/AF_ClaSeq/results_updated/T1214/run2/divide_and_conquer/clades/clade_008/shuffle_07/group_002_unrelaxed_rank_001_alphafold2_ptm_model_1_seed_000.pdb,56.25595273264402,58.66564102564103,13,4.1661115,3.0122104
/fs/ess/PAA0203/xing244/AF_ClaSeq/results_updated/T1214/run2/divide_and_conquer/clades/clade_008/shuffle_07/group_006_unrelaxed_rank_001_alphafold2_ptm_model_1_seed_000.pdb,54.42716395864107,56.809743589743576,13,4.7408133,4.771698
/fs/ess/PAA0203/xing244/AF_ClaSeq/results_updated/T1214/run2/divide_and_conquer/clades/clade_008/shuffle_07/group_005_unrelaxed_rank_001_alphafold2_ptm_model_1_seed_000.pdb,70.50401772525849,65.19641025641026,13,3.903096,3.1803868
/fs/ess/PAA0203/xing244/AF_ClaSeq/results_updated/T1214/run2/divide_and_conquer/clades/clade_008/shuffle_07/group_007_unrelaxed_rank_001_alphafold2_ptm_model_1_seed_000.pdb,69.44877400295421,66.47025641025641,20,3.630557,3.254081
/fs/ess/PAA0203/xing244/AF_ClaSeq/results_updated/T1214/run2/divide_and_conquer/clades/clade_008/shuffle_07/group_001_unrelaxed_rank_001_alphafold2_ptm_model_1_seed_000.pdb,58.13211225997046,63.04487179487178,13,3.383071,3.9835012
/fs/ess/PAA0203/xing244/AF_ClaSeq/results_updated/T1214/run2/divide_and_conquer/clades/clade_008/shuffle_07/group_004_unrelaxed_rank_001_alphafold2_ptm_model_1_seed_000.pdb,57.94192023633677,63.412564102564104,13,4.1297245,3.1657398
/fs/ess/PAA0203/xing244/AF_ClaSeq/results_updated/T1214/run2/divide_and_conquer/clades/clade_008/shuffle_08/group_003_unrelaxed_rank_001_alphafold2_ptm_model_1_seed_000.pdb,59.06921713441655,59.50666666666666,13,7.148516,6.877727
/fs/ess/PAA0203/xing244/AF_ClaSeq/results_updated/T1214/run2/divide_and_conquer/clades/clade_008/shuffle_08/group_002_unrelaxed_rank_001_alphafold2_ptm_model_1_seed_000.pdb,67.57689807976367,65.83769230769231,13,3.0675638,3.9133177
/fs/ess/PAA0203/xing244/AF_ClaSeq/results_updated/T1214/run2/divide_and_conquer/clades/clade_008/shuffle_08/group_006_unrelaxed_rank_001_alphafold2_ptm_model_1_seed_000.pdb,65.90881831610045,65.51179487179486,13,2.6488862,4.60504
/fs/ess/PAA0203/xing244/AF_ClaSeq/results_updated/T1214/run2/divide_and_conquer/clades/clade_008/shuffle_08/group_005_unrelaxed_rank_001_alphafold2_ptm_model_1_seed_000.pdb,60.09008862629246,64.15282051282051,13,4.215931,3.1640434
/fs/ess/PAA0203/xing244/AF_ClaSeq/results_updated/T1214/run2/divide_and_conquer/clades/clade_008/shuffle_08/group_007_unrelaxed_rank_001_alphafold2_ptm_model_1_seed_000.pdb,63.87138847858199,64.68358974358975,20,3.2596865,3.6493833
/fs/ess/PAA0203/xing244/AF_ClaSeq/results_updated/T1214/run2/divide_and_conquer/clades/clade_008/shuffle_08/group_001_unrelaxed_rank_001_alphafold2_ptm_model_1_seed_000.pdb,56.59754800590842,61.324358974358965,13,4.570669,3.2591166
/fs/ess/PAA0203/xing244/AF_ClaSeq/results_updated/T1214/run2/divide_and_conquer/clades/clade_008/shuffle_08/group_004_unrelaxed_rank_001_alphafold2_ptm_model_1_seed_000.pdb,58.5778729689808,62.54333333333334,13,3.6691976,3.5783193
/fs/ess/PAA0203/xing244/AF_ClaSeq/results_updated/T1214/run2/divide_and_conquer/clades/clade_008/shuffle_09/group_003_unrelaxed_rank_001_alphafold2_ptm_model_1_seed_000.pdb,56.73537666174298,62.568717948717946,13,4.7725067,2.4749827
/fs/ess/PAA0203/xing244/AF_ClaSeq/results_updated/T1214/run2/divide_and_conquer/clades/clade_008/shuffle_09/group_002_unrelaxed_rank_001_alphafold2_ptm_model_1_seed_000.pdb,57.8950516986706,62.234615384615374,13,3.5512486,4.714845
/fs/ess/PAA0203/xing244/AF_ClaSeq/results_updated/T1214/run2/divide_and_conquer/clades/clade_008/shuffle_09/group_006_unrelaxed_rank_001_alphafold2_ptm_model_1_seed_000.pdb,58.9269423929099,60.29692307692307,13,3.0309677,4.256894
/fs/ess/PAA0203/xing244/AF_ClaSeq/results_updated/T1214/run2/divide_and_conquer/clades/clade_008/shuffle_09/group_005_unrelaxed_rank_001_alphafold2_ptm_model_1_seed_000.pdb,52.61632200886263,55.88102564102563,13,4.555051,3.7127087
/fs/ess/PAA0203/xing244/AF_ClaSeq/results_updated/T1214/run2/divide_and_conquer/clades/clade_008/shuffle_09/group_007_unrelaxed_rank_001_alphafold2_ptm_model_1_seed_000.pdb,61.23242245199409,62.52948717948717,20,2.9919624,4.119469
/fs/ess/PAA0203/xing244/AF_ClaSeq/results_updated/T1214/run2/divide_and_conquer/clades/clade_008/shuffle_09/group_001_unrelaxed_rank_001_alphafold2_ptm_model_1_seed_000.pdb,58.895243722304286,65.66025641025641,13,3.7525444,3.809992
/fs/ess/PAA0203/xing244/AF_ClaSeq/results_updated/T1214/run2/divide_and_conquer/clades/clade_008/shuffle_09/group_004_unrelaxed_rank_001_alphafold2_ptm_model_1_seed_000.pdb,62.10670605612998,61.7976923076923,13,3.297623,3.7781782
/fs/ess/PAA0203/xing244/AF_ClaSeq/results_updated/T1214/run2/divide_and_conquer/clades/clade_008/shuffle_10/group_003_unrelaxed_rank_001_alphafold2_ptm_model_1_seed_000.pdb,56.52465288035451,59.61051282051282,13,2.8459234,4.8035417
/fs/ess/PAA0203/xing244/AF_ClaSeq/results_updated/T1214/run2/divide_and_conquer/clades/clade_008/shuffle_10/group_002_unrelaxed_rank_001_alphafold2_ptm_model_1_seed_000.pdb,54.14692762186115,60.51205128205129,13,4.706456,4.403319
/fs/ess/PAA0203/xing244/AF_ClaSeq/results_updated/T1214/run2/divide_and_conquer/clades/clade_008/shuffle_10/group_006_unrelaxed_rank_001_alphafold2_ptm_model_1_seed_000.pdb,55.29474150664697,57.83230769230768,13,3.5328422,4.4754786
/fs/ess/PAA0203/xing244/AF_ClaSeq/results_updated/T1214/run2/divide_and_conquer/clades/clade_008/shuffle_10/group_005_unrelaxed_rank_001_alphafold2_ptm_model_1_seed_000.pdb,58.58695716395864,62.5774358974359,13,3.7956424,3.2662177
/fs/ess/PAA0203/xing244/AF_ClaSeq/results_updated/T1214/run2/divide_and_conquer/clades/clade_008/shuffle_10/group_007_unrelaxed_rank_001_alphafold2_ptm_model_1_seed_000.pdb,73.07954209748893,67.25948717948718,20,4.2146583,2.7693784
/fs/ess/PAA0203/xing244/AF_ClaSeq/results_updated/T1214/run2/divide_and_conquer/clades/clade_008/shuffle_10/group_001_unrelaxed_rank_001_alphafold2_ptm_model_1_seed_000.pdb,50.46518463810931,57.194615384615375,13,5.017992,6.095777
/fs/ess/PAA0203/xing244/AF_ClaSeq/results_updated/T1214/run2/divide_and_conquer/clades/clade_008/shuffle_10/group_004_unrelaxed_rank_001_alphafold2_ptm_model_1_seed_000.pdb,56.44267355982275,55.71692307692308,13,4.206836,5.0377903
/fs/ess/PAA0203/xing244/AF_ClaSeq/results_updated/T1214/run2/divide_and_conquer/clades/clade_009/shuffle_01/group_003_unrelaxed_rank_001_alphafold2_ptm_model_1_seed_000.pdb,28.811787296898082,29.66589743589744,13,31.80315,34.586697
/fs/ess/PAA0203/xing244/AF_ClaSeq/results_updated/T1214/run2/divide_and_conquer/clades/clade_009/shuffle_01/group_002_unrelaxed_rank_001_alphafold2_ptm_model_1_seed_000.pdb,24.396883308714923,22.760256410256414,13,34.492638,33.189137
/fs/ess/PAA0203/xing244/AF_ClaSeq/results_updated/T1214/run2/divide_and_conquer/clades/clade_009/shuffle_01/group_006_unrelaxed_rank_001_alphafold2_ptm_model_1_seed_000.pdb,25.050339734121124,22.55076923076923,13,38.65082,38.7157
/fs/ess/PAA0203/xing244/AF_ClaSeq/results_updated/T1214/run2/divide_and_conquer/clades/clade_009/shuffle_01/group_005_unrelaxed_rank_001_alphafold2_ptm_model_1_seed_000.pdb,29.33738552437223,26.943846153846152,13,19.987665,21.181019
/fs/ess/PAA0203/xing244/AF_ClaSeq/results_updated/T1214/run2/divide_and_conquer/clades/clade_009/shuffle_01/group_007_unrelaxed_rank_001_alphafold2_ptm_model_1_seed_000.pdb,35.95989660265879,51.20974358974359,19,3.438299,5.1643596
/fs/ess/PAA0203/xing244/AF_ClaSeq/results_updated/T1214/run2/divide_and_conquer/clades/clade_009/shuffle_01/group_001_unrelaxed_rank_001_alphafold2_ptm_model_1_seed_000.pdb,23.696853766617426,22.96923076923077,13,15.766129,16.39165
/fs/ess/PAA0203/xing244/AF_ClaSeq/results_updated/T1214/run2/divide_and_conquer/clades/clade_009/shuffle_01/group_004_unrelaxed_rank_001_alphafold2_ptm_model_1_seed_000.pdb,26.2380059084195,22.96205128205128,13,17.340183,18.328579
/fs/ess/PAA0203/xing244/AF_ClaSeq/results_updated/T1214/run2/divide_and_conquer/clades/clade_009/shuffle_02/group_003_unrelaxed_rank_001_alphafold2_ptm_model_1_seed_000.pdb,24.443308714918757,22.007692307692302,13,26.701685,27.039474
/fs/ess/PAA0203/xing244/AF_ClaSeq/results_updated/T1214/run2/divide_and_conquer/clades/clade_009/shuffle_02/group_002_unrelaxed_rank_001_alphafold2_ptm_model_1_seed_000.pdb,23.307104874446086,23.324102564102564,13,32.80984,34.007656
/fs/ess/PAA0203/xing244/AF_ClaSeq/results_updated/T1214/run2/divide_and_conquer/clades/clade_009/shuffle_02/group_006_unrelaxed_rank_001_alphafold2_ptm_model_1_seed_000.pdb,24.304076809453473,22.23589743589744,13,41.147484,43.89409
/fs/ess/PAA0203/xing244/AF_ClaSeq/results_updated/T1214/run2/divide_and_conquer/clades/clade_009/shuffle_02/group_005_unrelaxed_rank_001_alphafold2_ptm_model_1_seed_000.pdb,28.322304283604137,25.084871794871795,13,34.05604,34.213272
/fs/ess/PAA0203/xing244/AF_ClaSeq/results_updated/T1214/run2/divide_and_conquer/clades/clade_009/shuffle_02/group_007_unrelaxed_rank_001_alphafold2_ptm_model_1_seed_000.pdb,26.52472673559823,26.032564102564105,19,34.607353,36.257877
/fs/ess/PAA0203/xing244/AF_ClaSeq/results_updated/T1214/run2/divide_and_conquer/clades/clade_009/shuffle_02/group_001_unrelaxed_rank_001_alphafold2_ptm_model_1_seed_000.pdb,22.499217134416547,21.48615384615385,13,34.10519,30.775213
/fs/ess/PAA0203/xing244/AF_ClaSeq/results_updated/T1214/run2/divide_and_conquer/clades/clade_009/shuffle_02/group_004_unrelaxed_rank_001_alphafold2_ptm_model_1_seed_000.pdb,36.35316100443131,54.59282051282051,13,5.230152,8.049077
/fs/ess/PAA0203/xing244/AF_ClaSeq/results_updated/T1214/run2/divide_and_conquer/clades/clade_009/shuffle_03/group_003_unrelaxed_rank_001_alphafold2_ptm_model_1_seed_000.pdb,24.572540620384046,25.68974358974359,13,29.317583,32.34501
/fs/ess/PAA0203/xing244/AF_ClaSeq/results_updated/T1214/run2/divide_and_conquer/clades/clade_009/shuffle_03/group_002_unrelaxed_rank_001_alphafold2_ptm_model_1_seed_000.pdb,34.35484490398818,33.11435897435897,13,26.258797,30.087965
/fs/ess/PAA0203/xing244/AF_ClaSeq/results_updated/T1214/run2/divide_and_conquer/clades/clade_009/shuffle_03/group_006_unrelaxed_rank_001_alphafold2_ptm_model_1_seed_000.pdb,27.294948301329395,27.00358974358974,13,27.249739,26.779375
/fs/ess/PAA0203/xing244/AF_ClaSeq/results_updated/T1214/run2/divide_and_conquer/clades/clade_009/shuffle_03/group_005_unrelaxed_rank_001_alphafold2_ptm_model_1_seed_000.pdb,24.811462333825702,22.322820512820513,13,22.005047,23.372005
/fs/ess/PAA0203/xing244/AF_ClaSeq/results_updated/T1214/run2/divide_and_conquer/clades/clade_009/shuffle_03/group_007_unrelaxed_rank_001_alphafold2_ptm_model_1_seed_000.pdb,29.695140324963074,32.328205128205134,19,17.533175,14.130566
/fs/ess/PAA0203/xing244/AF_ClaSeq/results_updated/T1214/run2/divide_and_conquer/clades/clade_009/shuffle_03/group_001_unrelaxed_rank_001_alphafold2_ptm_model_1_seed_000.pdb,25.448271787296896,23.248205128205136,13,41.56541,40.41178
/fs/ess/PAA0203/xing244/AF_ClaSeq/results_updated/T1214/run2/divide_and_conquer/clades/clade_009/shuffle_03/group_004_unrelaxed_rank_001_alphafold2_ptm_model_1_seed_000.pdb,24.174387001477104,23.24615384615385,13,32.274548,32.280453
/fs/ess/PAA0203/xing244/AF_ClaSeq/results_updated/T1214/run2/divide_and_conquer/clades/clade_009/shuffle_04/group_003_unrelaxed_rank_001_alphafold2_ptm_model_1_seed_000.pdb,29.86677991137371,26.093333333333334,13,19.196577,21.018929
/fs/ess/PAA0203/xing244/AF_ClaSeq/results_updated/T1214/run2/divide_and_conquer/clades/clade_009/shuffle_04/group_002_unrelaxed_rank_001_alphafold2_ptm_model_1_seed_000.pdb,23.65122599704579,23.63692307692308,13,30.983833,29.627752
/fs/ess/PAA0203/xing244/AF_ClaSeq/results_updated/T1214/run2/divide_and_conquer/clades/clade_009/shuffle_04/group_006_unrelaxed_rank_001_alphafold2_ptm_model_1_seed_000.pdb,32.83536189069424,45.89282051282051,13,9.103273,6.7240005
/fs/ess/PAA0203/xing244/AF_ClaSeq/results_updated/T1214/run2/divide_and_conquer/clades/clade_009/shuffle_04/group_005_unrelaxed_rank_001_alphafold2_ptm_model_1_seed_000.pdb,24.56373707533235,23.008974358974363,13,38.460472,37.918907
/fs/ess/PAA0203/xing244/AF_ClaSeq/results_updated/T1214/run2/divide_and_conquer/clades/clade_009/shuffle_04/group_007_unrelaxed_rank_001_alphafold2_ptm_model_1_seed_000.pdb,25.38311669128508,26.08974358974359,19,19.650253,18.385298
/fs/ess/PAA0203/xing244/AF_ClaSeq/results_updated/T1214/run2/divide_and_conquer/clades/clade_009/shuffle_04/group_001_unrelaxed_rank_001_alphafold2_ptm_model_1_seed_000.pdb,27.76004431314624,23.074871794871797,13,15.733043,16.238964
/fs/ess/PAA0203/xing244/AF_ClaSeq/results_updated/T1214/run2/divide_and_conquer/clades/clade_009/shuffle_04/group_004_unrelaxed_rank_001_alphafold2_ptm_model_1_seed_000.pdb,25.798788774002954,23.011025641025643,13,16.829208,16.599949
/fs/ess/PAA0203/xing244/AF_ClaSeq/results_updated/T1214/run2/divide_and_conquer/clades/clade_009/shuffle_05/group_003_unrelaxed_rank_001_alphafold2_ptm_model_1_seed_000.pdb,24.31029542097489,24.417948717948715,13,31.127924,32.027004
/fs/ess/PAA0203/xing244/AF_ClaSeq/results_updated/T1214/run2/divide_and_conquer/clades/clade_009/shuffle_05/group_002_unrelaxed_rank_001_alphafold2_ptm_model_1_seed_000.pdb,25.588759231905467,24.016923076923078,13,24.889406,23.038097
/fs/ess/PAA0203/xing244/AF_ClaSeq/results_updated/T1214/run2/divide_and_conquer/clades/clade_009/shuffle_05/group_006_unrelaxed_rank_001_alphafold2_ptm_model_1_seed_000.pdb,26.38190546528804,25.319487179487176,13,21.588224,21.942966
/fs/ess/PAA0203/xing244/AF_ClaSeq/results_updated/T1214/run2/divide_and_conquer/clades/clade_009/shuffle_05/group_005_unrelaxed_rank_001_alphafold2_ptm_model_1_seed_000.pdb,27.69370753323486,24.073589743589743,13,12.443641,12.35606
/fs/ess/PAA0203/xing244/AF_ClaSeq/results_updated/T1214/run2/divide_and_conquer/clades/clade_009/shuffle_05/group_007_unrelaxed_rank_001_alphafold2_ptm_model_1_seed_000.pdb,38.69115214180207,51.34051282051282,19,5.544006,6.548591
/fs/ess/PAA0203/xing244/AF_ClaSeq/results_updated/T1214/run2/divide_and_conquer/clades/clade_009/shuffle_05/group_001_unrelaxed_rank_001_alphafold2_ptm_model_1_seed_000.pdb,33.02428360413589,27.852564102564095,13,31.764002,35.321022
/fs/ess/PAA0203/xing244/AF_ClaSeq/results_updated/T1214/run2/divide_and_conquer/clades/clade_009/shuffle_05/group_004_unrelaxed_rank_001_alphafold2_ptm_model_1_seed_000.pdb,23.897178729689806,22.52410256410257,13,27.530247,28.61932
/fs/ess/PAA0203/xing244/AF_ClaSeq/results_updated/T1214/run2/divide_and_conquer/clades/clade_009/shuffle_06/group_003_unrelaxed_rank_001_alphafold2_ptm_model_1_seed_000.pdb,25.129955686853762,24.926410256410257,13,28.333876,30.982008
/fs/ess/PAA0203/xing244/AF_ClaSeq/results_updated/T1214/run2/divide_and_conquer/clades/clade_009/shuffle_06/group_002_unrelaxed_rank_001_alphafold2_ptm_model_1_seed_000.pdb,29.591831610044316,26.715128205128206,13,20.293152,23.9146
/fs/ess/PAA0203/xing244/AF_ClaSeq/results_updated/T1214/run2/divide_and_conquer/clades/clade_009/shuffle_06/group_006_unrelaxed_rank_001_alphafold2_ptm_model_1_seed_000.pdb,31.865110782865585,41.7723076923077,13,7.2320113,6.0495744
/fs/ess/PAA0203/xing244/AF_ClaSeq/results_updated/T1214/run2/divide_and_conquer/clades/clade_009/shuffle_06/group_005_unrelaxed_rank_001_alphafold2_ptm_model_1_seed_000.pdb,24.34605612998523,26.410512820512814,13,17.992683,18.731842
/fs/ess/PAA0203/xing244/AF_ClaSeq/results_updated/T1214/run2/divide_and_conquer/clades/clade_009/shuffle_06/group_007_unrelaxed_rank_001_alphafold2_ptm_model_1_seed_000.pdb,25.039645494830133,23.651282051282053,19,23.862076,23.788887
/fs/ess/PAA0203/xing244/AF_ClaSeq/results_updated/T1214/run2/divide_and_conquer/clades/clade_009/shuffle_06/group_001_unrelaxed_rank_001_alphafold2_ptm_model_1_seed_000.pdb,31.94110782865583,28.70205128205128,13,17.982523,22.139587
/fs/ess/PAA0203/xing244/AF_ClaSeq/results_updated/T1214/run2/divide_and_conquer/clades/clade_009/shuffle_06/group_004_unrelaxed_rank_001_alphafold2_ptm_model_1_seed_000.pdb,24.7911964549483,21.494615384615383,13,29.468649,28.42582
/fs/ess/PAA0203/xing244/AF_ClaSeq/results_updated/T1214/run2/divide_and_conquer/clades/clade_009/shuffle_07/group_003_unrelaxed_rank_001_alphafold2_ptm_model_1_seed_000.pdb,33.65576070901034,47.9625641025641,13,17.729803,17.883274
/fs/ess/PAA0203/xing244/AF_ClaSeq/results_updated/T1214/run2/divide_and_conquer/clades/clade_009/shuffle_07/group_002_unrelaxed_rank_001_alphafold2_ptm_model_1_seed_000.pdb,24.52957163958641,22.92256410256411,13,29.749952,31.277885
/fs/ess/PAA0203/xing244/AF_ClaSeq/results_updated/T1214/run2/divide_and_conquer/clades/clade_009/shuffle_07/group_006_unrelaxed_rank_001_alphafold2_ptm_model_1_seed_000.pdb,24.452703101920235,20.884358974358975,13,37.212776,37.251774
/fs/ess/PAA0203/xing244/AF_ClaSeq/results_updated/T1214/run2/divide_and_conquer/clades/clade_009/shuffle_07/group_005_unrelaxed_rank_001_alphafold2_ptm_model_1_seed_000.pdb,22.6531905465288,22.838974358974358,13,20.812183,18.73801
/fs/ess/PAA0203/xing244/AF_ClaSeq/results_updated/T1214/run2/divide_and_conquer/clades/clade_009/shuffle_07/group_007_unrelaxed_rank_001_alphafold2_ptm_model_1_seed_000.pdb,28.926100443131464,26.417435897435897,19,21.818743,25.151773
/fs/ess/PAA0203/xing244/AF_ClaSeq/results_updated/T1214/run2/divide_and_conquer/clades/clade_009/shuffle_07/group_001_unrelaxed_rank_001_alphafold2_ptm_model_1_seed_000.pdb,26.050354505169867,27.014358974358974,13,25.364843,28.03165
/fs/ess/PAA0203/xing244/AF_ClaSeq/results_updated/T1214/run2/divide_and_conquer/clades/clade_009/shuffle_07/group_004_unrelaxed_rank_001_alphafold2_ptm_model_1_seed_000.pdb,26.086706056129987,25.756153846153847,13,27.615688,27.17362
/fs/ess/PAA0203/xing244/AF_ClaSeq/results_updated/T1214/run2/divide_and_conquer/clades/clade_009/shuffle_08/group_003_unrelaxed_rank_001_alphafold2_ptm_model_1_seed_000.pdb,27.552097488921714,25.07846153846154,13,25.243622,25.271082
/fs/ess/PAA0203/xing244/AF_ClaSeq/results_updated/T1214/run2/divide_and_conquer/clades/clade_009/shuffle_08/group_002_unrelaxed_rank_001_alphafold2_ptm_model_1_seed_000.pdb,25.22902511078287,23.866666666666667,13,32.808277,33.19879
/fs/ess/PAA0203/xing244/AF_ClaSeq/results_updated/T1214/run2/divide_and_conquer/clades/clade_009/shuffle_08/group_006_unrelaxed_rank_001_alphafold2_ptm_model_1_seed_000.pdb,24.578375184638105,22.455641025641025,13,39.28234,38.516132
/fs/ess/PAA0203/xing244/AF_ClaSeq/results_updated/T1214/run2/divide_and_conquer/clades/clade_009/shuffle_08/group_005_unrelaxed_rank_001_alphafold2_ptm_model_1_seed_000.pdb,23.35221565731167,22.571282051282054,13,29.576855,29.422947
/fs/ess/PAA0203/xing244/AF_ClaSeq/results_updated/T1214/run2/divide_and_conquer/clades/clade_009/shuffle_08/group_007_unrelaxed_rank_001_alphafold2_ptm_model_1_seed_000.pdb,36.622333825701624,50.29179487179486,19,4.120283,6.2624207
/fs/ess/PAA0203/xing244/AF_ClaSeq/results_updated/T1214/run2/divide_and_conquer/clades/clade_009/shuffle_08/group_001_unrelaxed_rank_001_alphafold2_ptm_model_1_seed_000.pdb,29.266410635155097,24.37538461538461,13,34.841393,35.426266
/fs/ess/PAA0203/xing244/AF_ClaSeq/results_updated/T1214/run2/divide_and_conquer/clades/clade_009/shuffle_08/group_004_unrelaxed_rank_001_alphafold2_ptm_model_1_seed_000.pdb,23.761004431314625,22.436666666666667,13,23.650482,23.756664
/fs/ess/PAA0203/xing244/AF_ClaSeq/results_updated/T1214/run2/divide_and_conquer/clades/clade_009/shuffle_09/group_003_unrelaxed_rank_001_alphafold2_ptm_model_1_seed_000.pdb,27.52846381093057,25.083333333333336,13,25.487186,27.433947
/fs/ess/PAA0203/xing244/AF_ClaSeq/results_updated/T1214/run2/divide_and_conquer/clades/clade_009/shuffle_09/group_002_unrelaxed_rank_001_alphafold2_ptm_model_1_seed_000.pdb,26.068552437223047,25.748205128205125,13,18.085579,19.001423
/fs/ess/PAA0203/xing244/AF_ClaSeq/results_updated/T1214/run2/divide_and_conquer/clades/clade_009/shuffle_09/group_006_unrelaxed_rank_001_alphafold2_ptm_model_1_seed_000.pdb,23.404771048744458,22.17205128205128,13,35.987972,35.814693
/fs/ess/PAA0203/xing244/AF_ClaSeq/results_updated/T1214/run2/divide_and_conquer/clades/clade_009/shuffle_09/group_005_unrelaxed_rank_001_alphafold2_ptm_model_1_seed_000.pdb,25.12135893648449,22.90384615384615,13,29.881195,31.132359
/fs/ess/PAA0203/xing244/AF_ClaSeq/results_updated/T1214/run2/divide_and_conquer/clades/clade_009/shuffle_09/group_007_unrelaxed_rank_001_alphafold2_ptm_model_1_seed_000.pdb,27.283633677991137,24.529743589743592,19,30.229647,31.99818
/fs/ess/PAA0203/xing244/AF_ClaSeq/results_updated/T1214/run2/divide_and_conquer/clades/clade_009/shuffle_09/group_001_unrelaxed_rank_001_alphafold2_ptm_model_1_seed_000.pdb,26.914490398818316,24.89923076923077,13,14.794878,17.406559
/fs/ess/PAA0203/xing244/AF_ClaSeq/results_updated/T1214/run2/divide_and_conquer/clades/clade_009/shuffle_09/group_004_unrelaxed_rank_001_alphafold2_ptm_model_1_seed_000.pdb,35.68310192023633,43.839999999999996,13,7.6439266,8.190922
/fs/ess/PAA0203/xing244/AF_ClaSeq/results_updated/T1214/run2/divide_and_conquer/clades/clade_009/shuffle_10/group_003_unrelaxed_rank_001_alphafold2_ptm_model_1_seed_000.pdb,28.870605612998524,28.174615384615382,13,14.991217,12.112841
/fs/ess/PAA0203/xing244/AF_ClaSeq/results_updated/T1214/run2/divide_and_conquer/clades/clade_009/shuffle_10/group_002_unrelaxed_rank_001_alphafold2_ptm_model_1_seed_000.pdb,23.611536189069426,21.081025641025636,13,37.34674,36.410408
/fs/ess/PAA0203/xing244/AF_ClaSeq/results_updated/T1214/run2/divide_and_conquer/clades/clade_009/shuffle_10/group_006_unrelaxed_rank_001_alphafold2_ptm_model_1_seed_000.pdb,29.745125553914324,26.408205128205125,13,11.59787,11.007968
/fs/ess/PAA0203/xing244/AF_ClaSeq/results_updated/T1214/run2/divide_and_conquer/clades/clade_009/shuffle_10/group_005_unrelaxed_rank_001_alphafold2_ptm_model_1_seed_000.pdb,28.397828655834562,25.558205128205124,13,25.633696,27.06961
/fs/ess/PAA0203/xing244/AF_ClaSeq/results_updated/T1214/run2/divide_and_conquer/clades/clade_009/shuffle_10/group_007_unrelaxed_rank_001_alphafold2_ptm_model_1_seed_000.pdb,31.935258493353025,29.941794871794873,19,13.066483,13.796089
/fs/ess/PAA0203/xing244/AF_ClaSeq/results_updated/T1214/run2/divide_and_conquer/clades/clade_009/shuffle_10/group_001_unrelaxed_rank_001_alphafold2_ptm_model_1_seed_000.pdb,28.127385524372233,25.49435897435898,13,25.693054,25.264473
/fs/ess/PAA0203/xing244/AF_ClaSeq/results_updated/T1214/run2/divide_and_conquer/clades/clade_009/shuffle_10/group_004_unrelaxed_rank_001_alphafold2_ptm_model_1_seed_000.pdb,23.87463810930576,22.903589743589745,13,21.912365,20.916786
/fs/ess/PAA0203/xing244/AF_ClaSeq/results_updated/T1214/run2/divide_and_conquer/clades/clade_010/shuffle_01/group_003_unrelaxed_rank_001_alphafold2_ptm_model_1_seed_000.pdb,60.251093057607086,56.76769230769231,13,3.2921464,5.3220887
/fs/ess/PAA0203/xing244/AF_ClaSeq/results_updated/T1214/run2/divide_and_conquer/clades/clade_010/shuffle_01/group_002_unrelaxed_rank_001_alphafold2_ptm_model_1_seed_000.pdb,54.84403249630724,40.706923076923076,13,7.271698,6.1744304
/fs/ess/PAA0203/xing244/AF_ClaSeq/results_updated/T1214/run2/divide_and_conquer/clades/clade_010/shuffle_01/group_006_unrelaxed_rank_001_alphafold2_ptm_model_1_seed_000.pdb,43.556218611521416,40.34820512820512,13,8.023518,5.1523824
/fs/ess/PAA0203/xing244/AF_ClaSeq/results_updated/T1214/run2/divide_and_conquer/clades/clade_010/shuffle_01/group_005_unrelaxed_rank_001_alphafold2_ptm_model_1_seed_000.pdb,56.680147710487454,54.69538461538461,13,5.510054,6.41344
/fs/ess/PAA0203/xing244/AF_ClaSeq/results_updated/T1214/run2/divide_and_conquer/clades/clade_010/shuffle_01/group_007_unrelaxed_rank_001_alphafold2_ptm_model_1_seed_000.pdb,57.82991137370754,46.24564102564103,17,3.7251391,6.1695147
/fs/ess/PAA0203/xing244/AF_ClaSeq/results_updated/T1214/run2/divide_and_conquer/clades/clade_010/shuffle_01/group_001_unrelaxed_rank_001_alphafold2_ptm_model_1_seed_000.pdb,68.44602658788773,54.97538461538461,13,2.8210337,4.6766243
/fs/ess/PAA0203/xing244/AF_ClaSeq/results_updated/T1214/run2/divide_and_conquer/clades/clade_010/shuffle_01/group_004_unrelaxed_rank_001_alphafold2_ptm_model_1_seed_000.pdb,60.01181683899557,61.50538461538461,13,4.0311913,4.564338
/fs/ess/PAA0203/xing244/AF_ClaSeq/results_updated/T1214/run2/divide_and_conquer/clades/clade_010/shuffle_02/group_003_unrelaxed_rank_001_alphafold2_ptm_model_1_seed_000.pdb,60.10939438700147,61.86,13,3.0010087,4.511855
/fs/ess/PAA0203/xing244/AF_ClaSeq/results_updated/T1214/run2/divide_and_conquer/clades/clade_010/shuffle_02/group_002_unrelaxed_rank_001_alphafold2_ptm_model_1_seed_000.pdb,56.6331905465288,50.364871794871796,13,11.0759325,8.006712
/fs/ess/PAA0203/xing244/AF_ClaSeq/results_updated/T1214/run2/divide_and_conquer/clades/clade_010/shuffle_02/group_006_unrelaxed_rank_001_alphafold2_ptm_model_1_seed_000.pdb,58.72527326440178,61.77641025641026,13,3.857936,4.134392
/fs/ess/PAA0203/xing244/AF_ClaSeq/results_updated/T1214/run2/divide_and_conquer/clades/clade_010/shuffle_02/group_005_unrelaxed_rank_001_alphafold2_ptm_model_1_seed_000.pdb,59.27217134416545,53.02974358974359,13,5.1657577,5.1719666
/fs/ess/PAA0203/xing244/AF_ClaSeq/results_updated/T1214/run2/divide_and_conquer/clades/clade_010/shuffle_02/group_007_unrelaxed_rank_001_alphafold2_ptm_model_1_seed_000.pdb,62.756765140324966,65.84820512820511,17,3.8223107,4.9143014
/fs/ess/PAA0203/xing244/AF_ClaSeq/results_updated/T1214/run2/divide_and_conquer/clades/clade_010/shuffle_02/group_001_unrelaxed_rank_001_alphafold2_ptm_model_1_seed_000.pdb,42.16750369276218,26.01384615384616,13,19.17289,21.794527
/fs/ess/PAA0203/xing244/AF_ClaSeq/results_updated/T1214/run2/divide_and_conquer/clades/clade_010/shuffle_02/group_004_unrelaxed_rank_001_alphafold2_ptm_model_1_seed_000.pdb,69.17293943870015,64.63589743589743,13,3.6096025,5.2054844
/fs/ess/PAA0203/xing244/AF_ClaSeq/results_updated/T1214/run2/divide_and_conquer/clades/clade_010/shuffle_03/group_003_unrelaxed_rank_001_alphafold2_ptm_model_1_seed_000.pdb,54.3933234859675,48.437435897435904,13,3.3142483,5.251616
/fs/ess/PAA0203/xing244/AF_ClaSeq/results_updated/T1214/run2/divide_and_conquer/clades/clade_010/shuffle_03/group_002_unrelaxed_rank_001_alphafold2_ptm_model_1_seed_000.pdb,63.26028064992615,60.9925641025641,13,3.1550272,4.9305067
/fs/ess/PAA0203/xing244/AF_ClaSeq/results_updated/T1214/run2/divide_and_conquer/clades/clade_010/shuffle_03/group_006_unrelaxed_rank_001_alphafold2_ptm_model_1_seed_000.pdb,56.25521418020679,52.083076923076916,13,4.1851873,4.575292
/fs/ess/PAA0203/xing244/AF_ClaSeq/results_updated/T1214/run2/divide_and_conquer/clades/clade_010/shuffle_03/group_005_unrelaxed_rank_001_alphafold2_ptm_model_1_seed_000.pdb,58.89218611521417,55.9251282051282,13,4.29272,5.835247
/fs/ess/PAA0203/xing244/AF_ClaSeq/results_updated/T1214/run2/divide_and_conquer/clades/clade_010/shuffle_03/group_007_unrelaxed_rank_001_alphafold2_ptm_model_1_seed_000.pdb,57.00033973412112,59.55589743589743,17,4.8571396,5.729059
/fs/ess/PAA0203/xing244/AF_ClaSeq/results_updated/T1214/run2/divide_and_conquer/clades/clade_010/shuffle_03/group_001_unrelaxed_rank_001_alphafold2_ptm_model_1_seed_000.pdb,59.546779911373704,61.738717948717934,13,3.82706,3.9488902
/fs/ess/PAA0203/xing244/AF_ClaSeq/results_updated/T1214/run2/divide_and_conquer/clades/clade_010/shuffle_03/group_004_unrelaxed_rank_001_alphafold2_ptm_model_1_seed_000.pdb,51.36277695716396,31.100256410256407,13,15.513629,15.991214
/fs/ess/PAA0203/xing244/AF_ClaSeq/results_updated/T1214/run2/divide_and_conquer/clades/clade_010/shuffle_04/group_003_unrelaxed_rank_001_alphafold2_ptm_model_1_seed_000.pdb,59.710118168389954,46.41205128205129,13,5.212445,6.619855
/fs/ess/PAA0203/xing244/AF_ClaSeq/results_updated/T1214/run2/divide_and_conquer/clades/clade_010/shuffle_04/group_002_unrelaxed_rank_001_alphafold2_ptm_model_1_seed_000.pdb,57.22952732644018,58.68333333333332,13,4.4361987,5.4344277
/fs/ess/PAA0203/xing244/AF_ClaSeq/results_updated/T1214/run2/divide_and_conquer/clades/clade_010/shuffle_04/group_006_unrelaxed_rank_001_alphafold2_ptm_model_1_seed_000.pdb,58.97833087149188,44.17743589743589,13,4.756865,6.707377
/fs/ess/PAA0203/xing244/AF_ClaSeq/results_updated/T1214/run2/divide_and_conquer/clades/clade_010/shuffle_04/group_005_unrelaxed_rank_001_alphafold2_ptm_model_1_seed_000.pdb,56.74648449039882,45.43410256410257,13,4.4081025,6.847328
/fs/ess/PAA0203/xing244/AF_ClaSeq/results_updated/T1214/run2/divide_and_conquer/clades/clade_010/shuffle_04/group_007_unrelaxed_rank_001_alphafold2_ptm_model_1_seed_000.pdb,62.45064992614475,63.61358974358974,17,4.6033235,4.1421227
/fs/ess/PAA0203/xing244/AF_ClaSeq/results_updated/T1214/run2/divide_and_conquer/clades/clade_010/shuffle_04/group_001_unrelaxed_rank_001_alphafold2_ptm_model_1_seed_000.pdb,63.85091580502217,55.98564102564103,13,6.0950475,5.570079
/fs/ess/PAA0203/xing244/AF_ClaSeq/results_updated/T1214/run2/divide_and_conquer/clades/clade_010/shuffle_04/group_004_unrelaxed_rank_001_alphafold2_ptm_model_1_seed_000.pdb,50.348862629246675,43.831538461538464,13,5.395272,7.8829412
/fs/ess/PAA0203/xing244/AF_ClaSeq/results_updated/T1214/run2/divide_and_conquer/clades/clade_010/shuffle_05/group_003_unrelaxed_rank_001_alphafold2_ptm_model_1_seed_000.pdb,53.752274741506646,52.93358974358975,13,6.447199,4.68408
/fs/ess/PAA0203/xing244/AF_ClaSeq/results_updated/T1214/run2/divide_and_conquer/clades/clade_010/shuffle_05/group_002_unrelaxed_rank_001_alphafold2_ptm_model_1_seed_000.pdb,56.38599704579025,60.063589743589745,13,3.8337417,5.3267274
/fs/ess/PAA0203/xing244/AF_ClaSeq/results_updated/T1214/run2/divide_and_conquer/clades/clade_010/shuffle_05/group_006_unrelaxed_rank_001_alphafold2_ptm_model_1_seed_000.pdb,55.2669128508124,40.541538461538465,13,5.1817455,7.2413945
/fs/ess/PAA0203/xing244/AF_ClaSeq/results_updated/T1214/run2/divide_and_conquer/clades/clade_010/shuffle_05/group_005_unrelaxed_rank_001_alphafold2_ptm_model_1_seed_000.pdb,60.756779911373705,62.94615384615385,13,3.1778545,4.716
/fs/ess/PAA0203/xing244/AF_ClaSeq/results_updated/T1214/run2/divide_and_conquer/clades/clade_010/shuffle_05/group_007_unrelaxed_rank_001_alphafold2_ptm_model_1_seed_000.pdb,62.25051698670605,62.82717948717948,17,3.0031903,5.017804
/fs/ess/PAA0203/xing244/AF_ClaSeq/results_updated/T1214/run2/divide_and_conquer/clades/clade_010/shuffle_05/group_001_unrelaxed_rank_001_alphafold2_ptm_model_1_seed_000.pdb,56.55937961595273,47.48487179487179,13,4.741166,6.531217
/fs/ess/PAA0203/xing244/AF_ClaSeq/results_updated/T1214/run2/divide_and_conquer/clades/clade_010/shuffle_05/group_004_unrelaxed_rank_001_alphafold2_ptm_model_1_seed_000.pdb,60.03373707533235,61.532051282051285,13,4.063392,4.825438
/fs/ess/PAA0203/xing244/AF_ClaSeq/results_updated/T1214/run2/divide_and_conquer/clades/clade_010/shuffle_06/group_003_unrelaxed_rank_001_alphafold2_ptm_model_1_seed_000.pdb,61.26413589364844,63.908974358974355,13,3.6098204,4.5531836
/fs/ess/PAA0203/xing244/AF_ClaSeq/results_updated/T1214/run2/divide_and_conquer/clades/clade_010/shuffle_06/group_002_unrelaxed_rank_001_alphafold2_ptm_model_1_seed_000.pdb,57.12711964549483,57.806923076923084,13,3.6975815,4.0783744
/fs/ess/PAA0203/xing244/AF_ClaSeq/results_updated/T1214/run2/divide_and_conquer/clades/clade_010/shuffle_06/group_006_unrelaxed_rank_001_alphafold2_ptm_model_1_seed_000.pdb,44.094711964549475,37.48333333333334,13,10.991287,7.812538
/fs/ess/PAA0203/xing244/AF_ClaSeq/results_updated/T1214/run2/divide_and_conquer/clades/clade_010/shuffle_06/group_005_unrelaxed_rank_001_alphafold2_ptm_model_1_seed_000.pdb,53.76605612998522,50.02051282051282,13,4.3943853,6.243758
/fs/ess/PAA0203/xing244/AF_ClaSeq/results_updated/T1214/run2/divide_and_conquer/clades/clade_010/shuffle_06/group_007_unrelaxed_rank_001_alphafold2_ptm_model_1_seed_000.pdb,58.21859675036927,53.20051282051283,17,4.049491,5.4528155
/fs/ess/PAA0203/xing244/AF_ClaSeq/results_updated/T1214/run2/divide_and_conquer/clades/clade_010/shuffle_06/group_001_unrelaxed_rank_001_alphafold2_ptm_model_1_seed_000.pdb,58.75255539143279,53.29923076923077,13,4.913465,5.4155054
/fs/ess/PAA0203/xing244/AF_ClaSeq/results_updated/T1214/run2/divide_and_conquer/clades/clade_010/shuffle_06/group_004_unrelaxed_rank_001_alphafold2_ptm_model_1_seed_000.pdb,58.23333825701625,59.75358974358974,13,4.1306977,4.4033217
/fs/ess/PAA0203/xing244/AF_ClaSeq/results_updated/T1214/run2/divide_and_conquer/clades/clade_010/shuffle_07/group_003_unrelaxed_rank_001_alphafold2_ptm_model_1_seed_000.pdb,56.240915805022155,60.26538461538461,13,5.330664,5.3798456
/fs/ess/PAA0203/xing244/AF_ClaSeq/results_updated/T1214/run2/divide_and_conquer/clades/clade_010/shuffle_07/group_002_unrelaxed_rank_001_alphafold2_ptm_model_1_seed_000.pdb,50.207326440177255,40.86820512820514,13,9.201678,6.2463784
/fs/ess/PAA0203/xing244/AF_ClaSeq/results_updated/T1214/run2/divide_and_conquer/clades/clade_010/shuffle_07/group_006_unrelaxed_rank_001_alphafold2_ptm_model_1_seed_000.pdb,60.273530280649915,60.57,13,3.172788,6.494751
/fs/ess/PAA0203/xing244/AF_ClaSeq/results_updated/T1214/run2/divide_and_conquer/clades/clade_010/shuffle_07/group_005_unrelaxed_rank_001_alphafold2_ptm_model_1_seed_000.pdb,59.01908419497784,58.73102564102563,13,1.8882605,5.8635044
/fs/ess/PAA0203/xing244/AF_ClaSeq/results_updated/T1214/run2/divide_and_conquer/clades/clade_010/shuffle_07/group_007_unrelaxed_rank_001_alphafold2_ptm_model_1_seed_000.pdb,48.28193500738553,34.28128205128205,17,15.014352,16.128511
/fs/ess/PAA0203/xing244/AF_ClaSeq/results_updated/T1214/run2/divide_and_conquer/clades/clade_010/shuffle_07/group_001_unrelaxed_rank_001_alphafold2_ptm_model_1_seed_000.pdb,57.25118168389956,48.5902564102564,13,5.413573,5.0569735
/fs/ess/PAA0203/xing244/AF_ClaSeq/results_updated/T1214/run2/divide_and_conquer/clades/clade_010/shuffle_07/group_004_unrelaxed_rank_001_alphafold2_ptm_model_1_seed_000.pdb,57.89107828655835,54.38897435897435,13,5.2493725,3.5987716
/fs/ess/PAA0203/xing244/AF_ClaSeq/results_updated/T1214/run2/divide_and_conquer/clades/clade_010/shuffle_08/group_003_unrelaxed_rank_001_alphafold2_ptm_model_1_seed_000.pdb,59.531418020679475,42.84256410256411,13,5.980768,5.8492646
/fs/ess/PAA0203/xing244/AF_ClaSeq/results_updated/T1214/run2/divide_and_conquer/clades/clade_010/shuffle_08/group_002_unrelaxed_rank_001_alphafold2_ptm_model_1_seed_000.pdb,56.74533234859675,62.93717948717949,13,6.8393197,5.531468
/fs/ess/PAA0203/xing244/AF_ClaSeq/results_updated/T1214/run2/divide_and_conquer/clades/clade_010/shuffle_08/group_006_unrelaxed_rank_001_alphafold2_ptm_model_1_seed_000.pdb,62.471757754800585,58.8651282051282,13,2.480454,4.5263767
/fs/ess/PAA0203/xing244/AF_ClaSeq/results_updated/T1214/run2/divide_and_conquer/clades/clade_010/shuffle_08/group_005_unrelaxed_rank_001_alphafold2_ptm_model_1_seed_000.pdb,62.209734121122594,57.324358974358965,13,3.6318676,4.843476
/fs/ess/PAA0203/xing244/AF_ClaSeq/results_updated/T1214/run2/divide_and_conquer/clades/clade_010/shuffle_08/group_007_unrelaxed_rank_001_alphafold2_ptm_model_1_seed_000.pdb,56.475509601181685,50.625897435897436,17,5.6032524,5.5518064
/fs/ess/PAA0203/xing244/AF_ClaSeq/results_updated/T1214/run2/divide_and_conquer/clades/clade_010/shuffle_08/group_001_unrelaxed_rank_001_alphafold2_ptm_model_1_seed_000.pdb,52.09248153618907,33.67333333333333,13,6.479012,5.2536798
/fs/ess/PAA0203/xing244/AF_ClaSeq/results_updated/T1214/run2/divide_and_conquer/clades/clade_010/shuffle_08/group_004_unrelaxed_rank_001_alphafold2_ptm_model_1_seed_000.pdb,57.18304283604136,61.42641025641026,13,2.8158638,5.110966
/fs/ess/PAA0203/xing244/AF_ClaSeq/results_updated/T1214/run2/divide_and_conquer/clades/clade_010/shuffle_09/group_003_unrelaxed_rank_001_alphafold2_ptm_model_1_seed_000.pdb,57.52902511078287,49.9574358974359,13,3.9618046,4.9682145
/fs/ess/PAA0203/xing244/AF_ClaSeq/results_updated/T1214/run2/divide_and_conquer/clades/clade_010/shuffle_09/group_002_unrelaxed_rank_001_alphafold2_ptm_model_1_seed_000.pdb,57.47001477104875,57.7525641025641,13,4.569675,6.177034
/fs/ess/PAA0203/xing244/AF_ClaSeq/results_updated/T1214/run2/divide_and_conquer/clades/clade_010/shuffle_09/group_006_unrelaxed_rank_001_alphafold2_ptm_model_1_seed_000.pdb,58.95293943870015,60.38282051282052,13,4.120169,5.0506616
/fs/ess/PAA0203/xing244/AF_ClaSeq/results_updated/T1214/run2/divide_and_conquer/clades/clade_010/shuffle_09/group_005_unrelaxed_rank_001_alphafold2_ptm_model_1_seed_000.pdb,58.83385524372231,57.791282051282046,13,5.808068,5.9966645
/fs/ess/PAA0203/xing244/AF_ClaSeq/results_updated/T1214/run2/divide_and_conquer/clades/clade_010/shuffle_09/group_007_unrelaxed_rank_001_alphafold2_ptm_model_1_seed_000.pdb,66.57607090103397,62.33153846153847,17,2.9100034,5.2379336
/fs/ess/PAA0203/xing244/AF_ClaSeq/results_updated/T1214/run2/divide_and_conquer/clades/clade_010/shuffle_09/group_001_unrelaxed_rank_001_alphafold2_ptm_model_1_seed_000.pdb,57.84503692762187,47.559487179487185,13,7.893297,8.3207245
/fs/ess/PAA0203/xing244/AF_ClaSeq/results_updated/T1214/run2/divide_and_conquer/clades/clade_010/shuffle_09/group_004_unrelaxed_rank_001_alphafold2_ptm_model_1_seed_000.pdb,58.10779911373708,59.19076923076924,13,3.8868227,4.0945396
/fs/ess/PAA0203/xing244/AF_ClaSeq/results_updated/T1214/run2/divide_and_conquer/clades/clade_010/shuffle_10/group_003_unrelaxed_rank_001_alphafold2_ptm_model_1_seed_000.pdb,53.020782865583456,34.725641025641025,13,10.253064,8.163196
/fs/ess/PAA0203/xing244/AF_ClaSeq/results_updated/T1214/run2/divide_and_conquer/clades/clade_010/shuffle_10/group_002_unrelaxed_rank_001_alphafold2_ptm_model_1_seed_000.pdb,52.330428360413585,44.304871794871794,13,6.183245,8.3383465
/fs/ess/PAA0203/xing244/AF_ClaSeq/results_updated/T1214/run2/divide_and_conquer/clades/clade_010/shuffle_10/group_006_unrelaxed_rank_001_alphafold2_ptm_model_1_seed_000.pdb,58.70695716395864,62.13179487179487,13,4.496884,3.9366825
/fs/ess/PAA0203/xing244/AF_ClaSeq/results_updated/T1214/run2/divide_and_conquer/clades/clade_010/shuffle_10/group_005_unrelaxed_rank_001_alphafold2_ptm_model_1_seed_000.pdb,54.44757754800591,43.50692307692308,13,6.097882,4.602895
/fs/ess/PAA0203/xing244/AF_ClaSeq/results_updated/T1214/run2/divide_and_conquer/clades/clade_010/shuffle_10/group_007_unrelaxed_rank_001_alphafold2_ptm_model_1_seed_000.pdb,73.65847858197932,63.33384615384617,17,4.5370293,6.030427
/fs/ess/PAA0203/xing244/AF_ClaSeq/results_updated/T1214/run2/divide_and_conquer/clades/clade_010/shuffle_10/group_001_unrelaxed_rank_001_alphafold2_ptm_model_1_seed_000.pdb,64.08992614475629,59.917692307692306,13,3.1766837,4.9441476
/fs/ess/PAA0203/xing244/AF_ClaSeq/results_updated/T1214/run2/divide_and_conquer/clades/clade_010/shuffle_10/group_004_unrelaxed_rank_001_alphafold2_ptm_model_1_seed_000.pdb,58.508434268833085,58.29179487179488,13,3.7034118,4.8297772
/fs/ess/PAA0203/xing244/AF_ClaSeq/results_updated/T1214/run2/divide_and_conquer/clades/clade_011/shuffle_01/group_003_unrelaxed_rank_001_alphafold2_ptm_model_1_seed_000.pdb,53.84382570162482,40.81179487179487,13,5.178726,6.2915497
/fs/ess/PAA0203/xing244/AF_ClaSeq/results_updated/T1214/run2/divide_and_conquer/clades/clade_011/shuffle_01/group_002_unrelaxed_rank_001_alphafold2_ptm_model_1_seed_000.pdb,55.973604135893645,61.46487179487178,13,2.124205,5.1144156
/fs/ess/PAA0203/xing244/AF_ClaSeq/results_updated/T1214/run2/divide_and_conquer/clades/clade_011/shuffle_01/group_006_unrelaxed_rank_001_alphafold2_ptm_model_1_seed_000.pdb,55.694771048744464,59.719230769230776,13,2.8647015,5.409281
/fs/ess/PAA0203/xing244/AF_ClaSeq/results_updated/T1214/run2/divide_and_conquer/clades/clade_011/shuffle_01/group_005_unrelaxed_rank_001_alphafold2_ptm_model_1_seed_000.pdb,59.646322008862626,55.12641025641025,13,4.3839126,4.7982974
/fs/ess/PAA0203/xing244/AF_ClaSeq/results_updated/T1214/run2/divide_and_conquer/clades/clade_011/shuffle_01/group_007_unrelaxed_rank_001_alphafold2_ptm_model_1_seed_000.pdb,59.32725258493353,60.16846153846153,17,1.8179871,5.5441914
/fs/ess/PAA0203/xing244/AF_ClaSeq/results_updated/T1214/run2/divide_and_conquer/clades/clade_011/shuffle_01/group_001_unrelaxed_rank_001_alphafold2_ptm_model_1_seed_000.pdb,54.71886262924667,58.65307692307692,13,3.9379222,3.4594166
/fs/ess/PAA0203/xing244/AF_ClaSeq/results_updated/T1214/run2/divide_and_conquer/clades/clade_011/shuffle_01/group_004_unrelaxed_rank_001_alphafold2_ptm_model_1_seed_000.pdb,57.83679468242246,60.49666666666666,13,1.9138268,5.303975
/fs/ess/PAA0203/xing244/AF_ClaSeq/results_updated/T1214/run2/divide_and_conquer/clades/clade_011/shuffle_02/group_003_unrelaxed_rank_001_alphafold2_ptm_model_1_seed_000.pdb,59.83921713441656,61.50307692307693,13,2.6066961,4.844929
/fs/ess/PAA0203/xing244/AF_ClaSeq/results_updated/T1214/run2/divide_and_conquer/clades/clade_011/shuffle_02/group_002_unrelaxed_rank_001_alphafold2_ptm_model_1_seed_000.pdb,54.696425406203836,39.72769230769231,13,7.9296412,5.6480994
/fs/ess/PAA0203/xing244/AF_ClaSeq/results_updated/T1214/run2/divide_and_conquer/clades/clade_011/shuffle_02/group_006_unrelaxed_rank_001_alphafold2_ptm_model_1_seed_000.pdb,52.0497341211226,58.78487179487178,13,3.922148,4.65171
/fs/ess/PAA0203/xing244/AF_ClaSeq/results_updated/T1214/run2/divide_and_conquer/clades/clade_011/shuffle_02/group_005_unrelaxed_rank_001_alphafold2_ptm_model_1_seed_000.pdb,54.52249630723781,55.40102564102565,13,3.0928113,4.666507
/fs/ess/PAA0203/xing244/AF_ClaSeq/results_updated/T1214/run2/divide_and_conquer/clades/clade_011/shuffle_02/group_007_unrelaxed_rank_001_alphafold2_ptm_model_1_seed_000.pdb,57.336971935007384,59.30846153846153,17,3.1775234,4.9562736
/fs/ess/PAA0203/xing244/AF_ClaSeq/results_updated/T1214/run2/divide_and_conquer/clades/clade_011/shuffle_02/group_001_unrelaxed_rank_001_alphafold2_ptm_model_1_seed_000.pdb,59.01084194977843,58.294615384615376,13,3.0693321,5.5668597
/fs/ess/PAA0203/xing244/AF_ClaSeq/results_updated/T1214/run2/divide_and_conquer/clades/clade_011/shuffle_02/group_004_unrelaxed_rank_001_alphafold2_ptm_model_1_seed_000.pdb,60.306971935007375,59.27974358974359,13,4.691781,4.410608
/fs/ess/PAA0203/xing244/AF_ClaSeq/results_updated/T1214/run2/divide_and_conquer/clades/clade_011/shuffle_03/group_003_unrelaxed_rank_001_alphafold2_ptm_model_1_seed_000.pdb,57.904135893648444,63.367948717948714,13,3.5468953,3.832443
/fs/ess/PAA0203/xing244/AF_ClaSeq/results_updated/T1214/run2/divide_and_conquer/clades/clade_011/shuffle_03/group_002_unrelaxed_rank_001_alphafold2_ptm_model_1_seed_000.pdb,59.093677991137376,57.84128205128205,13,4.2308764,4.2226615
/fs/ess/PAA0203/xing244/AF_ClaSeq/results_updated/T1214/run2/divide_and_conquer/clades/clade_011/shuffle_03/group_006_unrelaxed_rank_001_alphafold2_ptm_model_1_seed_000.pdb,50.176735598227474,36.30846153846153,13,7.0407615,6.4453006
/fs/ess/PAA0203/xing244/AF_ClaSeq/results_updated/T1214/run2/divide_and_conquer/clades/clade_011/shuffle_03/group_005_unrelaxed_rank_001_alphafold2_ptm_model_1_seed_000.pdb,60.11697193500739,58.17333333333334,13,3.5742805,4.41102
/fs/ess/PAA0203/xing244/AF_ClaSeq/results_updated/T1214/run2/divide_and_conquer/clades/clade_011/shuffle_03/group_007_unrelaxed_rank_001_alphafold2_ptm_model_1_seed_000.pdb,60.13630723781388,55.13564102564102,17,4.5337205,6.194449
/fs/ess/PAA0203/xing244/AF_ClaSeq/results_updated/T1214/run2/divide_and_conquer/clades/clade_011/shuffle_03/group_001_unrelaxed_rank_001_alphafold2_ptm_model_1_seed_000.pdb,59.543205317577545,56.459743589743596,13,3.2427607,4.60862
/fs/ess/PAA0203/xing244/AF_ClaSeq/results_updated/T1214/run2/divide_and_conquer/clades/clade_011/shuffle_03/group_004_unrelaxed_rank_001_alphafold2_ptm_model_1_seed_000.pdb,59.70974889217134,57.102051282051285,13,3.0884027,4.7279973
/fs/ess/PAA0203/xing244/AF_ClaSeq/results_updated/T1214/run2/divide_and_conquer/clades/clade_011/shuffle_04/group_003_unrelaxed_rank_001_alphafold2_ptm_model_1_seed_000.pdb,53.74618906942393,50.70076923076923,13,3.3207376,6.1857944
/fs/ess/PAA0203/xing244/AF_ClaSeq/results_updated/T1214/run2/divide_and_conquer/clades/clade_011/shuffle_04/group_002_unrelaxed_rank_001_alphafold2_ptm_model_1_seed_000.pdb,55.044401772525845,58.806666666666665,13,3.0678194,6.684805
/fs/ess/PAA0203/xing244/AF_ClaSeq/results_updated/T1214/run2/divide_and_conquer/clades/clade_011/shuffle_04/group_006_unrelaxed_rank_001_alphafold2_ptm_model_1_seed_000.pdb,58.47680945347119,54.60153846153846,13,4.818783,6.990905
/fs/ess/PAA0203/xing244/AF_ClaSeq/results_updated/T1214/run2/divide_and_conquer/clades/clade_011/shuffle_04/group_005_unrelaxed_rank_001_alphafold2_ptm_model_1_seed_000.pdb,58.52748892171344,61.360256410256405,13,1.7304246,5.506808
/fs/ess/PAA0203/xing244/AF_ClaSeq/results_updated/T1214/run2/divide_and_conquer/clades/clade_011/shuffle_04/group_007_unrelaxed_rank_001_alphafold2_ptm_model_1_seed_000.pdb,60.556440177252576,65.4602564102564,17,2.0670173,5.0672526
/fs/ess/PAA0203/xing244/AF_ClaSeq/results_updated/T1214/run2/divide_and_conquer/clades/clade_011/shuffle_04/group_001_unrelaxed_rank_001_alphafold2_ptm_model_1_seed_000.pdb,54.30434268833087,48.645384615384614,13,4.828441,4.7205706
/fs/ess/PAA0203/xing244/AF_ClaSeq/results_updated/T1214/run2/divide_and_conquer/clades/clade_011/shuffle_04/group_004_unrelaxed_rank_001_alphafold2_ptm_model_1_seed_000.pdb,59.96537666174298,61.29615384615385,13,1.7262654,5.155897
/fs/ess/PAA0203/xing244/AF_ClaSeq/results_updated/T1214/run2/divide_and_conquer/clades/clade_011/shuffle_05/group_003_unrelaxed_rank_001_alphafold2_ptm_model_1_seed_000.pdb,61.805361890694236,63.852051282051285,13,2.195304,5.4073343
/fs/ess/PAA0203/xing244/AF_ClaSeq/results_updated/T1214/run2/divide_and_conquer/clades/clade_011/shuffle_05/group_002_unrelaxed_rank_001_alphafold2_ptm_model_1_seed_000.pdb,53.042259970457906,59.20589743589744,13,3.3084059,4.8854723
/fs/ess/PAA0203/xing244/AF_ClaSeq/results_updated/T1214/run2/divide_and_conquer/clades/clade_011/shuffle_05/group_006_unrelaxed_rank_001_alphafold2_ptm_model_1_seed_000.pdb,56.85745937961595,44.5474358974359,13,6.4832935,7.023214
/fs/ess/PAA0203/xing244/AF_ClaSeq/results_updated/T1214/run2/divide_and_conquer/clades/clade_011/shuffle_05/group_005_unrelaxed_rank_001_alphafold2_ptm_model_1_seed_000.pdb,57.7618906942393,53.09820512820512,13,2.5675976,5.968195
/fs/ess/PAA0203/xing244/AF_ClaSeq/results_updated/T1214/run2/divide_and_conquer/clades/clade_011/shuffle_05/group_007_unrelaxed_rank_001_alphafold2_ptm_model_1_seed_000.pdb,57.980576070901044,64.76564102564103,17,3.3557293,3.6447115
/fs/ess/PAA0203/xing244/AF_ClaSeq/results_updated/T1214/run2/divide_and_conquer/clades/clade_011/shuffle_05/group_001_unrelaxed_rank_001_alphafold2_ptm_model_1_seed_000.pdb,51.20604135893648,35.97358974358975,13,21.772272,24.05993
/fs/ess/PAA0203/xing244/AF_ClaSeq/results_updated/T1214/run2/divide_and_conquer/clades/clade_011/shuffle_05/group_004_unrelaxed_rank_001_alphafold2_ptm_model_1_seed_000.pdb,56.72481536189069,54.95435897435898,13,4.2189417,4.5146365
/fs/ess/PAA0203/xing244/AF_ClaSeq/results_updated/T1214/run2/divide_and_conquer/clades/clade_011/shuffle_06/group_003_unrelaxed_rank_001_alphafold2_ptm_model_1_seed_000.pdb,54.00774002954209,58.95,13,3.062381,4.409105
/fs/ess/PAA0203/xing244/AF_ClaSeq/results_updated/T1214/run2/divide_and_conquer/clades/clade_011/shuffle_06/group_002_unrelaxed_rank_001_alphafold2_ptm_model_1_seed_000.pdb,58.56673559822749,63.312051282051286,13,2.0043,5.0717454
/fs/ess/PAA0203/xing244/AF_ClaSeq/results_updated/T1214/run2/divide_and_conquer/clades/clade_011/shuffle_06/group_006_unrelaxed_rank_001_alphafold2_ptm_model_1_seed_000.pdb,59.342555391432796,54.24948717948719,13,4.777499,3.7512488
/fs/ess/PAA0203/xing244/AF_ClaSeq/results_updated/T1214/run2/divide_and_conquer/clades/clade_011/shuffle_06/group_005_unrelaxed_rank_001_alphafold2_ptm_model_1_seed_000.pdb,59.662983751846376,62.68461538461538,13,2.4840784,5.162092
/fs/ess/PAA0203/xing244/AF_ClaSeq/results_updated/T1214/run2/divide_and_conquer/clades/clade_011/shuffle_06/group_007_unrelaxed_rank_001_alphafold2_ptm_model_1_seed_000.pdb,60.61243722304283,65.41641025641026,17,2.6360092,4.3188996
/fs/ess/PAA0203/xing244/AF_ClaSeq/results_updated/T1214/run2/divide_and_conquer/clades/clade_011/shuffle_06/group_001_unrelaxed_rank_001_alphafold2_ptm_model_1_seed_000.pdb,55.34692762186115,41.822051282051284,13,4.562272,4.9103737
/fs/ess/PAA0203/xing244/AF_ClaSeq/results_updated/T1214/run2/divide_and_conquer/clades/clade_011/shuffle_06/group_004_unrelaxed_rank_001_alphafold2_ptm_model_1_seed_000.pdb,56.643471196454946,59.29358974358974,13,1.9967444,5.2531834
/fs/ess/PAA0203/xing244/AF_ClaSeq/results_updated/T1214/run2/divide_and_conquer/clades/clade_011/shuffle_07/group_003_unrelaxed_rank_001_alphafold2_ptm_model_1_seed_000.pdb,56.1975036927622,59.76871794871795,13,3.812331,5.0235653
/fs/ess/PAA0203/xing244/AF_ClaSeq/results_updated/T1214/run2/divide_and_conquer/clades/clade_011/shuffle_07/group_002_unrelaxed_rank_001_alphafold2_ptm_model_1_seed_000.pdb,57.52576070901034,58.56435897435898,13,3.0629284,5.5478883
/fs/ess/PAA0203/xing244/AF_ClaSeq/results_updated/T1214/run2/divide_and_conquer/clades/clade_011/shuffle_07/group_006_unrelaxed_rank_001_alphafold2_ptm_model_1_seed_000.pdb,62.99246676514033,59.05358974358973,13,1.5228006,5.709079
/fs/ess/PAA0203/xing244/AF_ClaSeq/results_updated/T1214/run2/divide_and_conquer/clades/clade_011/shuffle_07/group_005_unrelaxed_rank_001_alphafold2_ptm_model_1_seed_000.pdb,61.468581979320525,58.41794871794871,13,2.18564,5.1058245
/fs/ess/PAA0203/xing244/AF_ClaSeq/results_updated/T1214/run2/divide_and_conquer/clades/clade_011/shuffle_07/group_007_unrelaxed_rank_001_alphafold2_ptm_model_1_seed_000.pdb,64.53519940915805,59.68897435897437,17,1.7817941,5.7511287
/fs/ess/PAA0203/xing244/AF_ClaSeq/results_updated/T1214/run2/divide_and_conquer/clades/clade_011/shuffle_07/group_001_unrelaxed_rank_001_alphafold2_ptm_model_1_seed_000.pdb,58.641447562776946,61.516153846153834,13,2.464481,4.5784564
/fs/ess/PAA0203/xing244/AF_ClaSeq/results_updated/T1214/run2/divide_and_conquer/clades/clade_011/shuffle_07/group_004_unrelaxed_rank_001_alphafold2_ptm_model_1_seed_000.pdb,60.503737075332346,62.6576923076923,13,2.9995043,4.288461
/fs/ess/PAA0203/xing244/AF_ClaSeq/results_updated/T1214/run2/divide_and_conquer/clades/clade_011/shuffle_08/group_003_unrelaxed_rank_001_alphafold2_ptm_model_1_seed_000.pdb,56.34367799113737,51.365384615384606,13,3.885084,5.029479
/fs/ess/PAA0203/xing244/AF_ClaSeq/results_updated/T1214/run2/divide_and_conquer/clades/clade_011/shuffle_08/group_002_unrelaxed_rank_001_alphafold2_ptm_model_1_seed_000.pdb,52.63788774002954,33.01897435897436,13,20.836641,23.308731
/fs/ess/PAA0203/xing244/AF_ClaSeq/results_updated/T1214/run2/divide_and_conquer/clades/clade_011/shuffle_08/group_006_unrelaxed_rank_001_alphafold2_ptm_model_1_seed_000.pdb,59.5135893648449,53.90589743589744,13,3.9739332,5.820379
/fs/ess/PAA0203/xing244/AF_ClaSeq/results_updated/T1214/run2/divide_and_conquer/clades/clade_011/shuffle_08/group_005_unrelaxed_rank_001_alphafold2_ptm_model_1_seed_000.pdb,55.29709010339734,58.06717948717949,13,1.8007162,5.5823936
/fs/ess/PAA0203/xing244/AF_ClaSeq/results_updated/T1214/run2/divide_and_conquer/clades/clade_011/shuffle_08/group_007_unrelaxed_rank_001_alphafold2_ptm_model_1_seed_000.pdb,57.69385524372231,59.237435897435894,17,2.2645621,5.1417274
/fs/ess/PAA0203/xing244/AF_ClaSeq/results_updated/T1214/run2/divide_and_conquer/clades/clade_011/shuffle_08/group_001_unrelaxed_rank_001_alphafold2_ptm_model_1_seed_000.pdb,62.88109305760709,64.09025641025642,13,3.6792417,5.1071844
/fs/ess/PAA0203/xing244/AF_ClaSeq/results_updated/T1214/run2/divide_and_conquer/clades/clade_011/shuffle_08/group_004_unrelaxed_rank_001_alphafold2_ptm_model_1_seed_000.pdb,59.92132939438701,56.06461538461537,13,3.131746,4.70853
/fs/ess/PAA0203/xing244/AF_ClaSeq/results_updated/T1214/run2/divide_and_conquer/clades/clade_011/shuffle_09/group_003_unrelaxed_rank_001_alphafold2_ptm_model_1_seed_000.pdb,58.33581979320532,56.21179487179488,13,1.7674953,5.451844
/fs/ess/PAA0203/xing244/AF_ClaSeq/results_updated/T1214/run2/divide_and_conquer/clades/clade_011/shuffle_09/group_002_unrelaxed_rank_001_alphafold2_ptm_model_1_seed_000.pdb,56.01802067946825,50.679487179487175,13,3.4146721,5.48311
/fs/ess/PAA0203/xing244/AF_ClaSeq/results_updated/T1214/run2/divide_and_conquer/clades/clade_011/shuffle_09/group_006_unrelaxed_rank_001_alphafold2_ptm_model_1_seed_000.pdb,52.35933530280651,53.51307692307693,13,4.8015013,7.0920568
/fs/ess/PAA0203/xing244/AF_ClaSeq/results_updated/T1214/run2/divide_and_conquer/clades/clade_011/shuffle_09/group_005_unrelaxed_rank_001_alphafold2_ptm_model_1_seed_000.pdb,56.5970457902511,58.872564102564105,13,4.7524204,5.657599
/fs/ess/PAA0203/xing244/AF_ClaSeq/results_updated/T1214/run2/divide_and_conquer/clades/clade_011/shuffle_09/group_007_unrelaxed_rank_001_alphafold2_ptm_model_1_seed_000.pdb,58.121521418020684,60.969230769230776,17,3.628533,5.5512495
/fs/ess/PAA0203/xing244/AF_ClaSeq/results_updated/T1214/run2/divide_and_conquer/clades/clade_011/shuffle_09/group_001_unrelaxed_rank_001_alphafold2_ptm_model_1_seed_000.pdb,59.85054652880355,54.983076923076915,13,4.6215563,3.6384697
/fs/ess/PAA0203/xing244/AF_ClaSeq/results_updated/T1214/run2/divide_and_conquer/clades/clade_011/shuffle_09/group_004_unrelaxed_rank_001_alphafold2_ptm_model_1_seed_000.pdb,57.55354505169867,43.735128205128206,13,8.086547,8.9710455
/fs/ess/PAA0203/xing244/AF_ClaSeq/results_updated/T1214/run2/divide_and_conquer/clades/clade_011/shuffle_10/group_003_unrelaxed_rank_001_alphafold2_ptm_model_1_seed_000.pdb,48.95392909896602,43.902051282051275,13,4.9435587,5.166719
/fs/ess/PAA0203/xing244/AF_ClaSeq/results_updated/T1214/run2/divide_and_conquer/clades/clade_011/shuffle_10/group_002_unrelaxed_rank_001_alphafold2_ptm_model_1_seed_000.pdb,55.20178729689808,53.843589743589746,13,1.885736,5.0982947
/fs/ess/PAA0203/xing244/AF_ClaSeq/results_updated/T1214/run2/divide_and_conquer/clades/clade_011/shuffle_10/group_006_unrelaxed_rank_001_alphafold2_ptm_model_1_seed_000.pdb,59.44841949778434,60.75641025641027,13,2.2015984,4.866321
/fs/ess/PAA0203/xing244/AF_ClaSeq/results_updated/T1214/run2/divide_and_conquer/clades/clade_011/shuffle_10/group_005_unrelaxed_rank_001_alphafold2_ptm_model_1_seed_000.pdb,57.222378138847866,61.37769230769231,13,1.9794207,5.357131
/fs/ess/PAA0203/xing244/AF_ClaSeq/results_updated/T1214/run2/divide_and_conquer/clades/clade_011/shuffle_10/group_007_unrelaxed_rank_001_alphafold2_ptm_model_1_seed_000.pdb,62.03952732644018,64.02461538461537,17,2.6522398,4.3280206
/fs/ess/PAA0203/xing244/AF_ClaSeq/results_updated/T1214/run2/divide_and_conquer/clades/clade_011/shuffle_10/group_001_unrelaxed_rank_001_alphafold2_ptm_model_1_seed_000.pdb,57.07756277695716,58.48846153846154,13,4.7188206,2.7812283
/fs/ess/PAA0203/xing244/AF_ClaSeq/results_updated/T1214/run2/divide_and_conquer/clades/clade_011/shuffle_10/group_004_unrelaxed_rank_001_alphafold2_ptm_model_1_seed_000.pdb,48.486041358936475,29.742820512820515,13,21.700607,24.335064
/fs/ess/PAA0203/xing244/AF_ClaSeq/results_updated/T1214/run2/divide_and_conquer/clades/clade_012/shuffle_01/group_003_unrelaxed_rank_001_alphafold2_ptm_model_1_seed_000.pdb,61.372496307237824,63.30846153846153,13,4.4975786,4.1649303
/fs/ess/PAA0203/xing244/AF_ClaSeq/results_updated/T1214/run2/divide_and_conquer/clades/clade_012/shuffle_01/group_002_unrelaxed_rank_001_alphafold2_ptm_model_1_seed_000.pdb,72.45019202363368,69.51820512820512,13,3.3712068,4.2930202
/fs/ess/PAA0203/xing244/AF_ClaSeq/results_updated/T1214/run2/divide_and_conquer/clades/clade_012/shuffle_01/group_006_unrelaxed_rank_001_alphafold2_ptm_model_1_seed_000.pdb,72.47413589364845,66.77,24,2.5087705,4.369502
/fs/ess/PAA0203/xing244/AF_ClaSeq/results_updated/T1214/run2/divide_and_conquer/clades/clade_012/shuffle_01/group_005_unrelaxed_rank_001_alphafold2_ptm_model_1_seed_000.pdb,71.64329394387,70.68256410256409,13,2.7742226,4.4777737
/fs/ess/PAA0203/xing244/AF_ClaSeq/results_updated/T1214/run2/divide_and_conquer/clades/clade_012/shuffle_01/group_001_unrelaxed_rank_001_alphafold2_ptm_model_1_seed_000.pdb,59.09599704579025,61.13384615384615,13,5.452326,6.030515
/fs/ess/PAA0203/xing244/AF_ClaSeq/results_updated/T1214/run2/divide_and_conquer/clades/clade_012/shuffle_01/group_004_unrelaxed_rank_001_alphafold2_ptm_model_1_seed_000.pdb,57.683323485967506,60.04564102564103,13,2.5786572,4.6339216
/fs/ess/PAA0203/xing244/AF_ClaSeq/results_updated/T1214/run2/divide_and_conquer/clades/clade_012/shuffle_02/group_003_unrelaxed_rank_001_alphafold2_ptm_model_1_seed_000.pdb,61.59769571639586,61.36333333333332,13,2.7559175,5.5887275
/fs/ess/PAA0203/xing244/AF_ClaSeq/results_updated/T1214/run2/divide_and_conquer/clades/clade_012/shuffle_02/group_002_unrelaxed_rank_001_alphafold2_ptm_model_1_seed_000.pdb,73.41447562776958,69.8446153846154,13,2.4756286,5.2025876
/fs/ess/PAA0203/xing244/AF_ClaSeq/results_updated/T1214/run2/divide_and_conquer/clades/clade_012/shuffle_02/group_006_unrelaxed_rank_001_alphafold2_ptm_model_1_seed_000.pdb,83.07902511078287,77.64743589743588,24,2.2682343,5.2536445
/fs/ess/PAA0203/xing244/AF_ClaSeq/results_updated/T1214/run2/divide_and_conquer/clades/clade_012/shuffle_02/group_005_unrelaxed_rank_001_alphafold2_ptm_model_1_seed_000.pdb,65.61816838995568,66.79153846153847,13,2.8390465,4.846858
/fs/ess/PAA0203/xing244/AF_ClaSeq/results_updated/T1214/run2/divide_and_conquer/clades/clade_012/shuffle_02/group_001_unrelaxed_rank_001_alphafold2_ptm_model_1_seed_000.pdb,54.779143279172814,55.792307692307695,13,3.4130406,5.470308
/fs/ess/PAA0203/xing244/AF_ClaSeq/results_updated/T1214/run2/divide_and_conquer/clades/clade_012/shuffle_02/group_004_unrelaxed_rank_001_alphafold2_ptm_model_1_seed_000.pdb,62.0830576070901,62.408717948717936,13,5.2818007,3.1022384
/fs/ess/PAA0203/xing244/AF_ClaSeq/results_updated/T1214/run2/divide_and_conquer/clades/clade_012/shuffle_03/group_003_unrelaxed_rank_001_alphafold2_ptm_model_1_seed_000.pdb,65.16121122599705,60.14846153846154,13,2.6316264,4.9679303
/fs/ess/PAA0203/xing244/AF_ClaSeq/results_updated/T1214/run2/divide_and_conquer/clades/clade_012/shuffle_03/group_002_unrelaxed_rank_001_alphafold2_ptm_model_1_seed_000.pdb,74.25500738552437,64.39410256410257,13,4.6682677,5.472127
/fs/ess/PAA0203/xing244/AF_ClaSeq/results_updated/T1214/run2/divide_and_conquer/clades/clade_012/shuffle_03/group_006_unrelaxed_rank_001_alphafold2_ptm_model_1_seed_000.pdb,74.71512555391433,70.59846153846154,24,2.3304932,5.3597608
/fs/ess/PAA0203/xing244/AF_ClaSeq/results_updated/T1214/run2/divide_and_conquer/clades/clade_012/shuffle_03/group_005_unrelaxed_rank_001_alphafold2_ptm_model_1_seed_000.pdb,55.98005908419498,62.644358974358965,13,1.7562495,6.12347
/fs/ess/PAA0203/xing244/AF_ClaSeq/results_updated/T1214/run2/divide_and_conquer/clades/clade_012/shuffle_03/group_001_unrelaxed_rank_001_alphafold2_ptm_model_1_seed_000.pdb,60.99144756277695,65.71000000000001,13,1.811746,5.989877
/fs/ess/PAA0203/xing244/AF_ClaSeq/results_updated/T1214/run2/divide_and_conquer/clades/clade_012/shuffle_03/group_004_unrelaxed_rank_001_alphafold2_ptm_model_1_seed_000.pdb,70.23892171344166,67.68435897435896,13,3.748435,5.8277473
/fs/ess/PAA0203/xing244/AF_ClaSeq/results_updated/T1214/run2/divide_and_conquer/clades/clade_012/shuffle_04/group_003_unrelaxed_rank_001_alphafold2_ptm_model_1_seed_000.pdb,62.17348596750369,57.06102564102563,13,3.6021414,5.937357
/fs/ess/PAA0203/xing244/AF_ClaSeq/results_updated/T1214/run2/divide_and_conquer/clades/clade_012/shuffle_04/group_002_unrelaxed_rank_001_alphafold2_ptm_model_1_seed_000.pdb,63.26450516986706,64.64615384615387,13,1.548263,5.668946
/fs/ess/PAA0203/xing244/AF_ClaSeq/results_updated/T1214/run2/divide_and_conquer/clades/clade_012/shuffle_04/group_006_unrelaxed_rank_001_alphafold2_ptm_model_1_seed_000.pdb,75.94103397341212,68.70666666666666,24,4.252688,4.861322
/fs/ess/PAA0203/xing244/AF_ClaSeq/results_updated/T1214/run2/divide_and_conquer/clades/clade_012/shuffle_04/group_005_unrelaxed_rank_001_alphafold2_ptm_model_1_seed_000.pdb,58.509143279172825,61.88102564102566,13,3.9630933,3.3740473
/fs/ess/PAA0203/xing244/AF_ClaSeq/results_updated/T1214/run2/divide_and_conquer/clades/clade_012/shuffle_04/group_001_unrelaxed_rank_001_alphafold2_ptm_model_1_seed_000.pdb,72.30011816838994,69.29384615384616,13,2.150385,6.123583
/fs/ess/PAA0203/xing244/AF_ClaSeq/results_updated/T1214/run2/divide_and_conquer/clades/clade_012/shuffle_04/group_004_unrelaxed_rank_001_alphafold2_ptm_model_1_seed_000.pdb,65.9525258493353,61.85666666666665,13,1.4318962,6.440079
/fs/ess/PAA0203/xing244/AF_ClaSeq/results_updated/T1214/run2/divide_and_conquer/clades/clade_012/shuffle_05/group_003_unrelaxed_rank_001_alphafold2_ptm_model_1_seed_000.pdb,58.822215657311666,62.645641025641034,13,2.1124587,5.250563
/fs/ess/PAA0203/xing244/AF_ClaSeq/results_updated/T1214/run2/divide_and_conquer/clades/clade_012/shuffle_05/group_002_unrelaxed_rank_001_alphafold2_ptm_model_1_seed_000.pdb,57.98561299852289,60.52461538461539,13,2.236687,5.731471
/fs/ess/PAA0203/xing244/AF_ClaSeq/results_updated/T1214/run2/divide_and_conquer/clades/clade_012/shuffle_05/group_006_unrelaxed_rank_001_alphafold2_ptm_model_1_seed_000.pdb,74.69639586410634,71.64692307692307,24,3.0187626,4.7391977
/fs/ess/PAA0203/xing244/AF_ClaSeq/results_updated/T1214/run2/divide_and_conquer/clades/clade_012/shuffle_05/group_005_unrelaxed_rank_001_alphafold2_ptm_model_1_seed_000.pdb,66.65927621861152,65.3202564102564,13,2.3564897,5.208301
/fs/ess/PAA0203/xing244/AF_ClaSeq/results_updated/T1214/run2/divide_and_conquer/clades/clade_012/shuffle_05/group_001_unrelaxed_rank_001_alphafold2_ptm_model_1_seed_000.pdb,68.49571639586411,59.01307692307693,13,3.449488,3.9333832
/fs/ess/PAA0203/xing244/AF_ClaSeq/results_updated/T1214/run2/divide_and_conquer/clades/clade_012/shuffle_05/group_004_unrelaxed_rank_001_alphafold2_ptm_model_1_seed_000.pdb,70.96555391432791,68.8402564102564,13,2.204214,6.381394
/fs/ess/PAA0203/xing244/AF_ClaSeq/results_updated/T1214/run2/divide_and_conquer/clades/clade_012/shuffle_06/group_003_unrelaxed_rank_001_alphafold2_ptm_model_1_seed_000.pdb,59.93288035450518,64.52897435897437,13,3.9711087,4.407987
/fs/ess/PAA0203/xing244/AF_ClaSeq/results_updated/T1214/run2/divide_and_conquer/clades/clade_012/shuffle_06/group_002_unrelaxed_rank_001_alphafold2_ptm_model_1_seed_000.pdb,57.91168389955687,58.391282051282055,13,2.431665,5.8124647
/fs/ess/PAA0203/xing244/AF_ClaSeq/results_updated/T1214/run2/divide_and_conquer/clades/clade_012/shuffle_06/group_006_unrelaxed_rank_001_alphafold2_ptm_model_1_seed_000.pdb,78.64252584933531,73.13102564102564,24,2.7574697,4.972126
/fs/ess/PAA0203/xing244/AF_ClaSeq/results_updated/T1214/run2/divide_and_conquer/clades/clade_012/shuffle_06/group_005_unrelaxed_rank_001_alphafold2_ptm_model_1_seed_000.pdb,71.50694239290989,59.29307692307693,13,3.7207165,5.087637
/fs/ess/PAA0203/xing244/AF_ClaSeq/results_updated/T1214/run2/divide_and_conquer/clades/clade_012/shuffle_06/group_001_unrelaxed_rank_001_alphafold2_ptm_model_1_seed_000.pdb,71.80838995568685,65.74641025641027,13,5.47356,5.8216233
/fs/ess/PAA0203/xing244/AF_ClaSeq/results_updated/T1214/run2/divide_and_conquer/clades/clade_012/shuffle_06/group_004_unrelaxed_rank_001_alphafold2_ptm_model_1_seed_000.pdb,36.92737075332348,52.69205128205129,13,5.0914288,8.676904
/fs/ess/PAA0203/xing244/AF_ClaSeq/results_updated/T1214/run2/divide_and_conquer/clades/clade_012/shuffle_07/group_003_unrelaxed_rank_001_alphafold2_ptm_model_1_seed_000.pdb,68.58301329394386,63.39,13,5.3784842,7.011552
/fs/ess/PAA0203/xing244/AF_ClaSeq/results_updated/T1214/run2/divide_and_conquer/clades/clade_012/shuffle_07/group_002_unrelaxed_rank_001_alphafold2_ptm_model_1_seed_000.pdb,68.93217134416544,67.48,13,2.9682467,4.2699947
/fs/ess/PAA0203/xing244/AF_ClaSeq/results_updated/T1214/run2/divide_and_conquer/clades/clade_012/shuffle_07/group_006_unrelaxed_rank_001_alphafold2_ptm_model_1_seed_000.pdb,71.92295420974888,68.81230769230768,24,2.420865,4.7082496
/fs/ess/PAA0203/xing244/AF_ClaSeq/results_updated/T1214/run2/divide_and_conquer/clades/clade_012/shuffle_07/group_005_unrelaxed_rank_001_alphafold2_ptm_model_1_seed_000.pdb,56.72192023633678,61.41589743589743,13,5.011767,3.517056
/fs/ess/PAA0203/xing244/AF_ClaSeq/results_updated/T1214/run2/divide_and_conquer/clades/clade_012/shuffle_07/group_001_unrelaxed_rank_001_alphafold2_ptm_model_1_seed_000.pdb,64.37370753323486,68.43128205128204,13,3.8363333,3.392697
/fs/ess/PAA0203/xing244/AF_ClaSeq/results_updated/T1214/run2/divide_and_conquer/clades/clade_012/shuffle_07/group_004_unrelaxed_rank_001_alphafold2_ptm_model_1_seed_000.pdb,68.32533234859675,65.11461538461539,13,2.0321934,5.06274
/fs/ess/PAA0203/xing244/AF_ClaSeq/results_updated/T1214/run2/divide_and_conquer/clades/clade_012/shuffle_08/group_003_unrelaxed_rank_001_alphafold2_ptm_model_1_seed_000.pdb,72.96775480059084,69.2220512820513,13,4.150366,2.9404056
/fs/ess/PAA0203/xing244/AF_ClaSeq/results_updated/T1214/run2/divide_and_conquer/clades/clade_012/shuffle_08/group_002_unrelaxed_rank_001_alphafold2_ptm_model_1_seed_000.pdb,58.348537666174295,45.437948717948714,13,8.478414,7.442738
/fs/ess/PAA0203/xing244/AF_ClaSeq/results_updated/T1214/run2/divide_and_conquer/clades/clade_012/shuffle_08/group_006_unrelaxed_rank_001_alphafold2_ptm_model_1_seed_000.pdb,77.29923190546529,74.62410256410257,24,1.3686559,5.5497327
/fs/ess/PAA0203/xing244/AF_ClaSeq/results_updated/T1214/run2/divide_and_conquer/clades/clade_012/shuffle_08/group_005_unrelaxed_rank_001_alphafold2_ptm_model_1_seed_000.pdb,67.5111964549483,63.13358974358973,13,3.077443,4.6032524
/fs/ess/PAA0203/xing244/AF_ClaSeq/results_updated/T1214/run2/divide_and_conquer/clades/clade_012/shuffle_08/group_001_unrelaxed_rank_001_alphafold2_ptm_model_1_seed_000.pdb,72.2961447562777,69.05128205128204,13,2.769399,4.464883
/fs/ess/PAA0203/xing244/AF_ClaSeq/results_updated/T1214/run2/divide_and_conquer/clades/clade_012/shuffle_08/group_004_unrelaxed_rank_001_alphafold2_ptm_model_1_seed_000.pdb,68.85293943870015,63.89897435897434,13,3.7563617,4.744949
/fs/ess/PAA0203/xing244/AF_ClaSeq/results_updated/T1214/run2/divide_and_conquer/clades/clade_012/shuffle_09/group_003_unrelaxed_rank_001_alphafold2_ptm_model_1_seed_000.pdb,71.50877400295421,67.69410256410255,13,2.2649322,5.1966553
/fs/ess/PAA0203/xing244/AF_ClaSeq/results_updated/T1214/run2/divide_and_conquer/clades/clade_012/shuffle_09/group_002_unrelaxed_rank_001_alphafold2_ptm_model_1_seed_000.pdb,73.75067946824224,72.78923076923077,13,1.5322412,5.6993065
/fs/ess/PAA0203/xing244/AF_ClaSeq/results_updated/T1214/run2/divide_and_conquer/clades/clade_012/shuffle_09/group_006_unrelaxed_rank_001_alphafold2_ptm_model_1_seed_000.pdb,75.45017725258494,71.24512820512821,24,2.1009042,5.0250287
/fs/ess/PAA0203/xing244/AF_ClaSeq/results_updated/T1214/run2/divide_and_conquer/clades/clade_012/shuffle_09/group_005_unrelaxed_rank_001_alphafold2_ptm_model_1_seed_000.pdb,68.74480059084195,66.86,13,2.1472676,5.3735733
/fs/ess/PAA0203/xing244/AF_ClaSeq/results_updated/T1214/run2/divide_and_conquer/clades/clade_012/shuffle_09/group_001_unrelaxed_rank_001_alphafold2_ptm_model_1_seed_000.pdb,56.08706056129986,61.29948717948717,13,4.5100427,4.040835
/fs/ess/PAA0203/xing244/AF_ClaSeq/results_updated/T1214/run2/divide_and_conquer/clades/clade_012/shuffle_09/group_004_unrelaxed_rank_001_alphafold2_ptm_model_1_seed_000.pdb,54.07847858197932,64.24128205128204,13,4.926084,5.2793484
/fs/ess/PAA0203/xing244/AF_ClaSeq/results_updated/T1214/run2/divide_and_conquer/clades/clade_012/shuffle_10/group_003_unrelaxed_rank_001_alphafold2_ptm_model_1_seed_000.pdb,75.09592319054653,71.89102564102564,13,2.6015046,4.4336123
/fs/ess/PAA0203/xing244/AF_ClaSeq/results_updated/T1214/run2/divide_and_conquer/clades/clade_012/shuffle_10/group_002_unrelaxed_rank_001_alphafold2_ptm_model_1_seed_000.pdb,73.14110782865583,70.04461538461538,13,2.5731523,4.7350874
/fs/ess/PAA0203/xing244/AF_ClaSeq/results_updated/T1214/run2/divide_and_conquer/clades/clade_012/shuffle_10/group_006_unrelaxed_rank_001_alphafold2_ptm_model_1_seed_000.pdb,76.8762481536189,71.20769230769231,24,2.4418206,5.0109873
/fs/ess/PAA0203/xing244/AF_ClaSeq/results_updated/T1214/run2/divide_and_conquer/clades/clade_012/shuffle_10/group_005_unrelaxed_rank_001_alphafold2_ptm_model_1_seed_000.pdb,51.44788774002954,57.54589743589742,13,2.5982723,4.5354567
/fs/ess/PAA0203/xing244/AF_ClaSeq/results_updated/T1214/run2/divide_and_conquer/clades/clade_012/shuffle_10/group_001_unrelaxed_rank_001_alphafold2_ptm_model_1_seed_000.pdb,67.19612998522895,62.9274358974359,13,1.8089799,5.443482
/fs/ess/PAA0203/xing244/AF_ClaSeq/results_updated/T1214/run2/divide_and_conquer/clades/clade_012/shuffle_10/group_004_unrelaxed_rank_001_alphafold2_ptm_model_1_seed_000.pdb,72.08958641063516,63.085897435897444,13,5.284631,4.192703
/fs/ess/PAA0203/xing244/AF_ClaSeq/results_updated/T1214/run2/divide_and_conquer/clades/clade_013/shuffle_01/group_003_unrelaxed_rank_001_alphafold2_ptm_model_1_seed_000.pdb,70.04788774002954,64.8346153846154,13,3.6326413,4.27756
/fs/ess/PAA0203/xing244/AF_ClaSeq/results_updated/T1214/run2/divide_and_conquer/clades/clade_013/shuffle_01/group_002_unrelaxed_rank_001_alphafold2_ptm_model_1_seed_000.pdb,66.75152141802067,61.02820512820514,13,5.8299656,2.4971306
/fs/ess/PAA0203/xing244/AF_ClaSeq/results_updated/T1214/run2/divide_and_conquer/clades/clade_013/shuffle_01/group_006_unrelaxed_rank_001_alphafold2_ptm_model_1_seed_000.pdb,69.82821270310191,66.91717948717948,21,3.6208606,4.6174083
/fs/ess/PAA0203/xing244/AF_ClaSeq/results_updated/T1214/run2/divide_and_conquer/clades/clade_013/shuffle_01/group_005_unrelaxed_rank_001_alphafold2_ptm_model_1_seed_000.pdb,71.54413589364846,67.05564102564104,13,4.8390436,3.246256
/fs/ess/PAA0203/xing244/AF_ClaSeq/results_updated/T1214/run2/divide_and_conquer/clades/clade_013/shuffle_01/group_001_unrelaxed_rank_001_alphafold2_ptm_model_1_seed_000.pdb,68.66745937961596,60.59282051282051,13,4.0929904,3.8068933
/fs/ess/PAA0203/xing244/AF_ClaSeq/results_updated/T1214/run2/divide_and_conquer/clades/clade_013/shuffle_01/group_004_unrelaxed_rank_001_alphafold2_ptm_model_1_seed_000.pdb,71.35589364844904,69.21051282051282,13,3.8747916,3.993053
/fs/ess/PAA0203/xing244/AF_ClaSeq/results_updated/T1214/run2/divide_and_conquer/clades/clade_013/shuffle_02/group_003_unrelaxed_rank_001_alphafold2_ptm_model_1_seed_000.pdb,70.89579025110783,68.07769230769232,13,3.775612,4.241779
/fs/ess/PAA0203/xing244/AF_ClaSeq/results_updated/T1214/run2/divide_and_conquer/clades/clade_013/shuffle_02/group_002_unrelaxed_rank_001_alphafold2_ptm_model_1_seed_000.pdb,70.15716395864105,69.37,13,4.2499323,3.9946742
/fs/ess/PAA0203/xing244/AF_ClaSeq/results_updated/T1214/run2/divide_and_conquer/clades/clade_013/shuffle_02/group_006_unrelaxed_rank_001_alphafold2_ptm_model_1_seed_000.pdb,70.19623338257016,69.06820512820512,21,3.753282,4.3546953
/fs/ess/PAA0203/xing244/AF_ClaSeq/results_updated/T1214/run2/divide_and_conquer/clades/clade_013/shuffle_02/group_005_unrelaxed_rank_001_alphafold2_ptm_model_1_seed_000.pdb,64.54466765140326,67.46923076923078,13,3.8953037,4.027459
/fs/ess/PAA0203/xing244/AF_ClaSeq/results_updated/T1214/run2/divide_and_conquer/clades/clade_013/shuffle_02/group_001_unrelaxed_rank_001_alphafold2_ptm_model_1_seed_000.pdb,64.38270310192023,64.16333333333333,13,4.423583,3.5140584
/fs/ess/PAA0203/xing244/AF_ClaSeq/results_updated/T1214/run2/divide_and_conquer/clades/clade_013/shuffle_02/group_004_unrelaxed_rank_001_alphafold2_ptm_model_1_seed_000.pdb,67.48519940915806,62.797948717948714,13,4.7994223,3.122676
/fs/ess/PAA0203/xing244/AF_ClaSeq/results_updated/T1214/run2/divide_and_conquer/clades/clade_013/shuffle_03/group_003_unrelaxed_rank_001_alphafold2_ptm_model_1_seed_000.pdb,72.28781388478583,68.16871794871794,13,3.7894068,4.422268
/fs/ess/PAA0203/xing244/AF_ClaSeq/results_updated/T1214/run2/divide_and_conquer/clades/clade_013/shuffle_03/group_002_unrelaxed_rank_001_alphafold2_ptm_model_1_seed_000.pdb,66.82063515509601,65.28461538461539,13,4.5170827,3.4545226
/fs/ess/PAA0203/xing244/AF_ClaSeq/results_updated/T1214/run2/divide_and_conquer/clades/clade_013/shuffle_03/group_006_unrelaxed_rank_001_alphafold2_ptm_model_1_seed_000.pdb,74.39756277695717,71.64487179487179,21,4.0996647,3.923488
/fs/ess/PAA0203/xing244/AF_ClaSeq/results_updated/T1214/run2/divide_and_conquer/clades/clade_013/shuffle_03/group_005_unrelaxed_rank_001_alphafold2_ptm_model_1_seed_000.pdb,70.56726735598227,68.66307692307693,13,4.5529637,3.7831402
/fs/ess/PAA0203/xing244/AF_ClaSeq/results_updated/T1214/run2/divide_and_conquer/clades/clade_013/shuffle_03/group_001_unrelaxed_rank_001_alphafold2_ptm_model_1_seed_000.pdb,74.00367799113737,68.36102564102563,13,4.8249745,3.098064
/fs/ess/PAA0203/xing244/AF_ClaSeq/results_updated/T1214/run2/divide_and_conquer/clades/clade_013/shuffle_03/group_004_unrelaxed_rank_001_alphafold2_ptm_model_1_seed_000.pdb,65.9714327917282,65.84820512820514,13,5.314715,3.5877388
/fs/ess/PAA0203/xing244/AF_ClaSeq/results_updated/T1214/run2/divide_and_conquer/clades/clade_013/shuffle_04/group_003_unrelaxed_rank_001_alphafold2_ptm_model_1_seed_000.pdb,71.93104874446085,67.50102564102563,13,5.3845005,2.612151
/fs/ess/PAA0203/xing244/AF_ClaSeq/results_updated/T1214/run2/divide_and_conquer/clades/clade_013/shuffle_04/group_002_unrelaxed_rank_001_alphafold2_ptm_model_1_seed_000.pdb,67.75035450516987,62.39846153846154,13,3.943891,4.077277
/fs/ess/PAA0203/xing244/AF_ClaSeq/results_updated/T1214/run2/divide_and_conquer/clades/clade_013/shuffle_04/group_006_unrelaxed_rank_001_alphafold2_ptm_model_1_seed_000.pdb,67.45864106351551,64.05256410256409,21,3.4579031,4.5190597
/fs/ess/PAA0203/xing244/AF_ClaSeq/results_updated/T1214/run2/divide_and_conquer/clades/clade_013/shuffle_04/group_005_unrelaxed_rank_001_alphafold2_ptm_model_1_seed_000.pdb,70.59806499261447,67.49564102564104,13,5.066624,3.0061324
/fs/ess/PAA0203/xing244/AF_ClaSeq/results_updated/T1214/run2/divide_and_conquer/clades/clade_013/shuffle_04/group_001_unrelaxed_rank_001_alphafold2_ptm_model_1_seed_000.pdb,71.45896602658789,66.9028205128205,13,5.006415,3.1018648
/fs/ess/PAA0203/xing244/AF_ClaSeq/results_updated/T1214/run2/divide_and_conquer/clades/clade_013/shuffle_04/group_004_unrelaxed_rank_001_alphafold2_ptm_model_1_seed_000.pdb,59.042200886262926,61.101282051282055,13,6.458209,3.1414626
/fs/ess/PAA0203/xing244/AF_ClaSeq/results_updated/T1214/run2/divide_and_conquer/clades/clade_013/shuffle_05/group_003_unrelaxed_rank_001_alphafold2_ptm_model_1_seed_000.pdb,66.46459379615952,62.141538461538474,13,4.0286455,4.0550957
/fs/ess/PAA0203/xing244/AF_ClaSeq/results_updated/T1214/run2/divide_and_conquer/clades/clade_013/shuffle_05/group_002_unrelaxed_rank_001_alphafold2_ptm_model_1_seed_000.pdb,70.39697193500739,67.24410256410258,13,3.8561027,4.437116
/fs/ess/PAA0203/xing244/AF_ClaSeq/results_updated/T1214/run2/divide_and_conquer/clades/clade_013/shuffle_05/group_006_unrelaxed_rank_001_alphafold2_ptm_model_1_seed_000.pdb,71.79379615952733,67.75692307692309,21,3.5771084,4.4325223
/fs/ess/PAA0203/xing244/AF_ClaSeq/results_updated/T1214/run2/divide_and_conquer/clades/clade_013/shuffle_05/group_005_unrelaxed_rank_001_alphafold2_ptm_model_1_seed_000.pdb,71.93017725258494,69.08615384615385,13,4.2985396,3.628917
/fs/ess/PAA0203/xing244/AF_ClaSeq/results_updated/T1214/run2/divide_and_conquer/clades/clade_013/shuffle_05/group_001_unrelaxed_rank_001_alphafold2_ptm_model_1_seed_000.pdb,70.60422451994091,67.12717948717949,13,3.4370522,4.5687494
/fs/ess/PAA0203/xing244/AF_ClaSeq/results_updated/T1214/run2/divide_and_conquer/clades/clade_013/shuffle_05/group_004_unrelaxed_rank_001_alphafold2_ptm_model_1_seed_000.pdb,72.29437223042837,61.797435897435896,13,5.6975307,5.2161236
/fs/ess/PAA0203/xing244/AF_ClaSeq/results_updated/T1214/run2/divide_and_conquer/clades/clade_013/shuffle_06/group_003_unrelaxed_rank_001_alphafold2_ptm_model_1_seed_000.pdb,62.62484490398819,50.164358974358976,13,5.6754255,4.9213758
/fs/ess/PAA0203/xing244/AF_ClaSeq/results_updated/T1214/run2/divide_and_conquer/clades/clade_013/shuffle_06/group_002_unrelaxed_rank_001_alphafold2_ptm_model_1_seed_000.pdb,72.36784342688331,67.26692307692308,13,3.420048,5.078783
/fs/ess/PAA0203/xing244/AF_ClaSeq/results_updated/T1214/run2/divide_and_conquer/clades/clade_013/shuffle_06/group_006_unrelaxed_rank_001_alphafold2_ptm_model_1_seed_000.pdb,72.63985228951255,65.79333333333334,21,5.026634,2.816028
/fs/ess/PAA0203/xing244/AF_ClaSeq/results_updated/T1214/run2/divide_and_conquer/clades/clade_013/shuffle_06/group_005_unrelaxed_rank_001_alphafold2_ptm_model_1_seed_000.pdb,71.9555834564254,67.65512820512821,13,4.110089,3.729798
/fs/ess/PAA0203/xing244/AF_ClaSeq/results_updated/T1214/run2/divide_and_conquer/clades/clade_013/shuffle_06/group_001_unrelaxed_rank_001_alphafold2_ptm_model_1_seed_000.pdb,59.35307237813885,43.151538461538465,13,9.605144,4.841017
/fs/ess/PAA0203/xing244/AF_ClaSeq/results_updated/T1214/run2/divide_and_conquer/clades/clade_013/shuffle_06/group_004_unrelaxed_rank_001_alphafold2_ptm_model_1_seed_000.pdb,58.397415066469726,61.31051282051283,13,4.111842,3.8096833
/fs/ess/PAA0203/xing244/AF_ClaSeq/results_updated/T1214/run2/divide_and_conquer/clades/clade_013/shuffle_07/group_003_unrelaxed_rank_001_alphafold2_ptm_model_1_seed_000.pdb,60.07375184638109,66.43153846153847,13,3.8322039,4.3824663
/fs/ess/PAA0203/xing244/AF_ClaSeq/results_updated/T1214/run2/divide_and_conquer/clades/clade_013/shuffle_07/group_002_unrelaxed_rank_001_alphafold2_ptm_model_1_seed_000.pdb,69.33670605612998,64.04974358974358,13,5.283769,2.7263517
/fs/ess/PAA0203/xing244/AF_ClaSeq/results_updated/T1214/run2/divide_and_conquer/clades/clade_013/shuffle_07/group_006_unrelaxed_rank_001_alphafold2_ptm_model_1_seed_000.pdb,72.88290989660267,69.12794871794873,21,4.679878,3.3441336
/fs/ess/PAA0203/xing244/AF_ClaSeq/results_updated/T1214/run2/divide_and_conquer/clades/clade_013/shuffle_07/group_005_unrelaxed_rank_001_alphafold2_ptm_model_1_seed_000.pdb,69.98011816838995,66.70692307692308,13,6.135218,2.7572412
/fs/ess/PAA0203/xing244/AF_ClaSeq/results_updated/T1214/run2/divide_and_conquer/clades/clade_013/shuffle_07/group_001_unrelaxed_rank_001_alphafold2_ptm_model_1_seed_000.pdb,71.4559822747415,58.38051282051281,13,4.29243,4.3819137
/fs/ess/PAA0203/xing244/AF_ClaSeq/results_updated/T1214/run2/divide_and_conquer/clades/clade_013/shuffle_07/group_004_unrelaxed_rank_001_alphafold2_ptm_model_1_seed_000.pdb,71.18422451994091,64.47871794871794,13,3.0642874,4.983809
/fs/ess/PAA0203/xing244/AF_ClaSeq/results_updated/T1214/run2/divide_and_conquer/clades/clade_013/shuffle_08/group_003_unrelaxed_rank_001_alphafold2_ptm_model_1_seed_000.pdb,61.88630723781388,58.70487179487179,13,5.4354353,3.4110441
/fs/ess/PAA0203/xing244/AF_ClaSeq/results_updated/T1214/run2/divide_and_conquer/clades/clade_013/shuffle_08/group_002_unrelaxed_rank_001_alphafold2_ptm_model_1_seed_000.pdb,73.01381093057607,67.24051282051282,13,3.6947,5.0818944
/fs/ess/PAA0203/xing244/AF_ClaSeq/results_updated/T1214/run2/divide_and_conquer/clades/clade_013/shuffle_08/group_006_unrelaxed_rank_001_alphafold2_ptm_model_1_seed_000.pdb,75.61664697193501,69.56564102564103,21,5.0571074,2.8512928
/fs/ess/PAA0203/xing244/AF_ClaSeq/results_updated/T1214/run2/divide_and_conquer/clades/clade_013/shuffle_08/group_005_unrelaxed_rank_001_alphafold2_ptm_model_1_seed_000.pdb,63.32107828655835,61.91820512820512,13,3.9500427,3.9071424
/fs/ess/PAA0203/xing244/AF_ClaSeq/results_updated/T1214/run2/divide_and_conquer/clades/clade_013/shuffle_08/group_001_unrelaxed_rank_001_alphafold2_ptm_model_1_seed_000.pdb,62.73753323485967,60.43717948717948,13,4.2785707,3.9875095
/fs/ess/PAA0203/xing244/AF_ClaSeq/results_updated/T1214/run2/divide_and_conquer/clades/clade_013/shuffle_08/group_004_unrelaxed_rank_001_alphafold2_ptm_model_1_seed_000.pdb,65.1559822747415,68.60102564102564,13,3.8509295,4.046362
/fs/ess/PAA0203/xing244/AF_ClaSeq/results_updated/T1214/run2/divide_and_conquer/clades/clade_013/shuffle_09/group_003_unrelaxed_rank_001_alphafold2_ptm_model_1_seed_000.pdb,64.15206794682422,65.01333333333334,13,4.1916766,4.2446814
/fs/ess/PAA0203/xing244/AF_ClaSeq/results_updated/T1214/run2/divide_and_conquer/clades/clade_013/shuffle_09/group_002_unrelaxed_rank_001_alphafold2_ptm_model_1_seed_000.pdb,75.05202363367799,69.26717948717949,13,4.094945,3.6987662
/fs/ess/PAA0203/xing244/AF_ClaSeq/results_updated/T1214/run2/divide_and_conquer/clades/clade_013/shuffle_09/group_006_unrelaxed_rank_001_alphafold2_ptm_model_1_seed_000.pdb,72.76841949778435,67.38282051282052,21,3.9246793,4.163857
/fs/ess/PAA0203/xing244/AF_ClaSeq/results_updated/T1214/run2/divide_and_conquer/clades/clade_013/shuffle_09/group_005_unrelaxed_rank_001_alphafold2_ptm_model_1_seed_000.pdb,72.51423929098966,69.61615384615382,13,5.6285515,2.318163
/fs/ess/PAA0203/xing244/AF_ClaSeq/results_updated/T1214/run2/divide_and_conquer/clades/clade_013/shuffle_09/group_001_unrelaxed_rank_001_alphafold2_ptm_model_1_seed_000.pdb,63.35961595273264,66.10974358974359,13,4.487895,3.7406929
/fs/ess/PAA0203/xing244/AF_ClaSeq/results_updated/T1214/run2/divide_and_conquer/clades/clade_013/shuffle_09/group_004_unrelaxed_rank_001_alphafold2_ptm_model_1_seed_000.pdb,56.44676514032496,58.14179487179488,13,6.5161443,2.9427822
/fs/ess/PAA0203/xing244/AF_ClaSeq/results_updated/T1214/run2/divide_and_conquer/clades/clade_013/shuffle_10/group_003_unrelaxed_rank_001_alphafold2_ptm_model_1_seed_000.pdb,60.71258493353028,64.52641025641024,13,4.116488,3.774974
/fs/ess/PAA0203/xing244/AF_ClaSeq/results_updated/T1214/run2/divide_and_conquer/clades/clade_013/shuffle_10/group_002_unrelaxed_rank_001_alphafold2_ptm_model_1_seed_000.pdb,65.11872968980798,54.565641025641035,13,7.374485,7.9689307
/fs/ess/PAA0203/xing244/AF_ClaSeq/results_updated/T1214/run2/divide_and_conquer/clades/clade_013/shuffle_10/group_006_unrelaxed_rank_001_alphafold2_ptm_model_1_seed_000.pdb,74.43274741506647,68.04153846153847,21,4.015113,3.6504705
/fs/ess/PAA0203/xing244/AF_ClaSeq/results_updated/T1214/run2/divide_and_conquer/clades/clade_013/shuffle_10/group_005_unrelaxed_rank_001_alphafold2_ptm_model_1_seed_000.pdb,70.8465435745938,66.8320512820513,13,4.9330907,2.8761113
/fs/ess/PAA0203/xing244/AF_ClaSeq/results_updated/T1214/run2/divide_and_conquer/clades/clade_013/shuffle_10/group_001_unrelaxed_rank_001_alphafold2_ptm_model_1_seed_000.pdb,67.21144756277695,64.80871794871794,13,5.0185885,2.7833765
/fs/ess/PAA0203/xing244/AF_ClaSeq/results_updated/T1214/run2/divide_and_conquer/clades/clade_013/shuffle_10/group_004_unrelaxed_rank_001_alphafold2_ptm_model_1_seed_000.pdb,67.47314623338256,69.83102564102563,13,3.553958,4.6828275
/fs/ess/PAA0203/xing244/AF_ClaSeq/results_updated/T1214/run2/divide_and_conquer/clades/clade_014/shuffle_01/group_003_unrelaxed_rank_001_alphafold2_ptm_model_1_seed_000.pdb,71.61218611521417,68.89846153846153,13,3.5386803,3.4878442
/fs/ess/PAA0203/xing244/AF_ClaSeq/results_updated/T1214/run2/divide_and_conquer/clades/clade_014/shuffle_01/group_002_unrelaxed_rank_001_alphafold2_ptm_model_1_seed_000.pdb,58.716203840472666,51.15179487179488,13,3.7885318,5.5565667
/fs/ess/PAA0203/xing244/AF_ClaSeq/results_updated/T1214/run2/divide_and_conquer/clades/clade_014/shuffle_01/group_006_unrelaxed_rank_001_alphafold2_ptm_model_1_seed_000.pdb,78.18542097488921,70.27666666666667,20,2.7066758,4.4741473
/fs/ess/PAA0203/xing244/AF_ClaSeq/results_updated/T1214/run2/divide_and_conquer/clades/clade_014/shuffle_01/group_005_unrelaxed_rank_001_alphafold2_ptm_model_1_seed_000.pdb,62.641329394387,65.96923076923078,13,3.499142,3.794337
/fs/ess/PAA0203/xing244/AF_ClaSeq/results_updated/T1214/run2/divide_and_conquer/clades/clade_014/shuffle_01/group_001_unrelaxed_rank_001_alphafold2_ptm_model_1_seed_000.pdb,69.638670605613,70.72794871794872,13,3.7731066,3.1364496
/fs/ess/PAA0203/xing244/AF_ClaSeq/results_updated/T1214/run2/divide_and_conquer/clades/clade_014/shuffle_01/group_004_unrelaxed_rank_001_alphafold2_ptm_model_1_seed_000.pdb,62.86404726735598,65.73974358974358,13,2.9730632,4.2532306
/fs/ess/PAA0203/xing244/AF_ClaSeq/results_updated/T1214/run2/divide_and_conquer/clades/clade_014/shuffle_02/group_003_unrelaxed_rank_001_alphafold2_ptm_model_1_seed_000.pdb,59.41490398818316,66.03871794871796,13,4.1019053,3.2050297
/fs/ess/PAA0203/xing244/AF_ClaSeq/results_updated/T1214/run2/divide_and_conquer/clades/clade_014/shuffle_02/group_002_unrelaxed_rank_001_alphafold2_ptm_model_1_seed_000.pdb,63.28259970457903,68.39564102564103,13,3.2467294,3.787969
/fs/ess/PAA0203/xing244/AF_ClaSeq/results_updated/T1214/run2/divide_and_conquer/clades/clade_014/shuffle_02/group_006_unrelaxed_rank_001_alphafold2_ptm_model_1_seed_000.pdb,81.05001477104875,74.21794871794872,20,2.3155272,4.964016
/fs/ess/PAA0203/xing244/AF_ClaSeq/results_updated/T1214/run2/divide_and_conquer/clades/clade_014/shuffle_02/group_005_unrelaxed_rank_001_alphafold2_ptm_model_1_seed_000.pdb,61.17435745937961,65.65897435897435,13,4.141893,3.26021
/fs/ess/PAA0203/xing244/AF_ClaSeq/results_updated/T1214/run2/divide_and_conquer/clades/clade_014/shuffle_02/group_001_unrelaxed_rank_001_alphafold2_ptm_model_1_seed_000.pdb,64.86932053175775,68.63307692307694,13,1.8262129,5.8191233
/fs/ess/PAA0203/xing244/AF_ClaSeq/results_updated/T1214/run2/divide_and_conquer/clades/clade_014/shuffle_02/group_004_unrelaxed_rank_001_alphafold2_ptm_model_1_seed_000.pdb,80.9380059084195,77.55358974358974,13,2.5136971,4.6490817
/fs/ess/PAA0203/xing244/AF_ClaSeq/results_updated/T1214/run2/divide_and_conquer/clades/clade_014/shuffle_03/group_003_unrelaxed_rank_001_alphafold2_ptm_model_1_seed_000.pdb,58.792230428360405,64.14307692307692,13,3.7211103,3.4378815
/fs/ess/PAA0203/xing244/AF_ClaSeq/results_updated/T1214/run2/divide_and_conquer/clades/clade_014/shuffle_03/group_002_unrelaxed_rank_001_alphafold2_ptm_model_1_seed_000.pdb,60.665745937961596,67.74000000000001,13,4.460315,3.0002463
/fs/ess/PAA0203/xing244/AF_ClaSeq/results_updated/T1214/run2/divide_and_conquer/clades/clade_014/shuffle_03/group_006_unrelaxed_rank_001_alphafold2_ptm_model_1_seed_000.pdb,81.91310192023633,76.9851282051282,20,2.3981364,4.747623
/fs/ess/PAA0203/xing244/AF_ClaSeq/results_updated/T1214/run2/divide_and_conquer/clades/clade_014/shuffle_03/group_005_unrelaxed_rank_001_alphafold2_ptm_model_1_seed_000.pdb,59.55471196454948,64.29153846153845,13,4.245098,3.122724
/fs/ess/PAA0203/xing244/AF_ClaSeq/results_updated/T1214/run2/divide_and_conquer/clades/clade_014/shuffle_03/group_001_unrelaxed_rank_001_alphafold2_ptm_model_1_seed_000.pdb,70.79806499261447,68.43076923076923,13,2.596012,4.494014
/fs/ess/PAA0203/xing244/AF_ClaSeq/results_updated/T1214/run2/divide_and_conquer/clades/clade_014/shuffle_03/group_004_unrelaxed_rank_001_alphafold2_ptm_model_1_seed_000.pdb,56.821875923190554,61.94333333333332,13,4.399045,3.0512712
/fs/ess/PAA0203/xing244/AF_ClaSeq/results_updated/T1214/run2/divide_and_conquer/clades/clade_014/shuffle_04/group_003_unrelaxed_rank_001_alphafold2_ptm_model_1_seed_000.pdb,77.44237813884787,73.00897435897437,13,2.6053703,4.5831428
/fs/ess/PAA0203/xing244/AF_ClaSeq/results_updated/T1214/run2/divide_and_conquer/clades/clade_014/shuffle_04/group_002_unrelaxed_rank_001_alphafold2_ptm_model_1_seed_000.pdb,65.16790251107828,66.95179487179487,13,2.62599,4.46487
/fs/ess/PAA0203/xing244/AF_ClaSeq/results_updated/T1214/run2/divide_and_conquer/clades/clade_014/shuffle_04/group_006_unrelaxed_rank_001_alphafold2_ptm_model_1_seed_000.pdb,79.7811964549483,76.51743589743589,20,2.4739327,4.53824
/fs/ess/PAA0203/xing244/AF_ClaSeq/results_updated/T1214/run2/divide_and_conquer/clades/clade_014/shuffle_04/group_005_unrelaxed_rank_001_alphafold2_ptm_model_1_seed_000.pdb,58.576883308714926,62.23076923076924,13,2.037703,5.8744836
/fs/ess/PAA0203/xing244/AF_ClaSeq/results_updated/T1214/run2/divide_and_conquer/clades/clade_014/shuffle_04/group_001_unrelaxed_rank_001_alphafold2_ptm_model_1_seed_000.pdb,60.3809305760709,66.80692307692307,13,3.9970644,2.9437432
/fs/ess/PAA0203/xing244/AF_ClaSeq/results_updated/T1214/run2/divide_and_conquer/clades/clade_014/shuffle_04/group_004_unrelaxed_rank_001_alphafold2_ptm_model_1_seed_000.pdb,56.86485967503693,61.426666666666655,13,2.138459,5.5095577
/fs/ess/PAA0203/xing244/AF_ClaSeq/results_updated/T1214/run2/divide_and_conquer/clades/clade_014/shuffle_05/group_003_unrelaxed_rank_001_alphafold2_ptm_model_1_seed_000.pdb,68.75031019202363,67.41948717948718,13,4.9826107,2.6990204
/fs/ess/PAA0203/xing244/AF_ClaSeq/results_updated/T1214/run2/divide_and_conquer/clades/clade_014/shuffle_05/group_002_unrelaxed_rank_001_alphafold2_ptm_model_1_seed_000.pdb,60.469970457902505,61.077948717948715,13,5.497846,1.8978224
/fs/ess/PAA0203/xing244/AF_ClaSeq/results_updated/T1214/run2/divide_and_conquer/clades/clade_014/shuffle_05/group_006_unrelaxed_rank_001_alphafold2_ptm_model_1_seed_000.pdb,80.67580502215658,77.7874358974359,20,2.2577322,5.18884
/fs/ess/PAA0203/xing244/AF_ClaSeq/results_updated/T1214/run2/divide_and_conquer/clades/clade_014/shuffle_05/group_005_unrelaxed_rank_001_alphafold2_ptm_model_1_seed_000.pdb,73.14725258493353,70.01794871794871,13,3.2080126,3.9207778
/fs/ess/PAA0203/xing244/AF_ClaSeq/results_updated/T1214/run2/divide_and_conquer/clades/clade_014/shuffle_05/group_001_unrelaxed_rank_001_alphafold2_ptm_model_1_seed_000.pdb,62.41728212703102,64.52692307692307,13,3.444422,3.6997259
/fs/ess/PAA0203/xing244/AF_ClaSeq/results_updated/T1214/run2/divide_and_conquer/clades/clade_014/shuffle_05/group_004_unrelaxed_rank_001_alphafold2_ptm_model_1_seed_000.pdb,77.34870014771049,72.65538461538462,13,2.96705,4.0160236
/fs/ess/PAA0203/xing244/AF_ClaSeq/results_updated/T1214/run2/divide_and_conquer/clades/clade_014/shuffle_06/group_003_unrelaxed_rank_001_alphafold2_ptm_model_1_seed_000.pdb,75.45497784342689,68.11692307692307,13,3.0274506,4.170195
/fs/ess/PAA0203/xing244/AF_ClaSeq/results_updated/T1214/run2/divide_and_conquer/clades/clade_014/shuffle_06/group_002_unrelaxed_rank_001_alphafold2_ptm_model_1_seed_000.pdb,59.013663220088624,61.29846153846154,13,4.4594955,3.299642
/fs/ess/PAA0203/xing244/AF_ClaSeq/results_updated/T1214/run2/divide_and_conquer/clades/clade_014/shuffle_06/group_006_unrelaxed_rank_001_alphafold2_ptm_model_1_seed_000.pdb,70.86407680945346,72.83461538461538,20,1.85176,5.7159204
/fs/ess/PAA0203/xing244/AF_ClaSeq/results_updated/T1214/run2/divide_and_conquer/clades/clade_014/shuffle_06/group_005_unrelaxed_rank_001_alphafold2_ptm_model_1_seed_000.pdb,56.62917282127031,60.83205128205129,13,2.6683311,4.9726777
/fs/ess/PAA0203/xing244/AF_ClaSeq/results_updated/T1214/run2/divide_and_conquer/clades/clade_014/shuffle_06/group_001_unrelaxed_rank_001_alphafold2_ptm_model_1_seed_000.pdb,59.38683899556869,65.9753846153846,13,3.81679,3.037655
/fs/ess/PAA0203/xing244/AF_ClaSeq/results_updated/T1214/run2/divide_and_conquer/clades/clade_014/shuffle_06/group_004_unrelaxed_rank_001_alphafold2_ptm_model_1_seed_000.pdb,76.792023633678,74.41000000000001,13,3.372919,3.718887
/fs/ess/PAA0203/xing244/AF_ClaSeq/results_updated/T1214/run2/divide_and_conquer/clades/clade_014/shuffle_07/group_003_unrelaxed_rank_001_alphafold2_ptm_model_1_seed_000.pdb,79.16859675036929,72.57102564102566,13,2.933146,3.9201581
/fs/ess/PAA0203/xing244/AF_ClaSeq/results_updated/T1214/run2/divide_and_conquer/clades/clade_014/shuffle_07/group_002_unrelaxed_rank_001_alphafold2_ptm_model_1_seed_000.pdb,73.13714918759233,70.43179487179488,13,2.8441703,4.23332
/fs/ess/PAA0203/xing244/AF_ClaSeq/results_updated/T1214/run2/divide_and_conquer/clades/clade_014/shuffle_07/group_006_unrelaxed_rank_001_alphafold2_ptm_model_1_seed_000.pdb,77.40954209748891,75.82076923076923,20,2.9103448,4.019786
/fs/ess/PAA0203/xing244/AF_ClaSeq/results_updated/T1214/run2/divide_and_conquer/clades/clade_014/shuffle_07/group_005_unrelaxed_rank_001_alphafold2_ptm_model_1_seed_000.pdb,51.433530280649926,61.27923076923076,13,2.5619156,7.7498107
/fs/ess/PAA0203/xing244/AF_ClaSeq/results_updated/T1214/run2/divide_and_conquer/clades/clade_014/shuffle_07/group_001_unrelaxed_rank_001_alphafold2_ptm_model_1_seed_000.pdb,74.77322008862629,71.33615384615385,13,4.223577,2.6127536
/fs/ess/PAA0203/xing244/AF_ClaSeq/results_updated/T1214/run2/divide_and_conquer/clades/clade_014/shuffle_07/group_004_unrelaxed_rank_001_alphafold2_ptm_model_1_seed_000.pdb,54.63607090103397,61.714102564102575,13,4.095035,3.740923
/fs/ess/PAA0203/xing244/AF_ClaSeq/results_updated/T1214/run2/divide_and_conquer/clades/clade_014/shuffle_08/group_003_unrelaxed_rank_001_alphafold2_ptm_model_1_seed_000.pdb,75.32818316100442,69.66615384615385,13,2.597841,4.2251806
/fs/ess/PAA0203/xing244/AF_ClaSeq/results_updated/T1214/run2/divide_and_conquer/clades/clade_014/shuffle_08/group_002_unrelaxed_rank_001_alphafold2_ptm_model_1_seed_000.pdb,64.08118168389956,65.73538461538462,13,4.5659466,2.328178
/fs/ess/PAA0203/xing244/AF_ClaSeq/results_updated/T1214/run2/divide_and_conquer/clades/clade_014/shuffle_08/group_006_unrelaxed_rank_001_alphafold2_ptm_model_1_seed_000.pdb,72.11384047267356,69.25717948717949,20,1.4762108,6.5894084
/fs/ess/PAA0203/xing244/AF_ClaSeq/results_updated/T1214/run2/divide_and_conquer/clades/clade_014/shuffle_08/group_005_unrelaxed_rank_001_alphafold2_ptm_model_1_seed_000.pdb,67.60262924667651,68.68410256410255,13,1.8535708,5.9354243
/fs/ess/PAA0203/xing244/AF_ClaSeq/results_updated/T1214/run2/divide_and_conquer/clades/clade_014/shuffle_08/group_001_unrelaxed_rank_001_alphafold2_ptm_model_1_seed_000.pdb,77.83655834564254,71.83102564102563,13,2.5321352,4.2622185
/fs/ess/PAA0203/xing244/AF_ClaSeq/results_updated/T1214/run2/divide_and_conquer/clades/clade_014/shuffle_08/group_004_unrelaxed_rank_001_alphafold2_ptm_model_1_seed_000.pdb,69.55586410635155,68.08153846153846,13,3.0662208,4.272496
/fs/ess/PAA0203/xing244/AF_ClaSeq/results_updated/T1214/run2/divide_and_conquer/clades/clade_014/shuffle_09/group_003_unrelaxed_rank_001_alphafold2_ptm_model_1_seed_000.pdb,64.18011816838995,66.65179487179485,13,2.3328707,4.716528
/fs/ess/PAA0203/xing244/AF_ClaSeq/results_updated/T1214/run2/divide_and_conquer/clades/clade_014/shuffle_09/group_002_unrelaxed_rank_001_alphafold2_ptm_model_1_seed_000.pdb,57.35592319054654,63.05897435897436,13,4.3198557,2.6199849
/fs/ess/PAA0203/xing244/AF_ClaSeq/results_updated/T1214/run2/divide_and_conquer/clades/clade_014/shuffle_09/group_006_unrelaxed_rank_001_alphafold2_ptm_model_1_seed_000.pdb,79.03630723781389,76.55871794871794,20,1.5375999,6.2457733
/fs/ess/PAA0203/xing244/AF_ClaSeq/results_updated/T1214/run2/divide_and_conquer/clades/clade_014/shuffle_09/group_005_unrelaxed_rank_001_alphafold2_ptm_model_1_seed_000.pdb,67.09076809453471,68.27307692307691,13,2.7520251,4.534511
/fs/ess/PAA0203/xing244/AF_ClaSeq/results_updated/T1214/run2/divide_and_conquer/clades/clade_014/shuffle_09/group_001_unrelaxed_rank_001_alphafold2_ptm_model_1_seed_000.pdb,59.34497784342689,63.11692307692309,13,4.1808395,2.8456483
/fs/ess/PAA0203/xing244/AF_ClaSeq/results_updated/T1214/run2/divide_and_conquer/clades/clade_014/shuffle_09/group_004_unrelaxed_rank_001_alphafold2_ptm_model_1_seed_000.pdb,73.6077695716396,71.74999999999999,13,2.9700563,3.8805711
/fs/ess/PAA0203/xing244/AF_ClaSeq/results_updated/T1214/run2/divide_and_conquer/clades/clade_014/shuffle_10/group_003_unrelaxed_rank_001_alphafold2_ptm_model_1_seed_000.pdb,67.36370753323486,70.03205128205127,13,3.866466,3.2158275
/fs/ess/PAA0203/xing244/AF_ClaSeq/results_updated/T1214/run2/divide_and_conquer/clades/clade_014/shuffle_10/group_002_unrelaxed_rank_001_alphafold2_ptm_model_1_seed_000.pdb,57.978153618906944,61.44051282051283,13,3.3527553,3.6361375
/fs/ess/PAA0203/xing244/AF_ClaSeq/results_updated/T1214/run2/divide_and_conquer/clades/clade_014/shuffle_10/group_006_unrelaxed_rank_001_alphafold2_ptm_model_1_seed_000.pdb,73.91726735598228,74.32153846153847,20,2.776944,4.3301463
/fs/ess/PAA0203/xing244/AF_ClaSeq/results_updated/T1214/run2/divide_and_conquer/clades/clade_014/shuffle_10/group_005_unrelaxed_rank_001_alphafold2_ptm_model_1_seed_000.pdb,67.17584933530281,67.05512820512821,13,2.3108652,5.123771
/fs/ess/PAA0203/xing244/AF_ClaSeq/results_updated/T1214/run2/divide_and_conquer/clades/clade_014/shuffle_10/group_001_unrelaxed_rank_001_alphafold2_ptm_model_1_seed_000.pdb,75.14230428360413,69.55717948717948,13,2.3792288,4.8171105
/fs/ess/PAA0203/xing244/AF_ClaSeq/results_updated/T1214/run2/divide_and_conquer/clades/clade_014/shuffle_10/group_004_unrelaxed_rank_001_alphafold2_ptm_model_1_seed_000.pdb,77.88485967503694,73.57666666666667,13,2.3595095,4.676304
/fs/ess/PAA0203/xing244/AF_ClaSeq/results_updated/T1214/run2/divide_and_conquer/clades/clade_015/shuffle_01/group_003_unrelaxed_rank_001_alphafold2_ptm_model_1_seed_000.pdb,54.25564254062037,57.59307692307693,13,4.703672,5.9103446
/fs/ess/PAA0203/xing244/AF_ClaSeq/results_updated/T1214/run2/divide_and_conquer/clades/clade_015/shuffle_01/group_002_unrelaxed_rank_001_alphafold2_ptm_model_1_seed_000.pdb,47.19983751846381,50.66948717948718,13,4.9504614,4.7030993
/fs/ess/PAA0203/xing244/AF_ClaSeq/results_updated/T1214/run2/divide_and_conquer/clades/clade_015/shuffle_01/group_006_unrelaxed_rank_001_alphafold2_ptm_model_1_seed_000.pdb,61.54035450516988,52.94564102564103,20,5.882664,5.2961946
/fs/ess/PAA0203/xing244/AF_ClaSeq/results_updated/T1214/run2/divide_and_conquer/clades/clade_015/shuffle_01/group_005_unrelaxed_rank_001_alphafold2_ptm_model_1_seed_000.pdb,55.21539143279174,55.32102564102564,13,4.759227,5.965051
/fs/ess/PAA0203/xing244/AF_ClaSeq/results_updated/T1214/run2/divide_and_conquer/clades/clade_015/shuffle_01/group_001_unrelaxed_rank_001_alphafold2_ptm_model_1_seed_000.pdb,48.84270310192023,48.05230769230769,13,6.1084266,4.7761726
/fs/ess/PAA0203/xing244/AF_ClaSeq/results_updated/T1214/run2/divide_and_conquer/clades/clade_015/shuffle_01/group_004_unrelaxed_rank_001_alphafold2_ptm_model_1_seed_000.pdb,48.02645494830133,38.08358974358974,13,5.901294,5.2934356
/fs/ess/PAA0203/xing244/AF_ClaSeq/results_updated/T1214/run2/divide_and_conquer/clades/clade_015/shuffle_02/group_003_unrelaxed_rank_001_alphafold2_ptm_model_1_seed_000.pdb,57.07019202363367,59.45025641025641,13,4.6045346,3.1655736
/fs/ess/PAA0203/xing244/AF_ClaSeq/results_updated/T1214/run2/divide_and_conquer/clades/clade_015/shuffle_02/group_002_unrelaxed_rank_001_alphafold2_ptm_model_1_seed_000.pdb,42.76290989660266,38.18794871794872,13,15.29462,18.954939
/fs/ess/PAA0203/xing244/AF_ClaSeq/results_updated/T1214/run2/divide_and_conquer/clades/clade_015/shuffle_02/group_006_unrelaxed_rank_001_alphafold2_ptm_model_1_seed_000.pdb,49.21906942392909,55.305128205128206,20,3.766832,4.1791563
/fs/ess/PAA0203/xing244/AF_ClaSeq/results_updated/T1214/run2/divide_and_conquer/clades/clade_015/shuffle_02/group_005_unrelaxed_rank_001_alphafold2_ptm_model_1_seed_000.pdb,50.33206794682422,37.469230769230776,13,7.682088,5.530074
/fs/ess/PAA0203/xing244/AF_ClaSeq/results_updated/T1214/run2/divide_and_conquer/clades/clade_015/shuffle_02/group_001_unrelaxed_rank_001_alphafold2_ptm_model_1_seed_000.pdb,54.76943870014772,60.08871794871795,13,4.304759,4.05109
/fs/ess/PAA0203/xing244/AF_ClaSeq/results_updated/T1214/run2/divide_and_conquer/clades/clade_015/shuffle_02/group_004_unrelaxed_rank_001_alphafold2_ptm_model_1_seed_000.pdb,56.05208271787296,56.20282051282051,13,4.517936,4.65891
/fs/ess/PAA0203/xing244/AF_ClaSeq/results_updated/T1214/run2/divide_and_conquer/clades/clade_015/shuffle_03/group_003_unrelaxed_rank_001_alphafold2_ptm_model_1_seed_000.pdb,53.75847858197932,53.30974358974359,13,5.554705,4.762587
/fs/ess/PAA0203/xing244/AF_ClaSeq/results_updated/T1214/run2/divide_and_conquer/clades/clade_015/shuffle_03/group_002_unrelaxed_rank_001_alphafold2_ptm_model_1_seed_000.pdb,43.523279172821276,46.23871794871794,13,4.8440933,3.959313
/fs/ess/PAA0203/xing244/AF_ClaSeq/results_updated/T1214/run2/divide_and_conquer/clades/clade_015/shuffle_03/group_006_unrelaxed_rank_001_alphafold2_ptm_model_1_seed_000.pdb,64.96493353028065,60.09846153846154,20,3.3579082,5.042769
/fs/ess/PAA0203/xing244/AF_ClaSeq/results_updated/T1214/run2/divide_and_conquer/clades/clade_015/shuffle_03/group_005_unrelaxed_rank_001_alphafold2_ptm_model_1_seed_000.pdb,45.80477104874446,28.035641025641027,13,11.235785,8.109545
/fs/ess/PAA0203/xing244/AF_ClaSeq/results_updated/T1214/run2/divide_and_conquer/clades/clade_015/shuffle_03/group_001_unrelaxed_rank_001_alphafold2_ptm_model_1_seed_000.pdb,52.678906942392906,51.12435897435897,13,4.924247,4.2773485
/fs/ess/PAA0203/xing244/AF_ClaSeq/results_updated/T1214/run2/divide_and_conquer/clades/clade_015/shuffle_03/group_004_unrelaxed_rank_001_alphafold2_ptm_model_1_seed_000.pdb,45.822806499261446,30.33666666666666,13,27.850962,28.292242
/fs/ess/PAA0203/xing244/AF_ClaSeq/results_updated/T1214/run2/divide_and_conquer/clades/clade_015/shuffle_04/group_003_unrelaxed_rank_001_alphafold2_ptm_model_1_seed_000.pdb,43.54175775480059,52.326153846153844,13,5.2210264,6.0016174
/fs/ess/PAA0203/xing244/AF_ClaSeq/results_updated/T1214/run2/divide_and_conquer/clades/clade_015/shuffle_04/group_002_unrelaxed_rank_001_alphafold2_ptm_model_1_seed_000.pdb,59.533796159527334,53.48282051282051,13,3.8369856,4.8299093
/fs/ess/PAA0203/xing244/AF_ClaSeq/results_updated/T1214/run2/divide_and_conquer/clades/clade_015/shuffle_04/group_006_unrelaxed_rank_001_alphafold2_ptm_model_1_seed_000.pdb,58.59285081240768,57.84564102564103,20,4.565049,3.4844854
/fs/ess/PAA0203/xing244/AF_ClaSeq/results_updated/T1214/run2/divide_and_conquer/clades/clade_015/shuffle_04/group_005_unrelaxed_rank_001_alphafold2_ptm_model_1_seed_000.pdb,57.637592319054654,54.46435897435898,13,5.212882,4.0656843
/fs/ess/PAA0203/xing244/AF_ClaSeq/results_updated/T1214/run2/divide_and_conquer/clades/clade_015/shuffle_04/group_001_unrelaxed_rank_001_alphafold2_ptm_model_1_seed_000.pdb,44.40797636632201,26.809487179487178,13,29.016754,29.286064
/fs/ess/PAA0203/xing244/AF_ClaSeq/results_updated/T1214/run2/divide_and_conquer/clades/clade_015/shuffle_04/group_004_unrelaxed_rank_001_alphafold2_ptm_model_1_seed_000.pdb,55.01805022156573,56.37641025641025,13,4.2142315,4.37419
/fs/ess/PAA0203/xing244/AF_ClaSeq/results_updated/T1214/run2/divide_and_conquer/clades/clade_015/shuffle_05/group_003_unrelaxed_rank_001_alphafold2_ptm_model_1_seed_000.pdb,52.71384047267355,45.190512820512815,13,8.435928,5.629928
/fs/ess/PAA0203/xing244/AF_ClaSeq/results_updated/T1214/run2/divide_and_conquer/clades/clade_015/shuffle_05/group_002_unrelaxed_rank_001_alphafold2_ptm_model_1_seed_000.pdb,47.86231905465288,55.387948717948724,13,7.9665904,7.6765223
/fs/ess/PAA0203/xing244/AF_ClaSeq/results_updated/T1214/run2/divide_and_conquer/clades/clade_015/shuffle_05/group_006_unrelaxed_rank_001_alphafold2_ptm_model_1_seed_000.pdb,53.62506646971935,55.42102564102563,20,4.0069623,3.3486414
/fs/ess/PAA0203/xing244/AF_ClaSeq/results_updated/T1214/run2/divide_and_conquer/clades/clade_015/shuffle_05/group_005_unrelaxed_rank_001_alphafold2_ptm_model_1_seed_000.pdb,54.80576070901034,55.42025641025642,13,3.912727,4.4430017
/fs/ess/PAA0203/xing244/AF_ClaSeq/results_updated/T1214/run2/divide_and_conquer/clades/clade_015/shuffle_05/group_001_unrelaxed_rank_001_alphafold2_ptm_model_1_seed_000.pdb,51.13719350073856,43.58102564102565,13,6.8371105,4.146009
/fs/ess/PAA0203/xing244/AF_ClaSeq/results_updated/T1214/run2/divide_and_conquer/clades/clade_015/shuffle_05/group_004_unrelaxed_rank_001_alphafold2_ptm_model_1_seed_000.pdb,50.32926144756277,31.475128205128204,13,23.698542,24.352818
/fs/ess/PAA0203/xing244/AF_ClaSeq/results_updated/T1214/run2/divide_and_conquer/clades/clade_015/shuffle_06/group_003_unrelaxed_rank_001_alphafold2_ptm_model_1_seed_000.pdb,43.65262924667652,32.792051282051276,13,9.630331,6.499738
/fs/ess/PAA0203/xing244/AF_ClaSeq/results_updated/T1214/run2/divide_and_conquer/clades/clade_015/shuffle_06/group_002_unrelaxed_rank_001_alphafold2_ptm_model_1_seed_000.pdb,53.669586410635155,54.29589743589744,13,4.6018653,4.6748157
/fs/ess/PAA0203/xing244/AF_ClaSeq/results_updated/T1214/run2/divide_and_conquer/clades/clade_015/shuffle_06/group_006_unrelaxed_rank_001_alphafold2_ptm_model_1_seed_000.pdb,54.03707533234859,51.805128205128206,20,4.86065,3.0831702
/fs/ess/PAA0203/xing244/AF_ClaSeq/results_updated/T1214/run2/divide_and_conquer/clades/clade_015/shuffle_06/group_005_unrelaxed_rank_001_alphafold2_ptm_model_1_seed_000.pdb,55.84319054652881,61.3274358974359,13,3.5617187,3.906563
/fs/ess/PAA0203/xing244/AF_ClaSeq/results_updated/T1214/run2/divide_and_conquer/clades/clade_015/shuffle_06/group_001_unrelaxed_rank_001_alphafold2_ptm_model_1_seed_000.pdb,46.74787296898079,25.089487179487175,13,13.145486,8.502445
/fs/ess/PAA0203/xing244/AF_ClaSeq/results_updated/T1214/run2/divide_and_conquer/clades/clade_015/shuffle_06/group_004_unrelaxed_rank_001_alphafold2_ptm_model_1_seed_000.pdb,54.07701624815362,48.68051282051282,13,4.0338006,4.449249
/fs/ess/PAA0203/xing244/AF_ClaSeq/results_updated/T1214/run2/divide_and_conquer/clades/clade_015/shuffle_07/group_003_unrelaxed_rank_001_alphafold2_ptm_model_1_seed_000.pdb,53.968109305760706,54.41487179487179,13,5.429929,4.4630847
/fs/ess/PAA0203/xing244/AF_ClaSeq/results_updated/T1214/run2/divide_and_conquer/clades/clade_015/shuffle_07/group_002_unrelaxed_rank_001_alphafold2_ptm_model_1_seed_000.pdb,45.05895125553914,47.60179487179488,13,7.4933825,6.5960207
/fs/ess/PAA0203/xing244/AF_ClaSeq/results_updated/T1214/run2/divide_and_conquer/clades/clade_015/shuffle_07/group_006_unrelaxed_rank_001_alphafold2_ptm_model_1_seed_000.pdb,60.8007976366322,54.29102564102564,20,4.834642,3.081737
/fs/ess/PAA0203/xing244/AF_ClaSeq/results_updated/T1214/run2/divide_and_conquer/clades/clade_015/shuffle_07/group_005_unrelaxed_rank_001_alphafold2_ptm_model_1_seed_000.pdb,36.4676070901034,25.064615384615387,13,19.383015,19.278387
/fs/ess/PAA0203/xing244/AF_ClaSeq/results_updated/T1214/run2/divide_and_conquer/clades/clade_015/shuffle_07/group_001_unrelaxed_rank_001_alphafold2_ptm_model_1_seed_000.pdb,51.433264401772526,53.52538461538461,13,4.952059,4.4011183
/fs/ess/PAA0203/xing244/AF_ClaSeq/results_updated/T1214/run2/divide_and_conquer/clades/clade_015/shuffle_07/group_004_unrelaxed_rank_001_alphafold2_ptm_model_1_seed_000.pdb,53.577946824224526,35.845128205128205,13,6.701602,6.7635965
/fs/ess/PAA0203/xing244/AF_ClaSeq/results_updated/T1214/run2/divide_and_conquer/clades/clade_015/shuffle_08/group_003_unrelaxed_rank_001_alphafold2_ptm_model_1_seed_000.pdb,56.97540620384048,56.11692307692307,13,5.42902,4.8750744
/fs/ess/PAA0203/xing244/AF_ClaSeq/results_updated/T1214/run2/divide_and_conquer/clades/clade_015/shuffle_08/group_002_unrelaxed_rank_001_alphafold2_ptm_model_1_seed_000.pdb,42.80274741506648,37.32615384615385,13,7.47542,6.8988037
/fs/ess/PAA0203/xing244/AF_ClaSeq/results_updated/T1214/run2/divide_and_conquer/clades/clade_015/shuffle_08/group_006_unrelaxed_rank_001_alphafold2_ptm_model_1_seed_000.pdb,47.53285081240768,55.40974358974359,20,5.1142035,5.9775295
/fs/ess/PAA0203/xing244/AF_ClaSeq/results_updated/T1214/run2/divide_and_conquer/clades/clade_015/shuffle_08/group_005_unrelaxed_rank_001_alphafold2_ptm_model_1_seed_000.pdb,52.74802067946825,37.562820512820515,13,6.1040034,4.2359414
/fs/ess/PAA0203/xing244/AF_ClaSeq/results_updated/T1214/run2/divide_and_conquer/clades/clade_015/shuffle_08/group_001_unrelaxed_rank_001_alphafold2_ptm_model_1_seed_000.pdb,47.41217134416543,32.80692307692307,13,8.3569765,7.5033584
/fs/ess/PAA0203/xing244/AF_ClaSeq/results_updated/T1214/run2/divide_and_conquer/clades/clade_015/shuffle_08/group_004_unrelaxed_rank_001_alphafold2_ptm_model_1_seed_000.pdb,56.056218611521416,56.44923076923078,13,5.6989408,4.630216
/fs/ess/PAA0203/xing244/AF_ClaSeq/results_updated/T1214/run2/divide_and_conquer/clades/clade_015/shuffle_09/group_003_unrelaxed_rank_001_alphafold2_ptm_model_1_seed_000.pdb,57.56790251107829,56.026666666666664,13,3.8600492,5.017021
/fs/ess/PAA0203/xing244/AF_ClaSeq/results_updated/T1214/run2/divide_and_conquer/clades/clade_015/shuffle_09/group_002_unrelaxed_rank_001_alphafold2_ptm_model_1_seed_000.pdb,47.155391432791724,53.11051282051282,13,6.931287,4.731813
/fs/ess/PAA0203/xing244/AF_ClaSeq/results_updated/T1214/run2/divide_and_conquer/clades/clade_015/shuffle_09/group_006_unrelaxed_rank_001_alphafold2_ptm_model_1_seed_000.pdb,56.48187592319054,50.8302564102564,20,4.7149057,3.4837382
/fs/ess/PAA0203/xing244/AF_ClaSeq/results_updated/T1214/run2/divide_and_conquer/clades/clade_015/shuffle_09/group_005_unrelaxed_rank_001_alphafold2_ptm_model_1_seed_000.pdb,46.343751846381096,51.133333333333326,13,7.0395713,5.1909986
/fs/ess/PAA0203/xing244/AF_ClaSeq/results_updated/T1214/run2/divide_and_conquer/clades/clade_015/shuffle_09/group_001_unrelaxed_rank_001_alphafold2_ptm_model_1_seed_000.pdb,42.47211225997046,35.06358974358975,13,6.258237,5.5213833
/fs/ess/PAA0203/xing244/AF_ClaSeq/results_updated/T1214/run2/divide_and_conquer/clades/clade_015/shuffle_09/group_004_unrelaxed_rank_001_alphafold2_ptm_model_1_seed_000.pdb,47.50689807976366,49.17717948717948,13,3.8196368,4.7320876
/fs/ess/PAA0203/xing244/AF_ClaSeq/results_updated/T1214/run2/divide_and_conquer/clades/clade_015/shuffle_10/group_003_unrelaxed_rank_001_alphafold2_ptm_model_1_seed_000.pdb,56.97878877400295,58.95153846153846,13,4.510831,4.939682
/fs/ess/PAA0203/xing244/AF_ClaSeq/results_updated/T1214/run2/divide_and_conquer/clades/clade_015/shuffle_10/group_002_unrelaxed_rank_001_alphafold2_ptm_model_1_seed_000.pdb,44.65485967503693,27.296666666666663,13,6.6351085,6.44831
/fs/ess/PAA0203/xing244/AF_ClaSeq/results_updated/T1214/run2/divide_and_conquer/clades/clade_015/shuffle_10/group_006_unrelaxed_rank_001_alphafold2_ptm_model_1_seed_000.pdb,59.01841949778434,59.2451282051282,20,4.3580117,3.1672897
/fs/ess/PAA0203/xing244/AF_ClaSeq/results_updated/T1214/run2/divide_and_conquer/clades/clade_015/shuffle_10/group_005_unrelaxed_rank_001_alphafold2_ptm_model_1_seed_000.pdb,58.176587887740034,59.120000000000005,13,6.827862,4.8305945
/fs/ess/PAA0203/xing244/AF_ClaSeq/results_updated/T1214/run2/divide_and_conquer/clades/clade_015/shuffle_10/group_001_unrelaxed_rank_001_alphafold2_ptm_model_1_seed_000.pdb,51.84423929098966,35.69025641025641,13,6.5906777,4.6822534
/fs/ess/PAA0203/xing244/AF_ClaSeq/results_updated/T1214/run2/divide_and_conquer/clades/clade_015/shuffle_10/group_004_unrelaxed_rank_001_alphafold2_ptm_model_1_seed_000.pdb,52.6011964549483,52.936410256410255,13,6.0731883,3.3886285
/fs/ess/PAA0203/xing244/AF_ClaSeq/results_updated/T1214/run2/divide_and_conquer/clades/clade_016/shuffle_01/group_003_unrelaxed_rank_001_alphafold2_ptm_model_1_seed_000.pdb,75.4222895125554,70.34282051282051,13,3.4919844,4.2350373
/fs/ess/PAA0203/xing244/AF_ClaSeq/results_updated/T1214/run2/divide_and_conquer/clades/clade_016/shuffle_01/group_002_unrelaxed_rank_001_alphafold2_ptm_model_1_seed_000.pdb,70.74525849335303,65.95,13,3.4081016,4.428283
/fs/ess/PAA0203/xing244/AF_ClaSeq/results_updated/T1214/run2/divide_and_conquer/clades/clade_016/shuffle_01/group_006_unrelaxed_rank_001_alphafold2_ptm_model_1_seed_000.pdb,73.45056129985228,68.33871794871797,19,3.5884724,4.96975
/fs/ess/PAA0203/xing244/AF_ClaSeq/results_updated/T1214/run2/divide_and_conquer/clades/clade_016/shuffle_01/group_005_unrelaxed_rank_001_alphafold2_ptm_model_1_seed_000.pdb,64.16047267355982,63.47871794871795,13,4.7811375,4.2630687
/fs/ess/PAA0203/xing244/AF_ClaSeq/results_updated/T1214/run2/divide_and_conquer/clades/clade_016/shuffle_01/group_001_unrelaxed_rank_001_alphafold2_ptm_model_1_seed_000.pdb,66.37621861152141,54.68717948717948,13,5.118093,4.9454803
/fs/ess/PAA0203/xing244/AF_ClaSeq/results_updated/T1214/run2/divide_and_conquer/clades/clade_016/shuffle_01/group_004_unrelaxed_rank_001_alphafold2_ptm_model_1_seed_000.pdb,53.28339734121123,59.54923076923076,13,7.0169,3.7327733
/fs/ess/PAA0203/xing244/AF_ClaSeq/results_updated/T1214/run2/divide_and_conquer/clades/clade_016/shuffle_02/group_003_unrelaxed_rank_001_alphafold2_ptm_model_1_seed_000.pdb,71.13088626292466,69.0502564102564,13,3.2182112,4.872237
/fs/ess/PAA0203/xing244/AF_ClaSeq/results_updated/T1214/run2/divide_and_conquer/clades/clade_016/shuffle_02/group_002_unrelaxed_rank_001_alphafold2_ptm_model_1_seed_000.pdb,60.037503692762186,63.32769230769231,13,4.003957,3.640454
/fs/ess/PAA0203/xing244/AF_ClaSeq/results_updated/T1214/run2/divide_and_conquer/clades/clade_016/shuffle_02/group_006_unrelaxed_rank_001_alphafold2_ptm_model_1_seed_000.pdb,78.26280649926144,69.87717948717948,19,3.2987185,4.5249023
/fs/ess/PAA0203/xing244/AF_ClaSeq/results_updated/T1214/run2/divide_and_conquer/clades/clade_016/shuffle_02/group_005_unrelaxed_rank_001_alphafold2_ptm_model_1_seed_000.pdb,68.97903988183161,66.83666666666667,13,3.5659506,3.7496045
/fs/ess/PAA0203/xing244/AF_ClaSeq/results_updated/T1214/run2/divide_and_conquer/clades/clade_016/shuffle_02/group_001_unrelaxed_rank_001_alphafold2_ptm_model_1_seed_000.pdb,47.28350073855244,59.54948717948719,13,5.8170667,3.86
/fs/ess/PAA0203/xing244/AF_ClaSeq/results_updated/T1214/run2/divide_and_conquer/clades/clade_016/shuffle_02/group_004_unrelaxed_rank_001_alphafold2_ptm_model_1_seed_000.pdb,75.9541506646972,69.33769230769231,13,3.3589036,4.452357
/fs/ess/PAA0203/xing244/AF_ClaSeq/results_updated/T1214/run2/divide_and_conquer/clades/clade_016/shuffle_03/group_003_unrelaxed_rank_001_alphafold2_ptm_model_1_seed_000.pdb,71.72685376661744,66.46897435897436,13,3.9534955,3.784355
/fs/ess/PAA0203/xing244/AF_ClaSeq/results_updated/T1214/run2/divide_and_conquer/clades/clade_016/shuffle_03/group_002_unrelaxed_rank_001_alphafold2_ptm_model_1_seed_000.pdb,56.95524372230428,60.885128205128204,13,5.103234,4.0573325
/fs/ess/PAA0203/xing244/AF_ClaSeq/results_updated/T1214/run2/divide_and_conquer/clades/clade_016/shuffle_03/group_006_unrelaxed_rank_001_alphafold2_ptm_model_1_seed_000.pdb,73.52807976366321,68.76410256410256,19,5.361827,3.4786882
/fs/ess/PAA0203/xing244/AF_ClaSeq/results_updated/T1214/run2/divide_and_conquer/clades/clade_016/shuffle_03/group_005_unrelaxed_rank_001_alphafold2_ptm_model_1_seed_000.pdb,71.40827178729688,68.62076923076923,13,2.954379,4.933068
/fs/ess/PAA0203/xing244/AF_ClaSeq/results_updated/T1214/run2/divide_and_conquer/clades/clade_016/shuffle_03/group_001_unrelaxed_rank_001_alphafold2_ptm_model_1_seed_000.pdb,66.1230576070901,51.699999999999996,13,5.6734824,4.9124994
/fs/ess/PAA0203/xing244/AF_ClaSeq/results_updated/T1214/run2/divide_and_conquer/clades/clade_016/shuffle_03/group_004_unrelaxed_rank_001_alphafold2_ptm_model_1_seed_000.pdb,55.112466765140326,62.109743589743594,13,6.365028,4.3965445
/fs/ess/PAA0203/xing244/AF_ClaSeq/results_updated/T1214/run2/divide_and_conquer/clades/clade_016/shuffle_04/group_003_unrelaxed_rank_001_alphafold2_ptm_model_1_seed_000.pdb,65.20816838995569,59.87897435897436,13,5.3131323,5.346413
/fs/ess/PAA0203/xing244/AF_ClaSeq/results_updated/T1214/run2/divide_and_conquer/clades/clade_016/shuffle_04/group_002_unrelaxed_rank_001_alphafold2_ptm_model_1_seed_000.pdb,60.904800590841944,67.10974358974359,13,4.9805045,3.9370065
/fs/ess/PAA0203/xing244/AF_ClaSeq/results_updated/T1214/run2/divide_and_conquer/clades/clade_016/shuffle_04/group_006_unrelaxed_rank_001_alphafold2_ptm_model_1_seed_000.pdb,71.02726735598227,66.31923076923077,19,3.330307,4.37719
/fs/ess/PAA0203/xing244/AF_ClaSeq/results_updated/T1214/run2/divide_and_conquer/clades/clade_016/shuffle_04/group_005_unrelaxed_rank_001_alphafold2_ptm_model_1_seed_000.pdb,62.834844903988184,63.694871794871794,13,3.4910831,4.2384925
/fs/ess/PAA0203/xing244/AF_ClaSeq/results_updated/T1214/run2/divide_and_conquer/clades/clade_016/shuffle_04/group_001_unrelaxed_rank_001_alphafold2_ptm_model_1_seed_000.pdb,68.47146233382568,66.42333333333333,13,3.2871103,4.8280077
/fs/ess/PAA0203/xing244/AF_ClaSeq/results_updated/T1214/run2/divide_and_conquer/clades/clade_016/shuffle_04/group_004_unrelaxed_rank_001_alphafold2_ptm_model_1_seed_000.pdb,76.45158050221566,70.68153846153847,13,3.424153,4.523924
/fs/ess/PAA0203/xing244/AF_ClaSeq/results_updated/T1214/run2/divide_and_conquer/clades/clade_016/shuffle_05/group_003_unrelaxed_rank_001_alphafold2_ptm_model_1_seed_000.pdb,68.44035450516986,66.73948717948717,13,5.007848,3.3701878
/fs/ess/PAA0203/xing244/AF_ClaSeq/results_updated/T1214/run2/divide_and_conquer/clades/clade_016/shuffle_05/group_002_unrelaxed_rank_001_alphafold2_ptm_model_1_seed_000.pdb,57.486336779911376,60.86974358974359,13,3.445252,3.741984
/fs/ess/PAA0203/xing244/AF_ClaSeq/results_updated/T1214/run2/divide_and_conquer/clades/clade_016/shuffle_05/group_006_unrelaxed_rank_001_alphafold2_ptm_model_1_seed_000.pdb,78.70499261447563,69.22,19,3.1688468,4.795005
/fs/ess/PAA0203/xing244/AF_ClaSeq/results_updated/T1214/run2/divide_and_conquer/clades/clade_016/shuffle_05/group_005_unrelaxed_rank_001_alphafold2_ptm_model_1_seed_000.pdb,69.5002363367799,66.7848717948718,13,4.6456666,4.00534
/fs/ess/PAA0203/xing244/AF_ClaSeq/results_updated/T1214/run2/divide_and_conquer/clades/clade_016/shuffle_05/group_001_unrelaxed_rank_001_alphafold2_ptm_model_1_seed_000.pdb,68.83861152141803,63.96615384615383,13,3.543016,4.505257
/fs/ess/PAA0203/xing244/AF_ClaSeq/results_updated/T1214/run2/divide_and_conquer/clades/clade_016/shuffle_05/group_004_unrelaxed_rank_001_alphafold2_ptm_model_1_seed_000.pdb,74.57206794682422,70.13256410256409,13,3.2953918,4.4512844
/fs/ess/PAA0203/xing244/AF_ClaSeq/results_updated/T1214/run2/divide_and_conquer/clades/clade_016/shuffle_06/group_003_unrelaxed_rank_001_alphafold2_ptm_model_1_seed_000.pdb,73.3385376661743,67.07717948717949,13,3.647693,4.2710614
/fs/ess/PAA0203/xing244/AF_ClaSeq/results_updated/T1214/run2/divide_and_conquer/clades/clade_016/shuffle_06/group_002_unrelaxed_rank_001_alphafold2_ptm_model_1_seed_000.pdb,62.996144756277694,48.06564102564102,13,4.3721237,5.030609
/fs/ess/PAA0203/xing244/AF_ClaSeq/results_updated/T1214/run2/divide_and_conquer/clades/clade_016/shuffle_06/group_006_unrelaxed_rank_001_alphafold2_ptm_model_1_seed_000.pdb,74.03779911373707,70.3971794871795,19,5.295078,4.0631137
/fs/ess/PAA0203/xing244/AF_ClaSeq/results_updated/T1214/run2/divide_and_conquer/clades/clade_016/shuffle_06/group_005_unrelaxed_rank_001_alphafold2_ptm_model_1_seed_000.pdb,58.62326440177252,52.96333333333334,13,4.983185,3.8772848
/fs/ess/PAA0203/xing244/AF_ClaSeq/results_updated/T1214/run2/divide_and_conquer/clades/clade_016/shuffle_06/group_001_unrelaxed_rank_001_alphafold2_ptm_model_1_seed_000.pdb,64.36357459379616,65.9048717948718,13,4.6026354,3.3019404
/fs/ess/PAA0203/xing244/AF_ClaSeq/results_updated/T1214/run2/divide_and_conquer/clades/clade_016/shuffle_06/group_004_unrelaxed_rank_001_alphafold2_ptm_model_1_seed_000.pdb,64.86716395864106,62.663076923076915,13,3.8254328,3.8463342
/fs/ess/PAA0203/xing244/AF_ClaSeq/results_updated/T1214/run2/divide_and_conquer/clades/clade_016/shuffle_07/group_003_unrelaxed_rank_001_alphafold2_ptm_model_1_seed_000.pdb,70.80821270310192,71.22025641025641,13,3.7981806,4.1173415
/fs/ess/PAA0203/xing244/AF_ClaSeq/results_updated/T1214/run2/divide_and_conquer/clades/clade_016/shuffle_07/group_002_unrelaxed_rank_001_alphafold2_ptm_model_1_seed_000.pdb,67.98695716395864,63.974358974358964,13,3.135309,4.8118806
/fs/ess/PAA0203/xing244/AF_ClaSeq/results_updated/T1214/run2/divide_and_conquer/clades/clade_016/shuffle_07/group_006_unrelaxed_rank_001_alphafold2_ptm_model_1_seed_000.pdb,70.52958641063515,65.63512820512821,19,4.6134033,4.784018
/fs/ess/PAA0203/xing244/AF_ClaSeq/results_updated/T1214/run2/divide_and_conquer/clades/clade_016/shuffle_07/group_005_unrelaxed_rank_001_alphafold2_ptm_model_1_seed_000.pdb,68.58385524372231,63.971282051282046,13,3.7634258,3.7938728
/fs/ess/PAA0203/xing244/AF_ClaSeq/results_updated/T1214/run2/divide_and_conquer/clades/clade_016/shuffle_07/group_001_unrelaxed_rank_001_alphafold2_ptm_model_1_seed_000.pdb,66.37422451994091,50.70076923076923,13,6.452339,3.527694
/fs/ess/PAA0203/xing244/AF_ClaSeq/results_updated/T1214/run2/divide_and_conquer/clades/clade_016/shuffle_07/group_004_unrelaxed_rank_001_alphafold2_ptm_model_1_seed_000.pdb,62.08890694239291,62.83794871794871,13,3.5308306,4.240039
/fs/ess/PAA0203/xing244/AF_ClaSeq/results_updated/T1214/run2/divide_and_conquer/clades/clade_016/shuffle_08/group_003_unrelaxed_rank_001_alphafold2_ptm_model_1_seed_000.pdb,69.50686853766618,64.97897435897436,13,2.901404,4.851082
/fs/ess/PAA0203/xing244/AF_ClaSeq/results_updated/T1214/run2/divide_and_conquer/clades/clade_016/shuffle_08/group_002_unrelaxed_rank_001_alphafold2_ptm_model_1_seed_000.pdb,73.5327917282127,68.9076923076923,13,4.4615583,3.4708455
/fs/ess/PAA0203/xing244/AF_ClaSeq/results_updated/T1214/run2/divide_and_conquer/clades/clade_016/shuffle_08/group_006_unrelaxed_rank_001_alphafold2_ptm_model_1_seed_000.pdb,66.24104874446085,65.69,19,4.8768916,4.4575276
/fs/ess/PAA0203/xing244/AF_ClaSeq/results_updated/T1214/run2/divide_and_conquer/clades/clade_016/shuffle_08/group_005_unrelaxed_rank_001_alphafold2_ptm_model_1_seed_000.pdb,77.313988183161,71.8428205128205,13,3.3482683,4.268424
/fs/ess/PAA0203/xing244/AF_ClaSeq/results_updated/T1214/run2/divide_and_conquer/clades/clade_016/shuffle_08/group_001_unrelaxed_rank_001_alphafold2_ptm_model_1_seed_000.pdb,74.70921713441655,68.89589743589745,13,3.3198814,4.209234
/fs/ess/PAA0203/xing244/AF_ClaSeq/results_updated/T1214/run2/divide_and_conquer/clades/clade_016/shuffle_08/group_004_unrelaxed_rank_001_alphafold2_ptm_model_1_seed_000.pdb,57.026927621861155,59.411282051282036,13,3.9075055,3.9404495
/fs/ess/PAA0203/xing244/AF_ClaSeq/results_updated/T1214/run2/divide_and_conquer/clades/clade_016/shuffle_09/group_003_unrelaxed_rank_001_alphafold2_ptm_model_1_seed_000.pdb,69.7521270310192,66.87076923076923,13,3.1576283,4.470209
/fs/ess/PAA0203/xing244/AF_ClaSeq/results_updated/T1214/run2/divide_and_conquer/clades/clade_016/shuffle_09/group_002_unrelaxed_rank_001_alphafold2_ptm_model_1_seed_000.pdb,68.78626292466764,65.96205128205126,13,4.4079113,3.2380493
/fs/ess/PAA0203/xing244/AF_ClaSeq/results_updated/T1214/run2/divide_and_conquer/clades/clade_016/shuffle_09/group_006_unrelaxed_rank_001_alphafold2_ptm_model_1_seed_000.pdb,75.05246676514032,69.65564102564102,19,3.208969,4.6375513
/fs/ess/PAA0203/xing244/AF_ClaSeq/results_updated/T1214/run2/divide_and_conquer/clades/clade_016/shuffle_09/group_005_unrelaxed_rank_001_alphafold2_ptm_model_1_seed_000.pdb,55.96206794682421,59.768461538461544,13,3.9495158,4.076686
/fs/ess/PAA0203/xing244/AF_ClaSeq/results_updated/T1214/run2/divide_and_conquer/clades/clade_016/shuffle_09/group_001_unrelaxed_rank_001_alphafold2_ptm_model_1_seed_000.pdb,61.37531757754801,63.99102564102563,13,5.2800503,4.056777
/fs/ess/PAA0203/xing244/AF_ClaSeq/results_updated/T1214/run2/divide_and_conquer/clades/clade_016/shuffle_09/group_004_unrelaxed_rank_001_alphafold2_ptm_model_1_seed_000.pdb,68.06514032496308,62.83769230769231,13,3.6374922,4.6286817
/fs/ess/PAA0203/xing244/AF_ClaSeq/results_updated/T1214/run2/divide_and_conquer/clades/clade_016/shuffle_10/group_003_unrelaxed_rank_001_alphafold2_ptm_model_1_seed_000.pdb,71.3670753323486,68.69102564102562,13,4.155354,3.3073776
/fs/ess/PAA0203/xing244/AF_ClaSeq/results_updated/T1214/run2/divide_and_conquer/clades/clade_016/shuffle_10/group_002_unrelaxed_rank_001_alphafold2_ptm_model_1_seed_000.pdb,75.37227474150664,69.84641025641027,13,3.5926764,4.2057877
/fs/ess/PAA0203/xing244/AF_ClaSeq/results_updated/T1214/run2/divide_and_conquer/clades/clade_016/shuffle_10/group_006_unrelaxed_rank_001_alphafold2_ptm_model_1_seed_000.pdb,76.07354505169866,70.4148717948718,19,3.2076788,4.445768
/fs/ess/PAA0203/xing244/AF_ClaSeq/results_updated/T1214/run2/divide_and_conquer/clades/clade_016/shuffle_10/group_005_unrelaxed_rank_001_alphafold2_ptm_model_1_seed_000.pdb,65.91174298375185,63.22128205128205,13,3.7068446,5.1356835
/fs/ess/PAA0203/xing244/AF_ClaSeq/results_updated/T1214/run2/divide_and_conquer/clades/clade_016/shuffle_10/group_001_unrelaxed_rank_001_alphafold2_ptm_model_1_seed_000.pdb,62.4796307237814,65.16358974358975,13,4.6012945,3.2519255
/fs/ess/PAA0203/xing244/AF_ClaSeq/results_updated/T1214/run2/divide_and_conquer/clades/clade_016/shuffle_10/group_004_unrelaxed_rank_001_alphafold2_ptm_model_1_seed_000.pdb,66.67329394387002,64.65025641025642,13,3.450722,4.2501493
/fs/ess/PAA0203/xing244/AF_ClaSeq/results_updated/T1214/run2/divide_and_conquer/clades/clade_017/shuffle_01/group_003_unrelaxed_rank_001_alphafold2_ptm_model_1_seed_000.pdb,59.12937961595273,59.91230769230769,13,3.171675,4.832611
/fs/ess/PAA0203/xing244/AF_ClaSeq/results_updated/T1214/run2/divide_and_conquer/clades/clade_017/shuffle_01/group_002_unrelaxed_rank_001_alphafold2_ptm_model_1_seed_000.pdb,54.403441654357465,58.31974358974359,13,3.425568,5.295459
/fs/ess/PAA0203/xing244/AF_ClaSeq/results_updated/T1214/run2/divide_and_conquer/clades/clade_017/shuffle_01/group_006_unrelaxed_rank_001_alphafold2_ptm_model_1_seed_000.pdb,73.27474150664698,74.23820512820512,16,2.1957715,5.0155683
/fs/ess/PAA0203/xing244/AF_ClaSeq/results_updated/T1214/run2/divide_and_conquer/clades/clade_017/shuffle_01/group_005_unrelaxed_rank_001_alphafold2_ptm_model_1_seed_000.pdb,61.897710487444606,62.760769230769235,13,3.071414,4.4967933
/fs/ess/PAA0203/xing244/AF_ClaSeq/results_updated/T1214/run2/divide_and_conquer/clades/clade_017/shuffle_01/group_001_unrelaxed_rank_001_alphafold2_ptm_model_1_seed_000.pdb,70.77994091580503,63.73461538461539,13,2.9601426,4.705811
/fs/ess/PAA0203/xing244/AF_ClaSeq/results_updated/T1214/run2/divide_and_conquer/clades/clade_017/shuffle_01/group_004_unrelaxed_rank_001_alphafold2_ptm_model_1_seed_000.pdb,59.35225997045791,59.970769230769235,13,3.3254628,4.9117913
/fs/ess/PAA0203/xing244/AF_ClaSeq/results_updated/T1214/run2/divide_and_conquer/clades/clade_017/shuffle_02/group_003_unrelaxed_rank_001_alphafold2_ptm_model_1_seed_000.pdb,61.739881831610035,60.823846153846155,13,3.1047044,5.628934
/fs/ess/PAA0203/xing244/AF_ClaSeq/results_updated/T1214/run2/divide_and_conquer/clades/clade_017/shuffle_02/group_002_unrelaxed_rank_001_alphafold2_ptm_model_1_seed_000.pdb,55.92087149187592,49.336666666666666,13,3.9624524,5.4436946
/fs/ess/PAA0203/xing244/AF_ClaSeq/results_updated/T1214/run2/divide_and_conquer/clades/clade_017/shuffle_02/group_006_unrelaxed_rank_001_alphafold2_ptm_model_1_seed_000.pdb,66.55063515509602,52.93333333333334,16,5.139227,3.9361403
/fs/ess/PAA0203/xing244/AF_ClaSeq/results_updated/T1214/run2/divide_and_conquer/clades/clade_017/shuffle_02/group_005_unrelaxed_rank_001_alphafold2_ptm_model_1_seed_000.pdb,59.780443131462334,56.13641025641025,13,3.8967967,4.661879
/fs/ess/PAA0203/xing244/AF_ClaSeq/results_updated/T1214/run2/divide_and_conquer/clades/clade_017/shuffle_02/group_001_unrelaxed_rank_001_alphafold2_ptm_model_1_seed_000.pdb,55.32073855243722,56.45897435897435,13,6.1397424,5.1171417
/fs/ess/PAA0203/xing244/AF_ClaSeq/results_updated/T1214/run2/divide_and_conquer/clades/clade_017/shuffle_02/group_004_unrelaxed_rank_001_alphafold2_ptm_model_1_seed_000.pdb,57.43206794682422,43.240512820512826,13,5.6648197,6.905739
/fs/ess/PAA0203/xing244/AF_ClaSeq/results_updated/T1214/run2/divide_and_conquer/clades/clade_017/shuffle_03/group_003_unrelaxed_rank_001_alphafold2_ptm_model_1_seed_000.pdb,58.327843426883305,47.97512820512821,13,4.6519494,4.4205294
/fs/ess/PAA0203/xing244/AF_ClaSeq/results_updated/T1214/run2/divide_and_conquer/clades/clade_017/shuffle_03/group_002_unrelaxed_rank_001_alphafold2_ptm_model_1_seed_000.pdb,59.66311669128508,61.69358974358975,13,2.3765845,4.883605
/fs/ess/PAA0203/xing244/AF_ClaSeq/results_updated/T1214/run2/divide_and_conquer/clades/clade_017/shuffle_03/group_006_unrelaxed_rank_001_alphafold2_ptm_model_1_seed_000.pdb,63.38131462333826,65.12435897435897,16,2.5201173,5.7531753
/fs/ess/PAA0203/xing244/AF_ClaSeq/results_updated/T1214/run2/divide_and_conquer/clades/clade_017/shuffle_03/group_005_unrelaxed_rank_001_alphafold2_ptm_model_1_seed_000.pdb,57.80416543574594,63.17717948717949,13,2.8529525,5.406414
/fs/ess/PAA0203/xing244/AF_ClaSeq/results_updated/T1214/run2/divide_and_conquer/clades/clade_017/shuffle_03/group_001_unrelaxed_rank_001_alphafold2_ptm_model_1_seed_000.pdb,59.764121122599704,60.84282051282051,13,3.6814308,4.6756577
/fs/ess/PAA0203/xing244/AF_ClaSeq/results_updated/T1214/run2/divide_and_conquer/clades/clade_017/shuffle_03/group_004_unrelaxed_rank_001_alphafold2_ptm_model_1_seed_000.pdb,62.823205317577546,44.129487179487185,13,6.855156,6.252198
/fs/ess/PAA0203/xing244/AF_ClaSeq/results_updated/T1214/run2/divide_and_conquer/clades/clade_017/shuffle_04/group_003_unrelaxed_rank_001_alphafold2_ptm_model_1_seed_000.pdb,56.959379615952734,42.1,13,6.7722964,6.578889
/fs/ess/PAA0203/xing244/AF_ClaSeq/results_updated/T1214/run2/divide_and_conquer/clades/clade_017/shuffle_04/group_002_unrelaxed_rank_001_alphafold2_ptm_model_1_seed_000.pdb,58.436558345642545,38.634615384615394,13,8.009793,4.6459656
/fs/ess/PAA0203/xing244/AF_ClaSeq/results_updated/T1214/run2/divide_and_conquer/clades/clade_017/shuffle_04/group_006_unrelaxed_rank_001_alphafold2_ptm_model_1_seed_000.pdb,71.77921713441654,68.43256410256411,16,2.2746773,5.033541
/fs/ess/PAA0203/xing244/AF_ClaSeq/results_updated/T1214/run2/divide_and_conquer/clades/clade_017/shuffle_04/group_005_unrelaxed_rank_001_alphafold2_ptm_model_1_seed_000.pdb,60.686558345642545,48.926153846153845,13,4.2162013,4.773329
/fs/ess/PAA0203/xing244/AF_ClaSeq/results_updated/T1214/run2/divide_and_conquer/clades/clade_017/shuffle_04/group_001_unrelaxed_rank_001_alphafold2_ptm_model_1_seed_000.pdb,57.1246528803545,63.54051282051283,13,3.6408768,4.9215817
/fs/ess/PAA0203/xing244/AF_ClaSeq/results_updated/T1214/run2/divide_and_conquer/clades/clade_017/shuffle_04/group_004_unrelaxed_rank_001_alphafold2_ptm_model_1_seed_000.pdb,60.55103397341212,64.18179487179486,13,4.0051575,4.3739977
/fs/ess/PAA0203/xing244/AF_ClaSeq/results_updated/T1214/run2/divide_and_conquer/clades/clade_017/shuffle_05/group_003_unrelaxed_rank_001_alphafold2_ptm_model_1_seed_000.pdb,57.27014771048744,47.75564102564102,13,4.594456,5.934258
/fs/ess/PAA0203/xing244/AF_ClaSeq/results_updated/T1214/run2/divide_and_conquer/clades/clade_017/shuffle_05/group_002_unrelaxed_rank_001_alphafold2_ptm_model_1_seed_000.pdb,64.80540620384046,63.15641025641027,13,2.9172456,5.4515295
/fs/ess/PAA0203/xing244/AF_ClaSeq/results_updated/T1214/run2/divide_and_conquer/clades/clade_017/shuffle_05/group_006_unrelaxed_rank_001_alphafold2_ptm_model_1_seed_000.pdb,78.21487444608567,74.21076923076923,16,2.593248,4.2743716
/fs/ess/PAA0203/xing244/AF_ClaSeq/results_updated/T1214/run2/divide_and_conquer/clades/clade_017/shuffle_05/group_005_unrelaxed_rank_001_alphafold2_ptm_model_1_seed_000.pdb,68.1230576070901,56.6674358974359,13,3.6286945,4.458926
/fs/ess/PAA0203/xing244/AF_ClaSeq/results_updated/T1214/run2/divide_and_conquer/clades/clade_017/shuffle_05/group_001_unrelaxed_rank_001_alphafold2_ptm_model_1_seed_000.pdb,52.57475627769572,58.89666666666665,13,3.2939901,3.9363692
/fs/ess/PAA0203/xing244/AF_ClaSeq/results_updated/T1214/run2/divide_and_conquer/clades/clade_017/shuffle_05/group_004_unrelaxed_rank_001_alphafold2_ptm_model_1_seed_000.pdb,60.55666174298375,63.01974358974358,13,4.0464664,4.31931
/fs/ess/PAA0203/xing244/AF_ClaSeq/results_updated/T1214/run2/divide_and_conquer/clades/clade_017/shuffle_06/group_003_unrelaxed_rank_001_alphafold2_ptm_model_1_seed_000.pdb,68.13586410635155,44.42871794871795,13,7.307246,6.5327244
/fs/ess/PAA0203/xing244/AF_ClaSeq/results_updated/T1214/run2/divide_and_conquer/clades/clade_017/shuffle_06/group_002_unrelaxed_rank_001_alphafold2_ptm_model_1_seed_000.pdb,68.99850812407682,63.997692307692304,13,3.3023226,3.882701
/fs/ess/PAA0203/xing244/AF_ClaSeq/results_updated/T1214/run2/divide_and_conquer/clades/clade_017/shuffle_06/group_006_unrelaxed_rank_001_alphafold2_ptm_model_1_seed_000.pdb,67.16282127031019,67.2582051282051,16,2.8026814,4.28311
/fs/ess/PAA0203/xing244/AF_ClaSeq/results_updated/T1214/run2/divide_and_conquer/clades/clade_017/shuffle_06/group_005_unrelaxed_rank_001_alphafold2_ptm_model_1_seed_000.pdb,61.27437223042836,60.42538461538462,13,2.7185519,4.082957
/fs/ess/PAA0203/xing244/AF_ClaSeq/results_updated/T1214/run2/divide_and_conquer/clades/clade_017/shuffle_06/group_001_unrelaxed_rank_001_alphafold2_ptm_model_1_seed_000.pdb,58.91614475627769,59.57076923076922,13,5.6009064,4.434157
/fs/ess/PAA0203/xing244/AF_ClaSeq/results_updated/T1214/run2/divide_and_conquer/clades/clade_017/shuffle_06/group_004_unrelaxed_rank_001_alphafold2_ptm_model_1_seed_000.pdb,59.825878877400285,57.60692307692308,13,3.591904,5.3980737
/fs/ess/PAA0203/xing244/AF_ClaSeq/results_updated/T1214/run2/divide_and_conquer/clades/clade_017/shuffle_07/group_003_unrelaxed_rank_001_alphafold2_ptm_model_1_seed_000.pdb,58.10745937961595,60.99846153846154,13,3.2295048,4.7412515
/fs/ess/PAA0203/xing244/AF_ClaSeq/results_updated/T1214/run2/divide_and_conquer/clades/clade_017/shuffle_07/group_002_unrelaxed_rank_001_alphafold2_ptm_model_1_seed_000.pdb,59.387341211225994,45.17076923076924,13,5.407164,3.854639
/fs/ess/PAA0203/xing244/AF_ClaSeq/results_updated/T1214/run2/divide_and_conquer/clades/clade_017/shuffle_07/group_006_unrelaxed_rank_001_alphafold2_ptm_model_1_seed_000.pdb,67.24246676514032,67.12051282051283,16,2.1693747,5.1120853
/fs/ess/PAA0203/xing244/AF_ClaSeq/results_updated/T1214/run2/divide_and_conquer/clades/clade_017/shuffle_07/group_005_unrelaxed_rank_001_alphafold2_ptm_model_1_seed_000.pdb,57.44852289512554,45.089743589743584,13,4.30559,3.9283192
/fs/ess/PAA0203/xing244/AF_ClaSeq/results_updated/T1214/run2/divide_and_conquer/clades/clade_017/shuffle_07/group_001_unrelaxed_rank_001_alphafold2_ptm_model_1_seed_000.pdb,55.66462333825702,49.89230769230769,13,4.140766,4.7128997
/fs/ess/PAA0203/xing244/AF_ClaSeq/results_updated/T1214/run2/divide_and_conquer/clades/clade_017/shuffle_07/group_004_unrelaxed_rank_001_alphafold2_ptm_model_1_seed_000.pdb,65.32175775480059,63.08410256410256,13,3.529724,5.668949
/fs/ess/PAA0203/xing244/AF_ClaSeq/results_updated/T1214/run2/divide_and_conquer/clades/clade_017/shuffle_08/group_003_unrelaxed_rank_001_alphafold2_ptm_model_1_seed_000.pdb,52.997400295420974,29.705128205128204,13,11.705633,10.601014
/fs/ess/PAA0203/xing244/AF_ClaSeq/results_updated/T1214/run2/divide_and_conquer/clades/clade_017/shuffle_08/group_002_unrelaxed_rank_001_alphafold2_ptm_model_1_seed_000.pdb,58.38152141802068,58.63384615384615,13,2.873225,6.695859
/fs/ess/PAA0203/xing244/AF_ClaSeq/results_updated/T1214/run2/divide_and_conquer/clades/clade_017/shuffle_08/group_006_unrelaxed_rank_001_alphafold2_ptm_model_1_seed_000.pdb,61.77516986706056,65.53153846153846,16,2.9582756,5.7105284
/fs/ess/PAA0203/xing244/AF_ClaSeq/results_updated/T1214/run2/divide_and_conquer/clades/clade_017/shuffle_08/group_005_unrelaxed_rank_001_alphafold2_ptm_model_1_seed_000.pdb,56.70794682422452,47.03487179487178,13,5.2627425,6.2686887
/fs/ess/PAA0203/xing244/AF_ClaSeq/results_updated/T1214/run2/divide_and_conquer/clades/clade_017/shuffle_08/group_001_unrelaxed_rank_001_alphafold2_ptm_model_1_seed_000.pdb,61.91735598227475,61.29307692307691,13,1.7385758,5.641678
/fs/ess/PAA0203/xing244/AF_ClaSeq/results_updated/T1214/run2/divide_and_conquer/clades/clade_017/shuffle_08/group_004_unrelaxed_rank_001_alphafold2_ptm_model_1_seed_000.pdb,53.25475627769572,43.96999999999999,13,7.542082,6.600859
/fs/ess/PAA0203/xing244/AF_ClaSeq/results_updated/T1214/run2/divide_and_conquer/clades/clade_017/shuffle_09/group_003_unrelaxed_rank_001_alphafold2_ptm_model_1_seed_000.pdb,57.27344165435746,39.78410256410257,13,4.9170136,5.9037824
/fs/ess/PAA0203/xing244/AF_ClaSeq/results_updated/T1214/run2/divide_and_conquer/clades/clade_017/shuffle_09/group_002_unrelaxed_rank_001_alphafold2_ptm_model_1_seed_000.pdb,61.79886262924668,47.79435897435898,13,3.9977012,5.6406293
/fs/ess/PAA0203/xing244/AF_ClaSeq/results_updated/T1214/run2/divide_and_conquer/clades/clade_017/shuffle_09/group_006_unrelaxed_rank_001_alphafold2_ptm_model_1_seed_000.pdb,70.45797636632201,56.13461538461539,16,4.441077,4.5844493
/fs/ess/PAA0203/xing244/AF_ClaSeq/results_updated/T1214/run2/divide_and_conquer/clades/clade_017/shuffle_09/group_005_unrelaxed_rank_001_alphafold2_ptm_model_1_seed_000.pdb,59.602703101920234,67.13923076923075,13,2.8879404,4.4688625
/fs/ess/PAA0203/xing244/AF_ClaSeq/results_updated/T1214/run2/divide_and_conquer/clades/clade_017/shuffle_09/group_001_unrelaxed_rank_001_alphafold2_ptm_model_1_seed_000.pdb,64.60308714918759,60.843589743589746,13,2.8277597,4.268281
/fs/ess/PAA0203/xing244/AF_ClaSeq/results_updated/T1214/run2/divide_and_conquer/clades/clade_017/shuffle_09/group_004_unrelaxed_rank_001_alphafold2_ptm_model_1_seed_000.pdb,59.89864106351552,60.91871794871795,13,3.57861,4.212579
/fs/ess/PAA0203/xing244/AF_ClaSeq/results_updated/T1214/run2/divide_and_conquer/clades/clade_017/shuffle_10/group_003_unrelaxed_rank_001_alphafold2_ptm_model_1_seed_000.pdb,60.94310192023633,59.048461538461545,13,3.1055431,4.69445
/fs/ess/PAA0203/xing244/AF_ClaSeq/results_updated/T1214/run2/divide_and_conquer/clades/clade_017/shuffle_10/group_002_unrelaxed_rank_001_alphafold2_ptm_model_1_seed_000.pdb,53.35047267355983,54.470512820512816,13,5.1191072,2.4946098
/fs/ess/PAA0203/xing244/AF_ClaSeq/results_updated/T1214/run2/divide_and_conquer/clades/clade_017/shuffle_10/group_006_unrelaxed_rank_001_alphafold2_ptm_model_1_seed_000.pdb,73.63874446085671,67.79512820512821,16,2.6687725,5.3066325
/fs/ess/PAA0203/xing244/AF_ClaSeq/results_updated/T1214/run2/divide_and_conquer/clades/clade_017/shuffle_10/group_005_unrelaxed_rank_001_alphafold2_ptm_model_1_seed_000.pdb,57.35821270310192,46.11307692307693,13,5.378331,4.142401
/fs/ess/PAA0203/xing244/AF_ClaSeq/results_updated/T1214/run2/divide_and_conquer/clades/clade_017/shuffle_10/group_001_unrelaxed_rank_001_alphafold2_ptm_model_1_seed_000.pdb,58.15285081240768,50.2974358974359,13,3.8994982,6.047238
/fs/ess/PAA0203/xing244/AF_ClaSeq/results_updated/T1214/run2/divide_and_conquer/clades/clade_017/shuffle_10/group_004_unrelaxed_rank_001_alphafold2_ptm_model_1_seed_000.pdb,75.2455834564254,70.64025641025641,13,2.6538725,4.5474353
/fs/ess/PAA0203/xing244/AF_ClaSeq/results_updated/T1214/run2/divide_and_conquer/clades/clade_018/shuffle_01/group_003_unrelaxed_rank_001_alphafold2_ptm_model_1_seed_000.pdb,70.45075332348596,67.14358974358976,13,3.7148464,5.0458198
/fs/ess/PAA0203/xing244/AF_ClaSeq/results_updated/T1214/run2/divide_and_conquer/clades/clade_018/shuffle_01/group_002_unrelaxed_rank_001_alphafold2_ptm_model_1_seed_000.pdb,58.4842245199409,59.63435897435898,13,3.3474784,4.9168725
/fs/ess/PAA0203/xing244/AF_ClaSeq/results_updated/T1214/run2/divide_and_conquer/clades/clade_018/shuffle_01/group_006_unrelaxed_rank_001_alphafold2_ptm_model_1_seed_000.pdb,74.39521418020679,67.78153846153846,16,3.2300584,4.6926155
/fs/ess/PAA0203/xing244/AF_ClaSeq/results_updated/T1214/run2/divide_and_conquer/clades/clade_018/shuffle_01/group_005_unrelaxed_rank_001_alphafold2_ptm_model_1_seed_000.pdb,75.31456425406203,68.07333333333332,13,3.4155354,5.1841044
/fs/ess/PAA0203/xing244/AF_ClaSeq/results_updated/T1214/run2/divide_and_conquer/clades/clade_018/shuffle_01/group_001_unrelaxed_rank_001_alphafold2_ptm_model_1_seed_000.pdb,64.59457902511078,62.63,13,4.107436,4.6545157
/fs/ess/PAA0203/xing244/AF_ClaSeq/results_updated/T1214/run2/divide_and_conquer/clades/clade_018/shuffle_01/group_004_unrelaxed_rank_001_alphafold2_ptm_model_1_seed_000.pdb,71.95983751846381,66.9297435897436,13,3.4665668,4.420844
/fs/ess/PAA0203/xing244/AF_ClaSeq/results_updated/T1214/run2/divide_and_conquer/clades/clade_018/shuffle_02/group_003_unrelaxed_rank_001_alphafold2_ptm_model_1_seed_000.pdb,70.71174298375185,61.92589743589744,13,5.2059665,6.033057
/fs/ess/PAA0203/xing244/AF_ClaSeq/results_updated/T1214/run2/divide_and_conquer/clades/clade_018/shuffle_02/group_002_unrelaxed_rank_001_alphafold2_ptm_model_1_seed_000.pdb,74.58137370753323,66.38461538461539,13,4.8967905,6.2126822
/fs/ess/PAA0203/xing244/AF_ClaSeq/results_updated/T1214/run2/divide_and_conquer/clades/clade_018/shuffle_02/group_006_unrelaxed_rank_001_alphafold2_ptm_model_1_seed_000.pdb,69.66471196454948,65.55564102564102,16,2.678752,5.40816
/fs/ess/PAA0203/xing244/AF_ClaSeq/results_updated/T1214/run2/divide_and_conquer/clades/clade_018/shuffle_02/group_005_unrelaxed_rank_001_alphafold2_ptm_model_1_seed_000.pdb,72.67503692762186,70.07358974358974,13,3.6750305,4.5548
/fs/ess/PAA0203/xing244/AF_ClaSeq/results_updated/T1214/run2/divide_and_conquer/clades/clade_018/shuffle_02/group_001_unrelaxed_rank_001_alphafold2_ptm_model_1_seed_000.pdb,73.14007385524373,64.92666666666666,13,4.338494,4.151519
/fs/ess/PAA0203/xing244/AF_ClaSeq/results_updated/T1214/run2/divide_and_conquer/clades/clade_018/shuffle_02/group_004_unrelaxed_rank_001_alphafold2_ptm_model_1_seed_000.pdb,70.68075332348597,63.26589743589744,13,3.2137115,5.1425056
/fs/ess/PAA0203/xing244/AF_ClaSeq/results_updated/T1214/run2/divide_and_conquer/clades/clade_018/shuffle_03/group_003_unrelaxed_rank_001_alphafold2_ptm_model_1_seed_000.pdb,72.85562776957164,65.48410256410256,13,3.4706295,4.3757763
/fs/ess/PAA0203/xing244/AF_ClaSeq/results_updated/T1214/run2/divide_and_conquer/clades/clade_018/shuffle_03/group_002_unrelaxed_rank_001_alphafold2_ptm_model_1_seed_000.pdb,76.26586410635154,67.60923076923078,13,3.2401698,4.9052486
/fs/ess/PAA0203/xing244/AF_ClaSeq/results_updated/T1214/run2/divide_and_conquer/clades/clade_018/shuffle_03/group_006_unrelaxed_rank_001_alphafold2_ptm_model_1_seed_000.pdb,69.70518463810932,64.8548717948718,16,3.722758,5.2900558
/fs/ess/PAA0203/xing244/AF_ClaSeq/results_updated/T1214/run2/divide_and_conquer/clades/clade_018/shuffle_03/group_005_unrelaxed_rank_001_alphafold2_ptm_model_1_seed_000.pdb,76.11500738552438,68.34282051282051,13,3.4483345,4.824472
/fs/ess/PAA0203/xing244/AF_ClaSeq/results_updated/T1214/run2/divide_and_conquer/clades/clade_018/shuffle_03/group_001_unrelaxed_rank_001_alphafold2_ptm_model_1_seed_000.pdb,67.79121122599705,64.31974358974358,13,3.185004,4.8296895
/fs/ess/PAA0203/xing244/AF_ClaSeq/results_updated/T1214/run2/divide_and_conquer/clades/clade_018/shuffle_03/group_004_unrelaxed_rank_001_alphafold2_ptm_model_1_seed_000.pdb,73.06802067946825,67.87666666666665,13,3.4683254,5.2932515
/fs/ess/PAA0203/xing244/AF_ClaSeq/results_updated/T1214/run2/divide_and_conquer/clades/clade_018/shuffle_04/group_003_unrelaxed_rank_001_alphafold2_ptm_model_1_seed_000.pdb,72.02772525849336,64.78333333333333,13,3.332774,4.7599163
/fs/ess/PAA0203/xing244/AF_ClaSeq/results_updated/T1214/run2/divide_and_conquer/clades/clade_018/shuffle_04/group_002_unrelaxed_rank_001_alphafold2_ptm_model_1_seed_000.pdb,75.78271787296897,68.28846153846153,13,3.187653,5.312526
/fs/ess/PAA0203/xing244/AF_ClaSeq/results_updated/T1214/run2/divide_and_conquer/clades/clade_018/shuffle_04/group_006_unrelaxed_rank_001_alphafold2_ptm_model_1_seed_000.pdb,73.31022156573117,68.22769230769231,16,4.0085764,4.7636304
/fs/ess/PAA0203/xing244/AF_ClaSeq/results_updated/T1214/run2/divide_and_conquer/clades/clade_018/shuffle_04/group_005_unrelaxed_rank_001_alphafold2_ptm_model_1_seed_000.pdb,72.96994091580501,62.133333333333354,13,4.755325,5.194968
/fs/ess/PAA0203/xing244/AF_ClaSeq/results_updated/T1214/run2/divide_and_conquer/clades/clade_018/shuffle_04/group_001_unrelaxed_rank_001_alphafold2_ptm_model_1_seed_000.pdb,69.1607976366322,62.59820512820512,13,2.991577,5.024063
/fs/ess/PAA0203/xing244/AF_ClaSeq/results_updated/T1214/run2/divide_and_conquer/clades/clade_018/shuffle_04/group_004_unrelaxed_rank_001_alphafold2_ptm_model_1_seed_000.pdb,69.63703101920237,66.11564102564103,13,3.583205,5.0106726
/fs/ess/PAA0203/xing244/AF_ClaSeq/results_updated/T1214/run2/divide_and_conquer/clades/clade_018/shuffle_05/group_003_unrelaxed_rank_001_alphafold2_ptm_model_1_seed_000.pdb,76.12413589364846,69.7402564102564,13,2.8965394,5.7858367
/fs/ess/PAA0203/xing244/AF_ClaSeq/results_updated/T1214/run2/divide_and_conquer/clades/clade_018/shuffle_05/group_002_unrelaxed_rank_001_alphafold2_ptm_model_1_seed_000.pdb,65.34830132939437,60.49923076923078,13,3.9456606,5.4663134
/fs/ess/PAA0203/xing244/AF_ClaSeq/results_updated/T1214/run2/divide_and_conquer/clades/clade_018/shuffle_05/group_006_unrelaxed_rank_001_alphafold2_ptm_model_1_seed_000.pdb,68.52615952732644,62.881025641025644,16,3.276765,5.409073
/fs/ess/PAA0203/xing244/AF_ClaSeq/results_updated/T1214/run2/divide_and_conquer/clades/clade_018/shuffle_05/group_005_unrelaxed_rank_001_alphafold2_ptm_model_1_seed_000.pdb,63.59225997045791,58.50205128205128,13,4.388481,4.062669
/fs/ess/PAA0203/xing244/AF_ClaSeq/results_updated/T1214/run2/divide_and_conquer/clades/clade_018/shuffle_05/group_001_unrelaxed_rank_001_alphafold2_ptm_model_1_seed_000.pdb,72.4411669128508,66.13923076923078,13,3.7764487,4.4858103
/fs/ess/PAA0203/xing244/AF_ClaSeq/results_updated/T1214/run2/divide_and_conquer/clades/clade_018/shuffle_05/group_004_unrelaxed_rank_001_alphafold2_ptm_model_1_seed_000.pdb,73.13098966026588,67.59564102564104,13,4.0601764,5.2870007
/fs/ess/PAA0203/xing244/AF_ClaSeq/results_updated/T1214/run2/divide_and_conquer/clades/clade_018/shuffle_06/group_003_unrelaxed_rank_001_alphafold2_ptm_model_1_seed_000.pdb,74.83391432791728,68.39333333333333,13,5.379738,6.232126
/fs/ess/PAA0203/xing244/AF_ClaSeq/results_updated/T1214/run2/divide_and_conquer/clades/clade_018/shuffle_06/group_002_unrelaxed_rank_001_alphafold2_ptm_model_1_seed_000.pdb,72.79127031019203,64.09128205128205,13,3.5735857,4.195992
/fs/ess/PAA0203/xing244/AF_ClaSeq/results_updated/T1214/run2/divide_and_conquer/clades/clade_018/shuffle_06/group_006_unrelaxed_rank_001_alphafold2_ptm_model_1_seed_000.pdb,74.95282127031018,67.71564102564103,16,3.415091,5.6633873
/fs/ess/PAA0203/xing244/AF_ClaSeq/results_updated/T1214/run2/divide_and_conquer/clades/clade_018/shuffle_06/group_005_unrelaxed_rank_001_alphafold2_ptm_model_1_seed_000.pdb,71.42141802067947,66.33641025641026,13,3.191488,4.7449923
/fs/ess/PAA0203/xing244/AF_ClaSeq/results_updated/T1214/run2/divide_and_conquer/clades/clade_018/shuffle_06/group_001_unrelaxed_rank_001_alphafold2_ptm_model_1_seed_000.pdb,63.021580502215656,63.18923076923078,13,3.8809562,4.8923936
/fs/ess/PAA0203/xing244/AF_ClaSeq/results_updated/T1214/run2/divide_and_conquer/clades/clade_018/shuffle_06/group_004_unrelaxed_rank_001_alphafold2_ptm_model_1_seed_000.pdb,69.6722895125554,65.88076923076925,13,3.0721564,5.660582
/fs/ess/PAA0203/xing244/AF_ClaSeq/results_updated/T1214/run2/divide_and_conquer/clades/clade_018/shuffle_07/group_003_unrelaxed_rank_001_alphafold2_ptm_model_1_seed_000.pdb,72.89564254062039,66.98794871794871,13,3.5507114,4.236403
/fs/ess/PAA0203/xing244/AF_ClaSeq/results_updated/T1214/run2/divide_and_conquer/clades/clade_018/shuffle_07/group_002_unrelaxed_rank_001_alphafold2_ptm_model_1_seed_000.pdb,63.47304283604136,61.23025641025641,13,3.4227428,4.4189043
/fs/ess/PAA0203/xing244/AF_ClaSeq/results_updated/T1214/run2/divide_and_conquer/clades/clade_018/shuffle_07/group_006_unrelaxed_rank_001_alphafold2_ptm_model_1_seed_000.pdb,76.2669423929099,69.58435897435899,16,3.596955,5.2813625
/fs/ess/PAA0203/xing244/AF_ClaSeq/results_updated/T1214/run2/divide_and_conquer/clades/clade_018/shuffle_07/group_005_unrelaxed_rank_001_alphafold2_ptm_model_1_seed_000.pdb,69.70351550960117,65.09333333333333,13,3.172653,5.7161875
/fs/ess/PAA0203/xing244/AF_ClaSeq/results_updated/T1214/run2/divide_and_conquer/clades/clade_018/shuffle_07/group_001_unrelaxed_rank_001_alphafold2_ptm_model_1_seed_000.pdb,76.24697193500738,68.67461538461538,13,2.6443236,5.1040163
/fs/ess/PAA0203/xing244/AF_ClaSeq/results_updated/T1214/run2/divide_and_conquer/clades/clade_018/shuffle_07/group_004_unrelaxed_rank_001_alphafold2_ptm_model_1_seed_000.pdb,67.24924667651403,64.9253846153846,13,3.0856545,5.6680164
/fs/ess/PAA0203/xing244/AF_ClaSeq/results_updated/T1214/run2/divide_and_conquer/clades/clade_018/shuffle_08/group_003_unrelaxed_rank_001_alphafold2_ptm_model_1_seed_000.pdb,60.896440177252586,59.74153846153846,13,4.1514564,4.8389263
/fs/ess/PAA0203/xing244/AF_ClaSeq/results_updated/T1214/run2/divide_and_conquer/clades/clade_018/shuffle_08/group_002_unrelaxed_rank_001_alphafold2_ptm_model_1_seed_000.pdb,72.11240768094535,67.15794871794871,13,3.362182,5.42599
/fs/ess/PAA0203/xing244/AF_ClaSeq/results_updated/T1214/run2/divide_and_conquer/clades/clade_018/shuffle_08/group_006_unrelaxed_rank_001_alphafold2_ptm_model_1_seed_000.pdb,72.07921713441654,66.6628205128205,16,3.6853855,5.588556
/fs/ess/PAA0203/xing244/AF_ClaSeq/results_updated/T1214/run2/divide_and_conquer/clades/clade_018/shuffle_08/group_005_unrelaxed_rank_001_alphafold2_ptm_model_1_seed_000.pdb,70.53246676514031,66.00538461538461,13,3.5759313,5.1823487
/fs/ess/PAA0203/xing244/AF_ClaSeq/results_updated/T1214/run2/divide_and_conquer/clades/clade_018/shuffle_08/group_001_unrelaxed_rank_001_alphafold2_ptm_model_1_seed_000.pdb,78.15280649926144,72.42230769230768,13,3.0587163,5.023525
/fs/ess/PAA0203/xing244/AF_ClaSeq/results_updated/T1214/run2/divide_and_conquer/clades/clade_018/shuffle_08/group_004_unrelaxed_rank_001_alphafold2_ptm_model_1_seed_000.pdb,71.59772525849336,64.97871794871796,13,3.3495169,4.541413
/fs/ess/PAA0203/xing244/AF_ClaSeq/results_updated/T1214/run2/divide_and_conquer/clades/clade_018/shuffle_09/group_003_unrelaxed_rank_001_alphafold2_ptm_model_1_seed_000.pdb,71.57440177252585,67.13769230769229,13,3.3388588,4.9268894
/fs/ess/PAA0203/xing244/AF_ClaSeq/results_updated/T1214/run2/divide_and_conquer/clades/clade_018/shuffle_09/group_002_unrelaxed_rank_001_alphafold2_ptm_model_1_seed_000.pdb,59.99861152141802,62.15666666666667,13,3.195384,5.0349813
/fs/ess/PAA0203/xing244/AF_ClaSeq/results_updated/T1214/run2/divide_and_conquer/clades/clade_018/shuffle_09/group_006_unrelaxed_rank_001_alphafold2_ptm_model_1_seed_000.pdb,73.65519940915804,63.95769230769232,16,3.5200055,5.1995335
/fs/ess/PAA0203/xing244/AF_ClaSeq/results_updated/T1214/run2/divide_and_conquer/clades/clade_018/shuffle_09/group_005_unrelaxed_rank_001_alphafold2_ptm_model_1_seed_000.pdb,59.68652880354505,61.23512820512822,13,3.4028728,5.1594934
/fs/ess/PAA0203/xing244/AF_ClaSeq/results_updated/T1214/run2/divide_and_conquer/clades/clade_018/shuffle_09/group_001_unrelaxed_rank_001_alphafold2_ptm_model_1_seed_000.pdb,72.60212703101921,65.08153846153847,13,3.8835382,5.1958957
/fs/ess/PAA0203/xing244/AF_ClaSeq/results_updated/T1214/run2/divide_and_conquer/clades/clade_018/shuffle_09/group_004_unrelaxed_rank_001_alphafold2_ptm_model_1_seed_000.pdb,70.05892171344165,65.43846153846155,13,3.6804316,4.367591
/fs/ess/PAA0203/xing244/AF_ClaSeq/results_updated/T1214/run2/divide_and_conquer/clades/clade_018/shuffle_10/group_003_unrelaxed_rank_001_alphafold2_ptm_model_1_seed_000.pdb,76.02680945347119,67.05435897435898,13,3.8848846,4.657123
/fs/ess/PAA0203/xing244/AF_ClaSeq/results_updated/T1214/run2/divide_and_conquer/clades/clade_018/shuffle_10/group_002_unrelaxed_rank_001_alphafold2_ptm_model_1_seed_000.pdb,69.0994682422452,65.28948717948718,13,3.2553558,5.4947925
/fs/ess/PAA0203/xing244/AF_ClaSeq/results_updated/T1214/run2/divide_and_conquer/clades/clade_018/shuffle_10/group_006_unrelaxed_rank_001_alphafold2_ptm_model_1_seed_000.pdb,73.48973412112261,70.14384615384616,16,4.0031095,5.2712984
/fs/ess/PAA0203/xing244/AF_ClaSeq/results_updated/T1214/run2/divide_and_conquer/clades/clade_018/shuffle_10/group_005_unrelaxed_rank_001_alphafold2_ptm_model_1_seed_000.pdb,69.74057607090103,65.4125641025641,13,3.574881,4.5622854
/fs/ess/PAA0203/xing244/AF_ClaSeq/results_updated/T1214/run2/divide_and_conquer/clades/clade_018/shuffle_10/group_001_unrelaxed_rank_001_alphafold2_ptm_model_1_seed_000.pdb,72.04150664697194,65.28307692307693,13,2.5624018,5.686328
/fs/ess/PAA0203/xing244/AF_ClaSeq/results_updated/T1214/run2/divide_and_conquer/clades/clade_018/shuffle_10/group_004_unrelaxed_rank_001_alphafold2_ptm_model_1_seed_000.pdb,68.85986706056131,63.22974358974359,13,3.8268354,4.771719
/fs/ess/PAA0203/xing244/AF_ClaSeq/results_updated/T1214/run2/divide_and_conquer/clades/clade_019/shuffle_01/group_003_unrelaxed_rank_001_alphafold2_ptm_model_1_seed_000.pdb,65.16261447562776,55.06794871794872,13,2.9618053,3.8445787
/fs/ess/PAA0203/xing244/AF_ClaSeq/results_updated/T1214/run2/divide_and_conquer/clades/clade_019/shuffle_01/group_002_unrelaxed_rank_001_alphafold2_ptm_model_1_seed_000.pdb,71.56237813884786,68.60769230769229,13,3.3856804,3.6170638
/fs/ess/PAA0203/xing244/AF_ClaSeq/results_updated/T1214/run2/divide_and_conquer/clades/clade_019/shuffle_01/group_006_unrelaxed_rank_001_alphafold2_ptm_model_1_seed_000.pdb,67.1422599704579,71.77,15,3.4796722,3.3596516
/fs/ess/PAA0203/xing244/AF_ClaSeq/results_updated/T1214/run2/divide_and_conquer/clades/clade_019/shuffle_01/group_005_unrelaxed_rank_001_alphafold2_ptm_model_1_seed_000.pdb,58.620280649926144,60.18358974358974,13,3.7798445,3.5679185
/fs/ess/PAA0203/xing244/AF_ClaSeq/results_updated/T1214/run2/divide_and_conquer/clades/clade_019/shuffle_01/group_001_unrelaxed_rank_001_alphafold2_ptm_model_1_seed_000.pdb,73.50454948301329,66.52846153846154,13,3.8269985,3.1206844
/fs/ess/PAA0203/xing244/AF_ClaSeq/results_updated/T1214/run2/divide_and_conquer/clades/clade_019/shuffle_01/group_004_unrelaxed_rank_001_alphafold2_ptm_model_1_seed_000.pdb,69.63127031019202,71.53794871794874,13,3.730369,3.2582035
/fs/ess/PAA0203/xing244/AF_ClaSeq/results_updated/T1214/run2/divide_and_conquer/clades/clade_019/shuffle_02/group_003_unrelaxed_rank_001_alphafold2_ptm_model_1_seed_000.pdb,67.5130871491876,66.55461538461539,13,2.7170084,4.2468143
/fs/ess/PAA0203/xing244/AF_ClaSeq/results_updated/T1214/run2/divide_and_conquer/clades/clade_019/shuffle_02/group_002_unrelaxed_rank_001_alphafold2_ptm_model_1_seed_000.pdb,69.95031019202364,64.66153846153847,13,2.49937,4.403645
/fs/ess/PAA0203/xing244/AF_ClaSeq/results_updated/T1214/run2/divide_and_conquer/clades/clade_019/shuffle_02/group_006_unrelaxed_rank_001_alphafold2_ptm_model_1_seed_000.pdb,73.85850812407679,69.14076923076922,15,3.0045826,4.0033035
/fs/ess/PAA0203/xing244/AF_ClaSeq/results_updated/T1214/run2/divide_and_conquer/clades/clade_019/shuffle_02/group_005_unrelaxed_rank_001_alphafold2_ptm_model_1_seed_000.pdb,62.86447562776957,60.91333333333332,13,5.1714363,2.1524453
/fs/ess/PAA0203/xing244/AF_ClaSeq/results_updated/T1214/run2/divide_and_conquer/clades/clade_019/shuffle_02/group_001_unrelaxed_rank_001_alphafold2_ptm_model_1_seed_000.pdb,77.09032496307238,75.26897435897435,13,2.6371262,4.30791
/fs/ess/PAA0203/xing244/AF_ClaSeq/results_updated/T1214/run2/divide_and_conquer/clades/clade_019/shuffle_02/group_004_unrelaxed_rank_001_alphafold2_ptm_model_1_seed_000.pdb,60.23576070901034,65.36025641025641,13,2.110813,4.8157763
/fs/ess/PAA0203/xing244/AF_ClaSeq/results_updated/T1214/run2/divide_and_conquer/clades/clade_019/shuffle_03/group_003_unrelaxed_rank_001_alphafold2_ptm_model_1_seed_000.pdb,62.391772525849326,34.79538461538462,13,25.80337,26.65039
/fs/ess/PAA0203/xing244/AF_ClaSeq/results_updated/T1214/run2/divide_and_conquer/clades/clade_019/shuffle_03/group_002_unrelaxed_rank_001_alphafold2_ptm_model_1_seed_000.pdb,62.565701624815354,64.15102564102563,13,3.8237655,3.0556188
/fs/ess/PAA0203/xing244/AF_ClaSeq/results_updated/T1214/run2/divide_and_conquer/clades/clade_019/shuffle_03/group_006_unrelaxed_rank_001_alphafold2_ptm_model_1_seed_000.pdb,62.79051698670606,65.76333333333334,15,2.8629546,3.9227135
/fs/ess/PAA0203/xing244/AF_ClaSeq/results_updated/T1214/run2/divide_and_conquer/clades/clade_019/shuffle_03/group_005_unrelaxed_rank_001_alphafold2_ptm_model_1_seed_000.pdb,74.03807976366322,67.59897435897436,13,1.9580116,4.9901896
/fs/ess/PAA0203/xing244/AF_ClaSeq/results_updated/T1214/run2/divide_and_conquer/clades/clade_019/shuffle_03/group_001_unrelaxed_rank_001_alphafold2_ptm_model_1_seed_000.pdb,72.63630723781388,72.8151282051282,13,2.8155658,4.095187
/fs/ess/PAA0203/xing244/AF_ClaSeq/results_updated/T1214/run2/divide_and_conquer/clades/clade_019/shuffle_03/group_004_unrelaxed_rank_001_alphafold2_ptm_model_1_seed_000.pdb,66.39041358936485,46.49230769230769,13,4.416263,4.0820465
/fs/ess/PAA0203/xing244/AF_ClaSeq/results_updated/T1214/run2/divide_and_conquer/clades/clade_019/shuffle_04/group_003_unrelaxed_rank_001_alphafold2_ptm_model_1_seed_000.pdb,71.04556868537667,71.40307692307692,13,3.1727333,3.5854332
/fs/ess/PAA0203/xing244/AF_ClaSeq/results_updated/T1214/run2/divide_and_conquer/clades/clade_019/shuffle_04/group_002_unrelaxed_rank_001_alphafold2_ptm_model_1_seed_000.pdb,73.52388478581979,73.31538461538462,13,3.2160327,3.6665378
/fs/ess/PAA0203/xing244/AF_ClaSeq/results_updated/T1214/run2/divide_and_conquer/clades/clade_019/shuffle_04/group_006_unrelaxed_rank_001_alphafold2_ptm_model_1_seed_000.pdb,74.53150664697193,71.51615384615386,15,2.5462701,4.2012944
/fs/ess/PAA0203/xing244/AF_ClaSeq/results_updated/T1214/run2/divide_and_conquer/clades/clade_019/shuffle_04/group_005_unrelaxed_rank_001_alphafold2_ptm_model_1_seed_000.pdb,63.34822747415066,60.23487179487179,13,3.8490155,3.2795095
/fs/ess/PAA0203/xing244/AF_ClaSeq/results_updated/T1214/run2/divide_and_conquer/clades/clade_019/shuffle_04/group_001_unrelaxed_rank_001_alphafold2_ptm_model_1_seed_000.pdb,55.296041358936485,32.009487179487174,13,31.526688,31.942875
/fs/ess/PAA0203/xing244/AF_ClaSeq/results_updated/T1214/run2/divide_and_conquer/clades/clade_019/shuffle_04/group_004_unrelaxed_rank_001_alphafold2_ptm_model_1_seed_000.pdb,73.54635155096013,74.62589743589743,13,3.0201564,3.8822541
/fs/ess/PAA0203/xing244/AF_ClaSeq/results_updated/T1214/run2/divide_and_conquer/clades/clade_019/shuffle_05/group_003_unrelaxed_rank_001_alphafold2_ptm_model_1_seed_000.pdb,56.539675036927626,60.3051282051282,13,4.6684,2.6749573
/fs/ess/PAA0203/xing244/AF_ClaSeq/results_updated/T1214/run2/divide_and_conquer/clades/clade_019/shuffle_05/group_002_unrelaxed_rank_001_alphafold2_ptm_model_1_seed_000.pdb,71.10044313146233,70.42128205128205,13,3.0731103,3.7480257
/fs/ess/PAA0203/xing244/AF_ClaSeq/results_updated/T1214/run2/divide_and_conquer/clades/clade_019/shuffle_05/group_006_unrelaxed_rank_001_alphafold2_ptm_model_1_seed_000.pdb,72.17952732644017,73.49025641025642,15,3.6241007,3.329708
/fs/ess/PAA0203/xing244/AF_ClaSeq/results_updated/T1214/run2/divide_and_conquer/clades/clade_019/shuffle_05/group_005_unrelaxed_rank_001_alphafold2_ptm_model_1_seed_000.pdb,65.88079763663221,65.35461538461539,13,3.6286013,3.3691924
/fs/ess/PAA0203/xing244/AF_ClaSeq/results_updated/T1214/run2/divide_and_conquer/clades/clade_019/shuffle_05/group_001_unrelaxed_rank_001_alphafold2_ptm_model_1_seed_000.pdb,60.10005908419499,67.03410256410257,13,3.7051811,3.2707868
/fs/ess/PAA0203/xing244/AF_ClaSeq/results_updated/T1214/run2/divide_and_conquer/clades/clade_019/shuffle_05/group_004_unrelaxed_rank_001_alphafold2_ptm_model_1_seed_000.pdb,68.26341211225997,59.850512820512826,13,2.6527178,4.3587856
/fs/ess/PAA0203/xing244/AF_ClaSeq/results_updated/T1214/run2/divide_and_conquer/clades/clade_019/shuffle_06/group_003_unrelaxed_rank_001_alphafold2_ptm_model_1_seed_000.pdb,74.61543574593796,70.9876923076923,13,3.2958126,3.5150626
/fs/ess/PAA0203/xing244/AF_ClaSeq/results_updated/T1214/run2/divide_and_conquer/clades/clade_019/shuffle_06/group_002_unrelaxed_rank_001_alphafold2_ptm_model_1_seed_000.pdb,71.94211225997046,70.22179487179487,13,2.933573,4.054045
/fs/ess/PAA0203/xing244/AF_ClaSeq/results_updated/T1214/run2/divide_and_conquer/clades/clade_019/shuffle_06/group_006_unrelaxed_rank_001_alphafold2_ptm_model_1_seed_000.pdb,72.12447562776958,64.2476923076923,15,4.0964136,2.815476
/fs/ess/PAA0203/xing244/AF_ClaSeq/results_updated/T1214/run2/divide_and_conquer/clades/clade_019/shuffle_06/group_005_unrelaxed_rank_001_alphafold2_ptm_model_1_seed_000.pdb,73.54796159527326,70.58897435897435,13,3.6054306,3.31232
/fs/ess/PAA0203/xing244/AF_ClaSeq/results_updated/T1214/run2/divide_and_conquer/clades/clade_019/shuffle_06/group_001_unrelaxed_rank_001_alphafold2_ptm_model_1_seed_000.pdb,63.31748892171345,66.57794871794873,13,3.409717,3.5189946
/fs/ess/PAA0203/xing244/AF_ClaSeq/results_updated/T1214/run2/divide_and_conquer/clades/clade_019/shuffle_06/group_004_unrelaxed_rank_001_alphafold2_ptm_model_1_seed_000.pdb,65.63357459379615,63.74051282051283,13,2.4839096,4.4392366
/fs/ess/PAA0203/xing244/AF_ClaSeq/results_updated/T1214/run2/divide_and_conquer/clades/clade_019/shuffle_07/group_003_unrelaxed_rank_001_alphafold2_ptm_model_1_seed_000.pdb,64.80471196454948,66.79,13,3.4908779,3.321798
/fs/ess/PAA0203/xing244/AF_ClaSeq/results_updated/T1214/run2/divide_and_conquer/clades/clade_019/shuffle_07/group_002_unrelaxed_rank_001_alphafold2_ptm_model_1_seed_000.pdb,68.3688035450517,67.6,13,5.38156,3.203976
/fs/ess/PAA0203/xing244/AF_ClaSeq/results_updated/T1214/run2/divide_and_conquer/clades/clade_019/shuffle_07/group_006_unrelaxed_rank_001_alphafold2_ptm_model_1_seed_000.pdb,68.60579025110782,71.05897435897437,15,2.810476,4.099761
/fs/ess/PAA0203/xing244/AF_ClaSeq/results_updated/T1214/run2/divide_and_conquer/clades/clade_019/shuffle_07/group_005_unrelaxed_rank_001_alphafold2_ptm_model_1_seed_000.pdb,65.69450516986706,51.94692307692307,13,3.475742,4.0541534
/fs/ess/PAA0203/xing244/AF_ClaSeq/results_updated/T1214/run2/divide_and_conquer/clades/clade_019/shuffle_07/group_001_unrelaxed_rank_001_alphafold2_ptm_model_1_seed_000.pdb,58.51202363367799,63.12128205128204,13,3.9467623,3.6115038
/fs/ess/PAA0203/xing244/AF_ClaSeq/results_updated/T1214/run2/divide_and_conquer/clades/clade_019/shuffle_07/group_004_unrelaxed_rank_001_alphafold2_ptm_model_1_seed_000.pdb,71.22150664697193,67.48564102564102,13,3.43836,3.4905198
/fs/ess/PAA0203/xing244/AF_ClaSeq/results_updated/T1214/run2/divide_and_conquer/clades/clade_019/shuffle_08/group_003_unrelaxed_rank_001_alphafold2_ptm_model_1_seed_000.pdb,75.63295420974889,73.06820512820512,13,2.6378477,4.333907
/fs/ess/PAA0203/xing244/AF_ClaSeq/results_updated/T1214/run2/divide_and_conquer/clades/clade_019/shuffle_08/group_002_unrelaxed_rank_001_alphafold2_ptm_model_1_seed_000.pdb,72.25590841949779,67.62692307692308,13,2.6741748,4.200447
/fs/ess/PAA0203/xing244/AF_ClaSeq/results_updated/T1214/run2/divide_and_conquer/clades/clade_019/shuffle_08/group_006_unrelaxed_rank_001_alphafold2_ptm_model_1_seed_000.pdb,59.10958641063516,66.13769230769229,15,4.0189214,2.793796
/fs/ess/PAA0203/xing244/AF_ClaSeq/results_updated/T1214/run2/divide_and_conquer/clades/clade_019/shuffle_08/group_005_unrelaxed_rank_001_alphafold2_ptm_model_1_seed_000.pdb,67.72033973412113,69.7471794871795,13,3.3177562,3.49815
/fs/ess/PAA0203/xing244/AF_ClaSeq/results_updated/T1214/run2/divide_and_conquer/clades/clade_019/shuffle_08/group_001_unrelaxed_rank_001_alphafold2_ptm_model_1_seed_000.pdb,63.91180206794682,65.4074358974359,13,3.3744788,3.758276
/fs/ess/PAA0203/xing244/AF_ClaSeq/results_updated/T1214/run2/divide_and_conquer/clades/clade_019/shuffle_08/group_004_unrelaxed_rank_001_alphafold2_ptm_model_1_seed_000.pdb,65.27116691285082,51.1674358974359,13,4.070013,4.130998
/fs/ess/PAA0203/xing244/AF_ClaSeq/results_updated/T1214/run2/divide_and_conquer/clades/clade_019/shuffle_09/group_003_unrelaxed_rank_001_alphafold2_ptm_model_1_seed_000.pdb,75.85864106351552,70.08512820512821,13,3.8599973,3.3477998
/fs/ess/PAA0203/xing244/AF_ClaSeq/results_updated/T1214/run2/divide_and_conquer/clades/clade_019/shuffle_09/group_002_unrelaxed_rank_001_alphafold2_ptm_model_1_seed_000.pdb,59.21945347119645,62.30717948717949,13,1.9589949,4.905948
/fs/ess/PAA0203/xing244/AF_ClaSeq/results_updated/T1214/run2/divide_and_conquer/clades/clade_019/shuffle_09/group_006_unrelaxed_rank_001_alphafold2_ptm_model_1_seed_000.pdb,63.41292466765141,66.95794871794871,15,2.4480257,4.586471
/fs/ess/PAA0203/xing244/AF_ClaSeq/results_updated/T1214/run2/divide_and_conquer/clades/clade_019/shuffle_09/group_005_unrelaxed_rank_001_alphafold2_ptm_model_1_seed_000.pdb,70.45121122599704,68.59769230769231,13,2.9322581,3.9008887
/fs/ess/PAA0203/xing244/AF_ClaSeq/results_updated/T1214/run2/divide_and_conquer/clades/clade_019/shuffle_09/group_001_unrelaxed_rank_001_alphafold2_ptm_model_1_seed_000.pdb,63.29403249630723,66.26974358974361,13,2.9950528,4.8238935
/fs/ess/PAA0203/xing244/AF_ClaSeq/results_updated/T1214/run2/divide_and_conquer/clades/clade_019/shuffle_09/group_004_unrelaxed_rank_001_alphafold2_ptm_model_1_seed_000.pdb,60.61112259970457,66.55666666666667,13,3.7898037,3.2464225
/fs/ess/PAA0203/xing244/AF_ClaSeq/results_updated/T1214/run2/divide_and_conquer/clades/clade_019/shuffle_10/group_003_unrelaxed_rank_001_alphafold2_ptm_model_1_seed_000.pdb,65.51023633677991,65.2497435897436,13,3.3434193,3.6844215
/fs/ess/PAA0203/xing244/AF_ClaSeq/results_updated/T1214/run2/divide_and_conquer/clades/clade_019/shuffle_10/group_002_unrelaxed_rank_001_alphafold2_ptm_model_1_seed_000.pdb,69.1412259970458,62.18153846153846,13,2.8738253,4.4256144
/fs/ess/PAA0203/xing244/AF_ClaSeq/results_updated/T1214/run2/divide_and_conquer/clades/clade_019/shuffle_10/group_006_unrelaxed_rank_001_alphafold2_ptm_model_1_seed_000.pdb,69.531329394387,62.84897435897436,15,3.4561427,4.677648
/fs/ess/PAA0203/xing244/AF_ClaSeq/results_updated/T1214/run2/divide_and_conquer/clades/clade_019/shuffle_10/group_005_unrelaxed_rank_001_alphafold2_ptm_model_1_seed_000.pdb,66.83336779911374,65.44435897435898,13,4.3437357,2.4741836
/fs/ess/PAA0203/xing244/AF_ClaSeq/results_updated/T1214/run2/divide_and_conquer/clades/clade_019/shuffle_10/group_001_unrelaxed_rank_001_alphafold2_ptm_model_1_seed_000.pdb,71.0455834564254,71.05153846153847,13,3.6383443,3.1677506
/fs/ess/PAA0203/xing244/AF_ClaSeq/results_updated/T1214/run2/divide_and_conquer/clades/clade_019/shuffle_10/group_004_unrelaxed_rank_001_alphafold2_ptm_model_1_seed_000.pdb,67.37855243722304,66.06615384615384,13,4.405194,2.6312954
/fs/ess/PAA0203/xing244/AF_ClaSeq/results_updated/T1214/run2/divide_and_conquer/clades/clade_020/shuffle_01/group_003_unrelaxed_rank_001_alphafold2_ptm_model_1_seed_000.pdb,57.62840472673561,59.88179487179487,13,4.085352,3.5105991
/fs/ess/PAA0203/xing244/AF_ClaSeq/results_updated/T1214/run2/divide_and_conquer/clades/clade_020/shuffle_01/group_002_unrelaxed_rank_001_alphafold2_ptm_model_1_seed_000.pdb,59.294519940915805,61.15717948717949,13,5.0414324,2.966215
/fs/ess/PAA0203/xing244/AF_ClaSeq/results_updated/T1214/run2/divide_and_conquer/clades/clade_020/shuffle_01/group_005_unrelaxed_rank_001_alphafold2_ptm_model_1_seed_000.pdb,63.36940915805022,65.20589743589743,22,3.9602373,3.6295617
/fs/ess/PAA0203/xing244/AF_ClaSeq/results_updated/T1214/run2/divide_and_conquer/clades/clade_020/shuffle_01/group_001_unrelaxed_rank_001_alphafold2_ptm_model_1_seed_000.pdb,72.63660265878877,68.58974358974359,13,3.4946208,4.4196663
/fs/ess/PAA0203/xing244/AF_ClaSeq/results_updated/T1214/run2/divide_and_conquer/clades/clade_020/shuffle_01/group_004_unrelaxed_rank_001_alphafold2_ptm_model_1_seed_000.pdb,73.54562776957164,71.28461538461539,13,4.832881,2.8413262
/fs/ess/PAA0203/xing244/AF_ClaSeq/results_updated/T1214/run2/divide_and_conquer/clades/clade_020/shuffle_02/group_003_unrelaxed_rank_001_alphafold2_ptm_model_1_seed_000.pdb,70.19601181683899,63.89897435897436,13,2.298058,5.3662057
/fs/ess/PAA0203/xing244/AF_ClaSeq/results_updated/T1214/run2/divide_and_conquer/clades/clade_020/shuffle_02/group_002_unrelaxed_rank_001_alphafold2_ptm_model_1_seed_000.pdb,61.67509601181684,65.1228205128205,13,4.723251,4.4293766
/fs/ess/PAA0203/xing244/AF_ClaSeq/results_updated/T1214/run2/divide_and_conquer/clades/clade_020/shuffle_02/group_005_unrelaxed_rank_001_alphafold2_ptm_model_1_seed_000.pdb,71.08902511078287,65.90871794871796,22,6.4411473,2.2295108
/fs/ess/PAA0203/xing244/AF_ClaSeq/results_updated/T1214/run2/divide_and_conquer/clades/clade_020/shuffle_02/group_001_unrelaxed_rank_001_alphafold2_ptm_model_1_seed_000.pdb,58.83784342688331,63.713846153846156,13,5.8094635,2.540919
/fs/ess/PAA0203/xing244/AF_ClaSeq/results_updated/T1214/run2/divide_and_conquer/clades/clade_020/shuffle_02/group_004_unrelaxed_rank_001_alphafold2_ptm_model_1_seed_000.pdb,56.84129985228951,62.74282051282051,13,5.5582514,3.2791746
/fs/ess/PAA0203/xing244/AF_ClaSeq/results_updated/T1214/run2/divide_and_conquer/clades/clade_020/shuffle_03/group_003_unrelaxed_rank_001_alphafold2_ptm_model_1_seed_000.pdb,65.17307237813884,64.53,13,3.5751793,4.152409
/fs/ess/PAA0203/xing244/AF_ClaSeq/results_updated/T1214/run2/divide_and_conquer/clades/clade_020/shuffle_03/group_002_unrelaxed_rank_001_alphafold2_ptm_model_1_seed_000.pdb,70.47766617429838,68.63410256410256,13,3.3295667,4.75629
/fs/ess/PAA0203/xing244/AF_ClaSeq/results_updated/T1214/run2/divide_and_conquer/clades/clade_020/shuffle_03/group_005_unrelaxed_rank_001_alphafold2_ptm_model_1_seed_000.pdb,61.39999999999999,66.51641025641027,22,5.295853,2.524899
/fs/ess/PAA0203/xing244/AF_ClaSeq/results_updated/T1214/run2/divide_and_conquer/clades/clade_020/shuffle_03/group_001_unrelaxed_rank_001_alphafold2_ptm_model_1_seed_000.pdb,64.9307237813885,57.34897435897436,13,4.2115884,4.9094563
/fs/ess/PAA0203/xing244/AF_ClaSeq/results_updated/T1214/run2/divide_and_conquer/clades/clade_020/shuffle_03/group_004_unrelaxed_rank_001_alphafold2_ptm_model_1_seed_000.pdb,56.61477104874446,57.69435897435897,13,5.493748,2.905854
/fs/ess/PAA0203/xing244/AF_ClaSeq/results_updated/T1214/run2/divide_and_conquer/clades/clade_020/shuffle_04/group_003_unrelaxed_rank_001_alphafold2_ptm_model_1_seed_000.pdb,64.45719350073855,64.35307692307693,13,6.0321136,3.2138653
/fs/ess/PAA0203/xing244/AF_ClaSeq/results_updated/T1214/run2/divide_and_conquer/clades/clade_020/shuffle_04/group_002_unrelaxed_rank_001_alphafold2_ptm_model_1_seed_000.pdb,60.30583456425406,63.4951282051282,13,4.8047214,2.7331893
/fs/ess/PAA0203/xing244/AF_ClaSeq/results_updated/T1214/run2/divide_and_conquer/clades/clade_020/shuffle_04/group_005_unrelaxed_rank_001_alphafold2_ptm_model_1_seed_000.pdb,63.0185376661743,62.98871794871795,22,4.492221,3.283383
/fs/ess/PAA0203/xing244/AF_ClaSeq/results_updated/T1214/run2/divide_and_conquer/clades/clade_020/shuffle_04/group_001_unrelaxed_rank_001_alphafold2_ptm_model_1_seed_000.pdb,62.1687740029542,63.474871794871795,13,5.162242,2.8339248
/fs/ess/PAA0203/xing244/AF_ClaSeq/results_updated/T1214/run2/divide_and_conquer/clades/clade_020/shuffle_04/group_004_unrelaxed_rank_001_alphafold2_ptm_model_1_seed_000.pdb,56.53672082717873,63.61641025641024,13,5.3365426,2.616555
/fs/ess/PAA0203/xing244/AF_ClaSeq/results_updated/T1214/run2/divide_and_conquer/clades/clade_020/shuffle_05/group_003_unrelaxed_rank_001_alphafold2_ptm_model_1_seed_000.pdb,63.16528803545051,62.42692307692308,13,4.517036,3.0673304
/fs/ess/PAA0203/xing244/AF_ClaSeq/results_updated/T1214/run2/divide_and_conquer/clades/clade_020/shuffle_05/group_002_unrelaxed_rank_001_alphafold2_ptm_model_1_seed_000.pdb,64.53177252584933,63.855384615384615,13,5.182888,2.634216
/fs/ess/PAA0203/xing244/AF_ClaSeq/results_updated/T1214/run2/divide_and_conquer/clades/clade_020/shuffle_05/group_005_unrelaxed_rank_001_alphafold2_ptm_model_1_seed_000.pdb,74.34889217134416,66.86692307692306,22,5.221605,2.6268759
/fs/ess/PAA0203/xing244/AF_ClaSeq/results_updated/T1214/run2/divide_and_conquer/clades/clade_020/shuffle_05/group_001_unrelaxed_rank_001_alphafold2_ptm_model_1_seed_000.pdb,66.38918759231905,64.58487179487179,13,4.3507533,3.2436604
/fs/ess/PAA0203/xing244/AF_ClaSeq/results_updated/T1214/run2/divide_and_conquer/clades/clade_020/shuffle_05/group_004_unrelaxed_rank_001_alphafold2_ptm_model_1_seed_000.pdb,62.16617429837518,64.66589743589745,13,4.9165025,3.1542192
/fs/ess/PAA0203/xing244/AF_ClaSeq/results_updated/T1214/run2/divide_and_conquer/clades/clade_020/shuffle_06/group_003_unrelaxed_rank_001_alphafold2_ptm_model_1_seed_000.pdb,59.5507680945347,63.38641025641025,13,5.9045467,3.1268384
/fs/ess/PAA0203/xing244/AF_ClaSeq/results_updated/T1214/run2/divide_and_conquer/clades/clade_020/shuffle_06/group_002_unrelaxed_rank_001_alphafold2_ptm_model_1_seed_000.pdb,60.7201329394387,63.856153846153845,13,3.2775223,4.4063115
/fs/ess/PAA0203/xing244/AF_ClaSeq/results_updated/T1214/run2/divide_and_conquer/clades/clade_020/shuffle_06/group_005_unrelaxed_rank_001_alphafold2_ptm_model_1_seed_000.pdb,73.46110782865583,67.65641025641025,22,5.1396637,2.5958545
/fs/ess/PAA0203/xing244/AF_ClaSeq/results_updated/T1214/run2/divide_and_conquer/clades/clade_020/shuffle_06/group_001_unrelaxed_rank_001_alphafold2_ptm_model_1_seed_000.pdb,54.49621861152142,63.24435897435897,13,6.434715,3.0484564
/fs/ess/PAA0203/xing244/AF_ClaSeq/results_updated/T1214/run2/divide_and_conquer/clades/clade_020/shuffle_06/group_004_unrelaxed_rank_001_alphafold2_ptm_model_1_seed_000.pdb,56.996779911373714,63.123333333333335,13,6.1929474,3.669366
/fs/ess/PAA0203/xing244/AF_ClaSeq/results_updated/T1214/run2/divide_and_conquer/clades/clade_020/shuffle_07/group_003_unrelaxed_rank_001_alphafold2_ptm_model_1_seed_000.pdb,56.67147710487444,62.40512820512821,13,6.5105824,2.2847974
/fs/ess/PAA0203/xing244/AF_ClaSeq/results_updated/T1214/run2/divide_and_conquer/clades/clade_020/shuffle_07/group_002_unrelaxed_rank_001_alphafold2_ptm_model_1_seed_000.pdb,66.86709010339735,64.27076923076923,13,4.2078266,3.2946727
/fs/ess/PAA0203/xing244/AF_ClaSeq/results_updated/T1214/run2/divide_and_conquer/clades/clade_020/shuffle_07/group_005_unrelaxed_rank_001_alphafold2_ptm_model_1_seed_000.pdb,62.55064992614476,64.02025641025641,22,5.428154,3.4810357
/fs/ess/PAA0203/xing244/AF_ClaSeq/results_updated/T1214/run2/divide_and_conquer/clades/clade_020/shuffle_07/group_001_unrelaxed_rank_001_alphafold2_ptm_model_1_seed_000.pdb,57.3714623338257,62.104102564102575,13,4.087029,4.5543036
/fs/ess/PAA0203/xing244/AF_ClaSeq/results_updated/T1214/run2/divide_and_conquer/clades/clade_020/shuffle_07/group_004_unrelaxed_rank_001_alphafold2_ptm_model_1_seed_000.pdb,57.67806499261448,59.77051282051283,13,5.1691394,3.331859
/fs/ess/PAA0203/xing244/AF_ClaSeq/results_updated/T1214/run2/divide_and_conquer/clades/clade_020/shuffle_08/group_003_unrelaxed_rank_001_alphafold2_ptm_model_1_seed_000.pdb,63.98540620384047,64.38025641025642,13,4.177079,3.894201
/fs/ess/PAA0203/xing244/AF_ClaSeq/results_updated/T1214/run2/divide_and_conquer/clades/clade_020/shuffle_08/group_002_unrelaxed_rank_001_alphafold2_ptm_model_1_seed_000.pdb,59.073353028065,61.40666666666666,13,4.043736,3.6515322
/fs/ess/PAA0203/xing244/AF_ClaSeq/results_updated/T1214/run2/divide_and_conquer/clades/clade_020/shuffle_08/group_005_unrelaxed_rank_001_alphafold2_ptm_model_1_seed_000.pdb,69.67073855243721,67.31871794871795,22,4.7206373,2.7547374
/fs/ess/PAA0203/xing244/AF_ClaSeq/results_updated/T1214/run2/divide_and_conquer/clades/clade_020/shuffle_08/group_001_unrelaxed_rank_001_alphafold2_ptm_model_1_seed_000.pdb,58.969084194977846,61.7525641025641,13,5.3732505,2.61395
/fs/ess/PAA0203/xing244/AF_ClaSeq/results_updated/T1214/run2/divide_and_conquer/clades/clade_020/shuffle_08/group_004_unrelaxed_rank_001_alphafold2_ptm_model_1_seed_000.pdb,67.49847858197933,64.21923076923076,13,4.659153,3.8270283
/fs/ess/PAA0203/xing244/AF_ClaSeq/results_updated/T1214/run2/divide_and_conquer/clades/clade_020/shuffle_09/group_003_unrelaxed_rank_001_alphafold2_ptm_model_1_seed_000.pdb,59.07768094534711,60.97179487179488,13,4.429927,3.362799
/fs/ess/PAA0203/xing244/AF_ClaSeq/results_updated/T1214/run2/divide_and_conquer/clades/clade_020/shuffle_09/group_002_unrelaxed_rank_001_alphafold2_ptm_model_1_seed_000.pdb,58.82652880354506,62.13102564102566,13,5.6381316,2.3449013
/fs/ess/PAA0203/xing244/AF_ClaSeq/results_updated/T1214/run2/divide_and_conquer/clades/clade_020/shuffle_09/group_005_unrelaxed_rank_001_alphafold2_ptm_model_1_seed_000.pdb,66.4290398818316,61.70333333333334,22,2.6212049,5.13754
/fs/ess/PAA0203/xing244/AF_ClaSeq/results_updated/T1214/run2/divide_and_conquer/clades/clade_020/shuffle_09/group_001_unrelaxed_rank_001_alphafold2_ptm_model_1_seed_000.pdb,67.97394387001478,68.17641025641025,13,4.749859,2.9187934
/fs/ess/PAA0203/xing244/AF_ClaSeq/results_updated/T1214/run2/divide_and_conquer/clades/clade_020/shuffle_09/group_004_unrelaxed_rank_001_alphafold2_ptm_model_1_seed_000.pdb,62.207858197932055,63.403333333333336,13,4.1319036,3.5093682
/fs/ess/PAA0203/xing244/AF_ClaSeq/results_updated/T1214/run2/divide_and_conquer/clades/clade_020/shuffle_10/group_003_unrelaxed_rank_001_alphafold2_ptm_model_1_seed_000.pdb,67.93573116691284,64.73102564102564,13,3.321498,4.4215136
/fs/ess/PAA0203/xing244/AF_ClaSeq/results_updated/T1214/run2/divide_and_conquer/clades/clade_020/shuffle_10/group_002_unrelaxed_rank_001_alphafold2_ptm_model_1_seed_000.pdb,57.57010339734122,64.13282051282052,13,4.3497925,3.666013
/fs/ess/PAA0203/xing244/AF_ClaSeq/results_updated/T1214/run2/divide_and_conquer/clades/clade_020/shuffle_10/group_005_unrelaxed_rank_001_alphafold2_ptm_model_1_seed_000.pdb,63.136676514032494,66.0448717948718,22,4.705538,3.048629
/fs/ess/PAA0203/xing244/AF_ClaSeq/results_updated/T1214/run2/divide_and_conquer/clades/clade_020/shuffle_10/group_001_unrelaxed_rank_001_alphafold2_ptm_model_1_seed_000.pdb,57.50615952732644,59.343846153846165,13,3.7035415,4.444643
/fs/ess/PAA0203/xing244/AF_ClaSeq/results_updated/T1214/run2/divide_and_conquer/clades/clade_020/shuffle_10/group_004_unrelaxed_rank_001_alphafold2_ptm_model_1_seed_000.pdb,64.81227474150666,65.80974358974358,13,4.5531435,3.1464844
/fs/ess/PAA0203/xing244/AF_ClaSeq/results_updated/T1214/run2/divide_and_conquer/clades/clade_021/shuffle_01/group_003_unrelaxed_rank_001_alphafold2_ptm_model_1_seed_000.pdb,50.062023633677995,61.088461538461544,13,2.839846,4.9081426
/fs/ess/PAA0203/xing244/AF_ClaSeq/results_updated/T1214/run2/divide_and_conquer/clades/clade_021/shuffle_01/group_002_unrelaxed_rank_001_alphafold2_ptm_model_1_seed_000.pdb,57.004135893648446,43.93538461538463,13,5.7193394,3.8921163
/fs/ess/PAA0203/xing244/AF_ClaSeq/results_updated/T1214/run2/divide_and_conquer/clades/clade_021/shuffle_01/group_005_unrelaxed_rank_001_alphafold2_ptm_model_1_seed_000.pdb,50.61940915805022,57.55333333333332,20,3.4604998,4.1843247
/fs/ess/PAA0203/xing244/AF_ClaSeq/results_updated/T1214/run2/divide_and_conquer/clades/clade_021/shuffle_01/group_001_unrelaxed_rank_001_alphafold2_ptm_model_1_seed_000.pdb,42.11189069423929,43.65358974358975,13,5.5711303,7.024506
/fs/ess/PAA0203/xing244/AF_ClaSeq/results_updated/T1214/run2/divide_and_conquer/clades/clade_021/shuffle_01/group_004_unrelaxed_rank_001_alphafold2_ptm_model_1_seed_000.pdb,60.149010339734126,59.14025641025642,13,2.4412694,4.4898067
/fs/ess/PAA0203/xing244/AF_ClaSeq/results_updated/T1214/run2/divide_and_conquer/clades/clade_021/shuffle_02/group_003_unrelaxed_rank_001_alphafold2_ptm_model_1_seed_000.pdb,35.93215657311669,27.994871794871795,13,16.090708,15.741963
/fs/ess/PAA0203/xing244/AF_ClaSeq/results_updated/T1214/run2/divide_and_conquer/clades/clade_021/shuffle_02/group_002_unrelaxed_rank_001_alphafold2_ptm_model_1_seed_000.pdb,58.35168389955686,62.846666666666664,13,1.9334298,5.528933
/fs/ess/PAA0203/xing244/AF_ClaSeq/results_updated/T1214/run2/divide_and_conquer/clades/clade_021/shuffle_02/group_005_unrelaxed_rank_001_alphafold2_ptm_model_1_seed_000.pdb,60.23259970457903,62.23076923076924,20,4.0689445,4.165426
/fs/ess/PAA0203/xing244/AF_ClaSeq/results_updated/T1214/run2/divide_and_conquer/clades/clade_021/shuffle_02/group_001_unrelaxed_rank_001_alphafold2_ptm_model_1_seed_000.pdb,46.32844903988183,49.91897435897436,13,4.1907673,3.3944252
/fs/ess/PAA0203/xing244/AF_ClaSeq/results_updated/T1214/run2/divide_and_conquer/clades/clade_021/shuffle_02/group_004_unrelaxed_rank_001_alphafold2_ptm_model_1_seed_000.pdb,58.03725258493353,40.97461538461539,13,7.217622,4.557489
/fs/ess/PAA0203/xing244/AF_ClaSeq/results_updated/T1214/run2/divide_and_conquer/clades/clade_021/shuffle_03/group_003_unrelaxed_rank_001_alphafold2_ptm_model_1_seed_000.pdb,68.23215657311668,59.31769230769232,13,2.0109284,5.3814917
/fs/ess/PAA0203/xing244/AF_ClaSeq/results_updated/T1214/run2/divide_and_conquer/clades/clade_021/shuffle_03/group_002_unrelaxed_rank_001_alphafold2_ptm_model_1_seed_000.pdb,52.826115214180206,56.406410256410254,13,3.2679336,4.36779
/fs/ess/PAA0203/xing244/AF_ClaSeq/results_updated/T1214/run2/divide_and_conquer/clades/clade_021/shuffle_03/group_005_unrelaxed_rank_001_alphafold2_ptm_model_1_seed_000.pdb,68.42277695716396,67.21564102564102,20,3.6027005,3.6432607
/fs/ess/PAA0203/xing244/AF_ClaSeq/results_updated/T1214/run2/divide_and_conquer/clades/clade_021/shuffle_03/group_001_unrelaxed_rank_001_alphafold2_ptm_model_1_seed_000.pdb,45.05542097488921,56.70897435897437,13,2.4602125,5.2727404
/fs/ess/PAA0203/xing244/AF_ClaSeq/results_updated/T1214/run2/divide_and_conquer/clades/clade_021/shuffle_03/group_004_unrelaxed_rank_001_alphafold2_ptm_model_1_seed_000.pdb,61.181536189069426,47.27666666666666,13,4.36251,3.9048038
/fs/ess/PAA0203/xing244/AF_ClaSeq/results_updated/T1214/run2/divide_and_conquer/clades/clade_021/shuffle_04/group_003_unrelaxed_rank_001_alphafold2_ptm_model_1_seed_000.pdb,56.11512555391433,35.29974358974359,13,8.55789,9.522313
/fs/ess/PAA0203/xing244/AF_ClaSeq/results_updated/T1214/run2/divide_and_conquer/clades/clade_021/shuffle_04/group_002_unrelaxed_rank_001_alphafold2_ptm_model_1_seed_000.pdb,57.5333234859675,48.847948717948725,13,5.112756,4.4480543
/fs/ess/PAA0203/xing244/AF_ClaSeq/results_updated/T1214/run2/divide_and_conquer/clades/clade_021/shuffle_04/group_005_unrelaxed_rank_001_alphafold2_ptm_model_1_seed_000.pdb,68.37353028064993,66.19564102564102,20,2.5458286,4.4992056
/fs/ess/PAA0203/xing244/AF_ClaSeq/results_updated/T1214/run2/divide_and_conquer/clades/clade_021/shuffle_04/group_001_unrelaxed_rank_001_alphafold2_ptm_model_1_seed_000.pdb,50.10970457902512,57.27948717948719,13,4.4965506,4.828446
/fs/ess/PAA0203/xing244/AF_ClaSeq/results_updated/T1214/run2/divide_and_conquer/clades/clade_021/shuffle_04/group_004_unrelaxed_rank_001_alphafold2_ptm_model_1_seed_000.pdb,52.41940915805022,58.02179487179487,13,3.396006,4.166511
/fs/ess/PAA0203/xing244/AF_ClaSeq/results_updated/T1214/run2/divide_and_conquer/clades/clade_021/shuffle_05/group_003_unrelaxed_rank_001_alphafold2_ptm_model_1_seed_000.pdb,55.44796159527326,61.195128205128206,13,4.4615183,3.349542
/fs/ess/PAA0203/xing244/AF_ClaSeq/results_updated/T1214/run2/divide_and_conquer/clades/clade_021/shuffle_05/group_002_unrelaxed_rank_001_alphafold2_ptm_model_1_seed_000.pdb,63.169571639586415,59.408461538461545,13,3.835457,6.289002
/fs/ess/PAA0203/xing244/AF_ClaSeq/results_updated/T1214/run2/divide_and_conquer/clades/clade_021/shuffle_05/group_005_unrelaxed_rank_001_alphafold2_ptm_model_1_seed_000.pdb,71.55695716395864,69.11666666666667,20,3.4073572,4.0691733
/fs/ess/PAA0203/xing244/AF_ClaSeq/results_updated/T1214/run2/divide_and_conquer/clades/clade_021/shuffle_05/group_001_unrelaxed_rank_001_alphafold2_ptm_model_1_seed_000.pdb,52.71304283604135,36.94692307692308,13,9.025763,8.790202
/fs/ess/PAA0203/xing244/AF_ClaSeq/results_updated/T1214/run2/divide_and_conquer/clades/clade_021/shuffle_05/group_004_unrelaxed_rank_001_alphafold2_ptm_model_1_seed_000.pdb,55.10685376661743,53.13128205128205,13,3.5915852,4.045243
/fs/ess/PAA0203/xing244/AF_ClaSeq/results_updated/T1214/run2/divide_and_conquer/clades/clade_021/shuffle_06/group_003_unrelaxed_rank_001_alphafold2_ptm_model_1_seed_000.pdb,57.53483013293944,57.30974358974359,13,5.1392245,5.319163
/fs/ess/PAA0203/xing244/AF_ClaSeq/results_updated/T1214/run2/divide_and_conquer/clades/clade_021/shuffle_06/group_002_unrelaxed_rank_001_alphafold2_ptm_model_1_seed_000.pdb,38.854150664697194,29.61153846153847,13,9.239616,7.9238086
/fs/ess/PAA0203/xing244/AF_ClaSeq/results_updated/T1214/run2/divide_and_conquer/clades/clade_021/shuffle_06/group_005_unrelaxed_rank_001_alphafold2_ptm_model_1_seed_000.pdb,58.50871491875923,65.36538461538461,20,2.9934783,4.163694
/fs/ess/PAA0203/xing244/AF_ClaSeq/results_updated/T1214/run2/divide_and_conquer/clades/clade_021/shuffle_06/group_001_unrelaxed_rank_001_alphafold2_ptm_model_1_seed_000.pdb,53.754401772525846,49.33974358974359,13,4.979873,5.6939154
/fs/ess/PAA0203/xing244/AF_ClaSeq/results_updated/T1214/run2/divide_and_conquer/clades/clade_021/shuffle_06/group_004_unrelaxed_rank_001_alphafold2_ptm_model_1_seed_000.pdb,59.756868537666165,62.31384615384616,13,3.110332,3.9472814
/fs/ess/PAA0203/xing244/AF_ClaSeq/results_updated/T1214/run2/divide_and_conquer/clades/clade_021/shuffle_07/group_003_unrelaxed_rank_001_alphafold2_ptm_model_1_seed_000.pdb,53.83921713441654,39.30179487179487,13,7.8617425,8.55703
/fs/ess/PAA0203/xing244/AF_ClaSeq/results_updated/T1214/run2/divide_and_conquer/clades/clade_021/shuffle_07/group_002_unrelaxed_rank_001_alphafold2_ptm_model_1_seed_000.pdb,54.04485967503692,60.211794871794865,13,4.9517975,3.2955303
/fs/ess/PAA0203/xing244/AF_ClaSeq/results_updated/T1214/run2/divide_and_conquer/clades/clade_021/shuffle_07/group_005_unrelaxed_rank_001_alphafold2_ptm_model_1_seed_000.pdb,61.5417577548006,48.364102564102566,20,5.6345596,7.9296656
/fs/ess/PAA0203/xing244/AF_ClaSeq/results_updated/T1214/run2/divide_and_conquer/clades/clade_021/shuffle_07/group_001_unrelaxed_rank_001_alphafold2_ptm_model_1_seed_000.pdb,65.38289512555392,65.8623076923077,13,2.5412843,4.5915565
/fs/ess/PAA0203/xing244/AF_ClaSeq/results_updated/T1214/run2/divide_and_conquer/clades/clade_021/shuffle_07/group_004_unrelaxed_rank_001_alphafold2_ptm_model_1_seed_000.pdb,40.485878877400296,48.713333333333345,13,3.8149767,7.05739
/fs/ess/PAA0203/xing244/AF_ClaSeq/results_updated/T1214/run2/divide_and_conquer/clades/clade_021/shuffle_08/group_003_unrelaxed_rank_001_alphafold2_ptm_model_1_seed_000.pdb,55.79367799113737,49.420256410256414,13,4.0756984,4.7702274
/fs/ess/PAA0203/xing244/AF_ClaSeq/results_updated/T1214/run2/divide_and_conquer/clades/clade_021/shuffle_08/group_002_unrelaxed_rank_001_alphafold2_ptm_model_1_seed_000.pdb,54.275480059084195,58.7774358974359,13,1.6490101,5.3227253
/fs/ess/PAA0203/xing244/AF_ClaSeq/results_updated/T1214/run2/divide_and_conquer/clades/clade_021/shuffle_08/group_005_unrelaxed_rank_001_alphafold2_ptm_model_1_seed_000.pdb,56.74364844903989,52.17589743589744,20,5.9228926,5.2289257
/fs/ess/PAA0203/xing244/AF_ClaSeq/results_updated/T1214/run2/divide_and_conquer/clades/clade_021/shuffle_08/group_001_unrelaxed_rank_001_alphafold2_ptm_model_1_seed_000.pdb,50.1018611521418,56.28102564102564,13,3.4794314,4.4060645
/fs/ess/PAA0203/xing244/AF_ClaSeq/results_updated/T1214/run2/divide_and_conquer/clades/clade_021/shuffle_08/group_004_unrelaxed_rank_001_alphafold2_ptm_model_1_seed_000.pdb,50.09593796159527,58.71307692307691,13,3.8971598,3.1777294
/fs/ess/PAA0203/xing244/AF_ClaSeq/results_updated/T1214/run2/divide_and_conquer/clades/clade_021/shuffle_09/group_003_unrelaxed_rank_001_alphafold2_ptm_model_1_seed_000.pdb,55.150059084194986,60.54820512820513,13,2.8126743,4.6683054
/fs/ess/PAA0203/xing244/AF_ClaSeq/results_updated/T1214/run2/divide_and_conquer/clades/clade_021/shuffle_09/group_002_unrelaxed_rank_001_alphafold2_ptm_model_1_seed_000.pdb,42.7562776957164,45.370512820512815,13,6.4741054,9.222594
/fs/ess/PAA0203/xing244/AF_ClaSeq/results_updated/T1214/run2/divide_and_conquer/clades/clade_021/shuffle_09/group_005_unrelaxed_rank_001_alphafold2_ptm_model_1_seed_000.pdb,63.65358936484491,65.32692307692308,20,3.235194,3.792039
/fs/ess/PAA0203/xing244/AF_ClaSeq/results_updated/T1214/run2/divide_and_conquer/clades/clade_021/shuffle_09/group_001_unrelaxed_rank_001_alphafold2_ptm_model_1_seed_000.pdb,57.92816838995568,57.94153846153846,13,2.0945227,5.1158094
/fs/ess/PAA0203/xing244/AF_ClaSeq/results_updated/T1214/run2/divide_and_conquer/clades/clade_021/shuffle_09/group_004_unrelaxed_rank_001_alphafold2_ptm_model_1_seed_000.pdb,52.38927621861151,49.93641025641027,13,3.500024,4.030056
/fs/ess/PAA0203/xing244/AF_ClaSeq/results_updated/T1214/run2/divide_and_conquer/clades/clade_021/shuffle_10/group_003_unrelaxed_rank_001_alphafold2_ptm_model_1_seed_000.pdb,58.98849335302806,63.36179487179488,13,2.532877,4.95541
/fs/ess/PAA0203/xing244/AF_ClaSeq/results_updated/T1214/run2/divide_and_conquer/clades/clade_021/shuffle_10/group_002_unrelaxed_rank_001_alphafold2_ptm_model_1_seed_000.pdb,57.570354505169874,57.91897435897436,13,4.3971734,5.203798
/fs/ess/PAA0203/xing244/AF_ClaSeq/results_updated/T1214/run2/divide_and_conquer/clades/clade_021/shuffle_10/group_005_unrelaxed_rank_001_alphafold2_ptm_model_1_seed_000.pdb,61.76638109305761,63.832051282051275,20,2.693974,4.8755264
/fs/ess/PAA0203/xing244/AF_ClaSeq/results_updated/T1214/run2/divide_and_conquer/clades/clade_021/shuffle_10/group_001_unrelaxed_rank_001_alphafold2_ptm_model_1_seed_000.pdb,47.11397341211226,35.34410256410256,13,7.32921,6.5540137
/fs/ess/PAA0203/xing244/AF_ClaSeq/results_updated/T1214/run2/divide_and_conquer/clades/clade_021/shuffle_10/group_004_unrelaxed_rank_001_alphafold2_ptm_model_1_seed_000.pdb,53.13457902511078,59.14692307692308,13,3.5156443,3.988151
/fs/ess/PAA0203/xing244/AF_ClaSeq/results_updated/T1214/run2/divide_and_conquer/clades/clade_022/shuffle_01/group_003_unrelaxed_rank_001_alphafold2_ptm_model_1_seed_000.pdb,48.92545051698671,57.893846153846155,13,6.228752,4.1131854
/fs/ess/PAA0203/xing244/AF_ClaSeq/results_updated/T1214/run2/divide_and_conquer/clades/clade_022/shuffle_01/group_002_unrelaxed_rank_001_alphafold2_ptm_model_1_seed_000.pdb,56.86090103397341,64.94153846153844,13,5.2720222,2.8151872
/fs/ess/PAA0203/xing244/AF_ClaSeq/results_updated/T1214/run2/divide_and_conquer/clades/clade_022/shuffle_01/group_005_unrelaxed_rank_001_alphafold2_ptm_model_1_seed_000.pdb,64.40926144756278,67.3548717948718,20,6.2398005,2.2125237
/fs/ess/PAA0203/xing244/AF_ClaSeq/results_updated/T1214/run2/divide_and_conquer/clades/clade_022/shuffle_01/group_001_unrelaxed_rank_001_alphafold2_ptm_model_1_seed_000.pdb,56.02841949778435,62.67025641025641,13,5.1158814,2.6242807
/fs/ess/PAA0203/xing244/AF_ClaSeq/results_updated/T1214/run2/divide_and_conquer/clades/clade_022/shuffle_01/group_004_unrelaxed_rank_001_alphafold2_ptm_model_1_seed_000.pdb,55.19654357459379,64.4223076923077,13,5.9298463,2.1759448
/fs/ess/PAA0203/xing244/AF_ClaSeq/results_updated/T1214/run2/divide_and_conquer/clades/clade_022/shuffle_02/group_003_unrelaxed_rank_001_alphafold2_ptm_model_1_seed_000.pdb,52.295923190546524,47.318461538461534,13,5.039609,4.3478427
/fs/ess/PAA0203/xing244/AF_ClaSeq/results_updated/T1214/run2/divide_and_conquer/clades/clade_022/shuffle_02/group_002_unrelaxed_rank_001_alphafold2_ptm_model_1_seed_000.pdb,46.56914327917282,57.32282051282051,13,6.0473533,2.5243754
/fs/ess/PAA0203/xing244/AF_ClaSeq/results_updated/T1214/run2/divide_and_conquer/clades/clade_022/shuffle_02/group_005_unrelaxed_rank_001_alphafold2_ptm_model_1_seed_000.pdb,62.262525849335304,64.91487179487179,20,5.0177245,2.9711342
/fs/ess/PAA0203/xing244/AF_ClaSeq/results_updated/T1214/run2/divide_and_conquer/clades/clade_022/shuffle_02/group_001_unrelaxed_rank_001_alphafold2_ptm_model_1_seed_000.pdb,49.66432791728213,57.52179487179487,13,4.618751,5.582007
/fs/ess/PAA0203/xing244/AF_ClaSeq/results_updated/T1214/run2/divide_and_conquer/clades/clade_022/shuffle_02/group_004_unrelaxed_rank_001_alphafold2_ptm_model_1_seed_000.pdb,48.91236336779911,58.66128205128205,13,7.047699,4.108617
/fs/ess/PAA0203/xing244/AF_ClaSeq/results_updated/T1214/run2/divide_and_conquer/clades/clade_022/shuffle_03/group_003_unrelaxed_rank_001_alphafold2_ptm_model_1_seed_000.pdb,51.884830132939435,64.06333333333335,13,6.140442,2.391961
/fs/ess/PAA0203/xing244/AF_ClaSeq/results_updated/T1214/run2/divide_and_conquer/clades/clade_022/shuffle_03/group_002_unrelaxed_rank_001_alphafold2_ptm_model_1_seed_000.pdb,54.54679468242245,65.87128205128204,13,5.0497847,2.8853588
/fs/ess/PAA0203/xing244/AF_ClaSeq/results_updated/T1214/run2/divide_and_conquer/clades/clade_022/shuffle_03/group_005_unrelaxed_rank_001_alphafold2_ptm_model_1_seed_000.pdb,61.388064992614474,63.02512820512819,20,4.536931,3.4919057
/fs/ess/PAA0203/xing244/AF_ClaSeq/results_updated/T1214/run2/divide_and_conquer/clades/clade_022/shuffle_03/group_001_unrelaxed_rank_001_alphafold2_ptm_model_1_seed_000.pdb,48.622836041358944,58.80128205128204,13,5.908799,4.1970377
/fs/ess/PAA0203/xing244/AF_ClaSeq/results_updated/T1214/run2/divide_and_conquer/clades/clade_022/shuffle_03/group_004_unrelaxed_rank_001_alphafold2_ptm_model_1_seed_000.pdb,48.258227474150665,59.54871794871795,13,5.714555,2.4450018
/fs/ess/PAA0203/xing244/AF_ClaSeq/results_updated/T1214/run2/divide_and_conquer/clades/clade_022/shuffle_04/group_003_unrelaxed_rank_001_alphafold2_ptm_model_1_seed_000.pdb,51.09115214180207,61.40666666666666,13,5.5827084,2.6333942
/fs/ess/PAA0203/xing244/AF_ClaSeq/results_updated/T1214/run2/divide_and_conquer/clades/clade_022/shuffle_04/group_002_unrelaxed_rank_001_alphafold2_ptm_model_1_seed_000.pdb,53.60190546528804,62.86025641025641,13,6.324855,2.6358821
/fs/ess/PAA0203/xing244/AF_ClaSeq/results_updated/T1214/run2/divide_and_conquer/clades/clade_022/shuffle_04/group_005_unrelaxed_rank_001_alphafold2_ptm_model_1_seed_000.pdb,66.50370753323486,69.39358974358976,20,4.6149364,3.5936172
/fs/ess/PAA0203/xing244/AF_ClaSeq/results_updated/T1214/run2/divide_and_conquer/clades/clade_022/shuffle_04/group_001_unrelaxed_rank_001_alphafold2_ptm_model_1_seed_000.pdb,51.95431314623338,60.734102564102564,13,6.2473216,2.9375577
/fs/ess/PAA0203/xing244/AF_ClaSeq/results_updated/T1214/run2/divide_and_conquer/clades/clade_022/shuffle_04/group_004_unrelaxed_rank_001_alphafold2_ptm_model_1_seed_000.pdb,55.45487444608567,62.8925641025641,13,5.4586034,2.6400979
/fs/ess/PAA0203/xing244/AF_ClaSeq/results_updated/T1214/run2/divide_and_conquer/clades/clade_022/shuffle_05/group_003_unrelaxed_rank_001_alphafold2_ptm_model_1_seed_000.pdb,50.026558345642535,63.66897435897436,13,5.988078,2.6142347
/fs/ess/PAA0203/xing244/AF_ClaSeq/results_updated/T1214/run2/divide_and_conquer/clades/clade_022/shuffle_05/group_002_unrelaxed_rank_001_alphafold2_ptm_model_1_seed_000.pdb,53.73645494830132,53.72128205128205,13,6.7525673,5.0598164
/fs/ess/PAA0203/xing244/AF_ClaSeq/results_updated/T1214/run2/divide_and_conquer/clades/clade_022/shuffle_05/group_005_unrelaxed_rank_001_alphafold2_ptm_model_1_seed_000.pdb,57.14316100443131,64.78461538461538,20,5.718621,2.3276088
/fs/ess/PAA0203/xing244/AF_ClaSeq/results_updated/T1214/run2/divide_and_conquer/clades/clade_022/shuffle_05/group_001_unrelaxed_rank_001_alphafold2_ptm_model_1_seed_000.pdb,50.5967799113737,60.434871794871796,13,5.0240273,3.304139
/fs/ess/PAA0203/xing244/AF_ClaSeq/results_updated/T1214/run2/divide_and_conquer/clades/clade_022/shuffle_05/group_004_unrelaxed_rank_001_alphafold2_ptm_model_1_seed_000.pdb,49.35881831610044,61.524615384615394,13,4.311124,3.8214061
/fs/ess/PAA0203/xing244/AF_ClaSeq/results_updated/T1214/run2/divide_and_conquer/clades/clade_022/shuffle_06/group_003_unrelaxed_rank_001_alphafold2_ptm_model_1_seed_000.pdb,53.981329394387004,64.6825641025641,13,5.999375,2.5995843
/fs/ess/PAA0203/xing244/AF_ClaSeq/results_updated/T1214/run2/divide_and_conquer/clades/clade_022/shuffle_06/group_002_unrelaxed_rank_001_alphafold2_ptm_model_1_seed_000.pdb,49.063988183161,55.57102564102564,13,4.673951,3.9100523
/fs/ess/PAA0203/xing244/AF_ClaSeq/results_updated/T1214/run2/divide_and_conquer/clades/clade_022/shuffle_06/group_005_unrelaxed_rank_001_alphafold2_ptm_model_1_seed_000.pdb,55.3217282127031,63.41205128205129,20,5.584216,2.93191
/fs/ess/PAA0203/xing244/AF_ClaSeq/results_updated/T1214/run2/divide_and_conquer/clades/clade_022/shuffle_06/group_001_unrelaxed_rank_001_alphafold2_ptm_model_1_seed_000.pdb,51.15215657311669,52.72230769230768,13,6.832785,5.1723924
/fs/ess/PAA0203/xing244/AF_ClaSeq/results_updated/T1214/run2/divide_and_conquer/clades/clade_022/shuffle_06/group_004_unrelaxed_rank_001_alphafold2_ptm_model_1_seed_000.pdb,59.074859675036926,62.39487179487178,13,6.28879,2.8691244
/fs/ess/PAA0203/xing244/AF_ClaSeq/results_updated/T1214/run2/divide_and_conquer/clades/clade_022/shuffle_07/group_003_unrelaxed_rank_001_alphafold2_ptm_model_1_seed_000.pdb,50.64443131462334,63.72179487179486,13,5.4798393,3.1505563
/fs/ess/PAA0203/xing244/AF_ClaSeq/results_updated/T1214/run2/divide_and_conquer/clades/clade_022/shuffle_07/group_002_unrelaxed_rank_001_alphafold2_ptm_model_1_seed_000.pdb,56.7085376661743,64.86205128205128,13,5.6365085,2.4237247
/fs/ess/PAA0203/xing244/AF_ClaSeq/results_updated/T1214/run2/divide_and_conquer/clades/clade_022/shuffle_07/group_005_unrelaxed_rank_001_alphafold2_ptm_model_1_seed_000.pdb,46.536912850812406,57.14897435897436,20,7.111974,4.5559273
/fs/ess/PAA0203/xing244/AF_ClaSeq/results_updated/T1214/run2/divide_and_conquer/clades/clade_022/shuffle_07/group_001_unrelaxed_rank_001_alphafold2_ptm_model_1_seed_000.pdb,47.61500738552438,60.78102564102564,13,5.901201,2.5507128
/fs/ess/PAA0203/xing244/AF_ClaSeq/results_updated/T1214/run2/divide_and_conquer/clades/clade_022/shuffle_07/group_004_unrelaxed_rank_001_alphafold2_ptm_model_1_seed_000.pdb,52.749822747415074,64.50897435897436,13,4.841077,2.867421
/fs/ess/PAA0203/xing244/AF_ClaSeq/results_updated/T1214/run2/divide_and_conquer/clades/clade_022/shuffle_08/group_003_unrelaxed_rank_001_alphafold2_ptm_model_1_seed_000.pdb,52.42966026587889,62.08153846153846,13,5.701432,2.0889282
/fs/ess/PAA0203/xing244/AF_ClaSeq/results_updated/T1214/run2/divide_and_conquer/clades/clade_022/shuffle_08/group_002_unrelaxed_rank_001_alphafold2_ptm_model_1_seed_000.pdb,48.912836041358936,60.44820512820513,13,4.9558935,2.9248595
/fs/ess/PAA0203/xing244/AF_ClaSeq/results_updated/T1214/run2/divide_and_conquer/clades/clade_022/shuffle_08/group_005_unrelaxed_rank_001_alphafold2_ptm_model_1_seed_000.pdb,65.1289364844904,64.15358974358973,20,4.5612407,3.4844565
/fs/ess/PAA0203/xing244/AF_ClaSeq/results_updated/T1214/run2/divide_and_conquer/clades/clade_022/shuffle_08/group_001_unrelaxed_rank_001_alphafold2_ptm_model_1_seed_000.pdb,54.013441654357464,43.62307692307692,13,7.121267,4.939443
/fs/ess/PAA0203/xing244/AF_ClaSeq/results_updated/T1214/run2/divide_and_conquer/clades/clade_022/shuffle_08/group_004_unrelaxed_rank_001_alphafold2_ptm_model_1_seed_000.pdb,50.70512555391433,62.67717948717949,13,6.128075,3.5307395
/fs/ess/PAA0203/xing244/AF_ClaSeq/results_updated/T1214/run2/divide_and_conquer/clades/clade_022/shuffle_09/group_003_unrelaxed_rank_001_alphafold2_ptm_model_1_seed_000.pdb,51.458611521418014,58.85025641025641,13,6.388287,3.9586735
/fs/ess/PAA0203/xing244/AF_ClaSeq/results_updated/T1214/run2/divide_and_conquer/clades/clade_022/shuffle_09/group_002_unrelaxed_rank_001_alphafold2_ptm_model_1_seed_000.pdb,47.9314623338257,58.527692307692305,13,5.9883757,3.71812
/fs/ess/PAA0203/xing244/AF_ClaSeq/results_updated/T1214/run2/divide_and_conquer/clades/clade_022/shuffle_09/group_005_unrelaxed_rank_001_alphafold2_ptm_model_1_seed_000.pdb,56.629719350073856,64.81974358974358,20,6.0758176,2.469336
/fs/ess/PAA0203/xing244/AF_ClaSeq/results_updated/T1214/run2/divide_and_conquer/clades/clade_022/shuffle_09/group_001_unrelaxed_rank_001_alphafold2_ptm_model_1_seed_000.pdb,52.031905465288034,65.25179487179487,13,6.47978,2.4339306
/fs/ess/PAA0203/xing244/AF_ClaSeq/results_updated/T1214/run2/divide_and_conquer/clades/clade_022/shuffle_09/group_004_unrelaxed_rank_001_alphafold2_ptm_model_1_seed_000.pdb,56.11243722304283,64.31076923076922,13,6.732972,2.0756826
/fs/ess/PAA0203/xing244/AF_ClaSeq/results_updated/T1214/run2/divide_and_conquer/clades/clade_022/shuffle_10/group_003_unrelaxed_rank_001_alphafold2_ptm_model_1_seed_000.pdb,51.51573116691285,64.20589743589743,13,5.615713,2.590893
/fs/ess/PAA0203/xing244/AF_ClaSeq/results_updated/T1214/run2/divide_and_conquer/clades/clade_022/shuffle_10/group_002_unrelaxed_rank_001_alphafold2_ptm_model_1_seed_000.pdb,53.243353028064995,61.952051282051286,13,6.268179,3.4087937
/fs/ess/PAA0203/xing244/AF_ClaSeq/results_updated/T1214/run2/divide_and_conquer/clades/clade_022/shuffle_10/group_005_unrelaxed_rank_001_alphafold2_ptm_model_1_seed_000.pdb,52.38955686853766,61.5,20,5.6259527,2.78514
/fs/ess/PAA0203/xing244/AF_ClaSeq/results_updated/T1214/run2/divide_and_conquer/clades/clade_022/shuffle_10/group_001_unrelaxed_rank_001_alphafold2_ptm_model_1_seed_000.pdb,48.726100443131465,57.06769230769229,13,6.1725454,4.077833
/fs/ess/PAA0203/xing244/AF_ClaSeq/results_updated/T1214/run2/divide_and_conquer/clades/clade_022/shuffle_10/group_004_unrelaxed_rank_001_alphafold2_ptm_model_1_seed_000.pdb,50.22768094534712,62.79128205128207,13,5.3127756,2.2476583
/fs/ess/PAA0203/xing244/AF_ClaSeq/results_updated/T1214/run2/divide_and_conquer/clades/clade_023/shuffle_01/group_003_unrelaxed_rank_001_alphafold2_ptm_model_1_seed_000.pdb,69.3018611521418,68.64410256410255,13,3.7755141,3.4348838
/fs/ess/PAA0203/xing244/AF_ClaSeq/results_updated/T1214/run2/divide_and_conquer/clades/clade_023/shuffle_01/group_002_unrelaxed_rank_001_alphafold2_ptm_model_1_seed_000.pdb,75.28519940915805,72.00384615384617,13,3.5494657,3.4121673
/fs/ess/PAA0203/xing244/AF_ClaSeq/results_updated/T1214/run2/divide_and_conquer/clades/clade_023/shuffle_01/group_005_unrelaxed_rank_001_alphafold2_ptm_model_1_seed_000.pdb,66.66242245199408,66.14512820512819,19,4.290456,2.7161796
/fs/ess/PAA0203/xing244/AF_ClaSeq/results_updated/T1214/run2/divide_and_conquer/clades/clade_023/shuffle_01/group_001_unrelaxed_rank_001_alphafold2_ptm_model_1_seed_000.pdb,66.71685376661743,67.41,13,3.6129708,3.615214
/fs/ess/PAA0203/xing244/AF_ClaSeq/results_updated/T1214/run2/divide_and_conquer/clades/clade_023/shuffle_01/group_004_unrelaxed_rank_001_alphafold2_ptm_model_1_seed_000.pdb,61.51418020679468,65.54897435897435,13,4.8494105,3.1082199
/fs/ess/PAA0203/xing244/AF_ClaSeq/results_updated/T1214/run2/divide_and_conquer/clades/clade_023/shuffle_02/group_003_unrelaxed_rank_001_alphafold2_ptm_model_1_seed_000.pdb,69.68264401772527,66.40358974358975,13,3.8088315,4.1476364
/fs/ess/PAA0203/xing244/AF_ClaSeq/results_updated/T1214/run2/divide_and_conquer/clades/clade_023/shuffle_02/group_002_unrelaxed_rank_001_alphafold2_ptm_model_1_seed_000.pdb,64.32161004431315,65.61897435897436,13,4.2283654,3.4287136
/fs/ess/PAA0203/xing244/AF_ClaSeq/results_updated/T1214/run2/divide_and_conquer/clades/clade_023/shuffle_02/group_005_unrelaxed_rank_001_alphafold2_ptm_model_1_seed_000.pdb,67.85967503692763,66.20333333333333,19,4.490459,2.7727065
/fs/ess/PAA0203/xing244/AF_ClaSeq/results_updated/T1214/run2/divide_and_conquer/clades/clade_023/shuffle_02/group_001_unrelaxed_rank_001_alphafold2_ptm_model_1_seed_000.pdb,66.22892171344165,66.86333333333333,13,4.2541146,3.2314985
/fs/ess/PAA0203/xing244/AF_ClaSeq/results_updated/T1214/run2/divide_and_conquer/clades/clade_023/shuffle_02/group_004_unrelaxed_rank_001_alphafold2_ptm_model_1_seed_000.pdb,69.77841949778436,66.62051282051281,13,4.0120482,3.59342
/fs/ess/PAA0203/xing244/AF_ClaSeq/results_updated/T1214/run2/divide_and_conquer/clades/clade_023/shuffle_03/group_003_unrelaxed_rank_001_alphafold2_ptm_model_1_seed_000.pdb,68.4665731166913,68.76076923076923,13,3.391851,3.8342972
/fs/ess/PAA0203/xing244/AF_ClaSeq/results_updated/T1214/run2/divide_and_conquer/clades/clade_023/shuffle_03/group_002_unrelaxed_rank_001_alphafold2_ptm_model_1_seed_000.pdb,69.4989069423929,69.14717948717949,13,4.390321,2.9827235
/fs/ess/PAA0203/xing244/AF_ClaSeq/results_updated/T1214/run2/divide_and_conquer/clades/clade_023/shuffle_03/group_005_unrelaxed_rank_001_alphafold2_ptm_model_1_seed_000.pdb,64.3818611521418,63.195384615384626,19,4.2553596,3.0885935
/fs/ess/PAA0203/xing244/AF_ClaSeq/results_updated/T1214/run2/divide_and_conquer/clades/clade_023/shuffle_03/group_001_unrelaxed_rank_001_alphafold2_ptm_model_1_seed_000.pdb,77.52381093057606,71.46051282051282,13,3.5028696,3.5579088
/fs/ess/PAA0203/xing244/AF_ClaSeq/results_updated/T1214/run2/divide_and_conquer/clades/clade_023/shuffle_03/group_004_unrelaxed_rank_001_alphafold2_ptm_model_1_seed_000.pdb,71.21483013293944,66.13307692307694,13,4.304242,3.5061994
/fs/ess/PAA0203/xing244/AF_ClaSeq/results_updated/T1214/run2/divide_and_conquer/clades/clade_023/shuffle_04/group_003_unrelaxed_rank_001_alphafold2_ptm_model_1_seed_000.pdb,59.57444608567207,61.777179487179474,13,6.020791,1.5557476
/fs/ess/PAA0203/xing244/AF_ClaSeq/results_updated/T1214/run2/divide_and_conquer/clades/clade_023/shuffle_04/group_002_unrelaxed_rank_001_alphafold2_ptm_model_1_seed_000.pdb,65.60713441654357,55.373076923076916,13,6.0474024,3.086799
/fs/ess/PAA0203/xing244/AF_ClaSeq/results_updated/T1214/run2/divide_and_conquer/clades/clade_023/shuffle_04/group_005_unrelaxed_rank_001_alphafold2_ptm_model_1_seed_000.pdb,73.40861152141802,71.46102564102564,19,4.3913713,2.6214647
/fs/ess/PAA0203/xing244/AF_ClaSeq/results_updated/T1214/run2/divide_and_conquer/clades/clade_023/shuffle_04/group_001_unrelaxed_rank_001_alphafold2_ptm_model_1_seed_000.pdb,62.68184638109306,60.3574358974359,13,5.890001,2.7080743
/fs/ess/PAA0203/xing244/AF_ClaSeq/results_updated/T1214/run2/divide_and_conquer/clades/clade_023/shuffle_04/group_004_unrelaxed_rank_001_alphafold2_ptm_model_1_seed_000.pdb,71.517976366322,68.9874358974359,13,2.6063507,4.2629185
/fs/ess/PAA0203/xing244/AF_ClaSeq/results_updated/T1214/run2/divide_and_conquer/clades/clade_023/shuffle_05/group_003_unrelaxed_rank_001_alphafold2_ptm_model_1_seed_000.pdb,64.43110782865584,65.37230769230767,13,5.8228593,2.0796819
/fs/ess/PAA0203/xing244/AF_ClaSeq/results_updated/T1214/run2/divide_and_conquer/clades/clade_023/shuffle_05/group_002_unrelaxed_rank_001_alphafold2_ptm_model_1_seed_000.pdb,75.81787296898081,71.75025641025641,13,3.5073812,3.949373
/fs/ess/PAA0203/xing244/AF_ClaSeq/results_updated/T1214/run2/divide_and_conquer/clades/clade_023/shuffle_05/group_005_unrelaxed_rank_001_alphafold2_ptm_model_1_seed_000.pdb,77.75568685376662,71.97641025641025,19,2.5072465,4.6035805
/fs/ess/PAA0203/xing244/AF_ClaSeq/results_updated/T1214/run2/divide_and_conquer/clades/clade_023/shuffle_05/group_001_unrelaxed_rank_001_alphafold2_ptm_model_1_seed_000.pdb,66.57481536189069,63.51384615384614,13,6.279117,3.023494
/fs/ess/PAA0203/xing244/AF_ClaSeq/results_updated/T1214/run2/divide_and_conquer/clades/clade_023/shuffle_05/group_004_unrelaxed_rank_001_alphafold2_ptm_model_1_seed_000.pdb,63.68206794682422,64.38948717948718,13,4.5596976,3.006937
/fs/ess/PAA0203/xing244/AF_ClaSeq/results_updated/T1214/run2/divide_and_conquer/clades/clade_023/shuffle_06/group_003_unrelaxed_rank_001_alphafold2_ptm_model_1_seed_000.pdb,69.60567208271786,66.37897435897435,13,4.5085273,2.899692
/fs/ess/PAA0203/xing244/AF_ClaSeq/results_updated/T1214/run2/divide_and_conquer/clades/clade_023/shuffle_06/group_002_unrelaxed_rank_001_alphafold2_ptm_model_1_seed_000.pdb,63.15779911373708,63.09538461538461,13,4.6684384,2.9742134
/fs/ess/PAA0203/xing244/AF_ClaSeq/results_updated/T1214/run2/divide_and_conquer/clades/clade_023/shuffle_06/group_005_unrelaxed_rank_001_alphafold2_ptm_model_1_seed_000.pdb,68.92713441654357,67.47769230769231,19,6.0629816,1.663049
/fs/ess/PAA0203/xing244/AF_ClaSeq/results_updated/T1214/run2/divide_and_conquer/clades/clade_023/shuffle_06/group_001_unrelaxed_rank_001_alphafold2_ptm_model_1_seed_000.pdb,75.0602658788774,69.94641025641025,13,2.2435799,4.860974
/fs/ess/PAA0203/xing244/AF_ClaSeq/results_updated/T1214/run2/divide_and_conquer/clades/clade_023/shuffle_06/group_004_unrelaxed_rank_001_alphafold2_ptm_model_1_seed_000.pdb,64.47759231905465,66.84564102564104,13,3.3340063,3.6188397
/fs/ess/PAA0203/xing244/AF_ClaSeq/results_updated/T1214/run2/divide_and_conquer/clades/clade_023/shuffle_07/group_003_unrelaxed_rank_001_alphafold2_ptm_model_1_seed_000.pdb,63.09890694239291,64.3876923076923,13,4.373925,2.8386264
/fs/ess/PAA0203/xing244/AF_ClaSeq/results_updated/T1214/run2/divide_and_conquer/clades/clade_023/shuffle_07/group_002_unrelaxed_rank_001_alphafold2_ptm_model_1_seed_000.pdb,65.09550960118169,67.16820512820513,13,2.7415998,4.460123
/fs/ess/PAA0203/xing244/AF_ClaSeq/results_updated/T1214/run2/divide_and_conquer/clades/clade_023/shuffle_07/group_005_unrelaxed_rank_001_alphafold2_ptm_model_1_seed_000.pdb,70.43227474150663,69.2802564102564,19,3.8291564,3.9756973
/fs/ess/PAA0203/xing244/AF_ClaSeq/results_updated/T1214/run2/divide_and_conquer/clades/clade_023/shuffle_07/group_001_unrelaxed_rank_001_alphafold2_ptm_model_1_seed_000.pdb,62.85994091580503,65.95076923076923,13,3.9700794,4.05601
/fs/ess/PAA0203/xing244/AF_ClaSeq/results_updated/T1214/run2/divide_and_conquer/clades/clade_023/shuffle_07/group_004_unrelaxed_rank_001_alphafold2_ptm_model_1_seed_000.pdb,66.7736189069424,66.43923076923078,13,4.7501307,3.122198
/fs/ess/PAA0203/xing244/AF_ClaSeq/results_updated/T1214/run2/divide_and_conquer/clades/clade_023/shuffle_08/group_003_unrelaxed_rank_001_alphafold2_ptm_model_1_seed_000.pdb,69.35528803545051,69.46435897435897,13,4.116195,3.5351093
/fs/ess/PAA0203/xing244/AF_ClaSeq/results_updated/T1214/run2/divide_and_conquer/clades/clade_023/shuffle_08/group_002_unrelaxed_rank_001_alphafold2_ptm_model_1_seed_000.pdb,65.5090989660266,66.26641025641025,13,4.589038,2.741519
/fs/ess/PAA0203/xing244/AF_ClaSeq/results_updated/T1214/run2/divide_and_conquer/clades/clade_023/shuffle_08/group_005_unrelaxed_rank_001_alphafold2_ptm_model_1_seed_000.pdb,80.08301329394386,70.9253846153846,19,4.014582,3.9201503
/fs/ess/PAA0203/xing244/AF_ClaSeq/results_updated/T1214/run2/divide_and_conquer/clades/clade_023/shuffle_08/group_001_unrelaxed_rank_001_alphafold2_ptm_model_1_seed_000.pdb,66.50289512555392,62.69615384615385,13,5.126808,5.3388305
/fs/ess/PAA0203/xing244/AF_ClaSeq/results_updated/T1214/run2/divide_and_conquer/clades/clade_023/shuffle_08/group_004_unrelaxed_rank_001_alphafold2_ptm_model_1_seed_000.pdb,57.182732644017726,61.23538461538461,13,4.695322,2.6917675
/fs/ess/PAA0203/xing244/AF_ClaSeq/results_updated/T1214/run2/divide_and_conquer/clades/clade_023/shuffle_09/group_003_unrelaxed_rank_001_alphafold2_ptm_model_1_seed_000.pdb,65.35901033973413,64.08153846153847,13,3.960493,4.7789617
/fs/ess/PAA0203/xing244/AF_ClaSeq/results_updated/T1214/run2/divide_and_conquer/clades/clade_023/shuffle_09/group_002_unrelaxed_rank_001_alphafold2_ptm_model_1_seed_000.pdb,65.97515509601182,67.23230769230769,13,5.5883904,2.4125974
/fs/ess/PAA0203/xing244/AF_ClaSeq/results_updated/T1214/run2/divide_and_conquer/clades/clade_023/shuffle_09/group_005_unrelaxed_rank_001_alphafold2_ptm_model_1_seed_000.pdb,67.79788774002954,65.51102564102564,19,4.2584662,3.7648053
/fs/ess/PAA0203/xing244/AF_ClaSeq/results_updated/T1214/run2/divide_and_conquer/clades/clade_023/shuffle_09/group_001_unrelaxed_rank_001_alphafold2_ptm_model_1_seed_000.pdb,72.8961152141802,70.9028205128205,13,4.372134,2.9086704
/fs/ess/PAA0203/xing244/AF_ClaSeq/results_updated/T1214/run2/divide_and_conquer/clades/clade_023/shuffle_09/group_004_unrelaxed_rank_001_alphafold2_ptm_model_1_seed_000.pdb,64.43939438700147,64.16282051282052,13,5.0523844,2.812491
/fs/ess/PAA0203/xing244/AF_ClaSeq/results_updated/T1214/run2/divide_and_conquer/clades/clade_023/shuffle_10/group_003_unrelaxed_rank_001_alphafold2_ptm_model_1_seed_000.pdb,70.95444608567209,68.51589743589741,13,3.8494914,3.929987
/fs/ess/PAA0203/xing244/AF_ClaSeq/results_updated/T1214/run2/divide_and_conquer/clades/clade_023/shuffle_10/group_002_unrelaxed_rank_001_alphafold2_ptm_model_1_seed_000.pdb,66.06147710487446,66.8279487179487,13,5.818018,2.2888238
/fs/ess/PAA0203/xing244/AF_ClaSeq/results_updated/T1214/run2/divide_and_conquer/clades/clade_023/shuffle_10/group_005_unrelaxed_rank_001_alphafold2_ptm_model_1_seed_000.pdb,70.05901033973412,69.44512820512821,19,3.1924477,4.0645657
/fs/ess/PAA0203/xing244/AF_ClaSeq/results_updated/T1214/run2/divide_and_conquer/clades/clade_023/shuffle_10/group_001_unrelaxed_rank_001_alphafold2_ptm_model_1_seed_000.pdb,67.2841506646972,67.34743589743589,13,3.536698,4.2191525
/fs/ess/PAA0203/xing244/AF_ClaSeq/results_updated/T1214/run2/divide_and_conquer/clades/clade_023/shuffle_10/group_004_unrelaxed_rank_001_alphafold2_ptm_model_1_seed_000.pdb,67.12967503692761,69.10051282051282,13,7.0511622,1.8602931
/fs/ess/PAA0203/xing244/AF_ClaSeq/results_updated/T1214/run2/divide_and_conquer/clades/clade_024/shuffle_01/group_003_unrelaxed_rank_001_alphafold2_ptm_model_1_seed_000.pdb,47.448803545051696,56.358461538461526,13,5.274805,2.9342797
/fs/ess/PAA0203/xing244/AF_ClaSeq/results_updated/T1214/run2/divide_and_conquer/clades/clade_024/shuffle_01/group_002_unrelaxed_rank_001_alphafold2_ptm_model_1_seed_000.pdb,59.39093057607091,61.73025641025641,13,3.8100245,4.9592857
/fs/ess/PAA0203/xing244/AF_ClaSeq/results_updated/T1214/run2/divide_and_conquer/clades/clade_024/shuffle_01/group_005_unrelaxed_rank_001_alphafold2_ptm_model_1_seed_000.pdb,49.78906942392911,60.2925641025641,17,7.6317315,3.5474634
/fs/ess/PAA0203/xing244/AF_ClaSeq/results_updated/T1214/run2/divide_and_conquer/clades/clade_024/shuffle_01/group_001_unrelaxed_rank_001_alphafold2_ptm_model_1_seed_000.pdb,47.62131462333826,60.42512820512819,13,5.218292,2.99193
/fs/ess/PAA0203/xing244/AF_ClaSeq/results_updated/T1214/run2/divide_and_conquer/clades/clade_024/shuffle_01/group_004_unrelaxed_rank_001_alphafold2_ptm_model_1_seed_000.pdb,46.03010339734121,55.6325641025641,13,4.732311,4.4412484
/fs/ess/PAA0203/xing244/AF_ClaSeq/results_updated/T1214/run2/divide_and_conquer/clades/clade_024/shuffle_02/group_003_unrelaxed_rank_001_alphafold2_ptm_model_1_seed_000.pdb,49.114017725258485,59.932564102564115,13,6.546759,4.9576797
/fs/ess/PAA0203/xing244/AF_ClaSeq/results_updated/T1214/run2/divide_and_conquer/clades/clade_024/shuffle_02/group_002_unrelaxed_rank_001_alphafold2_ptm_model_1_seed_000.pdb,52.897843426883306,60.46820512820512,13,3.6510606,4.9184136
/fs/ess/PAA0203/xing244/AF_ClaSeq/results_updated/T1214/run2/divide_and_conquer/clades/clade_024/shuffle_02/group_005_unrelaxed_rank_001_alphafold2_ptm_model_1_seed_000.pdb,52.710827178729694,58.346666666666664,17,6.026752,2.935997
/fs/ess/PAA0203/xing244/AF_ClaSeq/results_updated/T1214/run2/divide_and_conquer/clades/clade_024/shuffle_02/group_001_unrelaxed_rank_001_alphafold2_ptm_model_1_seed_000.pdb,47.795184638109305,45.76923076923077,13,9.3670025,8.093766
/fs/ess/PAA0203/xing244/AF_ClaSeq/results_updated/T1214/run2/divide_and_conquer/clades/clade_024/shuffle_02/group_004_unrelaxed_rank_001_alphafold2_ptm_model_1_seed_000.pdb,50.00212703101921,59.1276923076923,13,5.258607,3.5829847
/fs/ess/PAA0203/xing244/AF_ClaSeq/results_updated/T1214/run2/divide_and_conquer/clades/clade_024/shuffle_03/group_003_unrelaxed_rank_001_alphafold2_ptm_model_1_seed_000.pdb,46.84155096011817,57.77846153846153,13,5.5387864,5.9010935
/fs/ess/PAA0203/xing244/AF_ClaSeq/results_updated/T1214/run2/divide_and_conquer/clades/clade_024/shuffle_03/group_002_unrelaxed_rank_001_alphafold2_ptm_model_1_seed_000.pdb,48.93410635155096,59.021025641025645,13,4.6896114,2.6777558
/fs/ess/PAA0203/xing244/AF_ClaSeq/results_updated/T1214/run2/divide_and_conquer/clades/clade_024/shuffle_03/group_005_unrelaxed_rank_001_alphafold2_ptm_model_1_seed_000.pdb,51.91477104874446,60.69615384615385,17,4.0758457,4.122495
/fs/ess/PAA0203/xing244/AF_ClaSeq/results_updated/T1214/run2/divide_and_conquer/clades/clade_024/shuffle_03/group_001_unrelaxed_rank_001_alphafold2_ptm_model_1_seed_000.pdb,50.574593796159526,61.20128205128205,13,4.3155217,3.6437645
/fs/ess/PAA0203/xing244/AF_ClaSeq/results_updated/T1214/run2/divide_and_conquer/clades/clade_024/shuffle_03/group_004_unrelaxed_rank_001_alphafold2_ptm_model_1_seed_000.pdb,45.93536189069424,58.15076923076922,13,6.858749,4.0370417
/fs/ess/PAA0203/xing244/AF_ClaSeq/results_updated/T1214/run2/divide_and_conquer/clades/clade_024/shuffle_04/group_003_unrelaxed_rank_001_alphafold2_ptm_model_1_seed_000.pdb,52.25468242245199,59.13025641025641,13,4.590815,3.3165903
/fs/ess/PAA0203/xing244/AF_ClaSeq/results_updated/T1214/run2/divide_and_conquer/clades/clade_024/shuffle_04/group_002_unrelaxed_rank_001_alphafold2_ptm_model_1_seed_000.pdb,55.71276218611521,64.24974358974359,13,5.5795817,3.4351907
/fs/ess/PAA0203/xing244/AF_ClaSeq/results_updated/T1214/run2/divide_and_conquer/clades/clade_024/shuffle_04/group_005_unrelaxed_rank_001_alphafold2_ptm_model_1_seed_000.pdb,55.18562776957164,62.77051282051283,17,4.575194,3.5033898
/fs/ess/PAA0203/xing244/AF_ClaSeq/results_updated/T1214/run2/divide_and_conquer/clades/clade_024/shuffle_04/group_001_unrelaxed_rank_001_alphafold2_ptm_model_1_seed_000.pdb,45.11152141802068,55.69358974358973,13,5.340489,4.5488577
/fs/ess/PAA0203/xing244/AF_ClaSeq/results_updated/T1214/run2/divide_and_conquer/clades/clade_024/shuffle_04/group_004_unrelaxed_rank_001_alphafold2_ptm_model_1_seed_000.pdb,47.77683899556869,58.129230769230766,13,2.937105,4.2840977
/fs/ess/PAA0203/xing244/AF_ClaSeq/results_updated/T1214/run2/divide_and_conquer/clades/clade_024/shuffle_05/group_003_unrelaxed_rank_001_alphafold2_ptm_model_1_seed_000.pdb,49.229483013293944,60.2876923076923,13,4.535562,3.5419395
/fs/ess/PAA0203/xing244/AF_ClaSeq/results_updated/T1214/run2/divide_and_conquer/clades/clade_024/shuffle_05/group_002_unrelaxed_rank_001_alphafold2_ptm_model_1_seed_000.pdb,46.59927621861152,57.98487179487179,13,5.088343,4.1710258
/fs/ess/PAA0203/xing244/AF_ClaSeq/results_updated/T1214/run2/divide_and_conquer/clades/clade_024/shuffle_05/group_005_unrelaxed_rank_001_alphafold2_ptm_model_1_seed_000.pdb,55.100664697193494,61.67282051282052,17,4.844729,3.06589
/fs/ess/PAA0203/xing244/AF_ClaSeq/results_updated/T1214/run2/divide_and_conquer/clades/clade_024/shuffle_05/group_001_unrelaxed_rank_001_alphafold2_ptm_model_1_seed_000.pdb,45.350103397341215,55.35025641025642,13,3.3266602,4.024438
/fs/ess/PAA0203/xing244/AF_ClaSeq/results_updated/T1214/run2/divide_and_conquer/clades/clade_024/shuffle_05/group_004_unrelaxed_rank_001_alphafold2_ptm_model_1_seed_000.pdb,46.52041358936484,58.353846153846156,13,5.3699827,2.9575922
/fs/ess/PAA0203/xing244/AF_ClaSeq/results_updated/T1214/run2/divide_and_conquer/clades/clade_024/shuffle_06/group_003_unrelaxed_rank_001_alphafold2_ptm_model_1_seed_000.pdb,50.99689807976365,63.217435897435884,13,6.588729,2.278231
/fs/ess/PAA0203/xing244/AF_ClaSeq/results_updated/T1214/run2/divide_and_conquer/clades/clade_024/shuffle_06/group_002_unrelaxed_rank_001_alphafold2_ptm_model_1_seed_000.pdb,48.6396011816839,60.49384615384616,13,6.6703353,4.016974
/fs/ess/PAA0203/xing244/AF_ClaSeq/results_updated/T1214/run2/divide_and_conquer/clades/clade_024/shuffle_06/group_005_unrelaxed_rank_001_alphafold2_ptm_model_1_seed_000.pdb,52.70974889217134,61.25435897435898,17,4.3279996,4.751354
/fs/ess/PAA0203/xing244/AF_ClaSeq/results_updated/T1214/run2/divide_and_conquer/clades/clade_024/shuffle_06/group_001_unrelaxed_rank_001_alphafold2_ptm_model_1_seed_000.pdb,48.866898079763665,59.37846153846152,13,3.8226898,4.150974
/fs/ess/PAA0203/xing244/AF_ClaSeq/results_updated/T1214/run2/divide_and_conquer/clades/clade_024/shuffle_06/group_004_unrelaxed_rank_001_alphafold2_ptm_model_1_seed_000.pdb,49.18144756277695,55.706153846153846,13,4.573154,5.203409
/fs/ess/PAA0203/xing244/AF_ClaSeq/results_updated/T1214/run2/divide_and_conquer/clades/clade_024/shuffle_07/group_003_unrelaxed_rank_001_alphafold2_ptm_model_1_seed_000.pdb,44.148847858197925,57.374615384615375,13,5.673322,3.4000509
/fs/ess/PAA0203/xing244/AF_ClaSeq/results_updated/T1214/run2/divide_and_conquer/clades/clade_024/shuffle_07/group_002_unrelaxed_rank_001_alphafold2_ptm_model_1_seed_000.pdb,58.76539143279172,65.07871794871797,13,3.7702634,3.111398
/fs/ess/PAA0203/xing244/AF_ClaSeq/results_updated/T1214/run2/divide_and_conquer/clades/clade_024/shuffle_07/group_005_unrelaxed_rank_001_alphafold2_ptm_model_1_seed_000.pdb,48.81778434268833,57.58666666666666,17,4.998856,3.930216
/fs/ess/PAA0203/xing244/AF_ClaSeq/results_updated/T1214/run2/divide_and_conquer/clades/clade_024/shuffle_07/group_001_unrelaxed_rank_001_alphafold2_ptm_model_1_seed_000.pdb,48.09514032496307,58.56051282051283,13,5.9476585,4.6335034
/fs/ess/PAA0203/xing244/AF_ClaSeq/results_updated/T1214/run2/divide_and_conquer/clades/clade_024/shuffle_07/group_004_unrelaxed_rank_001_alphafold2_ptm_model_1_seed_000.pdb,46.06791728212703,55.13128205128205,13,5.1785455,3.8482401
/fs/ess/PAA0203/xing244/AF_ClaSeq/results_updated/T1214/run2/divide_and_conquer/clades/clade_024/shuffle_08/group_003_unrelaxed_rank_001_alphafold2_ptm_model_1_seed_000.pdb,42.15211225997046,53.34717948717949,13,4.345732,5.003536
/fs/ess/PAA0203/xing244/AF_ClaSeq/results_updated/T1214/run2/divide_and_conquer/clades/clade_024/shuffle_08/group_002_unrelaxed_rank_001_alphafold2_ptm_model_1_seed_000.pdb,50.41652880354505,56.63589743589743,13,4.9135485,2.3654454
/fs/ess/PAA0203/xing244/AF_ClaSeq/results_updated/T1214/run2/divide_and_conquer/clades/clade_024/shuffle_08/group_005_unrelaxed_rank_001_alphafold2_ptm_model_1_seed_000.pdb,47.10618906942392,56.55410256410256,17,6.663448,4.273019
/fs/ess/PAA0203/xing244/AF_ClaSeq/results_updated/T1214/run2/divide_and_conquer/clades/clade_024/shuffle_08/group_001_unrelaxed_rank_001_alphafold2_ptm_model_1_seed_000.pdb,48.379940915805015,60.131538461538454,13,6.325161,3.4484284
/fs/ess/PAA0203/xing244/AF_ClaSeq/results_updated/T1214/run2/divide_and_conquer/clades/clade_024/shuffle_08/group_004_unrelaxed_rank_001_alphafold2_ptm_model_1_seed_000.pdb,47.33446085672083,60.54179487179488,13,6.1366334,3.67317
/fs/ess/PAA0203/xing244/AF_ClaSeq/results_updated/T1214/run2/divide_and_conquer/clades/clade_024/shuffle_09/group_003_unrelaxed_rank_001_alphafold2_ptm_model_1_seed_000.pdb,48.75313146233382,55.929743589743595,13,3.9400964,4.692885
/fs/ess/PAA0203/xing244/AF_ClaSeq/results_updated/T1214/run2/divide_and_conquer/clades/clade_024/shuffle_09/group_002_unrelaxed_rank_001_alphafold2_ptm_model_1_seed_000.pdb,48.44688330871492,58.93974358974359,13,4.9338717,4.5943217
/fs/ess/PAA0203/xing244/AF_ClaSeq/results_updated/T1214/run2/divide_and_conquer/clades/clade_024/shuffle_09/group_005_unrelaxed_rank_001_alphafold2_ptm_model_1_seed_000.pdb,52.54534711964549,60.22717948717949,17,5.3707533,2.6301436
/fs/ess/PAA0203/xing244/AF_ClaSeq/results_updated/T1214/run2/divide_and_conquer/clades/clade_024/shuffle_09/group_001_unrelaxed_rank_001_alphafold2_ptm_model_1_seed_000.pdb,56.95961595273265,65.55641025641025,13,4.920088,2.5250463
/fs/ess/PAA0203/xing244/AF_ClaSeq/results_updated/T1214/run2/divide_and_conquer/clades/clade_024/shuffle_09/group_004_unrelaxed_rank_001_alphafold2_ptm_model_1_seed_000.pdb,51.215125553914326,57.94102564102564,13,4.093676,5.694622
/fs/ess/PAA0203/xing244/AF_ClaSeq/results_updated/T1214/run2/divide_and_conquer/clades/clade_024/shuffle_10/group_003_unrelaxed_rank_001_alphafold2_ptm_model_1_seed_000.pdb,48.16632200886263,59.91230769230769,13,4.6496587,3.0457897
/fs/ess/PAA0203/xing244/AF_ClaSeq/results_updated/T1214/run2/divide_and_conquer/clades/clade_024/shuffle_10/group_002_unrelaxed_rank_001_alphafold2_ptm_model_1_seed_000.pdb,49.821550960118174,60.102564102564116,13,5.1120596,2.902466
/fs/ess/PAA0203/xing244/AF_ClaSeq/results_updated/T1214/run2/divide_and_conquer/clades/clade_024/shuffle_10/group_005_unrelaxed_rank_001_alphafold2_ptm_model_1_seed_000.pdb,62.261418020679464,61.82333333333334,17,4.2524056,4.2515664
/fs/ess/PAA0203/xing244/AF_ClaSeq/results_updated/T1214/run2/divide_and_conquer/clades/clade_024/shuffle_10/group_001_unrelaxed_rank_001_alphafold2_ptm_model_1_seed_000.pdb,47.8594682422452,60.99384615384615,13,5.5361633,2.835987
/fs/ess/PAA0203/xing244/AF_ClaSeq/results_updated/T1214/run2/divide_and_conquer/clades/clade_024/shuffle_10/group_004_unrelaxed_rank_001_alphafold2_ptm_model_1_seed_000.pdb,47.673146233382575,57.77410256410256,13,5.014135,6.3340116
/fs/ess/PAA0203/xing244/AF_ClaSeq/results_updated/T1214/run2/divide_and_conquer/clades/clade_025/shuffle_01/group_003_unrelaxed_rank_001_alphafold2_ptm_model_1_seed_000.pdb,50.03153618906941,60.54435897435898,13,5.3036137,2.8964374
/fs/ess/PAA0203/xing244/AF_ClaSeq/results_updated/T1214/run2/divide_and_conquer/clades/clade_025/shuffle_01/group_002_unrelaxed_rank_001_alphafold2_ptm_model_1_seed_000.pdb,50.396971935007386,57.780256410256406,13,2.8741417,4.3320284
/fs/ess/PAA0203/xing244/AF_ClaSeq/results_updated/T1214/run2/divide_and_conquer/clades/clade_025/shuffle_01/group_005_unrelaxed_rank_001_alphafold2_ptm_model_1_seed_000.pdb,66.06273264401773,68.14820512820512,14,2.0825968,4.886992
/fs/ess/PAA0203/xing244/AF_ClaSeq/results_updated/T1214/run2/divide_and_conquer/clades/clade_025/shuffle_01/group_001_unrelaxed_rank_001_alphafold2_ptm_model_1_seed_000.pdb,55.44180206794683,62.42307692307692,13,2.799487,4.0557
/fs/ess/PAA0203/xing244/AF_ClaSeq/results_updated/T1214/run2/divide_and_conquer/clades/clade_025/shuffle_01/group_004_unrelaxed_rank_001_alphafold2_ptm_model_1_seed_000.pdb,55.719290989660266,62.724615384615376,13,1.8352172,5.7305384
/fs/ess/PAA0203/xing244/AF_ClaSeq/results_updated/T1214/run2/divide_and_conquer/clades/clade_025/shuffle_02/group_003_unrelaxed_rank_001_alphafold2_ptm_model_1_seed_000.pdb,60.62171344165436,51.648974358974364,13,5.9423957,9.869613
/fs/ess/PAA0203/xing244/AF_ClaSeq/results_updated/T1214/run2/divide_and_conquer/clades/clade_025/shuffle_02/group_002_unrelaxed_rank_001_alphafold2_ptm_model_1_seed_000.pdb,49.984283604135896,30.26589743589744,13,27.622911,28.34444
/fs/ess/PAA0203/xing244/AF_ClaSeq/results_updated/T1214/run2/divide_and_conquer/clades/clade_025/shuffle_02/group_005_unrelaxed_rank_001_alphafold2_ptm_model_1_seed_000.pdb,44.258833087149185,30.602820512820518,14,27.406025,28.914331
/fs/ess/PAA0203/xing244/AF_ClaSeq/results_updated/T1214/run2/divide_and_conquer/clades/clade_025/shuffle_02/group_001_unrelaxed_rank_001_alphafold2_ptm_model_1_seed_000.pdb,57.111211225997046,47.442307692307686,13,4.4452953,6.011325
/fs/ess/PAA0203/xing244/AF_ClaSeq/results_updated/T1214/run2/divide_and_conquer/clades/clade_025/shuffle_02/group_004_unrelaxed_rank_001_alphafold2_ptm_model_1_seed_000.pdb,56.23271787296898,66.1825641025641,13,2.1345963,5.1528053
/fs/ess/PAA0203/xing244/AF_ClaSeq/results_updated/T1214/run2/divide_and_conquer/clades/clade_025/shuffle_03/group_003_unrelaxed_rank_001_alphafold2_ptm_model_1_seed_000.pdb,58.1243870014771,63.76153846153846,13,4.577488,3.596517
/fs/ess/PAA0203/xing244/AF_ClaSeq/results_updated/T1214/run2/divide_and_conquer/clades/clade_025/shuffle_03/group_002_unrelaxed_rank_001_alphafold2_ptm_model_1_seed_000.pdb,54.11223042836042,48.341794871794875,13,4.4148073,5.182112
/fs/ess/PAA0203/xing244/AF_ClaSeq/results_updated/T1214/run2/divide_and_conquer/clades/clade_025/shuffle_03/group_005_unrelaxed_rank_001_alphafold2_ptm_model_1_seed_000.pdb,51.65673559822748,32.239487179487185,14,25.315723,27.539238
/fs/ess/PAA0203/xing244/AF_ClaSeq/results_updated/T1214/run2/divide_and_conquer/clades/clade_025/shuffle_03/group_001_unrelaxed_rank_001_alphafold2_ptm_model_1_seed_000.pdb,55.781033973412114,63.1974358974359,13,2.8339891,4.0977206
/fs/ess/PAA0203/xing244/AF_ClaSeq/results_updated/T1214/run2/divide_and_conquer/clades/clade_025/shuffle_03/group_004_unrelaxed_rank_001_alphafold2_ptm_model_1_seed_000.pdb,57.084372230428365,59.352564102564116,13,3.4770906,3.7357051
/fs/ess/PAA0203/xing244/AF_ClaSeq/results_updated/T1214/run2/divide_and_conquer/clades/clade_025/shuffle_04/group_003_unrelaxed_rank_001_alphafold2_ptm_model_1_seed_000.pdb,66.20503692762186,68.40435897435897,13,3.4470959,3.3544838
/fs/ess/PAA0203/xing244/AF_ClaSeq/results_updated/T1214/run2/divide_and_conquer/clades/clade_025/shuffle_04/group_002_unrelaxed_rank_001_alphafold2_ptm_model_1_seed_000.pdb,60.98935007385524,66.9905128205128,13,3.9774427,3.3256497
/fs/ess/PAA0203/xing244/AF_ClaSeq/results_updated/T1214/run2/divide_and_conquer/clades/clade_025/shuffle_04/group_005_unrelaxed_rank_001_alphafold2_ptm_model_1_seed_000.pdb,59.18262924667651,65.79512820512821,14,1.9173552,5.8387127
/fs/ess/PAA0203/xing244/AF_ClaSeq/results_updated/T1214/run2/divide_and_conquer/clades/clade_025/shuffle_04/group_001_unrelaxed_rank_001_alphafold2_ptm_model_1_seed_000.pdb,54.420797636632194,64.01051282051283,13,2.2413032,4.7449217
/fs/ess/PAA0203/xing244/AF_ClaSeq/results_updated/T1214/run2/divide_and_conquer/clades/clade_025/shuffle_04/group_004_unrelaxed_rank_001_alphafold2_ptm_model_1_seed_000.pdb,43.29,26.913076923076922,13,29.893717,30.647688
/fs/ess/PAA0203/xing244/AF_ClaSeq/results_updated/T1214/run2/divide_and_conquer/clades/clade_025/shuffle_05/group_003_unrelaxed_rank_001_alphafold2_ptm_model_1_seed_000.pdb,62.49751846381094,62.07333333333334,13,2.6011262,4.36402
/fs/ess/PAA0203/xing244/AF_ClaSeq/results_updated/T1214/run2/divide_and_conquer/clades/clade_025/shuffle_05/group_002_unrelaxed_rank_001_alphafold2_ptm_model_1_seed_000.pdb,40.14859675036927,29.97794871794872,13,11.997944,7.964251
/fs/ess/PAA0203/xing244/AF_ClaSeq/results_updated/T1214/run2/divide_and_conquer/clades/clade_025/shuffle_05/group_005_unrelaxed_rank_001_alphafold2_ptm_model_1_seed_000.pdb,57.8137223042836,64.62692307692308,14,1.5127068,5.9563746
/fs/ess/PAA0203/xing244/AF_ClaSeq/results_updated/T1214/run2/divide_and_conquer/clades/clade_025/shuffle_05/group_001_unrelaxed_rank_001_alphafold2_ptm_model_1_seed_000.pdb,55.57057607090103,59.86410256410257,13,3.917088,4.169168
/fs/ess/PAA0203/xing244/AF_ClaSeq/results_updated/T1214/run2/divide_and_conquer/clades/clade_025/shuffle_05/group_004_unrelaxed_rank_001_alphafold2_ptm_model_1_seed_000.pdb,55.566011816839,62.17692307692308,13,3.14329,4.8584323
/fs/ess/PAA0203/xing244/AF_ClaSeq/results_updated/T1214/run2/divide_and_conquer/clades/clade_025/shuffle_06/group_003_unrelaxed_rank_001_alphafold2_ptm_model_1_seed_000.pdb,38.74033973412112,27.30205128205128,13,29.304544,33.03582
/fs/ess/PAA0203/xing244/AF_ClaSeq/results_updated/T1214/run2/divide_and_conquer/clades/clade_025/shuffle_06/group_002_unrelaxed_rank_001_alphafold2_ptm_model_1_seed_000.pdb,53.023013293943876,33.304615384615396,13,21.950207,24.765175
/fs/ess/PAA0203/xing244/AF_ClaSeq/results_updated/T1214/run2/divide_and_conquer/clades/clade_025/shuffle_06/group_005_unrelaxed_rank_001_alphafold2_ptm_model_1_seed_000.pdb,63.26088626292466,68.59820512820512,14,2.363106,4.6573195
/fs/ess/PAA0203/xing244/AF_ClaSeq/results_updated/T1214/run2/divide_and_conquer/clades/clade_025/shuffle_06/group_001_unrelaxed_rank_001_alphafold2_ptm_model_1_seed_000.pdb,58.94041358936485,63.16692307692307,13,3.7640603,3.7566473
/fs/ess/PAA0203/xing244/AF_ClaSeq/results_updated/T1214/run2/divide_and_conquer/clades/clade_025/shuffle_06/group_004_unrelaxed_rank_001_alphafold2_ptm_model_1_seed_000.pdb,57.800989660265884,62.406410256410254,13,1.8983222,5.416898
/fs/ess/PAA0203/xing244/AF_ClaSeq/results_updated/T1214/run2/divide_and_conquer/clades/clade_025/shuffle_07/group_003_unrelaxed_rank_001_alphafold2_ptm_model_1_seed_000.pdb,57.493899556868534,65.63846153846156,13,5.340953,3.9438415
/fs/ess/PAA0203/xing244/AF_ClaSeq/results_updated/T1214/run2/divide_and_conquer/clades/clade_025/shuffle_07/group_002_unrelaxed_rank_001_alphafold2_ptm_model_1_seed_000.pdb,54.44843426883308,61.12897435897436,13,4.732112,3.7153568
/fs/ess/PAA0203/xing244/AF_ClaSeq/results_updated/T1214/run2/divide_and_conquer/clades/clade_025/shuffle_07/group_005_unrelaxed_rank_001_alphafold2_ptm_model_1_seed_000.pdb,51.46660265878877,41.13564102564102,14,3.3079648,7.514816
/fs/ess/PAA0203/xing244/AF_ClaSeq/results_updated/T1214/run2/divide_and_conquer/clades/clade_025/shuffle_07/group_001_unrelaxed_rank_001_alphafold2_ptm_model_1_seed_000.pdb,61.17884785819793,68.79897435897435,13,2.1171455,4.768266
/fs/ess/PAA0203/xing244/AF_ClaSeq/results_updated/T1214/run2/divide_and_conquer/clades/clade_025/shuffle_07/group_004_unrelaxed_rank_001_alphafold2_ptm_model_1_seed_000.pdb,41.12036927621861,30.15871794871795,13,26.868202,28.152864
/fs/ess/PAA0203/xing244/AF_ClaSeq/results_updated/T1214/run2/divide_and_conquer/clades/clade_025/shuffle_08/group_003_unrelaxed_rank_001_alphafold2_ptm_model_1_seed_000.pdb,55.82085672082718,60.72512820512821,13,2.5800912,4.6064644
/fs/ess/PAA0203/xing244/AF_ClaSeq/results_updated/T1214/run2/divide_and_conquer/clades/clade_025/shuffle_08/group_002_unrelaxed_rank_001_alphafold2_ptm_model_1_seed_000.pdb,50.94029542097489,58.325897435897424,13,2.6445606,4.489078
/fs/ess/PAA0203/xing244/AF_ClaSeq/results_updated/T1214/run2/divide_and_conquer/clades/clade_025/shuffle_08/group_005_unrelaxed_rank_001_alphafold2_ptm_model_1_seed_000.pdb,57.9734859675037,64.62615384615385,14,4.058575,2.972279
/fs/ess/PAA0203/xing244/AF_ClaSeq/results_updated/T1214/run2/divide_and_conquer/clades/clade_025/shuffle_08/group_001_unrelaxed_rank_001_alphafold2_ptm_model_1_seed_000.pdb,56.94524372230428,63.836923076923085,13,2.526701,4.3293886
/fs/ess/PAA0203/xing244/AF_ClaSeq/results_updated/T1214/run2/divide_and_conquer/clades/clade_025/shuffle_08/group_004_unrelaxed_rank_001_alphafold2_ptm_model_1_seed_000.pdb,59.60732644017726,60.84820512820512,13,3.3000834,4.929398
/fs/ess/PAA0203/xing244/AF_ClaSeq/results_updated/T1214/run2/divide_and_conquer/clades/clade_025/shuffle_09/group_003_unrelaxed_rank_001_alphafold2_ptm_model_1_seed_000.pdb,64.47530280649926,72.66820512820513,13,1.9843851,5.0892715
/fs/ess/PAA0203/xing244/AF_ClaSeq/results_updated/T1214/run2/divide_and_conquer/clades/clade_025/shuffle_09/group_002_unrelaxed_rank_001_alphafold2_ptm_model_1_seed_000.pdb,50.38094534711965,38.31820512820512,13,7.530572,8.298207
/fs/ess/PAA0203/xing244/AF_ClaSeq/results_updated/T1214/run2/divide_and_conquer/clades/clade_025/shuffle_09/group_005_unrelaxed_rank_001_alphafold2_ptm_model_1_seed_000.pdb,53.64,43.85487179487179,14,3.5372095,5.999699
/fs/ess/PAA0203/xing244/AF_ClaSeq/results_updated/T1214/run2/divide_and_conquer/clades/clade_025/shuffle_09/group_001_unrelaxed_rank_001_alphafold2_ptm_model_1_seed_000.pdb,54.27642540620384,50.50025641025642,13,4.822799,8.914092
/fs/ess/PAA0203/xing244/AF_ClaSeq/results_updated/T1214/run2/divide_and_conquer/clades/clade_025/shuffle_09/group_004_unrelaxed_rank_001_alphafold2_ptm_model_1_seed_000.pdb,54.2365140324963,59.0974358974359,13,3.8883407,4.758424
/fs/ess/PAA0203/xing244/AF_ClaSeq/results_updated/T1214/run2/divide_and_conquer/clades/clade_025/shuffle_10/group_003_unrelaxed_rank_001_alphafold2_ptm_model_1_seed_000.pdb,49.61274741506647,60.85102564102566,13,3.093633,4.5674763
/fs/ess/PAA0203/xing244/AF_ClaSeq/results_updated/T1214/run2/divide_and_conquer/clades/clade_025/shuffle_10/group_002_unrelaxed_rank_001_alphafold2_ptm_model_1_seed_000.pdb,58.503988183161,65.71615384615384,13,2.4274106,5.2060876
/fs/ess/PAA0203/xing244/AF_ClaSeq/results_updated/T1214/run2/divide_and_conquer/clades/clade_025/shuffle_10/group_005_unrelaxed_rank_001_alphafold2_ptm_model_1_seed_000.pdb,54.618301329394384,64.13230769230768,14,3.9519465,3.8735182
/fs/ess/PAA0203/xing244/AF_ClaSeq/results_updated/T1214/run2/divide_and_conquer/clades/clade_025/shuffle_10/group_001_unrelaxed_rank_001_alphafold2_ptm_model_1_seed_000.pdb,51.8352141802068,30.492307692307694,13,29.858559,30.557154
/fs/ess/PAA0203/xing244/AF_ClaSeq/results_updated/T1214/run2/divide_and_conquer/clades/clade_025/shuffle_10/group_004_unrelaxed_rank_001_alphafold2_ptm_model_1_seed_000.pdb,56.20875923190547,61.73615384615383,13,2.8357286,4.2928557
/fs/ess/PAA0203/xing244/AF_ClaSeq/results_updated/T1214/run2/divide_and_conquer/clades/clade_026/shuffle_01/group_003_unrelaxed_rank_001_alphafold2_ptm_model_1_seed_000.pdb,40.525686853766615,29.218205128205135,13,22.108473,24.770235
/fs/ess/PAA0203/xing244/AF_ClaSeq/results_updated/T1214/run2/divide_and_conquer/clades/clade_026/shuffle_01/group_002_unrelaxed_rank_001_alphafold2_ptm_model_1_seed_000.pdb,30.83692762186115,26.135384615384616,13,35.906776,35.277676
/fs/ess/PAA0203/xing244/AF_ClaSeq/results_updated/T1214/run2/divide_and_conquer/clades/clade_026/shuffle_01/group_005_unrelaxed_rank_001_alphafold2_ptm_model_1_seed_000.pdb,59.96091580502216,58.13333333333334,14,3.3624365,3.7353575
/fs/ess/PAA0203/xing244/AF_ClaSeq/results_updated/T1214/run2/divide_and_conquer/clades/clade_026/shuffle_01/group_001_unrelaxed_rank_001_alphafold2_ptm_model_1_seed_000.pdb,42.064076809453475,53.36743589743588,13,6.7156057,3.5675862
/fs/ess/PAA0203/xing244/AF_ClaSeq/results_updated/T1214/run2/divide_and_conquer/clades/clade_026/shuffle_01/group_004_unrelaxed_rank_001_alphafold2_ptm_model_1_seed_000.pdb,48.669261447562775,42.9225641025641,13,4.892483,6.4123383
/fs/ess/PAA0203/xing244/AF_ClaSeq/results_updated/T1214/run2/divide_and_conquer/clades/clade_026/shuffle_02/group_003_unrelaxed_rank_001_alphafold2_ptm_model_1_seed_000.pdb,37.66181683899557,31.229999999999993,13,11.780341,13.108923
/fs/ess/PAA0203/xing244/AF_ClaSeq/results_updated/T1214/run2/divide_and_conquer/clades/clade_026/shuffle_02/group_002_unrelaxed_rank_001_alphafold2_ptm_model_1_seed_000.pdb,31.432791728212703,26.01974358974359,13,18.985504,19.946184
/fs/ess/PAA0203/xing244/AF_ClaSeq/results_updated/T1214/run2/divide_and_conquer/clades/clade_026/shuffle_02/group_005_unrelaxed_rank_001_alphafold2_ptm_model_1_seed_000.pdb,44.724135893648445,39.98538461538462,14,3.901879,4.8212357
/fs/ess/PAA0203/xing244/AF_ClaSeq/results_updated/T1214/run2/divide_and_conquer/clades/clade_026/shuffle_02/group_001_unrelaxed_rank_001_alphafold2_ptm_model_1_seed_000.pdb,52.759940915805025,42.83358974358974,13,3.959747,7.8631234
/fs/ess/PAA0203/xing244/AF_ClaSeq/results_updated/T1214/run2/divide_and_conquer/clades/clade_026/shuffle_02/group_004_unrelaxed_rank_001_alphafold2_ptm_model_1_seed_000.pdb,42.432939438700146,41.644615384615385,13,4.6871004,4.8990993
/fs/ess/PAA0203/xing244/AF_ClaSeq/results_updated/T1214/run2/divide_and_conquer/clades/clade_026/shuffle_03/group_003_unrelaxed_rank_001_alphafold2_ptm_model_1_seed_000.pdb,35.709453471196454,27.400512820512823,13,27.491629,31.20975
/fs/ess/PAA0203/xing244/AF_ClaSeq/results_updated/T1214/run2/divide_and_conquer/clades/clade_026/shuffle_03/group_002_unrelaxed_rank_001_alphafold2_ptm_model_1_seed_000.pdb,49.87220088626293,55.14897435897436,13,4.617796,4.6053805
/fs/ess/PAA0203/xing244/AF_ClaSeq/results_updated/T1214/run2/divide_and_conquer/clades/clade_026/shuffle_03/group_005_unrelaxed_rank_001_alphafold2_ptm_model_1_seed_000.pdb,33.98683899556868,24.03205128205128,14,17.907621,18.23753
/fs/ess/PAA0203/xing244/AF_ClaSeq/results_updated/T1214/run2/divide_and_conquer/clades/clade_026/shuffle_03/group_001_unrelaxed_rank_001_alphafold2_ptm_model_1_seed_000.pdb,32.74896602658788,28.00282051282051,13,34.387486,38.497143
/fs/ess/PAA0203/xing244/AF_ClaSeq/results_updated/T1214/run2/divide_and_conquer/clades/clade_026/shuffle_03/group_004_unrelaxed_rank_001_alphafold2_ptm_model_1_seed_000.pdb,47.36156573116691,36.38461538461538,13,5.8686123,3.8668017
/fs/ess/PAA0203/xing244/AF_ClaSeq/results_updated/T1214/run2/divide_and_conquer/clades/clade_026/shuffle_04/group_003_unrelaxed_rank_001_alphafold2_ptm_model_1_seed_000.pdb,39.066587887740035,29.90153846153847,13,12.499248,15.51185
/fs/ess/PAA0203/xing244/AF_ClaSeq/results_updated/T1214/run2/divide_and_conquer/clades/clade_026/shuffle_04/group_002_unrelaxed_rank_001_alphafold2_ptm_model_1_seed_000.pdb,48.45669128508123,51.39153846153847,13,3.4201124,5.9721637
/fs/ess/PAA0203/xing244/AF_ClaSeq/results_updated/T1214/run2/divide_and_conquer/clades/clade_026/shuffle_04/group_005_unrelaxed_rank_001_alphafold2_ptm_model_1_seed_000.pdb,45.02265878877401,47.53384615384615,14,4.1859617,4.431735
/fs/ess/PAA0203/xing244/AF_ClaSeq/results_updated/T1214/run2/divide_and_conquer/clades/clade_026/shuffle_04/group_001_unrelaxed_rank_001_alphafold2_ptm_model_1_seed_000.pdb,51.64890694239292,52.61717948717949,13,5.077181,3.89031
/fs/ess/PAA0203/xing244/AF_ClaSeq/results_updated/T1214/run2/divide_and_conquer/clades/clade_026/shuffle_04/group_004_unrelaxed_rank_001_alphafold2_ptm_model_1_seed_000.pdb,36.132363367799115,31.066153846153846,13,12.1667185,12.195752
/fs/ess/PAA0203/xing244/AF_ClaSeq/results_updated/T1214/run2/divide_and_conquer/clades/clade_026/shuffle_05/group_003_unrelaxed_rank_001_alphafold2_ptm_model_1_seed_000.pdb,46.31364844903988,54.72794871794871,13,3.1273818,4.502055
/fs/ess/PAA0203/xing244/AF_ClaSeq/results_updated/T1214/run2/divide_and_conquer/clades/clade_026/shuffle_05/group_002_unrelaxed_rank_001_alphafold2_ptm_model_1_seed_000.pdb,36.46073855243722,35.76820512820513,13,7.84148,7.807933
/fs/ess/PAA0203/xing244/AF_ClaSeq/results_updated/T1214/run2/divide_and_conquer/clades/clade_026/shuffle_05/group_005_unrelaxed_rank_001_alphafold2_ptm_model_1_seed_000.pdb,43.41849335302806,27.539743589743587,14,10.837678,7.1249228
/fs/ess/PAA0203/xing244/AF_ClaSeq/results_updated/T1214/run2/divide_and_conquer/clades/clade_026/shuffle_05/group_001_unrelaxed_rank_001_alphafold2_ptm_model_1_seed_000.pdb,38.21502215657311,34.169230769230765,13,9.05366,8.068315
/fs/ess/PAA0203/xing244/AF_ClaSeq/results_updated/T1214/run2/divide_and_conquer/clades/clade_026/shuffle_05/group_004_unrelaxed_rank_001_alphafold2_ptm_model_1_seed_000.pdb,44.88797636632201,32.014102564102565,13,28.948507,30.540552
/fs/ess/PAA0203/xing244/AF_ClaSeq/results_updated/T1214/run2/divide_and_conquer/clades/clade_026/shuffle_06/group_003_unrelaxed_rank_001_alphafold2_ptm_model_1_seed_000.pdb,53.45561299852289,51.65358974358974,13,4.582323,4.719297
/fs/ess/PAA0203/xing244/AF_ClaSeq/results_updated/T1214/run2/divide_and_conquer/clades/clade_026/shuffle_06/group_002_unrelaxed_rank_001_alphafold2_ptm_model_1_seed_000.pdb,34.21921713441654,32.862307692307695,13,12.124327,14.652804
/fs/ess/PAA0203/xing244/AF_ClaSeq/results_updated/T1214/run2/divide_and_conquer/clades/clade_026/shuffle_06/group_005_unrelaxed_rank_001_alphafold2_ptm_model_1_seed_000.pdb,43.72985228951256,53.94615384615385,14,5.968678,8.34708
/fs/ess/PAA0203/xing244/AF_ClaSeq/results_updated/T1214/run2/divide_and_conquer/clades/clade_026/shuffle_06/group_001_unrelaxed_rank_001_alphafold2_ptm_model_1_seed_000.pdb,42.64274741506647,39.424615384615386,13,3.4159694,6.6350994
/fs/ess/PAA0203/xing244/AF_ClaSeq/results_updated/T1214/run2/divide_and_conquer/clades/clade_026/shuffle_06/group_004_unrelaxed_rank_001_alphafold2_ptm_model_1_seed_000.pdb,50.96406203840473,53.530769230769224,13,4.18858,3.8406253
/fs/ess/PAA0203/xing244/AF_ClaSeq/results_updated/T1214/run2/divide_and_conquer/clades/clade_026/shuffle_07/group_003_unrelaxed_rank_001_alphafold2_ptm_model_1_seed_000.pdb,56.936868537666165,62.42871794871795,13,3.1778445,4.0000277
/fs/ess/PAA0203/xing244/AF_ClaSeq/results_updated/T1214/run2/divide_and_conquer/clades/clade_026/shuffle_07/group_002_unrelaxed_rank_001_alphafold2_ptm_model_1_seed_000.pdb,40.861683899556866,29.878205128205135,13,19.037611,21.10252
/fs/ess/PAA0203/xing244/AF_ClaSeq/results_updated/T1214/run2/divide_and_conquer/clades/clade_026/shuffle_07/group_005_unrelaxed_rank_001_alphafold2_ptm_model_1_seed_000.pdb,50.740797636632195,44.86615384615384,14,6.0408225,7.8378277
/fs/ess/PAA0203/xing244/AF_ClaSeq/results_updated/T1214/run2/divide_and_conquer/clades/clade_026/shuffle_07/group_001_unrelaxed_rank_001_alphafold2_ptm_model_1_seed_000.pdb,41.39388478581979,46.32641025641025,13,4.2150774,4.398129
/fs/ess/PAA0203/xing244/AF_ClaSeq/results_updated/T1214/run2/divide_and_conquer/clades/clade_026/shuffle_07/group_004_unrelaxed_rank_001_alphafold2_ptm_model_1_seed_000.pdb,52.115228951255546,58.323846153846155,13,3.4482522,3.5262861
/fs/ess/PAA0203/xing244/AF_ClaSeq/results_updated/T1214/run2/divide_and_conquer/clades/clade_026/shuffle_08/group_003_unrelaxed_rank_001_alphafold2_ptm_model_1_seed_000.pdb,39.129704579025116,26.295641025641025,13,29.003813,31.478338
/fs/ess/PAA0203/xing244/AF_ClaSeq/results_updated/T1214/run2/divide_and_conquer/clades/clade_026/shuffle_08/group_002_unrelaxed_rank_001_alphafold2_ptm_model_1_seed_000.pdb,52.9864106351551,39.13256410256411,13,4.674046,8.075711
/fs/ess/PAA0203/xing244/AF_ClaSeq/results_updated/T1214/run2/divide_and_conquer/clades/clade_026/shuffle_08/group_005_unrelaxed_rank_001_alphafold2_ptm_model_1_seed_000.pdb,36.03728212703102,28.52923076923077,14,12.323745,13.3643
/fs/ess/PAA0203/xing244/AF_ClaSeq/results_updated/T1214/run2/divide_and_conquer/clades/clade_026/shuffle_08/group_001_unrelaxed_rank_001_alphafold2_ptm_model_1_seed_000.pdb,35.62797636632201,26.847692307692306,13,27.027916,30.638638
/fs/ess/PAA0203/xing244/AF_ClaSeq/results_updated/T1214/run2/divide_and_conquer/clades/clade_026/shuffle_08/group_004_unrelaxed_rank_001_alphafold2_ptm_model_1_seed_000.pdb,42.94709010339734,44.266666666666666,13,5.9442387,2.3240473
/fs/ess/PAA0203/xing244/AF_ClaSeq/results_updated/T1214/run2/divide_and_conquer/clades/clade_026/shuffle_09/group_003_unrelaxed_rank_001_alphafold2_ptm_model_1_seed_000.pdb,35.21172821270309,28.127692307692307,13,14.851517,13.131496
/fs/ess/PAA0203/xing244/AF_ClaSeq/results_updated/T1214/run2/divide_and_conquer/clades/clade_026/shuffle_09/group_002_unrelaxed_rank_001_alphafold2_ptm_model_1_seed_000.pdb,38.987341211225996,32.95128205128205,13,7.060348,10.133869
/fs/ess/PAA0203/xing244/AF_ClaSeq/results_updated/T1214/run2/divide_and_conquer/clades/clade_026/shuffle_09/group_005_unrelaxed_rank_001_alphafold2_ptm_model_1_seed_000.pdb,33.053840472673556,26.35948717948717,14,29.916842,34.119247
/fs/ess/PAA0203/xing244/AF_ClaSeq/results_updated/T1214/run2/divide_and_conquer/clades/clade_026/shuffle_09/group_001_unrelaxed_rank_001_alphafold2_ptm_model_1_seed_000.pdb,48.59454948301329,37.948461538461544,13,5.668988,5.3589816
/fs/ess/PAA0203/xing244/AF_ClaSeq/results_updated/T1214/run2/divide_and_conquer/clades/clade_026/shuffle_09/group_004_unrelaxed_rank_001_alphafold2_ptm_model_1_seed_000.pdb,50.20722304283604,47.100769230769224,13,2.1402957,6.450685
/fs/ess/PAA0203/xing244/AF_ClaSeq/results_updated/T1214/run2/divide_and_conquer/clades/clade_026/shuffle_10/group_003_unrelaxed_rank_001_alphafold2_ptm_model_1_seed_000.pdb,45.253988183161006,51.575384615384614,13,11.038389,13.128123
/fs/ess/PAA0203/xing244/AF_ClaSeq/results_updated/T1214/run2/divide_and_conquer/clades/clade_026/shuffle_10/group_002_unrelaxed_rank_001_alphafold2_ptm_model_1_seed_000.pdb,37.79336779911374,25.385897435897437,13,25.237446,28.274742
/fs/ess/PAA0203/xing244/AF_ClaSeq/results_updated/T1214/run2/divide_and_conquer/clades/clade_026/shuffle_10/group_005_unrelaxed_rank_001_alphafold2_ptm_model_1_seed_000.pdb,33.62488921713442,26.176666666666662,14,13.1576,16.86808
/fs/ess/PAA0203/xing244/AF_ClaSeq/results_updated/T1214/run2/divide_and_conquer/clades/clade_026/shuffle_10/group_001_unrelaxed_rank_001_alphafold2_ptm_model_1_seed_000.pdb,52.68221565731167,58.18692307692307,13,3.1987207,4.6582665
/fs/ess/PAA0203/xing244/AF_ClaSeq/results_updated/T1214/run2/divide_and_conquer/clades/clade_026/shuffle_10/group_004_unrelaxed_rank_001_alphafold2_ptm_model_1_seed_000.pdb,38.490384047267355,26.831282051282052,13,27.842522,28.867975
/fs/ess/PAA0203/xing244/AF_ClaSeq/results_updated/T1214/run2/divide_and_conquer/clades/clade_027/shuffle_01/group_003_unrelaxed_rank_001_alphafold2_ptm_model_1_seed_000.pdb,56.468892171344166,58.098717948717955,13,2.9038124,4.1887383
/fs/ess/PAA0203/xing244/AF_ClaSeq/results_updated/T1214/run2/divide_and_conquer/clades/clade_027/shuffle_01/group_002_unrelaxed_rank_001_alphafold2_ptm_model_1_seed_000.pdb,57.794579025110785,61.18692307692309,13,2.1985285,5.545253
/fs/ess/PAA0203/xing244/AF_ClaSeq/results_updated/T1214/run2/divide_and_conquer/clades/clade_027/shuffle_01/group_005_unrelaxed_rank_001_alphafold2_ptm_model_1_seed_000.pdb,68.38443131462333,68.16076923076923,13,3.2528572,3.831554
/fs/ess/PAA0203/xing244/AF_ClaSeq/results_updated/T1214/run2/divide_and_conquer/clades/clade_027/shuffle_01/group_001_unrelaxed_rank_001_alphafold2_ptm_model_1_seed_000.pdb,55.82980797636632,32.604615384615386,13,27.387205,28.603243
/fs/ess/PAA0203/xing244/AF_ClaSeq/results_updated/T1214/run2/divide_and_conquer/clades/clade_027/shuffle_01/group_004_unrelaxed_rank_001_alphafold2_ptm_model_1_seed_000.pdb,59.82416543574594,56.30179487179487,13,2.7839768,4.6947927
/fs/ess/PAA0203/xing244/AF_ClaSeq/results_updated/T1214/run2/divide_and_conquer/clades/clade_027/shuffle_02/group_003_unrelaxed_rank_001_alphafold2_ptm_model_1_seed_000.pdb,59.48008862629246,57.563333333333325,13,4.564463,3.4910903
/fs/ess/PAA0203/xing244/AF_ClaSeq/results_updated/T1214/run2/divide_and_conquer/clades/clade_027/shuffle_02/group_002_unrelaxed_rank_001_alphafold2_ptm_model_1_seed_000.pdb,64.37129985228951,65.29358974358976,13,3.0375073,3.8774052
/fs/ess/PAA0203/xing244/AF_ClaSeq/results_updated/T1214/run2/divide_and_conquer/clades/clade_027/shuffle_02/group_005_unrelaxed_rank_001_alphafold2_ptm_model_1_seed_000.pdb,55.98475627769571,37.22589743589744,13,23.791656,24.754118
/fs/ess/PAA0203/xing244/AF_ClaSeq/results_updated/T1214/run2/divide_and_conquer/clades/clade_027/shuffle_02/group_001_unrelaxed_rank_001_alphafold2_ptm_model_1_seed_000.pdb,63.14536189069425,60.84128205128205,13,2.5303369,4.362251
/fs/ess/PAA0203/xing244/AF_ClaSeq/results_updated/T1214/run2/divide_and_conquer/clades/clade_027/shuffle_02/group_004_unrelaxed_rank_001_alphafold2_ptm_model_1_seed_000.pdb,62.64134416543575,63.271025641025645,13,3.5070124,3.551616
/fs/ess/PAA0203/xing244/AF_ClaSeq/results_updated/T1214/run2/divide_and_conquer/clades/clade_027/shuffle_03/group_003_unrelaxed_rank_001_alphafold2_ptm_model_1_seed_000.pdb,59.69063515509601,61.60153846153846,13,3.9364405,3.5080698
/fs/ess/PAA0203/xing244/AF_ClaSeq/results_updated/T1214/run2/divide_and_conquer/clades/clade_027/shuffle_03/group_002_unrelaxed_rank_001_alphafold2_ptm_model_1_seed_000.pdb,61.531565731166914,63.20076923076922,13,3.3392262,4.029633
/fs/ess/PAA0203/xing244/AF_ClaSeq/results_updated/T1214/run2/divide_and_conquer/clades/clade_027/shuffle_03/group_005_unrelaxed_rank_001_alphafold2_ptm_model_1_seed_000.pdb,36.86237813884786,26.75410256410256,13,35.752666,36.681545
/fs/ess/PAA0203/xing244/AF_ClaSeq/results_updated/T1214/run2/divide_and_conquer/clades/clade_027/shuffle_03/group_001_unrelaxed_rank_001_alphafold2_ptm_model_1_seed_000.pdb,66.80025110782866,61.41282051282051,13,3.8538163,5.2131476
/fs/ess/PAA0203/xing244/AF_ClaSeq/results_updated/T1214/run2/divide_and_conquer/clades/clade_027/shuffle_03/group_004_unrelaxed_rank_001_alphafold2_ptm_model_1_seed_000.pdb,59.755258493353026,64.71153846153845,13,3.3812568,3.629716
/fs/ess/PAA0203/xing244/AF_ClaSeq/results_updated/T1214/run2/divide_and_conquer/clades/clade_027/shuffle_04/group_003_unrelaxed_rank_001_alphafold2_ptm_model_1_seed_000.pdb,65.25317577548006,64.0425641025641,13,2.9437704,4.261826
/fs/ess/PAA0203/xing244/AF_ClaSeq/results_updated/T1214/run2/divide_and_conquer/clades/clade_027/shuffle_04/group_002_unrelaxed_rank_001_alphafold2_ptm_model_1_seed_000.pdb,58.32392909896603,60.984102564102564,13,3.5694585,4.8849983
/fs/ess/PAA0203/xing244/AF_ClaSeq/results_updated/T1214/run2/divide_and_conquer/clades/clade_027/shuffle_04/group_005_unrelaxed_rank_001_alphafold2_ptm_model_1_seed_000.pdb,56.711580502215654,59.430256410256405,13,3.948601,3.2666378
/fs/ess/PAA0203/xing244/AF_ClaSeq/results_updated/T1214/run2/divide_and_conquer/clades/clade_027/shuffle_04/group_001_unrelaxed_rank_001_alphafold2_ptm_model_1_seed_000.pdb,56.630251107828656,59.832307692307694,13,2.819,4.124784
/fs/ess/PAA0203/xing244/AF_ClaSeq/results_updated/T1214/run2/divide_and_conquer/clades/clade_027/shuffle_04/group_004_unrelaxed_rank_001_alphafold2_ptm_model_1_seed_000.pdb,64.62324963072379,47.15076923076922,13,5.062781,5.261745
/fs/ess/PAA0203/xing244/AF_ClaSeq/results_updated/T1214/run2/divide_and_conquer/clades/clade_027/shuffle_05/group_003_unrelaxed_rank_001_alphafold2_ptm_model_1_seed_000.pdb,66.26410635155096,60.73538461538461,13,3.1195188,3.8904753
/fs/ess/PAA0203/xing244/AF_ClaSeq/results_updated/T1214/run2/divide_and_conquer/clades/clade_027/shuffle_05/group_002_unrelaxed_rank_001_alphafold2_ptm_model_1_seed_000.pdb,59.85799113737075,58.37128205128205,13,5.0253944,5.115698
/fs/ess/PAA0203/xing244/AF_ClaSeq/results_updated/T1214/run2/divide_and_conquer/clades/clade_027/shuffle_05/group_005_unrelaxed_rank_001_alphafold2_ptm_model_1_seed_000.pdb,49.10047267355983,52.99974358974358,13,2.914137,6.6884704
/fs/ess/PAA0203/xing244/AF_ClaSeq/results_updated/T1214/run2/divide_and_conquer/clades/clade_027/shuffle_05/group_001_unrelaxed_rank_001_alphafold2_ptm_model_1_seed_000.pdb,61.8334859675037,65.10974358974359,13,3.4888227,3.74806
/fs/ess/PAA0203/xing244/AF_ClaSeq/results_updated/T1214/run2/divide_and_conquer/clades/clade_027/shuffle_05/group_004_unrelaxed_rank_001_alphafold2_ptm_model_1_seed_000.pdb,64.15333825701624,65.7423076923077,13,2.6318626,4.2917056
/fs/ess/PAA0203/xing244/AF_ClaSeq/results_updated/T1214/run2/divide_and_conquer/clades/clade_027/shuffle_06/group_003_unrelaxed_rank_001_alphafold2_ptm_model_1_seed_000.pdb,51.277326440177255,58.18435897435898,13,3.0700011,4.072291
/fs/ess/PAA0203/xing244/AF_ClaSeq/results_updated/T1214/run2/divide_and_conquer/clades/clade_027/shuffle_06/group_002_unrelaxed_rank_001_alphafold2_ptm_model_1_seed_000.pdb,65.72168389955687,65.59230769230768,13,3.8712926,3.037849
/fs/ess/PAA0203/xing244/AF_ClaSeq/results_updated/T1214/run2/divide_and_conquer/clades/clade_027/shuffle_06/group_005_unrelaxed_rank_001_alphafold2_ptm_model_1_seed_000.pdb,60.30174298375184,55.40205128205127,13,3.635595,5.459089
/fs/ess/PAA0203/xing244/AF_ClaSeq/results_updated/T1214/run2/divide_and_conquer/clades/clade_027/shuffle_06/group_001_unrelaxed_rank_001_alphafold2_ptm_model_1_seed_000.pdb,54.859202363367785,59.7397435897436,13,2.5703974,5.1559043
/fs/ess/PAA0203/xing244/AF_ClaSeq/results_updated/T1214/run2/divide_and_conquer/clades/clade_027/shuffle_06/group_004_unrelaxed_rank_001_alphafold2_ptm_model_1_seed_000.pdb,58.26051698670605,60.06205128205127,13,2.7062306,4.8421664
/fs/ess/PAA0203/xing244/AF_ClaSeq/results_updated/T1214/run2/divide_and_conquer/clades/clade_027/shuffle_07/group_003_unrelaxed_rank_001_alphafold2_ptm_model_1_seed_000.pdb,54.10636632200885,35.48,13,24.320702,25.769735
/fs/ess/PAA0203/xing244/AF_ClaSeq/results_updated/T1214/run2/divide_and_conquer/clades/clade_027/shuffle_07/group_002_unrelaxed_rank_001_alphafold2_ptm_model_1_seed_000.pdb,70.1849187592319,66.74846153846154,13,2.281536,4.9454374
/fs/ess/PAA0203/xing244/AF_ClaSeq/results_updated/T1214/run2/divide_and_conquer/clades/clade_027/shuffle_07/group_005_unrelaxed_rank_001_alphafold2_ptm_model_1_seed_000.pdb,60.270723781388476,60.74846153846154,13,4.424621,3.6625006
/fs/ess/PAA0203/xing244/AF_ClaSeq/results_updated/T1214/run2/divide_and_conquer/clades/clade_027/shuffle_07/group_001_unrelaxed_rank_001_alphafold2_ptm_model_1_seed_000.pdb,68.45028064992614,68.62205128205129,13,3.230269,3.832894
/fs/ess/PAA0203/xing244/AF_ClaSeq/results_updated/T1214/run2/divide_and_conquer/clades/clade_027/shuffle_07/group_004_unrelaxed_rank_001_alphafold2_ptm_model_1_seed_000.pdb,64.78503692762186,64.08461538461538,13,1.4623692,6.204426
/fs/ess/PAA0203/xing244/AF_ClaSeq/results_updated/T1214/run2/divide_and_conquer/clades/clade_027/shuffle_08/group_003_unrelaxed_rank_001_alphafold2_ptm_model_1_seed_000.pdb,57.99381093057607,60.3548717948718,13,3.0316265,5.0848565
/fs/ess/PAA0203/xing244/AF_ClaSeq/results_updated/T1214/run2/divide_and_conquer/clades/clade_027/shuffle_08/group_002_unrelaxed_rank_001_alphafold2_ptm_model_1_seed_000.pdb,59.71292466765141,60.61128205128205,13,3.2098362,6.3365316
/fs/ess/PAA0203/xing244/AF_ClaSeq/results_updated/T1214/run2/divide_and_conquer/clades/clade_027/shuffle_08/group_005_unrelaxed_rank_001_alphafold2_ptm_model_1_seed_000.pdb,49.6780059084195,34.07076923076924,13,28.003942,29.201721
/fs/ess/PAA0203/xing244/AF_ClaSeq/results_updated/T1214/run2/divide_and_conquer/clades/clade_027/shuffle_08/group_001_unrelaxed_rank_001_alphafold2_ptm_model_1_seed_000.pdb,63.717237813884786,59.26205128205129,13,3.915027,4.1443977
/fs/ess/PAA0203/xing244/AF_ClaSeq/results_updated/T1214/run2/divide_and_conquer/clades/clade_027/shuffle_08/group_004_unrelaxed_rank_001_alphafold2_ptm_model_1_seed_000.pdb,59.369896602658784,51.66179487179487,13,5.7913184,4.870498
/fs/ess/PAA0203/xing244/AF_ClaSeq/results_updated/T1214/run2/divide_and_conquer/clades/clade_027/shuffle_09/group_003_unrelaxed_rank_001_alphafold2_ptm_model_1_seed_000.pdb,61.01644017725259,60.19948717948717,13,2.930255,4.298525
/fs/ess/PAA0203/xing244/AF_ClaSeq/results_updated/T1214/run2/divide_and_conquer/clades/clade_027/shuffle_09/group_002_unrelaxed_rank_001_alphafold2_ptm_model_1_seed_000.pdb,67.46844903988183,54.77384615384615,13,15.769699,16.22835
/fs/ess/PAA0203/xing244/AF_ClaSeq/results_updated/T1214/run2/divide_and_conquer/clades/clade_027/shuffle_09/group_005_unrelaxed_rank_001_alphafold2_ptm_model_1_seed_000.pdb,63.412629246676524,60.83025641025641,13,3.027387,3.8846366
/fs/ess/PAA0203/xing244/AF_ClaSeq/results_updated/T1214/run2/divide_and_conquer/clades/clade_027/shuffle_09/group_001_unrelaxed_rank_001_alphafold2_ptm_model_1_seed_000.pdb,57.394062038404726,62.26128205128205,13,2.2817223,5.622278
/fs/ess/PAA0203/xing244/AF_ClaSeq/results_updated/T1214/run2/divide_and_conquer/clades/clade_027/shuffle_09/group_004_unrelaxed_rank_001_alphafold2_ptm_model_1_seed_000.pdb,58.29898079763664,60.44820512820513,13,3.2045422,4.0285506
/fs/ess/PAA0203/xing244/AF_ClaSeq/results_updated/T1214/run2/divide_and_conquer/clades/clade_027/shuffle_10/group_003_unrelaxed_rank_001_alphafold2_ptm_model_1_seed_000.pdb,60.81069423929098,55.5948717948718,13,2.863296,5.6250257
/fs/ess/PAA0203/xing244/AF_ClaSeq/results_updated/T1214/run2/divide_and_conquer/clades/clade_027/shuffle_10/group_002_unrelaxed_rank_001_alphafold2_ptm_model_1_seed_000.pdb,55.96156573116691,49.93153846153846,13,1.9571198,5.4287505
/fs/ess/PAA0203/xing244/AF_ClaSeq/results_updated/T1214/run2/divide_and_conquer/clades/clade_027/shuffle_10/group_005_unrelaxed_rank_001_alphafold2_ptm_model_1_seed_000.pdb,61.405376661742984,61.99974358974358,13,2.2006624,4.923601
/fs/ess/PAA0203/xing244/AF_ClaSeq/results_updated/T1214/run2/divide_and_conquer/clades/clade_027/shuffle_10/group_001_unrelaxed_rank_001_alphafold2_ptm_model_1_seed_000.pdb,63.35816838995568,60.20564102564102,13,3.0959475,3.74407
/fs/ess/PAA0203/xing244/AF_ClaSeq/results_updated/T1214/run2/divide_and_conquer/clades/clade_027/shuffle_10/group_004_unrelaxed_rank_001_alphafold2_ptm_model_1_seed_000.pdb,61.66742983751847,61.497435897435885,13,3.834891,4.7891316
/fs/ess/PAA0203/xing244/AF_ClaSeq/results_updated/T1214/run2/divide_and_conquer/clades/clade_028/shuffle_01/group_003_unrelaxed_rank_001_alphafold2_ptm_model_1_seed_000.pdb,59.3410635155096,63.36538461538461,13,2.1915512,5.5204782
/fs/ess/PAA0203/xing244/AF_ClaSeq/results_updated/T1214/run2/divide_and_conquer/clades/clade_028/shuffle_01/group_002_unrelaxed_rank_001_alphafold2_ptm_model_1_seed_000.pdb,69.09144756277696,65.95641025641025,13,4.838675,3.4941504
/fs/ess/PAA0203/xing244/AF_ClaSeq/results_updated/T1214/run2/divide_and_conquer/clades/clade_028/shuffle_01/group_005_unrelaxed_rank_001_alphafold2_ptm_model_1_seed_000.pdb,59.52810930576071,62.809230769230766,13,2.3944423,4.858652
/fs/ess/PAA0203/xing244/AF_ClaSeq/results_updated/T1214/run2/divide_and_conquer/clades/clade_028/shuffle_01/group_001_unrelaxed_rank_001_alphafold2_ptm_model_1_seed_000.pdb,63.15974889217136,62.19102564102564,13,2.7477183,4.9012723
/fs/ess/PAA0203/xing244/AF_ClaSeq/results_updated/T1214/run2/divide_and_conquer/clades/clade_028/shuffle_01/group_004_unrelaxed_rank_001_alphafold2_ptm_model_1_seed_000.pdb,53.57543574593795,58.76717948717949,13,4.130758,3.358088
/fs/ess/PAA0203/xing244/AF_ClaSeq/results_updated/T1214/run2/divide_and_conquer/clades/clade_028/shuffle_02/group_003_unrelaxed_rank_001_alphafold2_ptm_model_1_seed_000.pdb,61.10689807976367,62.226923076923065,13,1.7535459,5.410573
/fs/ess/PAA0203/xing244/AF_ClaSeq/results_updated/T1214/run2/divide_and_conquer/clades/clade_028/shuffle_02/group_002_unrelaxed_rank_001_alphafold2_ptm_model_1_seed_000.pdb,64.2021565731167,64.18871794871795,13,1.8311297,5.357026
/fs/ess/PAA0203/xing244/AF_ClaSeq/results_updated/T1214/run2/divide_and_conquer/clades/clade_028/shuffle_02/group_005_unrelaxed_rank_001_alphafold2_ptm_model_1_seed_000.pdb,60.87700147710487,62.58128205128205,13,1.3355988,6.671265
/fs/ess/PAA0203/xing244/AF_ClaSeq/results_updated/T1214/run2/divide_and_conquer/clades/clade_028/shuffle_02/group_001_unrelaxed_rank_001_alphafold2_ptm_model_1_seed_000.pdb,51.68190546528804,57.580769230769235,13,4.5581,4.0231047
/fs/ess/PAA0203/xing244/AF_ClaSeq/results_updated/T1214/run2/divide_and_conquer/clades/clade_028/shuffle_02/group_004_unrelaxed_rank_001_alphafold2_ptm_model_1_seed_000.pdb,60.70453471196455,62.74,13,2.162268,4.9090014
/fs/ess/PAA0203/xing244/AF_ClaSeq/results_updated/T1214/run2/divide_and_conquer/clades/clade_028/shuffle_03/group_003_unrelaxed_rank_001_alphafold2_ptm_model_1_seed_000.pdb,54.70898079763663,58.330000000000005,13,3.3162553,4.356299
/fs/ess/PAA0203/xing244/AF_ClaSeq/results_updated/T1214/run2/divide_and_conquer/clades/clade_028/shuffle_03/group_002_unrelaxed_rank_001_alphafold2_ptm_model_1_seed_000.pdb,59.5209601181684,63.4102564102564,13,4.063659,3.0863423
/fs/ess/PAA0203/xing244/AF_ClaSeq/results_updated/T1214/run2/divide_and_conquer/clades/clade_028/shuffle_03/group_005_unrelaxed_rank_001_alphafold2_ptm_model_1_seed_000.pdb,57.88282127031019,60.64538461538461,13,4.245007,3.7061126
/fs/ess/PAA0203/xing244/AF_ClaSeq/results_updated/T1214/run2/divide_and_conquer/clades/clade_028/shuffle_03/group_001_unrelaxed_rank_001_alphafold2_ptm_model_1_seed_000.pdb,59.331285081240765,62.67615384615383,13,2.2969513,5.395784
/fs/ess/PAA0203/xing244/AF_ClaSeq/results_updated/T1214/run2/divide_and_conquer/clades/clade_028/shuffle_03/group_004_unrelaxed_rank_001_alphafold2_ptm_model_1_seed_000.pdb,60.8942540620384,62.56615384615385,13,1.6415714,5.925192
/fs/ess/PAA0203/xing244/AF_ClaSeq/results_updated/T1214/run2/divide_and_conquer/clades/clade_028/shuffle_04/group_003_unrelaxed_rank_001_alphafold2_ptm_model_1_seed_000.pdb,66.55243722304283,68.38410256410258,13,2.6648166,4.5291495
/fs/ess/PAA0203/xing244/AF_ClaSeq/results_updated/T1214/run2/divide_and_conquer/clades/clade_028/shuffle_04/group_002_unrelaxed_rank_001_alphafold2_ptm_model_1_seed_000.pdb,63.19472673559823,64.7228205128205,13,1.9853015,5.477025
/fs/ess/PAA0203/xing244/AF_ClaSeq/results_updated/T1214/run2/divide_and_conquer/clades/clade_028/shuffle_04/group_005_unrelaxed_rank_001_alphafold2_ptm_model_1_seed_000.pdb,69.23515509601181,69.57999999999998,13,1.5275385,6.165658
/fs/ess/PAA0203/xing244/AF_ClaSeq/results_updated/T1214/run2/divide_and_conquer/clades/clade_028/shuffle_04/group_001_unrelaxed_rank_001_alphafold2_ptm_model_1_seed_000.pdb,58.79230428360413,60.48307692307693,13,4.5672283,3.957941
/fs/ess/PAA0203/xing244/AF_ClaSeq/results_updated/T1214/run2/divide_and_conquer/clades/clade_028/shuffle_04/group_004_unrelaxed_rank_001_alphafold2_ptm_model_1_seed_000.pdb,56.25788774002954,61.30871794871795,13,3.2510126,3.7059255
/fs/ess/PAA0203/xing244/AF_ClaSeq/results_updated/T1214/run2/divide_and_conquer/clades/clade_028/shuffle_05/group_003_unrelaxed_rank_001_alphafold2_ptm_model_1_seed_000.pdb,53.44036927621861,59.45769230769232,13,3.8707988,3.722962
/fs/ess/PAA0203/xing244/AF_ClaSeq/results_updated/T1214/run2/divide_and_conquer/clades/clade_028/shuffle_05/group_002_unrelaxed_rank_001_alphafold2_ptm_model_1_seed_000.pdb,71.1774446085672,69.16076923076922,13,1.6955265,5.8111057
/fs/ess/PAA0203/xing244/AF_ClaSeq/results_updated/T1214/run2/divide_and_conquer/clades/clade_028/shuffle_05/group_005_unrelaxed_rank_001_alphafold2_ptm_model_1_seed_000.pdb,59.208847858197934,63.25974358974359,13,4.250947,3.953192
/fs/ess/PAA0203/xing244/AF_ClaSeq/results_updated/T1214/run2/divide_and_conquer/clades/clade_028/shuffle_05/group_001_unrelaxed_rank_001_alphafold2_ptm_model_1_seed_000.pdb,73.25810930576071,70.03769230769231,13,2.4805243,5.0035305
/fs/ess/PAA0203/xing244/AF_ClaSeq/results_updated/T1214/run2/divide_and_conquer/clades/clade_028/shuffle_05/group_004_unrelaxed_rank_001_alphafold2_ptm_model_1_seed_000.pdb,65.01128508124077,65.15333333333334,13,3.1575315,4.6281576
/fs/ess/PAA0203/xing244/AF_ClaSeq/results_updated/T1214/run2/divide_and_conquer/clades/clade_028/shuffle_06/group_003_unrelaxed_rank_001_alphafold2_ptm_model_1_seed_000.pdb,60.62221565731166,60.284358974358966,13,1.6123031,5.540087
/fs/ess/PAA0203/xing244/AF_ClaSeq/results_updated/T1214/run2/divide_and_conquer/clades/clade_028/shuffle_06/group_002_unrelaxed_rank_001_alphafold2_ptm_model_1_seed_000.pdb,54.762909896602665,61.347948717948725,13,2.85103,3.9023018
/fs/ess/PAA0203/xing244/AF_ClaSeq/results_updated/T1214/run2/divide_and_conquer/clades/clade_028/shuffle_06/group_005_unrelaxed_rank_001_alphafold2_ptm_model_1_seed_000.pdb,56.72483013293944,62.5,13,2.1416852,4.952407
/fs/ess/PAA0203/xing244/AF_ClaSeq/results_updated/T1214/run2/divide_and_conquer/clades/clade_028/shuffle_06/group_001_unrelaxed_rank_001_alphafold2_ptm_model_1_seed_000.pdb,68.69822747415066,68.23461538461538,13,2.477723,4.6577396
/fs/ess/PAA0203/xing244/AF_ClaSeq/results_updated/T1214/run2/divide_and_conquer/clades/clade_028/shuffle_06/group_004_unrelaxed_rank_001_alphafold2_ptm_model_1_seed_000.pdb,59.05101920236337,63.16717948717949,13,3.0507562,4.1398673
/fs/ess/PAA0203/xing244/AF_ClaSeq/results_updated/T1214/run2/divide_and_conquer/clades/clade_028/shuffle_07/group_003_unrelaxed_rank_001_alphafold2_ptm_model_1_seed_000.pdb,58.855199409158054,60.11871794871795,13,1.6523905,5.8552437
/fs/ess/PAA0203/xing244/AF_ClaSeq/results_updated/T1214/run2/divide_and_conquer/clades/clade_028/shuffle_07/group_002_unrelaxed_rank_001_alphafold2_ptm_model_1_seed_000.pdb,51.81589364844904,59.9325641025641,13,2.6251347,5.6702623
/fs/ess/PAA0203/xing244/AF_ClaSeq/results_updated/T1214/run2/divide_and_conquer/clades/clade_028/shuffle_07/group_005_unrelaxed_rank_001_alphafold2_ptm_model_1_seed_000.pdb,63.76601181683899,62.427179487179494,13,1.7988179,5.982741
/fs/ess/PAA0203/xing244/AF_ClaSeq/results_updated/T1214/run2/divide_and_conquer/clades/clade_028/shuffle_07/group_001_unrelaxed_rank_001_alphafold2_ptm_model_1_seed_000.pdb,58.11713441654357,63.196923076923085,13,3.2566059,3.9240534
/fs/ess/PAA0203/xing244/AF_ClaSeq/results_updated/T1214/run2/divide_and_conquer/clades/clade_028/shuffle_07/group_004_unrelaxed_rank_001_alphafold2_ptm_model_1_seed_000.pdb,66.31645494830133,65.7871794871795,13,2.0235548,5.31433
/fs/ess/PAA0203/xing244/AF_ClaSeq/results_updated/T1214/run2/divide_and_conquer/clades/clade_028/shuffle_08/group_003_unrelaxed_rank_001_alphafold2_ptm_model_1_seed_000.pdb,48.18610044313146,60.9676923076923,13,4.4950113,3.3988254
/fs/ess/PAA0203/xing244/AF_ClaSeq/results_updated/T1214/run2/divide_and_conquer/clades/clade_028/shuffle_08/group_002_unrelaxed_rank_001_alphafold2_ptm_model_1_seed_000.pdb,59.43927621861152,63.86666666666666,13,4.6170115,2.5631485
/fs/ess/PAA0203/xing244/AF_ClaSeq/results_updated/T1214/run2/divide_and_conquer/clades/clade_028/shuffle_08/group_005_unrelaxed_rank_001_alphafold2_ptm_model_1_seed_000.pdb,58.26870014771049,62.702051282051286,13,3.501369,3.6442375
/fs/ess/PAA0203/xing244/AF_ClaSeq/results_updated/T1214/run2/divide_and_conquer/clades/clade_028/shuffle_08/group_001_unrelaxed_rank_001_alphafold2_ptm_model_1_seed_000.pdb,57.453485967503696,61.576153846153844,13,1.8667742,5.7539268
/fs/ess/PAA0203/xing244/AF_ClaSeq/results_updated/T1214/run2/divide_and_conquer/clades/clade_028/shuffle_08/group_004_unrelaxed_rank_001_alphafold2_ptm_model_1_seed_000.pdb,60.788035450516986,59.60564102564102,13,2.6596441,5.269217
/fs/ess/PAA0203/xing244/AF_ClaSeq/results_updated/T1214/run2/divide_and_conquer/clades/clade_028/shuffle_09/group_003_unrelaxed_rank_001_alphafold2_ptm_model_1_seed_000.pdb,59.10091580502217,60.02487179487179,13,1.8605735,5.1756773
/fs/ess/PAA0203/xing244/AF_ClaSeq/results_updated/T1214/run2/divide_and_conquer/clades/clade_028/shuffle_09/group_002_unrelaxed_rank_001_alphafold2_ptm_model_1_seed_000.pdb,60.32257016248153,63.83923076923077,13,1.6166521,6.3735914
/fs/ess/PAA0203/xing244/AF_ClaSeq/results_updated/T1214/run2/divide_and_conquer/clades/clade_028/shuffle_09/group_005_unrelaxed_rank_001_alphafold2_ptm_model_1_seed_000.pdb,59.45187592319054,66.89538461538463,13,1.5669938,6.6478815
/fs/ess/PAA0203/xing244/AF_ClaSeq/results_updated/T1214/run2/divide_and_conquer/clades/clade_028/shuffle_09/group_001_unrelaxed_rank_001_alphafold2_ptm_model_1_seed_000.pdb,59.70311669128508,62.3474358974359,13,2.1297164,4.8078785
/fs/ess/PAA0203/xing244/AF_ClaSeq/results_updated/T1214/run2/divide_and_conquer/clades/clade_028/shuffle_09/group_004_unrelaxed_rank_001_alphafold2_ptm_model_1_seed_000.pdb,59.15029542097489,64.94487179487179,13,4.2759814,2.8820567
/fs/ess/PAA0203/xing244/AF_ClaSeq/results_updated/T1214/run2/divide_and_conquer/clades/clade_028/shuffle_10/group_003_unrelaxed_rank_001_alphafold2_ptm_model_1_seed_000.pdb,58.27638109305761,61.7323076923077,13,5.3191056,3.1398299
/fs/ess/PAA0203/xing244/AF_ClaSeq/results_updated/T1214/run2/divide_and_conquer/clades/clade_028/shuffle_10/group_002_unrelaxed_rank_001_alphafold2_ptm_model_1_seed_000.pdb,60.13109305760709,61.80025641025641,13,1.6633583,5.9125814
/fs/ess/PAA0203/xing244/AF_ClaSeq/results_updated/T1214/run2/divide_and_conquer/clades/clade_028/shuffle_10/group_005_unrelaxed_rank_001_alphafold2_ptm_model_1_seed_000.pdb,66.24561299852289,67.60102564102564,13,1.8003076,5.803746
/fs/ess/PAA0203/xing244/AF_ClaSeq/results_updated/T1214/run2/divide_and_conquer/clades/clade_028/shuffle_10/group_001_unrelaxed_rank_001_alphafold2_ptm_model_1_seed_000.pdb,65.69683899556868,67.02153846153847,13,2.323123,4.995065
/fs/ess/PAA0203/xing244/AF_ClaSeq/results_updated/T1214/run2/divide_and_conquer/clades/clade_028/shuffle_10/group_004_unrelaxed_rank_001_alphafold2_ptm_model_1_seed_000.pdb,66.46512555391433,63.47,13,1.301607,5.819492
/fs/ess/PAA0203/xing244/AF_ClaSeq/results_updated/T1214/run2/divide_and_conquer/clades/clade_029/shuffle_01/group_003_unrelaxed_rank_001_alphafold2_ptm_model_1_seed_000.pdb,40.39899556868537,29.200256410256408,13,15.763184,17.58797
/fs/ess/PAA0203/xing244/AF_ClaSeq/results_updated/T1214/run2/divide_and_conquer/clades/clade_029/shuffle_01/group_002_unrelaxed_rank_001_alphafold2_ptm_model_1_seed_000.pdb,32.63974889217135,25.335384615384616,13,35.488983,35.42752
/fs/ess/PAA0203/xing244/AF_ClaSeq/results_updated/T1214/run2/divide_and_conquer/clades/clade_029/shuffle_01/group_001_unrelaxed_rank_001_alphafold2_ptm_model_1_seed_000.pdb,34.52107828655835,23.45769230769231,13,29.534819,31.92397
/fs/ess/PAA0203/xing244/AF_ClaSeq/results_updated/T1214/run2/divide_and_conquer/clades/clade_029/shuffle_01/group_004_unrelaxed_rank_001_alphafold2_ptm_model_1_seed_000.pdb,48.95293943870015,41.4825641025641,23,5.068244,6.232487
/fs/ess/PAA0203/xing244/AF_ClaSeq/results_updated/T1214/run2/divide_and_conquer/clades/clade_029/shuffle_02/group_003_unrelaxed_rank_001_alphafold2_ptm_model_1_seed_000.pdb,46.60961595273264,33.45333333333333,13,8.43074,5.0779667
/fs/ess/PAA0203/xing244/AF_ClaSeq/results_updated/T1214/run2/divide_and_conquer/clades/clade_029/shuffle_02/group_002_unrelaxed_rank_001_alphafold2_ptm_model_1_seed_000.pdb,37.44224519940916,28.740256410256407,13,10.680466,9.647621
/fs/ess/PAA0203/xing244/AF_ClaSeq/results_updated/T1214/run2/divide_and_conquer/clades/clade_029/shuffle_02/group_001_unrelaxed_rank_001_alphafold2_ptm_model_1_seed_000.pdb,49.925391432791734,47.47923076923077,13,4.6355104,7.1938796
/fs/ess/PAA0203/xing244/AF_ClaSeq/results_updated/T1214/run2/divide_and_conquer/clades/clade_029/shuffle_02/group_004_unrelaxed_rank_001_alphafold2_ptm_model_1_seed_000.pdb,40.95014771048744,27.93153846153846,23,12.821739,10.25004
/fs/ess/PAA0203/xing244/AF_ClaSeq/results_updated/T1214/run2/divide_and_conquer/clades/clade_029/shuffle_03/group_003_unrelaxed_rank_001_alphafold2_ptm_model_1_seed_000.pdb,33.47295420974889,24.943589743589744,13,15.837682,14.373227
/fs/ess/PAA0203/xing244/AF_ClaSeq/results_updated/T1214/run2/divide_and_conquer/clades/clade_029/shuffle_03/group_002_unrelaxed_rank_001_alphafold2_ptm_model_1_seed_000.pdb,48.108449039881826,32.12641025641027,13,8.800827,8.09925
/fs/ess/PAA0203/xing244/AF_ClaSeq/results_updated/T1214/run2/divide_and_conquer/clades/clade_029/shuffle_03/group_001_unrelaxed_rank_001_alphafold2_ptm_model_1_seed_000.pdb,42.8222599704579,29.261538461538464,13,16.31854,18.866022
/fs/ess/PAA0203/xing244/AF_ClaSeq/results_updated/T1214/run2/divide_and_conquer/clades/clade_029/shuffle_03/group_004_unrelaxed_rank_001_alphafold2_ptm_model_1_seed_000.pdb,39.96623338257016,39.58871794871796,23,6.8504457,7.4489136
/fs/ess/PAA0203/xing244/AF_ClaSeq/results_updated/T1214/run2/divide_and_conquer/clades/clade_029/shuffle_04/group_003_unrelaxed_rank_001_alphafold2_ptm_model_1_seed_000.pdb,50.951477104874435,41.922051282051285,13,4.843641,6.0649533
/fs/ess/PAA0203/xing244/AF_ClaSeq/results_updated/T1214/run2/divide_and_conquer/clades/clade_029/shuffle_04/group_002_unrelaxed_rank_001_alphafold2_ptm_model_1_seed_000.pdb,40.493353028064995,26.349999999999998,13,12.523142,9.278287
/fs/ess/PAA0203/xing244/AF_ClaSeq/results_updated/T1214/run2/divide_and_conquer/clades/clade_029/shuffle_04/group_001_unrelaxed_rank_001_alphafold2_ptm_model_1_seed_000.pdb,47.14137370753324,33.94564102564103,13,8.319633,7.108853
/fs/ess/PAA0203/xing244/AF_ClaSeq/results_updated/T1214/run2/divide_and_conquer/clades/clade_029/shuffle_04/group_004_unrelaxed_rank_001_alphafold2_ptm_model_1_seed_000.pdb,38.22937961595274,28.095384615384617,23,6.888275,9.53303
/fs/ess/PAA0203/xing244/AF_ClaSeq/results_updated/T1214/run2/divide_and_conquer/clades/clade_029/shuffle_05/group_003_unrelaxed_rank_001_alphafold2_ptm_model_1_seed_000.pdb,42.30174298375184,35.5074358974359,13,11.79113,11.223651
/fs/ess/PAA0203/xing244/AF_ClaSeq/results_updated/T1214/run2/divide_and_conquer/clades/clade_029/shuffle_05/group_002_unrelaxed_rank_001_alphafold2_ptm_model_1_seed_000.pdb,30.704889217134415,27.185128205128205,13,19.46325,20.682533
/fs/ess/PAA0203/xing244/AF_ClaSeq/results_updated/T1214/run2/divide_and_conquer/clades/clade_029/shuffle_05/group_001_unrelaxed_rank_001_alphafold2_ptm_model_1_seed_000.pdb,40.43847858197932,29.102307692307694,13,9.221872,9.238384
/fs/ess/PAA0203/xing244/AF_ClaSeq/results_updated/T1214/run2/divide_and_conquer/clades/clade_029/shuffle_05/group_004_unrelaxed_rank_001_alphafold2_ptm_model_1_seed_000.pdb,55.38784342688332,49.08128205128205,23,5.3316317,7.2237287
/fs/ess/PAA0203/xing244/AF_ClaSeq/results_updated/T1214/run2/divide_and_conquer/clades/clade_029/shuffle_06/group_003_unrelaxed_rank_001_alphafold2_ptm_model_1_seed_000.pdb,34.46673559822747,28.858205128205135,13,9.168635,8.4305935
/fs/ess/PAA0203/xing244/AF_ClaSeq/results_updated/T1214/run2/divide_and_conquer/clades/clade_029/shuffle_06/group_002_unrelaxed_rank_001_alphafold2_ptm_model_1_seed_000.pdb,30.353929098966027,22.326410256410256,13,23.574615,21.24685
/fs/ess/PAA0203/xing244/AF_ClaSeq/results_updated/T1214/run2/divide_and_conquer/clades/clade_029/shuffle_06/group_001_unrelaxed_rank_001_alphafold2_ptm_model_1_seed_000.pdb,32.062895125553915,28.532307692307697,13,12.103858,9.180894
/fs/ess/PAA0203/xing244/AF_ClaSeq/results_updated/T1214/run2/divide_and_conquer/clades/clade_029/shuffle_06/group_004_unrelaxed_rank_001_alphafold2_ptm_model_1_seed_000.pdb,46.5933234859675,43.57589743589743,23,5.576112,7.387176
/fs/ess/PAA0203/xing244/AF_ClaSeq/results_updated/T1214/run2/divide_and_conquer/clades/clade_029/shuffle_07/group_003_unrelaxed_rank_001_alphafold2_ptm_model_1_seed_000.pdb,37.99676514032496,25.651794871794877,13,12.334111,10.803597
/fs/ess/PAA0203/xing244/AF_ClaSeq/results_updated/T1214/run2/divide_and_conquer/clades/clade_029/shuffle_07/group_002_unrelaxed_rank_001_alphafold2_ptm_model_1_seed_000.pdb,44.689615952732645,33.9825641025641,13,9.730463,7.224096
/fs/ess/PAA0203/xing244/AF_ClaSeq/results_updated/T1214/run2/divide_and_conquer/clades/clade_029/shuffle_07/group_001_unrelaxed_rank_001_alphafold2_ptm_model_1_seed_000.pdb,32.975450516986704,24.164871794871793,13,31.156507,33.78511
/fs/ess/PAA0203/xing244/AF_ClaSeq/results_updated/T1214/run2/divide_and_conquer/clades/clade_029/shuffle_07/group_004_unrelaxed_rank_001_alphafold2_ptm_model_1_seed_000.pdb,43.128197932053176,29.476410256410254,23,10.525366,9.112199
/fs/ess/PAA0203/xing244/AF_ClaSeq/results_updated/T1214/run2/divide_and_conquer/clades/clade_029/shuffle_08/group_003_unrelaxed_rank_001_alphafold2_ptm_model_1_seed_000.pdb,50.10639586410635,39.759487179487174,13,6.7680593,5.248041
/fs/ess/PAA0203/xing244/AF_ClaSeq/results_updated/T1214/run2/divide_and_conquer/clades/clade_029/shuffle_08/group_002_unrelaxed_rank_001_alphafold2_ptm_model_1_seed_000.pdb,36.25158050221566,24.676923076923078,13,15.76914,14.468526
/fs/ess/PAA0203/xing244/AF_ClaSeq/results_updated/T1214/run2/divide_and_conquer/clades/clade_029/shuffle_08/group_001_unrelaxed_rank_001_alphafold2_ptm_model_1_seed_000.pdb,48.146440177252586,38.86512820512821,13,5.9926205,4.6620293
/fs/ess/PAA0203/xing244/AF_ClaSeq/results_updated/T1214/run2/divide_and_conquer/clades/clade_029/shuffle_08/group_004_unrelaxed_rank_001_alphafold2_ptm_model_1_seed_000.pdb,31.556100443131463,26.173076923076923,23,15.433175,15.499365
/fs/ess/PAA0203/xing244/AF_ClaSeq/results_updated/T1214/run2/divide_and_conquer/clades/clade_029/shuffle_09/group_003_unrelaxed_rank_001_alphafold2_ptm_model_1_seed_000.pdb,30.240960118168385,28.127948717948712,13,22.266722,23.960318
/fs/ess/PAA0203/xing244/AF_ClaSeq/results_updated/T1214/run2/divide_and_conquer/clades/clade_029/shuffle_09/group_002_unrelaxed_rank_001_alphafold2_ptm_model_1_seed_000.pdb,44.70576070901034,31.337948717948727,13,7.247117,6.8211846
/fs/ess/PAA0203/xing244/AF_ClaSeq/results_updated/T1214/run2/divide_and_conquer/clades/clade_029/shuffle_09/group_001_unrelaxed_rank_001_alphafold2_ptm_model_1_seed_000.pdb,30.12429837518464,23.79025641025641,13,27.912016,28.16181
/fs/ess/PAA0203/xing244/AF_ClaSeq/results_updated/T1214/run2/divide_and_conquer/clades/clade_029/shuffle_09/group_004_unrelaxed_rank_001_alphafold2_ptm_model_1_seed_000.pdb,45.92137370753324,44.64358974358974,23,5.3562827,7.1666393
/fs/ess/PAA0203/xing244/AF_ClaSeq/results_updated/T1214/run2/divide_and_conquer/clades/clade_029/shuffle_10/group_003_unrelaxed_rank_001_alphafold2_ptm_model_1_seed_000.pdb,51.09484490398819,43.71076923076923,13,9.217674,7.4014707
/fs/ess/PAA0203/xing244/AF_ClaSeq/results_updated/T1214/run2/divide_and_conquer/clades/clade_029/shuffle_10/group_002_unrelaxed_rank_001_alphafold2_ptm_model_1_seed_000.pdb,38.705066469719355,32.563333333333325,13,6.068558,3.9792109
/fs/ess/PAA0203/xing244/AF_ClaSeq/results_updated/T1214/run2/divide_and_conquer/clades/clade_029/shuffle_10/group_001_unrelaxed_rank_001_alphafold2_ptm_model_1_seed_000.pdb,33.33245199409158,27.27153846153846,13,10.602433,9.103234
/fs/ess/PAA0203/xing244/AF_ClaSeq/results_updated/T1214/run2/divide_and_conquer/clades/clade_029/shuffle_10/group_004_unrelaxed_rank_001_alphafold2_ptm_model_1_seed_000.pdb,33.41138847858198,27.46051282051282,23,13.433935,15.219162
/fs/ess/PAA0203/xing244/AF_ClaSeq/results_updated/T1214/run2/divide_and_conquer/clades/clade_030/shuffle_01/group_003_unrelaxed_rank_001_alphafold2_ptm_model_1_seed_000.pdb,43.08812407680945,33.30128205128205,13,25.849665,26.828629
/fs/ess/PAA0203/xing244/AF_ClaSeq/results_updated/T1214/run2/divide_and_conquer/clades/clade_030/shuffle_01/group_002_unrelaxed_rank_001_alphafold2_ptm_model_1_seed_000.pdb,56.23602658788774,49.361025641025634,13,3.3693573,4.5851197
/fs/ess/PAA0203/xing244/AF_ClaSeq/results_updated/T1214/run2/divide_and_conquer/clades/clade_030/shuffle_01/group_001_unrelaxed_rank_001_alphafold2_ptm_model_1_seed_000.pdb,51.25063515509601,32.05384615384616,13,29.044994,30.49174
/fs/ess/PAA0203/xing244/AF_ClaSeq/results_updated/T1214/run2/divide_and_conquer/clades/clade_030/shuffle_01/group_004_unrelaxed_rank_001_alphafold2_ptm_model_1_seed_000.pdb,63.22019202363368,72.19102564102562,22,1.2973475,6.017294
/fs/ess/PAA0203/xing244/AF_ClaSeq/results_updated/T1214/run2/divide_and_conquer/clades/clade_030/shuffle_02/group_003_unrelaxed_rank_001_alphafold2_ptm_model_1_seed_000.pdb,72.11816838995568,66.4551282051282,13,2.9715157,5.4604445
/fs/ess/PAA0203/xing244/AF_ClaSeq/results_updated/T1214/run2/divide_and_conquer/clades/clade_030/shuffle_02/group_002_unrelaxed_rank_001_alphafold2_ptm_model_1_seed_000.pdb,62.73236336779911,67.56794871794874,13,1.6519375,5.418367
/fs/ess/PAA0203/xing244/AF_ClaSeq/results_updated/T1214/run2/divide_and_conquer/clades/clade_030/shuffle_02/group_001_unrelaxed_rank_001_alphafold2_ptm_model_1_seed_000.pdb,67.86565731166914,66.18615384615383,13,2.3284557,4.7998815
/fs/ess/PAA0203/xing244/AF_ClaSeq/results_updated/T1214/run2/divide_and_conquer/clades/clade_030/shuffle_02/group_004_unrelaxed_rank_001_alphafold2_ptm_model_1_seed_000.pdb,66.06865583456425,70.53205128205128,22,1.4967278,6.751779
/fs/ess/PAA0203/xing244/AF_ClaSeq/results_updated/T1214/run2/divide_and_conquer/clades/clade_030/shuffle_03/group_003_unrelaxed_rank_001_alphafold2_ptm_model_1_seed_000.pdb,56.9866765140325,58.944871794871794,13,2.6355443,7.1093855
/fs/ess/PAA0203/xing244/AF_ClaSeq/results_updated/T1214/run2/divide_and_conquer/clades/clade_030/shuffle_03/group_002_unrelaxed_rank_001_alphafold2_ptm_model_1_seed_000.pdb,60.07409158050222,54.561794871794866,13,3.0857117,6.0095305
/fs/ess/PAA0203/xing244/AF_ClaSeq/results_updated/T1214/run2/divide_and_conquer/clades/clade_030/shuffle_03/group_001_unrelaxed_rank_001_alphafold2_ptm_model_1_seed_000.pdb,50.17211225997046,41.0123076923077,13,5.1770053,6.9345164
/fs/ess/PAA0203/xing244/AF_ClaSeq/results_updated/T1214/run2/divide_and_conquer/clades/clade_030/shuffle_03/group_004_unrelaxed_rank_001_alphafold2_ptm_model_1_seed_000.pdb,80.5136189069424,79.75333333333333,22,1.6181376,6.022408
/fs/ess/PAA0203/xing244/AF_ClaSeq/results_updated/T1214/run2/divide_and_conquer/clades/clade_030/shuffle_04/group_003_unrelaxed_rank_001_alphafold2_ptm_model_1_seed_000.pdb,49.170443131462335,53.420512820512826,13,2.2688856,6.375663
/fs/ess/PAA0203/xing244/AF_ClaSeq/results_updated/T1214/run2/divide_and_conquer/clades/clade_030/shuffle_04/group_002_unrelaxed_rank_001_alphafold2_ptm_model_1_seed_000.pdb,57.93858197932053,63.11282051282051,13,1.599994,5.373073
/fs/ess/PAA0203/xing244/AF_ClaSeq/results_updated/T1214/run2/divide_and_conquer/clades/clade_030/shuffle_04/group_001_unrelaxed_rank_001_alphafold2_ptm_model_1_seed_000.pdb,68.64731166912851,59.29897435897437,13,2.2328317,5.4331794
/fs/ess/PAA0203/xing244/AF_ClaSeq/results_updated/T1214/run2/divide_and_conquer/clades/clade_030/shuffle_04/group_004_unrelaxed_rank_001_alphafold2_ptm_model_1_seed_000.pdb,76.43296898079763,73.2871794871795,22,2.2795334,4.5059667
/fs/ess/PAA0203/xing244/AF_ClaSeq/results_updated/T1214/run2/divide_and_conquer/clades/clade_030/shuffle_05/group_003_unrelaxed_rank_001_alphafold2_ptm_model_1_seed_000.pdb,59.77016248153619,63.28948717948718,13,2.9800272,5.6019077
/fs/ess/PAA0203/xing244/AF_ClaSeq/results_updated/T1214/run2/divide_and_conquer/clades/clade_030/shuffle_05/group_002_unrelaxed_rank_001_alphafold2_ptm_model_1_seed_000.pdb,61.52326440177253,68.19384615384615,13,0.9616896,6.1364574
/fs/ess/PAA0203/xing244/AF_ClaSeq/results_updated/T1214/run2/divide_and_conquer/clades/clade_030/shuffle_05/group_001_unrelaxed_rank_001_alphafold2_ptm_model_1_seed_000.pdb,59.013677991137364,65.23128205128205,13,2.9281335,4.6594815
/fs/ess/PAA0203/xing244/AF_ClaSeq/results_updated/T1214/run2/divide_and_conquer/clades/clade_030/shuffle_05/group_004_unrelaxed_rank_001_alphafold2_ptm_model_1_seed_000.pdb,73.6697636632201,72.55435897435898,22,1.9617534,5.8307624
/fs/ess/PAA0203/xing244/AF_ClaSeq/results_updated/T1214/run2/divide_and_conquer/clades/clade_030/shuffle_06/group_003_unrelaxed_rank_001_alphafold2_ptm_model_1_seed_000.pdb,61.031698670605614,67.73076923076921,13,1.692666,5.750709
/fs/ess/PAA0203/xing244/AF_ClaSeq/results_updated/T1214/run2/divide_and_conquer/clades/clade_030/shuffle_06/group_002_unrelaxed_rank_001_alphafold2_ptm_model_1_seed_000.pdb,40.71434268833087,30.935897435897434,13,27.227175,28.655151
/fs/ess/PAA0203/xing244/AF_ClaSeq/results_updated/T1214/run2/divide_and_conquer/clades/clade_030/shuffle_06/group_001_unrelaxed_rank_001_alphafold2_ptm_model_1_seed_000.pdb,56.343323485967495,58.76179487179488,13,1.998835,6.1858044
/fs/ess/PAA0203/xing244/AF_ClaSeq/results_updated/T1214/run2/divide_and_conquer/clades/clade_030/shuffle_06/group_004_unrelaxed_rank_001_alphafold2_ptm_model_1_seed_000.pdb,68.46559822747416,72.43487179487181,22,2.3760414,4.7339764
/fs/ess/PAA0203/xing244/AF_ClaSeq/results_updated/T1214/run2/divide_and_conquer/clades/clade_030/shuffle_07/group_003_unrelaxed_rank_001_alphafold2_ptm_model_1_seed_000.pdb,58.13286558345642,49.89076923076924,13,6.5908694,10.3888
/fs/ess/PAA0203/xing244/AF_ClaSeq/results_updated/T1214/run2/divide_and_conquer/clades/clade_030/shuffle_07/group_002_unrelaxed_rank_001_alphafold2_ptm_model_1_seed_000.pdb,62.67480059084195,64.7876923076923,13,1.817738,5.3967695
/fs/ess/PAA0203/xing244/AF_ClaSeq/results_updated/T1214/run2/divide_and_conquer/clades/clade_030/shuffle_07/group_001_unrelaxed_rank_001_alphafold2_ptm_model_1_seed_000.pdb,49.70593796159528,59.025128205128205,13,1.8164285,5.485222
/fs/ess/PAA0203/xing244/AF_ClaSeq/results_updated/T1214/run2/divide_and_conquer/clades/clade_030/shuffle_07/group_004_unrelaxed_rank_001_alphafold2_ptm_model_1_seed_000.pdb,65.14178729689807,69.35794871794872,22,3.6936343,4.530755
/fs/ess/PAA0203/xing244/AF_ClaSeq/results_updated/T1214/run2/divide_and_conquer/clades/clade_030/shuffle_08/group_003_unrelaxed_rank_001_alphafold2_ptm_model_1_seed_000.pdb,59.78317577548006,69.39384615384616,13,3.3235483,3.8293686
/fs/ess/PAA0203/xing244/AF_ClaSeq/results_updated/T1214/run2/divide_and_conquer/clades/clade_030/shuffle_08/group_002_unrelaxed_rank_001_alphafold2_ptm_model_1_seed_000.pdb,50.01605612998523,31.154871794871795,13,24.782028,26.30913
/fs/ess/PAA0203/xing244/AF_ClaSeq/results_updated/T1214/run2/divide_and_conquer/clades/clade_030/shuffle_08/group_001_unrelaxed_rank_001_alphafold2_ptm_model_1_seed_000.pdb,48.83449039881831,48.37794871794871,13,1.9703522,6.154647
/fs/ess/PAA0203/xing244/AF_ClaSeq/results_updated/T1214/run2/divide_and_conquer/clades/clade_030/shuffle_08/group_004_unrelaxed_rank_001_alphafold2_ptm_model_1_seed_000.pdb,69.92460856720827,75.43846153846154,22,2.1115153,4.8432794
/fs/ess/PAA0203/xing244/AF_ClaSeq/results_updated/T1214/run2/divide_and_conquer/clades/clade_030/shuffle_09/group_003_unrelaxed_rank_001_alphafold2_ptm_model_1_seed_000.pdb,72.5902658788774,68.16615384615383,13,2.0279791,5.2775173
/fs/ess/PAA0203/xing244/AF_ClaSeq/results_updated/T1214/run2/divide_and_conquer/clades/clade_030/shuffle_09/group_002_unrelaxed_rank_001_alphafold2_ptm_model_1_seed_000.pdb,46.71047267355982,32.079487179487174,13,27.39446,29.066832
/fs/ess/PAA0203/xing244/AF_ClaSeq/results_updated/T1214/run2/divide_and_conquer/clades/clade_030/shuffle_09/group_001_unrelaxed_rank_001_alphafold2_ptm_model_1_seed_000.pdb,61.546454948301324,63.64076923076924,13,1.1526427,5.7891507
/fs/ess/PAA0203/xing244/AF_ClaSeq/results_updated/T1214/run2/divide_and_conquer/clades/clade_030/shuffle_09/group_004_unrelaxed_rank_001_alphafold2_ptm_model_1_seed_000.pdb,69.46957163958642,74.35564102564102,22,2.0695539,6.1668563
/fs/ess/PAA0203/xing244/AF_ClaSeq/results_updated/T1214/run2/divide_and_conquer/clades/clade_030/shuffle_10/group_003_unrelaxed_rank_001_alphafold2_ptm_model_1_seed_000.pdb,55.66539143279173,59.385128205128204,13,2.6569242,6.2426805
/fs/ess/PAA0203/xing244/AF_ClaSeq/results_updated/T1214/run2/divide_and_conquer/clades/clade_030/shuffle_10/group_002_unrelaxed_rank_001_alphafold2_ptm_model_1_seed_000.pdb,54.22706056129985,56.39717948717948,13,3.0928814,4.7250857
/fs/ess/PAA0203/xing244/AF_ClaSeq/results_updated/T1214/run2/divide_and_conquer/clades/clade_030/shuffle_10/group_001_unrelaxed_rank_001_alphafold2_ptm_model_1_seed_000.pdb,67.19966026587888,67.05897435897437,13,2.8105032,5.930651
/fs/ess/PAA0203/xing244/AF_ClaSeq/results_updated/T1214/run2/divide_and_conquer/clades/clade_030/shuffle_10/group_004_unrelaxed_rank_001_alphafold2_ptm_model_1_seed_000.pdb,66.11512555391432,72.43153846153847,22,1.2599264,6.18667
/fs/ess/PAA0203/xing244/AF_ClaSeq/results_updated/T1214/run2/divide_and_conquer/clades/clade_031/shuffle_01/group_003_unrelaxed_rank_001_alphafold2_ptm_model_1_seed_000.pdb,66.25630723781389,54.36717948717949,13,3.3007672,7.0012245
/fs/ess/PAA0203/xing244/AF_ClaSeq/results_updated/T1214/run2/divide_and_conquer/clades/clade_031/shuffle_01/group_002_unrelaxed_rank_001_alphafold2_ptm_model_1_seed_000.pdb,57.88240768094535,54.01794871794871,13,3.8375826,6.5394506
/fs/ess/PAA0203/xing244/AF_ClaSeq/results_updated/T1214/run2/divide_and_conquer/clades/clade_031/shuffle_01/group_001_unrelaxed_rank_001_alphafold2_ptm_model_1_seed_000.pdb,52.33085672082718,35.862307692307695,13,25.519133,26.488356
/fs/ess/PAA0203/xing244/AF_ClaSeq/results_updated/T1214/run2/divide_and_conquer/clades/clade_031/shuffle_01/group_004_unrelaxed_rank_001_alphafold2_ptm_model_1_seed_000.pdb,71.45797636632201,63.29384615384617,22,2.360361,4.7616186
/fs/ess/PAA0203/xing244/AF_ClaSeq/results_updated/T1214/run2/divide_and_conquer/clades/clade_031/shuffle_02/group_003_unrelaxed_rank_001_alphafold2_ptm_model_1_seed_000.pdb,60.10979320531758,63.11384615384615,13,4.8981247,4.2015247
/fs/ess/PAA0203/xing244/AF_ClaSeq/results_updated/T1214/run2/divide_and_conquer/clades/clade_031/shuffle_02/group_002_unrelaxed_rank_001_alphafold2_ptm_model_1_seed_000.pdb,57.3338847858198,50.0625641025641,13,4.514201,6.274488
/fs/ess/PAA0203/xing244/AF_ClaSeq/results_updated/T1214/run2/divide_and_conquer/clades/clade_031/shuffle_02/group_001_unrelaxed_rank_001_alphafold2_ptm_model_1_seed_000.pdb,70.74007385524372,58.75564102564103,13,3.3331652,8.248226
/fs/ess/PAA0203/xing244/AF_ClaSeq/results_updated/T1214/run2/divide_and_conquer/clades/clade_031/shuffle_02/group_004_unrelaxed_rank_001_alphafold2_ptm_model_1_seed_000.pdb,58.79097488921714,60.6574358974359,22,3.4690568,5.449388
/fs/ess/PAA0203/xing244/AF_ClaSeq/results_updated/T1214/run2/divide_and_conquer/clades/clade_031/shuffle_03/group_003_unrelaxed_rank_001_alphafold2_ptm_model_1_seed_000.pdb,59.94654357459379,64.94564102564102,13,4.067929,3.7422192
/fs/ess/PAA0203/xing244/AF_ClaSeq/results_updated/T1214/run2/divide_and_conquer/clades/clade_031/shuffle_03/group_002_unrelaxed_rank_001_alphafold2_ptm_model_1_seed_000.pdb,69.05491875923191,60.1825641025641,13,2.272109,7.028267
/fs/ess/PAA0203/xing244/AF_ClaSeq/results_updated/T1214/run2/divide_and_conquer/clades/clade_031/shuffle_03/group_001_unrelaxed_rank_001_alphafold2_ptm_model_1_seed_000.pdb,55.639911373707534,60.47692307692307,13,2.9400482,5.437703
/fs/ess/PAA0203/xing244/AF_ClaSeq/results_updated/T1214/run2/divide_and_conquer/clades/clade_031/shuffle_03/group_004_unrelaxed_rank_001_alphafold2_ptm_model_1_seed_000.pdb,60.16497784342689,54.726666666666674,22,3.0533237,5.9617605
/fs/ess/PAA0203/xing244/AF_ClaSeq/results_updated/T1214/run2/divide_and_conquer/clades/clade_031/shuffle_04/group_003_unrelaxed_rank_001_alphafold2_ptm_model_1_seed_000.pdb,57.05115214180208,57.67307692307692,13,3.585148,5.027274
/fs/ess/PAA0203/xing244/AF_ClaSeq/results_updated/T1214/run2/divide_and_conquer/clades/clade_031/shuffle_04/group_002_unrelaxed_rank_001_alphafold2_ptm_model_1_seed_000.pdb,56.374224519940924,52.90974358974359,13,3.9118698,6.5793643
/fs/ess/PAA0203/xing244/AF_ClaSeq/results_updated/T1214/run2/divide_and_conquer/clades/clade_031/shuffle_04/group_001_unrelaxed_rank_001_alphafold2_ptm_model_1_seed_000.pdb,61.82951255539144,63.533333333333324,13,3.4851434,4.980881
/fs/ess/PAA0203/xing244/AF_ClaSeq/results_updated/T1214/run2/divide_and_conquer/clades/clade_031/shuffle_04/group_004_unrelaxed_rank_001_alphafold2_ptm_model_1_seed_000.pdb,62.41870014771049,64.77076923076923,22,3.5542622,3.6229262
/fs/ess/PAA0203/xing244/AF_ClaSeq/results_updated/T1214/run2/divide_and_conquer/clades/clade_031/shuffle_05/group_003_unrelaxed_rank_001_alphafold2_ptm_model_1_seed_000.pdb,55.84584933530281,49.05692307692307,13,4.092963,6.0948544
/fs/ess/PAA0203/xing244/AF_ClaSeq/results_updated/T1214/run2/divide_and_conquer/clades/clade_031/shuffle_05/group_002_unrelaxed_rank_001_alphafold2_ptm_model_1_seed_000.pdb,62.904859675036924,62.117948717948714,13,2.301889,6.186883
/fs/ess/PAA0203/xing244/AF_ClaSeq/results_updated/T1214/run2/divide_and_conquer/clades/clade_031/shuffle_05/group_001_unrelaxed_rank_001_alphafold2_ptm_model_1_seed_000.pdb,56.96537666174298,60.193333333333335,13,3.3100133,4.3953476
/fs/ess/PAA0203/xing244/AF_ClaSeq/results_updated/T1214/run2/divide_and_conquer/clades/clade_031/shuffle_05/group_004_unrelaxed_rank_001_alphafold2_ptm_model_1_seed_000.pdb,63.490162481536196,65.3171794871795,22,3.4990087,5.0695596
/fs/ess/PAA0203/xing244/AF_ClaSeq/results_updated/T1214/run2/divide_and_conquer/clades/clade_031/shuffle_06/group_003_unrelaxed_rank_001_alphafold2_ptm_model_1_seed_000.pdb,59.191742983751844,59.44153846153846,13,3.3353338,6.652466
/fs/ess/PAA0203/xing244/AF_ClaSeq/results_updated/T1214/run2/divide_and_conquer/clades/clade_031/shuffle_06/group_002_unrelaxed_rank_001_alphafold2_ptm_model_1_seed_000.pdb,61.255036927621866,65.17000000000002,13,2.3203528,5.199994
/fs/ess/PAA0203/xing244/AF_ClaSeq/results_updated/T1214/run2/divide_and_conquer/clades/clade_031/shuffle_06/group_001_unrelaxed_rank_001_alphafold2_ptm_model_1_seed_000.pdb,58.71607090103397,45.073076923076925,13,11.540612,9.177467
/fs/ess/PAA0203/xing244/AF_ClaSeq/results_updated/T1214/run2/divide_and_conquer/clades/clade_031/shuffle_06/group_004_unrelaxed_rank_001_alphafold2_ptm_model_1_seed_000.pdb,60.405937961595285,53.142051282051284,22,2.8157463,6.3575544
/fs/ess/PAA0203/xing244/AF_ClaSeq/results_updated/T1214/run2/divide_and_conquer/clades/clade_031/shuffle_07/group_003_unrelaxed_rank_001_alphafold2_ptm_model_1_seed_000.pdb,57.89796159527326,60.188205128205134,13,3.1954393,5.073366
/fs/ess/PAA0203/xing244/AF_ClaSeq/results_updated/T1214/run2/divide_and_conquer/clades/clade_031/shuffle_07/group_002_unrelaxed_rank_001_alphafold2_ptm_model_1_seed_000.pdb,58.82810930576072,52.68,13,2.9355795,6.43586
/fs/ess/PAA0203/xing244/AF_ClaSeq/results_updated/T1214/run2/divide_and_conquer/clades/clade_031/shuffle_07/group_001_unrelaxed_rank_001_alphafold2_ptm_model_1_seed_000.pdb,64.73127031019202,64.60102564102564,13,3.9766834,3.2085018
/fs/ess/PAA0203/xing244/AF_ClaSeq/results_updated/T1214/run2/divide_and_conquer/clades/clade_031/shuffle_07/group_004_unrelaxed_rank_001_alphafold2_ptm_model_1_seed_000.pdb,64.31856720827179,69.08025641025642,22,3.0578206,4.025333
/fs/ess/PAA0203/xing244/AF_ClaSeq/results_updated/T1214/run2/divide_and_conquer/clades/clade_031/shuffle_08/group_003_unrelaxed_rank_001_alphafold2_ptm_model_1_seed_000.pdb,59.84942392909896,52.23948717948718,13,3.2088628,5.405167
/fs/ess/PAA0203/xing244/AF_ClaSeq/results_updated/T1214/run2/divide_and_conquer/clades/clade_031/shuffle_08/group_002_unrelaxed_rank_001_alphafold2_ptm_model_1_seed_000.pdb,51.5134859675037,32.75,13,9.071427,12.303114
/fs/ess/PAA0203/xing244/AF_ClaSeq/results_updated/T1214/run2/divide_and_conquer/clades/clade_031/shuffle_08/group_001_unrelaxed_rank_001_alphafold2_ptm_model_1_seed_000.pdb,55.81722304283605,59.64435897435898,13,3.626651,3.292826
/fs/ess/PAA0203/xing244/AF_ClaSeq/results_updated/T1214/run2/divide_and_conquer/clades/clade_031/shuffle_08/group_004_unrelaxed_rank_001_alphafold2_ptm_model_1_seed_000.pdb,63.26714918759232,58.20153846153846,22,4.1872993,6.879906
/fs/ess/PAA0203/xing244/AF_ClaSeq/results_updated/T1214/run2/divide_and_conquer/clades/clade_031/shuffle_09/group_003_unrelaxed_rank_001_alphafold2_ptm_model_1_seed_000.pdb,62.29514032496308,62.96589743589744,13,2.4884286,4.9025955
/fs/ess/PAA0203/xing244/AF_ClaSeq/results_updated/T1214/run2/divide_and_conquer/clades/clade_031/shuffle_09/group_002_unrelaxed_rank_001_alphafold2_ptm_model_1_seed_000.pdb,57.114933530280645,56.96102564102564,13,3.4618108,5.328522
/fs/ess/PAA0203/xing244/AF_ClaSeq/results_updated/T1214/run2/divide_and_conquer/clades/clade_031/shuffle_09/group_001_unrelaxed_rank_001_alphafold2_ptm_model_1_seed_000.pdb,62.2601329394387,64.32846153846154,13,5.162494,3.407714
/fs/ess/PAA0203/xing244/AF_ClaSeq/results_updated/T1214/run2/divide_and_conquer/clades/clade_031/shuffle_09/group_004_unrelaxed_rank_001_alphafold2_ptm_model_1_seed_000.pdb,59.20214180206794,65.20846153846153,22,3.1453798,5.3040504
/fs/ess/PAA0203/xing244/AF_ClaSeq/results_updated/T1214/run2/divide_and_conquer/clades/clade_031/shuffle_10/group_003_unrelaxed_rank_001_alphafold2_ptm_model_1_seed_000.pdb,54.72957163958641,43.095384615384624,13,5.7282553,6.6862364
/fs/ess/PAA0203/xing244/AF_ClaSeq/results_updated/T1214/run2/divide_and_conquer/clades/clade_031/shuffle_10/group_002_unrelaxed_rank_001_alphafold2_ptm_model_1_seed_000.pdb,61.08515509601182,48.11000000000001,13,3.222331,5.69006
/fs/ess/PAA0203/xing244/AF_ClaSeq/results_updated/T1214/run2/divide_and_conquer/clades/clade_031/shuffle_10/group_001_unrelaxed_rank_001_alphafold2_ptm_model_1_seed_000.pdb,59.10045790251107,59.32025641025642,13,3.7071211,5.5856266
/fs/ess/PAA0203/xing244/AF_ClaSeq/results_updated/T1214/run2/divide_and_conquer/clades/clade_031/shuffle_10/group_004_unrelaxed_rank_001_alphafold2_ptm_model_1_seed_000.pdb,68.37778434268833,69.04974358974358,22,3.9573443,3.5772371
/fs/ess/PAA0203/xing244/AF_ClaSeq/results_updated/T1214/run2/divide_and_conquer/clades/clade_032/shuffle_01/group_003_unrelaxed_rank_001_alphafold2_ptm_model_1_seed_000.pdb,39.25057607090103,31.72282051282051,13,12.68588,14.217933
/fs/ess/PAA0203/xing244/AF_ClaSeq/results_updated/T1214/run2/divide_and_conquer/clades/clade_032/shuffle_01/group_002_unrelaxed_rank_001_alphafold2_ptm_model_1_seed_000.pdb,41.732584933530276,31.745641025641024,13,8.4935255,7.239778
/fs/ess/PAA0203/xing244/AF_ClaSeq/results_updated/T1214/run2/divide_and_conquer/clades/clade_032/shuffle_01/group_001_unrelaxed_rank_001_alphafold2_ptm_model_1_seed_000.pdb,40.7684047267356,34.55615384615385,13,8.486862,10.13977
/fs/ess/PAA0203/xing244/AF_ClaSeq/results_updated/T1214/run2/divide_and_conquer/clades/clade_032/shuffle_01/group_004_unrelaxed_rank_001_alphafold2_ptm_model_1_seed_000.pdb,38.24419497784343,28.898461538461536,20,13.352938,16.86827
/fs/ess/PAA0203/xing244/AF_ClaSeq/results_updated/T1214/run2/divide_and_conquer/clades/clade_032/shuffle_02/group_003_unrelaxed_rank_001_alphafold2_ptm_model_1_seed_000.pdb,39.73168389955686,28.511794871794873,13,24.078959,26.526497
/fs/ess/PAA0203/xing244/AF_ClaSeq/results_updated/T1214/run2/divide_and_conquer/clades/clade_032/shuffle_02/group_002_unrelaxed_rank_001_alphafold2_ptm_model_1_seed_000.pdb,35.21100443131462,29.403846153846153,13,21.375193,22.012209
/fs/ess/PAA0203/xing244/AF_ClaSeq/results_updated/T1214/run2/divide_and_conquer/clades/clade_032/shuffle_02/group_001_unrelaxed_rank_001_alphafold2_ptm_model_1_seed_000.pdb,46.76045790251108,45.50487179487178,13,5.1096315,5.358938
/fs/ess/PAA0203/xing244/AF_ClaSeq/results_updated/T1214/run2/divide_and_conquer/clades/clade_032/shuffle_02/group_004_unrelaxed_rank_001_alphafold2_ptm_model_1_seed_000.pdb,42.10676514032496,33.26641025641026,20,6.6421247,7.894471
/fs/ess/PAA0203/xing244/AF_ClaSeq/results_updated/T1214/run2/divide_and_conquer/clades/clade_032/shuffle_03/group_003_unrelaxed_rank_001_alphafold2_ptm_model_1_seed_000.pdb,36.23078286558346,29.347692307692313,13,8.552297,10.295109
/fs/ess/PAA0203/xing244/AF_ClaSeq/results_updated/T1214/run2/divide_and_conquer/clades/clade_032/shuffle_03/group_002_unrelaxed_rank_001_alphafold2_ptm_model_1_seed_000.pdb,38.18874446085672,30.857692307692314,13,14.23335,17.740423
/fs/ess/PAA0203/xing244/AF_ClaSeq/results_updated/T1214/run2/divide_and_conquer/clades/clade_032/shuffle_03/group_001_unrelaxed_rank_001_alphafold2_ptm_model_1_seed_000.pdb,42.32345642540621,49.79102564102565,13,8.108663,7.6946797
/fs/ess/PAA0203/xing244/AF_ClaSeq/results_updated/T1214/run2/divide_and_conquer/clades/clade_032/shuffle_03/group_004_unrelaxed_rank_001_alphafold2_ptm_model_1_seed_000.pdb,42.79257016248154,40.85923076923078,20,5.64374,6.7478175
/fs/ess/PAA0203/xing244/AF_ClaSeq/results_updated/T1214/run2/divide_and_conquer/clades/clade_032/shuffle_04/group_003_unrelaxed_rank_001_alphafold2_ptm_model_1_seed_000.pdb,35.192717872968984,30.058974358974357,13,7.883481,6.399392
/fs/ess/PAA0203/xing244/AF_ClaSeq/results_updated/T1214/run2/divide_and_conquer/clades/clade_032/shuffle_04/group_002_unrelaxed_rank_001_alphafold2_ptm_model_1_seed_000.pdb,41.70422451994092,36.37846153846153,13,9.9928665,9.6596
/fs/ess/PAA0203/xing244/AF_ClaSeq/results_updated/T1214/run2/divide_and_conquer/clades/clade_032/shuffle_04/group_001_unrelaxed_rank_001_alphafold2_ptm_model_1_seed_000.pdb,39.61344165435746,30.770256410256415,13,8.8153925,10.475554
/fs/ess/PAA0203/xing244/AF_ClaSeq/results_updated/T1214/run2/divide_and_conquer/clades/clade_032/shuffle_04/group_004_unrelaxed_rank_001_alphafold2_ptm_model_1_seed_000.pdb,35.33917282127031,28.29051282051282,20,20.531721,22.873598
/fs/ess/PAA0203/xing244/AF_ClaSeq/results_updated/T1214/run2/divide_and_conquer/clades/clade_032/shuffle_05/group_003_unrelaxed_rank_001_alphafold2_ptm_model_1_seed_000.pdb,38.155657311669124,27.12538461538462,13,12.318462,14.77924
/fs/ess/PAA0203/xing244/AF_ClaSeq/results_updated/T1214/run2/divide_and_conquer/clades/clade_032/shuffle_05/group_002_unrelaxed_rank_001_alphafold2_ptm_model_1_seed_000.pdb,33.7718611521418,35.869743589743585,13,9.464593,8.420049
/fs/ess/PAA0203/xing244/AF_ClaSeq/results_updated/T1214/run2/divide_and_conquer/clades/clade_032/shuffle_05/group_001_unrelaxed_rank_001_alphafold2_ptm_model_1_seed_000.pdb,43.00673559822747,58.41153846153846,13,5.374671,7.0062995
/fs/ess/PAA0203/xing244/AF_ClaSeq/results_updated/T1214/run2/divide_and_conquer/clades/clade_032/shuffle_05/group_004_unrelaxed_rank_001_alphafold2_ptm_model_1_seed_000.pdb,42.0407976366322,29.955641025641018,20,12.046115,15.92765
/fs/ess/PAA0203/xing244/AF_ClaSeq/results_updated/T1214/run2/divide_and_conquer/clades/clade_032/shuffle_06/group_003_unrelaxed_rank_001_alphafold2_ptm_model_1_seed_000.pdb,39.74939438700148,31.34487179487179,13,11.081841,14.639523
/fs/ess/PAA0203/xing244/AF_ClaSeq/results_updated/T1214/run2/divide_and_conquer/clades/clade_032/shuffle_06/group_002_unrelaxed_rank_001_alphafold2_ptm_model_1_seed_000.pdb,40.88103397341211,31.412820512820506,13,11.747612,12.214937
/fs/ess/PAA0203/xing244/AF_ClaSeq/results_updated/T1214/run2/divide_and_conquer/clades/clade_032/shuffle_06/group_001_unrelaxed_rank_001_alphafold2_ptm_model_1_seed_000.pdb,27.624446085672083,25.681025641025638,13,33.157066,34.218548
/fs/ess/PAA0203/xing244/AF_ClaSeq/results_updated/T1214/run2/divide_and_conquer/clades/clade_032/shuffle_06/group_004_unrelaxed_rank_001_alphafold2_ptm_model_1_seed_000.pdb,42.37488921713442,42.1151282051282,20,7.702476,6.0962005
/fs/ess/PAA0203/xing244/AF_ClaSeq/results_updated/T1214/run2/divide_and_conquer/clades/clade_032/shuffle_07/group_003_unrelaxed_rank_001_alphafold2_ptm_model_1_seed_000.pdb,51.26109305760709,57.8097435897436,13,2.9284263,5.0240827
/fs/ess/PAA0203/xing244/AF_ClaSeq/results_updated/T1214/run2/divide_and_conquer/clades/clade_032/shuffle_07/group_002_unrelaxed_rank_001_alphafold2_ptm_model_1_seed_000.pdb,37.6941506646972,29.75076923076923,13,12.157436,10.922548
/fs/ess/PAA0203/xing244/AF_ClaSeq/results_updated/T1214/run2/divide_and_conquer/clades/clade_032/shuffle_07/group_001_unrelaxed_rank_001_alphafold2_ptm_model_1_seed_000.pdb,33.18384047267356,30.67538461538461,13,19.742403,19.027626
/fs/ess/PAA0203/xing244/AF_ClaSeq/results_updated/T1214/run2/divide_and_conquer/clades/clade_032/shuffle_07/group_004_unrelaxed_rank_001_alphafold2_ptm_model_1_seed_000.pdb,45.687503692762185,30.32025641025641,20,15.747419,18.475042
/fs/ess/PAA0203/xing244/AF_ClaSeq/results_updated/T1214/run2/divide_and_conquer/clades/clade_032/shuffle_08/group_003_unrelaxed_rank_001_alphafold2_ptm_model_1_seed_000.pdb,38.39852289512555,33.94051282051282,13,9.855055,9.323765
/fs/ess/PAA0203/xing244/AF_ClaSeq/results_updated/T1214/run2/divide_and_conquer/clades/clade_032/shuffle_08/group_002_unrelaxed_rank_001_alphafold2_ptm_model_1_seed_000.pdb,40.60357459379616,26.70666666666666,13,16.949099,15.443639
/fs/ess/PAA0203/xing244/AF_ClaSeq/results_updated/T1214/run2/divide_and_conquer/clades/clade_032/shuffle_08/group_001_unrelaxed_rank_001_alphafold2_ptm_model_1_seed_000.pdb,37.97078286558346,23.39948717948718,13,29.57893,31.967205
/fs/ess/PAA0203/xing244/AF_ClaSeq/results_updated/T1214/run2/divide_and_conquer/clades/clade_032/shuffle_08/group_004_unrelaxed_rank_001_alphafold2_ptm_model_1_seed_000.pdb,40.44169867060561,45.60589743589743,20,6.2925735,6.0769167
/fs/ess/PAA0203/xing244/AF_ClaSeq/results_updated/T1214/run2/divide_and_conquer/clades/clade_032/shuffle_09/group_003_unrelaxed_rank_001_alphafold2_ptm_model_1_seed_000.pdb,52.220620384047265,46.937179487179485,13,5.98578,3.4189885
/fs/ess/PAA0203/xing244/AF_ClaSeq/results_updated/T1214/run2/divide_and_conquer/clades/clade_032/shuffle_09/group_002_unrelaxed_rank_001_alphafold2_ptm_model_1_seed_000.pdb,42.43713441654358,54.80179487179487,13,3.4766345,5.7581387
/fs/ess/PAA0203/xing244/AF_ClaSeq/results_updated/T1214/run2/divide_and_conquer/clades/clade_032/shuffle_09/group_001_unrelaxed_rank_001_alphafold2_ptm_model_1_seed_000.pdb,37.528522895125555,28.968974358974354,13,8.47751,11.172221
/fs/ess/PAA0203/xing244/AF_ClaSeq/results_updated/T1214/run2/divide_and_conquer/clades/clade_032/shuffle_09/group_004_unrelaxed_rank_001_alphafold2_ptm_model_1_seed_000.pdb,45.23478581979321,52.038205128205135,20,4.3906074,6.912189
/fs/ess/PAA0203/xing244/AF_ClaSeq/results_updated/T1214/run2/divide_and_conquer/clades/clade_032/shuffle_10/group_003_unrelaxed_rank_001_alphafold2_ptm_model_1_seed_000.pdb,37.54440177252585,25.324102564102564,13,17.572712,17.143597
/fs/ess/PAA0203/xing244/AF_ClaSeq/results_updated/T1214/run2/divide_and_conquer/clades/clade_032/shuffle_10/group_002_unrelaxed_rank_001_alphafold2_ptm_model_1_seed_000.pdb,39.10587887740029,34.480769230769226,13,7.281397,8.577019
/fs/ess/PAA0203/xing244/AF_ClaSeq/results_updated/T1214/run2/divide_and_conquer/clades/clade_032/shuffle_10/group_001_unrelaxed_rank_001_alphafold2_ptm_model_1_seed_000.pdb,34.053781388478576,29.819487179487187,13,12.155681,9.49175
/fs/ess/PAA0203/xing244/AF_ClaSeq/results_updated/T1214/run2/divide_and_conquer/clades/clade_032/shuffle_10/group_004_unrelaxed_rank_001_alphafold2_ptm_model_1_seed_000.pdb,42.34140324963072,37.902820512820504,20,9.928967,6.486343
/fs/ess/PAA0203/xing244/AF_ClaSeq/results_updated/T1214/run2/divide_and_conquer/clades/clade_033/shuffle_01/group_003_unrelaxed_rank_001_alphafold2_ptm_model_1_seed_000.pdb,65.8188035450517,61.13974358974359,13,4.5685573,4.4904647
/fs/ess/PAA0203/xing244/AF_ClaSeq/results_updated/T1214/run2/divide_and_conquer/clades/clade_033/shuffle_01/group_002_unrelaxed_rank_001_alphafold2_ptm_model_1_seed_000.pdb,61.57144756277696,62.911025641025645,13,3.5116248,4.807856
/fs/ess/PAA0203/xing244/AF_ClaSeq/results_updated/T1214/run2/divide_and_conquer/clades/clade_033/shuffle_01/group_001_unrelaxed_rank_001_alphafold2_ptm_model_1_seed_000.pdb,59.07326440177253,61.15820512820513,13,4.093644,4.321915
/fs/ess/PAA0203/xing244/AF_ClaSeq/results_updated/T1214/run2/divide_and_conquer/clades/clade_033/shuffle_01/group_004_unrelaxed_rank_001_alphafold2_ptm_model_1_seed_000.pdb,67.62824224519942,65.36384615384615,19,4.3739004,5.4965453
/fs/ess/PAA0203/xing244/AF_ClaSeq/results_updated/T1214/run2/divide_and_conquer/clades/clade_033/shuffle_02/group_003_unrelaxed_rank_001_alphafold2_ptm_model_1_seed_000.pdb,63.91109305760709,65.75,13,6.835987,3.260812
/fs/ess/PAA0203/xing244/AF_ClaSeq/results_updated/T1214/run2/divide_and_conquer/clades/clade_033/shuffle_02/group_002_unrelaxed_rank_001_alphafold2_ptm_model_1_seed_000.pdb,60.893914327917294,59.70435897435898,13,3.6460538,4.116815
/fs/ess/PAA0203/xing244/AF_ClaSeq/results_updated/T1214/run2/divide_and_conquer/clades/clade_033/shuffle_02/group_001_unrelaxed_rank_001_alphafold2_ptm_model_1_seed_000.pdb,60.24592319054653,61.162820512820524,13,3.0551357,4.3992834
/fs/ess/PAA0203/xing244/AF_ClaSeq/results_updated/T1214/run2/divide_and_conquer/clades/clade_033/shuffle_02/group_004_unrelaxed_rank_001_alphafold2_ptm_model_1_seed_000.pdb,60.89937961595273,58.11820512820513,19,3.1395068,6.33312
/fs/ess/PAA0203/xing244/AF_ClaSeq/results_updated/T1214/run2/divide_and_conquer/clades/clade_033/shuffle_03/group_003_unrelaxed_rank_001_alphafold2_ptm_model_1_seed_000.pdb,65.65194977843426,64.80794871794872,13,5.2539234,3.838476
/fs/ess/PAA0203/xing244/AF_ClaSeq/results_updated/T1214/run2/divide_and_conquer/clades/clade_033/shuffle_03/group_002_unrelaxed_rank_001_alphafold2_ptm_model_1_seed_000.pdb,65.36877400295421,61.876666666666665,13,5.035606,3.1758468
/fs/ess/PAA0203/xing244/AF_ClaSeq/results_updated/T1214/run2/divide_and_conquer/clades/clade_033/shuffle_03/group_001_unrelaxed_rank_001_alphafold2_ptm_model_1_seed_000.pdb,60.46022156573115,62.340512820512814,13,2.9572625,4.704318
/fs/ess/PAA0203/xing244/AF_ClaSeq/results_updated/T1214/run2/divide_and_conquer/clades/clade_033/shuffle_03/group_004_unrelaxed_rank_001_alphafold2_ptm_model_1_seed_000.pdb,63.11921713441655,63.671282051282056,19,3.0416927,4.789064
/fs/ess/PAA0203/xing244/AF_ClaSeq/results_updated/T1214/run2/divide_and_conquer/clades/clade_033/shuffle_04/group_003_unrelaxed_rank_001_alphafold2_ptm_model_1_seed_000.pdb,61.8623929098966,61.0048717948718,13,3.2322085,5.0634427
/fs/ess/PAA0203/xing244/AF_ClaSeq/results_updated/T1214/run2/divide_and_conquer/clades/clade_033/shuffle_04/group_002_unrelaxed_rank_001_alphafold2_ptm_model_1_seed_000.pdb,60.51017725258493,55.19102564102565,13,2.96101,5.153128
/fs/ess/PAA0203/xing244/AF_ClaSeq/results_updated/T1214/run2/divide_and_conquer/clades/clade_033/shuffle_04/group_001_unrelaxed_rank_001_alphafold2_ptm_model_1_seed_000.pdb,55.30581979320531,54.65358974358975,13,2.991038,4.7148623
/fs/ess/PAA0203/xing244/AF_ClaSeq/results_updated/T1214/run2/divide_and_conquer/clades/clade_033/shuffle_04/group_004_unrelaxed_rank_001_alphafold2_ptm_model_1_seed_000.pdb,74.04481536189068,69.76589743589743,19,3.1046271,4.6884737
/fs/ess/PAA0203/xing244/AF_ClaSeq/results_updated/T1214/run2/divide_and_conquer/clades/clade_033/shuffle_05/group_003_unrelaxed_rank_001_alphafold2_ptm_model_1_seed_000.pdb,59.52615952732644,61.88051282051281,13,3.484932,5.3822803
/fs/ess/PAA0203/xing244/AF_ClaSeq/results_updated/T1214/run2/divide_and_conquer/clades/clade_033/shuffle_05/group_002_unrelaxed_rank_001_alphafold2_ptm_model_1_seed_000.pdb,61.639468242245194,60.559487179487185,13,5.7688203,3.3941166
/fs/ess/PAA0203/xing244/AF_ClaSeq/results_updated/T1214/run2/divide_and_conquer/clades/clade_033/shuffle_05/group_001_unrelaxed_rank_001_alphafold2_ptm_model_1_seed_000.pdb,58.44484490398819,60.53641025641025,13,4.7141895,4.073263
/fs/ess/PAA0203/xing244/AF_ClaSeq/results_updated/T1214/run2/divide_and_conquer/clades/clade_033/shuffle_05/group_004_unrelaxed_rank_001_alphafold2_ptm_model_1_seed_000.pdb,64.08937961595274,63.78282051282052,19,3.5195735,4.341791
/fs/ess/PAA0203/xing244/AF_ClaSeq/results_updated/T1214/run2/divide_and_conquer/clades/clade_033/shuffle_06/group_003_unrelaxed_rank_001_alphafold2_ptm_model_1_seed_000.pdb,63.02644017725259,65.61820512820515,13,4.069836,4.6727653
/fs/ess/PAA0203/xing244/AF_ClaSeq/results_updated/T1214/run2/divide_and_conquer/clades/clade_033/shuffle_06/group_002_unrelaxed_rank_001_alphafold2_ptm_model_1_seed_000.pdb,64.9362776957164,61.94589743589744,13,3.2611322,6.297283
/fs/ess/PAA0203/xing244/AF_ClaSeq/results_updated/T1214/run2/divide_and_conquer/clades/clade_033/shuffle_06/group_001_unrelaxed_rank_001_alphafold2_ptm_model_1_seed_000.pdb,61.06536189069424,60.68846153846154,13,3.2566195,4.722182
/fs/ess/PAA0203/xing244/AF_ClaSeq/results_updated/T1214/run2/divide_and_conquer/clades/clade_033/shuffle_06/group_004_unrelaxed_rank_001_alphafold2_ptm_model_1_seed_000.pdb,61.549689807976364,59.95871794871793,19,2.9360557,4.8608384
/fs/ess/PAA0203/xing244/AF_ClaSeq/results_updated/T1214/run2/divide_and_conquer/clades/clade_033/shuffle_07/group_003_unrelaxed_rank_001_alphafold2_ptm_model_1_seed_000.pdb,64.60543574593795,63.04538461538461,13,4.1548595,3.6134279
/fs/ess/PAA0203/xing244/AF_ClaSeq/results_updated/T1214/run2/divide_and_conquer/clades/clade_033/shuffle_07/group_002_unrelaxed_rank_001_alphafold2_ptm_model_1_seed_000.pdb,60.770930576070896,61.69,13,3.6136034,4.7437024
/fs/ess/PAA0203/xing244/AF_ClaSeq/results_updated/T1214/run2/divide_and_conquer/clades/clade_033/shuffle_07/group_001_unrelaxed_rank_001_alphafold2_ptm_model_1_seed_000.pdb,58.75183161004432,58.42333333333334,13,3.993559,3.7315922
/fs/ess/PAA0203/xing244/AF_ClaSeq/results_updated/T1214/run2/divide_and_conquer/clades/clade_033/shuffle_07/group_004_unrelaxed_rank_001_alphafold2_ptm_model_1_seed_000.pdb,77.66695716395864,73.76948717948717,19,3.541829,4.2415032
/fs/ess/PAA0203/xing244/AF_ClaSeq/results_updated/T1214/run2/divide_and_conquer/clades/clade_033/shuffle_08/group_003_unrelaxed_rank_001_alphafold2_ptm_model_1_seed_000.pdb,58.443663220088624,59.13820512820512,13,4.483942,5.4231443
/fs/ess/PAA0203/xing244/AF_ClaSeq/results_updated/T1214/run2/divide_and_conquer/clades/clade_033/shuffle_08/group_002_unrelaxed_rank_001_alphafold2_ptm_model_1_seed_000.pdb,62.891550960118174,61.13666666666668,13,4.526954,4.44146
/fs/ess/PAA0203/xing244/AF_ClaSeq/results_updated/T1214/run2/divide_and_conquer/clades/clade_033/shuffle_08/group_001_unrelaxed_rank_001_alphafold2_ptm_model_1_seed_000.pdb,59.72589364844905,59.20846153846154,13,2.8335872,5.6729774
/fs/ess/PAA0203/xing244/AF_ClaSeq/results_updated/T1214/run2/divide_and_conquer/clades/clade_033/shuffle_08/group_004_unrelaxed_rank_001_alphafold2_ptm_model_1_seed_000.pdb,66.19118168389956,64.02128205128206,19,5.501596,2.5899441
/fs/ess/PAA0203/xing244/AF_ClaSeq/results_updated/T1214/run2/divide_and_conquer/clades/clade_033/shuffle_09/group_003_unrelaxed_rank_001_alphafold2_ptm_model_1_seed_000.pdb,56.24757754800591,57.579487179487174,13,4.105428,4.384267
/fs/ess/PAA0203/xing244/AF_ClaSeq/results_updated/T1214/run2/divide_and_conquer/clades/clade_033/shuffle_09/group_002_unrelaxed_rank_001_alphafold2_ptm_model_1_seed_000.pdb,68.2327917282127,62.336410256410254,13,4.1032205,5.0929337
/fs/ess/PAA0203/xing244/AF_ClaSeq/results_updated/T1214/run2/divide_and_conquer/clades/clade_033/shuffle_09/group_001_unrelaxed_rank_001_alphafold2_ptm_model_1_seed_000.pdb,62.868138847858205,64.22820512820512,13,5.605401,4.245349
/fs/ess/PAA0203/xing244/AF_ClaSeq/results_updated/T1214/run2/divide_and_conquer/clades/clade_033/shuffle_09/group_004_unrelaxed_rank_001_alphafold2_ptm_model_1_seed_000.pdb,64.19019202363367,60.34769230769232,19,3.3243551,4.818158
/fs/ess/PAA0203/xing244/AF_ClaSeq/results_updated/T1214/run2/divide_and_conquer/clades/clade_033/shuffle_10/group_003_unrelaxed_rank_001_alphafold2_ptm_model_1_seed_000.pdb,62.15921713441654,59.579230769230776,13,4.1372576,4.3444543
/fs/ess/PAA0203/xing244/AF_ClaSeq/results_updated/T1214/run2/divide_and_conquer/clades/clade_033/shuffle_10/group_002_unrelaxed_rank_001_alphafold2_ptm_model_1_seed_000.pdb,60.666691285081235,59.55974358974359,13,5.41803,3.0242648
/fs/ess/PAA0203/xing244/AF_ClaSeq/results_updated/T1214/run2/divide_and_conquer/clades/clade_033/shuffle_10/group_001_unrelaxed_rank_001_alphafold2_ptm_model_1_seed_000.pdb,59.031299852289514,60.309999999999995,13,5.202176,4.730778
/fs/ess/PAA0203/xing244/AF_ClaSeq/results_updated/T1214/run2/divide_and_conquer/clades/clade_033/shuffle_10/group_004_unrelaxed_rank_001_alphafold2_ptm_model_1_seed_000.pdb,68.54100443131462,53.65794871794871,19,4.9023423,6.0491724
/fs/ess/PAA0203/xing244/AF_ClaSeq/results_updated/T1214/run2/divide_and_conquer/clades/clade_034/shuffle_01/group_003_unrelaxed_rank_001_alphafold2_ptm_model_1_seed_000.pdb,44.192067946824224,56.47615384615385,13,4.307771,2.9661176
/fs/ess/PAA0203/xing244/AF_ClaSeq/results_updated/T1214/run2/divide_and_conquer/clades/clade_034/shuffle_01/group_002_unrelaxed_rank_001_alphafold2_ptm_model_1_seed_000.pdb,48.99169867060562,59.81666666666666,13,3.6654181,3.9805937
/fs/ess/PAA0203/xing244/AF_ClaSeq/results_updated/T1214/run2/divide_and_conquer/clades/clade_034/shuffle_01/group_001_unrelaxed_rank_001_alphafold2_ptm_model_1_seed_000.pdb,36.8461447562777,30.39153846153846,13,30.79544,32.769936
/fs/ess/PAA0203/xing244/AF_ClaSeq/results_updated/T1214/run2/divide_and_conquer/clades/clade_034/shuffle_01/group_004_unrelaxed_rank_001_alphafold2_ptm_model_1_seed_000.pdb,36.00236336779911,30.795897435897434,17,29.107178,31.764328
/fs/ess/PAA0203/xing244/AF_ClaSeq/results_updated/T1214/run2/divide_and_conquer/clades/clade_034/shuffle_02/group_003_unrelaxed_rank_001_alphafold2_ptm_model_1_seed_000.pdb,32.591580502215656,25.591282051282054,13,30.214632,30.981836
/fs/ess/PAA0203/xing244/AF_ClaSeq/results_updated/T1214/run2/divide_and_conquer/clades/clade_034/shuffle_02/group_002_unrelaxed_rank_001_alphafold2_ptm_model_1_seed_000.pdb,41.57791728212703,53.95846153846154,13,7.1149173,5.698797
/fs/ess/PAA0203/xing244/AF_ClaSeq/results_updated/T1214/run2/divide_and_conquer/clades/clade_034/shuffle_02/group_001_unrelaxed_rank_001_alphafold2_ptm_model_1_seed_000.pdb,41.96310192023634,57.27128205128205,13,6.685858,8.607288
/fs/ess/PAA0203/xing244/AF_ClaSeq/results_updated/T1214/run2/divide_and_conquer/clades/clade_034/shuffle_02/group_004_unrelaxed_rank_001_alphafold2_ptm_model_1_seed_000.pdb,29.25744460856721,26.07333333333333,17,36.29737,36.390835
/fs/ess/PAA0203/xing244/AF_ClaSeq/results_updated/T1214/run2/divide_and_conquer/clades/clade_034/shuffle_03/group_003_unrelaxed_rank_001_alphafold2_ptm_model_1_seed_000.pdb,52.96670605612997,57.163333333333334,13,2.5469728,5.082235
/fs/ess/PAA0203/xing244/AF_ClaSeq/results_updated/T1214/run2/divide_and_conquer/clades/clade_034/shuffle_03/group_002_unrelaxed_rank_001_alphafold2_ptm_model_1_seed_000.pdb,36.753914327917286,40.544102564102566,13,12.099095,12.909138
/fs/ess/PAA0203/xing244/AF_ClaSeq/results_updated/T1214/run2/divide_and_conquer/clades/clade_034/shuffle_03/group_001_unrelaxed_rank_001_alphafold2_ptm_model_1_seed_000.pdb,31.001048744460856,26.7425641025641,13,20.188103,21.280502
/fs/ess/PAA0203/xing244/AF_ClaSeq/results_updated/T1214/run2/divide_and_conquer/clades/clade_034/shuffle_03/group_004_unrelaxed_rank_001_alphafold2_ptm_model_1_seed_000.pdb,43.635864106351555,49.8346153846154,17,3.4913812,5.618143
/fs/ess/PAA0203/xing244/AF_ClaSeq/results_updated/T1214/run2/divide_and_conquer/clades/clade_034/shuffle_04/group_003_unrelaxed_rank_001_alphafold2_ptm_model_1_seed_000.pdb,44.30849335302807,58.04282051282051,13,3.0491154,7.5975695
/fs/ess/PAA0203/xing244/AF_ClaSeq/results_updated/T1214/run2/divide_and_conquer/clades/clade_034/shuffle_04/group_002_unrelaxed_rank_001_alphafold2_ptm_model_1_seed_000.pdb,43.412924667651396,55.32179487179488,13,3.5877242,6.031819
/fs/ess/PAA0203/xing244/AF_ClaSeq/results_updated/T1214/run2/divide_and_conquer/clades/clade_034/shuffle_04/group_001_unrelaxed_rank_001_alphafold2_ptm_model_1_seed_000.pdb,37.560162481536196,28.058461538461536,13,24.748981,26.653576
/fs/ess/PAA0203/xing244/AF_ClaSeq/results_updated/T1214/run2/divide_and_conquer/clades/clade_034/shuffle_04/group_004_unrelaxed_rank_001_alphafold2_ptm_model_1_seed_000.pdb,38.331610044313145,30.86461538461538,17,11.64771,9.821254
/fs/ess/PAA0203/xing244/AF_ClaSeq/results_updated/T1214/run2/divide_and_conquer/clades/clade_034/shuffle_05/group_003_unrelaxed_rank_001_alphafold2_ptm_model_1_seed_000.pdb,37.05949778434269,30.310256410256414,13,29.714735,32.671543
/fs/ess/PAA0203/xing244/AF_ClaSeq/results_updated/T1214/run2/divide_and_conquer/clades/clade_034/shuffle_05/group_002_unrelaxed_rank_001_alphafold2_ptm_model_1_seed_000.pdb,42.24246676514033,53.55435897435897,13,3.2833846,5.2927356
/fs/ess/PAA0203/xing244/AF_ClaSeq/results_updated/T1214/run2/divide_and_conquer/clades/clade_034/shuffle_05/group_001_unrelaxed_rank_001_alphafold2_ptm_model_1_seed_000.pdb,45.290014771048746,58.91282051282051,13,3.6566374,4.1019754
/fs/ess/PAA0203/xing244/AF_ClaSeq/results_updated/T1214/run2/divide_and_conquer/clades/clade_034/shuffle_05/group_004_unrelaxed_rank_001_alphafold2_ptm_model_1_seed_000.pdb,37.756115214180205,51.31410256410256,17,13.923775,16.925575
/fs/ess/PAA0203/xing244/AF_ClaSeq/results_updated/T1214/run2/divide_and_conquer/clades/clade_034/shuffle_06/group_003_unrelaxed_rank_001_alphafold2_ptm_model_1_seed_000.pdb,44.148611521418026,40.157435897435896,13,6.7592006,4.242001
/fs/ess/PAA0203/xing244/AF_ClaSeq/results_updated/T1214/run2/divide_and_conquer/clades/clade_034/shuffle_06/group_002_unrelaxed_rank_001_alphafold2_ptm_model_1_seed_000.pdb,36.34255539143279,43.71769230769232,13,45.941822,46.701305
/fs/ess/PAA0203/xing244/AF_ClaSeq/results_updated/T1214/run2/divide_and_conquer/clades/clade_034/shuffle_06/group_001_unrelaxed_rank_001_alphafold2_ptm_model_1_seed_000.pdb,34.54336779911374,29.61871794871794,13,22.890406,24.855682
/fs/ess/PAA0203/xing244/AF_ClaSeq/results_updated/T1214/run2/divide_and_conquer/clades/clade_034/shuffle_06/group_004_unrelaxed_rank_001_alphafold2_ptm_model_1_seed_000.pdb,49.590132939438696,57.58717948717949,17,2.5638192,5.4168577
/fs/ess/PAA0203/xing244/AF_ClaSeq/results_updated/T1214/run2/divide_and_conquer/clades/clade_034/shuffle_07/group_003_unrelaxed_rank_001_alphafold2_ptm_model_1_seed_000.pdb,37.50329394387001,27.89871794871794,13,31.751581,32.723694
/fs/ess/PAA0203/xing244/AF_ClaSeq/results_updated/T1214/run2/divide_and_conquer/clades/clade_034/shuffle_07/group_002_unrelaxed_rank_001_alphafold2_ptm_model_1_seed_000.pdb,34.56725258493353,42.98487179487179,13,24.457575,20.60611
/fs/ess/PAA0203/xing244/AF_ClaSeq/results_updated/T1214/run2/divide_and_conquer/clades/clade_034/shuffle_07/group_001_unrelaxed_rank_001_alphafold2_ptm_model_1_seed_000.pdb,45.55704579025111,56.67102564102564,13,4.5694737,6.363979
/fs/ess/PAA0203/xing244/AF_ClaSeq/results_updated/T1214/run2/divide_and_conquer/clades/clade_034/shuffle_07/group_004_unrelaxed_rank_001_alphafold2_ptm_model_1_seed_000.pdb,50.042791728212705,55.47358974358974,17,2.2266102,5.5548325
/fs/ess/PAA0203/xing244/AF_ClaSeq/results_updated/T1214/run2/divide_and_conquer/clades/clade_034/shuffle_08/group_003_unrelaxed_rank_001_alphafold2_ptm_model_1_seed_000.pdb,41.203426883308715,46.949487179487186,13,6.667449,6.598722
/fs/ess/PAA0203/xing244/AF_ClaSeq/results_updated/T1214/run2/divide_and_conquer/clades/clade_034/shuffle_08/group_002_unrelaxed_rank_001_alphafold2_ptm_model_1_seed_000.pdb,37.728301329394384,29.465641025641027,13,23.773586,25.870937
/fs/ess/PAA0203/xing244/AF_ClaSeq/results_updated/T1214/run2/divide_and_conquer/clades/clade_034/shuffle_08/group_001_unrelaxed_rank_001_alphafold2_ptm_model_1_seed_000.pdb,42.631240768094536,55.836666666666666,13,10.809719,15.665627
/fs/ess/PAA0203/xing244/AF_ClaSeq/results_updated/T1214/run2/divide_and_conquer/clades/clade_034/shuffle_08/group_004_unrelaxed_rank_001_alphafold2_ptm_model_1_seed_000.pdb,47.83884785819793,63.509487179487174,17,3.7105536,5.7451563
/fs/ess/PAA0203/xing244/AF_ClaSeq/results_updated/T1214/run2/divide_and_conquer/clades/clade_034/shuffle_09/group_003_unrelaxed_rank_001_alphafold2_ptm_model_1_seed_000.pdb,42.39285081240768,54.25153846153846,13,4.5930996,8.994
/fs/ess/PAA0203/xing244/AF_ClaSeq/results_updated/T1214/run2/divide_and_conquer/clades/clade_034/shuffle_09/group_002_unrelaxed_rank_001_alphafold2_ptm_model_1_seed_000.pdb,35.55602658788774,29.580769230769228,13,26.439718,27.28737
/fs/ess/PAA0203/xing244/AF_ClaSeq/results_updated/T1214/run2/divide_and_conquer/clades/clade_034/shuffle_09/group_001_unrelaxed_rank_001_alphafold2_ptm_model_1_seed_000.pdb,34.77175775480059,36.34897435897436,13,10.297179,9.408985
/fs/ess/PAA0203/xing244/AF_ClaSeq/results_updated/T1214/run2/divide_and_conquer/clades/clade_034/shuffle_09/group_004_unrelaxed_rank_001_alphafold2_ptm_model_1_seed_000.pdb,52.42971935007385,60.27974358974359,17,3.0980186,4.0417275
/fs/ess/PAA0203/xing244/AF_ClaSeq/results_updated/T1214/run2/divide_and_conquer/clades/clade_034/shuffle_10/group_003_unrelaxed_rank_001_alphafold2_ptm_model_1_seed_000.pdb,34.94070901033974,32.92512820512821,13,27.100388,27.960463
/fs/ess/PAA0203/xing244/AF_ClaSeq/results_updated/T1214/run2/divide_and_conquer/clades/clade_034/shuffle_10/group_002_unrelaxed_rank_001_alphafold2_ptm_model_1_seed_000.pdb,51.28409158050222,59.40564102564103,13,3.7128255,5.2377353
/fs/ess/PAA0203/xing244/AF_ClaSeq/results_updated/T1214/run2/divide_and_conquer/clades/clade_034/shuffle_10/group_001_unrelaxed_rank_001_alphafold2_ptm_model_1_seed_000.pdb,35.11648449039882,29.49384615384616,13,14.1785,14.133425
/fs/ess/PAA0203/xing244/AF_ClaSeq/results_updated/T1214/run2/divide_and_conquer/clades/clade_034/shuffle_10/group_004_unrelaxed_rank_001_alphafold2_ptm_model_1_seed_000.pdb,45.38675036927622,61.54128205128205,17,3.0676565,6.9836607
/fs/ess/PAA0203/xing244/AF_ClaSeq/results_updated/T1214/run2/divide_and_conquer/clades/clade_035/shuffle_01/group_003_unrelaxed_rank_001_alphafold2_ptm_model_1_seed_000.pdb,61.63856720827178,65.25538461538461,13,3.775962,3.2465682
/fs/ess/PAA0203/xing244/AF_ClaSeq/results_updated/T1214/run2/divide_and_conquer/clades/clade_035/shuffle_01/group_002_unrelaxed_rank_001_alphafold2_ptm_model_1_seed_000.pdb,73.07918759231906,68.96461538461539,13,2.513694,4.3798537
/fs/ess/PAA0203/xing244/AF_ClaSeq/results_updated/T1214/run2/divide_and_conquer/clades/clade_035/shuffle_01/group_001_unrelaxed_rank_001_alphafold2_ptm_model_1_seed_000.pdb,68.77401772525849,62.81410256410256,13,2.951162,5.22966
/fs/ess/PAA0203/xing244/AF_ClaSeq/results_updated/T1214/run2/divide_and_conquer/clades/clade_035/shuffle_01/group_004_unrelaxed_rank_001_alphafold2_ptm_model_1_seed_000.pdb,68.881329394387,64.56076923076921,16,3.646791,3.296059
/fs/ess/PAA0203/xing244/AF_ClaSeq/results_updated/T1214/run2/divide_and_conquer/clades/clade_035/shuffle_02/group_003_unrelaxed_rank_001_alphafold2_ptm_model_1_seed_000.pdb,71.80695716395864,68.74179487179487,13,2.4335272,4.664116
/fs/ess/PAA0203/xing244/AF_ClaSeq/results_updated/T1214/run2/divide_and_conquer/clades/clade_035/shuffle_02/group_002_unrelaxed_rank_001_alphafold2_ptm_model_1_seed_000.pdb,66.40515509601182,61.866666666666674,13,3.2161484,3.6342192
/fs/ess/PAA0203/xing244/AF_ClaSeq/results_updated/T1214/run2/divide_and_conquer/clades/clade_035/shuffle_02/group_001_unrelaxed_rank_001_alphafold2_ptm_model_1_seed_000.pdb,63.64877400295421,64.08307692307692,13,2.7439897,4.311619
/fs/ess/PAA0203/xing244/AF_ClaSeq/results_updated/T1214/run2/divide_and_conquer/clades/clade_035/shuffle_02/group_004_unrelaxed_rank_001_alphafold2_ptm_model_1_seed_000.pdb,72.87477104874446,68.65102564102564,16,3.2800562,3.6216228
/fs/ess/PAA0203/xing244/AF_ClaSeq/results_updated/T1214/run2/divide_and_conquer/clades/clade_035/shuffle_03/group_003_unrelaxed_rank_001_alphafold2_ptm_model_1_seed_000.pdb,64.61802067946824,54.568717948717946,13,6.362218,6.362742
/fs/ess/PAA0203/xing244/AF_ClaSeq/results_updated/T1214/run2/divide_and_conquer/clades/clade_035/shuffle_03/group_002_unrelaxed_rank_001_alphafold2_ptm_model_1_seed_000.pdb,72.29961595273265,68.64692307692307,13,2.8248062,3.9022002
/fs/ess/PAA0203/xing244/AF_ClaSeq/results_updated/T1214/run2/divide_and_conquer/clades/clade_035/shuffle_03/group_001_unrelaxed_rank_001_alphafold2_ptm_model_1_seed_000.pdb,62.80072378138847,60.06897435897435,13,4.6016703,3.5269117
/fs/ess/PAA0203/xing244/AF_ClaSeq/results_updated/T1214/run2/divide_and_conquer/clades/clade_035/shuffle_03/group_004_unrelaxed_rank_001_alphafold2_ptm_model_1_seed_000.pdb,71.41434268833088,66.18589743589743,16,4.3232346,2.5565615
/fs/ess/PAA0203/xing244/AF_ClaSeq/results_updated/T1214/run2/divide_and_conquer/clades/clade_035/shuffle_04/group_003_unrelaxed_rank_001_alphafold2_ptm_model_1_seed_000.pdb,64.59333825701626,55.22589743589744,13,4.5355005,5.923833
/fs/ess/PAA0203/xing244/AF_ClaSeq/results_updated/T1214/run2/divide_and_conquer/clades/clade_035/shuffle_04/group_002_unrelaxed_rank_001_alphafold2_ptm_model_1_seed_000.pdb,64.81861152141802,60.73564102564103,13,5.7173724,3.3549333
/fs/ess/PAA0203/xing244/AF_ClaSeq/results_updated/T1214/run2/divide_and_conquer/clades/clade_035/shuffle_04/group_001_unrelaxed_rank_001_alphafold2_ptm_model_1_seed_000.pdb,74.74558345642541,68.04282051282053,13,3.6343405,4.644105
/fs/ess/PAA0203/xing244/AF_ClaSeq/results_updated/T1214/run2/divide_and_conquer/clades/clade_035/shuffle_04/group_004_unrelaxed_rank_001_alphafold2_ptm_model_1_seed_000.pdb,66.32426883308715,63.60179487179488,16,4.297784,3.6746016
/fs/ess/PAA0203/xing244/AF_ClaSeq/results_updated/T1214/run2/divide_and_conquer/clades/clade_035/shuffle_05/group_003_unrelaxed_rank_001_alphafold2_ptm_model_1_seed_000.pdb,71.35425406203841,63.73384615384615,13,5.217565,3.8223076
/fs/ess/PAA0203/xing244/AF_ClaSeq/results_updated/T1214/run2/divide_and_conquer/clades/clade_035/shuffle_05/group_002_unrelaxed_rank_001_alphafold2_ptm_model_1_seed_000.pdb,67.63633677991136,66.82205128205128,13,3.6287847,3.182517
/fs/ess/PAA0203/xing244/AF_ClaSeq/results_updated/T1214/run2/divide_and_conquer/clades/clade_035/shuffle_05/group_001_unrelaxed_rank_001_alphafold2_ptm_model_1_seed_000.pdb,72.60911373707533,66.02205128205128,13,3.3919532,3.6275654
/fs/ess/PAA0203/xing244/AF_ClaSeq/results_updated/T1214/run2/divide_and_conquer/clades/clade_035/shuffle_05/group_004_unrelaxed_rank_001_alphafold2_ptm_model_1_seed_000.pdb,70.48979320531757,68.50179487179487,16,2.6734967,4.2981925
/fs/ess/PAA0203/xing244/AF_ClaSeq/results_updated/T1214/run2/divide_and_conquer/clades/clade_035/shuffle_06/group_003_unrelaxed_rank_001_alphafold2_ptm_model_1_seed_000.pdb,70.64564254062039,67.59179487179487,13,3.041927,3.75709
/fs/ess/PAA0203/xing244/AF_ClaSeq/results_updated/T1214/run2/divide_and_conquer/clades/clade_035/shuffle_06/group_002_unrelaxed_rank_001_alphafold2_ptm_model_1_seed_000.pdb,65.27610044313145,63.934102564102574,13,3.617404,4.358504
/fs/ess/PAA0203/xing244/AF_ClaSeq/results_updated/T1214/run2/divide_and_conquer/clades/clade_035/shuffle_06/group_001_unrelaxed_rank_001_alphafold2_ptm_model_1_seed_000.pdb,66.08825701624815,68.06948717948718,13,3.7441533,3.4520607
/fs/ess/PAA0203/xing244/AF_ClaSeq/results_updated/T1214/run2/divide_and_conquer/clades/clade_035/shuffle_06/group_004_unrelaxed_rank_001_alphafold2_ptm_model_1_seed_000.pdb,70.62732644017724,62.458461538461556,16,3.5592883,4.35406
/fs/ess/PAA0203/xing244/AF_ClaSeq/results_updated/T1214/run2/divide_and_conquer/clades/clade_035/shuffle_07/group_003_unrelaxed_rank_001_alphafold2_ptm_model_1_seed_000.pdb,69.91353028064994,68.46128205128204,13,2.878674,4.3007545
/fs/ess/PAA0203/xing244/AF_ClaSeq/results_updated/T1214/run2/divide_and_conquer/clades/clade_035/shuffle_07/group_002_unrelaxed_rank_001_alphafold2_ptm_model_1_seed_000.pdb,68.41387001477105,68.6305128205128,13,2.7839537,4.477086
/fs/ess/PAA0203/xing244/AF_ClaSeq/results_updated/T1214/run2/divide_and_conquer/clades/clade_035/shuffle_07/group_001_unrelaxed_rank_001_alphafold2_ptm_model_1_seed_000.pdb,68.7329542097489,66.15589743589742,13,3.8034482,3.0690627
/fs/ess/PAA0203/xing244/AF_ClaSeq/results_updated/T1214/run2/divide_and_conquer/clades/clade_035/shuffle_07/group_004_unrelaxed_rank_001_alphafold2_ptm_model_1_seed_000.pdb,76.26075332348597,67.84923076923077,16,4.173488,3.9743292
/fs/ess/PAA0203/xing244/AF_ClaSeq/results_updated/T1214/run2/divide_and_conquer/clades/clade_035/shuffle_08/group_003_unrelaxed_rank_001_alphafold2_ptm_model_1_seed_000.pdb,69.84899556868537,64.23564102564102,13,4.352174,2.6931238
/fs/ess/PAA0203/xing244/AF_ClaSeq/results_updated/T1214/run2/divide_and_conquer/clades/clade_035/shuffle_08/group_002_unrelaxed_rank_001_alphafold2_ptm_model_1_seed_000.pdb,77.4401329394387,72.9774358974359,13,2.1531188,5.1394672
/fs/ess/PAA0203/xing244/AF_ClaSeq/results_updated/T1214/run2/divide_and_conquer/clades/clade_035/shuffle_08/group_001_unrelaxed_rank_001_alphafold2_ptm_model_1_seed_000.pdb,65.44283604135894,64.36076923076924,13,5.1667523,1.9231303
/fs/ess/PAA0203/xing244/AF_ClaSeq/results_updated/T1214/run2/divide_and_conquer/clades/clade_035/shuffle_08/group_004_unrelaxed_rank_001_alphafold2_ptm_model_1_seed_000.pdb,67.76035450516986,66.80461538461539,16,3.5196912,4.037103
/fs/ess/PAA0203/xing244/AF_ClaSeq/results_updated/T1214/run2/divide_and_conquer/clades/clade_035/shuffle_09/group_003_unrelaxed_rank_001_alphafold2_ptm_model_1_seed_000.pdb,71.41847858197931,70.37358974358973,13,3.2329102,3.677522
/fs/ess/PAA0203/xing244/AF_ClaSeq/results_updated/T1214/run2/divide_and_conquer/clades/clade_035/shuffle_09/group_002_unrelaxed_rank_001_alphafold2_ptm_model_1_seed_000.pdb,67.22652880354505,65.12846153846155,13,2.6831708,4.2774405
/fs/ess/PAA0203/xing244/AF_ClaSeq/results_updated/T1214/run2/divide_and_conquer/clades/clade_035/shuffle_09/group_001_unrelaxed_rank_001_alphafold2_ptm_model_1_seed_000.pdb,74.14019202363369,68.07666666666667,13,3.812457,4.488993
/fs/ess/PAA0203/xing244/AF_ClaSeq/results_updated/T1214/run2/divide_and_conquer/clades/clade_035/shuffle_09/group_004_unrelaxed_rank_001_alphafold2_ptm_model_1_seed_000.pdb,72.19926144756276,66.63333333333333,16,3.4269714,3.3283062
/fs/ess/PAA0203/xing244/AF_ClaSeq/results_updated/T1214/run2/divide_and_conquer/clades/clade_035/shuffle_10/group_003_unrelaxed_rank_001_alphafold2_ptm_model_1_seed_000.pdb,59.28704579025111,62.873076923076916,13,4.319129,2.745217
/fs/ess/PAA0203/xing244/AF_ClaSeq/results_updated/T1214/run2/divide_and_conquer/clades/clade_035/shuffle_10/group_002_unrelaxed_rank_001_alphafold2_ptm_model_1_seed_000.pdb,72.79488921713441,65.3697435897436,13,3.0809991,5.1393642
/fs/ess/PAA0203/xing244/AF_ClaSeq/results_updated/T1214/run2/divide_and_conquer/clades/clade_035/shuffle_10/group_001_unrelaxed_rank_001_alphafold2_ptm_model_1_seed_000.pdb,73.04759231905466,70.8002564102564,13,3.3870418,3.5513382
/fs/ess/PAA0203/xing244/AF_ClaSeq/results_updated/T1214/run2/divide_and_conquer/clades/clade_035/shuffle_10/group_004_unrelaxed_rank_001_alphafold2_ptm_model_1_seed_000.pdb,76.59518463810932,69.13128205128204,16,3.650756,4.4431343
/fs/ess/PAA0203/xing244/AF_ClaSeq/results_updated/T1214/run2/divide_and_conquer/clades/clade_036/shuffle_01/group_003_unrelaxed_rank_001_alphafold2_ptm_model_1_seed_000.pdb,69.37453471196454,70.27102564102563,23,3.584111,3.3919475
/fs/ess/PAA0203/xing244/AF_ClaSeq/results_updated/T1214/run2/divide_and_conquer/clades/clade_036/shuffle_01/group_002_unrelaxed_rank_001_alphafold2_ptm_model_1_seed_000.pdb,65.35193500738552,64.84307692307692,13,4.4063506,2.6493347
/fs/ess/PAA0203/xing244/AF_ClaSeq/results_updated/T1214/run2/divide_and_conquer/clades/clade_036/shuffle_01/group_001_unrelaxed_rank_001_alphafold2_ptm_model_1_seed_000.pdb,68.40580502215657,69.83512820512821,13,4.5580964,3.0963058
/fs/ess/PAA0203/xing244/AF_ClaSeq/results_updated/T1214/run2/divide_and_conquer/clades/clade_036/shuffle_02/group_003_unrelaxed_rank_001_alphafold2_ptm_model_1_seed_000.pdb,73.69041358936485,71.51282051282051,23,3.350228,3.5659301
/fs/ess/PAA0203/xing244/AF_ClaSeq/results_updated/T1214/run2/divide_and_conquer/clades/clade_036/shuffle_02/group_002_unrelaxed_rank_001_alphafold2_ptm_model_1_seed_000.pdb,57.88590841949779,63.87692307692307,13,2.7241821,4.499178
/fs/ess/PAA0203/xing244/AF_ClaSeq/results_updated/T1214/run2/divide_and_conquer/clades/clade_036/shuffle_02/group_001_unrelaxed_rank_001_alphafold2_ptm_model_1_seed_000.pdb,59.081521418020685,64.9323076923077,13,3.2168968,4.8193164
/fs/ess/PAA0203/xing244/AF_ClaSeq/results_updated/T1214/run2/divide_and_conquer/clades/clade_036/shuffle_03/group_003_unrelaxed_rank_001_alphafold2_ptm_model_1_seed_000.pdb,72.35620384047267,70.57948717948717,23,1.5943727,5.4799623
/fs/ess/PAA0203/xing244/AF_ClaSeq/results_updated/T1214/run2/divide_and_conquer/clades/clade_036/shuffle_03/group_002_unrelaxed_rank_001_alphafold2_ptm_model_1_seed_000.pdb,59.592451994091576,61.10948717948718,13,3.9558449,3.7551782
/fs/ess/PAA0203/xing244/AF_ClaSeq/results_updated/T1214/run2/divide_and_conquer/clades/clade_036/shuffle_03/group_001_unrelaxed_rank_001_alphafold2_ptm_model_1_seed_000.pdb,72.0955834564254,73.22564102564101,13,3.3480887,3.4416814
/fs/ess/PAA0203/xing244/AF_ClaSeq/results_updated/T1214/run2/divide_and_conquer/clades/clade_036/shuffle_04/group_003_unrelaxed_rank_001_alphafold2_ptm_model_1_seed_000.pdb,75.21186115214181,71.63974358974359,23,2.8073902,3.9070218
/fs/ess/PAA0203/xing244/AF_ClaSeq/results_updated/T1214/run2/divide_and_conquer/clades/clade_036/shuffle_04/group_002_unrelaxed_rank_001_alphafold2_ptm_model_1_seed_000.pdb,73.33709010339734,69.28615384615384,13,3.0418432,4.1009827
/fs/ess/PAA0203/xing244/AF_ClaSeq/results_updated/T1214/run2/divide_and_conquer/clades/clade_036/shuffle_04/group_001_unrelaxed_rank_001_alphafold2_ptm_model_1_seed_000.pdb,60.871861152141804,62.64820512820512,13,3.808528,3.7828162
/fs/ess/PAA0203/xing244/AF_ClaSeq/results_updated/T1214/run2/divide_and_conquer/clades/clade_036/shuffle_05/group_003_unrelaxed_rank_001_alphafold2_ptm_model_1_seed_000.pdb,74.97723781388478,69.97717948717948,23,1.9786958,4.9206305
/fs/ess/PAA0203/xing244/AF_ClaSeq/results_updated/T1214/run2/divide_and_conquer/clades/clade_036/shuffle_05/group_002_unrelaxed_rank_001_alphafold2_ptm_model_1_seed_000.pdb,61.66807976366321,64.72461538461538,13,3.4766212,3.7474189
/fs/ess/PAA0203/xing244/AF_ClaSeq/results_updated/T1214/run2/divide_and_conquer/clades/clade_036/shuffle_05/group_001_unrelaxed_rank_001_alphafold2_ptm_model_1_seed_000.pdb,62.02698670605613,66.44487179487179,13,3.119478,3.886129
/fs/ess/PAA0203/xing244/AF_ClaSeq/results_updated/T1214/run2/divide_and_conquer/clades/clade_036/shuffle_06/group_003_unrelaxed_rank_001_alphafold2_ptm_model_1_seed_000.pdb,73.31930576070901,70.04384615384616,23,1.3905824,5.8284335
/fs/ess/PAA0203/xing244/AF_ClaSeq/results_updated/T1214/run2/divide_and_conquer/clades/clade_036/shuffle_06/group_002_unrelaxed_rank_001_alphafold2_ptm_model_1_seed_000.pdb,63.96280649926145,65.85410256410253,13,2.869361,4.504663
/fs/ess/PAA0203/xing244/AF_ClaSeq/results_updated/T1214/run2/divide_and_conquer/clades/clade_036/shuffle_06/group_001_unrelaxed_rank_001_alphafold2_ptm_model_1_seed_000.pdb,64.38031019202363,66.25846153846153,13,4.175163,2.9540794
/fs/ess/PAA0203/xing244/AF_ClaSeq/results_updated/T1214/run2/divide_and_conquer/clades/clade_036/shuffle_07/group_003_unrelaxed_rank_001_alphafold2_ptm_model_1_seed_000.pdb,65.02536189069424,40.89538461538462,23,15.614676,16.638588
/fs/ess/PAA0203/xing244/AF_ClaSeq/results_updated/T1214/run2/divide_and_conquer/clades/clade_036/shuffle_07/group_002_unrelaxed_rank_001_alphafold2_ptm_model_1_seed_000.pdb,58.9594387001477,62.031794871794865,13,3.6510367,3.43048
/fs/ess/PAA0203/xing244/AF_ClaSeq/results_updated/T1214/run2/divide_and_conquer/clades/clade_036/shuffle_07/group_001_unrelaxed_rank_001_alphafold2_ptm_model_1_seed_000.pdb,72.90273264401772,70.55076923076922,13,3.1799705,3.6307824
/fs/ess/PAA0203/xing244/AF_ClaSeq/results_updated/T1214/run2/divide_and_conquer/clades/clade_036/shuffle_08/group_003_unrelaxed_rank_001_alphafold2_ptm_model_1_seed_000.pdb,69.98218611521419,66.68615384615386,23,1.4246032,5.5552287
/fs/ess/PAA0203/xing244/AF_ClaSeq/results_updated/T1214/run2/divide_and_conquer/clades/clade_036/shuffle_08/group_002_unrelaxed_rank_001_alphafold2_ptm_model_1_seed_000.pdb,60.76326440177252,64.86461538461538,13,3.6351671,3.638861
/fs/ess/PAA0203/xing244/AF_ClaSeq/results_updated/T1214/run2/divide_and_conquer/clades/clade_036/shuffle_08/group_001_unrelaxed_rank_001_alphafold2_ptm_model_1_seed_000.pdb,70.04208271787297,70.465641025641,13,1.6303885,5.3303847
/fs/ess/PAA0203/xing244/AF_ClaSeq/results_updated/T1214/run2/divide_and_conquer/clades/clade_036/shuffle_09/group_003_unrelaxed_rank_001_alphafold2_ptm_model_1_seed_000.pdb,75.91545051698671,73.4476923076923,23,3.3325748,3.5977852
/fs/ess/PAA0203/xing244/AF_ClaSeq/results_updated/T1214/run2/divide_and_conquer/clades/clade_036/shuffle_09/group_002_unrelaxed_rank_001_alphafold2_ptm_model_1_seed_000.pdb,59.297872968980805,63.07564102564103,13,3.724456,3.3013313
/fs/ess/PAA0203/xing244/AF_ClaSeq/results_updated/T1214/run2/divide_and_conquer/clades/clade_036/shuffle_09/group_001_unrelaxed_rank_001_alphafold2_ptm_model_1_seed_000.pdb,68.81812407680945,68.81717948717949,13,3.3530521,3.715004
/fs/ess/PAA0203/xing244/AF_ClaSeq/results_updated/T1214/run2/divide_and_conquer/clades/clade_036/shuffle_10/group_003_unrelaxed_rank_001_alphafold2_ptm_model_1_seed_000.pdb,73.88704579025111,68.5371794871795,23,3.428571,4.223775
/fs/ess/PAA0203/xing244/AF_ClaSeq/results_updated/T1214/run2/divide_and_conquer/clades/clade_036/shuffle_10/group_002_unrelaxed_rank_001_alphafold2_ptm_model_1_seed_000.pdb,54.46020679468242,63.17256410256409,13,5.852425,2.3161213
/fs/ess/PAA0203/xing244/AF_ClaSeq/results_updated/T1214/run2/divide_and_conquer/clades/clade_036/shuffle_10/group_001_unrelaxed_rank_001_alphafold2_ptm_model_1_seed_000.pdb,70.47980797636633,65.37974358974358,13,2.5453053,4.4963717
/fs/ess/PAA0203/xing244/AF_ClaSeq/results_updated/T1214/run2/divide_and_conquer/clades/clade_037/shuffle_01/group_003_unrelaxed_rank_001_alphafold2_ptm_model_1_seed_000.pdb,74.28546528803545,66.87,23,3.696794,4.149186
/fs/ess/PAA0203/xing244/AF_ClaSeq/results_updated/T1214/run2/divide_and_conquer/clades/clade_037/shuffle_01/group_002_unrelaxed_rank_001_alphafold2_ptm_model_1_seed_000.pdb,64.44005908419497,63.195128205128206,13,5.342543,1.9838455
/fs/ess/PAA0203/xing244/AF_ClaSeq/results_updated/T1214/run2/divide_and_conquer/clades/clade_037/shuffle_01/group_001_unrelaxed_rank_001_alphafold2_ptm_model_1_seed_000.pdb,66.95228951255538,66.05820512820513,13,4.595417,3.551431
/fs/ess/PAA0203/xing244/AF_ClaSeq/results_updated/T1214/run2/divide_and_conquer/clades/clade_037/shuffle_02/group_003_unrelaxed_rank_001_alphafold2_ptm_model_1_seed_000.pdb,72.65197932053175,64.41205128205128,23,3.7368643,4.068889
/fs/ess/PAA0203/xing244/AF_ClaSeq/results_updated/T1214/run2/divide_and_conquer/clades/clade_037/shuffle_02/group_002_unrelaxed_rank_001_alphafold2_ptm_model_1_seed_000.pdb,58.96515509601182,60.203589743589745,13,4.5988355,3.049155
/fs/ess/PAA0203/xing244/AF_ClaSeq/results_updated/T1214/run2/divide_and_conquer/clades/clade_037/shuffle_02/group_001_unrelaxed_rank_001_alphafold2_ptm_model_1_seed_000.pdb,73.34825701624816,69.44435897435896,13,3.184113,5.046765
/fs/ess/PAA0203/xing244/AF_ClaSeq/results_updated/T1214/run2/divide_and_conquer/clades/clade_037/shuffle_03/group_003_unrelaxed_rank_001_alphafold2_ptm_model_1_seed_000.pdb,74.64020679468241,67.09589743589743,23,3.8691592,5.085058
/fs/ess/PAA0203/xing244/AF_ClaSeq/results_updated/T1214/run2/divide_and_conquer/clades/clade_037/shuffle_03/group_002_unrelaxed_rank_001_alphafold2_ptm_model_1_seed_000.pdb,71.9647858197932,68.96307692307693,13,3.926924,3.9651272
/fs/ess/PAA0203/xing244/AF_ClaSeq/results_updated/T1214/run2/divide_and_conquer/clades/clade_037/shuffle_03/group_001_unrelaxed_rank_001_alphafold2_ptm_model_1_seed_000.pdb,68.48985228951256,57.76358974358975,13,5.0592313,3.4394693
/fs/ess/PAA0203/xing244/AF_ClaSeq/results_updated/T1214/run2/divide_and_conquer/clades/clade_037/shuffle_04/group_003_unrelaxed_rank_001_alphafold2_ptm_model_1_seed_000.pdb,74.65285081240769,67.92512820512819,23,3.740682,3.931322
/fs/ess/PAA0203/xing244/AF_ClaSeq/results_updated/T1214/run2/divide_and_conquer/clades/clade_037/shuffle_04/group_002_unrelaxed_rank_001_alphafold2_ptm_model_1_seed_000.pdb,60.724372230428365,49.486666666666665,13,6.835139,6.518061
/fs/ess/PAA0203/xing244/AF_ClaSeq/results_updated/T1214/run2/divide_and_conquer/clades/clade_037/shuffle_04/group_001_unrelaxed_rank_001_alphafold2_ptm_model_1_seed_000.pdb,69.58128508124076,59.48589743589744,13,4.1755614,2.8329737
/fs/ess/PAA0203/xing244/AF_ClaSeq/results_updated/T1214/run2/divide_and_conquer/clades/clade_037/shuffle_05/group_003_unrelaxed_rank_001_alphafold2_ptm_model_1_seed_000.pdb,75.36363367799113,66.53512820512822,23,3.5672796,4.7321043
/fs/ess/PAA0203/xing244/AF_ClaSeq/results_updated/T1214/run2/divide_and_conquer/clades/clade_037/shuffle_05/group_002_unrelaxed_rank_001_alphafold2_ptm_model_1_seed_000.pdb,61.61258493353028,62.79051282051283,13,4.0509725,3.97176
/fs/ess/PAA0203/xing244/AF_ClaSeq/results_updated/T1214/run2/divide_and_conquer/clades/clade_037/shuffle_05/group_001_unrelaxed_rank_001_alphafold2_ptm_model_1_seed_000.pdb,73.10834564254063,68.25948717948718,13,3.5703905,4.121391
/fs/ess/PAA0203/xing244/AF_ClaSeq/results_updated/T1214/run2/divide_and_conquer/clades/clade_037/shuffle_06/group_003_unrelaxed_rank_001_alphafold2_ptm_model_1_seed_000.pdb,74.14948301329395,65.1748717948718,23,4.296282,3.644079
/fs/ess/PAA0203/xing244/AF_ClaSeq/results_updated/T1214/run2/divide_and_conquer/clades/clade_037/shuffle_06/group_002_unrelaxed_rank_001_alphafold2_ptm_model_1_seed_000.pdb,58.615140324963065,60.47025641025641,13,4.1063414,4.112003
/fs/ess/PAA0203/xing244/AF_ClaSeq/results_updated/T1214/run2/divide_and_conquer/clades/clade_037/shuffle_06/group_001_unrelaxed_rank_001_alphafold2_ptm_model_1_seed_000.pdb,65.61573116691285,63.166666666666664,13,2.8448048,5.3442435
/fs/ess/PAA0203/xing244/AF_ClaSeq/results_updated/T1214/run2/divide_and_conquer/clades/clade_037/shuffle_07/group_003_unrelaxed_rank_001_alphafold2_ptm_model_1_seed_000.pdb,78.58029542097489,68.15846153846154,23,4.1397567,3.7435775
/fs/ess/PAA0203/xing244/AF_ClaSeq/results_updated/T1214/run2/divide_and_conquer/clades/clade_037/shuffle_07/group_002_unrelaxed_rank_001_alphafold2_ptm_model_1_seed_000.pdb,66.39097488921713,64.44743589743591,13,3.3129818,4.1136193
/fs/ess/PAA0203/xing244/AF_ClaSeq/results_updated/T1214/run2/divide_and_conquer/clades/clade_037/shuffle_07/group_001_unrelaxed_rank_001_alphafold2_ptm_model_1_seed_000.pdb,59.603855243722315,57.338461538461544,13,6.8662996,4.814716
/fs/ess/PAA0203/xing244/AF_ClaSeq/results_updated/T1214/run2/divide_and_conquer/clades/clade_037/shuffle_08/group_003_unrelaxed_rank_001_alphafold2_ptm_model_1_seed_000.pdb,75.47351550960119,65.17179487179487,23,4.137734,3.8479767
/fs/ess/PAA0203/xing244/AF_ClaSeq/results_updated/T1214/run2/divide_and_conquer/clades/clade_037/shuffle_08/group_002_unrelaxed_rank_001_alphafold2_ptm_model_1_seed_000.pdb,72.7501624815362,69.34589743589744,13,3.9254599,4.556889
/fs/ess/PAA0203/xing244/AF_ClaSeq/results_updated/T1214/run2/divide_and_conquer/clades/clade_037/shuffle_08/group_001_unrelaxed_rank_001_alphafold2_ptm_model_1_seed_000.pdb,55.56552437223043,59.654358974358985,13,5.15309,3.7138262
/fs/ess/PAA0203/xing244/AF_ClaSeq/results_updated/T1214/run2/divide_and_conquer/clades/clade_037/shuffle_09/group_003_unrelaxed_rank_001_alphafold2_ptm_model_1_seed_000.pdb,73.88776957163958,68.59666666666666,23,3.0557816,5.38341
/fs/ess/PAA0203/xing244/AF_ClaSeq/results_updated/T1214/run2/divide_and_conquer/clades/clade_037/shuffle_09/group_002_unrelaxed_rank_001_alphafold2_ptm_model_1_seed_000.pdb,54.44062038404727,54.26128205128205,13,4.315986,3.5112755
/fs/ess/PAA0203/xing244/AF_ClaSeq/results_updated/T1214/run2/divide_and_conquer/clades/clade_037/shuffle_09/group_001_unrelaxed_rank_001_alphafold2_ptm_model_1_seed_000.pdb,72.47816838995568,63.05948717948719,13,4.39619,4.4964576
/fs/ess/PAA0203/xing244/AF_ClaSeq/results_updated/T1214/run2/divide_and_conquer/clades/clade_037/shuffle_10/group_003_unrelaxed_rank_001_alphafold2_ptm_model_1_seed_000.pdb,76.57686853766617,71.26897435897435,23,4.3180637,3.5203223
/fs/ess/PAA0203/xing244/AF_ClaSeq/results_updated/T1214/run2/divide_and_conquer/clades/clade_037/shuffle_10/group_002_unrelaxed_rank_001_alphafold2_ptm_model_1_seed_000.pdb,76.26323485967504,70.54923076923076,13,3.540785,4.2675467
/fs/ess/PAA0203/xing244/AF_ClaSeq/results_updated/T1214/run2/divide_and_conquer/clades/clade_037/shuffle_10/group_001_unrelaxed_rank_001_alphafold2_ptm_model_1_seed_000.pdb,69.23675036927622,62.88666666666666,13,3.161583,5.2511206
/fs/ess/PAA0203/xing244/AF_ClaSeq/results_updated/T1214/run2/divide_and_conquer/clades/clade_038/shuffle_01/group_003_unrelaxed_rank_001_alphafold2_ptm_model_1_seed_000.pdb,70.37283604135894,57.50435897435898,20,2.716549,4.395883
/fs/ess/PAA0203/xing244/AF_ClaSeq/results_updated/T1214/run2/divide_and_conquer/clades/clade_038/shuffle_01/group_002_unrelaxed_rank_001_alphafold2_ptm_model_1_seed_000.pdb,61.14766617429838,41.04589743589743,13,5.696394,4.2799063
/fs/ess/PAA0203/xing244/AF_ClaSeq/results_updated/T1214/run2/divide_and_conquer/clades/clade_038/shuffle_01/group_001_unrelaxed_rank_001_alphafold2_ptm_model_1_seed_000.pdb,67.2649187592319,67.24717948717951,13,1.9722116,4.929787
/fs/ess/PAA0203/xing244/AF_ClaSeq/results_updated/T1214/run2/divide_and_conquer/clades/clade_038/shuffle_02/group_003_unrelaxed_rank_001_alphafold2_ptm_model_1_seed_000.pdb,73.25118168389956,68.25974358974358,20,2.6205175,4.5032554
/fs/ess/PAA0203/xing244/AF_ClaSeq/results_updated/T1214/run2/divide_and_conquer/clades/clade_038/shuffle_02/group_002_unrelaxed_rank_001_alphafold2_ptm_model_1_seed_000.pdb,71.92921713441655,65.27051282051282,13,2.7320452,4.0091696
/fs/ess/PAA0203/xing244/AF_ClaSeq/results_updated/T1214/run2/divide_and_conquer/clades/clade_038/shuffle_02/group_001_unrelaxed_rank_001_alphafold2_ptm_model_1_seed_000.pdb,63.67939438700148,60.68051282051282,13,3.059866,3.7800188
/fs/ess/PAA0203/xing244/AF_ClaSeq/results_updated/T1214/run2/divide_and_conquer/clades/clade_038/shuffle_03/group_003_unrelaxed_rank_001_alphafold2_ptm_model_1_seed_000.pdb,75.11115214180207,69.21564102564103,20,2.3327823,4.4976306
/fs/ess/PAA0203/xing244/AF_ClaSeq/results_updated/T1214/run2/divide_and_conquer/clades/clade_038/shuffle_03/group_002_unrelaxed_rank_001_alphafold2_ptm_model_1_seed_000.pdb,64.26231905465288,61.023333333333326,13,4.0693045,2.8436992
/fs/ess/PAA0203/xing244/AF_ClaSeq/results_updated/T1214/run2/divide_and_conquer/clades/clade_038/shuffle_03/group_001_unrelaxed_rank_001_alphafold2_ptm_model_1_seed_000.pdb,65.0959822747415,57.51410256410257,13,3.7313943,4.72802
/fs/ess/PAA0203/xing244/AF_ClaSeq/results_updated/T1214/run2/divide_and_conquer/clades/clade_038/shuffle_04/group_003_unrelaxed_rank_001_alphafold2_ptm_model_1_seed_000.pdb,71.82203840472674,63.39384615384615,20,1.7906752,5.2417746
/fs/ess/PAA0203/xing244/AF_ClaSeq/results_updated/T1214/run2/divide_and_conquer/clades/clade_038/shuffle_04/group_002_unrelaxed_rank_001_alphafold2_ptm_model_1_seed_000.pdb,61.710029542097494,48.30897435897436,13,6.1348457,5.0635157
/fs/ess/PAA0203/xing244/AF_ClaSeq/results_updated/T1214/run2/divide_and_conquer/clades/clade_038/shuffle_04/group_001_unrelaxed_rank_001_alphafold2_ptm_model_1_seed_000.pdb,56.79673559822747,57.393846153846155,13,2.7914917,4.107297
/fs/ess/PAA0203/xing244/AF_ClaSeq/results_updated/T1214/run2/divide_and_conquer/clades/clade_038/shuffle_05/group_003_unrelaxed_rank_001_alphafold2_ptm_model_1_seed_000.pdb,73.36112259970457,70.06128205128206,20,2.6108646,4.4091444
/fs/ess/PAA0203/xing244/AF_ClaSeq/results_updated/T1214/run2/divide_and_conquer/clades/clade_038/shuffle_05/group_002_unrelaxed_rank_001_alphafold2_ptm_model_1_seed_000.pdb,67.58332348596751,57.1697435897436,13,2.5338898,6.218338
/fs/ess/PAA0203/xing244/AF_ClaSeq/results_updated/T1214/run2/divide_and_conquer/clades/clade_038/shuffle_05/group_001_unrelaxed_rank_001_alphafold2_ptm_model_1_seed_000.pdb,58.23162481536189,44.43307692307692,13,7.143312,4.9124737
/fs/ess/PAA0203/xing244/AF_ClaSeq/results_updated/T1214/run2/divide_and_conquer/clades/clade_038/shuffle_06/group_003_unrelaxed_rank_001_alphafold2_ptm_model_1_seed_000.pdb,74.61803545051698,69.57846153846155,20,2.7379231,4.2590694
/fs/ess/PAA0203/xing244/AF_ClaSeq/results_updated/T1214/run2/divide_and_conquer/clades/clade_038/shuffle_06/group_002_unrelaxed_rank_001_alphafold2_ptm_model_1_seed_000.pdb,69.64871491875924,69.54076923076923,13,3.544823,3.3350723
/fs/ess/PAA0203/xing244/AF_ClaSeq/results_updated/T1214/run2/divide_and_conquer/clades/clade_038/shuffle_06/group_001_unrelaxed_rank_001_alphafold2_ptm_model_1_seed_000.pdb,66.88725258493353,63.84717948717949,13,1.033948,6.2412744
/fs/ess/PAA0203/xing244/AF_ClaSeq/results_updated/T1214/run2/divide_and_conquer/clades/clade_038/shuffle_07/group_003_unrelaxed_rank_001_alphafold2_ptm_model_1_seed_000.pdb,67.606011816839,59.59128205128205,20,2.8232698,4.0022993
/fs/ess/PAA0203/xing244/AF_ClaSeq/results_updated/T1214/run2/divide_and_conquer/clades/clade_038/shuffle_07/group_002_unrelaxed_rank_001_alphafold2_ptm_model_1_seed_000.pdb,54.867872968980805,57.73564102564103,13,3.3843641,3.736264
/fs/ess/PAA0203/xing244/AF_ClaSeq/results_updated/T1214/run2/divide_and_conquer/clades/clade_038/shuffle_07/group_001_unrelaxed_rank_001_alphafold2_ptm_model_1_seed_000.pdb,67.44208271787296,66.63256410256412,13,1.2026829,5.926855
/fs/ess/PAA0203/xing244/AF_ClaSeq/results_updated/T1214/run2/divide_and_conquer/clades/clade_038/shuffle_08/group_003_unrelaxed_rank_001_alphafold2_ptm_model_1_seed_000.pdb,66.98231905465288,59.24410256410256,20,2.2746203,4.9541674
/fs/ess/PAA0203/xing244/AF_ClaSeq/results_updated/T1214/run2/divide_and_conquer/clades/clade_038/shuffle_08/group_002_unrelaxed_rank_001_alphafold2_ptm_model_1_seed_000.pdb,49.92499261447563,44.556666666666665,13,6.080196,3.8238025
/fs/ess/PAA0203/xing244/AF_ClaSeq/results_updated/T1214/run2/divide_and_conquer/clades/clade_038/shuffle_08/group_001_unrelaxed_rank_001_alphafold2_ptm_model_1_seed_000.pdb,59.475701624815365,58.001282051282054,13,2.5283668,4.341552
/fs/ess/PAA0203/xing244/AF_ClaSeq/results_updated/T1214/run2/divide_and_conquer/clades/clade_038/shuffle_09/group_003_unrelaxed_rank_001_alphafold2_ptm_model_1_seed_000.pdb,64.62119645494829,41.54923076923077,20,5.956043,3.1320775
/fs/ess/PAA0203/xing244/AF_ClaSeq/results_updated/T1214/run2/divide_and_conquer/clades/clade_038/shuffle_09/group_002_unrelaxed_rank_001_alphafold2_ptm_model_1_seed_000.pdb,65.31137370753324,61.03205128205129,13,3.4520006,3.5118022
/fs/ess/PAA0203/xing244/AF_ClaSeq/results_updated/T1214/run2/divide_and_conquer/clades/clade_038/shuffle_09/group_001_unrelaxed_rank_001_alphafold2_ptm_model_1_seed_000.pdb,54.89372230428361,52.46435897435897,13,3.2262793,4.691198
/fs/ess/PAA0203/xing244/AF_ClaSeq/results_updated/T1214/run2/divide_and_conquer/clades/clade_038/shuffle_10/group_003_unrelaxed_rank_001_alphafold2_ptm_model_1_seed_000.pdb,74.94292466765141,61.86307692307693,20,2.943548,4.676481
/fs/ess/PAA0203/xing244/AF_ClaSeq/results_updated/T1214/run2/divide_and_conquer/clades/clade_038/shuffle_10/group_002_unrelaxed_rank_001_alphafold2_ptm_model_1_seed_000.pdb,58.246587887740034,42.82435897435898,13,7.940181,3.8283072
/fs/ess/PAA0203/xing244/AF_ClaSeq/results_updated/T1214/run2/divide_and_conquer/clades/clade_038/shuffle_10/group_001_unrelaxed_rank_001_alphafold2_ptm_model_1_seed_000.pdb,59.80449039881832,62.859999999999985,13,3.0104105,3.836879
/fs/ess/PAA0203/xing244/AF_ClaSeq/results_updated/T1214/run2/divide_and_conquer/clades/clade_039/shuffle_01/group_003_unrelaxed_rank_001_alphafold2_ptm_model_1_seed_000.pdb,56.39316100443131,58.89846153846154,20,4.8168335,4.7424073
/fs/ess/PAA0203/xing244/AF_ClaSeq/results_updated/T1214/run2/divide_and_conquer/clades/clade_039/shuffle_01/group_002_unrelaxed_rank_001_alphafold2_ptm_model_1_seed_000.pdb,58.21462333825702,32.54871794871796,13,24.159985,24.988958
/fs/ess/PAA0203/xing244/AF_ClaSeq/results_updated/T1214/run2/divide_and_conquer/clades/clade_039/shuffle_01/group_001_unrelaxed_rank_001_alphafold2_ptm_model_1_seed_000.pdb,56.2082717872969,39.20307692307692,13,28.295965,29.072353
/fs/ess/PAA0203/xing244/AF_ClaSeq/results_updated/T1214/run2/divide_and_conquer/clades/clade_039/shuffle_02/group_003_unrelaxed_rank_001_alphafold2_ptm_model_1_seed_000.pdb,65.5818611521418,65.66923076923077,20,3.4197388,3.6625068
/fs/ess/PAA0203/xing244/AF_ClaSeq/results_updated/T1214/run2/divide_and_conquer/clades/clade_039/shuffle_02/group_002_unrelaxed_rank_001_alphafold2_ptm_model_1_seed_000.pdb,60.519867060561296,38.94179487179487,13,24.611546,25.270708
/fs/ess/PAA0203/xing244/AF_ClaSeq/results_updated/T1214/run2/divide_and_conquer/clades/clade_039/shuffle_02/group_001_unrelaxed_rank_001_alphafold2_ptm_model_1_seed_000.pdb,53.68301329394387,33.797435897435896,13,28.015451,29.043867
/fs/ess/PAA0203/xing244/AF_ClaSeq/results_updated/T1214/run2/divide_and_conquer/clades/clade_039/shuffle_03/group_003_unrelaxed_rank_001_alphafold2_ptm_model_1_seed_000.pdb,68.27559822747415,61.88461538461539,20,2.9993787,4.9246426
/fs/ess/PAA0203/xing244/AF_ClaSeq/results_updated/T1214/run2/divide_and_conquer/clades/clade_039/shuffle_03/group_002_unrelaxed_rank_001_alphafold2_ptm_model_1_seed_000.pdb,56.377872968980796,37.19641025641026,13,26.607992,27.730652
/fs/ess/PAA0203/xing244/AF_ClaSeq/results_updated/T1214/run2/divide_and_conquer/clades/clade_039/shuffle_03/group_001_unrelaxed_rank_001_alphafold2_ptm_model_1_seed_000.pdb,49.122127031019204,31.60410256410257,13,28.61552,29.561247
/fs/ess/PAA0203/xing244/AF_ClaSeq/results_updated/T1214/run2/divide_and_conquer/clades/clade_039/shuffle_04/group_003_unrelaxed_rank_001_alphafold2_ptm_model_1_seed_000.pdb,66.66187592319054,65.91641025641024,20,2.6620004,4.822341
/fs/ess/PAA0203/xing244/AF_ClaSeq/results_updated/T1214/run2/divide_and_conquer/clades/clade_039/shuffle_04/group_002_unrelaxed_rank_001_alphafold2_ptm_model_1_seed_000.pdb,54.795110782865585,32.79435897435898,13,29.429857,30.42493
/fs/ess/PAA0203/xing244/AF_ClaSeq/results_updated/T1214/run2/divide_and_conquer/clades/clade_039/shuffle_04/group_001_unrelaxed_rank_001_alphafold2_ptm_model_1_seed_000.pdb,57.64886262924667,44.04076923076922,13,5.413014,6.337633
/fs/ess/PAA0203/xing244/AF_ClaSeq/results_updated/T1214/run2/divide_and_conquer/clades/clade_039/shuffle_05/group_003_unrelaxed_rank_001_alphafold2_ptm_model_1_seed_000.pdb,65.32242245199409,63.49410256410256,20,2.629317,5.7279844
/fs/ess/PAA0203/xing244/AF_ClaSeq/results_updated/T1214/run2/divide_and_conquer/clades/clade_039/shuffle_05/group_002_unrelaxed_rank_001_alphafold2_ptm_model_1_seed_000.pdb,58.541861152141806,59.434871794871796,13,3.6196477,4.8647976
/fs/ess/PAA0203/xing244/AF_ClaSeq/results_updated/T1214/run2/divide_and_conquer/clades/clade_039/shuffle_05/group_001_unrelaxed_rank_001_alphafold2_ptm_model_1_seed_000.pdb,57.85178729689809,36.48692307692308,13,26.129524,27.170313
/fs/ess/PAA0203/xing244/AF_ClaSeq/results_updated/T1214/run2/divide_and_conquer/clades/clade_039/shuffle_06/group_003_unrelaxed_rank_001_alphafold2_ptm_model_1_seed_000.pdb,57.27273264401772,39.23538461538462,20,28.997725,30.05926
/fs/ess/PAA0203/xing244/AF_ClaSeq/results_updated/T1214/run2/divide_and_conquer/clades/clade_039/shuffle_06/group_002_unrelaxed_rank_001_alphafold2_ptm_model_1_seed_000.pdb,58.80466765140325,56.703076923076935,13,3.5089662,5.2308245
/fs/ess/PAA0203/xing244/AF_ClaSeq/results_updated/T1214/run2/divide_and_conquer/clades/clade_039/shuffle_06/group_001_unrelaxed_rank_001_alphafold2_ptm_model_1_seed_000.pdb,59.138995568685374,40.8797435897436,13,21.188349,21.963108
/fs/ess/PAA0203/xing244/AF_ClaSeq/results_updated/T1214/run2/divide_and_conquer/clades/clade_039/shuffle_07/group_003_unrelaxed_rank_001_alphafold2_ptm_model_1_seed_000.pdb,56.95642540620384,40.57410256410257,20,28.857782,29.850447
/fs/ess/PAA0203/xing244/AF_ClaSeq/results_updated/T1214/run2/divide_and_conquer/clades/clade_039/shuffle_07/group_002_unrelaxed_rank_001_alphafold2_ptm_model_1_seed_000.pdb,58.737518463810936,37.93410256410256,13,22.427073,23.168617
/fs/ess/PAA0203/xing244/AF_ClaSeq/results_updated/T1214/run2/divide_and_conquer/clades/clade_039/shuffle_07/group_001_unrelaxed_rank_001_alphafold2_ptm_model_1_seed_000.pdb,56.156898079763664,58.39102564102564,13,3.2094758,5.189979
/fs/ess/PAA0203/xing244/AF_ClaSeq/results_updated/T1214/run2/divide_and_conquer/clades/clade_039/shuffle_08/group_003_unrelaxed_rank_001_alphafold2_ptm_model_1_seed_000.pdb,54.553190546528796,35.20205128205128,20,28.907213,29.847174
/fs/ess/PAA0203/xing244/AF_ClaSeq/results_updated/T1214/run2/divide_and_conquer/clades/clade_039/shuffle_08/group_002_unrelaxed_rank_001_alphafold2_ptm_model_1_seed_000.pdb,59.68301329394387,60.31025641025639,13,3.5985146,4.6303644
/fs/ess/PAA0203/xing244/AF_ClaSeq/results_updated/T1214/run2/divide_and_conquer/clades/clade_039/shuffle_08/group_001_unrelaxed_rank_001_alphafold2_ptm_model_1_seed_000.pdb,60.14429837518464,61.17948717948719,13,3.1967843,4.784941
/fs/ess/PAA0203/xing244/AF_ClaSeq/results_updated/T1214/run2/divide_and_conquer/clades/clade_039/shuffle_09/group_003_unrelaxed_rank_001_alphafold2_ptm_model_1_seed_000.pdb,64.91208271787296,63.03102564102563,20,2.2755282,5.057957
/fs/ess/PAA0203/xing244/AF_ClaSeq/results_updated/T1214/run2/divide_and_conquer/clades/clade_039/shuffle_09/group_002_unrelaxed_rank_001_alphafold2_ptm_model_1_seed_000.pdb,67.02394387001478,45.66461538461539,13,24.250147,25.135757
/fs/ess/PAA0203/xing244/AF_ClaSeq/results_updated/T1214/run2/divide_and_conquer/clades/clade_039/shuffle_09/group_001_unrelaxed_rank_001_alphafold2_ptm_model_1_seed_000.pdb,56.02717872968981,36.65051282051282,13,27.590265,28.601812
/fs/ess/PAA0203/xing244/AF_ClaSeq/results_updated/T1214/run2/divide_and_conquer/clades/clade_039/shuffle_10/group_003_unrelaxed_rank_001_alphafold2_ptm_model_1_seed_000.pdb,53.86389955686854,33.49435897435898,20,29.095655,30.011288
/fs/ess/PAA0203/xing244/AF_ClaSeq/results_updated/T1214/run2/divide_and_conquer/clades/clade_039/shuffle_10/group_002_unrelaxed_rank_001_alphafold2_ptm_model_1_seed_000.pdb,53.76180206794683,30.06102564102565,13,23.168701,23.951183
/fs/ess/PAA0203/xing244/AF_ClaSeq/results_updated/T1214/run2/divide_and_conquer/clades/clade_039/shuffle_10/group_001_unrelaxed_rank_001_alphafold2_ptm_model_1_seed_000.pdb,64.38583456425407,63.785641025641034,13,3.3918786,5.228043
/fs/ess/PAA0203/xing244/AF_ClaSeq/results_updated/T1214/run2/divide_and_conquer/clades/clade_040/shuffle_01/group_003_unrelaxed_rank_001_alphafold2_ptm_model_1_seed_000.pdb,65.75856720827178,67.46897435897435,19,2.129217,4.7761927
/fs/ess/PAA0203/xing244/AF_ClaSeq/results_updated/T1214/run2/divide_and_conquer/clades/clade_040/shuffle_01/group_002_unrelaxed_rank_001_alphafold2_ptm_model_1_seed_000.pdb,58.91420974889217,38.26076923076922,13,7.263733,4.605773
/fs/ess/PAA0203/xing244/AF_ClaSeq/results_updated/T1214/run2/divide_and_conquer/clades/clade_040/shuffle_01/group_001_unrelaxed_rank_001_alphafold2_ptm_model_1_seed_000.pdb,63.34765140324963,65.56179487179487,13,2.1975954,4.947317
/fs/ess/PAA0203/xing244/AF_ClaSeq/results_updated/T1214/run2/divide_and_conquer/clades/clade_040/shuffle_02/group_003_unrelaxed_rank_001_alphafold2_ptm_model_1_seed_000.pdb,71.33171344165436,68.1676923076923,19,1.9700568,5.302566
/fs/ess/PAA0203/xing244/AF_ClaSeq/results_updated/T1214/run2/divide_and_conquer/clades/clade_040/shuffle_02/group_002_unrelaxed_rank_001_alphafold2_ptm_model_1_seed_000.pdb,53.841196454948296,27.140256410256416,13,15.749554,18.45456
/fs/ess/PAA0203/xing244/AF_ClaSeq/results_updated/T1214/run2/divide_and_conquer/clades/clade_040/shuffle_02/group_001_unrelaxed_rank_001_alphafold2_ptm_model_1_seed_000.pdb,60.95570162481536,60.75717948717949,13,3.4358764,4.6051407
/fs/ess/PAA0203/xing244/AF_ClaSeq/results_updated/T1214/run2/divide_and_conquer/clades/clade_040/shuffle_03/group_003_unrelaxed_rank_001_alphafold2_ptm_model_1_seed_000.pdb,67.01202363367798,65.57999999999998,19,2.046486,4.898645
/fs/ess/PAA0203/xing244/AF_ClaSeq/results_updated/T1214/run2/divide_and_conquer/clades/clade_040/shuffle_03/group_002_unrelaxed_rank_001_alphafold2_ptm_model_1_seed_000.pdb,59.3437223042836,50.351794871794866,13,3.4309416,5.825697
/fs/ess/PAA0203/xing244/AF_ClaSeq/results_updated/T1214/run2/divide_and_conquer/clades/clade_040/shuffle_03/group_001_unrelaxed_rank_001_alphafold2_ptm_model_1_seed_000.pdb,63.35968980797636,65.0025641025641,13,1.8133007,5.138513
/fs/ess/PAA0203/xing244/AF_ClaSeq/results_updated/T1214/run2/divide_and_conquer/clades/clade_040/shuffle_04/group_003_unrelaxed_rank_001_alphafold2_ptm_model_1_seed_000.pdb,60.932791728212706,62.99871794871795,19,2.093998,5.027782
/fs/ess/PAA0203/xing244/AF_ClaSeq/results_updated/T1214/run2/divide_and_conquer/clades/clade_040/shuffle_04/group_002_unrelaxed_rank_001_alphafold2_ptm_model_1_seed_000.pdb,52.264859675036924,41.104615384615386,13,5.160504,4.718103
/fs/ess/PAA0203/xing244/AF_ClaSeq/results_updated/T1214/run2/divide_and_conquer/clades/clade_040/shuffle_04/group_001_unrelaxed_rank_001_alphafold2_ptm_model_1_seed_000.pdb,59.91438700147711,60.767435897435895,13,2.719915,4.5016794
/fs/ess/PAA0203/xing244/AF_ClaSeq/results_updated/T1214/run2/divide_and_conquer/clades/clade_040/shuffle_05/group_003_unrelaxed_rank_001_alphafold2_ptm_model_1_seed_000.pdb,66.73098966026588,66.7802564102564,19,2.5238411,4.7253175
/fs/ess/PAA0203/xing244/AF_ClaSeq/results_updated/T1214/run2/divide_and_conquer/clades/clade_040/shuffle_05/group_002_unrelaxed_rank_001_alphafold2_ptm_model_1_seed_000.pdb,70.136646971935,67.83487179487179,13,3.0210886,4.1459713
/fs/ess/PAA0203/xing244/AF_ClaSeq/results_updated/T1214/run2/divide_and_conquer/clades/clade_040/shuffle_05/group_001_unrelaxed_rank_001_alphafold2_ptm_model_1_seed_000.pdb,64.87936484490399,63.21384615384615,13,2.6170154,5.7187524
/fs/ess/PAA0203/xing244/AF_ClaSeq/results_updated/T1214/run2/divide_and_conquer/clades/clade_040/shuffle_06/group_003_unrelaxed_rank_001_alphafold2_ptm_model_1_seed_000.pdb,66.29697193500739,63.607179487179486,19,2.3663838,4.767802
/fs/ess/PAA0203/xing244/AF_ClaSeq/results_updated/T1214/run2/divide_and_conquer/clades/clade_040/shuffle_06/group_002_unrelaxed_rank_001_alphafold2_ptm_model_1_seed_000.pdb,64.57741506646973,61.66923076923078,13,2.4404802,5.0444255
/fs/ess/PAA0203/xing244/AF_ClaSeq/results_updated/T1214/run2/divide_and_conquer/clades/clade_040/shuffle_06/group_001_unrelaxed_rank_001_alphafold2_ptm_model_1_seed_000.pdb,57.98174298375184,60.24820512820512,13,3.0936468,4.9348655
/fs/ess/PAA0203/xing244/AF_ClaSeq/results_updated/T1214/run2/divide_and_conquer/clades/clade_040/shuffle_07/group_003_unrelaxed_rank_001_alphafold2_ptm_model_1_seed_000.pdb,65.28581979320532,65.6451282051282,19,2.6743133,4.1539564
/fs/ess/PAA0203/xing244/AF_ClaSeq/results_updated/T1214/run2/divide_and_conquer/clades/clade_040/shuffle_07/group_002_unrelaxed_rank_001_alphafold2_ptm_model_1_seed_000.pdb,60.87484490398819,59.17230769230769,13,3.0673988,4.1113877
/fs/ess/PAA0203/xing244/AF_ClaSeq/results_updated/T1214/run2/divide_and_conquer/clades/clade_040/shuffle_07/group_001_unrelaxed_rank_001_alphafold2_ptm_model_1_seed_000.pdb,68.74345642540621,64.14564102564103,13,3.833366,3.8640869
/fs/ess/PAA0203/xing244/AF_ClaSeq/results_updated/T1214/run2/divide_and_conquer/clades/clade_040/shuffle_08/group_003_unrelaxed_rank_001_alphafold2_ptm_model_1_seed_000.pdb,60.22717872968981,62.70794871794873,19,2.007539,4.990453
/fs/ess/PAA0203/xing244/AF_ClaSeq/results_updated/T1214/run2/divide_and_conquer/clades/clade_040/shuffle_08/group_002_unrelaxed_rank_001_alphafold2_ptm_model_1_seed_000.pdb,64.5470457902511,65.26974358974358,13,3.5721858,3.3206387
/fs/ess/PAA0203/xing244/AF_ClaSeq/results_updated/T1214/run2/divide_and_conquer/clades/clade_040/shuffle_08/group_001_unrelaxed_rank_001_alphafold2_ptm_model_1_seed_000.pdb,66.35508124076809,65.42692307692307,13,2.453602,4.506427
/fs/ess/PAA0203/xing244/AF_ClaSeq/results_updated/T1214/run2/divide_and_conquer/clades/clade_040/shuffle_09/group_003_unrelaxed_rank_001_alphafold2_ptm_model_1_seed_000.pdb,72.08361890694239,68.94487179487179,19,2.6366537,4.417326
/fs/ess/PAA0203/xing244/AF_ClaSeq/results_updated/T1214/run2/divide_and_conquer/clades/clade_040/shuffle_09/group_002_unrelaxed_rank_001_alphafold2_ptm_model_1_seed_000.pdb,56.814741506646975,61.949230769230766,13,2.3035495,4.6432667
/fs/ess/PAA0203/xing244/AF_ClaSeq/results_updated/T1214/run2/divide_and_conquer/clades/clade_040/shuffle_09/group_001_unrelaxed_rank_001_alphafold2_ptm_model_1_seed_000.pdb,59.40617429837518,61.44205128205129,13,2.408515,4.5653987
/fs/ess/PAA0203/xing244/AF_ClaSeq/results_updated/T1214/run2/divide_and_conquer/clades/clade_040/shuffle_10/group_003_unrelaxed_rank_001_alphafold2_ptm_model_1_seed_000.pdb,69.44122599704579,61.206153846153846,19,2.095715,5.269387
/fs/ess/PAA0203/xing244/AF_ClaSeq/results_updated/T1214/run2/divide_and_conquer/clades/clade_040/shuffle_10/group_002_unrelaxed_rank_001_alphafold2_ptm_model_1_seed_000.pdb,59.109113737075326,62.961282051282055,13,2.899406,4.0033684
/fs/ess/PAA0203/xing244/AF_ClaSeq/results_updated/T1214/run2/divide_and_conquer/clades/clade_040/shuffle_10/group_001_unrelaxed_rank_001_alphafold2_ptm_model_1_seed_000.pdb,58.120014771048744,61.948974358974354,13,1.6102215,5.6308427
/fs/ess/PAA0203/xing244/AF_ClaSeq/results_updated/T1214/run2/divide_and_conquer/clades/clade_041/shuffle_01/group_003_unrelaxed_rank_001_alphafold2_ptm_model_1_seed_000.pdb,56.71036927621861,56.05282051282051,18,1.9523405,5.758238
/fs/ess/PAA0203/xing244/AF_ClaSeq/results_updated/T1214/run2/divide_and_conquer/clades/clade_041/shuffle_01/group_002_unrelaxed_rank_001_alphafold2_ptm_model_1_seed_000.pdb,47.00277695716395,48.647948717948715,13,3.3206952,4.2527404
/fs/ess/PAA0203/xing244/AF_ClaSeq/results_updated/T1214/run2/divide_and_conquer/clades/clade_041/shuffle_01/group_001_unrelaxed_rank_001_alphafold2_ptm_model_1_seed_000.pdb,56.30734121122599,58.54948717948719,13,2.543213,5.424656
/fs/ess/PAA0203/xing244/AF_ClaSeq/results_updated/T1214/run2/divide_and_conquer/clades/clade_041/shuffle_02/group_003_unrelaxed_rank_001_alphafold2_ptm_model_1_seed_000.pdb,57.96333825701625,61.4197435897436,18,2.8629394,4.5310235
/fs/ess/PAA0203/xing244/AF_ClaSeq/results_updated/T1214/run2/divide_and_conquer/clades/clade_041/shuffle_02/group_002_unrelaxed_rank_001_alphafold2_ptm_model_1_seed_000.pdb,55.877488921713436,54.52051282051281,13,2.8796659,4.4564953
/fs/ess/PAA0203/xing244/AF_ClaSeq/results_updated/T1214/run2/divide_and_conquer/clades/clade_041/shuffle_02/group_001_unrelaxed_rank_001_alphafold2_ptm_model_1_seed_000.pdb,48.6877400295421,56.13923076923078,13,3.253351,5.5591936
/fs/ess/PAA0203/xing244/AF_ClaSeq/results_updated/T1214/run2/divide_and_conquer/clades/clade_041/shuffle_03/group_003_unrelaxed_rank_001_alphafold2_ptm_model_1_seed_000.pdb,56.21812407680945,60.45897435897436,18,2.372805,4.796481
/fs/ess/PAA0203/xing244/AF_ClaSeq/results_updated/T1214/run2/divide_and_conquer/clades/clade_041/shuffle_03/group_002_unrelaxed_rank_001_alphafold2_ptm_model_1_seed_000.pdb,44.47576070901034,53.09435897435897,13,5.2540874,5.731975
/fs/ess/PAA0203/xing244/AF_ClaSeq/results_updated/T1214/run2/divide_and_conquer/clades/clade_041/shuffle_03/group_001_unrelaxed_rank_001_alphafold2_ptm_model_1_seed_000.pdb,51.93732644017725,57.83564102564102,13,3.6466756,3.9106207
/fs/ess/PAA0203/xing244/AF_ClaSeq/results_updated/T1214/run2/divide_and_conquer/clades/clade_041/shuffle_04/group_003_unrelaxed_rank_001_alphafold2_ptm_model_1_seed_000.pdb,52.57555391432792,55.89923076923076,18,2.8975127,4.649773
/fs/ess/PAA0203/xing244/AF_ClaSeq/results_updated/T1214/run2/divide_and_conquer/clades/clade_041/shuffle_04/group_002_unrelaxed_rank_001_alphafold2_ptm_model_1_seed_000.pdb,57.1129246676514,61.79487179487178,13,2.6648955,4.3594418
/fs/ess/PAA0203/xing244/AF_ClaSeq/results_updated/T1214/run2/divide_and_conquer/clades/clade_041/shuffle_04/group_001_unrelaxed_rank_001_alphafold2_ptm_model_1_seed_000.pdb,54.852319054652874,56.4402564102564,13,2.5202634,5.1417227
/fs/ess/PAA0203/xing244/AF_ClaSeq/results_updated/T1214/run2/divide_and_conquer/clades/clade_041/shuffle_05/group_003_unrelaxed_rank_001_alphafold2_ptm_model_1_seed_000.pdb,50.996262924667654,58.19307692307693,18,3.2106524,4.0669303
/fs/ess/PAA0203/xing244/AF_ClaSeq/results_updated/T1214/run2/divide_and_conquer/clades/clade_041/shuffle_05/group_002_unrelaxed_rank_001_alphafold2_ptm_model_1_seed_000.pdb,50.15605612998523,53.773589743589746,13,4.086411,3.8288302
/fs/ess/PAA0203/xing244/AF_ClaSeq/results_updated/T1214/run2/divide_and_conquer/clades/clade_041/shuffle_05/group_001_unrelaxed_rank_001_alphafold2_ptm_model_1_seed_000.pdb,58.08310192023634,59.586153846153834,13,3.4137108,5.864171
/fs/ess/PAA0203/xing244/AF_ClaSeq/results_updated/T1214/run2/divide_and_conquer/clades/clade_041/shuffle_06/group_003_unrelaxed_rank_001_alphafold2_ptm_model_1_seed_000.pdb,63.470147710487446,68.33871794871796,18,1.8477256,5.545163
/fs/ess/PAA0203/xing244/AF_ClaSeq/results_updated/T1214/run2/divide_and_conquer/clades/clade_041/shuffle_06/group_002_unrelaxed_rank_001_alphafold2_ptm_model_1_seed_000.pdb,46.4564106351551,50.58410256410257,13,3.2871978,4.832638
/fs/ess/PAA0203/xing244/AF_ClaSeq/results_updated/T1214/run2/divide_and_conquer/clades/clade_041/shuffle_06/group_001_unrelaxed_rank_001_alphafold2_ptm_model_1_seed_000.pdb,53.438508124076805,58.72230769230771,13,3.6820226,4.4760337
/fs/ess/PAA0203/xing244/AF_ClaSeq/results_updated/T1214/run2/divide_and_conquer/clades/clade_041/shuffle_07/group_003_unrelaxed_rank_001_alphafold2_ptm_model_1_seed_000.pdb,61.03983751846381,60.35564102564101,18,2.1728094,5.600642
/fs/ess/PAA0203/xing244/AF_ClaSeq/results_updated/T1214/run2/divide_and_conquer/clades/clade_041/shuffle_07/group_002_unrelaxed_rank_001_alphafold2_ptm_model_1_seed_000.pdb,54.88392909896602,58.73205128205129,13,2.519063,5.668449
/fs/ess/PAA0203/xing244/AF_ClaSeq/results_updated/T1214/run2/divide_and_conquer/clades/clade_041/shuffle_07/group_001_unrelaxed_rank_001_alphafold2_ptm_model_1_seed_000.pdb,56.55446085672082,55.45538461538461,13,1.959186,5.5935674
/fs/ess/PAA0203/xing244/AF_ClaSeq/results_updated/T1214/run2/divide_and_conquer/clades/clade_041/shuffle_08/group_003_unrelaxed_rank_001_alphafold2_ptm_model_1_seed_000.pdb,58.460797636632186,55.828461538461525,18,2.1702483,5.440404
/fs/ess/PAA0203/xing244/AF_ClaSeq/results_updated/T1214/run2/divide_and_conquer/clades/clade_041/shuffle_08/group_002_unrelaxed_rank_001_alphafold2_ptm_model_1_seed_000.pdb,44.53221565731167,51.64846153846153,13,4.378637,5.454445
/fs/ess/PAA0203/xing244/AF_ClaSeq/results_updated/T1214/run2/divide_and_conquer/clades/clade_041/shuffle_08/group_001_unrelaxed_rank_001_alphafold2_ptm_model_1_seed_000.pdb,57.175790251107834,55.67564102564102,13,1.9385756,5.608675
/fs/ess/PAA0203/xing244/AF_ClaSeq/results_updated/T1214/run2/divide_and_conquer/clades/clade_041/shuffle_09/group_003_unrelaxed_rank_001_alphafold2_ptm_model_1_seed_000.pdb,58.234047267355976,61.938974358974356,18,2.6695316,4.556094
/fs/ess/PAA0203/xing244/AF_ClaSeq/results_updated/T1214/run2/divide_and_conquer/clades/clade_041/shuffle_09/group_002_unrelaxed_rank_001_alphafold2_ptm_model_1_seed_000.pdb,57.20249630723781,58.93102564102565,13,2.9496527,4.6889873
/fs/ess/PAA0203/xing244/AF_ClaSeq/results_updated/T1214/run2/divide_and_conquer/clades/clade_041/shuffle_09/group_001_unrelaxed_rank_001_alphafold2_ptm_model_1_seed_000.pdb,49.28384047267357,57.80153846153847,13,2.2982364,5.426077
/fs/ess/PAA0203/xing244/AF_ClaSeq/results_updated/T1214/run2/divide_and_conquer/clades/clade_041/shuffle_10/group_003_unrelaxed_rank_001_alphafold2_ptm_model_1_seed_000.pdb,55.18695716395865,59.171282051282056,18,2.2845085,5.2785473
/fs/ess/PAA0203/xing244/AF_ClaSeq/results_updated/T1214/run2/divide_and_conquer/clades/clade_041/shuffle_10/group_002_unrelaxed_rank_001_alphafold2_ptm_model_1_seed_000.pdb,43.49469719350074,53.5774358974359,13,2.7296536,5.279986
/fs/ess/PAA0203/xing244/AF_ClaSeq/results_updated/T1214/run2/divide_and_conquer/clades/clade_041/shuffle_10/group_001_unrelaxed_rank_001_alphafold2_ptm_model_1_seed_000.pdb,58.477001477104864,61.485641025641016,13,4.17962,5.4492626
