Sequence_Header,Bin_Assignment_1,Bin_Assignment_2,Vote_Count,Total_Votes
101,4,10,1200,135424
UniRef100_A0A024FXG8,4,17,10,368
UniRef100_A0A0K2BKI2,3,13,8,368
UniRef100_A0A367JHR8,3,7,7,368
UniRef100_A0A077DE38,3,12,12,368
UniRef100_A0A315VG49,17,7,8,368
UniRef100_A0A534EQM1,5,10,8,368
UniRef100_A0A0D9QPY1,4,14,8,368
UniRef100_A0A2V0NQV8,3,14,7,368
UniRef100_A0A1X0P8F6,5,8,8,368
UniRef100_A0A158NFJ9,4,10,9,368
UniRef100_C6HW99,14,5,9,368
UniRef100_A0A3M5I3V2,2,14,12,368
UniRef100_UPI00077257DE,2,12,7,368
UniRef100_UPI00094DE566,3,15,7,368
UniRef100_A0A432H5S3,2,16,7,368
UniRef100_A0A0Q8UUB0,8,13,10,368
UniRef100_A0A2J8AIM7,9,8,9,368
UniRef100_A0A3Q0RC48,3,14,8,368
UniRef100_A0A2E6W9S5,3,11,8,368
UniRef100_A0A1Y2CKA1,7,13,8,368
UniRef100_UPI001183F647,9,5,7,368
UniRef100_A0A177EDT3,6,4,11,368
UniRef100_A0A5J4YRR5,3,12,8,368
UniRef100_A0A1C7MHS4,10,7,7,368
UniRef100_A5BR95,4,7,7,368
UniRef100_A0A354RCP9,12,6,10,368
UniRef100_A0A3B9N4U3,16,8,10,368
UniRef100_A0A1Y2GME0,5,12,10,368
UniRef100_F4P268,15,5,9,368
UniRef100_A0A2H0UN73,10,8,8,368
UniRef100_UPI00078AE3F3,11,5,9,368
UniRef100_A0A103WY13,5,7,8,368
UniRef100_A0A496QB46,18,10,9,368
UniRef100_A0A2N3A6T7,4,11,8,368
UniRef100_Q3LDT2,5,16,9,368
UniRef100_A0A101GLH5,16,8,10,368
UniRef100_A0A2S6SI84,7,12,7,368
UniRef100_A0A3G2SA63,6,8,10,368
UniRef100_UPI000810200F,4,11,8,368
UniRef100_A0A1X7VCJ5,4,12,9,368
UniRef100_S9V789,16,7,9,368
UniRef100_A0A2R6NCZ3,4,10,7,368
UniRef100_T1GJX5,3,16,6,368
UniRef100_UPI000298C0E4,9,11,9,368
UniRef100_C4YT77,3,12,8,368
UniRef100_A0A1T2L7S2,6,6,8,368
UniRef100_A0A2D7ATT5,11,7,8,368
UniRef100_A0A2H9TM10,6,13,9,368
UniRef100_UPI0001CBA9E6,3,16,8,368
UniRef100_A0A3D8RPU0,9,6,9,368
UniRef100_A0A1V6FHF1,10,6,8,368
UniRef100_A0A1F8EDE8,14,7,8,368
UniRef100_I7LWN2,12,3,8,368
UniRef100_UPI000695DDC7,6,8,9,368
UniRef100_A0A1S3DEP0,9,5,9,368
UniRef100_A0A2M7TT45,3,11,7,368
UniRef100_A0A352A2A9,8,6,9,368
UniRef100_A0A2J6IE26,18,12,11,368
UniRef100_A0A2E2VT32,13,4,8,368
UniRef100_A0A1V5UYB6,4,17,8,368
UniRef100_D6TYG9,14,7,8,368
UniRef100_A0A2E7ZI83,5,5,7,368
UniRef100_A0A1B1UFT8,17,7,9,368
UniRef100_A0A4P9XWB7,4,10,8,368
UniRef100_A0A1G2CIN2,14,6,7,368
UniRef100_A0A3A5VH54,7,9,8,368
UniRef100_Q98Q02,11,4,8,368
UniRef100_A0A2J6KI17,5,15,10,368
UniRef100_A0A0L8RLU7,5,6,8,368
UniRef100_A0A2H0WLL5,6,9,9,368
UniRef100_A0A2R6HXH0,5,12,9,368
UniRef100_UPI0003656FBB,4,17,11,368
UniRef100_A0A0S4IM97,3,11,9,368
UniRef100_A0A537SM93,3,16,7,368
UniRef100_A0A1I4CM69,3,7,9,368
UniRef100_K1WKA4,6,15,10,368
UniRef100_A0A2E0WNB6,4,14,8,368
UniRef100_V6TUL8,2,14,10,368
UniRef100_A0A078A6K8,11,5,10,368
UniRef100_H3GGY7,5,8,9,368
UniRef100_A0A0P1B6N2,6,14,8,368
UniRef100_A0A1J4XJG1,12,8,8,368
UniRef100_A0A2G6HID3,4,17,7,368
UniRef100_UPI0009FBA27C,16,9,8,368
UniRef100_A0A2E7H2E4,3,15,9,368
UniRef100_A0A1E3JTC6,4,17,9,368
UniRef100_A0A1G2CFQ0,8,6,9,368
UniRef100_UPI000B91115A,4,14,15,368
UniRef100_A0A1F5YIS5,3,15,8,368
UniRef100_D8R2E1,5,12,8,368
UniRef100_UPI000E6C0837,4,17,9,368
UniRef100_A0A1E7QJ42,12,6,9,368
UniRef100_A0A2J7PP94,9,4,7,368
UniRef100_A0A3M7LYA5,14,6,8,368
UniRef100_A0A484BVL7,11,4,11,368
UniRef100_A0A0L0NP11,16,7,9,368
UniRef100_F2UG06,5,11,10,368
UniRef100_A0A0C3GP66,7,12,9,368
UniRef100_UPI000E1BC418,5,5,9,368
UniRef100_A0A1V0HQ21,2,17,14,368
UniRef100_A0A292SRJ3,11,8,9,368
UniRef100_A0A5N6RRV9,5,13,9,368
UniRef100_A0A522BSQ4,7,8,8,368
UniRef100_A0A068V830,4,12,8,368
UniRef100_UPI0011B80320,4,13,6,368
UniRef100_A0A225WWD5,2,14,7,368
UniRef100_A5ELK6,3,17,12,368
UniRef100_A0A419DYZ8,6,13,9,368
UniRef100_A0A2R5G1A8,3,11,10,368
UniRef100_H3GIQ0,4,10,7,368
UniRef100_A0A066VVB4,4,14,8,368
UniRef100_W6MSC0,7,13,8,368
UniRef100_A0A103XGY7,8,6,7,368
UniRef100_A0A0X1SHZ4,16,8,7,368
UniRef100_A0A1Y5IJR3,5,15,8,368
UniRef100_A0A3D9VBB3,6,12,8,368
UniRef100_A0A288GUU6,3,11,10,368
UniRef100_R9NZV2,7,11,11,368
UniRef100_A0A177B5P1,6,6,7,368
UniRef100_UPI0012D42944,7,9,8,368
UniRef100_J9M062,4,14,8,368
UniRef100_A0A2D6K778,5,15,11,368
UniRef100_A0A565BIP5,8,10,7,368
UniRef100_A0A2V4A3L9,4,17,7,368
UniRef100_A0A4E0RA76,4,11,10,368
UniRef100_UPI0009502639,6,10,8,368
UniRef100_H0YUT2,8,8,8,368
UniRef100_UPI0007DA2216,6,11,7,368
UniRef100_A0A0G0V7Q4,16,8,8,368
UniRef100_A0A3N5TD70,12,2,7,368
UniRef100_UPI000D52F88A,4,13,7,368
UniRef100_A0A2J0MW71,7,12,8,368
UniRef100_UPI000CD61128,3,12,8,368
UniRef100_A0A444CPW8,6,12,8,368
UniRef100_A0A0G0MS72,8,11,9,368
UniRef100_A0A418V4A3,5,13,9,368
UniRef100_A0A2D8I5G0,14,6,8,368
UniRef100_D0P1X9,6,14,8,368
UniRef100_A0A2N5ZRM9,4,7,10,368
UniRef100_A0A2H0VE20,4,10,11,368
UniRef100_UPI0006D91414,5,11,8,368
UniRef100_A0A389MVI1,5,15,10,368
UniRef100_A0A4P5VRC7,16,7,9,368
UniRef100_A0A1X2HHI4,8,5,7,368
UniRef100_A0A2D7D6N8,16,7,9,368
UniRef100_A0A1G4J7L4,16,7,8,368
UniRef100_A0A287XAJ7,7,12,9,368
UniRef100_UPI000C7F5368,8,7,8,368
UniRef100_A0A5C3MAP4,4,17,7,368
UniRef100_A0A2G9Z611,5,12,11,368
UniRef100_A0A2N3AF43,18,13,10,368
UniRef100_A0A1V9ZYL0,6,9,8,368
UniRef100_A0A1I8BKM8,3,16,7,368
UniRef100_V4SY98,5,14,11,368
UniRef100_A0A0H3M1I4,2,10,8,368
UniRef100_M1B3D6,6,5,8,368
UniRef100_A0A0C9Y327,5,17,9,368
UniRef100_A0A2G9YG01,18,13,11,368
UniRef100_UPI00041A008F,3,12,10,368
UniRef100_A0A2A4WTF2,3,9,7,368
UniRef100_A0A3B8S7J6,4,7,11,368
UniRef100_A0A0D7BP37,8,11,6,368
UniRef100_A0A1G0XPI8,11,6,8,368
UniRef100_A0A2K1QYR3,7,7,7,368
UniRef100_UPI000B8CD015,11,6,8,368
UniRef100_A0A0N1LUB5,16,9,8,368
UniRef100_G0U577,15,8,9,368
UniRef100_A0A067EDD9,5,5,8,368
UniRef100_UPI000499289D,9,4,7,368
UniRef100_A0A5D0MFY7,8,9,9,368
UniRef100_A4HQJ5,4,16,8,368
UniRef100_K8EDI0,12,6,8,368
UniRef100_UPI0011D26482,6,9,7,368
UniRef100_A0A1S8VNH1,4,16,8,368
UniRef100_A0A3N5RIF4,5,13,8,368
UniRef100_A0A166I2Q6,5,10,7,368
UniRef100_A0A2G9MR89,9,8,10,368
UniRef100_A0A2W6AHF6,17,9,11,368
UniRef100_A0A554KRS3,16,5,7,368
UniRef100_A0A419PFS4,3,12,9,368
UniRef100_A0A257SVP9,8,9,8,368
UniRef100_A0A4V1S602,5,12,9,368
UniRef100_A0A316YG19,4,16,8,368
UniRef100_A0A2V8YIW6,7,7,7,368
UniRef100_A0A554MDQ1,6,13,8,368
UniRef100_A0A067C4L8,10,7,7,368
UniRef100_A0A199W2V2,4,8,8,368
UniRef100_A0A1J3K907,5,15,9,368
UniRef100_UPI0011B4EF60,6,5,7,368
UniRef100_A0A2U8W3K5,7,9,8,368
UniRef100_A0A5B6U9T8,3,11,8,368
UniRef100_UPI00129E8E3A,5,11,9,368
UniRef100_A0A3E2H895,11,6,13,368
UniRef100_A0A2T0YRZ8,4,17,9,368
UniRef100_UPI0012629245,3,17,7,368
UniRef100_UPI001246DB80,2,11,8,368
UniRef100_F7VXW8,4,18,9,368
UniRef100_A0A0E0MKY2,4,15,8,368
UniRef100_A0A1F4VC38,14,8,10,368
UniRef100_A0A1X1QMY9,3,11,9,368
UniRef100_A0A0J8BGR6,8,6,8,368
UniRef100_A0A1X0P0N7,7,10,8,368
UniRef100_A0A2T7NM80,4,16,12,368
UniRef100_A0A3D1ARL4,5,5,11,368
UniRef100_A0A2H3IQI8,7,6,9,368
UniRef100_A0A1F6U3E2,5,15,9,368
UniRef100_A0A2D6MDG8,9,5,11,368
UniRef100_A0A5N6QUZ3,10,5,8,368
UniRef100_A0A0G1YJ01,18,11,8,368
UniRef100_A0A091CXT9,5,8,8,368
UniRef100_UPI000995597C,5,7,8,368
UniRef100_A0A0D6EIN9,12,6,8,368
UniRef100_A0A2E7GCY6,2,12,7,368
UniRef100_A0A164ZM06,5,8,8,368
UniRef100_A0A2M6YQW4,9,7,9,368
UniRef100_A0A1I0AGW5,9,3,7,368
UniRef100_UPI00057B1051,7,6,8,368
UniRef100_G7DUL5,4,18,9,368
UniRef100_A0A1V6KHD1,8,6,9,368
UniRef100_A0A4Y1RP54,3,17,8,368
UniRef100_G0U5Q2,2,12,10,368
UniRef100_A0A420WKD4,11,5,9,368
UniRef100_A0A2E9EDA2,5,7,10,368
UniRef100_A0A424IU87,18,12,11,368
UniRef100_A0A0S2TA55,8,7,7,368
UniRef100_A0A2H0XXH7,9,3,11,368
UniRef100_A0A103XMU2,11,5,7,368
UniRef100_A0A3S8ZQ70,2,13,7,368
UniRef100_A0A1V8NDA3,6,15,10,368
UniRef100_A0A0G1DZU8,13,7,8,368
UniRef100_UPI00079FB344,6,14,7,368
UniRef100_A0A2I2V240,4,12,7,368
UniRef100_UPI000D62B920,4,7,7,368
UniRef100_A0A3N9NPJ6,11,4,8,368
UniRef100_A0A5J5BCB0,5,15,9,368
UniRef100_A0A1X0NZB3,4,15,6,368
UniRef100_UPI0005EDF768,12,7,9,368
UniRef100_A0A346PYC2,4,16,9,368
UniRef100_A0A397EK52,4,12,9,368
UniRef100_A0A178FQA5,6,12,8,368
UniRef100_A0A194W383,3,18,6,368
UniRef100_A0A2D6VSW4,8,5,7,368
UniRef100_S8E577,3,13,7,368
UniRef100_E2R4A9,11,4,10,368
UniRef100_UPI00125D6738,6,6,8,368
UniRef100_A0A238V917,6,12,9,368
UniRef100_A0A537TAG7,12,8,11,368
UniRef100_A0A140LIV1,4,10,9,368
UniRef100_A0A353WRH6,14,5,8,368
UniRef100_A0A0E0LQQ3,5,9,7,368
UniRef100_UPI00105AD415,13,6,8,368
UniRef100_A0A0G3V4M0,18,10,9,368
UniRef100_A0A1S8W5U5,6,9,9,368
UniRef100_W6UNT4,4,10,8,368
UniRef100_UPI0004C82521,5,11,8,368
UniRef100_A0A1G2BPC8,6,9,8,368
UniRef100_UPI00068D76D1,7,13,9,368
UniRef100_A0A1X2GFP6,16,7,10,368
UniRef100_A0A058Z7J7,9,5,8,368
UniRef100_A0A402FK22,5,14,10,368
UniRef100_A0A150VJ36,4,18,8,368
UniRef100_R5TMA4,6,12,7,368
UniRef100_A0A2G5BIY6,11,6,8,368
UniRef100_A0A451D624,4,16,10,368
UniRef100_A0A1X6NTZ6,7,7,8,368
UniRef100_A0A3F2Y334,16,7,8,368
UniRef100_A0A1Z2TMD7,6,8,8,368
UniRef100_A0A3B4AFF3,4,8,8,368
UniRef100_A0A3N4S5I7,5,9,8,368
UniRef100_A0A5N5KEA8,3,18,8,368
UniRef100_A0A1J8PGN6,9,6,8,368
UniRef100_A0A290Q4S4,11,9,10,368
UniRef100_A0A267EP00,5,10,10,368
UniRef100_B7FWS9,5,15,11,368
UniRef100_A0A0F9VCP3,16,7,10,368
UniRef100_A0A2A2KQ33,4,10,8,368
UniRef100_A0A0G1Q3Q4,15,6,9,368
UniRef100_X5HJH1,7,13,9,368
UniRef100_A0A3D1F834,5,8,8,368
UniRef100_A0A2U8VUW2,6,14,9,368
UniRef100_A0A5J9W6Z0,12,6,9,368
UniRef100_UPI00056273E4,11,8,7,368
UniRef100_A0A1W1X4A2,7,5,9,368
UniRef100_UPI0009E2B674,7,7,9,368
UniRef100_V2XNW4,5,14,7,368
UniRef100_U1PGD6,4,7,9,368
UniRef100_G1PEJ2,3,12,8,368
UniRef100_A0A175VWS0,4,16,10,368
UniRef100_A0A1F8ESN2,7,13,9,368
UniRef100_A0A0D0B6F2,17,7,7,368
UniRef100_A0A0G0VC45,16,6,9,368
UniRef100_UPI001263F91B,13,4,7,368
UniRef100_A0A024UT37,6,6,9,368
UniRef100_A0A2V3J0X2,14,6,8,368
UniRef100_UPI0011F39CC3,3,14,8,368
UniRef100_A0A3Q0KR20,4,6,8,368
UniRef100_A0A4Y7L327,2,11,8,368
UniRef100_A0A2I4FXX4,7,12,8,368
UniRef100_A0A072VJS4,6,14,7,368
UniRef100_A0A2C9KBM7,3,13,11,368
UniRef100_F4QD50,4,14,11,368
UniRef100_UPI000525748B,4,13,9,368
UniRef100_A0A537N7Y2,4,9,7,368
UniRef100_A0A1E4SZT6,14,6,7,368
UniRef100_A0A1F7U5A1,11,8,9,368
UniRef100_A0A2V1AZI0,5,13,8,368
UniRef100_A0A2R6DK81,5,12,9,368
UniRef100_A0A3A0FB84,6,9,9,368
UniRef100_UPI00092F5718,5,5,7,368
UniRef100_UPI0006C9549F,14,6,11,368
UniRef100_UPI00084918ED,8,7,9,368
UniRef100_U6N9P3,6,13,11,368
UniRef100_A0A5C3ND16,6,8,8,368
UniRef100_A0A061GW31,3,11,8,368
UniRef100_D7FQE8,3,13,7,368
UniRef100_A0A1F7U1U6,2,17,14,368
UniRef100_A0A4V3SIX9,15,8,8,368
UniRef100_A0A3B3XKZ3,11,8,8,368
UniRef100_M0S0U9,9,9,7,368
UniRef100_A0A2G5DCK1,3,12,7,368
UniRef100_A0A5J5BAH8,9,7,8,368
UniRef100_A0A2N5ZV40,3,13,7,368
UniRef100_A0A0K9RUL4,3,7,8,368
UniRef100_B8BXI8,18,14,11,368
UniRef100_A0A2T2ZVL8,4,12,8,368
UniRef100_UPI00129919AC,4,16,8,368
UniRef100_A0A1D2NMR3,3,12,8,368
UniRef100_A0A2M8KH64,13,6,9,368
UniRef100_A0A0P1BR26,8,8,8,368
UniRef100_A0A3B1AMQ0,4,13,9,368
UniRef100_A0A354FHB8,3,11,8,368
UniRef100_A0A1Z9U0F5,9,9,8,368
UniRef100_A0A0M8N7J8,17,7,9,368
UniRef100_A0A2R6JVQ7,5,9,12,368
UniRef100_U3AED7,4,9,7,368
UniRef100_A0A0F6CJX4,4,11,10,368
UniRef100_UPI000F5E9E7A,4,14,7,368
UniRef100_A8JDN2,4,10,9,368
UniRef100_A0A3Q2DUA0,4,15,8,368
UniRef100_UPI00042703D3,5,16,9,368
UniRef100_A0A3M0CHI6,7,9,10,368
UniRef100_A0A060RWR8,4,11,8,368
UniRef100_A0A060S4Y7,12,4,7,368
UniRef100_UPI0009AEF143,5,9,8,368
UniRef100_A0A2M6WTX2,4,12,8,368
UniRef100_A0A2D7MKE6,11,8,10,368
UniRef100_UPI000E456B98,11,3,11,368
UniRef100_A0A1G2FB89,6,16,8,368
UniRef100_A0A1Y1WDY4,7,5,7,368
UniRef100_A0A5J5EEJ3,7,13,10,368
UniRef100_K2A493,16,7,8,368
UniRef100_A0A177UIP9,4,15,8,368
UniRef100_A0A3N5J6I3,2,14,10,368
UniRef100_A0A067QBU0,8,10,7,368
UniRef100_UPI00110E5503,16,5,7,368
UniRef100_A0A0F9Q526,4,11,8,368
UniRef100_A0A426CZ63,7,11,10,368
UniRef100_UPI00094E2D52,3,15,8,368
UniRef100_A0A1G2BET3,4,10,11,368
UniRef100_A0A3D6D1P7,14,7,10,368
UniRef100_UPI000CD9B916,3,11,8,368
UniRef100_A0A2C5XBK6,4,13,6,368
UniRef100_A0A3B4YRE5,5,10,7,368
UniRef100_A0A1J3JLT0,5,16,9,368
UniRef100_UPI00117D5143,7,7,8,368
UniRef100_UPI0004CCFE65,18,10,9,368
UniRef100_L1K1R7,4,17,11,368
UniRef100_A0A1G1KI42,9,8,8,368
UniRef100_UPI0006B0F3E8,6,11,8,368
UniRef100_A0A1G2VUH5,7,7,7,368
UniRef100_K5W8S5,8,8,8,368
UniRef100_A0A5D6Y3N1,8,10,13,368
UniRef100_A0A3B0YA72,6,15,10,368
UniRef100_A0A3D5YSK8,2,14,13,368
UniRef100_A0A2N1VP02,2,18,7,368
UniRef100_A0A4D6XV47,2,16,13,368
UniRef100_A0A5B7C548,5,8,8,368
UniRef100_A0A1F8EHM2,16,5,11,368
UniRef100_D1CFE7,3,10,7,368
UniRef100_A0A1F3XUV7,11,4,9,368
UniRef100_A0A1Y2HTV9,5,10,8,368
UniRef100_G7JRB1,5,7,10,368
UniRef100_G0UJL2,5,14,8,368
UniRef100_A0A507FMK3,5,8,8,368
UniRef100_A0A410TSH5,5,13,8,368
UniRef100_A0A4Y9Y6Y9,6,12,9,368
UniRef100_A0A2R6RK00,4,10,7,368
UniRef100_UPI0012631EE0,6,6,8,368
UniRef100_A0A086J1Q8,4,7,8,368
UniRef100_A0A5C9DN26,10,7,8,368
UniRef100_A0A1F5ZRG1,7,13,9,368
UniRef100_A0A0H5R4G8,4,13,7,368
UniRef100_A0A1X2IVM9,8,5,7,368
UniRef100_A0A0K6G8X8,5,15,9,368
UniRef100_UPI000629B9C1,3,11,8,368
UniRef100_A0A2V9AP16,16,5,9,368
UniRef100_A0A1F7U7K5,7,10,9,368
UniRef100_A0A2A2Q7E0,17,9,8,368
UniRef100_F4R3U2,4,15,11,368
UniRef100_A0A3M1JXG0,4,13,9,368
UniRef100_UPI001035B841,7,11,7,368
UniRef100_F8N3J1,5,9,8,368
UniRef100_C9ZJR1,5,9,8,368
UniRef100_A0A139B0C8,4,17,9,368
UniRef100_UPI000595AFB8,6,6,7,368
UniRef100_K1Y6Q1,5,8,7,368
UniRef100_A0A536H121,12,6,8,368
UniRef100_UPI0004B11813,16,7,11,368
UniRef100_A0A1B9IBX9,13,5,9,368
UniRef100_A0A1F6AP80,3,13,7,368
UniRef100_UPI000B7954C3,3,13,9,368
UniRef100_A0A0G4HF20,17,6,10,368
UniRef100_T0R8Y3,3,12,8,368
UniRef100_A0A2P6N6J8,11,6,8,368
UniRef100_A0A0L0SDE0,4,16,8,368
UniRef100_A0A507E069,10,7,9,368
UniRef100_A0A1Y1UAQ9,7,9,7,368
UniRef100_A0A1F7YC39,8,5,10,368
UniRef100_A0A061J436,6,9,8,368
UniRef100_A0A1G1X471,11,8,9,368
UniRef100_H2ZLZ7,3,14,10,368
UniRef100_R0HN61,18,11,8,368
UniRef100_A0A165ALC5,14,6,9,368
UniRef100_A0A4Q1C496,5,15,8,368
UniRef100_UPI0009E5B591,4,11,10,368
UniRef100_A0A1G1IJZ0,9,10,12,368
UniRef100_A0A2V8X298,4,13,8,368
UniRef100_A0A2D4BSY0,4,15,7,368
UniRef100_A0A5Q4EAD6,14,5,7,368
UniRef100_A0A251VEG4,7,9,8,368
UniRef100_UPI000947BFC9,4,10,8,368
UniRef100_A0A3D3GJ45,15,7,8,368
UniRef100_A0A0P7BQ49,3,13,7,368
UniRef100_H3F5H0,11,4,8,368
UniRef100_A0A1N6GJS4,6,13,8,368
UniRef100_A0A226NW13,5,15,10,368
UniRef100_A0A420Z334,3,14,7,368
UniRef100_A0A1X2IT76,4,10,7,368
UniRef100_A0A4U8UXJ2,3,14,11,368
UniRef100_A0A1G0YPF7,4,17,8,368
UniRef100_A0A1D1YA25,2,17,8,368
UniRef100_A0A3A5JQJ2,5,13,8,368
UniRef100_UPI00033157D8,6,10,8,368
UniRef100_A0A1J5J190,6,11,9,368
UniRef100_UPI000F7CDF19,4,9,9,368
UniRef100_A0A496RAS3,3,17,7,368
UniRef100_A0A1J5DA75,2,10,9,368
UniRef100_UPI00077EAB13,3,12,9,368
UniRef100_A0A3D2WVX9,18,13,7,368
UniRef100_A0A0P7X7N1,5,15,7,368
UniRef100_A0A257VMY8,8,6,8,368
UniRef100_UPI0005233ECB,9,6,8,368
UniRef100_A0A4S2V6Y5,2,14,7,368
UniRef100_A0A537MUK3,3,18,8,368
UniRef100_A0A4P6XJK5,10,6,9,368
UniRef100_A0A094FEU5,6,10,8,368
UniRef100_A0A4T0X0B0,6,8,8,368
UniRef100_UPI0006AB1022,10,3,8,368
UniRef100_A0A5B7BA67,13,4,8,368
UniRef100_UPI000719ED64,5,8,6,368
UniRef100_L1JE79,8,8,9,368
UniRef100_A0A3P3Z8T6,2,12,7,368
UniRef100_H0T380,3,18,11,368
UniRef100_W6KD98,14,6,9,368
UniRef100_A0A1F6QF81,11,5,9,368
UniRef100_A0A2B4RS52,7,8,9,368
UniRef100_A0A0W8CX88,6,13,12,368
UniRef100_Q8HSW1,11,4,8,368
UniRef100_A0A024G747,5,14,10,368
UniRef100_A0A1D1ZXB5,4,10,9,368
UniRef100_W6L8G6,3,13,8,368
UniRef100_A0A2R6LWH2,4,12,8,368
UniRef100_A0A1G1CJI1,8,6,8,368
UniRef100_A0A3C1YQ46,12,6,10,368
UniRef100_A0A2D8RSI4,4,14,8,368
UniRef100_UPI000F423407,3,16,12,368
UniRef100_A0A420Z525,3,13,9,368
UniRef100_D8UDZ4,10,7,8,368
UniRef100_A0A0G1MUK0,5,11,9,368
UniRef100_A0A285LQH8,11,4,10,368
UniRef100_A0A2T1HLQ7,8,7,7,368
UniRef100_V4JE66,4,7,9,368
UniRef100_A0A2E8CV62,7,14,9,368
UniRef100_UPI0011F3F912,3,16,10,368
UniRef100_A0A1Y1JJ82,18,13,7,368
UniRef100_A0A2D5S8T1,13,6,10,368
UniRef100_UPI000679C456,4,12,7,368
UniRef100_A0A1J7HGX3,9,7,7,368
UniRef100_A0A5C7HCI0,6,6,9,368
UniRef100_A0A1Q4BWR3,3,15,8,368
UniRef100_A0A3P7N747,3,14,8,368
UniRef100_A0A2H0YUT8,6,7,9,368
UniRef100_A0A2E6NF68,6,14,8,368
UniRef100_UPI0007E349AF,11,6,9,368
UniRef100_A0A523WEN8,5,9,9,368
UniRef100_A0A401SRW8,4,12,7,368
UniRef100_B2KEK1,6,15,8,368
UniRef100_A0A1Z5JJF3,4,17,11,368
UniRef100_A0A1V6P8N1,7,8,9,368
UniRef100_A0A5C6C4N2,5,15,8,368
UniRef100_A0A1A7XDN9,4,11,8,368
UniRef100_U3LND1,2,17,6,368
UniRef100_A0A1Y1VFA3,6,13,9,368
UniRef100_A0A1F5AYK8,6,7,9,368
UniRef100_A0A0G1FMK5,15,8,10,368
UniRef100_A0A2M7RN22,8,11,9,368
UniRef100_A0A3Q0DQT7,3,18,10,368
UniRef100_A0A432RP39,2,16,7,368
UniRef100_A0A484KYQ8,7,10,7,368
UniRef100_UPI000A32C15C,4,13,10,368
UniRef100_A0A522U223,4,10,7,368
UniRef100_A0A2E1P335,5,10,7,368
UniRef100_A0A0G1HSM6,8,10,9,368
UniRef100_A0A554NB62,15,5,9,368
UniRef100_A0A1F7ULV2,6,14,8,368
UniRef100_A8PQY5,4,14,10,368
UniRef100_UPI0005125042,15,7,7,368
UniRef100_C1MUS8,4,7,7,368
UniRef100_A0A3L8S8R4,6,6,8,368
UniRef100_E0VX08,16,7,11,368
UniRef100_A0A2A9PIM0,4,18,8,368
UniRef100_A0A1B0AS22,6,8,8,368
UniRef100_A0A1F7U5B1,16,7,10,368
UniRef100_W2UZN2,17,8,8,368
UniRef100_Q6BIB5,5,15,7,368
UniRef100_A0A1V6I5J9,5,16,9,368
UniRef100_H3C7S4,7,11,9,368
UniRef100_A0A496TD01,6,14,9,368
UniRef100_A0A517MKZ0,7,9,8,368
UniRef100_A0A5J4YQP3,3,12,7,368
UniRef100_A0A162ATF1,4,7,8,368
UniRef100_UPI0007DB8349,2,17,7,368
UniRef100_A0A0L8IG45,2,12,8,368
UniRef100_UPI000C1D1B06,5,7,9,368
UniRef100_A0A1Y1HR93,9,5,9,368
UniRef100_A0A2C6KEA3,5,8,9,368
UniRef100_A0A370DBF6,10,9,9,368
UniRef100_K6HBI8,6,9,7,368
UniRef100_A0A3B9T6R1,6,13,7,368
UniRef100_A0A2D0PJR9,3,7,8,368
UniRef100_A0A024S0W3,7,10,10,368
UniRef100_G1N0F4,4,13,7,368
UniRef100_A0A1G8Y6T0,11,7,8,368
UniRef100_A0A5B8MRW7,6,13,10,368
UniRef100_A0A288DC92,3,11,12,368
UniRef100_A0A3E1EM51,15,8,10,368
UniRef100_A0A1F5ELA2,3,8,10,368
UniRef100_UPI000997981F,3,13,8,368
UniRef100_A0A2M7WLF9,14,6,10,368
UniRef100_H3H479,2,12,7,368
UniRef100_A0A1F6UV19,12,5,7,368
UniRef100_A0A1Z9ICI9,4,16,11,368
UniRef100_A0A0H3A6Z5,3,18,11,368
UniRef100_A0A2A3ELU8,18,14,9,368
UniRef100_A0A077ZUE2,9,5,7,368
UniRef100_UPI00070428EC,5,13,8,368
UniRef100_A0A2H0UQR0,6,14,10,368
UniRef100_UPI0003B32C42,3,10,8,368
UniRef100_A0A1G1Z6B5,16,7,11,368
UniRef100_A0A2E6YLN6,14,6,8,368
UniRef100_A0A0C1EAZ7,4,16,8,368
UniRef100_UPI000581656C,6,10,7,368
UniRef100_UPI00117C8EDF,5,15,11,368
UniRef100_A0A1V6CBT1,5,17,9,368
UniRef100_A0A2R6KAZ4,7,8,7,368
UniRef100_UPI0005280C69,8,7,13,368
UniRef100_A0A1L8I2L2,3,11,8,368
UniRef100_A0A3B9PSV0,14,8,8,368
UniRef100_UPI000B90B123,6,6,7,368
UniRef100_A0A2G4SHI2,9,10,8,368
UniRef100_A0A3N5Q931,16,8,8,368
UniRef100_A0A2N2WAJ1,5,16,7,368
UniRef100_A0A3B4GKM0,13,3,7,368
UniRef100_B2A9T9,3,15,8,368
UniRef100_A0A3P9HFD8,14,5,12,368
UniRef100_M7SWU4,4,10,9,368
UniRef100_A0A3B0KCQ8,14,6,9,368
UniRef100_A0A1J5SU19,4,10,11,368
UniRef100_UPI000878C506,4,13,12,368
UniRef100_UPI0007426206,13,5,8,368
UniRef100_A0A093JBC1,4,17,8,368
UniRef100_A0A2D9P461,3,11,9,368
UniRef100_A0A2X0LN09,8,9,8,368
UniRef100_A0A1E3QMI7,10,6,8,368
UniRef100_UPI00051F1633,3,15,9,368
UniRef100_A0A3M7PPG1,2,14,9,368
UniRef100_A0A1G0K3B7,2,12,13,368
UniRef100_A0A0Q7LGB6,2,15,12,368
UniRef100_A0A2I0XEW6,6,6,7,368
UniRef100_A0A2G8L0B6,6,8,6,368
UniRef100_A0A5B6ZRG0,3,9,6,368
UniRef100_A0A5C3E8Z0,2,13,8,368
UniRef100_A0A448PD29,16,8,11,368
UniRef100_UPI000DCA1B80,6,6,8,368
UniRef100_A0A024TCC3,3,10,8,368
UniRef100_A1D4S2,6,14,13,368
UniRef100_A0BHD8,6,8,8,368
UniRef100_A0A0F4Z412,10,7,8,368
UniRef100_A0A5H2ZJS5,4,17,12,368
UniRef100_A0A451DHN6,18,13,10,368
UniRef100_A0A1E4SP53,7,11,7,368
UniRef100_A0A314XRC7,9,7,8,368
UniRef100_A0A0P0Z2C6,5,14,9,368
UniRef100_A0A421FIS7,13,4,9,368
UniRef100_B8CBJ0,4,10,8,368
UniRef100_A0A1W9ID75,2,13,11,368
UniRef100_C1FGT9,3,16,10,368
UniRef100_A0A2V7K5Z0,4,14,7,368
UniRef100_D8PTC3,7,9,9,368
UniRef100_A0A1I8H436,5,7,9,368
UniRef100_A0A1G1DR22,8,9,7,368
UniRef100_A0A1Y2BVC0,4,9,7,368
UniRef100_A0A2C9WH08,5,8,8,368
UniRef100_A0A1Q8QB86,4,9,7,368
UniRef100_A0A4Y7TQA5,13,4,8,368
UniRef100_A0A3P6G356,7,7,8,368
UniRef100_A0A0F9JPY0,8,7,11,368
UniRef100_A0A385TLX8,3,18,11,368
UniRef100_A0A1C3KPC5,7,9,7,368
UniRef100_A0A1F6BV39,14,7,8,368
UniRef100_UPI0012380328,2,10,9,368
UniRef100_A0A086MH68,4,17,8,368
UniRef100_A0A1A8GSK3,6,4,7,368
UniRef100_A0A1F6SMX0,4,11,8,368
UniRef100_UPI000813727F,15,5,8,368
UniRef100_A0A0V0R8T9,3,18,8,368
UniRef100_A0A3P8VDB6,5,16,12,368
UniRef100_A0A2G2XI88,3,7,7,368
UniRef100_A0A523KDI9,3,11,14,368
UniRef100_S7ZH99,3,16,9,368
UniRef100_A0A382KGZ1,3,16,11,368
UniRef100_A0A1G1X7M8,8,11,7,368
UniRef100_A0EH72,18,9,12,368
UniRef100_A0A087H690,6,8,8,368
UniRef100_UPI000C1D7FB5,7,13,9,368
UniRef100_A0A428YUG3,11,7,8,368
UniRef100_UPI0007714344,9,7,8,368
UniRef100_A0A1D6RP90,8,10,7,368
UniRef100_A0A1Q7B359,8,5,7,368
UniRef100_A0A5N4EEZ3,4,13,7,368
UniRef100_M0ISQ8,6,12,7,368
UniRef100_A0A0P7BSE4,5,15,9,368
UniRef100_A0A1H3KT79,8,11,9,368
UniRef100_A0A3N4LGM5,6,12,8,368
UniRef100_A0A5N6RY10,7,6,7,368
UniRef100_UPI0003752978,4,12,11,368
UniRef100_G0R026,11,4,7,368
UniRef100_A0A4R2ESW1,4,12,7,368
UniRef100_A0A2U1N8P5,4,15,7,368
UniRef100_A0A0G4G2J1,5,11,9,368
UniRef100_UPI0003C8C967,6,9,7,368
UniRef100_A0A1E4ZH27,17,8,9,368
UniRef100_A0A2D4SJ19,7,13,9,368
UniRef100_A0A4Y1R183,4,16,10,368
UniRef100_A0A554MPE8,4,10,6,368
UniRef100_L1LFI0,3,7,8,368
UniRef100_A0A250XA18,6,10,9,368
UniRef100_A0A1A6ACC6,4,17,10,368
UniRef100_A0A3C1EL04,5,7,8,368
UniRef100_A0A1A8AEF5,12,7,8,368
UniRef100_A0A1L8F6A8,3,13,8,368
UniRef100_A0A3M7T049,11,5,9,368
UniRef100_A0A2R6IQZ6,5,12,9,368
UniRef100_A0A5A9P6U3,5,8,9,368
UniRef100_UPI00052EE90D,3,15,10,368
UniRef100_A0A1F8B289,18,11,10,368
UniRef100_T0NRK5,6,10,9,368
UniRef100_A0A5J4WZN1,4,14,9,368
UniRef100_A0A4U6RIQ0,4,18,10,368
UniRef100_A0A1D3CZR4,8,8,9,368
UniRef100_E2B0X7,5,8,7,368
UniRef100_A0A1G2CKX3,17,8,7,368
UniRef100_G0QSR6,3,9,8,368
UniRef100_A0A523SPB7,6,8,7,368
UniRef100_Q24HG7,5,15,8,368
UniRef100_A0A2P4X930,3,16,12,368
UniRef100_A0A2K3QGK6,3,17,8,368
UniRef100_UPI000C1D15E2,5,7,7,368
UniRef100_A0A355M3I9,2,18,8,368
UniRef100_A0A2M6Z2Y3,12,6,9,368
UniRef100_A0A067LFU3,6,12,9,368
UniRef100_A0A2T6E2G1,8,10,9,368
UniRef100_A0A059LN83,13,7,10,368
UniRef100_A0A496QG42,7,6,8,368
UniRef100_G3NRZ3,7,12,7,368
UniRef100_A0A343TKV9,5,8,7,368
UniRef100_A0A2D8UYK5,4,14,7,368
UniRef100_A0A250WVV2,5,8,7,368
UniRef100_Q6NUY0,15,6,8,368
UniRef100_UPI0003FB61F9,2,12,10,368
UniRef100_UPI000788AAD6,17,7,9,368
UniRef100_A0A350IG50,11,4,8,368
UniRef100_A0A523PJ88,5,15,10,368
UniRef100_R8BMZ2,10,8,9,368
UniRef100_A0A094ZTQ4,6,6,9,368
UniRef100_A0A1Y1I7I1,14,4,8,368
UniRef100_A0A1F6BL99,5,12,9,368
UniRef100_A0A2T9ZY03,5,14,11,368
UniRef100_A0A4Z2CLZ0,6,13,9,368
UniRef100_A0A261Y0S8,8,7,7,368
UniRef100_A0A1R2CMB1,9,4,8,368
UniRef100_A0A2V1B0R0,5,11,6,368
UniRef100_A0A0D0QNV8,12,3,7,368
UniRef100_A0A433PKX4,5,10,10,368
UniRef100_A0A2A5G2V1,15,6,12,368
UniRef100_A0A2V1EBX9,7,13,12,368
UniRef100_G0UVP1,11,4,9,368
UniRef100_A0A0G4IIK8,3,17,8,368
UniRef100_UPI0012488564,6,9,7,368
UniRef100_A0A5D2ICC2,4,13,7,368
UniRef100_A0A0Q9IZT8,7,7,7,368
UniRef100_A0A4U0VGI7,2,13,7,368
UniRef100_UPI000F8F247D,2,16,11,368
UniRef100_A0A158QSG3,4,12,7,368
UniRef100_A0A3L6L5Z9,5,7,8,368
UniRef100_A0A095A3A6,4,13,9,368
UniRef100_UPI000E5D78CF,4,9,10,368
UniRef100_A0A0G0ZS78,4,12,7,368
UniRef100_UPI000642F601,3,13,8,368
UniRef100_Q4N4F0,5,16,9,368
UniRef100_A0A349J8D9,6,13,9,368
UniRef100_A0A2E9CBJ5,15,7,7,368
UniRef100_A0A5J4XCC4,10,7,8,368
UniRef100_UPI0010FBA024,5,11,7,368
UniRef100_A0A1G2ED60,6,15,8,368
UniRef100_UPI000CE22AB0,3,18,6,368
UniRef100_UPI00053C232C,13,4,8,368
UniRef100_A0A0J9X5B6,6,13,9,368
UniRef100_A0A0U3NQF8,7,10,9,368
UniRef100_A0A1G2CN93,18,12,8,368
UniRef100_A0A1F8DRX3,14,8,9,368
UniRef100_A0A2U3Q028,3,17,11,368
UniRef100_A0A1D3KXU5,5,14,7,368
UniRef100_A0A0M0BTP2,5,14,7,368
UniRef100_A0A0C2NFP4,18,9,9,368
UniRef100_UPI0012DDB2C0,5,7,8,368
UniRef100_UPI000CE1C603,14,6,10,368
UniRef100_UPI000D18458C,4,13,8,368
UniRef100_A0A2V9BAW7,4,9,7,368
UniRef100_A0A4Z1Q491,3,11,8,368
UniRef100_A0A2N5YQN7,18,11,16,368
UniRef100_UPI000B4250B7,4,10,8,368
UniRef100_A0A0C3SDB1,11,5,8,368
UniRef100_A0A2R6I348,6,11,7,368
UniRef100_V9R9L8,3,14,7,368
UniRef100_C1E4K5,5,8,11,368
UniRef100_A0A226NP24,4,17,8,368
UniRef100_A0A0F9YT38,11,7,8,368
UniRef100_A0A022Q6G9,12,6,8,368
UniRef100_UPI0006710BF4,2,14,9,368
UniRef100_G1SRP5,9,6,8,368
UniRef100_UPI000225BC88,18,9,9,368
UniRef100_Q2IXN9,7,12,7,368
UniRef100_A0A4R7ML37,16,8,8,368
UniRef100_A0A328DN76,4,9,8,368
UniRef100_K2NQ61,16,9,9,368
UniRef100_A0A2V9HWA2,10,9,7,368
UniRef100_A0A1Q7AGF7,15,5,9,368
UniRef100_A7TH07,10,6,8,368
UniRef100_UPI00037C6AB1,3,11,6,368
UniRef100_G9PH32,14,7,9,368
UniRef100_A0A2E7VIB3,5,16,9,368
UniRef100_UPI0009B30132,7,12,8,368
UniRef100_UPI0004F4749E,4,6,9,368
UniRef100_D8TAU4,3,9,7,368
UniRef100_UPI000CE2493C,7,13,10,368
UniRef100_UPI000A28926A,2,12,10,368
UniRef100_A0A1D1Z8A8,7,7,10,368
UniRef100_UPI0011557C92,5,12,7,368
UniRef100_A0A1G4JIX1,9,6,7,368
UniRef100_A0A3D3VWG7,3,10,8,368
UniRef100_UPI0006D90714,13,6,7,368
UniRef100_A0A2M8F3A2,7,7,8,368
UniRef100_A0A3R7XXR3,7,6,8,368
UniRef100_A0A422N2N1,2,18,12,368
UniRef100_B4LDS9,5,16,7,368
UniRef100_A0A3B1AT43,8,10,9,368
UniRef100_D0P2Z9,3,15,9,368
UniRef100_UPI000420B9F6,4,13,8,368
UniRef100_A0A0J9TH38,5,11,9,368
UniRef100_B9XQD4,12,8,8,368
UniRef100_A0A2R6MFM6,3,12,9,368
UniRef100_A0A2S5R8J6,3,14,7,368
UniRef100_A0A0G7ZMR6,4,13,6,368
UniRef100_A0A4D9AN90,17,8,8,368
UniRef100_A0A2P6VJW9,11,8,8,368
UniRef100_F2U9P5,14,5,9,368
UniRef100_A0A090M851,16,7,10,368
UniRef100_UPI000523253C,3,15,10,368
UniRef100_A0A1Q9CGE4,15,6,9,368
UniRef100_A0A4Y9ZR68,5,11,7,368
UniRef100_A0A194S561,3,9,8,368
UniRef100_A0A0G1T1D2,5,6,7,368
UniRef100_UPI000CE22613,9,8,8,368
UniRef100_UPI0003F0CCD3,7,6,9,368
UniRef100_A0A2H0KEY1,8,6,9,368
UniRef100_A0A3Q1C4U5,4,10,8,368
UniRef100_K2G3Q7,5,11,8,368
UniRef100_A0A1X1BPL5,3,10,7,368
UniRef100_A0A0L8FTX6,3,17,9,368
UniRef100_UPI0007B99037,4,8,8,368
UniRef100_A0A0G0Q5H6,9,5,7,368
UniRef100_A0A2J0MMA2,5,13,10,368
UniRef100_A0A2R6FQX9,13,7,8,368
UniRef100_A0A1F8G145,6,13,7,368
UniRef100_A0A2P6SJQ6,4,15,8,368
UniRef100_A0A1F3SIC0,3,16,12,368
UniRef100_UPI000C6CA97F,7,6,8,368
UniRef100_A0A1D1VXQ2,4,11,9,368
UniRef100_U5NFQ5,18,11,9,368
UniRef100_A0A0W1R7R8,4,10,8,368
UniRef100_A4S2N7,8,10,9,368
UniRef100_A0A3P8Z0I7,6,6,6,368
UniRef100_A0A5C6C7G7,9,9,13,368
UniRef100_UPI00105AE944,5,14,11,368
UniRef100_A0A2D6EYE9,18,12,10,368
UniRef100_UPI000E3E68A2,4,16,11,368
UniRef100_A0A1B7NMF3,6,8,8,368
UniRef100_A0A162TL90,3,15,8,368
UniRef100_UPI000D09DBBC,4,7,9,368
UniRef100_A0A2G9GVS8,5,11,7,368
UniRef100_A0A2D7M700,3,12,8,368
UniRef100_A0A1F7V7R0,5,15,11,368
UniRef100_A0A3C0BCQ1,4,14,10,368
UniRef100_A0A1J3E820,8,7,8,368
UniRef100_A0A0W4ZCU1,5,6,10,368
UniRef100_A0A2Z5T8Y0,2,14,10,368
UniRef100_A0A5C6UU31,15,6,10,368
UniRef100_L8HC98,18,13,9,368
UniRef100_Q211G9,3,18,8,368
UniRef100_UPI0011C15F2B,7,4,11,368
UniRef100_UPI0005227668,6,6,11,368
UniRef100_A0A0G1YVC5,14,7,7,368
UniRef100_UPI00098E49CF,6,8,7,368
UniRef100_A0A0G1QIX5,4,13,8,368
UniRef100_A0A0A1TBD2,7,11,7,368
UniRef100_A0A139SRL0,7,12,8,368
UniRef100_I0YU34,6,15,8,368
UniRef100_Q22AX1,7,11,9,368
UniRef100_A0A061IS01,3,11,8,368
UniRef100_I1N7N9,4,7,8,368
UniRef100_UPI00109FF895,7,9,11,368
UniRef100_A0A067L3F6,10,6,11,368
UniRef100_F7PKQ9,3,11,8,368
UniRef100_UPI00057A94CD,7,9,8,368
UniRef100_UPI0005D4520F,4,11,6,368
UniRef100_A0A0D8BCS1,4,17,9,368
UniRef100_UPI000CCD6F77,3,12,9,368
UniRef100_A0A369SCW0,6,14,9,368
UniRef100_UPI00046D9095,18,9,8,368
UniRef100_A0A2D6E3A8,6,5,10,368
UniRef100_A0A4P9ZDK3,7,8,8,368
UniRef100_A0A1J1GLY2,8,12,7,368
UniRef100_A0A521ZPC1,8,4,8,368
UniRef100_A0A059A7N9,5,10,8,368
UniRef100_UPI00053C334E,5,8,6,368
UniRef100_A0A554LHC7,5,14,13,368
UniRef100_A0A0G0DIK9,4,16,10,368
UniRef100_A0A1F5SW59,13,4,7,368
UniRef100_UPI000C2048D2,4,14,8,368
UniRef100_U5DC05,6,10,6,368
UniRef100_A0A451D747,5,13,9,368
UniRef100_A0A535XB99,11,7,10,368
UniRef100_UPI000579BD24,9,6,9,368
UniRef100_A0A2B7YRI9,16,7,8,368
UniRef100_UPI000333EE04,3,7,9,368
UniRef100_A0A2A4SWE4,3,11,7,368
UniRef100_A0A0A9M6C7,9,5,8,368
UniRef100_J7R8P6,9,5,8,368
UniRef100_UPI0009073497,13,7,8,368
UniRef100_UPI000E465E22,18,13,13,368
UniRef100_UPI0007E694B6,4,10,8,368
UniRef100_R7F1L4,4,7,7,368
UniRef100_A0A3Q4HJH4,7,7,8,368
UniRef100_A0A0W8D2Y1,12,4,9,368
UniRef100_UPI0003F91BEC,6,4,8,368
UniRef100_A0A1E4RYS9,12,5,8,368
UniRef100_A0A1Q7SVJ0,3,14,7,368
UniRef100_A0A0G0MPJ5,18,13,10,368
UniRef100_L1K0N8,6,11,8,368
UniRef100_A0A381N1B1,7,12,9,368
UniRef100_A0A1F5TM59,2,9,7,368
UniRef100_A0A1D8AVW8,14,7,11,368
UniRef100_A0A1L9P442,2,14,7,368
UniRef100_UPI000B932FFA,4,17,8,368
UniRef100_UPI0011CEF868,3,11,8,368
UniRef100_UPI000787DEAC,3,13,10,368
UniRef100_K7REM3,2,10,8,368
UniRef100_D5AAS0,6,5,8,368
UniRef100_A0A2A9M798,3,16,10,368
UniRef100_UPI00051C016C,5,12,8,368
UniRef100_A0A518EWB9,4,7,8,368
UniRef100_UPI0011135F45,16,7,8,368
UniRef100_A0A3A4JZ11,13,5,8,368
UniRef100_X2GHF3,8,7,8,368
UniRef100_UPI000718D4F4,3,11,7,368
UniRef100_E4NPF8,10,5,9,368
UniRef100_UPI00073D1EAF,3,14,8,368
UniRef100_K0S747,2,17,8,368
UniRef100_D0N5I4,18,11,10,368
UniRef100_B9SC22,3,11,7,368
UniRef100_A0A4S4D570,4,10,6,368
UniRef100_A0A3L6RMB0,14,5,8,368
UniRef100_K3WJG2,2,11,8,368
UniRef100_A0A5Q4E7S8,16,7,9,368
UniRef100_A0A1I8HGE6,7,12,9,368
UniRef100_A0A077AWD5,16,5,8,368
UniRef100_UPI0012F4C007,3,11,8,368
UniRef100_A0A371QBM7,5,11,7,368
UniRef100_A0A2D6WRF8,4,15,10,368
UniRef100_A0A2H6JB21,13,5,10,368
UniRef100_UPI00051C4749,9,4,8,368
UniRef100_W4KKK3,6,16,8,368
UniRef100_A2BFD3,2,12,9,368
UniRef100_H8YZE0,3,10,10,368
UniRef100_A0A1F8CR81,6,7,9,368
UniRef100_A0A2H9Q6A1,8,9,8,368
UniRef100_A0A409VCU2,7,11,10,368
UniRef100_A0A1G1L008,9,9,10,368
UniRef100_UPI0005F44012,6,6,9,368
UniRef100_A0A5C7HUP6,12,7,8,368
UniRef100_A0A2E5JYV3,17,9,8,368
UniRef100_V4A0F0,3,18,7,368
UniRef100_A0A0S4JIH6,5,9,8,368
UniRef100_A0A1Q6QV37,4,14,8,368
UniRef100_A0A077WIE1,13,4,9,368
UniRef100_UPI0004F427AC,10,9,8,368
UniRef100_A0A2H0BJL9,17,7,10,368
UniRef100_UPI00094EE70C,7,9,8,368
UniRef100_A0A1Y3BV85,2,10,7,368
UniRef100_A0A3A5WG58,4,15,6,368
UniRef100_V5DDU9,3,10,7,368
UniRef100_A0A2A4XEH5,3,17,8,368
UniRef100_A0A1G2QXI5,3,17,9,368
UniRef100_A0A554KN11,18,11,7,368
UniRef100_A0A437ACH3,9,5,8,368
UniRef100_A0A1Z4VNI2,5,16,11,368
UniRef100_G0SXY2,7,7,7,368
UniRef100_A0A507EMX3,4,17,6,368
UniRef100_A0A2T9XZH5,11,4,7,368
UniRef100_A0A1A9HWC4,4,11,7,368
UniRef100_A0A167SDF9,7,10,7,368
UniRef100_E1ZQS3,3,11,6,368
UniRef100_A0A1G2LQD2,5,14,9,368
UniRef100_I7MA87,6,8,12,368
UniRef100_A0A1B7SPW9,10,5,7,368
UniRef100_A0A2M9LUT5,6,16,9,368
UniRef100_A0A1F4PKR7,4,16,8,368
UniRef100_A0A2H3ZFC4,6,11,8,368
UniRef100_A0A1F3Q500,3,14,6,368
UniRef100_A0A1F6DYS1,6,10,8,368
UniRef100_A0A2C9ULQ3,6,12,8,368
UniRef100_A0A1F7FZP9,8,5,13,368
UniRef100_A0A5C8UD20,16,7,11,368
UniRef100_A0A2D5XDF2,11,6,8,368
UniRef100_A0A077TR18,18,12,10,368
UniRef100_A0A0C9S955,2,14,9,368
UniRef100_A0A287PVI0,4,12,9,368
UniRef100_A0A0W8C0N4,4,17,8,368
UniRef100_A0A3S3NZZ2,4,7,7,368
UniRef100_UPI000B3F4C90,13,3,8,368
UniRef100_UPI0011B5B516,8,7,8,368
UniRef100_A0A1B4XCU6,3,17,7,368
UniRef100_A0A1T2L8Y0,4,16,7,368
UniRef100_A0A2D6ML87,18,13,10,368
UniRef100_UPI000BBAD29F,12,6,8,368
UniRef100_A0A1V2LHY8,6,5,8,368
UniRef100_A5DM03,6,6,8,368
UniRef100_A0A0V0QTG0,8,7,7,368
UniRef100_A0A4U0W2G6,6,13,7,368
UniRef100_A0A2P6VK05,10,8,8,368
UniRef100_M1XLD6,3,12,13,368
UniRef100_C1MSE7,7,12,11,368
UniRef100_C3ZB60,4,11,10,368
UniRef100_A0A3M1FLD7,8,6,8,368
UniRef100_D7FRW9,18,10,9,368
UniRef100_A0A5E4EZ51,4,12,10,368
UniRef100_UPI00053F9FCE,3,16,8,368
UniRef100_UPI000EAB1294,5,9,8,368
UniRef100_V4TIU6,5,7,10,368
UniRef100_A0A0K8Q6C1,11,5,11,368
UniRef100_UPI0009F54B4F,6,7,8,368
UniRef100_A0A5C6FMZ5,4,18,8,368
UniRef100_A0A3N4HCK3,10,6,8,368
UniRef100_A0A2V9KPX6,14,7,8,368
UniRef100_K3WW11,2,15,8,368
UniRef100_UPI00098DAF80,4,11,7,368
UniRef100_UPI000E1DFAF0,3,17,9,368
UniRef100_A0A369JG27,4,15,7,368
UniRef100_B3M5I1,9,4,8,368
UniRef100_D2VJP7,6,16,9,368
UniRef100_A0A165Z1S0,9,8,7,368
UniRef100_UPI00125D9B6A,7,13,8,368
UniRef100_A0A2U3DYD1,6,10,7,368
UniRef100_C5M086,16,6,8,368
UniRef100_A0A0G0UJB8,6,6,7,368
UniRef100_A0A1G0JKX7,4,10,9,368
UniRef100_A0A430JTM0,8,10,10,368
UniRef100_A0A5N5JAF8,5,11,8,368
UniRef100_A0A267EIJ9,6,15,10,368
UniRef100_A0A0J6FJ39,5,9,9,368
UniRef100_U1GQ77,4,7,7,368
UniRef100_A0A427YAA1,4,16,9,368
UniRef100_UPI00078707D9,5,9,11,368
UniRef100_A0A4V2B782,3,14,10,368
UniRef100_A0A2H0P0U2,16,8,8,368
UniRef100_A0A1G2HGT3,5,14,9,368
UniRef100_A0A066VZZ4,7,9,8,368
UniRef100_A0A4S8LLG8,2,17,8,368
UniRef100_A0A1J4XC02,4,15,7,368
UniRef100_A0A090RD53,5,6,9,368
UniRef100_C4YAD9,5,16,9,368
UniRef100_A0A1E5R9X1,2,17,7,368
UniRef100_A0A539DAB9,4,7,7,368
UniRef100_A0A507CRK3,8,7,11,368
UniRef100_A0A2R6IS83,8,7,8,368
UniRef100_A0A2E4J4Y0,18,13,10,368
UniRef100_A0A2J0M2Q9,13,6,8,368
UniRef100_A0A3M9JRJ8,5,8,8,368
UniRef100_M0RF82,7,6,7,368
UniRef100_A0A1R0YPH4,15,4,7,368
UniRef100_F0WY73,5,10,9,368
UniRef100_A0A486XSA0,5,7,7,368
UniRef100_A0A0G1H899,11,7,9,368
UniRef100_A0A179GGJ5,6,13,8,368
UniRef100_A0A1F7Z1D5,3,12,8,368
UniRef100_A0A5C1WPQ0,17,7,8,368
UniRef100_A0A0M0JLU6,4,10,7,368
UniRef100_A0A2D8U8P4,4,15,7,368
UniRef100_A0A0D2JLT1,14,8,9,368
UniRef100_A0A1F4R581,18,11,12,368
UniRef100_A8NF79,8,8,7,368
UniRef100_A0A1I3YS82,5,15,7,368
UniRef100_A0A1S3Y0E5,4,13,9,368
UniRef100_A0A1I3LBJ3,4,12,8,368
UniRef100_G0QUR7,9,4,7,368
UniRef100_A0A0C3T128,17,8,9,368
UniRef100_A0A154PF56,2,12,8,368
UniRef100_A0A3S3MFM2,6,14,9,368
UniRef100_A0A0M0JU23,5,15,13,368
UniRef100_UPI000E6E41BF,4,10,11,368
UniRef100_A0A067TRQ0,4,16,8,368
UniRef100_A0A1X6P744,2,14,6,368
UniRef100_A0A5C9B6K3,3,13,7,368
UniRef100_A0A2E1KWB3,6,11,7,368
UniRef100_A0A1S3X8X6,4,11,9,368
UniRef100_A0A1L9SLB3,6,9,9,368
UniRef100_A0A420Z7D3,3,10,6,368
UniRef100_A0A0B1PEI1,5,15,9,368
UniRef100_A0A1M6CDL7,10,8,10,368
UniRef100_A0A160T558,18,8,8,368
UniRef100_A0A3N5L5I5,8,6,8,368
UniRef100_A0A4R7BTW7,7,13,9,368
UniRef100_A0A1G2RG81,6,11,8,368
UniRef100_A0A1E3QA13,7,7,8,368
UniRef100_UPI0010A50C35,4,10,9,368
UniRef100_A0A1G2C1B2,11,3,8,368
UniRef100_UPI0003BD6400,5,13,8,368
UniRef100_A0A3D6A8F0,13,6,8,368
UniRef100_K1VD50,4,14,7,368
UniRef100_A0A2E6XXK5,6,9,6,368
UniRef100_A0A1A9QD49,18,11,12,368
UniRef100_UPI0003B4EEA2,4,12,8,368
UniRef100_A0A0C6G4E4,12,6,7,368
UniRef100_A0A4Z1GT83,5,14,8,368
UniRef100_A0A088RNV3,8,7,8,368
UniRef100_A0A351HZU4,4,10,9,368
UniRef100_A0A2Z2HNC6,4,11,6,368
UniRef100_A0A1Q3CV71,10,6,10,368
UniRef100_A0A329SGM2,9,4,8,368
UniRef100_G0U784,6,8,9,368
UniRef100_UPI000E6B4DC2,7,9,8,368
UniRef100_UPI000C316E57,4,11,9,368
UniRef100_A0A1A9BDP2,2,12,11,368
UniRef100_A0A372ZVK7,8,8,7,368
UniRef100_K0RVU7,6,15,11,368
UniRef100_A0A2E2I9A5,2,13,7,368
UniRef100_A0A2P6V677,13,6,10,368
UniRef100_W0T7I7,4,13,8,368
UniRef100_UPI0012437B9F,3,9,7,368
UniRef100_W9SPM1,4,7,7,368
UniRef100_A0A1D3LDK6,3,18,10,368
UniRef100_A0A2C6C103,2,14,10,368
UniRef100_A0A2E7VFZ8,13,6,6,368
UniRef100_A0A0G0KLW5,5,12,10,368
UniRef100_A0A3B9YJY8,12,5,7,368
UniRef100_A0A3S8V3F4,4,16,10,368
UniRef100_UPI000C87813C,13,5,7,368
UniRef100_A0A2H0EDN1,14,5,10,368
UniRef100_A0A2E6YHB5,4,13,8,368
UniRef100_A0A0B2VKE4,4,16,11,368
UniRef100_UPI000C04E551,3,11,8,368
UniRef100_A0A286UWT0,11,6,8,368
UniRef100_A0A0L8GMG9,4,9,9,368
UniRef100_A0A139AJ53,4,16,10,368
UniRef100_A0A0C3DDT3,9,8,10,368
UniRef100_E9E2B9,5,10,7,368
UniRef100_A0A1R4AB74,6,9,10,368
UniRef100_V4XW10,6,11,9,368
UniRef100_A0A1A8VTC0,11,8,9,368
UniRef100_UPI000F4FCDEB,4,10,7,368
UniRef100_M2Y8C7,9,4,8,368
UniRef100_A0A2D6EQY7,5,10,8,368
UniRef100_A0A3S1A7J2,6,16,10,368
UniRef100_A0A2I0W4A2,4,10,9,368
UniRef100_A0A1F7XLS5,18,11,11,368
UniRef100_UPI001030932D,8,6,9,368
UniRef100_Q54CT8,3,18,12,368
UniRef100_UPI000FFD6653,5,6,10,368
UniRef100_UPI000B881363,8,7,8,368
UniRef100_A0A061JID2,5,15,12,368
UniRef100_UPI000819FD81,7,13,8,368
UniRef100_A0A169NC99,6,9,10,368
UniRef100_A0A0G1NVA4,6,8,8,368
UniRef100_A0A2R5GFH9,8,6,8,368
UniRef100_A0A2E5C2Q5,3,11,8,368
UniRef100_A0A411HFG2,4,16,7,368
UniRef100_UPI0012B43F32,3,12,7,368
UniRef100_A0A507FIE9,3,15,7,368
UniRef100_A0A4S2DC34,9,6,7,368
UniRef100_A0A1X0P8P5,3,8,10,368
UniRef100_UPI0005122834,3,16,8,368
UniRef100_A0A1G9TI15,9,6,10,368
UniRef100_A0A1F3KH70,16,7,9,368
UniRef100_UPI000348BE5F,10,6,9,368
UniRef100_UPI000479E15E,4,15,9,368
UniRef100_A0A0G4IBP4,3,15,10,368
UniRef100_A0A5C8VGQ2,17,10,9,368
UniRef100_UPI000490D7BC,2,13,14,368
UniRef100_U6GMF4,16,10,9,368
UniRef100_A0A1M2ZBU9,7,13,8,368
UniRef100_A0A5S4YTZ9,2,17,10,368
UniRef100_A0A0N8FT99,4,16,10,368
UniRef100_A0A4U5QZS9,7,10,7,368
UniRef100_F0WC21,4,11,11,368
UniRef100_A0A1A8WKG4,6,14,12,368
UniRef100_A0A445J541,5,5,7,368
UniRef100_A0A1Q5PJH7,11,7,14,368
UniRef100_A0A542XHI6,4,14,8,368
UniRef100_A0A1A9VJY4,15,5,7,368
UniRef100_S8CBY5,9,6,10,368
UniRef100_A0A2V0NRT6,7,7,6,368
UniRef100_A0A2I2UEP0,13,4,9,368
UniRef100_UPI000480279F,2,15,9,368
UniRef100_A0A077R2W5,11,8,7,368
UniRef100_A0A3C0QCU6,3,15,12,368
UniRef100_A0A5C5WHK8,8,9,12,368
UniRef100_UPI000C1D78FC,9,7,9,368
UniRef100_L8X4G0,17,8,11,368
UniRef100_A0A1Y1XZ44,18,11,10,368
UniRef100_UPI0011B462CA,11,7,8,368
UniRef100_A0A0G2AUZ5,6,6,10,368
UniRef100_A0A2E5UIN3,15,6,9,368
UniRef100_A0A200R691,4,11,9,368
UniRef100_A0A0D9VP39,6,8,8,368
UniRef100_F5XNL9,11,7,9,368
UniRef100_A0A0N1I248,6,8,9,368
UniRef100_A0A0C9N3I4,16,9,9,368
UniRef100_UPI0005CE6D47,6,12,7,368
UniRef100_A0A091VYH4,18,11,9,368
UniRef100_A0A063C6E6,18,11,12,368
UniRef100_UPI0010FCA98C,14,7,9,368
UniRef100_UPI0011D2ADC6,6,8,8,368
UniRef100_A0A2A2QUV2,15,8,10,368
UniRef100_A0A508TP14,3,13,8,368
UniRef100_UPI001176F550,9,4,8,368
UniRef100_A0A1E7FYE2,7,8,7,368
UniRef100_A0A4Q8R346,3,17,7,368
UniRef100_A0A448ZNY4,6,11,8,368
UniRef100_A0A3B5AH75,16,5,11,368
UniRef100_UPI00094062DD,7,13,10,368
UniRef100_A0A2T6D696,13,7,11,368
UniRef100_A0A315WYI5,18,8,8,368
UniRef100_A0A1E3Q4T6,15,5,9,368
UniRef100_A0A3A5VF59,6,12,9,368
UniRef100_A0A0K9R960,5,13,9,368
UniRef100_A0A3B8RYU1,17,8,9,368
UniRef100_A0A1F3INA8,3,13,8,368
UniRef100_A0A3Q7GWK3,6,5,9,368
UniRef100_A0A1X4XWU0,13,4,9,368
UniRef100_A0A2E6C3X9,5,16,8,368
UniRef100_UPI000719E556,5,13,10,368
UniRef100_A0A1F6WX13,17,9,9,368
UniRef100_A0A1F7YUS4,12,4,7,368
UniRef100_UPI00111C277F,15,4,9,368
UniRef100_A0A486XLR4,2,16,12,368
UniRef100_A0A2P9BYJ8,5,13,9,368
UniRef100_A0A146IBC6,6,13,10,368
UniRef100_A0A3A0G8Q4,5,15,12,368
UniRef100_A0A421K4I0,5,16,9,368
UniRef100_A0A1V5FQ30,3,13,8,368
UniRef100_UPI000561EF0E,5,15,8,368
UniRef100_W5N528,6,9,8,368
UniRef100_A0A1A6AEY4,6,13,7,368
UniRef100_D7G8S6,7,11,8,368
UniRef100_A0A4V3WQA1,4,11,9,368
UniRef100_G0R2K0,16,8,7,368
UniRef100_A0A2H6GQN3,3,11,8,368
UniRef100_UPI0010F8B9FE,14,7,9,368
UniRef100_A0A317H2X5,2,14,13,368
UniRef100_A0A1Y2AXB2,5,17,7,368
UniRef100_UPI000D54B031,6,15,12,368
UniRef100_A0A2M6XEC4,6,7,8,368
UniRef100_A0A2N3NBP5,4,15,10,368
UniRef100_A0A2J8WB08,5,12,8,368
UniRef100_A0A1D2VEB3,4,14,10,368
UniRef100_A0A355H7L3,3,11,7,368
UniRef100_A0A1F6B2G6,4,18,9,368
UniRef100_UPI000F52B3FB,8,10,9,368
UniRef100_A0A2E1I8N8,6,12,8,368
UniRef100_UPI00084E8594,3,12,9,368
UniRef100_A0A556QJY1,7,11,9,368
UniRef100_UPI00087891B6,5,12,9,368
UniRef100_A0A1V6J866,15,7,8,368
UniRef100_A0A1M8ABS5,15,7,9,368
UniRef100_A0A316V226,5,15,8,368
UniRef100_A0A2D5SIR6,2,15,9,368
UniRef100_A0A1M7UPL0,3,15,9,368
UniRef100_A0A1D6JHN2,5,9,8,368
UniRef100_A0A533J3T7,3,15,7,368
UniRef100_A0A1V5KUW1,4,15,7,368
UniRef100_UPI0005844C30,9,5,8,368
UniRef100_A0A1W9VUD5,2,12,8,368
UniRef100_A0A0G1N5Q3,3,13,10,368
UniRef100_A0A535D1V7,17,10,12,368
UniRef100_A0A445EED7,3,12,6,368
UniRef100_A0A0F2TGT9,2,10,9,368
UniRef100_S9UF04,10,3,8,368
UniRef100_W7HXP9,11,4,9,368
UniRef100_F0VFT3,4,14,10,368
UniRef100_A0A0G0TWR2,10,8,9,368
UniRef100_A0A2N1J7N5,3,7,7,368
UniRef100_F0Y9G9,3,8,7,368
UniRef100_A0A2S6T5T5,16,7,8,368
UniRef100_A0A349PI72,6,13,9,368
UniRef100_A0A1J4JY21,3,8,9,368
UniRef100_A0A2E4TT82,11,8,8,368
UniRef100_A0A1G1JYD8,8,7,8,368
UniRef100_A0A0G1DBH9,12,6,8,368
UniRef100_A0A183A8S4,2,15,8,368
UniRef100_UPI0012EA449D,8,7,8,368
UniRef100_A0A0B4J2L9,8,9,8,368
UniRef100_UPI00111C3248,3,15,11,368
UniRef100_UPI0003941B6D,4,8,7,368
UniRef100_UPI000CFA1002,11,4,8,368
UniRef100_A0A1Z8MMD5,7,13,10,368
UniRef100_A0A382IXD1,16,7,8,368
UniRef100_V4BU95,4,16,7,368
UniRef100_A0A1A8YMX0,11,7,10,368
UniRef100_A0A0F3MHM1,18,12,9,368
UniRef100_A0A1A8MEF0,3,10,9,368
UniRef100_A0A1G2HG68,6,8,8,368
UniRef100_UPI000B772A5B,7,9,7,368
UniRef100_A0A1F4VRU9,6,11,7,368
UniRef100_Q091V1,14,5,8,368
UniRef100_A0A2K1IAX1,2,12,8,368
UniRef100_J9IAV2,3,10,12,368
UniRef100_A0A554LF96,13,4,8,368
UniRef100_UPI0011CF5996,3,16,8,368
UniRef100_E9FWU3,5,5,11,368
UniRef100_A0A523FSJ0,3,17,12,368
UniRef100_UPI000D721E88,3,18,8,368
UniRef100_A0A167DS02,10,7,9,368
UniRef100_A0A0G1RZ45,5,8,8,368
UniRef100_A0A1Z9GCJ5,8,7,7,368
UniRef100_A0A2N5JX44,6,12,9,368
UniRef100_A0A1E5QKV0,5,14,8,368
UniRef100_A0A3M1FD07,4,10,9,368
UniRef100_UPI0006A72F46,13,5,7,368
UniRef100_A0A2R5LG07,6,8,12,368
UniRef100_A0A3M1FGC2,14,7,9,368
UniRef100_A0A1V1T5J2,15,7,9,368
UniRef100_A0A523U225,9,8,8,368
UniRef100_A0A4D6YIA7,11,4,9,368
UniRef100_A0A383V1X8,6,13,9,368
UniRef100_J9GD47,5,14,9,368
UniRef100_A0A523RB56,3,11,14,368
UniRef100_Q38CF7,5,8,8,368
UniRef100_A0A5E4JNH9,4,14,11,368
UniRef100_UPI0009B5A327,6,10,9,368
UniRef100_A0A3S0GZ04,3,15,8,368
UniRef100_A0A352LNB9,5,5,9,368
UniRef100_D4G899,12,5,9,368
UniRef100_A0A0G1YH56,14,8,12,368
UniRef100_UPI0007E69D6C,13,4,8,368
UniRef100_A0A1G1ZYT6,3,13,6,368
UniRef100_UPI00038BD16B,7,7,7,368
UniRef100_A0A1H0FWH2,6,12,11,368
UniRef100_A0A1F7VCU2,2,17,9,368
UniRef100_A0A3Q3R4X6,8,5,7,368
UniRef100_UPI0005F7B133,11,6,7,368
UniRef100_A0A4S8K9L9,5,12,8,368
UniRef100_A0A3R7RV62,4,11,8,368
UniRef100_A0A1F7UGV0,10,3,8,368
UniRef100_I0IMV8,14,6,8,368
UniRef100_A0A3P3Z6H3,5,5,7,368
UniRef100_A0BFV4,6,10,8,368
UniRef100_A0A485LRV1,4,7,9,368
UniRef100_A0A0S8L5L4,7,12,7,368
UniRef100_A0A0G4B6Z5,17,8,8,368
UniRef100_A0A424IPM4,3,14,9,368
UniRef100_A0A1V5E9C2,4,10,7,368
UniRef100_A0A4P9YQC9,4,14,10,368
UniRef100_A0A350QVM3,14,8,9,368
UniRef100_UPI000BAEAB23,3,16,10,368
UniRef100_A0A2P4Y098,10,6,7,368
UniRef100_A0A0K9Q668,16,5,7,368
UniRef100_A0A0A6MYM4,5,10,7,368
UniRef100_A0A1F4SRX5,9,5,9,368
UniRef100_K1XQ99,9,8,7,368
UniRef100_A0A2D9A3T1,10,5,6,368
UniRef100_UPI0011868243,2,14,7,368
UniRef100_A0A421FKH6,4,14,8,368
UniRef100_L0AEB6,3,15,6,368
UniRef100_A0A1J0VME0,16,7,11,368
UniRef100_A0A2I0LR51,3,15,11,368
UniRef100_UPI0011CED82D,3,16,7,368
UniRef100_UPI000CE1F856,8,7,8,368
UniRef100_A0A2V8DYC0,5,16,9,368
UniRef100_UPI00071205BC,17,10,12,368
UniRef100_A0A1D1YNG5,7,12,9,368
UniRef100_A0A2E7VZC0,15,8,12,368
UniRef100_A0A067C619,6,6,7,368
UniRef100_U6H324,5,14,8,368
UniRef100_A0A0G1PCQ2,16,7,8,368
UniRef100_A0A4D6YGE7,3,14,10,368
UniRef100_A0A0D2WXX9,4,9,6,368
UniRef100_A0A0L0VHW2,9,11,7,368
UniRef100_A0A3D9LD83,16,7,10,368
UniRef100_U4LBN9,5,5,7,368
UniRef100_A0A1E4ZZH5,3,13,11,368
UniRef100_A0A0C2WXU2,7,13,7,368
UniRef100_UPI000DDAB2DF,8,7,9,368
UniRef100_A0A409XB70,6,14,9,368
UniRef100_Q22X14,15,7,9,368
UniRef100_B4PLF7,16,5,9,368
UniRef100_A0A537VFG9,5,7,7,368
UniRef100_UPI000A3A9DDD,8,5,8,368
UniRef100_A0A195BCM1,5,15,10,368
UniRef100_A0A2G5CCC8,6,9,10,368
UniRef100_U6M6W3,5,14,12,368
UniRef100_A0A1F6SAY6,17,9,10,368
UniRef100_A0A352N8W8,4,15,9,368
UniRef100_A0A1Y3NZC2,4,14,9,368
UniRef100_UPI00085A7CC0,7,4,8,368
UniRef100_A0A4V6ABR1,5,10,8,368
UniRef100_A0A1W2W166,3,11,7,368
UniRef100_A0A5A7TV29,3,16,9,368
UniRef100_A0A451CXL5,12,6,9,368
UniRef100_A0A078AKY9,16,7,10,368
UniRef100_A0A3P8TMZ8,6,6,7,368
UniRef100_C5YLV3,10,6,9,368
UniRef100_A0A2P5FQU9,15,5,10,368
UniRef100_A0A0G1QCA0,7,12,8,368
UniRef100_A0A2I3MCV6,13,3,8,368
UniRef100_A0A2E2TUW5,13,6,9,368
UniRef100_A0A1G5Q8E4,7,10,9,368
UniRef100_UPI0011865E0E,6,13,11,368
UniRef100_A0A1F0GDG4,6,11,10,368
UniRef100_A0A3B0ZPY8,13,6,11,368
UniRef100_UPI00062B5BC0,3,17,12,368
UniRef100_UPI0011AF48F4,6,5,10,368
UniRef100_A0A127F910,9,10,11,368
UniRef100_A0A426XRQ0,12,4,10,368
UniRef100_A0A3R9XWX6,7,8,8,368
UniRef100_A0A345ZAY1,9,6,9,368
UniRef100_A0A4P6K255,8,7,7,368
UniRef100_A0A2A5B617,9,9,9,368
UniRef100_T1J988,2,17,9,368
UniRef100_A0A2R4WZE1,8,5,9,368
UniRef100_A0A2C6JJF6,6,8,9,368
UniRef100_A0A0M0BL36,5,5,8,368
UniRef100_A0A0N0VF00,6,13,6,368
UniRef100_A0A183R8F9,6,13,7,368
UniRef100_A0A1S3TDR9,5,9,8,368
UniRef100_A0A2R6JLS0,8,6,8,368
UniRef100_A0A1E7FBK1,4,7,9,368
UniRef100_A0A3D5BD83,5,7,9,368
UniRef100_A0A0H5C2K4,17,9,12,368
UniRef100_A0A1S8W839,5,8,9,368
UniRef100_A0A0F7PG35,5,17,8,368
UniRef100_C5MFW4,8,9,8,368
UniRef100_A0A2G5CQX0,5,8,9,368
UniRef100_A0A202E8P9,7,9,8,368
UniRef100_UPI00083F9FFD,4,16,10,368
UniRef100_E0W3Z2,9,5,7,368
UniRef100_A0A2I0M3J4,3,11,8,368
UniRef100_A0A1C7NCM9,6,11,9,368
UniRef100_A0A4U6U356,17,9,7,368
UniRef100_UPI00129371C4,2,15,9,368
UniRef100_A0A1I8JQB1,10,6,9,368
UniRef100_A0A0R3MZ68,4,17,10,368
UniRef100_UPI00124D1073,16,8,12,368
UniRef100_A0A091IVB9,10,5,7,368
UniRef100_UPI001237E1CA,2,17,6,368
UniRef100_J4GTJ7,4,17,8,368
UniRef100_A0A2E9VXU1,2,12,12,368
UniRef100_A0A1V5YNH2,5,12,10,368
UniRef100_A0A318TA69,5,13,8,368
UniRef100_B8IT32,4,13,9,368
UniRef100_A0A1V6DPJ5,3,10,6,368
UniRef100_UPI001175FEE4,12,5,7,368
UniRef100_T0QEM4,5,15,8,368
UniRef100_A0A2M7U1Y9,5,14,7,368
UniRef100_A0A2K1IXP8,4,9,7,368
UniRef100_E0N5Q5,18,11,13,368
UniRef100_A0A2P8AI10,6,11,9,368
UniRef100_A0A0P6YD48,18,11,9,368
UniRef100_A0A4Y7QBK6,11,8,8,368
UniRef100_A0A0G2DRY7,4,11,9,368
UniRef100_UPI000C2006FC,5,7,8,368
UniRef100_A0A352KNV1,2,9,10,368
UniRef100_A0A2A2QGU9,6,10,7,368
UniRef100_B8GMX3,8,12,8,368
UniRef100_UPI000FE42544,5,7,7,368
UniRef100_A0A4V2NI62,4,9,7,368
UniRef100_A0A2D8KX92,18,11,9,368
UniRef100_U4LA54,5,12,7,368
UniRef100_UPI0009A9BAD1,10,6,8,368
UniRef100_A0A0A9YVW0,7,9,9,368
UniRef100_U3JFI3,2,12,8,368
UniRef100_D5E4X8,16,5,8,368
UniRef100_G4ZXC3,7,3,7,368
UniRef100_A0A0C9Y2K3,4,16,9,368
UniRef100_A0A5B8Y9C5,6,12,9,368
UniRef100_A0A2D9Y5H3,13,6,8,368
UniRef100_UPI0010A43BE1,4,6,8,368
UniRef100_UPI0010F66719,2,17,8,368
UniRef100_V5TI82,5,7,7,368
UniRef100_A0A4Y3WBS7,3,8,6,368
UniRef100_A0A2X0NJQ2,2,14,8,368
UniRef100_A0A4Y7KT80,8,5,8,368
UniRef100_A0A0R2L8L8,3,8,10,368
UniRef100_A0A1F5TEQ6,18,13,18,368
UniRef100_A0A2I8VLA5,8,5,9,368
UniRef100_A0A1M5FS51,8,7,8,368
UniRef100_A0A2E7FPB1,9,10,9,368
UniRef100_A0A1J1GSX2,2,14,7,368
UniRef100_UPI000B37B4BB,10,3,8,368
UniRef100_A0A2M7EBW7,6,13,10,368
UniRef100_I7LWA5,8,7,9,368
UniRef100_A0A2G5D6A0,7,4,9,368
UniRef100_A0A1X2IGW9,13,5,11,368
UniRef100_A0A1V9Z9C2,18,8,9,368
UniRef100_A0A3M7QQ56,3,16,10,368
UniRef100_UPI000C1D184C,7,12,9,368
UniRef100_K0KLJ9,11,5,7,368
UniRef100_UPI000365C319,6,10,7,368
UniRef100_A0A328PPF7,13,6,9,368
UniRef100_A0A3A0CGY2,7,9,8,368
UniRef100_A0A540MCS3,3,17,8,368
UniRef100_A0A1I8HRQ9,17,7,8,368
UniRef100_UPI000DF7FBFE,7,5,7,368
UniRef100_A0A0F9YE97,3,11,8,368
UniRef100_UPI0005ACD354,9,4,7,368
UniRef100_A0A2G6M1E8,5,15,8,368
UniRef100_A0A1R3HGF3,10,7,8,368
UniRef100_UPI000A1C68F7,5,4,7,368
UniRef100_A0A3A0FI95,3,12,7,368
UniRef100_A0A1G1FCX1,3,11,7,368
UniRef100_A0A2W6AC61,17,10,12,368
UniRef100_A0A0K9NIA7,15,6,7,368
UniRef100_UPI00068615AF,4,15,8,368
UniRef100_A0A0C2AJI0,2,15,8,368
UniRef100_UPI000A28021B,9,3,8,368
UniRef100_A0A0W8G521,5,5,9,368
UniRef100_G0V9F3,6,7,7,368
UniRef100_UPI000DD9C03B,4,16,7,368
UniRef100_A0A0S2C8P1,5,15,8,368
UniRef100_UPI0010420E93,3,11,7,368
UniRef100_A0A3A5VB53,4,11,7,368
UniRef100_A0A2P6RID9,9,8,8,368
UniRef100_UPI000773E119,16,9,12,368
UniRef100_A0A0L0T8C2,14,7,10,368
UniRef100_A0A363TP33,8,8,12,368
UniRef100_A0A2U4A491,3,16,9,368
UniRef100_A0A2E4BI12,13,6,10,368
UniRef100_U1NE08,11,7,9,368
UniRef100_A0A139TME7,7,12,9,368
UniRef100_A0A3F2RFR1,18,11,8,368
UniRef100_UPI000440F68B,14,6,8,368
UniRef100_UPI000A373C1A,15,6,7,368
UniRef100_A0A2D4CGI7,17,7,9,368
UniRef100_A0A2J6WHR8,4,6,8,368
UniRef100_A0A2I4FQ57,13,6,10,368
UniRef100_L9VEN9,9,8,9,368
UniRef100_V5FS85,7,13,9,368
UniRef100_A0A1M6F5V3,5,5,8,368
UniRef100_A0A1R2BF25,3,17,6,368
UniRef100_A0A4R0R9W3,3,15,7,368
UniRef100_UPI00044086C8,9,5,8,368
UniRef100_A0A2R6EMP2,4,13,7,368
UniRef100_A0A554LS33,3,14,9,368
UniRef100_UPI000C9D34A5,5,9,7,368
UniRef100_A0A0F7STK4,15,7,9,368
UniRef100_A0A0B1P0M5,5,11,8,368
UniRef100_UPI0011760DD7,4,16,9,368
UniRef100_A0A351SJE9,3,13,10,368
UniRef100_A0A3R7JRV6,4,10,8,368
UniRef100_T1EG17,7,4,11,368
UniRef100_A0A0X9VIY4,5,7,11,368
UniRef100_A0A1W4V545,16,6,8,368
UniRef100_A0A1F5Z5B5,15,7,7,368
UniRef100_A0A507C5Z2,9,4,8,368
UniRef100_D2VXT3,7,12,8,368
UniRef100_A0A5C3LAB6,18,11,7,368
UniRef100_A0A2R6MVE4,3,13,7,368
UniRef100_A0A2I0RMN7,8,5,8,368
UniRef100_A0A2T4VY50,8,10,9,368
UniRef100_A0A136KF93,6,11,9,368
UniRef100_A0A1F6V633,17,8,10,368
UniRef100_A0A2E3YBV1,5,5,10,368
UniRef100_A0A1V9Z3W0,5,9,7,368
UniRef100_A0A0G1UH33,5,9,8,368
UniRef100_A0A537RV30,7,12,7,368
UniRef100_UPI000EF82B92,4,10,7,368
UniRef100_A0A2E9IKZ0,4,18,7,368
UniRef100_A0A2H0T890,4,13,7,368
UniRef100_A0A3A4UEB5,3,12,9,368
UniRef100_A0A1G2D0P0,6,12,9,368
UniRef100_A0A4Y7IYF4,14,6,8,368
UniRef100_A0A2E5P666,6,11,6,368
UniRef100_A0A0G0TQD2,6,6,9,368
UniRef100_UPI00058143FD,6,6,7,368
UniRef100_A0A0H5E511,7,9,8,368
UniRef100_A0A2G9Z2C2,8,11,7,368
UniRef100_A0A520KRG7,17,8,12,368
UniRef100_J9HS88,2,15,7,368
UniRef100_A0A2E2NUL6,14,5,10,368
UniRef100_A0A139XYV8,5,13,8,368
UniRef100_UPI00117EDF44,2,15,8,368
UniRef100_A0A0L1KX63,5,15,13,368
UniRef100_A0A0K9NS24,3,9,8,368
UniRef100_A0A2T1FWU6,9,8,8,368
UniRef100_A0A422PH41,11,5,8,368
UniRef100_A0A0E0DJX7,4,7,7,368
UniRef100_A0A0G1JBM6,9,4,10,368
UniRef100_A0A3B1DLC9,12,7,9,368
UniRef100_UPI000D180511,6,5,9,368
UniRef100_UPI00040CBE55,12,5,9,368
UniRef100_A0A3D1UWF4,7,9,9,368
UniRef100_A0A284QVF6,10,9,8,368
UniRef100_A0A1G3ZML0,10,6,8,368
UniRef100_A0A2V4D5W7,7,9,8,368
UniRef100_K0S9C9,5,11,9,368
UniRef100_A0A199UK51,8,5,8,368
UniRef100_UPI001038413E,4,12,8,368
UniRef100_A0A1J7J980,7,10,8,368
UniRef100_A0A485L4N0,4,6,7,368
UniRef100_A0A443PQ58,5,8,7,368
UniRef100_A0A088MXJ3,3,11,9,368
UniRef100_A0A2D9WCQ9,5,15,8,368
UniRef100_UPI000679115E,16,7,12,368
UniRef100_A0A2Z6ML77,7,7,8,368
UniRef100_A0A200QHG9,11,7,7,368
UniRef100_A0A0P1AGR2,7,11,7,368
UniRef100_A0A1I7X7G7,5,10,8,368
UniRef100_A0A5E4BJZ4,4,14,10,368
UniRef100_R7T860,3,8,10,368
UniRef100_A0A3N2PXU0,5,8,8,368
UniRef100_A0A364MZM5,17,7,9,368
UniRef100_A0A101FM22,6,11,8,368
UniRef100_A0A0A1P9K4,5,15,8,368
UniRef100_A0A139IRP8,18,10,8,368
UniRef100_A0A3D3RTQ2,10,6,8,368
UniRef100_A0A0N1I6F5,6,8,10,368
UniRef100_A0A446V4X1,4,12,7,368
UniRef100_UPI000B4F633D,5,9,8,368
UniRef100_A0A1G2D8F4,9,5,8,368
UniRef100_A0A2M8G188,15,8,10,368
UniRef100_UPI0009018BFD,5,15,8,368
UniRef100_D0WPA9,11,7,10,368
UniRef100_A0A1Q9CI64,15,6,9,368
UniRef100_G5ACX8,4,9,8,368
UniRef100_A0A3A5VEE4,7,11,7,368
UniRef100_R7QCX7,18,12,10,368
UniRef100_K7XLG0,18,9,10,368
UniRef100_A0A4Q7ZTX7,12,8,9,368
UniRef100_A0A0D2MKI0,7,11,9,368
UniRef100_A0A226DGW9,10,5,9,368
UniRef100_A0A2H9Q0G3,4,16,9,368
UniRef100_A0A0C3DS96,5,12,9,368
UniRef100_A0A5B8MP39,4,13,7,368
UniRef100_A0A1J5RYW2,5,13,8,368
UniRef100_A0A0D8HN75,13,4,7,368
UniRef100_A0A2P8KFE8,4,14,9,368
UniRef100_A0A024GQ34,4,16,7,368
UniRef100_A0A3R7KVX5,6,7,8,368
UniRef100_A0A4W4HR37,4,15,9,368
UniRef100_UPI000947E707,6,6,9,368
UniRef100_A0A1Z5KQ99,15,6,7,368
UniRef100_UPI0010A3EB04,7,11,9,368
UniRef100_A0A485LQR0,5,8,7,368
UniRef100_A0A0D2BV35,2,12,6,368
UniRef100_R7QL50,5,15,9,368
UniRef100_A0A2V2WJ49,5,8,8,368
UniRef100_A0A0S8BJF0,9,8,8,368
UniRef100_Q38BZ1,2,12,13,368
UniRef100_A0A1F6EMX0,16,5,10,368
UniRef100_Q74ZT3,17,10,9,368
UniRef100_UPI0011C0EA97,3,15,7,368
UniRef100_U5W139,16,9,10,368
UniRef100_A0A553G948,3,11,8,368
UniRef100_A0A314ZMP2,6,12,8,368
UniRef100_A0A507DTM0,7,8,9,368
UniRef100_A0A1Q6T222,7,9,9,368
UniRef100_S9VHL8,10,7,8,368
UniRef100_A0A4E0S1V0,3,15,7,368
UniRef100_A0A1F3J1N0,8,8,7,368
UniRef100_A0A2N2YJT4,4,15,7,368
UniRef100_A0A1T2LDI3,2,14,12,368
UniRef100_A0A2R6PT41,17,7,9,368
UniRef100_V3Z5F9,6,12,9,368
UniRef100_A0A5E8BFQ0,10,8,8,368
UniRef100_A0A4U5JBS4,8,11,9,368
UniRef100_UPI001175CA9A,6,6,7,368
UniRef100_A0A507F812,11,7,9,368
UniRef100_A0A292IHV9,3,9,9,368
UniRef100_C0DTK6,2,13,11,368
UniRef100_A0A087X349,3,11,8,368
UniRef100_W6TTR8,4,15,9,368
UniRef100_A0A285VJC4,17,10,13,368
UniRef100_A0A317JGI8,7,10,10,368
UniRef100_G1PIL4,4,15,9,368
UniRef100_A0A1G2EZC8,4,12,8,368
UniRef100_V4XTA0,7,12,8,368
UniRef100_W5KTH9,7,3,8,368
UniRef100_A0A388JXV1,4,14,8,368
UniRef100_A0A0S7ZF65,10,10,10,368
UniRef100_UPI00101D9CFE,15,6,7,368
UniRef100_R6SLI6,6,8,8,368
UniRef100_UPI000A387E67,7,4,10,368
UniRef100_A0A1B1DVB0,5,15,10,368
UniRef100_A0A0D1WN36,5,13,8,368
UniRef100_A0A2A2XX71,5,15,9,368
UniRef100_A0A0F7S401,4,17,9,368
UniRef100_A0A1F6R1D2,4,14,7,368
UniRef100_UPI00063F9C60,4,10,7,368
UniRef100_A0A5C5G566,17,7,8,368
UniRef100_A0A3B0WHK1,15,6,10,368
UniRef100_A0A2E4BFB9,15,6,9,368
UniRef100_A0A0G1U475,12,7,10,368
UniRef100_A0A2A2W4K6,4,15,7,368
UniRef100_A0A1H3UGS8,7,10,11,368
UniRef100_A0A5C2HQC8,4,11,8,368
UniRef100_A0A0G1UGR1,5,12,9,368
UniRef100_A0A200QGC4,7,9,8,368
UniRef100_A0A024FV76,4,17,11,368
UniRef100_A0A1F3KMT6,14,5,8,368
UniRef100_A0A3B9T8U7,17,10,8,368
UniRef100_A0A151Z5W5,14,6,10,368
UniRef100_A0A485L7I3,18,9,11,368
UniRef100_A0A3A6Q183,4,11,7,368
UniRef100_A0A2E6BRV7,4,7,10,368
UniRef100_A0A0S4JF47,3,15,8,368
UniRef100_A0A1F7X590,5,14,8,368
UniRef100_A0A1F9URH6,8,9,8,368
UniRef100_A0A4P5Y9B0,5,14,9,368
UniRef100_A0A1H0YM12,3,10,7,368
UniRef100_UPI000F551118,8,6,10,368
UniRef100_A0A2T2Z3C9,4,16,8,368
UniRef100_A0A535M149,13,6,9,368
UniRef100_UPI000521214C,2,11,6,368
UniRef100_UPI0004F0C77B,6,11,8,368
UniRef100_A0A2N2GGE4,11,4,7,368
UniRef100_A0A200R4A0,6,5,9,368
UniRef100_A0A424KJ85,17,10,7,368
UniRef100_A0A2S6SWE1,3,10,10,368
UniRef100_A0A0G4I825,15,8,9,368
UniRef100_UPI000789528D,5,7,12,368
UniRef100_UPI0003C4A861,14,6,9,368
UniRef100_UPI0011410600,2,15,7,368
UniRef100_A0A3M1GPL2,12,7,8,368
UniRef100_S4RCG7,10,8,8,368
UniRef100_A0A238F2X4,8,10,10,368
UniRef100_A0A1H1LZ14,4,14,9,368
UniRef100_A0A160PEC6,4,16,9,368
UniRef100_A0A524EWW0,16,5,7,368
UniRef100_J4IC45,10,7,8,368
UniRef100_N1QG63,5,11,9,368
UniRef100_A0A167LLX7,10,9,8,368
UniRef100_A0A0G1QS03,4,10,10,368
UniRef100_A0A1D1UYZ3,2,15,6,368
UniRef100_I1MI09,17,8,10,368
UniRef100_A0A355STC7,11,8,7,368
UniRef100_A9TEJ3,3,10,7,368
UniRef100_A0A2D6L9B3,2,14,7,368
UniRef100_A0A1V9Y9V6,6,8,9,368
UniRef100_A0A2R6HCA5,3,17,7,368
UniRef100_A0A1R2C2C0,6,13,10,368
UniRef100_A0A512JB74,2,17,7,368
UniRef100_A0A1W9PDP2,7,13,7,368
UniRef100_A0A1W9S9X1,5,14,9,368
UniRef100_A0A354P7N4,5,14,7,368
UniRef100_C6LNT0,6,12,8,368
UniRef100_A0A421FNH9,18,13,8,368
UniRef100_G7QBW7,7,6,9,368
UniRef100_UPI0012AD6AD2,16,7,8,368
UniRef100_UPI0002C3766A,5,12,7,368
UniRef100_A0A0D9X3N6,9,6,7,368
UniRef100_A0A1Z8YGL1,6,15,8,368
UniRef100_A0A420HG49,6,11,8,368
UniRef100_UPI0004238149,14,7,8,368
UniRef100_J9FAE9,15,6,8,368
UniRef100_A0A078J3S0,7,10,10,368
UniRef100_A0A2V0P2A1,5,7,12,368
UniRef100_A0A2H0WLN6,8,10,7,368
UniRef100_A0A2R6REF4,5,16,8,368
UniRef100_A0A1G1ZVC2,16,8,9,368
UniRef100_A0A4S9U5G6,6,7,9,368
UniRef100_A0A2E7JI36,4,18,8,368
UniRef100_UPI000947F270,6,6,8,368
UniRef100_A0A146K986,3,10,7,368
UniRef100_A0A1G1LJ28,10,4,9,368
UniRef100_A0A2U8BT18,3,14,9,368
UniRef100_A0A1F8DR53,13,5,8,368
UniRef100_A0A2M8EKG9,14,8,10,368
UniRef100_A0A0G1T8X8,16,7,11,368
UniRef100_UPI0007381CD0,16,9,8,368
UniRef100_A0A1I4JIS7,14,8,9,368
UniRef100_UPI000FBDAB0C,11,3,8,368
UniRef100_A0A1F5VE89,14,3,11,368
UniRef100_A0A1J1IRM3,2,11,8,368
UniRef100_A0A2E5QGH0,11,4,9,368
UniRef100_A0A3B0WLN0,8,10,10,368
UniRef100_UPI000A2834BA,4,13,8,368
UniRef100_UPI000A0ED84F,2,14,14,368
UniRef100_A0A0G1KV98,18,14,14,368
UniRef100_A0A498L0G5,9,8,7,368
UniRef100_A0A1Y2F391,5,15,8,368
UniRef100_UPI00107FCB8B,16,7,9,368
UniRef100_A0A1V5NGI8,7,13,8,368
UniRef100_K6UCP9,5,15,8,368
UniRef100_A0A554LCQ3,3,10,7,368
UniRef100_A0A3M7MS53,12,6,8,368
UniRef100_A0A2D6NAP0,5,12,6,368
UniRef100_A0A1V8SDH2,8,10,7,368
UniRef100_A0A5K1VTI1,5,11,9,368
UniRef100_UPI00031E8E0B,11,7,10,368
UniRef100_A0A4Q0A1R9,12,6,9,368
UniRef100_UPI0009495EC4,12,7,8,368
UniRef100_A2FQ69,4,10,11,368
UniRef100_UPI0010BD17D6,7,4,8,368
UniRef100_A0A1F8H1L4,13,7,12,368
UniRef100_UPI0009E40463,3,18,10,368
UniRef100_A0A378PCX6,18,12,8,368
UniRef100_A0A523TB04,11,4,7,368
UniRef100_A0A2G3CD06,9,10,8,368
UniRef100_UPI000FD6232C,8,12,7,368
UniRef100_UPI001015E689,11,4,8,368
UniRef100_A0A061S7E4,16,6,7,368
UniRef100_A0A318K6A5,4,17,12,368
UniRef100_V3ZUF6,6,7,8,368
UniRef100_A0A1Y4DLQ2,6,15,10,368
UniRef100_A5DY75,6,8,8,368
UniRef100_A0A1F5C6E0,11,5,8,368
UniRef100_A0A0P1BM26,5,12,7,368
UniRef100_UPI00031BCBEC,4,13,12,368
UniRef100_A0A1U8C4T9,6,8,8,368
UniRef100_A0A1G4MK75,3,8,6,368
UniRef100_A0A1Q3SQ25,16,7,9,368
UniRef100_A0A1G3A4H3,8,10,8,368
UniRef100_A0A167E5E4,5,16,7,368
UniRef100_A0A5J9U060,16,7,8,368
UniRef100_A0A0J0XXH5,17,10,8,368
UniRef100_U6L4K3,16,7,9,368
UniRef100_A0A1F6WBU2,13,6,9,368
UniRef100_UPI000733CB18,11,4,8,368
UniRef100_A5CXT4,2,12,8,368
UniRef100_W5MIQ9,5,5,7,368
UniRef100_A0A167G7A6,13,6,8,368
UniRef100_A0A061D5K1,2,17,6,368
UniRef100_M5U296,11,5,8,368
UniRef100_A0A4Q2EHQ3,11,7,9,368
UniRef100_A0A444YN17,3,8,8,368
UniRef100_A0A0P7V0T5,5,5,9,368
UniRef100_Q32M07,4,12,9,368
UniRef100_A0A0D2AXX0,4,18,7,368
UniRef100_A0A2G4GHN4,6,14,10,368
UniRef100_A0A177B8H1,3,15,9,368
UniRef100_A0A1W1C1F5,3,15,10,368
UniRef100_A0A2H9NX09,4,10,8,368
UniRef100_A0A358QJC1,16,9,14,368
UniRef100_A0A0R3VV00,4,14,8,368
UniRef100_A0A2E6TEA0,16,9,10,368
UniRef100_A0A1H4ZDY9,16,8,8,368
UniRef100_A0CTB0,17,9,7,368
UniRef100_Q2J9Y6,14,8,9,368
UniRef100_A0A4P9X2C3,12,6,7,368
UniRef100_A0A5N5QK39,4,15,9,368
UniRef100_A0A4V0I7Y6,7,14,11,368
UniRef100_A0A2T3AQX1,7,10,8,368
UniRef100_L0K1I8,5,7,7,368
UniRef100_A0A4S2LJ53,3,17,8,368
UniRef100_A0A2M7BEN4,7,6,8,368
UniRef100_A0A2C9V2Y8,4,17,8,368
UniRef100_A0A0D0DZT8,4,18,10,368
UniRef100_C5DN56,6,4,7,368
UniRef100_A0A0R2QIM6,17,9,12,368
UniRef100_UPI0003B2FD29,10,6,9,368
UniRef100_A0A2Z3H0I2,6,14,8,368
UniRef100_U1PVL5,6,7,8,368
UniRef100_UPI00053F326E,4,14,7,368
UniRef100_A0A3Q7HW69,4,12,8,368
UniRef100_A0A0F4ZFC7,3,12,7,368
UniRef100_A0A1F8F4D0,8,12,8,368
UniRef100_A0A2P6TZU5,7,9,10,368
UniRef100_A0A3D2KVJ7,17,8,10,368
UniRef100_A0A426QIA3,6,12,8,368
UniRef100_Q606F1,2,12,11,368
UniRef100_W9S4M0,4,6,10,368
UniRef100_W9RE14,4,10,12,368
UniRef100_A0A0V0QL79,5,16,8,368
UniRef100_A0A3B0ZKK0,4,12,11,368
UniRef100_UPI0007748944,5,17,8,368
UniRef100_A0A1M3C691,4,12,8,368
UniRef100_A0A1G2PWA2,4,10,6,368
UniRef100_A0A2E8BBR0,11,6,8,368
UniRef100_A0A1G2GVL6,17,10,11,368
UniRef100_UPI0008407ADC,15,7,9,368
UniRef100_A0A2P5CTD1,9,8,8,368
UniRef100_R7QDI8,15,8,7,368
UniRef100_A0A554IWL7,7,13,8,368
UniRef100_A0A2E0ND85,7,9,10,368
UniRef100_UPI00098E1354,6,7,6,368
UniRef100_A0A199UDZ5,4,8,8,368
UniRef100_A0A2N9ARX8,8,8,7,368
UniRef100_C1MPW5,2,14,7,368
UniRef100_A0A4Q2DNH7,7,13,8,368
UniRef100_A0A4S4DB61,6,13,10,368
UniRef100_UPI000B4E881E,5,13,7,368
UniRef100_A0A0D7QHV2,4,17,11,368
UniRef100_A0A1H3SD64,4,6,11,368
UniRef100_A0A366CT33,14,8,8,368
UniRef100_E2AEK4,4,11,9,368
UniRef100_A0A226P117,4,17,9,368
UniRef100_UPI0012957BF4,5,14,7,368
UniRef100_UPI00053C96D3,9,9,8,368
UniRef100_D8R4X7,6,14,10,368
UniRef100_A0A0G1JKV8,5,15,8,368
UniRef100_A0A0D0E4Q7,5,7,7,368
UniRef100_A0A0N0P5M7,3,8,9,368
UniRef100_A0A0M0JYK1,2,17,6,368
UniRef100_UPI000C1CD7AF,9,4,7,368
UniRef100_UPI000520D841,3,8,6,368
UniRef100_K0T615,18,12,9,368
UniRef100_A0A5N5QXG4,7,7,8,368
UniRef100_A0A1V2N8Z8,2,16,9,368
UniRef100_A0A1M5TIA2,4,11,7,368
UniRef100_UPI0005CDF620,18,10,8,368
UniRef100_A0A445II41,2,16,8,368
UniRef100_A0A163K9M4,4,7,7,368
UniRef100_UPI0003C15952,7,10,8,368
UniRef100_UPI0004BE0C42,18,11,12,368
UniRef100_A0A1F8EBW3,7,11,7,368
UniRef100_A0A2N3AG70,16,7,7,368
UniRef100_A0A0G1MWS4,12,4,7,368
UniRef100_UPI0011C35C4A,5,5,7,368
UniRef100_A0A1F9RZT2,7,7,8,368
UniRef100_A0A3N2BE99,5,16,10,368
UniRef100_UPI00056532E7,9,4,8,368
UniRef100_A0A5C3EDQ0,6,13,9,368
UniRef100_A0A1R3GQV6,12,6,7,368
UniRef100_W6LEY6,4,10,7,368
UniRef100_A0A1I6KN31,12,7,9,368
UniRef100_UPI0010FC8EF6,4,16,11,368
UniRef100_A0A3Q7J418,5,12,12,368
UniRef100_A0A1I8J1K1,5,14,7,368
UniRef100_A0A1V4S0E7,5,8,7,368
UniRef100_A0A2E9FGU6,2,16,18,368
UniRef100_A0A2P5CJY9,8,6,9,368
UniRef100_UPI000A3C7131,17,9,12,368
UniRef100_A0A0E3UKA7,5,15,8,368
UniRef100_H0GU54,6,6,8,368
UniRef100_A0A0D9RYA2,4,16,8,368
UniRef100_UPI0009018982,14,6,7,368
UniRef100_H0XB27,4,13,6,368
UniRef100_A0A2A2Q0K8,4,15,8,368
UniRef100_UPI0007A6E007,6,14,8,368
UniRef100_UPI000B45837B,4,11,7,368
UniRef100_A0A0G0RRZ8,9,4,8,368
UniRef100_Q134V0,4,15,10,368
UniRef100_UPI00022CAB6A,12,6,8,368
UniRef100_A0A068UEV8,8,7,9,368
UniRef100_A0A537L183,4,15,10,368
UniRef100_A0A232ERL3,7,7,10,368
UniRef100_A0A1F9UIR9,5,12,6,368
UniRef100_D8UHG2,4,16,11,368
UniRef100_A0A2E4JGG8,6,12,7,368
UniRef100_B8GUU1,5,5,10,368
UniRef100_W4FUS1,12,5,7,368
UniRef100_A0A1F4XGS4,11,4,8,368
UniRef100_A0A520MR29,15,8,11,368
UniRef100_A0A2U1PHR3,11,7,8,368
UniRef100_A0A0G0D7I1,9,10,7,368
UniRef100_A0A0D7EMS7,3,18,12,368
UniRef100_A0A2U8DZL3,5,16,9,368
UniRef100_A0A2R3Q8I7,3,11,9,368
UniRef100_A0A2R6RRG9,3,9,7,368
UniRef100_UPI00100FB2E7,5,8,8,368
UniRef100_A0A445E1P2,3,8,8,368
UniRef100_UPI00083C127A,13,5,11,368
UniRef100_UPI000523F0C3,11,4,12,368
UniRef100_UPI000C876434,5,15,12,368
UniRef100_UPI000771CD93,2,12,7,368
UniRef100_A0A0C4F0H8,7,11,7,368
UniRef100_A0A0M9FY73,3,7,10,368
UniRef100_UPI0006791C5E,7,12,8,368
UniRef100_A0A2E0QX45,5,15,9,368
UniRef100_V4B1L5,6,8,8,368
UniRef100_A0A3D4WQ08,6,11,8,368
UniRef100_B6JEY6,3,15,8,368
UniRef100_A0A2P6MUY0,6,13,8,368
UniRef100_A0A2R6GBM2,3,13,7,368
UniRef100_UPI000875038B,3,14,6,368
UniRef100_A0A179G7G3,4,11,7,368
UniRef100_A0A0G1PAB7,13,6,8,368
UniRef100_UPI001056AC63,15,6,7,368
UniRef100_A0A103YD74,2,16,8,368
UniRef100_UPI0003F0C012,5,13,8,368
UniRef100_G8B8S0,4,11,9,368
UniRef100_A0A3C0M8I2,9,8,10,368
UniRef100_A0A3B1AS16,9,7,7,368
UniRef100_A0A2V9F6Q8,7,6,7,368
UniRef100_A0A196SFK3,10,7,8,368
UniRef100_A0A0M0KV28,3,18,8,368
UniRef100_A0A1F9UAM3,9,8,7,368
UniRef100_A0A3S2WDY0,4,16,10,368
UniRef100_A0A316V6S4,8,10,9,368
UniRef100_UPI0005D06F19,5,5,12,368
UniRef100_Q4D4A3,7,9,9,368
UniRef100_UPI00052263A1,2,16,8,368
UniRef100_A0A0G1IT18,5,14,8,368
UniRef100_M3HJ86,5,9,8,368
UniRef100_UPI000614E6EC,3,12,9,368
UniRef100_A0A2K3NVG8,16,7,8,368
UniRef100_A0A1Q3VYQ1,4,14,11,368
UniRef100_A0A553P194,3,15,10,368
UniRef100_A0A2N2NTC0,4,10,8,368
UniRef100_A0A5C6EIN9,8,7,8,368
UniRef100_A0A5M8Q216,4,18,10,368
UniRef100_A0A1H3TD04,11,6,7,368
UniRef100_A0A438K963,4,9,8,368
UniRef100_UPI000BBD6ACB,3,18,10,368
UniRef100_H6C8U9,3,12,8,368
UniRef100_M8ASX4,11,4,7,368
UniRef100_W0TLM1,16,5,11,368
UniRef100_A0A1V5XUI8,7,14,9,368
UniRef100_A0A453N3I2,5,14,7,368
UniRef100_A0A556VYD6,14,5,10,368
UniRef100_UPI001176AD8B,4,14,8,368
UniRef100_W3RH76,16,9,7,368
UniRef100_UPI0006B48FE4,7,9,7,368
UniRef100_R0IN63,13,5,9,368
UniRef100_UPI000981A67F,4,14,8,368
UniRef100_UPI000B799D93,12,5,8,368
UniRef100_A0A1F6LRD8,11,5,8,368
UniRef100_A0A519CHW7,4,12,8,368
UniRef100_F3LDD9,3,6,8,368
UniRef100_A0A1G1LST2,10,6,7,368
UniRef100_A0A2M7V1H5,11,7,9,368
UniRef100_A0A2N2WLA3,18,14,8,368
UniRef100_A0A1S3WLC4,2,12,7,368
UniRef100_H0BMK7,5,7,7,368
UniRef100_A0A2R7Z5J0,4,16,10,368
UniRef100_A0A348NP04,9,10,7,368
UniRef100_A0A328YHX4,3,11,7,368
UniRef100_A0A3B1AU77,4,9,8,368
UniRef100_UPI0005229D28,5,17,10,368
UniRef100_UPI0010FCAF68,3,14,7,368
UniRef100_UPI000E6F99D1,6,6,8,368
UniRef100_UPI00098A3EFA,4,17,9,368
UniRef100_A0A2H3ZDD8,2,10,8,368
UniRef100_A0A507BYZ5,4,16,9,368
UniRef100_UPI0007E5CD21,10,6,8,368
UniRef100_A0A1F4XII6,12,8,9,368
UniRef100_A0A3B0JT33,10,7,8,368
UniRef100_A0A382EAH4,6,7,9,368
UniRef100_A0A1S2YLA7,3,14,11,368
UniRef100_A0A182GM94,3,13,7,368
UniRef100_A0A507DIA9,3,13,9,368
UniRef100_A0A074Y5H1,18,11,8,368
UniRef100_A0A1U7ULT7,6,10,9,368
UniRef100_A0A1F9WSK0,3,8,7,368
UniRef100_A0A0H4T783,4,9,7,368
UniRef100_G0SHV0,4,14,8,368
UniRef100_A0A4Q3H203,4,12,9,368
UniRef100_A0A0G0N1C2,5,9,7,368
UniRef100_I1JPI1,8,7,9,368
UniRef100_A0A2M8ZJG9,3,17,8,368
UniRef100_C1MPL8,6,11,9,368
UniRef100_A0A0G0W9I3,5,12,10,368
UniRef100_UPI001237F1F1,4,11,8,368
UniRef100_A0A2R6FBS6,13,6,8,368
UniRef100_A0A078APF7,11,5,9,368
UniRef100_A0A2E1K1A3,5,8,7,368
UniRef100_A0A1G6GM59,6,12,7,368
UniRef100_A0A4S2KFF3,3,15,9,368
UniRef100_A0A5C8U424,2,17,10,368
UniRef100_A0A370DFH6,8,5,8,368
UniRef100_A0A1Q1FL56,12,7,9,368
UniRef100_A0A4S3TMQ2,7,10,9,368
UniRef100_A0A554J9I2,14,6,9,368
UniRef100_A0A1F3T8S0,2,14,10,368
UniRef100_A0A2R6L4N1,8,5,8,368
UniRef100_A0A3R7ES11,3,8,7,368
UniRef100_A0A1F4VE80,5,12,8,368
UniRef100_UPI0009E520B1,16,7,7,368
UniRef100_UPI0010A38FAB,4,17,7,368
UniRef100_A0A5C6A2V6,15,8,9,368
UniRef100_A0A1Q7B834,6,14,8,368
UniRef100_UPI0009F4383F,12,8,9,368
UniRef100_A0A4Y2C7V0,2,9,8,368
UniRef100_UPI0007AF1079,5,15,11,368
UniRef100_A0A016UMJ1,3,14,9,368
UniRef100_A0A061J0Z0,2,17,18,368
UniRef100_A0A0S4J1F5,16,5,7,368
UniRef100_A0A2K3DHS5,8,5,7,368
UniRef100_A0A151BLP2,3,11,7,368
UniRef100_A0A1W6ZVA7,6,13,10,368
UniRef100_A0A2G9MQI6,5,10,10,368
UniRef100_A0A357HXI1,6,14,7,368
UniRef100_UPI0004804826,5,7,9,368
UniRef100_A0A1I7YSP8,6,11,10,368
UniRef100_B4NKX1,10,3,9,368
UniRef100_S3CGQ0,8,9,10,368
UniRef100_A0A517YEA0,6,13,8,368
UniRef100_UPI000B913F3F,4,10,7,368
UniRef100_UPI0007F03D33,4,16,8,368
UniRef100_A0A2E4SP23,17,9,9,368
UniRef100_A0A2H1GHK9,2,17,8,368
UniRef100_A0A4Q5L754,2,12,9,368
UniRef100_A0A1G1C3Y3,12,8,9,368
UniRef100_A0A535YTC4,5,14,8,368
UniRef100_R7V032,5,14,7,368
UniRef100_UPI0009811EAA,6,9,8,368
UniRef100_UPI0008A0D452,15,6,9,368
UniRef100_UPI0010A88DF3,4,16,9,368
UniRef100_A0A2P9H3U8,4,15,8,368
UniRef100_UPI000B90F162,7,12,10,368
UniRef100_A0A2D6NWM4,4,11,8,368
UniRef100_A0A350EVM5,17,11,9,368
UniRef100_A0A453N4B4,13,7,8,368
UniRef100_S8CSW1,3,14,7,368
UniRef100_A0A1E4EKB5,4,9,7,368
UniRef100_D8U2P4,3,8,6,368
UniRef100_A0A554IAZ6,3,18,7,368
UniRef100_A0A2J0Q882,17,9,8,368
UniRef100_A0A545V1C0,6,14,7,368
UniRef100_A0A4Q1BJ01,5,10,8,368
UniRef100_A0A5G2RJD9,5,11,7,368
UniRef100_A0A1V6J4V0,4,16,7,368
UniRef100_A0A2H0TNT8,4,16,13,368
UniRef100_Q7VRB6,5,7,8,368
UniRef100_A0A537UJC7,4,14,9,368
UniRef100_M3ARI0,8,8,7,368
UniRef100_A0A1V6ECY0,3,13,9,368
UniRef100_A0A4D8YJS8,13,4,10,368
UniRef100_A0A3A4YX85,5,12,8,368
UniRef100_UPI0012D88D3F,4,18,12,368
UniRef100_A0A2E4E3T3,8,10,11,368
UniRef100_A0A061D2K7,10,8,9,368
UniRef100_A0A165TE57,4,16,8,368
UniRef100_A0A078A2I3,4,10,8,368
UniRef100_A0A388LVB8,4,10,8,368
UniRef100_UPI000E4571F3,15,7,8,368
UniRef100_A0A0G1JU36,7,14,10,368
UniRef100_UPI00115DAF51,16,7,8,368
UniRef100_UPI000F0A532A,4,11,7,368
UniRef100_A0A2E7TBM8,14,4,8,368
UniRef100_UPI0007EFA758,6,8,8,368
UniRef100_A0A2A9MI22,5,15,8,368
UniRef100_A0A4S8JD03,8,9,8,368
UniRef100_A0A0C3G946,5,14,6,368
UniRef100_A0A2D5XF52,16,5,8,368
UniRef100_UPI000719E4B8,5,15,11,368
UniRef100_A0A401Y0R7,8,8,10,368
UniRef100_A0A0S8IVW6,6,13,8,368
UniRef100_UPI000B812363,5,5,10,368
UniRef100_V5B6T5,8,11,9,368
UniRef100_A0A2D6WVM7,4,15,11,368
UniRef100_M1VCT0,8,12,8,368
UniRef100_A0A165J919,3,17,10,368
UniRef100_A0A136J2E4,3,12,7,368
UniRef100_A0A3Q7FPB3,3,17,8,368
UniRef100_A0A0W0E3L1,4,12,9,368
UniRef100_A0A2H3JJT3,8,7,8,368
UniRef100_A0A1F8CLM9,3,15,8,368
UniRef100_A0A0S7BVU4,6,13,7,368
UniRef100_A0A251SKB2,5,9,10,368
UniRef100_A0A137SB07,2,17,12,368
UniRef100_A0A3L8DDC2,10,5,10,368
UniRef100_A0A2R5GSX7,11,6,9,368
UniRef100_A0A497D6M8,17,10,13,368
UniRef100_A0A3D2JYF8,7,10,9,368
UniRef100_A0A1F8AQ94,5,14,8,368
UniRef100_A0A1I8HK53,3,8,7,368
UniRef100_A0A0G0AQR2,5,8,8,368
UniRef100_A0A1V6I7P2,7,11,7,368
UniRef100_A0A068U826,10,6,8,368
UniRef100_A0A1S3PKJ8,4,11,8,368
UniRef100_A0A2N2NLQ5,10,2,7,368
UniRef100_A0A5B9QWU2,3,18,6,368
UniRef100_A0A1G2LDZ6,17,7,9,368
UniRef100_UPI0003F0A053,5,7,8,368
UniRef100_A0A507DUJ9,5,9,8,368
UniRef100_C1EGZ2,3,11,10,368
UniRef100_UPI0011BF0FAC,11,4,6,368
UniRef100_A0A1D6NHS6,6,7,8,368
UniRef100_A0A0G0BAB5,11,8,10,368
UniRef100_UPI0010508A53,10,8,8,368
UniRef100_Q3IMW0,6,11,9,368
UniRef100_A0A109NNB2,3,13,8,368
UniRef100_UPI0004259DAF,5,9,8,368
UniRef100_A0A0H5P4L2,6,13,8,368
UniRef100_A0A383WD42,6,14,7,368
UniRef100_A0A447SYE9,7,13,8,368
UniRef100_A0A225DDD0,8,12,8,368
UniRef100_A0A2T6CVV8,10,9,12,368
UniRef100_A0A523WGP2,7,10,8,368
UniRef100_A0A1J5ARH5,10,6,7,368
UniRef100_A0A0C7N9S0,12,6,8,368
UniRef100_UPI0003F759AA,2,15,9,368
UniRef100_A0A381LE03,6,11,8,368
UniRef100_A0A292PU56,18,12,8,368
UniRef100_A0A1J0KUQ8,3,10,7,368
UniRef100_UPI000FFCAF7B,3,17,9,368
UniRef100_UPI0010359016,16,5,9,368
UniRef100_A0A1F3LMB6,2,12,8,368
UniRef100_A0A351KSR2,5,9,9,368
UniRef100_A0A5B0DZG7,4,16,11,368
UniRef100_A0A371DW16,4,13,6,368
UniRef100_UPI000D531258,3,11,8,368
UniRef100_A0A1I7S3P1,4,15,10,368
UniRef100_UPI000767205F,12,8,7,368
UniRef100_A0A1V0HKG3,3,8,8,368
UniRef100_A0A419GBQ5,4,12,8,368
UniRef100_S5R3Z2,6,6,13,368
UniRef100_A0A1V0DC88,10,6,8,368
UniRef100_A0A1Y2B5Y1,3,15,8,368
UniRef100_A0A0Q5E3L5,3,18,8,368
UniRef100_A0A2U1MSY6,4,11,8,368
UniRef100_A0A2S6AHS4,3,15,7,368
UniRef100_L0MVX0,4,12,10,368
UniRef100_UPI000D1C65E4,8,6,9,368
UniRef100_A8BTN6,6,15,8,368
UniRef100_A0A1S3K5Z5,4,15,9,368
UniRef100_A0A1L9RY31,10,4,7,368
UniRef100_A0A1G1Z7W1,15,5,10,368
UniRef100_A0A0G0NYK5,3,13,11,368
UniRef100_A0A0N8CIK5,5,11,7,368
UniRef100_D5ELR1,7,10,7,368
UniRef100_A0A1J1H5N7,3,11,10,368
UniRef100_A0A1G2VFL1,4,14,7,368
UniRef100_A0A5J4NZL1,12,5,8,368
UniRef100_A0A0N5CZ35,3,14,7,368
UniRef100_A0A087GLL3,5,9,7,368
UniRef100_A0A1E7F7A0,2,15,9,368
UniRef100_UPI0010A7D7A7,5,8,9,368
UniRef100_A0A5J5K8V1,5,12,11,368
UniRef100_UPI00106D4FF0,4,14,12,368
UniRef100_A0A0R3LWM2,2,17,7,368
UniRef100_UPI000CF815B8,6,10,8,368
UniRef100_A0A2G2G5I5,4,10,8,368
UniRef100_J3LJL2,3,11,9,368
UniRef100_A0A0H2SEB8,3,18,8,368
UniRef100_A0A356EI25,9,7,7,368
UniRef100_A0A176VIL3,4,15,8,368
UniRef100_A0A1U7LN65,5,7,10,368
UniRef100_A0A2N3SJG3,10,5,8,368
UniRef100_UPI0003330B53,12,3,8,368
UniRef100_V7BF96,2,12,7,368
UniRef100_A0A352LVU0,4,10,7,368
UniRef100_A0A176WQ53,16,7,7,368
UniRef100_A0A0K9RKD1,10,7,8,368
UniRef100_W6KNR3,10,3,9,368
UniRef100_A0A484DQA7,3,15,7,368
UniRef100_A0A507DS79,5,12,8,368
UniRef100_A0A2E1MI20,2,10,13,368
UniRef100_M5G9U9,5,12,7,368
UniRef100_A0A5B8MQ02,6,16,10,368
UniRef100_A0A1V5QK71,18,12,9,368
UniRef100_A0A383VRG2,4,16,7,368
UniRef100_A0A5E8VFU2,3,12,9,368
UniRef100_A0A1E5RUZ8,7,7,9,368
UniRef100_A0A438I2F4,5,15,10,368
UniRef100_M4BVK6,2,12,7,368
UniRef100_A0A2N6B140,9,9,7,368
UniRef100_A0A022RXY9,5,9,9,368
UniRef100_A0A127EWF4,4,17,8,368
UniRef100_A0A2H0UP36,4,17,10,368
UniRef100_A0A1F8AWR1,5,9,8,368
UniRef100_A0A218W6I7,3,10,10,368
UniRef100_A0A2V7J954,5,13,8,368
UniRef100_A0A1E5A7E6,6,9,8,368
UniRef100_A0A0F9Z0C0,12,7,8,368
UniRef100_A0A2R9B5Y8,4,16,7,368
UniRef100_UPI0010432110,6,9,6,368
UniRef100_K5X497,6,13,7,368
UniRef100_UPI00044217D3,3,16,9,368
UniRef100_UPI0011135F25,5,15,11,368
UniRef100_A0A0B1U657,6,11,6,368
UniRef100_A0A328EIS9,7,12,7,368
UniRef100_A0A2D6XU67,8,11,7,368
UniRef100_A0A520QWE2,8,10,9,368
UniRef100_A0A2E5ENQ0,5,15,9,368
UniRef100_UPI0010A58F3A,15,5,8,368
UniRef100_A0A2E1RAM3,3,15,7,368
UniRef100_A0A2Z6R0K2,10,4,9,368
UniRef100_A0A1S3I331,2,13,8,368
UniRef100_A0A517NSK5,9,10,13,368
UniRef100_A0A1F6UND3,5,13,9,368
UniRef100_A0A1F4T5K5,11,4,12,368
UniRef100_A0A2G2MY33,16,5,8,368
UniRef100_D8R8W9,4,13,8,368
UniRef100_A0A402ET40,7,5,10,368
UniRef100_A0A287WZB8,7,8,8,368
UniRef100_A0A553P1B0,4,10,8,368
UniRef100_A0A2N2THZ8,4,14,10,368
UniRef100_D8T3C7,5,10,6,368
UniRef100_A0A1Q7R0D5,17,9,10,368
UniRef100_A0A0D0BRC8,5,15,8,368
UniRef100_UPI0005ED3C9C,5,11,9,368
UniRef100_A0A5Q0UJX7,7,7,7,368
UniRef100_A0A0H2RMB3,9,4,8,368
UniRef100_A0A2T6A477,7,10,10,368
UniRef100_A0A0Q4UA98,9,7,8,368
UniRef100_A0A1G0JZU4,11,7,9,368
UniRef100_A0A067CJ33,16,7,8,368
UniRef100_A0A151NJD3,6,3,9,368
UniRef100_UPI000BA7FDBF,16,9,8,368
UniRef100_A0A517LXY0,17,9,10,368
UniRef100_UPI000521333D,7,6,8,368
UniRef100_A0A1F5ZHP2,6,11,10,368
UniRef100_A0A023X742,6,8,8,368
UniRef100_A0A2S6CGC8,4,16,8,368
UniRef100_V6TF95,4,8,9,368
UniRef100_A0A1M2V9T4,7,13,8,368
UniRef100_A0A0G4EZT2,7,9,9,368
UniRef100_A0A317SJ57,6,15,8,368
UniRef100_A0A5B2V6H7,6,14,7,368
UniRef100_A0A5C6MTA5,18,11,8,368
UniRef100_A0A1G2PWP7,5,7,7,368
UniRef100_A0A518GF67,6,12,7,368
UniRef100_UPI001019F67F,7,3,7,368
UniRef100_A0A1W9SJI2,4,18,8,368
UniRef100_A0A1G2BW78,4,6,11,368
UniRef100_UPI000C6E7634,2,17,6,368
UniRef100_A0A2X0V900,3,7,10,368
UniRef100_Q6J4H1,6,8,8,368
UniRef100_A0A2U4A499,5,14,10,368
UniRef100_A0A5M3N2K5,7,9,8,368
UniRef100_UPI00022476FB,9,5,8,368
UniRef100_UPI00109B9862,4,15,8,368
UniRef100_E9B4H8,10,2,7,368
UniRef100_A0A550GRW4,5,7,7,368
UniRef100_A0A2G5DBP5,6,6,8,368
UniRef100_UPI0007A48B58,7,11,8,368
UniRef100_C5LYX1,16,7,10,368
UniRef100_A0A1V5PTZ5,6,8,7,368
UniRef100_A0A2U0AEY5,6,12,11,368
UniRef100_UPI000C812462,5,16,7,368
UniRef100_A0A2A9M2Y1,18,11,12,368
UniRef100_A0A061IZX4,16,7,10,368
UniRef100_A0A448ZHT6,3,13,8,368
UniRef100_G4ZX42,8,3,10,368
UniRef100_A0A1G2KSS9,17,8,9,368
UniRef100_A0A1G2HIS6,6,10,8,368
UniRef100_M2W9A8,7,6,8,368
UniRef100_UPI0003AF33AB,14,6,9,368
UniRef100_UPI00085A0EDF,5,8,8,368
UniRef100_A0A151JLM2,17,8,8,368
UniRef100_A0A1V5ZWM8,8,10,8,368
UniRef100_A0A2E2CSA8,4,10,7,368
UniRef100_A0A267EDX5,16,7,9,368
UniRef100_A0A1V6I739,18,13,14,368
UniRef100_A0A1F6M4Q3,15,5,10,368
UniRef100_A0A5C6DUN2,14,8,11,368
UniRef100_A0A0F2LSK7,4,11,9,368
UniRef100_A0A0A8E6Y5,6,12,8,368
UniRef100_A0A0G0EGQ0,8,7,8,368
UniRef100_A0A1F9UMN1,4,11,11,368
UniRef100_A0A2E9A262,8,11,9,368
UniRef100_S9U6U5,14,5,10,368
UniRef100_A0A1Y2A7K3,4,10,7,368
UniRef100_A0A2Z4AH57,4,12,9,368
UniRef100_A0A0D8FWU5,6,11,10,368
UniRef100_A0A1F5YZ07,6,11,9,368
UniRef100_A0A1F6EA90,7,6,7,368
UniRef100_A0A1M7DD25,2,14,8,368
UniRef100_A0A1V5VRP1,15,6,8,368
UniRef100_F7XX96,3,9,9,368
UniRef100_A0A3B3SVP0,14,4,8,368
UniRef100_A0A1V4C877,7,9,7,368
UniRef100_A0A2L2YGH5,7,9,7,368
UniRef100_A0A177TCJ5,5,16,9,368
UniRef100_A0A086T128,10,8,9,368
UniRef100_A0A5P1EYK2,6,9,9,368
UniRef100_L5KAQ4,3,16,8,368
UniRef100_V5E3S8,6,14,10,368
UniRef100_A0A1J6HZE0,6,8,8,368
UniRef100_A0A2H6A7F0,5,12,8,368
UniRef100_UPI000A29E511,7,7,8,368
UniRef100_D8LYW4,10,6,9,368
UniRef100_A0A0E9LC93,2,14,8,368
UniRef100_A0A1X7R7T1,7,4,10,368
UniRef100_UPI0010A3BBCB,6,9,8,368
UniRef100_A0A1F4QPU1,4,17,9,368
UniRef100_A0A0U1M4V1,3,15,7,368
UniRef100_UPI0009910761,5,8,11,368
UniRef100_A0A1F5PMR7,4,9,10,368
UniRef100_A0A4R1HD48,8,9,10,368
UniRef100_A0A109JSA9,6,11,8,368
UniRef100_A0A077R3A1,4,13,9,368
UniRef100_A0A420Y6V9,9,9,9,368
UniRef100_A0A2W6BE10,18,11,8,368
UniRef100_A0A1E5RXH1,3,14,8,368
UniRef100_A0A397ECA8,18,11,7,368
UniRef100_A0A3P3ZJU9,4,13,11,368
UniRef100_A0A2P5FXG9,3,12,9,368
UniRef100_A0A200Q1F5,11,5,11,368
UniRef100_A0A2S5B0C1,6,14,7,368
UniRef100_A0A1J4K245,7,4,8,368
UniRef100_A0A5J4NBY8,4,10,9,368
UniRef100_UPI000F556D08,4,16,8,368
UniRef100_UPI00081482D8,6,12,10,368
UniRef100_A0A2J6HLT1,15,7,9,368
UniRef100_A0A0G4GXW1,3,16,13,368
UniRef100_UPI00049828A8,5,12,9,368
UniRef100_F7G7R5,5,11,7,368
UniRef100_A0A1F4ZBS6,7,10,10,368
UniRef100_A0A365TCF4,4,15,9,368
UniRef100_A0A2U3KDT1,5,9,7,368
UniRef100_A0A103XY13,2,13,7,368
UniRef100_A0A397SWY1,15,8,9,368
UniRef100_A0A369SP09,2,17,8,368
UniRef100_A0A2D6KCM4,6,13,10,368
UniRef100_A0A2E4FYD9,9,5,9,368
UniRef100_A0A1G3ZLG1,4,17,7,368
UniRef100_A0A2R6L8S8,9,10,11,368
UniRef100_A0A1G0GDT4,3,11,15,368
UniRef100_A0A2I0AV64,7,10,9,368
UniRef100_V5FZH2,4,8,9,368
UniRef100_A0A496Q4Y0,2,15,7,368
UniRef100_A0A1X7U183,5,16,6,368
UniRef100_A0A1G0RLM3,5,13,8,368
UniRef100_A0A2D3V1M8,6,5,8,368
UniRef100_S8E572,7,12,7,368
UniRef100_A0A258B002,7,13,8,368
UniRef100_A0A0D2P8N8,5,7,8,368
UniRef100_UPI000831CBF0,9,8,8,368
UniRef100_A0A1F2WAB0,7,8,8,368
UniRef100_A0A538JTE3,14,7,11,368
UniRef100_UPI000E312555,7,10,8,368
UniRef100_A0A1V2KZB3,4,16,7,368
UniRef100_A0A317ZDA5,5,13,8,368
UniRef100_A0A2N2P7B3,5,12,7,368
UniRef100_A0A0S8DW43,4,16,8,368
UniRef100_A0A1Q9D4M5,6,5,8,368
UniRef100_A0A2E3MF20,5,11,8,368
UniRef100_UPI00023B29D3,4,7,9,368
UniRef100_A0A520VS74,5,15,14,368
UniRef100_A0A2H3YRU8,4,8,9,368
UniRef100_UPI000BBDBC42,6,8,8,368
UniRef100_A0A1D1XHL1,4,10,9,368
UniRef100_A0A2A4SY53,14,7,9,368
UniRef100_A0A352KN35,8,7,10,368
UniRef100_A0A2R6R2D0,15,6,9,368
UniRef100_E1F3X9,4,18,11,368
UniRef100_A0A2E6CF98,5,15,7,368
UniRef100_UPI000A05D6A6,4,12,8,368
UniRef100_A0A1G1V9S3,10,5,7,368
UniRef100_UPI0012B5E436,4,14,13,368
UniRef100_W7JUZ0,2,14,7,368
UniRef100_A0A2H5NZ51,7,7,7,368
UniRef100_W4H0Z4,8,8,7,368
UniRef100_B1ZX32,6,13,7,368
UniRef100_A0A1Q7KTK1,7,9,7,368
UniRef100_K3YIW7,6,10,8,368
UniRef100_UPI0006D1461A,4,12,8,368
UniRef100_A0A535HQY3,17,9,11,368
UniRef100_A0A0K9Q4N7,4,16,9,368
UniRef100_A0A0R2PB07,14,7,8,368
UniRef100_UPI0006C9E165,6,10,6,368
UniRef100_A0A1V5RPG1,17,10,10,368
UniRef100_UPI0007114E50,6,10,8,368
UniRef100_S6BN87,13,6,8,368
UniRef100_UPI0009F44667,14,6,7,368
UniRef100_A0A4S4DLG6,5,16,8,368
UniRef100_A0A061RAU9,11,8,8,368
UniRef100_W9CZ98,3,17,8,368
UniRef100_A0A0B4R3B3,5,14,9,368
seq,2,17,8,368
UniRef100_R1DFN1,18,9,18,368
UniRef100_A0A4X1T5Q1,3,18,12,368
UniRef100_A0A554L8A6,3,14,7,368
UniRef100_A0A2E2XZ96,18,13,8,368
UniRef100_A0A350SJE0,2,14,10,368
UniRef100_A0A3M1BKE0,6,8,7,368
UniRef100_A0A3D3NYZ1,6,14,8,368
UniRef100_A0A0E0LTC0,7,6,7,368
UniRef100_Q057D8,18,13,14,368
UniRef100_A2FYU1,2,10,8,368
UniRef100_UPI0004416471,4,17,7,368
UniRef100_A0A1A9XS26,9,4,8,368
UniRef100_A0A1G3ZSV7,2,15,7,368
UniRef100_A0A2B4SKE4,5,15,14,368
UniRef100_A0A210PLV5,4,16,10,368
UniRef100_A0A0C2XL27,4,14,9,368
UniRef100_A0A0C3Q5Y5,4,14,8,368
UniRef100_UPI000C314B5B,12,7,8,368
UniRef100_A0A1F6ZRL1,3,15,8,368
UniRef100_A9UVJ8,4,9,9,368
UniRef100_A0A026WVV1,4,14,8,368
UniRef100_A0A261DC95,7,6,6,368
UniRef100_A0A2V9M4V1,4,11,8,368
UniRef100_UPI0005C3BCB8,2,14,9,368
UniRef100_UPI00129462D2,3,7,7,368
UniRef100_A0A1V9ZPQ5,6,4,7,368
UniRef100_A0A2C9K8J9,2,17,11,368
UniRef100_A0A5N6L2X7,6,15,10,368
UniRef100_A0A3P3RCG2,3,13,8,368
UniRef100_S9UFB4,2,14,7,368
UniRef100_A0A2K5Z8H7,3,17,12,368
UniRef100_A0A376K1G1,4,10,8,368
UniRef100_A0A200QY44,3,17,9,368
UniRef100_A0A1F5XIB4,6,14,10,368
UniRef100_A0A3N1LFT2,11,7,10,368
UniRef100_A0A0F9YT64,6,9,8,368
UniRef100_A0A1Y2D880,5,14,8,368
UniRef100_UPI00124A1024,5,11,8,368
UniRef100_UPI0006779464,5,14,9,368
UniRef100_A0A1A8VQG0,4,11,7,368
UniRef100_A0A561EKS2,4,17,11,368
UniRef100_UPI000580EF8B,4,15,10,368
UniRef100_A0A0L0HA75,16,7,9,368
UniRef100_G0TW25,6,12,9,368
UniRef100_A0A2G9NI42,4,14,10,368
UniRef100_A0A3P8WWP3,9,7,9,368
UniRef100_M1UXF5,16,8,17,368
UniRef100_M2Y8T2,15,5,10,368
UniRef100_A0A1U7RVA4,4,17,9,368
UniRef100_A0A0G1NCM8,11,4,10,368
UniRef100_A0A1F6SWC9,3,11,7,368
UniRef100_A0A0L0DW58,3,10,9,368
UniRef100_A0A512JLV0,3,17,9,368
UniRef100_UPI0010F7251A,7,9,8,368
UniRef100_UPI0005AC8E1C,5,7,9,368
UniRef100_R0GAT0,16,5,8,368
UniRef100_A0A218WJM3,13,4,7,368
UniRef100_A0A1G2B6C4,8,6,7,368
UniRef100_A0A424Q7X2,4,15,8,368
UniRef100_A0A5J4U6L0,4,10,8,368
UniRef100_A0A419GAF2,6,14,8,368
UniRef100_A0A1M3DC38,15,7,8,368
UniRef100_A0A517NFV9,8,11,9,368
UniRef100_UPI000CF7D29B,2,14,8,368
UniRef100_A0A409W2A1,3,18,9,368
UniRef100_A0A423XEW0,18,10,9,368
UniRef100_A0A2M8AEM0,5,8,7,368
UniRef100_A0A3S0FIF6,3,13,10,368
UniRef100_A0A1F6EU06,6,9,9,368
UniRef100_A0A1G0YT13,7,9,8,368
UniRef100_A0A371LEY7,5,13,9,368
UniRef100_A0A424MAF7,2,15,11,368
UniRef100_A0A151ZFI7,6,14,8,368
UniRef100_A0A1F7IV27,15,7,8,368
UniRef100_A0A0C4EDW9,6,6,9,368
UniRef100_A0A1W9NZA5,14,7,11,368
UniRef100_A0A3M1JBX1,6,12,7,368
UniRef100_A0A0G0PB49,16,7,11,368
UniRef100_UPI000CDAD67F,3,14,7,368
UniRef100_A0A2H9TIX1,3,14,9,368
UniRef100_A0A2H0VAV0,12,7,12,368
UniRef100_A0A0M4EH96,14,4,13,368
UniRef100_A0A0G0NB39,5,15,7,368
UniRef100_A0A3M1ZKL6,15,6,10,368
UniRef100_A0A433PG84,11,8,8,368
UniRef100_UPI0010A0210F,9,11,9,368
UniRef100_A0A1W0E4I4,18,12,11,368
UniRef100_W2ZLY3,6,6,8,368
UniRef100_A0A0C2YH99,14,6,8,368
UniRef100_A0A287JPT4,16,8,7,368
UniRef100_J3P478,6,13,10,368
UniRef100_UPI000CF7D901,7,11,8,368
UniRef100_A0A2N9NL80,3,15,9,368
UniRef100_A0A5C3EV20,5,15,8,368
UniRef100_UPI00109BA2A0,4,11,8,368
UniRef100_A0A1F5B4Y6,3,13,8,368
UniRef100_A0A3R7UAT0,5,11,8,368
UniRef100_UPI000776BC4E,3,14,9,368
UniRef100_A0A063ZNV6,6,7,8,368
UniRef100_A0A344U8Z9,4,17,9,368
UniRef100_S9UUQ0,4,12,9,368
UniRef100_A0A367IUR0,4,10,6,368
UniRef100_A0A2G9GEY9,5,7,9,368
UniRef100_A0A5C7JJ53,12,6,8,368
UniRef100_A0A3D3DM19,17,10,8,368
UniRef100_A0A1W9SQH5,3,12,9,368
UniRef100_A0A139WMM8,11,8,12,368
UniRef100_W2S4K3,6,5,7,368
UniRef100_B0R683,6,12,9,368
UniRef100_W1Q888,3,12,7,368
UniRef100_A0A1B3SLL1,10,6,8,368
UniRef100_UPI00129423E7,7,12,8,368
UniRef100_A0A059AGR8,5,5,9,368
UniRef100_A0A1B7LMD5,9,4,8,368
UniRef100_A0A2H0YNZ2,5,6,7,368
UniRef100_A0A1V5TWM7,4,13,8,368
UniRef100_A0A2R6GJG8,8,7,9,368
UniRef100_A0A0L6W9P0,5,6,7,368
UniRef100_A0A2U3CCI9,4,14,9,368
UniRef100_A0A0K3CDK3,8,7,8,368
UniRef100_UPI0010F504CF,3,12,9,368
UniRef100_A0A364NCK0,5,15,9,368
UniRef100_C1MP07,6,13,7,368
UniRef100_A0A5K4EYY7,9,8,7,368
UniRef100_A0A4W6FMJ4,5,15,8,368
UniRef100_A0A287QTX4,2,12,7,368
UniRef100_A0A4U9CCB4,4,17,10,368
UniRef100_UPI0009E2D823,6,12,8,368
UniRef100_A0A2P2LVW6,11,5,7,368
UniRef100_A0A2H9VB03,2,12,7,368
UniRef100_A0A522TD01,9,8,8,368
UniRef100_A0A1S6GYH0,2,10,14,368
UniRef100_A0A2H5QN52,15,6,9,368
UniRef100_A0A0G0BXB9,4,18,10,368
UniRef100_UPI000522D2EE,2,17,7,368
UniRef100_F4P3M3,3,14,7,368
UniRef100_A0A496URW9,16,5,11,368
UniRef100_A0A5D6Y462,2,14,6,368
UniRef100_A0A2E5ZWI8,4,7,8,368
UniRef100_UPI0012ED99D4,6,13,11,368
UniRef100_K8EJU0,4,13,8,368
UniRef100_A0A507CIL7,3,10,10,368
UniRef100_A0A2N5ZWV3,18,13,10,368
UniRef100_A0A481QMK2,4,16,14,368
UniRef100_K2B8B6,3,12,8,368
UniRef100_UPI0011AF3B50,7,9,7,368
UniRef100_UPI000FFDB10D,6,6,10,368
UniRef100_UPI000E4651C5,3,12,6,368
UniRef100_A0A451DBP1,6,14,9,368
UniRef100_UPI001037199C,17,9,9,368
UniRef100_A8XZJ0,4,11,13,368
UniRef100_UPI000F663166,7,8,9,368
UniRef100_UPI00077A2572,2,10,9,368
UniRef100_A0A1F4UQL1,2,14,7,368
UniRef100_A0A4R4WAE7,16,8,9,368
UniRef100_A0A177WY04,11,4,9,368
UniRef100_A0A432FUE5,3,6,8,368
UniRef100_UPI0004196F2F,17,10,8,368
UniRef100_A0A229H0F8,18,11,10,368
UniRef100_A0A0A8L521,6,6,7,368
UniRef100_A0A5F5PY25,6,5,7,368
UniRef100_A0A3E0GZC2,4,10,9,368
UniRef100_A0A2G5CL86,5,14,8,368
UniRef100_A0A444V248,11,4,8,368
UniRef100_A0A2P5I4W8,5,10,10,368
UniRef100_A0A1B7TCN9,6,15,9,368
UniRef100_A0A2J6L556,6,8,7,368
UniRef100_F6HCJ8,6,7,7,368
UniRef100_A0A3S3P3S4,7,4,9,368
UniRef100_UPI000F830AB8,3,14,6,368
UniRef100_A0A0F4GEL1,11,7,6,368
UniRef100_A0A3B0YXN9,7,9,11,368
UniRef100_A0A5N6PDL7,4,10,8,368
UniRef100_A0A4U1FK92,4,11,8,368
UniRef100_UPI00109FE25E,3,18,8,368
UniRef100_A0A2D6MCK7,7,11,9,368
UniRef100_A0A2V2RE80,4,18,8,368
UniRef100_G8BMZ8,3,17,7,368
UniRef100_K0T4C2,2,13,7,368
UniRef100_A0A525KBR5,3,15,8,368
UniRef100_A0A1S9M233,7,10,13,368
UniRef100_A0A0G1E280,6,7,9,368
UniRef100_A0A397EI30,6,8,7,368
UniRef100_A0A0H4T072,6,13,8,368
UniRef100_A3M0P2,6,8,8,368
UniRef100_A0A0X3PBT2,4,13,10,368
UniRef100_A0A0G1NPW4,5,16,10,368
UniRef100_UPI00114548CA,5,7,7,368
UniRef100_UPI000853F8E4,15,6,11,368
UniRef100_UPI00057A300F,3,12,6,368
UniRef100_A0A2N1T9A0,16,8,10,368
UniRef100_A0A2H0QWF2,3,16,8,368
UniRef100_A0A349B9J7,14,6,11,368
UniRef100_A0A2S7U2L2,5,13,8,368
UniRef100_A0A419WH32,4,7,9,368
UniRef100_G2MN88,7,7,13,368
UniRef100_A0A5C7KSW0,18,13,9,368
UniRef100_UPI000A30742A,6,15,10,368
UniRef100_A0A0C9YYF9,3,13,8,368
UniRef100_A0A381UTX7,5,9,10,368
UniRef100_I4YEM8,3,18,8,368
UniRef100_Q6CSU6,15,6,8,368
UniRef100_A0A1G2YNB6,8,10,9,368
UniRef100_A0A2C9JL41,6,16,11,368
UniRef100_UPI00074FF9CD,3,14,9,368
UniRef100_A0A1E3NHQ6,6,7,7,368
UniRef100_A0A1S6H0S9,3,10,10,368
UniRef100_A0A4Z2CYW7,3,13,8,368
UniRef100_UPI0000EE5626,8,6,8,368
UniRef100_A0A250XE88,11,7,7,368
UniRef100_UPI000C03FF54,16,7,9,368
UniRef100_A0A0N0U528,10,5,8,368
UniRef100_A0A2T2NEP7,7,14,9,368
UniRef100_A0A2E0UWR4,4,11,9,368
UniRef100_A0A178LR91,9,6,9,368
UniRef100_A0A2I0AUH5,4,13,8,368
UniRef100_A0A0M0JKB0,11,4,7,368
UniRef100_Q6BFX4,2,13,8,368
UniRef100_A0A1Q7ZXY9,7,7,7,368
UniRef100_A0A2P6SAZ3,10,6,10,368
UniRef100_UPI000D623511,6,13,11,368
UniRef100_A0A5M6BT91,5,11,8,368
UniRef100_M2N8P9,2,13,8,368
UniRef100_A0A507CP44,3,12,8,368
UniRef100_A0A4S8J0W6,5,8,8,368
UniRef100_R6ZHX8,18,12,12,368
UniRef100_A0A1I8IZN0,4,9,9,368
UniRef100_A0A3A4VFU5,9,7,8,368
UniRef100_A0A5N6R5B3,8,7,7,368
UniRef100_A0A521VYD4,4,17,9,368
UniRef100_A0A2V8X5U7,8,7,7,368
UniRef100_A0A178IHL8,7,12,8,368
UniRef100_UPI0004F4916C,2,17,13,368
UniRef100_A0A2D6WNB1,8,8,10,368
UniRef100_A0A1G2HT10,3,15,8,368
UniRef100_A0A3D3HWV9,7,10,8,368
UniRef100_A0A1A8JKS4,8,7,9,368
UniRef100_A0A2Y9AAN4,7,9,9,368
UniRef100_A0A1F4AJ62,4,7,9,368
UniRef100_A0A3M0HZ23,10,4,7,368
UniRef100_A0A2G2J4T3,3,13,8,368
UniRef100_A0A137NW19,7,13,8,368
UniRef100_A0A0D2DXI6,3,14,8,368
UniRef100_A0A0J9XED4,11,7,8,368
UniRef100_UPI0004D09C20,4,14,11,368
UniRef100_A0A2A9P102,4,16,9,368
UniRef100_A0A2G9YYW7,16,9,8,368
UniRef100_D7MUT7,10,5,10,368
UniRef100_A0A4D8Z989,13,4,7,368
UniRef100_A0A087SC60,4,11,8,368
UniRef100_G3WFW5,2,17,8,368
UniRef100_A0A534DNY4,6,8,10,368
UniRef100_A0A422MYT1,17,10,9,368
UniRef100_A0A3E0Q486,16,9,15,368
UniRef100_A0A1M5TVI0,4,18,8,368
UniRef100_A0A2N3HRE0,18,11,8,368
UniRef100_A0A4V5NEK2,10,6,10,368
UniRef100_A0A2H0N878,16,8,9,368
UniRef100_A0A2U8BT16,5,15,10,368
UniRef100_A0A507BCD5,5,12,12,368
UniRef100_UPI001262F7D3,15,4,8,368
UniRef100_A0A165FI94,4,16,10,368
UniRef100_A0A4R4WD13,6,12,8,368
UniRef100_A0A1G4KIJ3,12,6,8,368
UniRef100_A0A022Q787,3,15,8,368
UniRef100_UPI0009A300B1,6,13,10,368
UniRef100_A0A3L6L185,3,8,7,368
UniRef100_A0A1F7WIX6,5,7,9,368
UniRef100_A0A098VR53,2,12,8,368
UniRef100_A0A455RD78,2,14,8,368
UniRef100_A0A2J6LW57,12,6,10,368
UniRef100_A0A2V2DTP0,10,7,8,368
UniRef100_A0A2N1NUC6,16,7,8,368
UniRef100_A0A1Z9I604,5,10,7,368
UniRef100_A0A4Q6BB51,3,13,6,368
UniRef100_A0A5B1QPW1,7,9,7,368
UniRef100_W9SA60,9,4,10,368
UniRef100_A0A349A668,13,4,9,368
UniRef100_A0A0G4J8Z1,7,6,7,368
UniRef100_A0A150GSL6,11,7,7,368
UniRef100_A0A3B1ALJ1,2,14,9,368
UniRef100_A0A1G0MVD5,14,7,7,368
UniRef100_UPI000901464C,8,6,7,368
UniRef100_R0HPH3,6,8,9,368
UniRef100_A0A5E3W813,3,15,9,368
UniRef100_UPI00126A35E5,3,18,8,368
UniRef100_UPI00093E961B,3,12,7,368
UniRef100_A0A1F6F1S0,3,16,7,368
UniRef100_A0A1Z5JSA8,3,11,9,368
UniRef100_A0A2P2J8N6,4,13,10,368
UniRef100_UPI0011F3F4CB,17,6,10,368
UniRef100_A0A2I0AGW0,3,9,8,368
UniRef100_A0A2E6U3L4,16,9,12,368
UniRef100_A0A357QPN6,8,5,8,368
UniRef100_A0A1C3KY40,2,14,8,368
UniRef100_A0A5B7EA30,8,4,8,368
UniRef100_A0A0Q5ZMA5,4,10,8,368
UniRef100_A0A3B6PHE7,5,13,7,368
UniRef100_X2C462,7,10,10,368
UniRef100_A0A3A5V8I1,3,12,7,368
UniRef100_U1PIM6,8,9,8,368
UniRef100_A0A137QI30,9,10,9,368
UniRef100_A0A3N4KYE4,15,6,10,368
UniRef100_A0A0S8K034,7,10,8,368
UniRef100_A0A482SDP3,4,16,9,368
UniRef100_W0K4P8,5,12,9,368
UniRef100_A0A498KVV3,4,14,7,368
UniRef100_A0A445IZ19,11,4,7,368
UniRef100_G3BDI4,5,11,9,368
UniRef100_A0A3Q0DIE5,4,18,8,368
UniRef100_A0A1Z9VPB8,5,6,10,368
UniRef100_A0A0L0G8N4,4,12,8,368
UniRef100_A0A2H0XSS7,3,12,7,368
UniRef100_A0A084Q8W1,16,7,9,368
UniRef100_A0A5J9W4Z0,3,13,7,368
UniRef100_A0A5N5KP65,4,13,7,368
UniRef100_A0A418B0K4,3,18,8,368
UniRef100_A0A329SC61,6,12,10,368
UniRef100_A0A1E4RLZ8,4,10,8,368
UniRef100_A0A1X0NLJ2,5,7,11,368
UniRef100_S8AVS6,4,13,8,368
UniRef100_A0A2V3U5G9,8,10,9,368
UniRef100_A0A0V0HRM4,12,4,9,368
UniRef100_A0A2M7AQ22,16,7,8,368
UniRef100_A0A3Q2IJD2,18,8,7,368
UniRef100_A0A165FWD3,8,10,7,368
UniRef100_A0A2N8UD17,4,16,8,368
UniRef100_A0A067KH95,7,6,9,368
UniRef100_A0A1F6EJL3,10,7,8,368
UniRef100_UPI0004F43FFE,3,11,10,368
UniRef100_A0A3M6WL68,9,10,7,368
UniRef100_UPI001036B81F,6,11,9,368
UniRef100_B5DQG6,11,7,10,368
UniRef100_A0A060TC60,12,7,8,368
UniRef100_G8JQL2,5,7,9,368
UniRef100_A0A1Y1CQG5,18,11,8,368
UniRef100_A0A0R2SGX8,2,14,8,368
UniRef100_UPI0010A52F68,5,7,9,368
UniRef100_A0A2U8HT43,8,5,7,368
UniRef100_A0A3A4Z6G6,6,12,9,368
UniRef100_A0A0R3LZW4,4,17,9,368
UniRef100_A0A0N4V1Z8,3,12,8,368
UniRef100_A0A094DHF2,8,12,8,368
UniRef100_A0A427XYA9,4,17,8,368
UniRef100_A0A0B7F6W9,6,15,9,368
UniRef100_UPI0005F48B74,7,10,9,368
UniRef100_UPI00071AA0F0,6,6,8,368
UniRef100_A0A1M7HB32,3,16,8,368
UniRef100_A0A1E4TJR4,5,11,6,368
UniRef100_A0A550CD70,10,9,11,368
UniRef100_A0A421JNT1,9,7,8,368
UniRef100_W6KRV0,5,6,7,368
UniRef100_H0YUS7,3,14,9,368
UniRef100_A0A1G2CUV3,7,9,7,368
UniRef100_UPI0007712C88,4,6,8,368
UniRef100_A0A2G9PYN8,6,8,8,368
UniRef100_A0A1H8PJ32,4,11,8,368
UniRef100_A0A0G0VCL1,7,7,8,368
UniRef100_A0A1F3C619,5,16,7,368
UniRef100_A0A1Y1JDH5,5,11,10,368
UniRef100_A0A1B0FEB8,15,6,10,368
UniRef100_A0A5R8KDH8,9,9,8,368
UniRef100_F4WTP7,9,11,8,368
UniRef100_F4P0A1,5,11,8,368
UniRef100_A0A1C4YXA0,6,14,11,368
UniRef100_G4ZTY9,5,17,9,368
UniRef100_A0A522FBJ9,3,10,9,368
UniRef100_A0A0G1Q8R2,3,10,7,368
UniRef100_A0A4P5XRL3,11,4,7,368
UniRef100_A0A0B7JQ74,7,7,8,368
UniRef100_A0A2N5Z062,7,11,8,368
UniRef100_A0A2E1K197,5,12,9,368
UniRef100_UPI000695C8C4,2,11,8,368
UniRef100_C4B8W9,3,18,11,368
UniRef100_UPI001245F6B9,6,13,10,368
UniRef100_A0A285NBK5,6,11,8,368
UniRef100_A0A2A2RH82,14,8,9,368
UniRef100_A0A1B9H2F8,5,12,9,368
UniRef100_A0A2G1YV50,4,10,7,368
UniRef100_A0A517MY82,5,16,8,368
UniRef100_A0A2N3HVX1,12,6,7,368
UniRef100_A0A1F7ABG6,5,8,8,368
UniRef100_A0A1F8F846,17,8,10,368
UniRef100_A0A1X6N9W1,8,5,11,368
UniRef100_UPI000831770B,5,14,10,368
UniRef100_UPI00083E7864,7,13,7,368
UniRef100_A0A2M8KD96,4,10,8,368
UniRef100_R1ENA0,4,10,6,368
UniRef100_K2ND09,2,17,15,368
UniRef100_UPI0012B5339B,4,10,8,368
UniRef100_A0A024GMQ6,3,17,9,368
UniRef100_A0A534CSV9,11,4,7,368
UniRef100_UPI000DE61D72,18,11,10,368
UniRef100_A0A1G2PKU4,10,5,8,368
UniRef100_A0A1U7Z407,6,8,8,368
UniRef100_A0A2D7JVL9,6,5,7,368
UniRef100_A0A2R6H1R5,3,11,8,368
UniRef100_UPI000BA7FD62,3,16,10,368
UniRef100_A0A1F5NJD6,8,9,8,368
UniRef100_A0A1Y2M3N2,4,16,11,368
UniRef100_A0A109FIE0,7,12,8,368
UniRef100_M3XNR9,7,3,7,368
UniRef100_A0A2H6KAK0,7,9,8,368
UniRef100_F0XS61,9,10,7,368
UniRef100_UPI0004F49B63,9,4,8,368
UniRef100_A0A1G9Z0J2,6,12,11,368
UniRef100_M0RQL1,5,6,8,368
UniRef100_A0A1M3H419,17,7,9,368
UniRef100_A0A2J7QJ32,3,11,8,368
UniRef100_UPI00076235CA,5,15,11,368
UniRef100_UPI000B9039AB,11,8,7,368
UniRef100_A0A451CZ40,16,9,8,368
UniRef100_A0A2W4RBS1,3,15,9,368
UniRef100_UPI0008FAB501,4,10,11,368
UniRef100_A0A1F4TS48,10,3,11,368
UniRef100_A0A2E0GPT5,2,12,14,368
UniRef100_UPI0011D28CCE,3,13,7,368
UniRef100_A0A2K1IRA2,5,10,8,368
UniRef100_A0A061QXW6,5,7,8,368
UniRef100_A0A0C1H9G2,3,14,7,368
UniRef100_A0A0G0EFZ8,6,13,8,368
UniRef100_A0A1L8GFP7,11,3,10,368
UniRef100_UPI000B937DAC,4,10,10,368
UniRef100_A0A1E3P5X9,10,6,7,368
UniRef100_A0A316U4F7,4,17,7,368
UniRef100_A0A1R4HRI5,3,11,8,368
UniRef100_A0A1N6K1W2,3,18,9,368
UniRef100_A0A168HF40,10,4,8,368
UniRef100_A0A2V8ZBN1,4,8,6,368
UniRef100_A0A2E9Y911,4,17,8,368
UniRef100_UPI0011CF2DF6,17,7,11,368
UniRef100_E2C134,8,5,8,368
UniRef100_G0UM40,6,6,7,368
UniRef100_UPI000643C269,7,9,9,368
UniRef100_A0A1F6QU57,3,9,7,368
UniRef100_A0A0G0FKI0,16,5,8,368
UniRef100_A7S625,7,7,8,368
UniRef100_A0A2N1VM55,4,18,16,368
UniRef100_A0A2R6E576,3,13,8,368
UniRef100_A0A1L4D2S9,3,11,7,368
UniRef100_I2H6B7,6,13,9,368
UniRef100_F2QTZ4,15,7,8,368
UniRef100_A0A166QUI1,10,6,9,368
UniRef100_UPI00040888D2,13,5,8,368
UniRef100_A0A1G2R1W6,3,16,7,368
UniRef100_A0A1W0WQQ5,9,7,7,368
UniRef100_W0JDW7,3,11,8,368
UniRef100_A0A3A4ZJJ4,6,12,11,368
UniRef100_A0A4Y9ZDY9,4,18,10,368
UniRef100_UPI001016AC3A,4,9,6,368
UniRef100_A0A0N1PD90,3,10,7,368
UniRef100_A0A167Q7V0,3,18,8,368
UniRef100_D2RUG0,8,10,8,368
UniRef100_C5J5V1,12,5,8,368
UniRef100_A0A2D5UME6,18,12,11,368
UniRef100_UPI0009E2AF0B,7,9,7,368
UniRef100_UPI0007112926,13,7,8,368
UniRef100_A0A091N761,5,8,7,368
UniRef100_UPI0010FA36F2,4,18,11,368
UniRef100_A0A5B1CE26,18,13,8,368
UniRef100_A0A316LNB9,8,11,7,368
UniRef100_UPI000D090E98,14,7,7,368
UniRef100_A0A1F6C4F4,5,9,7,368
UniRef100_A0A081CEW9,5,17,8,368
UniRef100_UPI00085468EF,3,13,6,368
UniRef100_S3DJD2,2,14,11,368
UniRef100_A0A419K3S5,4,11,8,368
UniRef100_A0A1I0EHC8,2,10,10,368
UniRef100_K1PRS8,2,17,10,368
UniRef100_H9G6A2,3,14,7,368
UniRef100_Q1QN09,13,5,7,368
UniRef100_A0A2P9D3K8,6,15,14,368
UniRef100_A0A2H0L4R9,3,14,10,368
UniRef100_A0A2E7AW43,9,5,7,368
UniRef100_A0A1B4V0I2,4,10,9,368
UniRef100_UPI000661CC31,6,6,7,368
UniRef100_UPI000DD9649E,3,16,9,368
UniRef100_L0IAB1,5,15,8,368
UniRef100_G3NVY3,4,10,8,368
UniRef100_A0A3P3Y994,11,5,9,368
UniRef100_A0A355VXY0,18,11,9,368
UniRef100_G8YL89,3,18,9,368
UniRef100_A0A5A7PKI7,10,5,7,368
UniRef100_A0A4Q4UCU3,4,12,7,368
UniRef100_A0A4Y1QW58,2,12,7,368
UniRef100_UPI0012AB798A,8,10,8,368
UniRef100_A0A534C338,5,8,7,368
UniRef100_A0A2R6MUD0,8,9,12,368
UniRef100_A0A1F7AAB6,8,8,8,368
UniRef100_A0A2N6GBW6,4,15,10,368
UniRef100_A0A0Q6ZFN3,4,16,10,368
UniRef100_A0A2M7Q8E6,6,9,7,368
UniRef100_A0A507EJ50,5,16,7,368
UniRef100_Q07KN9,6,16,7,368
UniRef100_A0A2K8YFH2,8,11,9,368
UniRef100_A0A5C6DYK7,8,8,8,368
UniRef100_A0A497TLL6,14,5,7,368
UniRef100_A0A0G4I6Y0,9,4,10,368
UniRef100_A0A511MDI3,3,11,8,368
UniRef100_UPI0011AECF8E,5,10,9,368
UniRef100_A0A1W4WPZ8,8,4,6,368
UniRef100_A0A2Z3QW98,6,14,6,368
UniRef100_A0A1T5JAK9,11,6,10,368
UniRef100_A0A165H701,14,7,8,368
UniRef100_A0A3A3G4P6,11,3,8,368
UniRef100_A0A1F8H4C0,19,13,8,368
UniRef100_A0A257QG12,7,7,11,368
UniRef100_F0ZZ46,6,10,7,368
UniRef100_UPI000EFEC1BD,3,12,8,368
UniRef100_UPI0009DFD0BF,2,11,17,368
UniRef100_A0A4W5RTL2,4,7,8,368
UniRef100_M0MKX1,11,5,9,368
UniRef100_A0A5D2ZC12,5,12,6,368
UniRef100_A0A1V3NIJ8,5,12,8,368
UniRef100_A0EEL7,3,16,9,368
UniRef100_A0A525J6H5,4,10,11,368
UniRef100_I6ZIX0,18,13,9,368
UniRef100_W6LB90,9,4,9,368
UniRef100_A0A484E933,15,6,8,368
UniRef100_A0A5B6YKF2,5,11,7,368
UniRef100_A0A3M1BG96,14,8,10,368
UniRef100_UPI0009E1D866,4,17,10,368
UniRef100_A0A0F7FGL0,11,8,8,368
UniRef100_A6R583,4,9,8,368
UniRef100_A0A3M7MKH3,6,7,8,368
UniRef100_UPI001055394F,6,13,9,368
UniRef100_A0A2D6L6F3,18,13,13,368
UniRef100_UPI000CD62788,4,16,8,368
UniRef100_A0A1J7I992,8,8,9,368
UniRef100_A0A1S3JFE2,5,9,7,368
UniRef100_UPI00084074B8,3,11,8,368
UniRef100_A0A1R0H0Z9,6,6,8,368
UniRef100_A0A2D7RDE6,4,8,8,368
UniRef100_K2BS26,6,15,8,368
UniRef100_UPI000854758F,5,11,7,368
UniRef100_A0A5F8AKA9,6,6,8,368
UniRef100_UPI00092E4351,5,7,6,368
UniRef100_UPI0007E62FFE,6,4,7,368
UniRef100_G0UWZ7,10,5,9,368
UniRef100_A0A1Y5G1C9,7,10,7,368
UniRef100_A0A2J7ZZC2,7,9,8,368
UniRef100_D8TJV4,8,5,9,368
UniRef100_UPI00098E2CD9,6,9,9,368
UniRef100_A0A2N2W6U6,16,5,8,368
UniRef100_A0A0D6QTU7,6,6,9,368
UniRef100_UPI000F5CB4DC,12,4,8,368
UniRef100_A0A0G1M4N2,15,8,10,368
UniRef100_UPI0003317216,3,14,11,368
UniRef100_A0A2H9PCK0,6,11,9,368
UniRef100_A0A2V9C145,18,12,9,368
UniRef100_A0A256WPJ3,8,9,8,368
UniRef100_Q8DML4,8,10,10,368
UniRef100_A0A0G1ZJR2,15,8,10,368
UniRef100_A0A131ZVS2,9,4,8,368
UniRef100_A0A1M5TGK3,18,11,12,368
UniRef100_A0A0L0NNQ4,6,16,8,368
UniRef100_UPI0007ECADE4,3,16,10,368
UniRef100_A0A5C3R3C6,6,8,9,368
UniRef100_UPI000CDF8346,6,6,7,368
UniRef100_A0A146I1F3,5,9,8,368
UniRef100_A9UQG8,5,8,8,368
UniRef100_A0A2C5XBU5,3,14,7,368
UniRef100_A0A0G1PHE0,17,8,10,368
UniRef100_UPI000497EB98,15,6,10,368
UniRef100_A0A2P5FC04,4,9,9,368
UniRef100_UPI0009DE5FAF,14,6,10,368
UniRef100_A0A0L1KTD2,6,10,9,368
UniRef100_A0A287XAF9,4,13,8,368
UniRef100_A0A0G4MQM0,2,17,9,368
UniRef100_A0A177EKJ2,6,13,7,368
UniRef100_A0A1Y2E8X8,9,8,7,368
UniRef100_A0A4Q5P394,7,11,7,368
UniRef100_A0A1U8H361,11,4,10,368
UniRef100_A0A239KCX9,4,11,9,368
UniRef100_A0A3S8T467,12,5,9,368
UniRef100_A0A452J644,4,9,6,368
UniRef100_A0A4W6FBY0,3,12,10,368
UniRef100_A0A101I198,9,5,11,368
UniRef100_A0A0N0VFX4,6,6,8,368
UniRef100_A0A1U7ZBZ0,4,11,6,368
UniRef100_A0A1A9V147,4,10,8,368
UniRef100_A0A0L8GF11,6,14,9,368
UniRef100_A0A5C8UE63,6,6,7,368
UniRef100_A0A1D3D564,3,10,11,368
UniRef100_A0A4Q7DH50,5,9,9,368
UniRef100_L8HGJ8,17,8,7,368
UniRef100_A0A2D4BTW6,3,15,7,368
UniRef100_A0A4S4MMH8,9,5,9,368
UniRef100_UPI0007EF44FB,4,13,8,368
UniRef100_UPI0009E2DD8F,18,13,8,368
UniRef100_UPI000C9D949D,4,10,8,368
UniRef100_A0A0G0HFT5,5,12,8,368
UniRef100_H0ZIA7,16,5,10,368
UniRef100_H3GIP3,16,8,12,368
UniRef100_A0A369RR32,3,18,9,368
UniRef100_A0A1F8GWW5,18,11,11,368
UniRef100_K2EQE8,6,7,9,368
UniRef100_A0A1G1JS78,15,6,10,368
UniRef100_UPI0010931EEF,3,11,7,368
UniRef100_A0A316ZI80,6,13,9,368
UniRef100_A0A2J0KIS8,3,12,9,368
UniRef100_A0A0L7QUL7,11,5,8,368
UniRef100_A0A0F9ZTB5,4,12,8,368
UniRef100_A0A2E6RIC9,14,7,7,368
UniRef100_A0A523CVT9,3,7,8,368
UniRef100_U5HFD8,13,6,8,368
UniRef100_S9UTG0,3,11,9,368
UniRef100_A0A0S4JLR6,4,10,7,368
UniRef100_B1ZUP2,18,12,10,368
UniRef100_A0A358N686,6,12,10,368
UniRef100_A0A183VUE2,4,15,11,368
UniRef100_A0A0M9VMQ4,4,17,8,368
UniRef100_A0A2E5HXL3,6,5,8,368
UniRef100_A0A2R6CMV6,5,7,9,368
UniRef100_A0A1M6RT74,6,13,12,368
UniRef100_UPI000EA8B62D,6,9,9,368
UniRef100_UPI0010FAF4CA,4,10,8,368
UniRef100_A0A1J7GR19,5,8,9,368
UniRef100_A0A2A5X420,17,10,20,368
UniRef100_A0A1Z5J9X8,4,7,8,368
UniRef100_A0A5C7H8L9,4,7,7,368
UniRef100_UPI000644D16E,9,8,8,368
UniRef100_UPI00077E6227,8,5,8,368
UniRef100_A0A518SBQ4,8,7,8,368
UniRef100_UPI001263B719,6,8,11,368
UniRef100_UPI000C6F7D6F,4,13,8,368
UniRef100_A0A5J5CT76,14,6,7,368
UniRef100_A0A2P6PDM7,8,5,8,368
UniRef100_A0A1M5JYI8,5,13,7,368
UniRef100_Q9P9D2,6,7,7,368
UniRef100_A0A2I4H8Z0,6,9,7,368
UniRef100_UPI0009819268,7,12,7,368
UniRef100_A0A0G4GW95,9,4,9,368
UniRef100_A0A5J4ZNN0,5,15,12,368
UniRef100_C6XHH0,3,16,9,368
UniRef100_A0A177U169,4,18,10,368
UniRef100_A0A2H0T8N0,6,10,11,368
UniRef100_UPI0004F400E3,4,9,6,368
UniRef100_UPI000328D025,14,4,8,368
UniRef100_A0A3B9GH03,4,15,9,368
UniRef100_A0A084G4H3,6,13,8,368
UniRef100_A0A1E3PKW0,5,12,7,368
UniRef100_A0A2E8K565,4,7,10,368
UniRef100_A0A0G0HIT8,4,13,9,368
UniRef100_A3WVU2,10,6,7,368
UniRef100_A0A087SHA3,14,7,8,368
UniRef100_U1R1J8,4,12,7,368
UniRef100_A0A1Y2I7L9,9,6,9,368
UniRef100_A0A1S8ATB1,5,7,8,368
UniRef100_A0A150FWK3,16,7,7,368
UniRef100_A0A1R2AQF2,4,17,13,368
UniRef100_A0A287WZ40,11,5,8,368
UniRef100_A0A2I0AYK5,4,11,9,368
UniRef100_UPI00073FAD97,4,14,9,368
UniRef100_A0A1G2AUF9,4,15,9,368
UniRef100_G0W650,2,10,8,368
UniRef100_A0A1Q3CIE0,7,6,7,368
UniRef100_A0A2K1KGG1,2,10,8,368
UniRef100_UPI0003810ACE,2,12,12,368
UniRef100_A0A1Y2V253,8,8,10,368
UniRef100_H2AQA3,10,3,8,368
UniRef100_A0A2E3DYC0,2,12,8,368
UniRef100_A0A2P6PEF1,8,8,9,368
UniRef100_A0A2U1PR83,5,10,9,368
UniRef100_UPI000648B76C,4,11,7,368
UniRef100_A0A165HT44,3,17,11,368
UniRef100_A0A371WVD7,3,17,9,368
UniRef100_A0A0G0P1A5,13,6,9,368
UniRef100_A0A1F6TGB0,11,4,8,368
UniRef100_A0A2K6C0T0,4,10,9,368
UniRef100_A0A225VZ05,3,14,7,368
UniRef100_A0A5J4XHD5,3,13,6,368
UniRef100_A0A3N4IQU7,6,6,7,368
UniRef100_W5MEM4,4,11,9,368
UniRef100_A0A261XWJ8,6,15,8,368
UniRef100_UPI0011136074,6,13,7,368
UniRef100_A0A2N2ALN1,10,7,8,368
UniRef100_A0A402FDP0,6,8,9,368
UniRef100_A0A512U5S7,5,15,10,368
UniRef100_A0A0F7ZHX0,4,15,7,368
UniRef100_A0A2E5I8K2,4,9,8,368
UniRef100_A0A0E9NCC3,12,7,9,368
UniRef100_G0UVP2,2,9,11,368
UniRef100_A0A520M459,3,17,10,368
UniRef100_A0A3D4HHP8,3,12,11,368
UniRef100_A0A438BT54,3,13,6,368
UniRef100_F7WZL7,6,6,8,368
UniRef100_A0A176YKU9,5,15,11,368
UniRef100_A0A225YTS7,6,15,7,368
UniRef100_A0A091CX07,6,8,7,368
UniRef100_A0A539ERA4,10,5,9,368
UniRef100_UPI000F4E6D3B,3,12,9,368
UniRef100_A0A0G1DI82,12,6,8,368
UniRef100_J9IKY8,4,10,10,368
UniRef100_A0A1R2B5K9,6,14,9,368
UniRef100_A0A1B9F4C7,16,8,8,368
UniRef100_A0A257U7C1,5,16,10,368
UniRef100_A0A255RCW1,17,9,9,368
UniRef100_A0A0N5AIX5,3,12,6,368
UniRef100_UPI0012B66F20,7,6,8,368
UniRef100_A0A2W6AUQ3,17,10,8,368
UniRef100_A0A4Y7JKS9,7,10,7,368
UniRef100_UPI0010A58935,5,16,9,368
UniRef100_A0A3S9J7T8,14,8,12,368
UniRef100_A0A422N6E3,16,9,10,368
UniRef100_A0A1F7X9Z7,16,6,10,368
UniRef100_K2GDK0,5,13,8,368
UniRef100_A0A4W3ISG5,4,10,9,368
UniRef100_A0A0K3AMR1,6,14,9,368
UniRef100_UPI000D532D19,11,5,11,368
UniRef100_UPI001238D24E,5,10,8,368
UniRef100_A0A4D9CV51,6,16,13,368
UniRef100_A0A4S4EC03,4,12,7,368
UniRef100_A0A5B0M6D2,9,7,7,368
UniRef100_UPI00101B900A,6,12,9,368
UniRef100_UPI000644E0BB,7,11,8,368
UniRef100_W1PGZ7,5,14,8,368
UniRef100_A0A0G1L3C2,6,13,8,368
UniRef100_A0A2V5HXA0,6,5,11,368
UniRef100_A0A2E7WN70,16,8,14,368
UniRef100_A0A0L0H720,3,14,9,368
UniRef100_UPI00109F2DC6,4,16,10,368
UniRef100_A0A2E6NNI8,4,13,7,368
UniRef100_A0A078ATC2,16,5,9,368
UniRef100_UPI0012EE8668,5,11,8,368
UniRef100_A0A445A3I9,6,9,7,368
UniRef100_A0A1Y2B7K4,5,11,8,368
UniRef100_G1X1L5,8,6,8,368
UniRef100_D8M9W2,14,7,11,368
UniRef100_G8ZLG6,4,13,7,368
UniRef100_UPI000CED5CCD,7,11,8,368
UniRef100_A0A1Y2F3Z9,12,7,8,368
UniRef100_A0A5C7HPZ4,6,6,7,368
UniRef100_A0A2M6WKM9,6,12,8,368
UniRef100_A0A2E9BEX1,4,13,8,368
UniRef100_W3A6M5,10,6,9,368
UniRef100_A0A2P7YRW9,5,11,8,368
UniRef100_A0A150GJ04,7,7,8,368
UniRef100_A0A5N5KHN5,4,10,8,368
UniRef100_A0A425D0U5,18,9,8,368
UniRef100_A0A5M6D928,7,11,8,368
UniRef100_A0A1Q3B6R9,7,9,9,368
UniRef100_A0A0S8FYB8,17,10,9,368
UniRef100_UPI000D721E4E,13,5,12,368
UniRef100_UPI0011871C4B,14,4,10,368
UniRef100_A0A444YSV1,5,10,6,368
UniRef100_A0A4D8YKV3,2,14,7,368
UniRef100_A0A1Q9D8P5,6,9,9,368
UniRef100_A7NQM0,12,3,8,368
UniRef100_A0A0G1YG91,5,10,7,368
UniRef100_A0A1E4TRE3,6,11,8,368
UniRef100_A0A0C4F0H2,2,12,8,368
UniRef100_B8KRH5,15,6,8,368
UniRef100_A0A1G4K8N9,5,7,7,368
UniRef100_A0A2R6ISF8,6,10,9,368
UniRef100_UPI0003D6EDB7,16,7,7,368
UniRef100_A0A3M2SW08,9,6,8,368
UniRef100_A0A520TZ94,5,15,11,368
UniRef100_A0A0A0LJ30,15,6,9,368
UniRef100_A0A353B8L0,17,10,9,368
UniRef100_A0A1F6DR19,6,6,8,368
UniRef100_UPI0006B10311,3,18,8,368
UniRef100_H2ZV67,11,5,9,368
UniRef100_F0V3Q0,17,9,11,368
UniRef100_A0A4W3ISH0,7,13,8,368
UniRef100_A0A1H1QZZ8,11,8,12,368
UniRef100_A0A446SVX6,7,12,9,368
UniRef100_A0A3S3MY07,6,8,7,368
UniRef100_A0A518D2R5,11,5,9,368
UniRef100_A0A1F6V573,9,8,11,368
UniRef100_A0A166TJX8,4,9,7,368
UniRef100_A0A0S8GQP2,6,5,7,368
UniRef100_A0A1F4TM05,16,5,12,368
UniRef100_A0A397UIA2,18,12,10,368
UniRef100_A0A1W9SN06,4,13,12,368
UniRef100_C3YXT2,4,9,9,368
UniRef100_A0A168R8L4,9,6,8,368
UniRef100_A0A0R2V5W4,11,5,9,368
UniRef100_A0A4Q7VJS7,10,7,11,368
UniRef100_UPI00063F0F68,10,5,8,368
UniRef100_Q2GEB9,10,6,11,368
UniRef100_A0A0P1AEW8,5,15,9,368
UniRef100_A0A5D3B1U3,6,13,8,368
UniRef100_A0A0J6SBD2,15,8,8,368
UniRef100_A0A238F6R4,16,7,8,368
UniRef100_A0A399IES2,5,10,7,368
UniRef100_A0A4Z1P1D0,6,15,7,368
UniRef100_A0A5B8MZW8,4,13,9,368
UniRef100_A0A538LQA3,16,8,14,368
UniRef100_A0A380W6H5,3,16,9,368
UniRef100_UPI00118510FD,2,16,12,368
UniRef100_A0A1D8S2S4,4,12,9,368
UniRef100_UPI00097D254D,14,5,9,368
UniRef100_A0A3L6VMC1,6,5,12,368
UniRef100_A0A1Q3MVP5,5,13,8,368
UniRef100_K1RE28,3,14,10,368
UniRef100_A0A1V6UUG4,5,16,8,368
UniRef100_A0A1F8H846,14,7,9,368
UniRef100_UPI000388E3DD,5,5,7,368
UniRef100_A0A329SA53,3,13,11,368
UniRef100_UPI000D73837B,6,8,8,368
UniRef100_UPI000981D2BF,2,13,8,368
UniRef100_F0WE36,3,10,8,368
UniRef100_A0A504JGD5,8,10,8,368
UniRef100_A0A4U0XW06,3,14,7,368
UniRef100_A0A401GIL9,15,8,7,368
UniRef100_A0A1Q3E0J8,6,9,8,368
UniRef100_A0A2T4XFB6,9,9,7,368
UniRef100_UPI0003BBC8F5,6,14,9,368
UniRef100_L7MDI9,6,6,8,368
UniRef100_UPI0005D06B3C,9,4,11,368
UniRef100_UPI0006D4CB30,10,9,7,368
UniRef100_A0A5J4WZW5,15,8,10,368
UniRef100_A0A2T4GCP7,7,6,7,368
UniRef100_B5JL76,4,15,8,368
UniRef100_A0A0K9QQZ4,6,9,7,368
UniRef100_UPI001091BBDB,8,8,11,368
UniRef100_UPI00101C889D,4,15,8,368
UniRef100_A0A1G1Z535,7,12,10,368
UniRef100_A0A5B9P9P3,16,7,8,368
UniRef100_A0A1G1K6E4,14,4,7,368
UniRef100_A0A4U6BQB6,3,17,10,368
UniRef100_B7FYD8,5,10,7,368
UniRef100_A0A2R6CUD3,6,6,9,368
UniRef100_A0A1D1YPZ8,7,12,8,368
UniRef100_A0A3M1T337,10,5,9,368
UniRef100_A0A5B7BZT5,4,13,6,368
UniRef100_A0A1B0G5E1,6,8,8,368
UniRef100_A0A2P2JHG2,5,6,7,368
UniRef100_A0A3A5VUD3,6,9,7,368
UniRef100_A0A0G1MW51,5,6,8,368
UniRef100_A0A4R8IK74,14,7,9,368
UniRef100_A0A1U8A5H2,4,13,8,368
UniRef100_T0RZJ1,2,11,9,368
UniRef100_J9YVF3,13,5,7,368
UniRef100_W1PNV9,7,9,9,368
UniRef100_UPI00057B7C80,3,13,9,368
UniRef100_UPI000C9F4A05,3,13,8,368
UniRef100_UPI0010A446EC,5,11,9,368
UniRef100_A0A2H0X762,8,11,8,368
UniRef100_A0A1F7XBE1,15,6,9,368
UniRef100_A0A178EIR7,11,8,8,368
UniRef100_C5DRW2,8,7,8,368
UniRef100_A0A1S3A1N3,5,12,12,368
UniRef100_A0A0B3B1U7,2,12,9,368
UniRef100_UPI0012AC400E,18,13,11,368
UniRef100_A0A355DZ14,15,6,8,368
UniRef100_UPI0012AB5447,6,6,8,368
UniRef100_UPI000466F322,6,13,8,368
UniRef100_A0A2H0PGG3,4,15,8,368
UniRef100_UPI0004965B47,5,12,8,368
UniRef100_A0A1G2L802,17,8,8,368
UniRef100_UPI00106E240E,4,10,8,368
UniRef100_A0A484KDP8,4,11,6,368
UniRef100_A0A5J5DHG9,4,9,9,368
UniRef100_A0A429WZW6,2,13,8,368
UniRef100_A0A2I4E9V0,7,7,9,368
UniRef100_A0A1M3ISR4,8,5,8,368
UniRef100_A0A3B6CIE6,8,5,9,368
UniRef100_A0A4Z2DT40,4,12,9,368
UniRef100_G0UV94,8,5,11,368
UniRef100_A0A1F4ZUZ6,2,14,8,368
UniRef100_A0A165WP03,4,12,7,368
UniRef100_UPI0007EFB3E9,3,9,8,368
UniRef100_A0A2E0MV25,8,10,8,368
UniRef100_Q6NTU0,9,5,8,368
UniRef100_A0A1Y1WW73,7,9,7,368
UniRef100_A0A2H0WP36,6,6,7,368
UniRef100_A0A3B9ZFL9,5,5,8,368
UniRef100_A0A2G5D5F8,3,8,10,368
UniRef100_A0A2H3E8N4,5,14,8,368
UniRef100_UPI00068EC872,9,9,8,368
UniRef100_A0A5C1AQ21,16,7,8,368
UniRef100_A0A1F8C237,17,10,8,368
UniRef100_A0A2P9GIL5,5,9,9,368
UniRef100_A0A1F8B6E7,3,9,8,368
UniRef100_A0A2G8RR88,6,6,9,368
UniRef100_G0R0S1,17,9,8,368
UniRef100_A0A5E4IT30,11,4,7,368
UniRef100_A0A3A5W6E7,4,10,9,368
UniRef100_A0A3E1DZH8,15,7,8,368
UniRef100_A0A2U9CXE0,9,5,7,368
UniRef100_UPI0009EF25F7,5,12,9,368
UniRef100_A0A1F8B1Y8,13,6,8,368
UniRef100_A0A1U7Z6L1,7,7,11,368
UniRef100_A0A0D1CGU1,6,14,8,368
UniRef100_UPI000EAAB424,6,7,8,368
UniRef100_A0A2J0LIB7,5,13,8,368
UniRef100_A0A0E3Y814,19,14,8,368
UniRef100_A0A2T9YQM9,4,14,8,368
UniRef100_C1E4W0,7,9,6,368
UniRef100_A0A5J5DHT4,7,11,11,368
UniRef100_A0A1Q7BW79,8,10,9,368
UniRef100_A0A2H0HLS8,18,12,9,368
UniRef100_A0A3B0Y221,4,16,13,368
UniRef100_A0A1Q4DDT6,4,18,9,368
UniRef100_B4KAI4,8,5,8,368
UniRef100_A0A2A4RCR0,15,8,10,368
UniRef100_A0A103XRQ5,3,14,7,368
UniRef100_UPI000DF1CEDB,4,16,14,368
UniRef100_UPI0009821F8A,17,9,8,368
UniRef100_A0A5C5YXH7,6,15,9,368
UniRef100_A0A3B0YGY7,8,11,9,368
UniRef100_A0A420HU68,6,11,8,368
UniRef100_A0A2T0FK92,5,17,11,368
UniRef100_A0A2G6GDF5,6,14,9,368
UniRef100_A0A4D8YT54,2,17,10,368
UniRef100_A0A4S4LAN7,3,12,6,368
UniRef100_A0A0G2GRQ7,4,10,7,368
UniRef100_A0A078B215,12,4,8,368
UniRef100_W7A6X3,7,12,8,368
UniRef100_A0A1S4B5C7,4,10,10,368
UniRef100_A0A443HSS2,5,9,9,368
UniRef100_A0A4D8ZPF5,10,6,9,368
UniRef100_A0A3N6M5R5,5,10,7,368
UniRef100_A0A0N0P6I5,7,3,10,368
UniRef100_A0A451CZV7,6,4,12,368
UniRef100_UPI0011DFADDA,6,13,8,368
UniRef100_A0A434AY83,5,11,6,368
UniRef100_A0A1F3XY92,2,17,9,368
UniRef100_U3IHY9,4,13,8,368
UniRef100_A0A2W4MAX2,6,13,8,368
UniRef100_A0A2N9IWT0,10,4,7,368
UniRef100_A0A2E5B7S9,10,7,8,368
UniRef100_A0A2E3FJD5,4,14,12,368
UniRef100_A0A1F6S287,17,9,9,368
UniRef100_A0A2A4WB03,6,10,7,368
UniRef100_G0TS58,7,11,9,368
UniRef100_UPI00093AEB12,11,5,9,368
UniRef100_A0A4D9DEF1,15,5,10,368
UniRef100_A0A1Y1IJ11,5,14,9,368
UniRef100_A0A2K3D425,5,11,8,368
UniRef100_A0A0G1DXB7,10,6,11,368
UniRef100_A0A515KMK1,3,14,9,368
UniRef100_A0A1Z5JUL4,3,16,9,368
UniRef100_A0A165R109,8,7,8,368
UniRef100_A0A109UY30,2,17,7,368
UniRef100_A0A410Q6A5,18,11,9,368
UniRef100_A0A4Q1JNS3,5,15,8,368
UniRef100_A0A2M7AMN0,14,8,8,368
UniRef100_A0A2H0RC96,5,16,11,368
UniRef100_A0A158QRW7,6,11,10,368
UniRef100_A0A315V8Z6,5,10,7,368
UniRef100_P59429,5,7,8,368
UniRef100_D0N5H9,4,8,8,368
UniRef100_A0A1F4QSN6,13,6,9,368
UniRef100_A0A231GTA1,4,15,9,368
UniRef100_K3X7C4,5,17,11,368
UniRef100_A0A5B2Z8S2,5,9,10,368
UniRef100_A0A4U7KPH6,7,9,8,368
UniRef100_N1PN04,9,5,9,368
UniRef100_A0A1S3LUK2,11,5,7,368
UniRef100_A0A383VHU9,11,4,7,368
UniRef100_A0A060XKT6,3,13,8,368
UniRef100_A0A1F2WHY7,14,5,10,368
UniRef100_A0A2C6L5L7,5,14,8,368
UniRef100_A0A2H0V322,6,9,9,368
UniRef100_W4Y4X5,6,12,10,368
UniRef100_A0A0S2HUF4,18,11,13,368
UniRef100_A0A369CGE4,11,7,8,368
UniRef100_A0A0V0HQ05,6,8,7,368
UniRef100_A0A0Y9VQ77,4,17,10,368
UniRef100_A0A4D9DX49,4,14,12,368
UniRef100_A0A2P6TPA1,6,6,7,368
UniRef100_UPI0009E58944,4,8,7,368
UniRef100_A0A2W4RB23,5,7,7,368
UniRef100_A0A1C5H4H6,6,12,8,368
UniRef100_UPI00083E549B,6,15,11,368
UniRef100_A0A5C8SSE5,6,8,9,368
UniRef100_A0A0C9RR25,15,6,8,368
UniRef100_A0A0T5ZYG5,15,8,11,368
UniRef100_A0A0F9F9D7,4,12,7,368
UniRef100_UPI000D73141A,7,13,10,368
UniRef100_A0A2N5TTJ6,11,8,6,368
UniRef100_C1E6M5,4,15,9,368
UniRef100_UPI0011DF5899,2,17,8,368
UniRef100_A0A2E0LAF9,6,9,7,368
UniRef100_A0A2M7RIP4,4,9,10,368
UniRef100_A0A0S4IL27,5,8,12,368
UniRef100_S6E0K8,13,3,9,368
UniRef100_A0A1Q7I6A4,13,6,7,368
UniRef100_UPI0009E4E012,5,11,8,368
UniRef100_A0A0D2VFG5,16,5,9,368
UniRef100_X1Z7B7,12,6,9,368
UniRef100_A0A2G7CQU8,8,5,8,368
UniRef100_A0A1H5TYF9,7,4,11,368
UniRef100_A0A1G1N836,8,7,6,368
UniRef100_A0A4R6IG13,11,5,9,368
UniRef100_A0A3S7XCD4,5,6,8,368
UniRef100_A0A376B1N3,4,17,7,368
UniRef100_S9VG07,5,7,7,368
UniRef100_A0A0C9YZF1,4,12,7,368
UniRef100_A0A225X720,5,15,7,368
UniRef100_A0A1B9HVX6,3,14,7,368
UniRef100_A0A1L0DZ84,7,7,9,368
UniRef100_A0A0F6YI94,5,15,8,368
UniRef100_UPI0007637845,7,6,8,368
UniRef100_A0A1G8JH12,4,11,8,368
UniRef100_UPI00077DCE85,4,10,9,368
UniRef100_H2ZLZ5,5,12,8,368
UniRef100_A0A2E7HNJ7,4,16,8,368
UniRef100_A0A1F7UY23,9,5,9,368
UniRef100_A0A538N3R8,7,10,8,368
UniRef100_UPI0007B3FF55,6,13,8,368
UniRef100_A0A2N2XNA3,16,5,9,368
UniRef100_A0A2J6WDP4,13,4,7,368
UniRef100_A0A1F6WXI3,16,8,9,368
UniRef100_A0A150ZZ54,4,18,7,368
UniRef100_A0A1V5R4D6,6,6,8,368
UniRef100_A0A0H4T973,5,10,7,368
UniRef100_A0A1F6R8B6,4,14,9,368
UniRef100_A0A2D7WPT7,7,12,11,368
UniRef100_M4V9N6,4,15,8,368
UniRef100_A0A522YTJ6,4,10,8,368
UniRef100_A0A3M1V8X2,2,9,19,368
UniRef100_UPI00102E18ED,3,11,7,368
UniRef100_A0A507QQ84,16,8,9,368
UniRef100_A0A317XGH8,4,15,8,368
UniRef100_Q7UXV7,11,6,8,368
UniRef100_A0A1B7UXE3,8,9,8,368
UniRef100_UPI0010AB7EC3,4,15,9,368
UniRef100_A0A523TB58,8,10,7,368
UniRef100_A0A554L0T5,10,6,7,368
UniRef100_A0A2D6Q776,7,7,7,368
UniRef100_A0A2M7URT5,3,10,10,368
UniRef100_A0A2D8SZ21,5,15,8,368
UniRef100_A0A565BSA4,4,13,7,368
UniRef100_A0A0E0EGZ0,10,5,9,368
UniRef100_A0A2D6IJF8,8,7,9,368
UniRef100_A0A2E6W2S3,11,4,8,368
UniRef100_A0A517Y005,11,8,8,368
UniRef100_S9VMT4,16,5,8,368
UniRef100_A0A4D6HDX8,5,13,6,368
UniRef100_A5UUN9,5,10,9,368
UniRef100_A0A2E2HFZ6,2,14,12,368
UniRef100_R4VT75,3,12,8,368
UniRef100_G3AVR9,5,7,7,368
UniRef100_UPI000F5C9D07,5,12,8,368
UniRef100_A0A3M2LFS9,7,11,8,368
UniRef100_A0A067NZL7,8,11,7,368
UniRef100_A0A5J4YX33,6,9,6,368
UniRef100_UPI00042C9E5A,5,5,7,368
UniRef100_A0A1F4UJR7,5,16,9,368
UniRef100_UPI000510A132,3,17,7,368
UniRef100_A0A1E4TCT0,6,8,13,368
UniRef100_UPI00123E5165,3,17,12,368
UniRef100_B5JNS5,17,10,11,368
UniRef100_Q6C0A1,14,8,9,368
UniRef100_A0A0G1WVZ1,5,13,8,368
UniRef100_UPI000DBC5154,5,15,9,368
UniRef100_UPI00077EBBCB,7,13,7,368
UniRef100_A0A2D4BUF1,8,11,8,368
UniRef100_W5UT73,3,13,8,368
UniRef100_UPI0007341E7D,6,5,7,368
UniRef100_A0A1R2AXE7,3,8,14,368
UniRef100_D3BMQ2,11,7,11,368
UniRef100_A0A1V6IXL5,15,6,10,368
UniRef100_A0A0G4FL24,8,10,12,368
UniRef100_W6L1G4,6,10,8,368
UniRef100_A0A200QR19,7,9,7,368
UniRef100_A0A1U8KVQ6,4,12,8,368
UniRef100_A0BV20,3,12,8,368
UniRef100_A0A2M7S9H7,13,6,12,368
UniRef100_A0A3P7CEI6,5,13,8,368
UniRef100_A0A1V6HMN7,11,7,10,368
UniRef100_UPI000677A55D,6,11,8,368
UniRef100_UPI000771174F,12,6,8,368
UniRef100_A0A451D494,12,6,8,368
UniRef100_A0A535ECH5,7,10,8,368
UniRef100_A0A397IYJ6,14,7,9,368
UniRef100_UPI0009E48955,6,8,9,368
UniRef100_H0TKB2,3,15,9,368
UniRef100_A0A365H9M8,4,8,9,368
UniRef100_A0A147K0S6,4,10,9,368
UniRef100_X6MTL2,6,6,7,368
UniRef100_A0A3M1WSU1,8,9,8,368
UniRef100_A0A1A8QTY3,4,9,7,368
UniRef100_UPI001245AF12,4,17,7,368
UniRef100_D8LDL6,7,9,8,368
UniRef100_A0A4R4SBB1,12,5,7,368
UniRef100_A0A4P5S946,12,6,9,368
UniRef100_A0A1D2N7M2,5,8,7,368
UniRef100_U6B651,5,15,7,368
UniRef100_A0A1Y2FKY4,8,8,8,368
UniRef100_A0A0G0LH46,14,7,7,368
UniRef100_A0A1H3UZV9,9,10,8,368
UniRef100_UPI0006446489,4,17,8,368
UniRef100_K2BBI8,7,13,8,368
UniRef100_UPI0004F03C3A,4,14,6,368
UniRef100_A0A2J7VZE5,2,12,9,368
UniRef100_UPI0005239B62,4,11,9,368
UniRef100_A0A1G2QPE4,4,12,9,368
UniRef100_A0A3C1PQV8,3,12,9,368
UniRef100_A0A2M7RL78,8,10,8,368
UniRef100_A0A2N5Z934,18,9,11,368
UniRef100_UPI000CCC5A88,4,9,8,368
UniRef100_A0A1F5FHQ8,6,15,9,368
UniRef100_A0A1S2XGC7,7,10,8,368
UniRef100_UPI000C1D2013,4,17,7,368
UniRef100_A0A0M0K281,3,11,11,368
UniRef100_UPI0007383FD7,14,4,7,368
UniRef100_UPI0012649EC8,2,17,7,368
UniRef100_A0A2V0NND8,4,15,8,368
UniRef100_A0A0S7HYE9,3,12,10,368
UniRef100_D7BK89,8,8,9,368
UniRef100_A0A3R7CX25,4,11,8,368
UniRef100_A0A2V9A322,7,7,6,368
UniRef100_A0A2H9LIW5,6,11,8,368
UniRef100_A0A452TSL6,6,7,7,368
UniRef100_A0A5D6Y2G6,4,10,10,368
UniRef100_A0A0S7Y674,18,14,9,368
UniRef100_UPI0011D00293,3,9,11,368
UniRef100_A0A062WW89,15,7,10,368
UniRef100_A0A2R6HKX3,6,5,8,368
UniRef100_A0A423W7N7,17,8,8,368
UniRef100_A0A0C9S7M6,11,3,7,368
UniRef100_A0A2G8LEL9,5,15,11,368
UniRef100_A0A1L9GVR9,17,6,8,368
UniRef100_A0A1A9WSF3,6,8,9,368
UniRef100_F2US04,14,7,9,368
UniRef100_A0A2M7H3T3,7,5,9,368
UniRef100_F6ZYP3,3,17,7,368
UniRef100_A0A5E4FD77,8,9,11,368
UniRef100_A0A1L3KS58,8,6,7,368
UniRef100_A0A535UXM2,11,7,10,368
UniRef100_A0A0G0F2D6,4,9,7,368
UniRef100_A0A1V5WRQ3,4,17,8,368
UniRef100_W0J8W0,5,15,11,368
UniRef100_UPI00032B1314,4,16,9,368
UniRef100_A0A4V1ISU8,4,16,8,368
UniRef100_A0A2V9J4T8,7,10,9,368
UniRef100_A0A197JU24,17,9,11,368
UniRef100_A0A5J5LGM8,7,7,9,368
UniRef100_A0A2I0MC83,14,5,8,368
UniRef100_UPI001292EDD3,3,14,8,368
UniRef100_A0A3B4UEN3,6,14,12,368
UniRef100_A0A0G1C629,4,7,8,368
UniRef100_A0A1C3P5A7,14,7,9,368
UniRef100_R7YQI1,5,10,8,368
UniRef100_A0A0L6VNG9,6,6,9,368
UniRef100_A0A1Q3B8X4,4,16,8,368
UniRef100_A0A139AT90,5,7,7,368
UniRef100_UPI000614B040,14,8,9,368
UniRef100_A0A485LM21,2,9,7,368
UniRef100_A0A127JU76,2,13,13,368
UniRef100_UPI0011E57C86,9,8,7,368
UniRef100_A0A496TDH4,8,7,7,368
UniRef100_G0U5Q0,9,5,9,368
UniRef100_A0A2E2HKP6,9,8,11,368
UniRef100_A0A0G0UQX3,14,5,8,368
UniRef100_UPI0011E4F6A0,5,5,9,368
UniRef100_A0A4S2RQ28,7,10,9,368
UniRef100_A0A1Y2GEP2,15,6,10,368
UniRef100_W6KRW6,15,5,8,368
UniRef100_A0A1F4S6Z4,10,7,10,368
UniRef100_A0A4D9CWJ8,18,11,13,368
UniRef100_UPI0003F87EC9,3,13,8,368
UniRef100_A0A5C8RXX1,4,17,8,368
UniRef100_M0U2Z3,7,11,10,368
UniRef100_A0A2M6WHT0,17,9,10,368
UniRef100_A0A0G0AXZ3,8,7,7,368
UniRef100_UPI0007A4E9AF,3,15,8,368
UniRef100_A0A287TE48,10,8,6,368
UniRef100_A0A0G3I1R5,17,8,10,368
UniRef100_A0A2P6TZJ4,9,6,10,368
UniRef100_A0A3B1B731,10,8,8,368
UniRef100_A0A1S4B9K7,18,9,9,368
UniRef100_A0A4D8Y4G6,18,9,6,368
UniRef100_UPI000EFD97D1,6,10,10,368
UniRef100_UPI0003F177C5,4,10,8,368
UniRef100_UPI000B98151F,5,14,12,368
UniRef100_UPI000750009D,5,10,11,368
UniRef100_UPI000C039D67,8,4,9,368
UniRef100_M8A3K2,5,13,7,368
UniRef100_A0A536EV81,8,7,8,368
UniRef100_A0A2D7F443,5,16,7,368
UniRef100_UPI0012496280,5,15,10,368
UniRef100_A0A554I8Y4,10,5,8,368
UniRef100_UPI00128CCD82,3,12,11,368
UniRef100_B4JG80,13,5,10,368
UniRef100_A0A136LZ58,11,3,7,368
UniRef100_UPI00039A7592,8,9,8,368
UniRef100_A0A0F9ASK7,4,11,7,368
UniRef100_E9AXX1,2,12,7,368
UniRef100_A0A3M0W4U8,4,7,6,368
UniRef100_A0A2H0Y9W3,5,15,9,368
UniRef100_UPI0010FBAA9B,7,7,9,368
UniRef100_A0A2K2CYE7,5,7,7,368
UniRef100_UPI000DDA7ACB,5,8,8,368
UniRef100_A0A087T3B7,3,13,8,368
UniRef100_A0A2M6WGC3,3,15,8,368
UniRef100_A0A4R1D5W0,4,13,8,368
UniRef100_A0A3S3RAE6,3,13,8,368
UniRef100_A0A1K0HFA2,6,8,7,368
UniRef100_A0A5A7PLR2,4,10,7,368
UniRef100_A0A1B0G5E0,8,5,8,368
UniRef100_C5FTB5,4,10,8,368
UniRef100_UPI000718C949,16,6,8,368
UniRef100_A0A183QHA5,4,10,7,368
UniRef100_K3YGJ8,3,8,6,368
UniRef100_S7QF77,4,10,8,368
UniRef100_UPI000CDFD57E,4,14,9,368
UniRef100_A7RYZ3,3,16,12,368
UniRef100_A0A5B6ZB16,3,15,7,368
UniRef100_A0E8H8,4,9,7,368
UniRef100_A0A022RET8,5,11,7,368
UniRef100_A0A167XBL0,8,7,8,368
UniRef100_A0A150H3N4,4,9,7,368
UniRef100_A0A067M7H4,3,15,7,368
UniRef100_A0A1J1IAX9,6,13,9,368
UniRef100_A0A554JAM4,14,6,9,368
UniRef100_A0LQ35,7,11,8,368
UniRef100_A0A1S3C4S3,14,5,7,368
UniRef100_A0A0W0YL15,3,10,7,368
UniRef100_A0A4V2K679,5,12,7,368
UniRef100_A0A0G1FIF4,14,8,13,368
UniRef100_A0A2R6FDV4,4,10,8,368
UniRef100_UPI00053F991C,3,11,7,368
UniRef100_A0A2I0ACI7,7,12,9,368
UniRef100_UPI0010FA8BAB,6,10,9,368
UniRef100_A0A2H0LBB4,7,9,9,368
UniRef100_J9IK74,17,9,10,368
UniRef100_UPI0007DB7C67,3,7,8,368
UniRef100_L9JTG1,6,6,8,368
UniRef100_A0A5C5FPW8,8,7,10,368
UniRef100_A0A097SSA5,15,6,9,368
UniRef100_A0A1Q7Q897,14,5,11,368
UniRef100_A0A2R6P959,4,7,7,368
UniRef100_A0A0S4IL79,3,18,10,368
UniRef100_A0A316JGR1,3,16,6,368
UniRef100_A0A2V1B1T1,6,8,7,368
UniRef100_A0A434AYV2,6,9,10,368
UniRef100_A0A1F8T4Y7,16,9,10,368
UniRef100_A0A5D6Y1S8,6,15,12,368
UniRef100_A0A1H6RUI5,6,11,8,368
UniRef100_A0A5E4MV27,2,12,9,368
UniRef100_A0A196SCE5,14,6,11,368
UniRef100_E9AVA9,15,6,9,368
UniRef100_A0A3L6LDU4,8,8,8,368
UniRef100_A0A2I7N9Q1,3,11,8,368
UniRef100_A0A516JCI4,4,16,9,368
UniRef100_G4TM32,3,18,8,368
UniRef100_UPI000D53A57B,4,13,7,368
UniRef100_UPI001036AC3B,4,10,7,368
UniRef100_A0A101HS28,9,3,6,368
UniRef100_A0A2E2WU20,4,14,10,368
UniRef100_UPI000EF74121,4,10,9,368
UniRef100_A0A024U5C9,5,7,9,368
UniRef100_A0A2N2ZTB5,4,15,8,368
UniRef100_A0A1J5HLM5,4,18,16,368
UniRef100_UPI00071A1C20,3,13,6,368
UniRef100_A0A3M0ZP50,14,6,9,368
UniRef100_A0A2H0USI4,18,9,11,368
UniRef100_A0A2A9P2B8,9,7,7,368
UniRef100_A0A5C2SR73,6,9,7,368
UniRef100_A0A3C0QHU0,4,10,11,368
UniRef100_A0A535V3A7,16,7,11,368
UniRef100_A0A3B0X7K9,7,10,7,368
UniRef100_A0A0G4J707,5,10,7,368
UniRef100_A0A2N5YVW7,3,14,8,368
UniRef100_A0A5C0UGY0,4,10,7,368
UniRef100_K2BYW3,14,6,9,368
UniRef100_A0A323UJ70,5,12,8,368
UniRef100_A0A1X7VQ59,4,10,8,368
UniRef100_A0A163V173,16,5,11,368
UniRef100_R7W5Z8,6,11,8,368
UniRef100_A0A2V8ZGG2,14,8,8,368
UniRef100_A0A0G0JV59,3,18,8,368
UniRef100_A0A432H0Y6,4,13,9,368
UniRef100_UPI000359419F,6,12,9,368
UniRef100_S9VBQ3,11,5,8,368
UniRef100_G7L1P0,2,13,7,368
UniRef100_A0A1G2D1C3,7,12,9,368
UniRef100_A0A397B0B5,7,3,9,368
UniRef100_UPI0001745800,6,8,11,368
UniRef100_A0A068WGQ1,2,11,7,368
UniRef100_A0A1C6TD37,3,8,9,368
UniRef100_E1ZJ63,16,7,8,368
UniRef100_A0A2P5DFX3,2,14,8,368
UniRef100_A0A1S3U552,5,8,8,368
UniRef100_A0A370TE73,11,8,9,368
